timestamp,mig_mem_used_mib,mig_mem_total_mib,mig_mem_used_pct,gpu_power_draw_w,gpu_temp_c,sys_cpu_util_pct,sys_ram_used_mib,sys_ram_total_mib,sys_ram_used_pct,sys_load_1min
2026-08-29T13:23:03,36606,40192,91.1,56.10,44,9.5,91391,515804,17.7,44.40
2026-08-29T13:23:09,36606,40192,91.1,56.62,44,16.8,108379,515804,21.0,41.72
2026-08-29T13:23:14,36606,40192,91.1,77.74,45,8.4,92430,515804,17.9,39.26
2026-08-29T13:23:20,36606,40192,91.1,63.82,44,21.9,96883,515804,18.8,35.60
2026-08-29T13:23:25,36606,40192,91.1,74.81,45,16.8,107326,515804,20.8,33.71
2026-08-29T13:23:31,36606,40192,91.1,175.00,49,12.8,93555,515804,18.1,31.97
2026-08-29T13:23:36,36606,40192,91.1,176.58,49,20.8,97046,515804,18.8,30.69
2026-08-29T13:23:41,36606,40192,91.1,180.93,49,8.8,89202,515804,17.3,29.43
2026-08-29T13:23:47,36606,40192,91.1,179.83,49,17.2,90068,515804,17.5,28.20
2026-08-29T13:23:52,36606,40192,91.1,180.93,49,18.6,100225,515804,19.4,27.22
2026-08-29T13:23:58,36606,40192,91.1,179.59,49,8.7,90372,515804,17.5,25.84
2026-08-29T13:24:03,36606,40192,91.1,90.84,46,17.2,91286,515804,17.7,24.73
2026-08-29T13:24:09,36606,40192,91.1,177.40,49,18.7,101538,515804,19.7,23.55
2026-08-29T13:24:14,36606,40192,91.1,179.30,49,9.1,92281,515804,17.9,22.87
2026-08-29T13:24:19,36606,40192,91.1,175.77,49,17.2,92248,515804,17.9,21.92
2026-08-29T13:24:25,36606,40192,91.1,175.53,49,19.4,105226,515804,20.4,20.24
2026-08-29T13:24:30,36606,40192,91.1,176.38,49,8.6,93521,515804,18.1,19.50
2026-08-29T13:24:36,36606,40192,91.1,177.11,49,17.7,92332,515804,17.9,18.82
2026-08-29T13:24:41,36606,40192,91.1,83.59,47,19.7,110775,515804,21.5,18.28
2026-08-29T13:24:46,36606,40192,91.1,183.26,49,10.5,94154,515804,18.3,17.93
2026-08-29T13:24:52,36606,40192,91.1,179.51,49,19.7,94610,515804,18.3,17.62
2026-08-29T13:24:57,36606,40192,91.1,156.00,49,19.5,109204,515804,21.2,17.17
2026-08-29T13:25:03,36606,40192,91.1,181.91,49,8.6,90481,515804,17.5,16.67
2026-08-29T13:25:08,36606,40192,91.1,180.40,49,16.8,93597,515804,18.1,16.22
2026-08-29T13:25:14,36606,40192,91.1,179.59,49,14.4,100001,515804,19.4,15.72
2026-08-29T13:25:19,36606,40192,91.1,87.62,48,13.0,91661,515804,17.8,15.34
2026-08-29T13:25:25,36606,40192,91.1,180.40,49,16.9,99643,515804,19.3,14.76
2026-08-29T13:25:30,36606,40192,91.1,81.19,47,9.0,90625,515804,17.6,14.62
2026-08-29T13:25:36,36606,40192,91.1,175.57,49,18.6,92729,515804,18.0,14.25
2026-08-29T13:25:41,36606,40192,91.1,98.04,48,17.1,101618,515804,19.7,13.91
2026-08-29T13:25:46,36606,40192,91.1,176.14,49,9.1,91551,515804,17.7,13.68
2026-08-29T13:25:52,36606,40192,91.1,178.74,50,19.2,93505,515804,18.1,13.46
2026-08-29T13:25:57,36606,40192,91.1,181.91,49,17.7,102324,515804,19.8,13.42
2026-08-29T13:26:03,36606,40192,91.1,178.77,50,9.3,93297,515804,18.1,13.63
2026-08-29T13:26:08,36606,40192,91.1,178.01,49,21.0,94166,515804,18.3,13.90
2026-08-29T13:26:14,36606,40192,91.1,175.00,49,18.8,102075,515804,19.8,14.23
2026-08-29T13:26:19,36606,40192,91.1,175.77,50,8.6,89743,515804,17.4,13.89
2026-08-29T13:26:24,36606,40192,91.1,176.58,50,18.6,90674,515804,17.6,13.58
2026-08-29T13:26:30,36606,40192,91.1,180.93,49,17.5,107864,515804,20.9,13.11
2026-08-29T13:26:35,36606,40192,91.1,176.88,50,8.5,90908,515804,17.6,12.94
2026-08-29T13:26:41,36606,40192,91.1,88.15,46,18.5,93955,515804,18.2,13.51
2026-08-29T13:26:46,36606,40192,91.1,175.00,49,16.9,110478,515804,21.4,13.22
2026-08-29T13:26:52,36606,40192,91.1,182.20,50,9.1,91953,515804,17.8,13.05
2026-08-29T13:26:57,36606,40192,91.1,176.67,50,18.7,99879,515804,19.4,23.37
2026-08-29T13:27:02,36606,40192,91.1,174.27,49,13.0,102104,515804,19.8,22.38
2026-08-29T13:27:08,36606,40192,91.1,182.20,50,13.0,93021,515804,18.0,21.39
2026-08-29T13:27:13,36606,40192,91.1,175.24,50,19.3,102374,515804,19.8,20.72
2026-08-29T13:27:19,36606,40192,91.1,178.98,50,9.6,92794,515804,18.0,19.94
2026-08-29T13:27:24,36606,40192,91.1,181.91,50,17.1,93547,515804,18.1,28.63
2026-08-29T13:27:31,36606,40192,91.1,180.86,50,21.3,96065,515804,18.6,27.14
2026-08-29T13:27:36,36606,40192,91.1,75.34,47,17.7,108427,515804,21.0,25.84
2026-08-29T13:27:42,36606,40192,91.1,178.77,50,8.8,89927,515804,17.4,24.90
2026-08-29T13:27:47,36606,40192,91.1,90.55,47,18.5,96528,515804,18.7,34.11
2026-08-29T13:27:53,36606,40192,91.1,174.27,49,12.9,100185,515804,19.4,32.26
2026-08-29T13:27:58,36606,40192,91.1,180.62,50,12.8,91124,515804,17.7,30.56
2026-08-29T13:28:04,36606,40192,91.1,177.40,50,18.7,101299,515804,19.6,29.15
2026-08-29T13:28:09,36606,40192,91.1,177.19,50,15.6,104753,515804,20.3,26.60
2026-08-29T13:28:16,36606,40192,91.1,181.67,50,8.7,92260,515804,17.9,25.43
2026-08-29T13:28:21,36606,40192,91.1,179.59,50,19.0,92040,515804,17.8,24.44
2026-08-29T13:28:27,36606,40192,91.1,76.92,46,16.8,109500,515804,21.2,23.44
2026-08-29T13:28:32,36606,40192,91.1,179.27,50,9.3,93061,515804,18.0,22.76
2026-08-29T13:28:38,36606,40192,91.1,178.74,50,19.3,95466,515804,18.5,32.07
2026-08-29T13:28:43,36606,40192,91.1,174.51,49,18.0,112609,515804,21.8,30.38
2026-08-29T13:28:49,36606,40192,91.1,175.85,50,11.4,93526,515804,18.1,29.07
2026-08-29T13:28:54,36606,40192,91.1,181.46,50,19.0,94465,515804,18.3,27.87
2026-08-29T13:29:00,36606,40192,91.1,177.93,49,12.8,99059,515804,19.2,35.52
2026-08-29T13:29:05,36606,40192,91.1,181.91,50,13.1,90332,515804,17.5,33.64
2026-08-29T13:29:11,36606,40192,91.1,178.46,50,18.7,100407,515804,19.5,31.83
2026-08-29T13:29:16,36606,40192,91.1,181.14,50,8.6,90644,515804,17.6,30.48
2026-08-29T13:29:22,36606,40192,91.1,180.62,50,17.1,91610,515804,17.8,28.92
2026-08-29T13:29:27,36606,40192,91.1,178.53,50,19.0,101502,515804,19.7,27.72
2026-08-29T13:29:32,36606,40192,91.1,176.88,50,8.7,91689,515804,17.8,26.46
2026-08-29T13:29:38,36606,40192,91.1,177.19,50,17.1,92528,515804,17.9,25.14
2026-08-29T13:29:43,36606,40192,91.1,181.46,50,19.2,103203,515804,20.0,24.01
2026-08-29T13:29:49,36606,40192,91.1,180.40,50,9.2,93860,515804,18.2,22.97
2026-08-29T13:29:54,36606,40192,91.1,182.72,50,17.7,93001,515804,18.0,22.01
2026-08-29T13:30:00,36606,40192,91.1,180.64,49,19.4,109857,515804,21.3,21.13
2026-08-29T13:30:05,36606,40192,91.1,176.88,50,11.3,94924,515804,18.4,19.95
2026-08-29T13:30:10,36606,40192,91.1,182.51,49,18.2,89812,515804,17.4,19.23
2026-08-29T13:30:16,36606,40192,91.1,159.21,50,18.6,110630,515804,21.4,18.50
2026-08-29T13:30:21,36606,40192,91.1,177.43,50,8.7,92210,515804,17.9,17.97
2026-08-29T13:30:27,36606,40192,91.1,177.64,50,17.1,96366,515804,18.7,17.50
2026-08-29T13:30:32,36606,40192,91.1,178.25,50,14.5,101887,515804,19.8,16.90
2026-08-29T13:30:38,36606,40192,91.1,182.51,50,12.9,92214,515804,17.9,16.42
2026-08-29T13:30:43,36606,40192,91.1,178.98,50,17.5,98572,515804,19.1,16.07
2026-08-29T13:30:49,36606,40192,91.1,83.35,48,8.7,90749,515804,17.6,15.66
2026-08-29T13:30:54,36606,40192,91.1,180.86,50,18.6,93027,515804,18.0,15.29
2026-08-29T13:31:00,36606,40192,91.1,180.32,49,17.5,101617,515804,19.7,15.03
2026-08-29T13:31:05,36606,40192,91.1,178.25,50,9.1,91778,515804,17.8,14.97
2026-08-29T13:31:11,36606,40192,91.1,74.52,46,18.7,93654,515804,18.2,15.13
2026-08-29T13:31:16,36606,40192,91.1,178.53,50,18.1,102438,515804,19.9,18.72
2026-08-29T13:31:22,36606,40192,91.1,174.48,50,11.1,92488,515804,17.9,18.66
2026-08-29T13:31:27,36606,40192,91.1,182.72,50,20.5,89785,515804,17.4,18.61
2026-08-29T13:31:33,36606,40192,91.1,180.40,50,17.2,98986,515804,19.2,18.00
2026-08-29T13:31:38,36606,40192,91.1,175.24,50,8.6,90185,515804,17.5,17.52
2026-08-29T13:31:44,36606,40192,91.1,180.32,50,19.0,90135,515804,17.5,27.33
2026-08-29T13:31:49,36606,40192,91.1,176.34,50,17.2,106170,515804,20.6,25.94
2026-08-29T13:31:54,36606,40192,91.1,78.55,48,8.6,91228,515804,17.7,24.82
2026-08-29T13:32:00,36606,40192,91.1,179.80,50,18.8,94717,515804,18.4,23.88
2026-08-29T13:32:05,36606,40192,91.1,173.98,50,17.0,109335,515804,21.2,32.61
2026-08-29T13:32:11,36606,40192,91.1,177.11,50,8.5,92236,515804,17.9,30.88
2026-08-29T13:32:16,36606,40192,91.1,177.93,50,19.3,97058,515804,18.8,29.21
2026-08-29T13:32:22,36606,40192,91.1,174.48,50,12.9,101874,515804,19.8,27.67
2026-08-29T13:32:27,36606,40192,91.1,178.46,50,13.7,92992,515804,18.0,26.33
2026-08-29T13:32:33,36606,40192,91.1,174.18,50,19.4,101953,515804,19.8,25.27
2026-08-29T13:32:38,36606,40192,91.1,180.04,50,9.9,92881,515804,18.0,24.04
2026-08-29T13:32:43,36606,40192,91.1,179.59,50,19.6,93530,515804,18.1,23.48
2026-08-29T13:32:49,36606,40192,91.1,180.62,50,19.5,99151,515804,19.2,22.56
2026-08-29T13:32:54,36606,40192,91.1,80.14,48,8.6,90254,515804,17.5,22.03
2026-08-29T13:33:00,36606,40192,91.1,179.83,50,17.2,90279,515804,17.5,21.23
2026-08-29T13:33:05,36606,40192,91.1,173.17,50,18.6,102291,515804,19.8,19.74
2026-08-29T13:33:11,36606,40192,91.1,175.03,50,8.6,91737,515804,17.8,19.12
2026-08-29T13:33:16,36606,40192,91.1,178.53,50,17.1,90855,515804,17.6,18.71
2026-08-29T13:33:22,36606,40192,91.1,82.82,48,19.5,108111,515804,21.0,18.17
2026-08-29T13:33:27,36606,40192,91.1,179.59,50,8.6,92670,515804,18.0,17.76
2026-08-29T13:33:32,36606,40192,91.1,176.34,50,17.1,92791,515804,18.0,17.22
2026-08-29T13:33:38,36606,40192,91.1,166.26,50,19.2,112383,515804,21.8,16.80
2026-08-29T13:33:43,36606,40192,91.1,180.04,50,9.3,93389,515804,18.1,16.26
2026-08-29T13:33:49,36606,40192,91.1,176.88,50,17.6,97012,515804,18.8,15.83
2026-08-29T13:33:54,36606,40192,91.1,161.61,50,15.4,105031,515804,20.4,15.53
2026-08-29T13:34:00,36606,40192,91.1,178.98,50,14.9,94001,515804,18.2,15.73
2026-08-29T13:34:05,36606,40192,91.1,176.34,50,18.4,96554,515804,18.7,15.37
2026-08-29T13:34:11,36606,40192,91.1,78.55,46,16.8,106781,515804,20.7,15.34
2026-08-29T13:34:17,36606,40192,91.1,178.25,50,8.9,90831,515804,17.6,14.91
2026-08-29T13:34:23,36606,40192,91.1,181.67,50,17.2,92312,515804,17.9,14.52
2026-08-29T13:34:28,36606,40192,91.1,170.15,50,15.9,105257,515804,20.4,14.23
2026-08-29T13:34:34,36606,40192,91.1,82.00,47,11.3,92057,515804,17.8,14.30
2026-08-29T13:34:39,36606,40192,91.1,178.77,50,15.7,91555,515804,17.7,14.19
2026-08-29T13:34:46,36606,40192,91.1,182.20,50,8.4,90796,515804,17.6,14.33
2026-08-29T13:34:51,36606,40192,91.1,180.86,50,9.1,91020,515804,17.6,14.07
2026-08-29T13:34:57,36606,40192,91.1,93.24,49,20.7,109254,515804,21.2,14.14
2026-08-29T13:35:02,36606,40192,91.1,182.27,50,19.4,123848,515804,24.0,13.89
2026-08-29T13:35:08,36606,40192,91.1,166.46,50,13.9,128317,515804,24.9,13.58
2026-08-29T13:35:13,36606,40192,91.1,178.53,50,11.0,119487,515804,23.2,13.53
2026-08-29T13:35:19,36606,40192,91.1,176.14,50,12.0,119093,515804,23.1,13.81
2026-08-29T13:35:24,36606,40192,91.1,180.64,50,24.5,109197,515804,21.2,14.07
2026-08-29T13:35:31,36606,40192,91.1,177.19,50,10.8,100152,515804,19.4,13.90
2026-08-29T13:35:37,36606,40192,91.1,177.43,50,9.4,100139,515804,19.4,13.67
2026-08-29T13:35:42,36606,40192,91.1,155.23,49,19.5,100340,515804,19.5,13.78
2026-08-29T13:35:48,36606,40192,91.1,182.80,50,25.5,107816,515804,20.9,24.20
2026-08-29T13:35:54,36606,40192,91.1,80.42,47,19.3,122685,515804,23.8,23.23
2026-08-29T13:35:59,36606,40192,91.1,141.60,50,12.9,128186,515804,24.9,22.41
2026-08-29T13:36:05,36606,40192,91.1,182.49,50,10.1,118122,515804,22.9,21.81
2026-08-29T13:36:10,36606,40192,91.1,183.26,50,9.7,118005,515804,22.9,20.86
2026-08-29T13:36:16,36606,40192,91.1,180.04,50,23.7,115803,515804,22.5,20.31
2026-08-29T13:36:22,36606,40192,91.1,180.86,50,13.7,104431,515804,20.2,19.96
2026-08-29T13:36:27,36606,40192,91.1,180.04,50,10.1,99970,515804,19.4,19.49
2026-08-29T13:36:33,36606,40192,91.1,104.46,48,10.5,112309,515804,21.8,19.05
2026-08-29T13:36:38,36606,40192,91.1,181.99,50,39.4,108841,515804,21.1,26.57
2026-08-29T13:36:44,36606,40192,91.1,99.62,48,9.6,104954,515804,20.3,25.72
2026-08-29T13:36:49,36606,40192,91.1,182.49,50,19.3,122139,515804,23.7,24.46
2026-08-29T13:36:54,36606,40192,91.1,175.53,50,13.7,117552,515804,22.8,23.31
2026-08-29T13:37:00,36606,40192,91.1,179.59,50,9.3,112477,515804,21.8,22.64
2026-08-29T13:37:05,36606,40192,91.1,181.99,50,8.9,124982,515804,24.2,21.00
2026-08-29T13:37:11,36606,40192,91.1,178.53,50,28.3,102602,515804,19.9,20.20
2026-08-29T13:37:16,36606,40192,91.1,182.27,50,9.5,96739,515804,18.8,19.95
2026-08-29T13:37:22,36606,40192,91.1,182.80,50,8.7,104796,515804,20.3,19.31
2026-08-29T13:37:27,36606,40192,91.1,176.91,50,26.0,92460,515804,17.9,28.81
2026-08-29T13:37:32,36606,40192,91.1,92.70,48,20.6,109292,515804,21.2,37.56
2026-08-29T13:37:38,36606,40192,91.1,176.38,50,19.0,125427,515804,24.3,45.52
2026-08-29T13:37:43,36606,40192,91.1,141.84,50,33.0,119657,515804,23.2,42.76
2026-08-29T13:37:49,36606,40192,91.1,177.11,50,10.4,119268,515804,23.1,40.13
2026-08-29T13:37:54,36606,40192,91.1,176.38,50,10.5,120379,515804,23.3,38.12
2026-08-29T13:38:00,36606,40192,91.1,180.86,50,30.8,115540,515804,22.4,36.35
2026-08-29T13:38:05,36606,40192,91.1,180.40,50,12.5,101496,515804,19.7,32.53
2026-08-29T13:38:11,36606,40192,91.1,182.49,50,9.1,98929,515804,19.2,30.81
2026-08-29T13:38:16,36606,40192,91.1,180.40,49,9.1,100266,515804,19.4,29.22
2026-08-29T13:38:22,36606,40192,91.1,182.51,50,37.9,107312,515804,20.8,27.76
2026-08-29T13:38:27,36606,40192,91.1,180.11,50,19.2,125163,515804,24.3,26.50
2026-08-29T13:38:33,36606,40192,91.1,177.19,50,8.7,123092,515804,23.9,25.34
2026-08-29T13:38:38,36606,40192,91.1,182.49,50,32.7,119518,515804,23.2,24.51
2026-08-29T13:38:44,36606,40192,91.1,180.11,50,9.1,117092,515804,22.7,23.59
2026-08-29T13:38:49,36606,40192,91.1,172.92,50,9.5,120804,515804,23.4,22.66
2026-08-29T13:38:55,36606,40192,91.1,178.74,50,29.1,104466,515804,20.3,31.97
2026-08-29T13:39:00,36606,40192,91.1,179.83,50,9.8,97374,515804,18.9,30.30
2026-08-29T13:39:06,36606,40192,91.1,178.98,50,9.4,108932,515804,21.1,27.87
2026-08-29T13:39:11,36606,40192,91.1,169.43,50,39.2,119178,515804,23.1,27.16
2026-08-29T13:39:16,36606,40192,91.1,180.32,50,11.2,110788,515804,21.5,26.18
2026-08-29T13:39:22,36606,40192,91.1,179.30,50,20.9,121962,515804,23.6,25.21
2026-08-29T13:39:27,36606,40192,91.1,184.14,50,34.0,117274,515804,22.7,34.00
2026-08-29T13:39:33,36606,40192,91.1,178.98,49,9.1,109222,515804,21.2,32.32
2026-08-29T13:39:38,36606,40192,91.1,176.58,50,8.9,119720,515804,23.2,30.61
2026-08-29T13:39:44,36606,40192,91.1,83.45,48,27.7,110782,515804,21.5,29.20
2026-08-29T13:39:49,36606,40192,91.1,178.46,50,8.8,102097,515804,19.8,28.22
2026-08-29T13:39:54,36606,40192,91.1,180.62,50,9.3,102043,515804,19.8,27.08
2026-08-29T13:40:00,36606,40192,91.1,140.50,49,23.0,101972,515804,19.8,25.96
2026-08-29T13:40:06,36606,40192,91.1,176.91,50,24.1,109273,515804,21.2,33.91
2026-08-29T13:40:11,36606,40192,91.1,94.58,48,19.8,123828,515804,24.0,32.23
2026-08-29T13:40:16,36606,40192,91.1,101.78,50,13.0,128559,515804,24.9,30.69
2026-08-29T13:40:22,36606,40192,91.1,177.93,50,10.3,119506,515804,23.2,29.20
2026-08-29T13:40:27,36606,40192,91.1,180.64,50,10.4,119119,515804,23.1,27.90
2026-08-29T13:40:33,36606,40192,91.1,155.76,49,27.6,119237,515804,23.1,26.79
2026-08-29T13:40:39,36606,40192,91.1,175.77,50,16.1,105292,515804,20.4,26.08
2026-08-29T13:40:44,36606,40192,91.1,176.34,50,9.6,95137,515804,18.4,25.11
2026-08-29T13:40:50,36606,40192,91.1,175.77,50,8.8,107422,515804,20.8,23.98
2026-08-29T13:40:55,36606,40192,91.1,176.88,50,39.1,114736,515804,22.2,23.18
2026-08-29T13:41:01,36606,40192,91.1,178.46,50,8.6,107929,515804,20.9,21.70
2026-08-29T13:41:06,36606,40192,91.1,176.88,50,19.1,124559,515804,24.1,20.84
2026-08-29T13:41:12,36606,40192,91.1,180.32,50,14.2,120172,515804,23.3,20.61
2026-08-29T13:41:17,36606,40192,91.1,183.78,50,9.5,112563,515804,21.8,20.08
2026-08-29T13:41:22,36606,40192,91.1,177.64,50,8.9,124353,515804,24.1,19.36
2026-08-29T13:41:28,36606,40192,91.1,174.71,50,29.4,112695,515804,21.8,28.94
2026-08-29T13:41:33,36606,40192,91.1,180.40,50,9.9,103289,515804,20.0,27.66
2026-08-29T13:41:39,36606,40192,91.1,178.98,50,10.0,103280,515804,20.0,26.49
2026-08-29T13:41:44,36606,40192,91.1,176.34,50,9.9,103786,515804,20.1,25.41
2026-08-29T13:41:50,36606,40192,91.1,165.36,50,39.9,109273,515804,21.2,30.50
2026-08-29T13:41:55,36606,40192,91.1,181.14,50,19.4,125252,515804,24.3,28.29
2026-08-29T13:42:01,36606,40192,91.1,173.69,50,11.0,125209,515804,24.3,27.06
2026-08-29T13:42:07,36606,40192,91.1,179.06,50,14.4,116042,515804,22.5,25.78
2026-08-29T13:42:12,36606,40192,91.1,99.38,47,9.1,115526,515804,22.4,24.91
2026-08-29T13:42:17,36606,40192,91.1,169.63,49,15.4,116261,515804,22.5,23.88
2026-08-29T13:42:23,36606,40192,91.1,176.06,50,23.8,102622,515804,19.9,23.41
2026-08-29T13:42:29,36606,40192,91.1,179.51,50,9.2,98378,515804,19.1,22.50
2026-08-29T13:42:34,36606,40192,91.1,180.93,50,8.9,110763,515804,21.5,21.49
2026-08-29T13:42:40,36606,40192,91.1,179.30,50,33.9,107542,515804,20.8,20.59
2026-08-29T13:42:46,36606,40192,91.1,180.11,50,19.2,131701,515804,25.5,30.24
2026-08-29T13:42:52,36606,40192,91.1,177.72,50,9.1,125053,515804,24.2,28.62
2026-08-29T13:42:57,36606,40192,91.1,181.70,50,14.1,120465,515804,23.4,27.61
2026-08-29T13:43:02,36606,40192,91.1,180.64,48,9.7,117416,515804,22.8,26.84
2026-08-29T13:43:08,36606,40192,91.1,181.67,50,9.7,125593,515804,24.3,25.81
2026-08-29T13:43:13,36606,40192,91.1,174.48,50,31.0,105376,515804,20.4,24.94
2026-08-29T13:43:19,36606,40192,91.1,180.11,50,11.9,101464,515804,19.7,24.07
2026-08-29T13:43:24,36606,40192,91.1,180.62,50,10.2,103295,515804,20.0,23.34
2026-08-29T13:43:30,36606,40192,91.1,178.74,50,27.5,89209,515804,17.3,22.67
2026-08-29T13:43:35,36606,40192,91.1,182.20,50,20.9,107377,515804,20.8,32.55
2026-08-29T13:43:41,36606,40192,91.1,181.17,50,17.9,123460,515804,23.9,29.71
2026-08-29T13:43:47,36606,40192,91.1,182.51,50,14.1,119016,515804,23.1,28.77
2026-08-29T13:43:53,36606,40192,91.1,180.64,50,9.1,112542,515804,21.8,27.19
2026-08-29T13:43:58,36606,40192,91.1,177.40,50,9.1,121211,515804,23.5,25.89
2026-08-29T13:44:03,36606,40192,91.1,174.51,49,29.6,112701,515804,21.8,24.62
2026-08-29T13:44:09,36606,40192,91.1,180.40,50,8.8,103402,515804,20.0,23.53
2026-08-29T13:44:14,36606,40192,91.1,80.14,48,9.7,103149,515804,20.0,23.16
2026-08-29T13:44:20,36606,40192,91.1,167.52,50,15.9,103446,515804,20.1,22.35
2026-08-29T13:44:25,36606,40192,91.1,178.53,50,28.0,110541,515804,21.4,29.26
2026-08-29T13:44:32,36606,40192,91.1,177.93,50,19.8,125715,515804,24.4,27.71
2026-08-29T13:44:38,36606,40192,91.1,183.56,50,15.2,124694,515804,24.2,26.70
2026-08-29T13:44:43,36606,40192,91.1,94.58,48,12.0,115852,515804,22.5,25.92
2026-08-29T13:44:48,36606,40192,91.1,177.93,50,8.9,116092,515804,22.5,24.64
2026-08-29T13:44:54,36606,40192,91.1,181.38,50,24.9,113791,515804,22.1,23.71
2026-08-29T13:45:00,36606,40192,91.1,178.01,50,12.5,102772,515804,19.9,22.77
2026-08-29T13:45:05,36606,40192,91.1,177.93,50,9.3,99965,515804,19.4,21.75
2026-08-29T13:45:11,36606,40192,91.1,174.79,50,9.0,107946,515804,20.9,20.18
2026-08-29T13:45:16,36606,40192,91.1,176.67,50,38.2,107864,515804,20.9,19.61
2026-08-29T13:45:21,36606,40192,91.1,173.13,50,18.3,131988,515804,25.6,18.84
2026-08-29T13:45:27,36606,40192,91.1,181.38,50,9.8,125568,515804,24.3,18.13
2026-08-29T13:45:32,36606,40192,91.1,183.78,50,15.0,120791,515804,23.4,18.04
2026-08-29T13:45:38,36606,40192,91.1,174.51,50,9.3,116381,515804,22.6,17.64
2026-08-29T13:45:43,36606,40192,91.1,179.51,49,9.9,128995,515804,25.0,17.10
2026-08-29T13:45:49,36606,40192,91.1,179.51,50,31.7,105544,515804,20.5,26.95
2026-08-29T13:45:54,36606,40192,91.1,178.01,50,10.6,97512,515804,18.9,25.67
2026-08-29T13:46:00,36606,40192,91.1,173.98,50,11.2,108090,515804,21.0,24.73
2026-08-29T13:46:05,36606,40192,91.1,176.38,50,28.6,89380,515804,17.3,23.71
2026-08-29T13:46:11,36606,40192,91.1,177.72,50,19.8,107297,515804,20.8,31.20
2026-08-29T13:46:16,36606,40192,91.1,180.86,50,19.4,123358,515804,23.9,29.50
2026-08-29T13:46:21,36606,40192,91.1,165.36,50,14.2,118029,515804,22.9,28.26
2026-08-29T13:46:27,36606,40192,91.1,182.20,50,9.1,114970,515804,22.3,26.80
2026-08-29T13:46:32,36606,40192,91.1,180.40,50,8.9,120648,515804,23.4,25.45
2026-08-29T13:46:38,36606,40192,91.1,182.51,50,26.3,108627,515804,21.1,24.54
2026-08-29T13:46:43,36606,40192,91.1,180.40,50,12.2,103076,515804,20.0,23.45
2026-08-29T13:46:49,36606,40192,91.1,184.60,50,9.2,103171,515804,20.0,22.77
2026-08-29T13:46:54,36606,40192,91.1,164.83,50,14.6,103234,515804,20.0,21.75
2026-08-29T13:47:00,36606,40192,91.1,179.83,50,33.1,110226,515804,21.4,21.05
2026-08-29T13:47:05,36606,40192,91.1,182.51,50,19.9,127813,515804,24.8,20.16
2026-08-29T13:47:11,36606,40192,91.1,180.11,50,9.4,125382,515804,24.3,18.83
2026-08-29T13:47:16,36606,40192,91.1,176.38,50,16.2,121855,515804,23.6,18.20
2026-08-29T13:47:22,36606,40192,91.1,176.91,50,11.1,114871,515804,22.3,17.70
2026-08-29T13:47:27,36606,40192,91.1,80.42,48,9.1,121931,515804,23.6,17.25
2026-08-29T13:47:32,36606,40192,91.1,176.34,50,30.7,102381,515804,19.8,16.91
2026-08-29T13:47:38,36606,40192,91.1,182.27,50,9.4,95140,515804,18.4,16.51
2026-08-29T13:47:43,36606,40192,91.1,176.58,50,8.7,106462,515804,20.6,16.07
2026-08-29T13:47:49,36606,40192,91.1,175.24,50,31.4,102398,515804,19.9,15.59
2026-08-29T13:47:54,36606,40192,91.1,181.46,50,15.2,109271,515804,21.2,15.22
2026-08-29T13:48:00,36606,40192,91.1,176.14,50,19.7,125021,515804,24.2,14.80
2026-08-29T13:48:05,36606,40192,91.1,176.67,50,14.1,120296,515804,23.3,14.58
2026-08-29T13:48:11,36606,40192,91.1,181.17,50,9.6,113317,515804,22.0,14.37
2026-08-29T13:48:16,36606,40192,91.1,182.27,50,8.7,122597,515804,23.8,14.00
2026-08-29T13:48:21,36606,40192,91.1,181.91,50,27.2,111457,515804,21.6,13.92
2026-08-29T13:48:27,36606,40192,91.1,175.77,50,12.2,104428,515804,20.2,13.60
2026-08-29T13:48:32,36606,40192,91.1,176.58,50,10.6,104172,515804,20.2,13.64
2026-08-29T13:48:38,36606,40192,91.1,181.38,50,27.9,101702,515804,19.7,13.58
2026-08-29T13:48:44,36606,40192,91.1,179.51,50,22.0,106904,515804,20.7,13.78
2026-08-29T13:48:49,36606,40192,91.1,184.88,50,19.3,121742,515804,23.6,14.12
2026-08-29T13:48:55,36606,40192,91.1,173.90,50,12.4,125842,515804,24.4,14.27
2026-08-29T13:49:00,36606,40192,91.1,177.64,51,10.2,117436,515804,22.8,24.42
2026-08-29T13:49:06,36606,40192,91.1,182.49,50,9.2,117408,515804,22.8,23.34
2026-08-29T13:49:11,36606,40192,91.1,158.16,49,17.5,117759,515804,22.8,31.85
2026-08-29T13:49:17,36606,40192,91.1,181.46,50,22.4,103990,515804,20.2,30.66
2026-08-29T13:49:22,36606,40192,91.1,175.53,50,9.2,99616,515804,19.3,29.08
2026-08-29T13:49:28,36606,40192,91.1,175.53,50,8.9,111915,515804,21.7,27.64
2026-08-29T13:49:33,36606,40192,91.1,180.11,50,39.8,112049,515804,21.7,26.38
2026-08-29T13:49:39,36606,40192,91.1,181.70,50,8.6,109388,515804,21.2,25.15
2026-08-29T13:49:44,36606,40192,91.1,182.20,50,20.4,126325,515804,24.5,24.02
2026-08-29T13:49:49,36606,40192,91.1,178.74,50,14.9,121320,515804,23.5,23.22
2026-08-29T13:49:55,36606,40192,91.1,76.11,49,10.9,117069,515804,22.7,22.11
2026-08-29T13:50:01,36606,40192,91.1,176.06,50,10.9,125005,515804,24.2,21.30
2026-08-29T13:50:07,36606,40192,91.1,175.53,50,31.0,101915,515804,19.8,20.48
2026-08-29T13:50:12,36606,40192,91.1,72.36,47,8.9,95554,515804,18.5,20.04
2026-08-29T13:50:18,36606,40192,91.1,179.51,50,8.9,104535,515804,20.3,19.23
2026-08-29T13:50:23,36606,40192,91.1,179.27,50,27.8,92147,515804,17.9,18.49
2026-08-29T13:50:28,36606,40192,91.1,169.38,50,20.8,108471,515804,21.0,17.97
2026-08-29T13:50:34,36606,40192,91.1,176.58,50,19.3,124014,515804,24.0,17.33
2026-08-29T13:50:39,36606,40192,91.1,178.01,50,13.5,119796,515804,23.2,17.39
2026-08-29T13:50:46,36606,40192,91.1,180.64,50,9.2,111681,515804,21.7,16.49
2026-08-29T13:50:51,36606,40192,91.1,176.38,50,9.2,123052,515804,23.9,16.05
2026-08-29T13:50:57,36606,40192,91.1,143.48,50,28.1,112968,515804,21.9,16.21
2026-08-29T13:51:02,36606,40192,91.1,178.25,50,9.9,104041,515804,20.2,15.87
2026-08-29T13:51:08,36606,40192,91.1,180.40,50,10.2,103712,515804,20.1,15.40
2026-08-29T13:51:13,36606,40192,91.1,176.88,50,11.5,103876,515804,20.1,15.45
2026-08-29T13:51:19,36606,40192,91.1,179.27,50,42.1,109959,515804,21.3,25.58
2026-08-29T13:51:24,36606,40192,91.1,176.06,50,18.1,121227,515804,23.5,24.74
2026-08-29T13:51:31,36606,40192,91.1,167.03,50,12.1,127007,515804,24.6,33.19
2026-08-29T13:51:36,36606,40192,91.1,181.17,50,11.2,117000,515804,22.7,31.81
2026-08-29T13:51:42,36606,40192,91.1,180.62,50,9.2,116928,515804,22.7,30.47
2026-08-29T13:51:47,36606,40192,91.1,137.86,49,24.6,117209,515804,22.7,28.91
2026-08-29T13:51:54,36606,40192,91.1,181.38,50,14.6,103821,515804,20.1,27.47
2026-08-29T13:51:59,36606,40192,91.1,177.43,50,9.6,100779,515804,19.5,26.15
2026-08-29T13:52:04,36606,40192,91.1,174.48,50,8.9,111448,515804,21.6,24.94
2026-08-29T13:52:10,36606,40192,91.1,178.53,50,33.8,110320,515804,21.4,32.91
2026-08-29T13:52:16,36606,40192,91.1,183.54,50,19.1,129765,515804,25.2,31.16
2026-08-29T13:52:22,36606,40192,91.1,175.77,50,9.2,126084,515804,24.4,29.54
2026-08-29T13:52:27,36606,40192,91.1,98.85,48,15.0,122705,515804,23.8,28.54
2026-08-29T13:52:32,36606,40192,91.1,178.25,50,10.2,120159,515804,23.3,27.29
2026-08-29T13:52:38,36606,40192,91.1,174.51,50,11.6,127780,515804,24.8,26.39
2026-08-29T13:52:43,36606,40192,91.1,174.48,50,33.3,101586,515804,19.7,25.48
2026-08-29T13:52:49,36606,40192,91.1,177.43,50,9.4,94111,515804,18.2,24.24
2026-08-29T13:52:54,36606,40192,91.1,172.11,50,8.7,105528,515804,20.5,23.18
2026-08-29T13:53:00,36606,40192,91.1,165.69,50,31.4,99598,515804,19.3,22.20
2026-08-29T13:53:05,36606,40192,91.1,97.75,48,16.0,108488,515804,21.0,21.30
2026-08-29T13:53:11,36606,40192,91.1,181.91,50,19.3,124616,515804,24.2,20.56
2026-08-29T13:53:16,36606,40192,91.1,177.64,50,14.0,119423,515804,23.2,19.25
2026-08-29T13:53:21,36606,40192,91.1,174.79,50,9.7,116536,515804,22.6,18.67
2026-08-29T13:53:27,36606,40192,91.1,179.59,50,8.7,121119,515804,23.5,18.05
2026-08-29T13:53:32,36606,40192,91.1,173.98,50,28.0,108821,515804,21.1,28.14
2026-08-29T13:53:38,36606,40192,91.1,180.40,50,12.3,104017,515804,20.2,26.69
2026-08-29T13:53:43,36606,40192,91.1,177.72,50,9.8,103882,515804,20.1,25.43
2026-08-29T13:53:49,36606,40192,91.1,168.86,50,13.6,104024,515804,20.2,24.36
2026-08-29T13:53:54,36606,40192,91.1,174.51,50,37.2,110748,515804,21.5,23.69
2026-08-29T13:54:00,36606,40192,91.1,174.27,50,21.6,128430,515804,24.9,22.99
2026-08-29T13:54:05,36606,40192,91.1,176.91,50,9.4,121626,515804,23.6,22.35
2026-08-29T13:54:11,36606,40192,91.1,178.77,50,14.4,117838,515804,22.8,31.69
2026-08-29T13:54:16,36606,40192,91.1,180.64,50,9.1,114915,515804,22.3,28.90
2026-08-29T13:54:21,36606,40192,91.1,175.53,50,9.1,125070,515804,24.2,27.71
2026-08-29T13:54:27,36606,40192,91.1,180.04,50,30.2,103227,515804,20.0,26.45
2026-08-29T13:54:32,36606,40192,91.1,181.70,50,9.3,96513,515804,18.7,25.21
2026-08-29T13:54:38,36606,40192,91.1,176.14,50,9.1,107501,515804,20.8,24.40
2026-08-29T13:54:43,36606,40192,91.1,173.69,50,32.8,104659,515804,20.3,33.57
2026-08-29T13:54:49,36606,40192,91.1,177.11,49,14.9,110031,515804,21.3,31.93
2026-08-29T13:54:54,36606,40192,91.1,180.62,50,19.8,125806,515804,24.4,40.82
2026-08-29T13:55:00,36606,40192,91.1,176.06,50,14.2,120703,515804,23.4,38.43
2026-08-29T13:55:05,36606,40192,91.1,174.51,50,10.1,115927,515804,22.5,36.32
2026-08-29T13:55:10,36606,40192,91.1,179.06,50,9.4,122876,515804,23.8,34.21
2026-08-29T13:55:16,36606,40192,91.1,86.56,49,31.3,114745,515804,22.2,41.68
2026-08-29T13:55:21,36606,40192,91.1,180.04,50,11.4,104706,515804,20.3,39.54
2026-08-29T13:55:27,36606,40192,91.1,178.74,50,9.5,100308,515804,19.4,37.26
2026-08-29T13:55:32,36606,40192,91.1,137.57,50,24.4,100103,515804,19.4,35.07
2026-08-29T13:55:38,36606,40192,91.1,178.46,50,22.7,107783,515804,20.9,33.22
2026-08-29T13:55:44,36606,40192,91.1,180.11,50,19.2,122582,515804,23.8,31.53
2026-08-29T13:55:49,36606,40192,91.1,182.49,50,13.2,126772,515804,24.6,29.88
2026-08-29T13:55:55,36606,40192,91.1,180.62,50,9.6,118589,515804,23.0,28.37
2026-08-29T13:56:00,36606,40192,91.1,180.11,50,9.5,118237,515804,22.9,26.98
2026-08-29T13:56:06,36606,40192,91.1,137.57,49,26.0,118489,515804,23.0,34.93
2026-08-29T13:56:12,36606,40192,91.1,175.57,50,12.8,104748,515804,20.3,33.41
2026-08-29T13:56:17,36606,40192,91.1,177.19,50,9.3,101063,515804,19.6,31.77
2026-08-29T13:56:23,36606,40192,91.1,176.06,50,9.6,113883,515804,22.1,30.27
2026-08-29T13:56:28,36606,40192,91.1,179.80,50,40.6,109421,515804,21.2,28.65
2026-08-29T13:56:33,36606,40192,91.1,175.85,50,9.6,109853,515804,21.3,27.15
2026-08-29T13:56:39,36606,40192,91.1,174.18,50,21.8,126738,515804,24.6,26.18
2026-08-29T13:56:44,36606,40192,91.1,180.04,50,15.6,117313,515804,22.7,35.62
2026-08-29T13:56:50,36606,40192,91.1,178.01,50,9.3,112012,515804,21.7,33.72
2026-08-29T13:56:55,36606,40192,91.1,180.40,50,8.9,124325,515804,24.1,31.82
2026-08-29T13:57:01,36606,40192,91.1,147.74,48,33.1,103334,515804,20.0,30.24
2026-08-29T13:57:06,36606,40192,91.1,179.27,50,9.2,102786,515804,19.9,27.43
2026-08-29T13:57:12,36606,40192,91.1,178.98,50,8.7,102007,515804,19.8,26.12
2026-08-29T13:57:17,36606,40192,91.1,178.46,50,26.5,100142,515804,19.4,35.16
2026-08-29T13:57:23,36606,40192,91.1,177.11,50,20.8,109436,515804,21.2,33.22
2026-08-29T13:57:28,36606,40192,91.1,179.80,50,19.1,124287,515804,24.1,41.53
2026-08-29T13:57:34,36606,40192,91.1,182.49,50,13.6,126796,515804,24.6,39.01
2026-08-29T13:57:39,36606,40192,91.1,178.22,50,9.6,119866,515804,23.2,36.68
2026-08-29T13:57:44,36606,40192,91.1,181.67,50,9.8,119647,515804,23.2,34.79
2026-08-29T13:57:50,36606,40192,91.1,172.92,49,26.8,118599,515804,23.0,33.28
2026-08-29T13:57:56,36606,40192,91.1,183.56,50,13.6,105939,515804,20.5,31.82
2026-08-29T13:58:01,36606,40192,91.1,175.77,49,11.7,102336,515804,19.8,28.86
2026-08-29T13:58:07,36606,40192,91.1,181.17,50,10.4,108727,515804,21.1,27.75
2026-08-29T13:58:12,36606,40192,91.1,180.93,50,40.1,106038,515804,20.6,26.89
2026-08-29T13:58:18,36606,40192,91.1,178.53,50,13.7,119567,515804,23.2,25.62
2026-08-29T13:58:23,36606,40192,91.1,178.01,50,14.3,123814,515804,24.0,24.45
2026-08-29T13:58:29,36606,40192,91.1,179.83,50,14.1,119094,515804,23.1,33.86
2026-08-29T13:58:34,36606,40192,91.1,178.01,50,9.2,114626,515804,22.2,32.27
2026-08-29T13:58:39,36606,40192,91.1,99.62,47,9.1,120295,515804,23.3,30.49
2026-08-29T13:58:46,36606,40192,91.1,178.01,50,31.7,104386,515804,20.2,39.02
2026-08-29T13:58:52,36606,40192,91.1,180.93,50,9.3,97876,515804,19.0,34.94
2026-08-29T13:58:57,36606,40192,91.1,63.29,46,8.9,109182,515804,21.2,33.34
2026-08-29T13:59:02,36606,40192,91.1,168.86,50,39.3,118154,515804,22.9,31.63
2026-08-29T13:59:08,36606,40192,91.1,178.46,50,9.7,110986,515804,21.5,29.98
2026-08-29T13:59:13,36606,40192,91.1,182.20,50,19.8,126486,515804,24.5,28.38
2026-08-29T13:59:19,36606,40192,91.1,179.59,50,15.6,121598,515804,23.6,27.31
2026-08-29T13:59:24,36606,40192,91.1,82.54,47,10.9,111651,515804,21.6,26.32
2026-08-29T13:59:31,36606,40192,91.1,177.11,50,9.1,123977,515804,24.0,25.25
2026-08-29T13:59:36,36606,40192,91.1,182.20,50,29.5,102072,515804,19.8,23.68
2026-08-29T13:59:42,36606,40192,91.1,181.14,50,9.2,99049,515804,19.2,22.98
2026-08-29T13:59:47,36606,40192,91.1,180.04,50,8.7,103954,515804,20.2,22.02
2026-08-29T13:59:53,36606,40192,91.1,180.86,50,28.2,95349,515804,18.5,31.39
2026-08-29T13:59:58,36606,40192,91.1,183.04,50,20.7,109382,515804,21.2,29.76
2026-08-29T14:00:04,36606,40192,91.1,178.77,50,19.7,124136,515804,24.1,38.42
2026-08-29T14:00:09,36606,40192,91.1,177.93,50,12.8,124003,515804,24.0,36.23
2026-08-29T14:00:15,36606,40192,91.1,180.64,50,11.1,119590,515804,23.2,34.45
2026-08-29T14:00:20,36606,40192,91.1,85.46,48,8.7,119538,515804,23.2,32.65
2026-08-29T14:00:25,36606,40192,91.1,180.62,50,24.6,105220,515804,20.4,30.18
2026-08-29T14:00:33,36606,40192,91.1,181.46,50,9.9,102916,515804,20.0,29.12
2026-08-29T14:00:39,36606,40192,91.1,180.40,50,10.9,105689,515804,20.5,27.91
2026-08-29T14:00:44,36606,40192,91.1,177.11,50,30.3,100405,515804,19.5,26.72
2026-08-29T14:00:50,36606,40192,91.1,173.90,50,21.0,107218,515804,20.8,25.78
2026-08-29T14:00:55,36606,40192,91.1,182.20,50,19.0,122047,515804,23.7,24.59
2026-08-29T14:01:01,36606,40192,91.1,178.74,50,13.5,124232,515804,24.1,23.43
2026-08-29T14:01:06,36606,40192,91.1,165.98,49,9.8,117860,515804,22.8,28.36
2026-08-29T14:01:11,36606,40192,91.1,180.62,50,9.1,117791,515804,22.8,25.77
2026-08-29T14:01:17,36606,40192,91.1,76.68,49,26.1,116948,515804,22.7,34.76
2026-08-29T14:01:23,36606,40192,91.1,178.25,50,12.5,104296,515804,20.2,32.93
2026-08-29T14:01:28,36606,40192,91.1,178.53,50,9.3,101444,515804,19.7,31.18
2026-08-29T14:01:34,36606,40192,91.1,178.01,50,9.4,111601,515804,21.6,29.64
2026-08-29T14:01:39,36606,40192,91.1,175.85,50,39.7,109022,515804,21.1,28.23
2026-08-29T14:01:45,36606,40192,91.1,176.06,50,9.9,111908,515804,21.7,26.93
2026-08-29T14:01:50,36606,40192,91.1,177.64,50,19.1,126533,515804,24.5,25.57
2026-08-29T14:01:55,36606,40192,91.1,80.14,48,14.9,121647,515804,23.6,24.72
2026-08-29T14:02:01,36606,40192,91.1,180.04,50,11.8,116100,515804,22.5,23.95
2026-08-29T14:02:06,36606,40192,91.1,178.77,50,10.2,123590,515804,24.0,22.64
2026-08-29T14:02:12,36606,40192,91.1,178.77,50,31.3,101047,515804,19.6,21.71
2026-08-29T14:02:17,36606,40192,91.1,179.59,50,9.1,102036,515804,19.8,20.77
2026-08-29T14:02:23,36606,40192,91.1,178.74,50,8.9,102222,515804,19.8,19.99
2026-08-29T14:02:28,36606,40192,91.1,180.62,50,26.9,97439,515804,18.9,19.27
2026-08-29T14:02:34,36606,40192,91.1,181.70,50,20.3,109000,515804,21.1,18.84
2026-08-29T14:02:39,36606,40192,91.1,179.59,50,19.3,124196,515804,24.1,28.47
2026-08-29T14:02:44,36606,40192,91.1,176.14,50,12.8,123028,515804,23.9,27.15
2026-08-29T14:02:50,36606,40192,91.1,181.14,50,10.5,119572,515804,23.2,25.77
2026-08-29T14:02:55,36606,40192,91.1,178.46,50,9.2,119240,515804,23.1,24.59
2026-08-29T14:03:01,36606,40192,91.1,170.53,50,26.0,116859,515804,22.7,23.50
2026-08-29T14:03:06,36606,40192,91.1,180.04,50,13.9,106139,515804,20.6,22.29
2026-08-29T14:03:12,36606,40192,91.1,175.53,50,10.5,101350,515804,19.6,21.62
2026-08-29T14:03:17,36606,40192,91.1,174.79,50,10.1,113998,515804,22.1,21.25
2026-08-29T14:03:23,36606,40192,91.1,179.30,50,42.8,114205,515804,22.1,31.08
2026-08-29T14:03:28,36606,40192,91.1,180.32,50,9.3,107340,515804,20.8,29.39
2026-08-29T14:03:33,36606,40192,91.1,179.30,50,19.2,124707,515804,24.2,27.84
2026-08-29T14:03:39,36606,40192,91.1,180.40,50,14.4,118613,515804,23.0,26.89
2026-08-29T14:03:44,36606,40192,91.1,183.02,50,9.2,112215,515804,21.8,25.94
2026-08-29T14:03:50,36606,40192,91.1,181.38,50,8.8,124081,515804,24.1,24.66
2026-08-29T14:03:55,36606,40192,91.1,180.86,50,29.3,104714,515804,20.3,23.57
2026-08-29T14:04:01,36606,40192,91.1,179.27,50,9.6,103599,515804,20.1,22.72
2026-08-29T14:04:06,36606,40192,91.1,176.38,50,8.7,103000,515804,20.0,21.86
2026-08-29T14:04:11,36606,40192,91.1,83.59,47,25.8,100392,515804,19.5,27.87
2026-08-29T14:04:17,36606,40192,91.1,181.38,50,21.2,110251,515804,21.4,26.44
2026-08-29T14:04:23,36606,40192,91.1,176.06,50,19.2,125049,515804,24.2,25.20
2026-08-29T14:04:28,36606,40192,91.1,164.01,50,13.6,130122,515804,25.2,24.46
2026-08-29T14:04:34,36606,40192,91.1,181.91,50,10.6,120438,515804,23.3,23.71
2026-08-29T14:04:39,36606,40192,91.1,179.83,50,11.5,120126,515804,23.3,23.09
2026-08-29T14:04:45,36606,40192,91.1,122.07,49,26.5,115168,515804,22.3,22.44
2026-08-29T14:04:51,36606,40192,91.1,180.62,50,13.2,102169,515804,19.8,21.68
2026-08-29T14:04:56,36606,40192,91.1,180.86,50,9.4,98986,515804,19.2,20.83
2026-08-29T14:05:01,36606,40192,91.1,177.93,50,9.3,110042,515804,21.3,19.70
2026-08-29T14:05:07,36606,40192,91.1,179.27,50,38.7,107274,515804,20.8,18.92
2026-08-29T14:05:12,36606,40192,91.1,163.58,50,13.3,119812,515804,23.2,18.69
2026-08-29T14:05:18,36606,40192,91.1,180.62,50,14.7,125168,515804,24.3,18.07
2026-08-29T14:05:23,36606,40192,91.1,78.55,48,14.0,120170,515804,23.3,17.50
2026-08-29T14:05:29,36606,40192,91.1,177.93,50,9.3,115597,515804,22.4,17.14
2026-08-29T14:05:34,36606,40192,91.1,182.51,50,9.4,128961,515804,25.0,16.97
2026-08-29T14:05:40,36606,40192,91.1,173.37,50,31.2,105390,515804,20.4,16.57
2026-08-29T14:05:45,36606,40192,91.1,178.74,50,9.9,97103,515804,18.8,16.21
2026-08-29T14:05:50,36606,40192,91.1,183.26,50,9.9,107691,515804,20.9,15.79
2026-08-29T14:05:56,36606,40192,91.1,174.51,50,36.3,119456,515804,23.2,26.02
2026-08-29T14:06:02,36606,40192,91.1,80.66,48,11.2,111300,515804,21.6,25.06
2026-08-29T14:06:08,36606,40192,91.1,174.71,50,19.6,123008,515804,23.8,23.93
2026-08-29T14:06:13,36606,40192,91.1,176.06,50,14.2,118013,515804,22.9,23.61
2026-08-29T14:06:19,36606,40192,91.1,180.40,50,9.2,111966,515804,21.7,22.52
2026-08-29T14:06:24,36606,40192,91.1,180.64,50,8.7,120655,515804,23.4,21.60
2026-08-29T14:06:29,36606,40192,91.1,157.87,50,30.4,112537,515804,21.8,20.75
2026-08-29T14:06:35,36606,40192,91.1,179.30,50,8.9,103092,515804,20.0,20.05
2026-08-29T14:06:41,36606,40192,91.1,83.35,47,9.4,104068,515804,20.2,18.74
2026-08-29T14:06:47,36606,40192,91.1,183.02,50,26.7,99789,515804,19.3,28.45
2026-08-29T14:06:53,36606,40192,91.1,177.64,51,21.1,110225,515804,21.4,27.29
2026-08-29T14:06:58,36606,40192,91.1,63.58,47,19.1,124959,515804,24.2,26.15
2026-08-29T14:07:03,36606,40192,91.1,182.80,50,14.0,127357,515804,24.7,25.17
2026-08-29T14:07:09,36606,40192,91.1,164.64,48,10.6,120153,515804,23.3,24.36
2026-08-29T14:07:14,36606,40192,91.1,181.70,50,10.1,120252,515804,23.3,23.45
2026-08-29T14:07:20,36606,40192,91.1,160.37,50,28.2,119440,515804,23.2,22.77
2026-08-29T14:07:26,36606,40192,91.1,178.98,50,12.8,100892,515804,19.6,21.81
2026-08-29T14:07:32,36606,40192,91.1,176.91,50,9.2,100878,515804,19.6,20.87
2026-08-29T14:07:38,36606,40192,91.1,156.00,49,22.9,101235,515804,19.6,20.08
2026-08-29T14:07:44,36606,40192,91.1,180.40,50,25.0,108410,515804,21.0,19.75
2026-08-29T14:07:49,36606,40192,91.1,176.91,50,18.9,123309,515804,23.9,19.05
2026-08-29T14:07:55,36606,40192,91.1,170.73,50,12.6,129054,515804,25.0,18.48
2026-08-29T14:08:00,36606,40192,91.1,178.01,51,10.5,118957,515804,23.1,17.80
2026-08-29T14:08:06,36606,40192,91.1,179.30,50,9.2,118870,515804,23.0,17.26
2026-08-29T14:08:11,36606,40192,91.1,158.40,50,25.0,116638,515804,22.6,26.54
2026-08-29T14:08:17,36606,40192,91.1,175.00,50,12.9,105456,515804,20.4,25.38
2026-08-29T14:08:23,36606,40192,91.1,180.32,50,9.8,102206,515804,19.8,24.54
2026-08-29T14:08:28,36606,40192,91.1,175.53,50,9.6,110460,515804,21.4,24.10
2026-08-29T14:08:34,36606,40192,91.1,177.93,50,39.7,110004,515804,21.3,33.46
2026-08-29T14:08:39,36606,40192,91.1,176.58,50,20.8,135441,515804,26.3,31.90
2026-08-29T14:08:45,36606,40192,91.1,180.32,50,10.7,122797,515804,23.8,30.47
2026-08-29T14:08:50,36606,40192,91.1,177.19,50,14.2,118027,515804,22.9,29.23
2026-08-29T14:08:55,36606,40192,91.1,180.32,50,9.2,113953,515804,22.1,27.69
2026-08-29T14:09:01,36606,40192,91.1,178.98,50,9.0,127045,515804,24.6,26.27
2026-08-29T14:09:06,36606,40192,91.1,180.64,50,31.0,102918,515804,20.0,25.13
2026-08-29T14:09:12,36606,40192,91.1,90.84,48,9.1,100565,515804,19.5,24.16
2026-08-29T14:09:17,36606,40192,91.1,180.11,50,8.7,104794,515804,20.3,22.36
2026-08-29T14:09:22,36606,40192,91.1,179.83,50,28.5,97373,515804,18.9,31.86
2026-08-29T14:09:28,36606,40192,91.1,181.99,50,20.8,110079,515804,21.3,30.11
2026-08-29T14:09:33,36606,40192,91.1,173.98,50,19.5,124962,515804,24.2,28.50
2026-08-29T14:09:39,36606,40192,91.1,181.67,50,12.8,125369,515804,24.3,27.01
2026-08-29T14:09:44,36606,40192,91.1,181.17,50,11.1,120179,515804,23.3,26.05
2026-08-29T14:09:50,36606,40192,91.1,80.95,48,9.3,120247,515804,23.3,25.17
2026-08-29T14:09:55,36606,40192,91.1,169.43,50,27.5,119023,515804,23.1,24.19
2026-08-29T14:10:01,36606,40192,91.1,179.59,50,14.9,106298,515804,20.6,23.54
2026-08-29T14:10:06,36606,40192,91.1,181.46,50,10.1,98855,515804,19.2,22.77
2026-08-29T14:10:12,36606,40192,91.1,178.01,50,9.1,109202,515804,21.2,21.26
2026-08-29T14:10:17,36606,40192,91.1,182.72,50,38.8,107015,515804,20.7,20.44
2026-08-29T14:10:23,36606,40192,91.1,176.58,50,14.4,121537,515804,23.6,19.68
2026-08-29T14:10:28,36606,40192,91.1,177.11,50,13.7,124680,515804,24.2,18.99
2026-08-29T14:10:34,36606,40192,91.1,177.64,50,13.9,120025,515804,23.3,18.35
2026-08-29T14:10:39,36606,40192,91.1,175.77,50,9.6,115463,515804,22.4,17.76
2026-08-29T14:10:44,36606,40192,91.1,181.70,50,9.0,127908,515804,24.8,17.22
2026-08-29T14:10:50,36606,40192,91.1,76.11,49,30.2,104932,515804,20.3,26.97
2026-08-29T14:10:55,36606,40192,91.1,179.30,50,9.8,97985,515804,19.0,26.09
2026-08-29T14:11:01,36606,40192,91.1,89.73,48,8.6,107267,515804,20.8,24.96
2026-08-29T14:11:06,36606,40192,91.1,180.11,50,27.7,94627,515804,18.3,24.25
2026-08-29T14:11:12,36606,40192,91.1,176.88,51,20.1,111393,515804,21.6,33.67
2026-08-29T14:11:17,36606,40192,91.1,180.86,50,20.3,127215,515804,24.7,30.80
2026-08-29T14:11:22,36606,40192,91.1,179.80,50,16.2,121360,515804,23.5,30.10
2026-08-29T14:11:28,36606,40192,91.1,79.60,49,10.5,116614,515804,22.6,28.49
2026-08-29T14:11:33,36606,40192,91.1,177.11,50,9.0,118396,515804,23.0,27.09
2026-08-29T14:11:39,36606,40192,91.1,179.30,50,25.3,112179,515804,21.7,25.80
2026-08-29T14:11:44,36606,40192,91.1,177.11,50,12.5,103174,515804,20.0,24.69
2026-08-29T14:11:50,36606,40192,91.1,179.80,50,9.2,101412,515804,19.7,23.68
2026-08-29T14:11:55,36606,40192,91.1,180.32,50,9.0,107244,515804,20.8,22.66
2026-08-29T14:12:00,36606,40192,91.1,178.98,50,37.7,108517,515804,21.0,21.81
2026-08-29T14:12:06,36606,40192,91.1,178.22,50,19.1,133651,515804,25.9,20.94
2026-08-29T14:12:11,36606,40192,91.1,175.32,50,8.6,125953,515804,24.4,20.39
2026-08-29T14:12:17,36606,40192,91.1,172.32,51,14.6,121233,515804,23.5,19.26
2026-08-29T14:12:22,36606,40192,91.1,179.83,50,9.5,118070,515804,22.9,18.84
2026-08-29T14:12:28,36606,40192,91.1,181.70,50,9.8,127871,515804,24.8,18.53
2026-08-29T14:12:33,36606,40192,91.1,182.27,51,30.3,106158,515804,20.6,18.25
2026-08-29T14:12:39,36606,40192,91.1,181.38,51,10.9,98870,515804,19.2,17.99
2026-08-29T14:12:44,36606,40192,91.1,85.99,48,11.3,109823,515804,21.3,17.67
2026-08-29T14:12:49,36606,40192,91.1,173.69,50,37.3,115952,515804,22.5,27.47
2026-08-29T14:12:55,36606,40192,91.1,180.40,51,8.6,108378,515804,21.0,26.31
2026-08-29T14:13:00,36606,40192,91.1,181.70,50,19.6,124093,515804,24.1,35.33
2026-08-29T14:13:06,36606,40192,91.1,181.67,51,14.2,119373,515804,23.1,33.38
2026-08-29T14:13:11,36606,40192,91.1,175.32,51,9.0,111387,515804,21.6,31.59
2026-08-29T14:13:17,36606,40192,91.1,181.14,50,8.8,122492,515804,23.7,30.18
2026-08-29T14:13:22,36606,40192,91.1,166.46,50,30.3,112314,515804,21.8,37.63
2026-08-29T14:13:28,36606,40192,91.1,179.80,51,8.7,103971,515804,20.2,35.50
2026-08-29T14:13:33,36606,40192,91.1,181.91,50,9.4,103955,515804,20.2,33.62
2026-08-29T14:13:39,36606,40192,91.1,164.30,50,16.9,104003,515804,20.2,31.80
2026-08-29T14:13:44,36606,40192,91.1,179.80,51,30.9,111075,515804,21.5,30.06
2026-08-29T14:13:50,36606,40192,91.1,80.66,49,19.9,126802,515804,24.6,28.53
2026-08-29T14:13:55,36606,40192,91.1,182.72,51,9.3,126264,515804,24.5,27.37
2026-08-29T14:14:01,36606,40192,91.1,181.17,51,16.3,121142,515804,23.5,36.31
2026-08-29T14:14:06,36606,40192,91.1,175.32,50,10.7,116410,515804,22.6,34.60
2026-08-29T14:14:12,36606,40192,91.1,176.88,50,24.5,115793,515804,22.4,41.78
2026-08-29T14:14:19,36606,40192,91.1,182.80,50,12.2,104572,515804,20.3,39.31
2026-08-29T14:14:24,36606,40192,91.1,176.14,50,9.5,101648,515804,19.7,37.12
2026-08-29T14:14:30,36606,40192,91.1,180.40,50,9.0,111097,515804,21.5,35.11
2026-08-29T14:14:35,36606,40192,91.1,178.25,51,38.7,109757,515804,21.3,33.26
2026-08-29T14:14:40,36606,40192,91.1,180.04,50,17.7,124626,515804,24.2,31.48
2026-08-29T14:14:47,36606,40192,91.1,178.25,50,8.7,124936,515804,24.2,28.41
2026-08-29T14:14:53,36606,40192,91.1,86.28,48,14.4,121102,515804,23.5,27.10
2026-08-29T14:14:58,36606,40192,91.1,182.49,50,9.6,118987,515804,23.1,26.13
2026-08-29T14:15:03,36606,40192,91.1,182.20,50,9.6,122729,515804,23.8,25.24
2026-08-29T14:15:09,36606,40192,91.1,180.62,50,31.3,106295,515804,20.6,24.58
2026-08-29T14:15:14,36606,40192,91.1,181.91,51,9.8,99930,515804,19.4,23.81
2026-08-29T14:15:20,36606,40192,91.1,179.27,50,11.4,111111,515804,21.5,23.10
2026-08-29T14:15:25,36606,40192,91.1,183.04,51,34.5,106046,515804,20.6,22.45
2026-08-29T14:15:32,36606,40192,91.1,170.44,50,11.6,113429,515804,22.0,20.99
2026-08-29T14:15:38,36606,40192,91.1,182.72,51,16.3,124130,515804,24.1,20.19
2026-08-29T14:15:43,36606,40192,91.1,179.51,50,14.3,119175,515804,23.1,19.86
2026-08-29T14:15:48,36606,40192,91.1,179.80,51,9.3,114223,515804,22.1,19.23
2026-08-29T14:15:54,36606,40192,91.1,181.46,50,8.9,126646,515804,24.6,18.81
2026-08-29T14:15:59,36606,40192,91.1,179.80,51,30.2,104075,515804,20.2,18.18
2026-08-29T14:16:05,36606,40192,91.1,179.51,50,9.5,101061,515804,19.6,17.61
2026-08-29T14:16:10,36606,40192,91.1,182.20,50,8.8,109601,515804,21.2,17.16
2026-08-29T14:16:17,36606,40192,91.1,169.19,50,39.4,119464,515804,23.2,16.66
2026-08-29T14:16:22,36606,40192,91.1,183.86,51,8.8,110884,515804,21.5,16.10
2026-08-29T14:16:28,36606,40192,91.1,180.11,51,20.3,127038,515804,24.6,16.09
2026-08-29T14:16:33,36606,40192,91.1,180.32,50,14.9,122083,515804,23.7,16.25
2026-08-29T14:16:39,36606,40192,91.1,178.53,51,10.7,114181,515804,22.1,16.23
2026-08-29T14:16:44,36606,40192,91.1,180.62,50,11.3,124903,515804,24.2,16.21
2026-08-29T14:16:50,36606,40192,91.1,105.68,50,31.4,110977,515804,21.5,15.87
2026-08-29T14:16:55,36606,40192,91.1,177.64,51,8.8,102011,515804,19.8,15.80
2026-08-29T14:17:01,36606,40192,91.1,178.98,50,9.3,101869,515804,19.7,15.50
2026-08-29T14:17:06,36606,40192,91.1,155.23,50,13.8,102013,515804,19.8,15.22
2026-08-29T14:17:12,36606,40192,91.1,176.91,51,36.2,108608,515804,21.1,25.53
2026-08-29T14:17:17,36606,40192,91.1,90.55,49,19.3,131152,515804,25.4,23.45
2026-08-29T14:17:23,36606,40192,91.1,175.32,50,9.0,125511,515804,24.3,22.70
2026-08-29T14:17:28,36606,40192,91.1,180.11,51,13.9,120960,515804,23.5,21.84
2026-08-29T14:17:33,36606,40192,91.1,176.14,50,9.3,117842,515804,22.8,20.97
2026-08-29T14:17:39,36606,40192,91.1,180.86,50,9.5,129275,515804,25.1,20.33
2026-08-29T14:17:44,36606,40192,91.1,180.86,51,31.5,106103,515804,20.6,19.59
2026-08-29T14:17:50,36606,40192,91.1,178.98,51,10.3,98102,515804,19.0,19.22
2026-08-29T14:17:55,36606,40192,91.1,173.37,50,9.3,109663,515804,21.3,18.64
2026-08-29T14:18:01,36606,40192,91.1,175.32,50,38.6,120052,515804,23.3,18.51
2026-08-29T14:18:06,36606,40192,91.1,176.58,51,11.0,108365,515804,21.0,18.39
2026-08-29T14:18:12,36606,40192,91.1,90.02,49,19.1,123594,515804,24.0,18.04
2026-08-29T14:18:17,36606,40192,91.1,180.32,51,14.0,118801,515804,23.0,17.47
2026-08-29T14:18:22,36606,40192,91.1,179.27,51,9.4,111683,515804,21.7,17.01
2026-08-29T14:18:28,36606,40192,91.1,177.11,49,8.7,121359,515804,23.5,16.76
2026-08-29T14:18:33,36606,40192,91.1,163.77,50,30.1,113201,515804,21.9,20.79
2026-08-29T14:18:39,36606,40192,91.1,182.20,51,8.7,103559,515804,20.1,20.24
2026-08-29T14:18:44,36606,40192,91.1,182.27,50,9.5,103227,515804,20.0,19.58
2026-08-29T14:18:50,36606,40192,91.1,81.72,48,27.0,103550,515804,20.1,19.06
2026-08-29T14:18:56,36606,40192,91.1,178.01,51,21.2,110655,515804,21.5,28.66
2026-08-29T14:19:01,36606,40192,91.1,179.59,50,19.1,125401,515804,24.3,27.33
2026-08-29T14:19:07,36606,40192,91.1,177.64,50,13.5,127976,515804,24.8,26.10
2026-08-29T14:19:12,36606,40192,91.1,180.04,51,10.5,120922,515804,23.4,25.37
2026-08-29T14:19:18,36606,40192,91.1,181.67,51,10.3,120689,515804,23.4,23.87
2026-08-29T14:19:23,36606,40192,91.1,176.88,50,28.4,118598,515804,23.0,22.84
2026-08-29T14:19:29,36606,40192,91.1,179.27,51,13.8,102378,515804,19.8,22.05
2026-08-29T14:19:34,36606,40192,91.1,178.46,50,9.3,99453,515804,19.3,21.16
2026-08-29T14:19:40,36606,40192,91.1,178.01,51,9.0,107314,515804,20.8,20.43
2026-08-29T14:19:45,36606,40192,91.1,176.06,51,38.6,107386,515804,20.8,19.91
2026-08-29T14:19:51,36606,40192,91.1,171.50,50,19.1,133542,515804,25.9,19.28
2026-08-29T14:19:56,36606,40192,91.1,181.67,50,8.7,125582,515804,24.3,18.62
2026-08-29T14:20:02,36606,40192,91.1,177.19,51,14.1,120558,515804,23.4,18.09
2026-08-29T14:20:07,36606,40192,91.1,182.51,50,9.4,116203,515804,22.5,17.45
2026-08-29T14:20:13,36606,40192,91.1,180.93,50,8.9,128970,515804,25.0,17.01
2026-08-29T14:20:18,36606,40192,91.1,178.53,50,32.4,104652,515804,20.3,16.93
2026-08-29T14:20:23,36606,40192,91.1,180.04,51,9.3,104012,515804,20.2,16.38
2026-08-29T14:20:29,36606,40192,91.1,181.70,50,9.2,105761,515804,20.5,15.87
2026-08-29T14:20:34,36606,40192,91.1,180.04,50,29.2,100363,515804,19.5,15.48
2026-08-29T14:20:40,36606,40192,91.1,180.64,50,21.6,111701,515804,21.7,15.20
2026-08-29T14:20:45,36606,40192,91.1,177.40,50,21.8,126167,515804,24.5,15.10
2026-08-29T14:20:51,36606,40192,91.1,181.14,50,13.7,125066,515804,24.2,15.01
2026-08-29T14:20:56,36606,40192,91.1,178.01,51,10.1,117479,515804,22.8,14.77
2026-08-29T14:21:01,36606,40192,91.1,180.62,51,9.2,117525,515804,22.8,14.47
2026-08-29T14:21:07,36606,40192,91.1,154.94,49,27.0,117621,515804,22.8,24.83
2026-08-29T14:21:13,36606,40192,91.1,180.11,51,13.2,104025,515804,20.2,23.72
2026-08-29T14:21:18,36606,40192,91.1,176.91,50,9.3,99666,515804,19.3,22.86
2026-08-29T14:21:24,36606,40192,91.1,182.51,50,9.4,112451,515804,21.8,22.23
2026-08-29T14:21:29,36606,40192,91.1,177.64,50,39.6,108950,515804,21.1,21.33
2026-08-29T14:21:35,36606,40192,91.1,183.04,50,8.8,109600,515804,21.2,20.50
2026-08-29T14:21:40,36606,40192,91.1,87.44,48,19.7,126575,515804,24.5,20.14
2026-08-29T14:21:45,36606,40192,91.1,178.01,50,14.2,121847,515804,23.6,24.62
2026-08-29T14:21:51,36606,40192,91.1,87.62,48,10.4,115181,515804,22.3,23.45
2026-08-29T14:21:56,36606,40192,91.1,176.58,50,9.6,128896,515804,25.0,22.53
2026-08-29T14:22:02,36606,40192,91.1,82.54,48,32.1,105815,515804,20.5,21.77
2026-08-29T14:22:08,36606,40192,91.1,180.62,51,11.5,99420,515804,19.3,20.64
2026-08-29T14:22:13,36606,40192,91.1,176.67,50,9.0,102757,515804,19.9,20.19
2026-08-29T14:22:18,36606,40192,91.1,183.33,50,24.7,93477,515804,18.1,29.70
2026-08-29T14:22:24,36606,40192,91.1,181.46,51,21.1,108643,515804,21.1,28.20
2026-08-29T14:22:29,36606,40192,91.1,183.33,50,19.2,123868,515804,24.0,26.83
2026-08-29T14:22:35,36606,40192,91.1,175.57,50,13.2,122851,515804,23.8,25.72
2026-08-29T14:22:40,36606,40192,91.1,182.20,51,9.9,112477,515804,21.8,24.54
2026-08-29T14:22:47,36606,40192,91.1,183.04,50,9.1,123025,515804,23.9,23.70
2026-08-29T14:22:52,36606,40192,91.1,139.97,50,30.3,113490,515804,22.0,21.82
2026-08-29T14:22:58,36606,40192,91.1,179.80,51,9.2,104459,515804,20.3,21.12
2026-08-29T14:23:03,36606,40192,91.1,175.53,50,9.2,104430,515804,20.2,20.39
2026-08-29T14:23:09,36606,40192,91.1,124.76,49,25.9,104493,515804,20.3,19.71
2026-08-29T14:23:15,36606,40192,91.1,179.27,51,21.8,111602,515804,21.6,19.10
2026-08-29T14:23:21,36606,40192,91.1,177.11,50,20.2,126162,515804,24.5,18.45
2026-08-29T14:23:26,36606,40192,91.1,179.06,50,15.0,125193,515804,24.3,18.09
2026-08-29T14:23:32,36606,40192,91.1,169.72,49,10.8,117132,515804,22.7,17.60
2026-08-29T14:23:38,36606,40192,91.1,183.02,50,8.7,117278,515804,22.7,17.07
2026-08-29T14:23:43,36606,40192,91.1,176.06,50,26.8,116929,515804,22.7,26.99
2026-08-29T14:23:49,36606,40192,91.1,179.80,50,12.2,103803,515804,20.1,25.63
2026-08-29T14:23:54,36606,40192,91.1,182.72,50,9.3,100836,515804,19.5,24.62
2026-08-29T14:24:00,36606,40192,91.1,81.19,48,8.9,112116,515804,21.7,23.53
2026-08-29T14:24:05,36606,40192,91.1,178.46,50,38.8,108773,515804,21.1,22.77
2026-08-29T14:24:10,36606,40192,91.1,178.98,50,16.9,124916,515804,24.2,21.82
2026-08-29T14:24:17,36606,40192,91.1,179.83,51,9.0,125389,515804,24.3,20.16
2026-08-29T14:24:23,36606,40192,91.1,180.11,51,14.2,120390,515804,23.3,19.51
2026-08-29T14:24:28,36606,40192,91.1,177.93,49,9.6,119828,515804,23.2,19.15
2026-08-29T14:24:34,36606,40192,91.1,181.14,50,9.8,121505,515804,23.6,18.66
2026-08-29T14:24:39,36606,40192,91.1,104.99,49,33.0,106550,515804,20.7,17.96
2026-08-29T14:24:44,36606,40192,91.1,178.01,50,12.0,99846,515804,19.4,17.49
2026-08-29T14:24:50,36606,40192,91.1,175.77,50,10.3,107109,515804,20.8,16.97
2026-08-29T14:24:55,36606,40192,91.1,175.85,50,39.1,116059,515804,22.5,26.58
2026-08-29T14:25:01,36606,40192,91.1,181.46,51,8.7,108692,515804,21.1,25.41
2026-08-29T14:25:06,36606,40192,91.1,175.85,50,19.4,124746,515804,24.2,34.35
2026-08-29T14:25:12,36606,40192,91.1,175.57,50,14.1,120341,515804,23.3,32.64
2026-08-29T14:25:17,36606,40192,91.1,121.02,50,9.2,113087,515804,21.9,30.82
2026-08-29T14:25:23,36606,40192,91.1,174.18,50,9.0,123224,515804,23.9,27.78
2026-08-29T14:25:28,36606,40192,91.1,164.83,50,29.7,115111,515804,22.3,26.43
2026-08-29T14:25:33,36606,40192,91.1,175.77,50,8.8,105870,515804,20.5,25.36
2026-08-29T14:25:39,36606,40192,91.1,177.40,50,9.7,105655,515804,20.5,24.29
2026-08-29T14:25:44,36606,40192,91.1,148.34,49,25.5,103916,515804,20.1,23.30
2026-08-29T14:25:50,36606,40192,91.1,179.51,51,21.9,111425,515804,21.6,22.40
2026-08-29T14:25:56,36606,40192,91.1,181.17,50,19.9,126138,515804,24.5,21.56
2026-08-29T14:26:01,36606,40192,91.1,171.06,50,14.6,130805,515804,25.4,20.72
2026-08-29T14:26:07,36606,40192,91.1,181.67,51,11.6,116738,515804,22.6,20.82
2026-08-29T14:26:12,36606,40192,91.1,91.60,48,9.4,117048,515804,22.7,20.52
2026-08-29T14:26:18,36606,40192,91.1,170.97,50,12.6,117347,515804,22.8,19.13
2026-08-29T14:26:23,36606,40192,91.1,176.58,51,26.7,103465,515804,20.1,18.48
2026-08-29T14:26:29,36606,40192,91.1,177.11,50,9.3,98777,515804,19.2,17.88
2026-08-29T14:26:34,36606,40192,91.1,179.30,50,9.1,110963,515804,21.5,17.33
2026-08-29T14:26:40,36606,40192,91.1,176.06,50,37.9,112099,515804,21.7,16.90
2026-08-29T14:26:45,36606,40192,91.1,181.67,50,9.1,109033,515804,21.1,16.43
2026-08-29T14:26:50,36606,40192,91.1,179.30,50,19.2,126243,515804,24.5,16.07
2026-08-29T14:26:56,36606,40192,91.1,181.14,50,24.0,121332,515804,23.5,15.59
2026-08-29T14:27:01,36606,40192,91.1,181.38,50,9.3,114563,515804,22.2,15.22
2026-08-29T14:27:07,36606,40192,91.1,175.77,49,9.4,125930,515804,24.4,14.96
2026-08-29T14:27:12,36606,40192,91.1,178.98,50,32.3,111218,515804,21.6,14.80
2026-08-29T14:27:18,36606,40192,91.1,176.06,50,10.0,105720,515804,20.5,14.53
2026-08-29T14:27:23,36606,40192,91.1,174.79,50,11.2,104910,515804,20.3,14.57
2026-08-29T14:27:29,36606,40192,91.1,177.40,50,28.3,99508,515804,19.3,14.36
2026-08-29T14:27:34,36606,40192,91.1,176.58,50,20.7,107848,515804,20.9,14.18
2026-08-29T14:27:40,36606,40192,91.1,175.32,50,19.2,122731,515804,23.8,14.00
2026-08-29T14:27:45,36606,40192,91.1,175.57,50,12.9,126722,515804,24.6,13.68
2026-08-29T14:27:51,36606,40192,91.1,178.01,51,10.2,118446,515804,23.0,13.47
2026-08-29T14:27:56,36606,40192,91.1,179.30,50,9.1,118663,515804,23.0,13.43
2026-08-29T14:28:02,36606,40192,91.1,169.92,50,26.1,118664,515804,23.0,13.23
2026-08-29T14:28:08,36606,40192,91.1,179.30,50,13.2,104873,515804,20.3,13.34
2026-08-29T14:28:13,36606,40192,91.1,180.40,50,9.2,102040,515804,19.8,13.23
2026-08-29T14:28:19,36606,40192,91.1,149.09,48,9.5,111728,515804,21.7,13.45
2026-08-29T14:28:24,36606,40192,91.1,175.77,50,39.2,109775,515804,21.3,20.30
2026-08-29T14:28:30,36606,40192,91.1,178.22,50,16.7,129422,515804,25.1,19.88
2026-08-29T14:28:35,36606,40192,91.1,180.32,50,12.6,127001,515804,24.6,19.09
2026-08-29T14:28:41,36606,40192,91.1,181.38,51,15.8,122242,515804,23.7,18.76
2026-08-29T14:28:46,36606,40192,91.1,82.00,49,11.8,116850,515804,22.7,18.46
2026-08-29T14:28:51,36606,40192,91.1,177.93,51,9.6,125211,515804,24.3,18.42
2026-08-29T14:28:57,36606,40192,91.1,181.14,50,31.6,102198,515804,19.8,17.83
2026-08-29T14:29:02,36606,40192,91.1,83.88,48,9.1,99612,515804,19.3,17.28
2026-08-29T14:29:08,36606,40192,91.1,176.88,50,8.8,103840,515804,20.1,16.39
2026-08-29T14:29:13,36606,40192,91.1,179.51,50,27.8,96658,515804,18.7,16.28
2026-08-29T14:29:19,36606,40192,91.1,177.64,51,20.5,109474,515804,21.2,15.86
2026-08-29T14:29:24,36606,40192,91.1,182.51,50,19.5,124213,515804,24.1,15.55
2026-08-29T14:29:29,36606,40192,91.1,180.64,50,23.8,123503,515804,23.9,15.10
2026-08-29T14:29:35,36606,40192,91.1,177.93,51,17.6,119967,515804,23.3,14.94
2026-08-29T14:29:40,36606,40192,91.1,180.32,49,9.2,119674,515804,23.2,14.94
2026-08-29T14:29:46,36606,40192,91.1,172.11,50,27.2,119061,515804,23.1,14.62
2026-08-29T14:29:52,36606,40192,91.1,181.14,51,13.4,106143,515804,20.6,14.74
2026-08-29T14:29:57,36606,40192,91.1,178.46,50,10.0,103187,515804,20.0,14.44
2026-08-29T14:30:03,36606,40192,91.1,181.14,50,10.7,110482,515804,21.4,14.08
2026-08-29T14:30:08,36606,40192,91.1,178.53,50,45.3,110381,515804,21.4,14.38
2026-08-29T14:30:13,36606,40192,91.1,171.50,50,11.2,112146,515804,21.7,14.11
2026-08-29T14:30:19,36606,40192,91.1,179.59,50,17.0,123780,515804,24.0,13.94
2026-08-29T14:30:24,36606,40192,91.1,184.38,51,14.2,119072,515804,23.1,13.79
2026-08-29T14:30:30,36606,40192,91.1,83.06,49,9.3,113950,515804,22.1,13.56
2026-08-29T14:30:35,36606,40192,91.1,181.91,50,8.8,126279,515804,24.5,13.36
2026-08-29T14:30:41,36606,40192,91.1,182.27,51,28.6,104662,515804,20.3,23.90
2026-08-29T14:30:47,36606,40192,91.1,176.34,51,9.6,96985,515804,18.8,22.87
2026-08-29T14:30:52,36606,40192,91.1,182.27,50,8.8,108422,515804,21.0,22.00
2026-08-29T14:30:58,36606,40192,91.1,97.75,47,29.8,96944,515804,18.8,20.69
2026-08-29T14:31:03,36606,40192,91.1,175.00,50,18.4,110971,515804,21.5,19.84
2026-08-29T14:31:09,36606,40192,91.1,181.70,50,19.7,126878,515804,24.6,19.53
2026-08-29T14:31:14,36606,40192,91.1,178.22,50,14.8,121319,515804,23.5,29.18
2026-08-29T14:31:20,36606,40192,91.1,178.98,50,10.0,118105,515804,22.9,27.64
2026-08-29T14:31:25,36606,40192,91.1,180.64,50,11.5,126768,515804,24.6,26.55
2026-08-29T14:31:32,36606,40192,91.1,179.59,50,31.2,105734,515804,20.5,25.54
2026-08-29T14:31:37,36606,40192,91.1,182.20,50,9.2,101959,515804,19.8,24.38
2026-08-29T14:31:43,36606,40192,91.1,182.49,49,9.0,101588,515804,19.7,22.96
2026-08-29T14:31:48,36606,40192,91.1,181.91,50,27.0,99261,515804,19.2,32.57
2026-08-29T14:31:54,36606,40192,91.1,175.24,51,20.9,109062,515804,21.1,31.01
2026-08-29T14:32:00,36606,40192,91.1,183.02,50,19.0,123956,515804,24.0,39.57
2026-08-29T14:32:05,36606,40192,91.1,174.27,50,13.7,127950,515804,24.8,37.37
2026-08-29T14:32:11,36606,40192,91.1,82.54,47,10.2,117764,515804,22.8,35.49
2026-08-29T14:32:18,36606,40192,91.1,181.46,50,9.7,121414,515804,23.5,33.77
2026-08-29T14:32:23,36606,40192,91.1,180.11,50,28.6,115419,515804,22.4,30.98
2026-08-29T14:32:28,36606,40192,91.1,100.43,48,13.0,106048,515804,20.6,29.86
2026-08-29T14:32:34,36606,40192,91.1,182.27,50,9.9,103129,515804,20.0,28.35
2026-08-29T14:32:39,36606,40192,91.1,180.62,50,9.8,110391,515804,21.4,27.04
2026-08-29T14:32:44,36606,40192,91.1,181.38,51,41.0,110251,515804,21.4,26.16
2026-08-29T14:32:50,36606,40192,91.1,165.16,50,18.3,125621,515804,24.4,25.26
2026-08-29T14:32:55,36606,40192,91.1,176.91,50,11.5,123546,515804,24.0,24.12
2026-08-29T14:33:01,36606,40192,91.1,173.45,51,14.1,118778,515804,23.0,23.15
2026-08-29T14:33:06,36606,40192,91.1,179.06,51,9.4,114306,515804,22.2,22.50
2026-08-29T14:33:12,36606,40192,91.1,176.06,50,8.9,126787,515804,24.6,21.66
2026-08-29T14:33:17,36606,40192,91.1,177.72,50,30.3,104080,515804,20.2,21.12
2026-08-29T14:33:23,36606,40192,91.1,178.77,50,9.2,99008,515804,19.2,20.39
2026-08-29T14:33:28,36606,40192,91.1,181.99,50,9.0,105944,515804,20.5,19.39
2026-08-29T14:33:33,36606,40192,91.1,181.70,50,28.0,95355,515804,18.5,18.88
2026-08-29T14:33:39,36606,40192,91.1,180.62,51,21.2,110446,515804,21.4,18.49
2026-08-29T14:33:44,36606,40192,91.1,182.49,50,19.3,125919,515804,24.4,18.13
2026-08-29T14:33:50,36606,40192,91.1,177.40,50,13.8,122743,515804,23.8,17.48
2026-08-29T14:33:55,36606,40192,91.1,77.21,48,10.9,121307,515804,23.5,17.12
2026-08-29T14:34:01,36606,40192,91.1,177.64,50,10.1,120474,515804,23.4,16.63
2026-08-29T14:34:06,36606,40192,91.1,176.38,50,30.0,118655,515804,23.0,16.50
2026-08-29T14:34:12,36606,40192,91.1,180.93,51,13.0,102364,515804,19.8,16.06
2026-08-29T14:34:17,36606,40192,91.1,179.30,50,9.1,99470,515804,19.3,15.57
2026-08-29T14:34:23,36606,40192,91.1,178.22,50,9.2,109766,515804,21.3,15.29
2026-08-29T14:34:28,36606,40192,91.1,180.32,51,37.0,107385,515804,20.8,14.79
2026-08-29T14:34:34,36606,40192,91.1,174.48,50,19.0,133159,515804,25.8,14.49
2026-08-29T14:34:39,36606,40192,91.1,179.80,50,8.7,125564,515804,24.3,14.13
2026-08-29T14:34:45,36606,40192,91.1,179.80,50,14.5,120320,515804,23.3,14.20
2026-08-29T14:34:50,36606,40192,91.1,180.40,50,9.3,116636,515804,22.6,14.10
2026-08-29T14:34:56,36606,40192,91.1,179.59,50,9.0,129612,515804,25.1,13.85
2026-08-29T14:35:01,36606,40192,91.1,91.60,48,32.7,105450,515804,20.4,17.95
2026-08-29T14:35:06,36606,40192,91.1,175.32,50,9.5,97480,515804,18.9,17.47
2026-08-29T14:35:12,36606,40192,91.1,174.27,50,9.5,106903,515804,20.7,16.96
2026-08-29T14:35:17,36606,40192,91.1,181.46,50,28.2,94948,515804,18.4,16.48
2026-08-29T14:35:23,36606,40192,91.1,175.53,50,22.2,111628,515804,21.6,26.37
2026-08-29T14:35:28,36606,40192,91.1,182.72,50,21.8,125747,515804,24.4,24.45
2026-08-29T14:35:34,36606,40192,91.1,182.51,50,13.8,118667,515804,23.0,23.78
2026-08-29T14:35:39,36606,40192,91.1,180.11,51,9.6,118362,515804,22.9,22.83
2026-08-29T14:35:45,36606,40192,91.1,180.64,50,8.9,118093,515804,22.9,21.89
2026-08-29T14:35:50,36606,40192,91.1,179.80,50,27.3,113908,515804,22.1,21.01
2026-08-29T14:35:55,36606,40192,91.1,177.72,50,12.2,104028,515804,20.2,20.13
2026-08-29T14:36:01,36606,40192,91.1,179.27,50,9.1,102008,515804,19.8,19.64
2026-08-29T14:36:06,36606,40192,91.1,80.14,48,9.4,109745,515804,21.3,19.27
2026-08-29T14:36:12,36606,40192,91.1,177.11,51,39.1,109432,515804,21.2,28.94
2026-08-29T14:36:17,36606,40192,91.1,86.28,48,19.0,135700,515804,26.3,27.42
2026-08-29T14:36:23,36606,40192,91.1,176.34,50,9.0,127908,515804,24.8,26.11
2026-08-29T14:36:28,36606,40192,91.1,175.32,50,14.5,122741,515804,23.8,23.86
2026-08-29T14:36:34,36606,40192,91.1,179.27,50,9.7,118978,515804,23.1,22.83
2026-08-29T14:36:39,36606,40192,91.1,174.18,50,10.2,131905,515804,25.6,21.88
2026-08-29T14:36:45,36606,40192,91.1,179.59,50,34.9,106386,515804,20.6,21.33
2026-08-29T14:36:50,36606,40192,91.1,180.40,50,11.2,93313,515804,18.1,20.82
2026-08-29T14:36:55,36606,40192,91.1,178.25,50,8.8,104647,515804,20.3,20.03
2026-08-29T14:37:01,36606,40192,91.1,176.34,50,28.4,90663,515804,17.6,19.39
2026-08-29T14:37:06,36606,40192,91.1,174.71,51,20.4,108475,515804,21.0,18.80
2026-08-29T14:37:12,36606,40192,91.1,177.64,50,19.4,124523,515804,24.1,18.17
2026-08-29T14:37:17,36606,40192,91.1,181.70,50,13.5,119317,515804,23.1,17.60
2026-08-29T14:37:23,36606,40192,91.1,181.17,50,9.5,118334,515804,22.9,16.99
2026-08-29T14:37:28,36606,40192,91.1,179.51,50,9.1,120092,515804,23.3,16.62
2026-08-29T14:37:34,36606,40192,91.1,180.64,50,28.3,115306,515804,22.4,26.66
2026-08-29T14:37:39,36606,40192,91.1,179.30,50,12.9,105639,515804,20.5,25.73
2026-08-29T14:37:44,36606,40192,91.1,179.30,50,9.1,102797,515804,19.9,24.63
2026-08-29T14:37:50,36606,40192,91.1,177.43,50,9.6,110127,515804,21.4,23.62
2026-08-29T14:37:55,36606,40192,91.1,175.00,51,33.2,111244,515804,21.6,32.78
2026-08-29T14:38:02,36606,40192,91.1,178.53,50,20.4,125785,515804,24.4,30.95
2026-08-29T14:38:07,36606,40192,91.1,167.32,50,12.5,128685,515804,24.9,29.68
2026-08-29T14:38:13,36606,40192,91.1,181.91,51,14.0,116786,515804,22.6,28.82
2026-08-29T14:38:18,36606,40192,91.1,174.27,50,9.4,116829,515804,22.6,26.40
2026-08-29T14:38:24,36606,40192,91.1,133.59,50,14.5,117240,515804,22.7,25.17
2026-08-29T14:38:29,36606,40192,91.1,178.25,50,28.5,103409,515804,20.0,23.95
2026-08-29T14:38:35,36606,40192,91.1,182.51,50,9.2,98071,515804,19.0,23.00
2026-08-29T14:38:40,36606,40192,91.1,183.04,50,8.9,104820,515804,20.3,22.03
2026-08-29T14:38:47,36606,40192,91.1,181.99,50,40.4,108501,515804,21.0,24.11
2026-08-29T14:38:52,36606,40192,91.1,180.32,50,19.1,132386,515804,25.7,22.98
2026-08-29T14:38:58,36606,40192,91.1,181.38,50,8.6,126113,515804,24.4,22.10
2026-08-29T14:39:03,36606,40192,91.1,182.20,50,14.5,121290,515804,23.5,20.48
2026-08-29T14:39:09,36606,40192,91.1,176.58,50,9.9,117735,515804,22.8,20.04
2026-08-29T14:39:14,36606,40192,91.1,181.17,50,9.6,130208,515804,25.2,19.31
2026-08-29T14:39:20,36606,40192,91.1,181.17,51,30.7,106219,515804,20.6,19.21
2026-08-29T14:39:25,36606,40192,91.1,178.98,50,11.2,100633,515804,19.5,18.87
2026-08-29T14:39:32,36606,40192,91.1,177.43,50,10.9,108777,515804,21.1,18.64
2026-08-29T14:39:37,36606,40192,91.1,181.17,50,38.0,107924,515804,20.9,18.11
2026-08-29T14:39:43,36606,40192,91.1,176.58,51,8.7,107103,515804,20.8,17.54
2026-08-29T14:39:48,36606,40192,91.1,87.62,48,19.1,124153,515804,24.1,16.62
2026-08-29T14:39:54,36606,40192,91.1,184.36,51,14.2,119515,515804,23.2,16.17
2026-08-29T14:39:59,36606,40192,91.1,178.98,50,9.1,113544,515804,22.0,15.92
2026-08-29T14:40:05,36606,40192,91.1,178.53,50,8.8,125999,515804,24.4,15.52
2026-08-29T14:40:10,36606,40192,91.1,174.48,50,30.4,103847,515804,20.1,15.40
2026-08-29T14:40:16,36606,40192,91.1,176.67,51,9.1,103153,515804,20.0,15.21
2026-08-29T14:40:21,36606,40192,91.1,175.53,50,9.3,104417,515804,20.2,14.87
2026-08-29T14:40:26,36606,40192,91.1,87.10,48,29.0,105244,515804,20.4,14.56
2026-08-29T14:40:33,36606,40192,91.1,175.32,51,15.5,111335,515804,21.6,23.60
2026-08-29T14:40:39,36606,40192,91.1,87.33,48,20.5,127265,515804,24.7,22.91
2026-08-29T14:40:44,36606,40192,91.1,170.53,50,15.5,121543,515804,23.6,22.20
2026-08-29T14:40:50,36606,40192,91.1,178.77,50,11.7,118209,515804,22.9,21.62
2026-08-29T14:40:55,36606,40192,91.1,177.64,50,9.0,118826,515804,23.0,20.85
2026-08-29T14:41:01,36606,40192,91.1,176.34,49,28.1,112195,515804,21.8,19.98
2026-08-29T14:41:06,36606,40192,91.1,175.77,51,12.5,102971,515804,20.0,19.18
2026-08-29T14:41:11,36606,40192,91.1,182.72,50,9.2,101314,515804,19.6,18.61
2026-08-29T14:41:17,36606,40192,91.1,181.67,50,8.9,104669,515804,20.3,18.00
2026-08-29T14:41:22,36606,40192,91.1,177.93,51,38.4,108618,515804,21.1,21.28
2026-08-29T14:41:28,36606,40192,91.1,181.70,50,19.4,131420,515804,25.5,20.46
2026-08-29T14:41:33,36606,40192,91.1,174.71,50,8.7,125730,515804,24.4,19.78
2026-08-29T14:41:39,36606,40192,91.1,175.77,50,13.9,121168,515804,23.5,18.58
2026-08-29T14:41:44,36606,40192,91.1,173.98,50,9.8,117843,515804,22.8,18.14
2026-08-29T14:41:49,36606,40192,91.1,180.93,50,9.5,127982,515804,24.8,17.89
2026-08-29T14:41:55,36606,40192,91.1,180.62,50,30.8,105995,515804,20.5,17.73
2026-08-29T14:42:00,36606,40192,91.1,180.86,50,9.8,98562,515804,19.1,17.51
2026-08-29T14:42:06,36606,40192,91.1,176.34,48,11.0,109644,515804,21.3,17.31
2026-08-29T14:42:11,36606,40192,91.1,177.19,50,39.4,113165,515804,21.9,17.29
2026-08-29T14:42:17,36606,40192,91.1,173.17,50,10.2,107731,515804,20.9,16.70
2026-08-29T14:42:22,36606,40192,91.1,180.64,50,19.5,123872,515804,24.0,16.41
2026-08-29T14:42:28,36606,40192,91.1,179.80,50,14.5,118907,515804,23.1,15.89
2026-08-29T14:42:33,36606,40192,91.1,181.99,50,9.0,112963,515804,21.9,15.50
2026-08-29T14:42:39,36606,40192,91.1,179.51,50,8.7,121337,515804,23.5,14.96
2026-08-29T14:42:44,36606,40192,91.1,179.27,50,27.4,108913,515804,21.1,14.80
2026-08-29T14:42:49,36606,40192,91.1,173.98,51,12.6,103476,515804,20.1,14.41
2026-08-29T14:42:55,36606,40192,91.1,182.49,50,9.1,103347,515804,20.0,14.30
2026-08-29T14:43:00,36606,40192,91.1,179.83,50,9.5,104322,515804,20.2,14.36
2026-08-29T14:43:06,36606,40192,91.1,175.77,50,37.2,110202,515804,21.4,24.98
2026-08-29T14:43:11,36606,40192,91.1,175.77,50,19.9,131163,515804,25.4,24.10
2026-08-29T14:43:17,36606,40192,91.1,178.98,50,9.2,126089,515804,24.4,23.29
2026-08-29T14:43:22,36606,40192,91.1,176.58,50,15.6,122129,515804,23.7,22.79
2026-08-29T14:43:27,36606,40192,91.1,177.11,50,11.8,118836,515804,23.0,22.16
2026-08-29T14:43:33,36606,40192,91.1,176.88,50,10.5,121406,515804,23.5,21.67
2026-08-29T14:43:38,36606,40192,91.1,177.93,50,30.4,102564,515804,19.9,20.73
2026-08-29T14:43:44,36606,40192,91.1,178.53,50,9.1,96107,515804,18.6,19.24
2026-08-29T14:43:49,36606,40192,91.1,180.86,50,9.0,108094,515804,21.0,18.66
2026-08-29T14:43:55,36606,40192,91.1,164.92,50,39.5,117685,515804,22.8,17.96
2026-08-29T14:44:00,36606,40192,91.1,180.32,51,8.7,109516,515804,21.2,17.57
2026-08-29T14:44:05,36606,40192,91.1,178.98,50,19.1,125572,515804,24.3,17.12
2026-08-29T14:44:11,36606,40192,91.1,180.04,50,14.6,120511,515804,23.4,16.63
2026-08-29T14:44:16,36606,40192,91.1,180.40,51,9.1,112572,515804,21.8,16.10
2026-08-29T14:44:22,36606,40192,91.1,81.48,49,9.3,123642,515804,24.0,16.01
2026-08-29T14:44:27,36606,40192,91.1,175.57,50,30.1,111657,515804,21.6,16.01
2026-08-29T14:44:33,36606,40192,91.1,177.11,50,9.7,104434,515804,20.2,15.53
2026-08-29T14:44:38,36606,40192,91.1,180.04,50,9.7,104664,515804,20.3,15.73
2026-08-29T14:44:44,36606,40192,91.1,176.58,50,27.8,102475,515804,19.9,26.34
2026-08-29T14:44:50,36606,40192,91.1,181.17,51,22.9,111645,515804,21.6,25.35
2026-08-29T14:44:55,36606,40192,91.1,181.91,50,20.4,121926,515804,23.6,24.44
2026-08-29T14:45:01,36606,40192,91.1,176.58,50,12.5,124316,515804,24.1,23.29
2026-08-29T14:45:06,36606,40192,91.1,177.11,50,9.9,117977,515804,22.9,22.62
2026-08-29T14:45:11,36606,40192,91.1,179.83,50,9.4,117771,515804,22.8,22.25
2026-08-29T14:45:17,36606,40192,91.1,151.20,49,24.6,118017,515804,22.9,21.51
2026-08-29T14:45:23,36606,40192,91.1,178.77,50,13.4,104569,515804,20.3,31.08
2026-08-29T14:45:28,36606,40192,91.1,176.67,50,9.5,100820,515804,19.5,29.55
2026-08-29T14:45:33,36606,40192,91.1,79.08,48,9.3,113752,515804,22.1,28.15
2026-08-29T14:45:39,36606,40192,91.1,177.64,50,38.7,109241,515804,21.2,25.50
2026-08-29T14:45:44,36606,40192,91.1,177.43,50,9.2,109597,515804,21.2,24.50
2026-08-29T14:45:50,36606,40192,91.1,178.46,50,19.0,126841,515804,24.6,23.50
2026-08-29T14:45:55,36606,40192,91.1,175.57,50,15.3,121893,515804,23.6,22.42
2026-08-29T14:46:01,36606,40192,91.1,179.59,50,10.1,116465,515804,22.6,21.66
2026-08-29T14:46:06,36606,40192,91.1,179.83,50,10.4,128384,515804,24.9,21.21
2026-08-29T14:46:12,36606,40192,91.1,80.42,47,29.2,101921,515804,19.8,30.96
2026-08-29T14:46:18,36606,40192,91.1,176.58,50,9.4,94806,515804,18.4,29.60
2026-08-29T14:46:23,36606,40192,91.1,176.38,49,8.8,106017,515804,20.6,26.90
2026-08-29T14:46:29,36606,40192,91.1,178.01,50,32.9,102603,515804,19.9,25.62
2026-08-29T14:46:34,36606,40192,91.1,181.46,51,15.1,109008,515804,21.1,24.45
2026-08-29T14:46:40,36606,40192,91.1,179.83,50,19.3,125123,515804,24.3,23.30
2026-08-29T14:46:45,36606,40192,91.1,179.59,50,14.1,120089,515804,23.3,22.31
2026-08-29T14:46:51,36606,40192,91.1,183.02,50,9.5,115736,515804,22.4,21.32
2026-08-29T14:46:56,36606,40192,91.1,178.74,50,8.9,126922,515804,24.6,20.50
2026-08-29T14:47:03,36606,40192,91.1,180.40,50,30.6,104599,515804,20.3,19.98
2026-08-29T14:47:09,36606,40192,91.1,176.14,50,9.2,103393,515804,20.0,18.76
2026-08-29T14:47:14,36606,40192,91.1,81.19,50,9.5,106303,515804,20.6,18.13
2026-08-29T14:47:19,36606,40192,91.1,183.02,50,28.9,100225,515804,19.4,27.89
2026-08-29T14:47:25,36606,40192,91.1,177.40,51,22.0,112588,515804,21.8,26.86
2026-08-29T14:47:30,36606,40192,91.1,179.27,50,21.8,127538,515804,24.7,25.99
2026-08-29T14:47:36,36606,40192,91.1,177.64,50,14.0,122255,515804,23.7,24.71
2026-08-29T14:47:41,36606,40192,91.1,80.66,47,9.9,112042,515804,21.7,23.53
2026-08-29T14:47:48,36606,40192,91.1,178.77,50,8.8,121514,515804,23.6,22.61
2026-08-29T14:47:53,36606,40192,91.1,140.50,50,31.8,112038,515804,21.7,21.84
2026-08-29T14:47:59,36606,40192,91.1,180.86,50,8.8,102864,515804,19.9,20.25
2026-08-29T14:48:04,36606,40192,91.1,181.17,50,9.2,102943,515804,20.0,19.42
2026-08-29T14:48:10,36606,40192,91.1,165.36,49,26.2,102611,515804,19.9,18.75
2026-08-29T14:48:16,36606,40192,91.1,184.14,50,20.9,110293,515804,21.4,18.21
2026-08-29T14:48:21,36606,40192,91.1,175.85,49,18.9,125153,515804,24.3,17.63
2026-08-29T14:48:27,36606,40192,91.1,180.32,50,13.0,123611,515804,24.0,17.26
2026-08-29T14:48:33,36606,40192,91.1,178.53,50,10.8,120967,515804,23.5,16.84
2026-08-29T14:48:39,36606,40192,91.1,180.93,50,9.2,120471,515804,23.4,16.01
2026-08-29T14:48:44,36606,40192,91.1,177.40,50,26.8,118610,515804,23.0,25.94
2026-08-29T14:48:50,36606,40192,91.1,180.93,51,14.9,106547,515804,20.7,24.99
2026-08-29T14:48:55,36606,40192,91.1,178.01,50,10.5,99518,515804,19.3,23.95
2026-08-29T14:49:01,36606,40192,91.1,179.80,50,9.1,107235,515804,20.8,23.47
2026-08-29T14:49:06,36606,40192,91.1,81.72,48,39.1,107178,515804,20.8,22.63
2026-08-29T14:49:12,36606,40192,91.1,174.71,50,16.3,127423,515804,24.7,21.70
2026-08-29T14:49:17,36606,40192,91.1,174.71,50,11.5,125055,515804,24.2,20.84
2026-08-29T14:49:23,36606,40192,91.1,181.91,50,13.9,120193,515804,23.3,30.30
2026-08-29T14:49:28,36606,40192,91.1,181.67,50,9.7,114391,515804,22.2,28.76
2026-08-29T14:49:33,36606,40192,91.1,181.91,50,9.0,127165,515804,24.7,27.26
2026-08-29T14:49:39,36606,40192,91.1,178.77,50,32.2,104421,515804,20.2,25.06
2026-08-29T14:49:44,36606,40192,91.1,178.77,50,9.6,103018,515804,20.0,24.09
2026-08-29T14:49:50,36606,40192,91.1,183.56,50,8.6,105419,515804,20.4,23.04
2026-08-29T14:49:55,36606,40192,91.1,178.77,50,27.1,100427,515804,19.5,22.08
2026-08-29T14:50:01,36606,40192,91.1,182.27,50,21.4,111496,515804,21.6,21.27
2026-08-29T14:50:06,36606,40192,91.1,175.85,50,20.4,126170,515804,24.5,30.86
2026-08-29T14:50:12,36606,40192,91.1,178.25,49,15.2,127989,515804,24.8,29.51
2026-08-29T14:50:17,36606,40192,91.1,165.12,50,10.6,116804,515804,22.6,28.03
2026-08-29T14:50:22,36606,40192,91.1,180.40,50,8.8,117207,515804,22.7,27.14
2026-08-29T14:50:28,36606,40192,91.1,166.79,49,26.6,117435,515804,22.8,25.93
2026-08-29T14:50:34,36606,40192,91.1,176.58,51,12.4,103796,515804,20.1,23.93
2026-08-29T14:50:39,36606,40192,91.1,178.53,50,9.2,100620,515804,19.5,22.89
2026-08-29T14:50:45,36606,40192,91.1,94.58,48,8.9,113100,515804,21.9,21.94
2026-08-29T14:50:50,36606,40192,91.1,181.46,50,39.8,108683,515804,21.1,31.15
2026-08-29T14:50:56,36606,40192,91.1,178.98,50,8.6,109360,515804,21.2,29.54
2026-08-29T14:51:01,36606,40192,91.1,173.37,50,19.5,126566,515804,24.5,28.38
2026-08-29T14:51:06,36606,40192,91.1,182.20,51,14.4,121654,515804,23.6,27.30
2026-08-29T14:51:12,36606,40192,91.1,83.59,49,9.7,116167,515804,22.5,25.92
2026-08-29T14:51:17,36606,40192,91.1,179.06,50,9.5,128877,515804,25.0,24.64
2026-08-29T14:51:23,36606,40192,91.1,182.27,50,32.9,105710,515804,20.5,23.79
2026-08-29T14:51:28,36606,40192,91.1,179.51,50,11.7,103779,515804,20.1,23.09
2026-08-29T14:51:34,36606,40192,91.1,176.06,50,10.9,102533,515804,19.9,22.24
2026-08-29T14:51:39,36606,40192,91.1,102.83,49,27.8,93238,515804,18.1,21.58
2026-08-29T14:51:44,36606,40192,91.1,178.74,50,20.6,108278,515804,21.0,20.65
2026-08-29T14:51:50,36606,40192,91.1,181.38,50,19.6,123233,515804,23.9,19.80
2026-08-29T14:51:55,36606,40192,91.1,180.62,50,12.9,122161,515804,23.7,19.01
2026-08-29T14:52:01,36606,40192,91.1,175.32,51,10.0,118863,515804,23.0,18.45
2026-08-29T14:52:06,36606,40192,91.1,174.71,50,8.8,118956,515804,23.1,17.85
2026-08-29T14:52:12,36606,40192,91.1,144.24,50,26.6,117997,515804,22.9,17.38
2026-08-29T14:52:17,36606,40192,91.1,177.11,50,12.3,105354,515804,20.4,17.03
2026-08-29T14:52:23,36606,40192,91.1,180.62,50,9.8,102413,515804,19.9,16.55
2026-08-29T14:52:28,36606,40192,91.1,179.83,50,9.0,110158,515804,21.4,16.10
2026-08-29T14:52:34,36606,40192,91.1,181.91,50,39.5,109899,515804,21.3,15.40
2026-08-29T14:52:39,36606,40192,91.1,169.43,50,19.5,135910,515804,26.3,15.37
2026-08-29T14:52:45,36606,40192,91.1,180.04,50,9.7,127557,515804,24.7,15.02
2026-08-29T14:52:50,36606,40192,91.1,180.64,50,16.5,122337,515804,23.7,14.94
2026-08-29T14:52:56,36606,40192,91.1,179.06,50,11.2,116469,515804,22.6,16.62
2026-08-29T14:53:01,36606,40192,91.1,178.25,50,9.2,125845,515804,24.4,16.17
2026-08-29T14:53:07,36606,40192,91.1,175.03,50,29.9,102602,515804,19.9,26.89
2026-08-29T14:53:12,36606,40192,91.1,182.27,51,9.3,99120,515804,19.2,25.62
2026-08-29T14:53:18,36606,40192,91.1,178.77,50,8.7,104045,515804,20.2,24.37
2026-08-29T14:53:23,36606,40192,91.1,181.17,50,28.9,99763,515804,19.3,23.29
2026-08-29T14:53:28,36606,40192,91.1,178.74,51,20.8,109839,515804,21.3,22.31
2026-08-29T14:53:34,36606,40192,91.1,173.66,50,19.6,124393,515804,24.1,20.73
2026-08-29T14:53:39,36606,40192,91.1,182.27,50,12.5,126390,515804,24.5,19.95
2026-08-29T14:53:45,36606,40192,91.1,181.67,50,10.7,119749,515804,23.2,19.23
2026-08-29T14:53:50,36606,40192,91.1,176.06,50,9.0,119953,515804,23.3,18.49
2026-08-29T14:53:56,36606,40192,91.1,180.32,50,27.3,115005,515804,22.3,18.29
2026-08-29T14:54:02,36606,40192,91.1,181.70,50,12.9,106118,515804,20.6,17.95
2026-08-29T14:54:08,36606,40192,91.1,176.58,50,10.3,103885,515804,20.1,17.95
2026-08-29T14:54:13,36606,40192,91.1,180.40,50,11.7,111475,515804,21.6,17.88
2026-08-29T14:54:19,36606,40192,91.1,171.26,51,38.7,106367,515804,20.6,17.33
2026-08-29T14:54:24,36606,40192,91.1,173.17,50,18.9,132156,515804,25.6,26.60
2026-08-29T14:54:30,36606,40192,91.1,179.80,50,8.7,124403,515804,24.1,25.35
2026-08-29T14:54:35,36606,40192,91.1,177.72,51,14.5,119362,515804,23.1,24.12
2026-08-29T14:54:41,36606,40192,91.1,178.25,50,9.3,117657,515804,22.8,23.15
2026-08-29T14:54:47,36606,40192,91.1,175.32,50,9.3,120685,515804,23.4,22.34
2026-08-29T14:54:52,36606,40192,91.1,179.59,50,30.7,104819,515804,20.3,21.51
2026-08-29T14:54:58,36606,40192,91.1,68.90,47,8.9,98943,515804,19.2,20.83
2026-08-29T14:55:03,36606,40192,91.1,176.67,50,8.9,111589,515804,21.6,20.04
2026-08-29T14:55:09,36606,40192,91.1,180.86,50,40.6,116375,515804,22.6,18.65
2026-08-29T14:55:14,36606,40192,91.1,178.74,50,8.7,111024,515804,21.5,18.04
2026-08-29T14:55:20,36606,40192,91.1,181.38,50,20.5,126947,515804,24.6,17.71
2026-08-29T14:55:25,36606,40192,91.1,182.72,50,14.6,122172,515804,23.7,27.83
2026-08-29T14:55:31,36606,40192,91.1,181.14,50,11.2,114929,515804,22.3,26.88
2026-08-29T14:55:36,36606,40192,91.1,181.46,50,11.4,124152,515804,24.1,25.93
2026-08-29T14:55:42,36606,40192,91.1,175.77,50,27.5,103256,515804,20.0,24.65
2026-08-29T14:55:48,36606,40192,91.1,181.67,50,9.1,102509,515804,19.9,23.64
2026-08-29T14:55:54,36606,40192,91.1,176.88,50,8.9,101963,515804,19.8,22.63
2026-08-29T14:55:59,36606,40192,91.1,152.66,50,26.7,100456,515804,19.5,31.69
2026-08-29T14:56:05,36606,40192,91.1,182.51,50,20.8,109325,515804,21.2,30.11
2026-08-29T14:56:10,36606,40192,91.1,177.43,50,17.1,125647,515804,24.4,28.58
2026-08-29T14:56:17,36606,40192,91.1,176.58,50,14.4,120326,515804,23.3,27.25
2026-08-29T14:56:23,36606,40192,91.1,182.49,50,9.1,114307,515804,22.2,25.87
2026-08-29T14:56:28,36606,40192,91.1,179.30,50,9.2,122861,515804,23.8,24.60
2026-08-29T14:56:33,36606,40192,91.1,181.46,50,28.9,113349,515804,22.0,23.51
2026-08-29T14:56:39,36606,40192,91.1,177.43,50,9.3,104912,515804,20.3,21.89
2026-08-29T14:56:44,36606,40192,91.1,181.17,50,9.7,104745,515804,20.3,21.10
2026-08-29T14:56:50,36606,40192,91.1,161.71,50,17.3,104770,515804,20.3,20.69
2026-08-29T14:56:56,36606,40192,91.1,180.11,50,35.2,111738,515804,21.7,20.15
2026-08-29T14:57:01,36606,40192,91.1,179.06,50,20.1,123962,515804,24.0,19.58
2026-08-29T14:57:06,36606,40192,91.1,174.71,50,8.7,122661,515804,23.8,18.89
2026-08-29T14:57:12,36606,40192,91.1,178.01,50,14.1,119199,515804,23.1,18.18
2026-08-29T14:57:17,36606,40192,91.1,177.43,50,9.4,116922,515804,22.7,17.60
2026-08-29T14:57:23,36606,40192,91.1,182.49,50,9.1,120922,515804,23.4,17.32
2026-08-29T14:57:28,36606,40192,91.1,178.77,50,30.4,104489,515804,20.3,26.10
2026-08-29T14:57:33,36606,40192,91.1,179.06,50,9.5,98267,515804,19.1,24.97
2026-08-29T14:57:39,36606,40192,91.1,179.06,50,8.7,109976,515804,21.3,23.85
2026-08-29T14:57:44,36606,40192,91.1,179.80,50,38.3,118008,515804,22.9,32.35
2026-08-29T14:57:50,36606,40192,91.1,179.51,51,9.2,111145,515804,21.5,30.56
2026-08-29T14:57:55,36606,40192,91.1,181.17,50,19.3,126936,515804,24.6,28.92
2026-08-29T14:58:01,36606,40192,91.1,178.22,50,15.1,121865,515804,23.6,28.12
2026-08-29T14:58:06,36606,40192,91.1,177.19,51,9.7,113871,515804,22.1,27.07
2026-08-29T14:58:12,36606,40192,91.1,180.93,50,10.7,124939,515804,24.2,26.02
2026-08-29T14:58:17,36606,40192,91.1,176.58,50,32.2,108648,515804,21.1,25.06
2026-08-29T14:58:23,36606,40192,91.1,181.70,50,8.9,102033,515804,19.8,23.93
2026-08-29T14:58:28,36606,40192,91.1,180.64,50,9.3,102373,515804,19.8,23.06
2026-08-29T14:58:33,36606,40192,91.1,140.10,49,26.7,102800,515804,19.9,31.53
2026-08-29T14:58:40,36606,40192,91.1,178.46,50,21.2,110191,515804,21.4,29.97
2026-08-29T14:58:45,36606,40192,91.1,174.79,50,19.0,125218,515804,24.3,28.37
2026-08-29T14:58:50,36606,40192,91.1,178.53,50,13.0,129334,515804,25.1,27.06
2026-08-29T14:58:56,36606,40192,91.1,176.38,50,9.9,119664,515804,23.2,25.77
2026-08-29T14:59:01,36606,40192,91.1,179.83,50,9.1,119647,515804,23.2,24.51
2026-08-29T14:59:07,36606,40192,91.1,175.24,50,26.2,118227,515804,22.9,23.43
2026-08-29T14:59:13,36606,40192,91.1,181.14,51,12.3,106222,515804,20.6,22.51
2026-08-29T14:59:18,36606,40192,91.1,81.48,48,9.7,103080,515804,20.0,21.59
2026-08-29T14:59:23,36606,40192,91.1,174.51,50,10.0,111940,515804,21.7,21.14
2026-08-29T14:59:29,36606,40192,91.1,180.86,50,38.8,110705,515804,21.5,20.60
2026-08-29T14:59:34,36606,40192,91.1,167.84,50,18.3,129018,515804,25.0,20.08
2026-08-29T14:59:40,36606,40192,91.1,177.40,50,12.6,123532,515804,23.9,19.35
2026-08-29T14:59:45,36606,40192,91.1,75.34,48,14.3,118717,515804,23.0,18.60
2026-08-29T14:59:51,36606,40192,91.1,179.30,50,9.3,114164,515804,22.1,18.07
2026-08-29T14:59:56,36606,40192,91.1,180.11,50,9.0,126321,515804,24.5,17.58
2026-08-29T15:00:02,36606,40192,91.1,177.43,50,30.5,103298,515804,20.0,18.02
2026-08-29T15:00:07,36606,40192,91.1,182.27,50,9.2,100345,515804,19.5,17.46
2026-08-29T15:00:13,36606,40192,91.1,181.46,50,9.0,105125,515804,20.4,16.94
2026-08-29T15:00:18,36606,40192,91.1,180.64,50,27.0,98356,515804,19.1,16.46
2026-08-29T15:00:23,36606,40192,91.1,179.59,50,20.5,110728,515804,21.5,26.52
2026-08-29T15:00:29,36606,40192,91.1,172.32,50,20.0,125574,515804,24.3,25.35
2026-08-29T15:00:34,36606,40192,91.1,173.90,50,13.5,125415,515804,24.3,23.94
2026-08-29T15:00:40,36606,40192,91.1,177.40,50,11.0,120593,515804,23.4,23.30
2026-08-29T15:00:45,36606,40192,91.1,183.04,50,9.4,120626,515804,23.4,22.24
2026-08-29T15:00:51,36606,40192,91.1,173.37,49,28.8,119897,515804,23.2,21.66
2026-08-29T15:00:56,36606,40192,91.1,176.06,50,14.3,102107,515804,19.8,20.72
2026-08-29T15:01:02,36606,40192,91.1,179.80,50,9.4,99296,515804,19.3,20.03
2026-08-29T15:01:07,36606,40192,91.1,180.32,50,8.9,110914,515804,21.5,19.30
2026-08-29T15:01:13,36606,40192,91.1,176.34,50,37.6,107615,515804,20.9,23.28
2026-08-29T15:01:18,36606,40192,91.1,177.19,50,12.9,119621,515804,23.2,22.30
2026-08-29T15:01:24,36606,40192,91.1,178.77,50,14.7,125355,515804,24.3,21.39
2026-08-29T15:01:29,36606,40192,91.1,178.77,50,14.6,120654,515804,23.4,20.64
2026-08-29T15:01:35,36606,40192,91.1,179.59,50,9.6,115848,515804,22.5,19.16
2026-08-29T15:01:40,36606,40192,91.1,181.67,50,8.9,128367,515804,24.9,18.42
2026-08-29T15:01:45,36606,40192,91.1,177.93,50,30.5,105526,515804,20.5,18.23
2026-08-29T15:01:51,36606,40192,91.1,182.20,50,9.3,98789,515804,19.2,17.57
2026-08-29T15:01:56,36606,40192,91.1,178.77,50,9.4,108905,515804,21.1,17.12
2026-08-29T15:02:02,36606,40192,91.1,174.71,50,28.4,94156,515804,18.3,16.55
2026-08-29T15:02:08,36606,40192,91.1,172.84,50,21.1,111879,515804,21.7,16.03
2026-08-29T15:02:13,36606,40192,91.1,177.11,50,21.9,127627,515804,24.7,16.11
2026-08-29T15:02:18,36606,40192,91.1,149.86,50,15.1,117561,515804,22.8,16.02
2026-08-29T15:02:24,36606,40192,91.1,180.32,50,9.6,118221,515804,22.9,15.86
2026-08-29T15:02:29,36606,40192,91.1,181.38,50,8.8,117924,515804,22.9,15.18
2026-08-29T15:02:35,36606,40192,91.1,180.04,50,26.7,114373,515804,22.2,25.26
2026-08-29T15:02:40,36606,40192,91.1,181.67,50,11.7,102854,515804,19.9,24.04
2026-08-29T15:02:47,36606,40192,91.1,181.38,50,9.0,103097,515804,20.0,23.07
2026-08-29T15:02:52,36606,40192,91.1,144.00,49,24.4,103169,515804,20.0,22.43
2026-08-29T15:02:58,36606,40192,91.1,178.01,50,22.4,110463,515804,21.4,33.20
2026-08-29T15:03:04,36606,40192,91.1,182.72,50,19.3,125281,515804,24.3,31.42
2026-08-29T15:03:09,36606,40192,91.1,84.12,47,13.4,130436,515804,25.3,37.57
2026-08-29T15:03:15,36606,40192,91.1,179.51,50,10.2,120653,515804,23.4,35.68
2026-08-29T15:03:20,36606,40192,91.1,180.32,50,9.7,120500,515804,23.4,33.70
2026-08-29T15:03:26,36606,40192,91.1,170.77,50,25.8,118196,515804,22.9,32.29
2026-08-29T15:03:32,36606,40192,91.1,180.40,51,15.0,106747,515804,20.7,31.06
2026-08-29T15:03:38,36606,40192,91.1,179.59,50,10.9,98912,515804,19.2,29.77
2026-08-29T15:03:43,36606,40192,91.1,176.14,50,9.3,109847,515804,21.3,28.35
2026-08-29T15:03:48,36606,40192,91.1,183.26,50,39.5,107152,515804,20.8,37.69
2026-08-29T15:03:54,36606,40192,91.1,178.46,50,9.1,108569,515804,21.0,35.63
2026-08-29T15:03:59,36606,40192,91.1,180.64,50,18.8,124886,515804,24.2,41.76
2026-08-29T15:04:05,36606,40192,91.1,180.93,50,14.0,120164,515804,23.3,39.29
2026-08-29T15:04:10,36606,40192,91.1,73.99,48,9.4,117913,515804,22.9,36.95
2026-08-29T15:04:17,36606,40192,91.1,176.34,50,9.1,124315,515804,24.1,35.03
2026-08-29T15:04:22,36606,40192,91.1,178.53,50,31.1,105475,515804,20.4,33.02
2026-08-29T15:04:28,36606,40192,91.1,180.32,50,9.8,98554,515804,19.1,31.26
2026-08-29T15:04:33,36606,40192,91.1,178.74,50,8.9,110455,515804,21.4,29.64
2026-08-29T15:04:39,36606,40192,91.1,172.60,50,38.2,119593,515804,23.2,28.47
2026-08-29T15:04:44,36606,40192,91.1,175.77,51,9.8,111832,515804,21.7,27.55
2026-08-29T15:04:50,36606,40192,91.1,176.91,50,20.6,127590,515804,24.7,25.68
2026-08-29T15:04:55,36606,40192,91.1,177.40,50,16.6,122427,515804,23.7,24.99
2026-08-29T15:05:01,36606,40192,91.1,170.44,48,10.0,110341,515804,21.4,23.87
2026-08-29T15:05:06,36606,40192,91.1,180.32,50,8.9,120780,515804,23.4,22.92
2026-08-29T15:05:11,36606,40192,91.1,178.25,50,29.2,109172,515804,21.2,32.29
2026-08-29T15:05:17,36606,40192,91.1,180.64,51,12.4,102977,515804,20.0,30.59
2026-08-29T15:05:22,36606,40192,91.1,88.68,48,9.3,101810,515804,19.7,29.02
2026-08-29T15:05:28,36606,40192,91.1,176.91,50,8.9,104346,515804,20.2,27.58
2026-08-29T15:05:33,36606,40192,91.1,180.93,50,39.4,109161,515804,21.2,26.41
2026-08-29T15:05:39,36606,40192,91.1,178.53,50,19.2,131991,515804,25.6,25.09
2026-08-29T15:05:44,36606,40192,91.1,182.27,50,8.8,126311,515804,24.5,23.97
2026-08-29T15:05:50,36606,40192,91.1,81.72,48,14.5,121473,515804,23.6,22.05
2026-08-29T15:05:55,36606,40192,91.1,182.20,50,9.4,118310,515804,22.9,21.09
2026-08-29T15:06:00,36606,40192,91.1,175.77,50,10.0,129360,515804,25.1,20.76
2026-08-29T15:06:06,36606,40192,91.1,178.98,50,31.0,106385,515804,20.6,20.38
2026-08-29T15:06:11,36606,40192,91.1,179.59,50,10.8,98664,515804,19.1,19.87
2026-08-29T15:06:17,36606,40192,91.1,177.93,49,11.2,109348,515804,21.2,19.40
2026-08-29T15:06:22,36606,40192,91.1,180.86,50,29.3,93112,515804,18.1,18.72
2026-08-29T15:06:28,36606,40192,91.1,93.76,49,18.7,108211,515804,21.0,18.10
2026-08-29T15:06:33,36606,40192,91.1,180.11,50,19.7,124313,515804,24.1,17.54
2026-08-29T15:06:38,36606,40192,91.1,87.62,48,14.1,118872,515804,23.0,17.09
2026-08-29T15:06:44,36606,40192,91.1,181.99,50,9.1,116159,515804,22.5,16.68
2026-08-29T15:06:49,36606,40192,91.1,177.93,50,8.7,120980,515804,23.5,16.15
2026-08-29T15:06:55,36606,40192,91.1,180.04,50,27.4,111953,515804,21.7,15.60
2026-08-29T15:07:00,36606,40192,91.1,180.86,51,12.2,104510,515804,20.3,15.31
2026-08-29T15:07:05,36606,40192,91.1,177.11,50,9.4,103498,515804,20.1,14.96
2026-08-29T15:07:11,36606,40192,91.1,175.53,50,9.5,111661,515804,21.6,14.65
2026-08-29T15:07:16,36606,40192,91.1,180.04,51,37.9,110204,515804,21.4,24.76
2026-08-29T15:07:22,36606,40192,91.1,172.03,50,19.7,135522,515804,26.3,23.66
2026-08-29T15:07:27,36606,40192,91.1,181.91,50,9.4,127726,515804,24.8,22.89
2026-08-29T15:07:33,36606,40192,91.1,181.38,51,15.7,122563,515804,23.8,28.26
2026-08-29T15:07:38,36606,40192,91.1,176.91,50,11.1,113522,515804,22.0,26.80
2026-08-29T15:07:44,36606,40192,91.1,177.93,50,9.2,127077,515804,24.6,25.53
2026-08-29T15:07:49,36606,40192,91.1,93.76,49,30.9,103373,515804,20.0,24.37
2026-08-29T15:07:55,36606,40192,91.1,181.46,50,9.3,96287,515804,18.7,22.24
2026-08-29T15:08:00,36606,40192,91.1,181.17,50,8.7,105837,515804,20.5,21.34
2026-08-29T15:08:05,36606,40192,91.1,181.99,50,26.7,92353,515804,17.9,20.75
2026-08-29T15:08:11,36606,40192,91.1,175.03,50,20.5,110116,515804,21.3,19.89
2026-08-29T15:08:16,36606,40192,91.1,179.83,50,19.8,125347,515804,24.3,19.42
2026-08-29T15:08:22,36606,40192,91.1,175.32,50,13.0,120820,515804,23.4,18.82
2026-08-29T15:08:27,36606,40192,91.1,181.14,50,11.1,121077,515804,23.5,18.20
2026-08-29T15:08:33,36606,40192,91.1,179.30,50,8.9,120938,515804,23.4,17.54
2026-08-29T15:08:38,36606,40192,91.1,175.24,50,28.6,118604,515804,23.0,17.10
2026-08-29T15:08:44,36606,40192,91.1,180.62,51,12.9,106635,515804,20.7,16.85
2026-08-29T15:08:49,36606,40192,91.1,181.99,50,10.2,103683,515804,20.1,16.62
2026-08-29T15:08:54,36606,40192,91.1,176.06,50,11.6,111154,515804,21.5,16.41
2026-08-29T15:09:00,36606,40192,91.1,175.77,51,39.4,106602,515804,20.7,16.51
2026-08-29T15:09:05,36606,40192,91.1,173.90,50,18.0,130803,515804,25.4,15.99
2026-08-29T15:09:11,36606,40192,91.1,175.53,50,9.7,124557,515804,24.1,15.59
2026-08-29T15:09:16,36606,40192,91.1,181.14,50,14.3,119520,515804,23.2,15.30
2026-08-29T15:09:22,36606,40192,91.1,180.11,50,9.3,115286,515804,22.4,15.03
2026-08-29T15:09:27,36606,40192,91.1,173.90,50,8.9,128682,515804,24.9,14.79
2026-08-29T15:09:33,36606,40192,91.1,180.04,50,32.5,105284,515804,20.4,25.38
2026-08-29T15:09:38,36606,40192,91.1,183.04,50,9.2,100092,515804,19.4,24.23
2026-08-29T15:09:44,36606,40192,91.1,180.64,50,8.7,107958,515804,20.9,23.09
2026-08-29T15:09:49,36606,40192,91.1,180.32,50,28.5,97366,515804,18.9,22.20
2026-08-29T15:09:54,36606,40192,91.1,176.58,51,20.8,112817,515804,21.9,31.47
2026-08-29T15:10:00,36606,40192,91.1,179.59,50,20.3,128079,515804,24.8,28.49
2026-08-29T15:10:05,36606,40192,91.1,179.51,50,13.7,124411,515804,24.1,33.42
2026-08-29T15:10:11,36606,40192,91.1,82.00,47,11.9,115825,515804,22.5,31.94
2026-08-29T15:10:18,36606,40192,91.1,177.40,50,10.2,122531,515804,23.8,30.66
2026-08-29T15:10:24,36606,40192,91.1,84.70,48,31.4,107890,515804,20.9,29.01
2026-08-29T15:10:29,36606,40192,91.1,176.14,50,9.2,102195,515804,19.8,27.57
2026-08-29T15:10:34,36606,40192,91.1,177.19,50,9.0,102225,515804,19.8,26.32
2026-08-29T15:10:40,36606,40192,91.1,180.04,50,26.1,98025,515804,19.0,34.53
2026-08-29T15:10:46,36606,40192,91.1,178.98,50,20.9,109781,515804,21.3,32.64
2026-08-29T15:10:51,36606,40192,91.1,177.11,50,19.3,124617,515804,24.2,30.99
2026-08-29T15:10:57,36606,40192,91.1,158.68,50,13.2,120263,515804,23.3,29.39
2026-08-29T15:11:03,36606,40192,91.1,79.32,48,9.5,119730,515804,23.2,28.08
2026-08-29T15:11:09,36606,40192,91.1,179.51,50,9.2,121164,515804,23.5,26.71
2026-08-29T15:11:14,36606,40192,91.1,179.59,50,27.1,114909,515804,22.3,25.61
2026-08-29T15:11:19,36606,40192,91.1,181.38,50,13.3,105318,515804,20.4,35.65
2026-08-29T15:11:25,36606,40192,91.1,180.64,50,9.9,104365,515804,20.2,32.40
2026-08-29T15:11:30,36606,40192,91.1,178.01,50,11.0,108913,515804,21.1,31.01
2026-08-29T15:11:36,36606,40192,91.1,176.67,50,40.9,110880,515804,21.5,29.73
2026-08-29T15:11:41,36606,40192,91.1,83.59,47,17.0,122644,515804,23.8,28.15
2026-08-29T15:11:48,36606,40192,91.1,170.97,50,12.0,128571,515804,24.9,26.85
2026-08-29T15:11:54,36606,40192,91.1,176.91,50,10.7,118329,515804,22.9,25.58
2026-08-29T15:11:59,36606,40192,91.1,181.91,50,9.1,118345,515804,22.9,24.50
2026-08-29T15:12:04,36606,40192,91.1,136.76,49,25.1,118507,515804,23.0,33.06
2026-08-29T15:12:11,36606,40192,91.1,180.93,50,12.7,103865,515804,20.1,31.62
2026-08-29T15:12:17,36606,40192,91.1,176.38,50,9.3,103890,515804,20.1,29.97
2026-08-29T15:12:23,36606,40192,91.1,95.35,47,22.1,104043,515804,20.2,28.53
2026-08-29T15:12:29,36606,40192,91.1,177.43,50,25.8,111095,515804,21.5,36.09
2026-08-29T15:12:34,36606,40192,91.1,175.03,50,19.1,125936,515804,24.4,34.00
2026-08-29T15:12:39,36606,40192,91.1,176.38,50,13.7,131433,515804,25.5,32.48
2026-08-29T15:12:45,36606,40192,91.1,180.11,50,10.5,121288,515804,23.5,39.20
2026-08-29T15:12:51,36606,40192,91.1,78.55,49,11.0,120990,515804,23.5,37.27
2026-08-29T15:12:56,36606,40192,91.1,121.84,49,23.0,116355,515804,22.6,35.48
2026-08-29T15:13:02,36606,40192,91.1,176.38,50,19.0,102965,515804,20.0,33.44
2026-08-29T15:13:07,36606,40192,91.1,175.53,50,9.2,98958,515804,19.2,31.64
2026-08-29T15:13:13,36606,40192,91.1,79.08,48,9.1,111711,515804,21.7,29.99
2026-08-29T15:13:18,36606,40192,91.1,176.06,50,39.7,108326,515804,21.0,38.80
2026-08-29T15:13:24,36606,40192,91.1,179.27,50,8.7,108542,515804,21.0,36.49
2026-08-29T15:13:29,36606,40192,91.1,177.40,50,19.1,125959,515804,24.4,34.45
2026-08-29T15:13:35,36606,40192,91.1,181.38,50,14.5,120807,515804,23.4,32.49
2026-08-29T15:13:40,36606,40192,91.1,183.02,50,9.2,115160,515804,22.3,29.65
2026-08-29T15:13:46,36606,40192,91.1,177.11,50,9.4,127131,515804,24.6,28.48
2026-08-29T15:13:51,36606,40192,91.1,182.49,50,30.7,105231,515804,20.4,37.49
2026-08-29T15:13:56,36606,40192,91.1,179.06,50,9.7,104978,515804,20.4,35.69
2026-08-29T15:14:02,36606,40192,91.1,179.59,50,9.3,105847,515804,20.5,34.03
2026-08-29T15:14:07,36606,40192,91.1,75.58,48,27.1,100381,515804,19.5,32.27
2026-08-29T15:14:13,36606,40192,91.1,181.91,50,23.1,112012,515804,21.7,30.80
2026-08-29T15:14:18,36606,40192,91.1,85.22,48,20.7,122245,515804,23.7,29.54
2026-08-29T15:14:24,36606,40192,91.1,182.49,50,13.1,123527,515804,23.9,27.97
2026-08-29T15:14:29,36606,40192,91.1,176.38,50,10.1,117881,515804,22.9,26.61
2026-08-29T15:14:34,36606,40192,91.1,176.91,50,8.9,117989,515804,22.9,25.44
2026-08-29T15:14:40,36606,40192,91.1,132.62,50,26.8,116225,515804,22.5,34.03
2026-08-29T15:14:46,36606,40192,91.1,82.54,49,12.3,104748,515804,20.3,32.18
2026-08-29T15:14:51,36606,40192,91.1,182.27,50,9.5,101975,515804,19.8,30.41
2026-08-29T15:14:56,36606,40192,91.1,180.64,50,9.1,110697,515804,21.5,28.93
2026-08-29T15:15:02,36606,40192,91.1,180.04,50,39.0,109470,515804,21.2,37.67
2026-08-29T15:15:07,36606,40192,91.1,172.64,50,18.5,133509,515804,25.9,35.45
2026-08-29T15:15:13,36606,40192,91.1,181.99,50,9.4,127117,515804,24.6,33.41
2026-08-29T15:15:18,36606,40192,91.1,177.64,50,15.0,122104,515804,23.7,32.26
2026-08-29T15:15:24,36606,40192,91.1,176.88,50,10.3,117304,515804,22.7,30.56
2026-08-29T15:15:29,36606,40192,91.1,178.53,50,10.2,129850,515804,25.2,28.99
2026-08-29T15:15:35,36606,40192,91.1,179.51,50,34.2,106290,515804,20.6,28.19
2026-08-29T15:15:40,36606,40192,91.1,179.30,50,9.8,98325,515804,19.1,26.00
2026-08-29T15:15:45,36606,40192,91.1,180.11,50,8.7,104445,515804,20.2,24.80
2026-08-29T15:15:51,36606,40192,91.1,87.33,48,28.2,91990,515804,17.8,34.18
2026-08-29T15:15:56,36606,40192,91.1,179.51,50,20.8,109096,515804,21.2,32.33
2026-08-29T15:16:02,36606,40192,91.1,175.53,50,19.4,124559,515804,24.1,30.78
2026-08-29T15:16:07,36606,40192,91.1,175.77,50,13.2,121434,515804,23.5,29.20
2026-08-29T15:16:13,36606,40192,91.1,176.88,50,10.6,119959,515804,23.3,27.74
2026-08-29T15:16:18,36606,40192,91.1,175.57,50,8.7,119470,515804,23.2,26.32
2026-08-29T15:16:23,36606,40192,91.1,173.37,50,26.5,117044,515804,22.7,25.09
2026-08-29T15:16:29,36606,40192,91.1,176.58,50,12.8,106134,515804,20.6,24.28
2026-08-29T15:16:34,36606,40192,91.1,176.67,50,9.8,102958,515804,20.0,23.22
2026-08-29T15:16:40,36606,40192,91.1,181.67,50,9.6,112096,515804,21.7,22.32
2026-08-29T15:16:45,36606,40192,91.1,182.72,50,39.7,110572,515804,21.4,20.59
2026-08-29T15:16:51,36606,40192,91.1,166.46,50,18.4,130474,515804,25.3,20.14
2026-08-29T15:16:56,36606,40192,91.1,180.93,50,13.7,127705,515804,24.8,19.65
2026-08-29T15:17:02,36606,40192,91.1,175.24,50,33.7,118490,515804,23.0,18.95
2026-08-29T15:17:07,36606,40192,91.1,178.46,50,9.2,114243,515804,22.1,18.32
2026-08-29T15:17:13,36606,40192,91.1,178.98,50,9.2,126657,515804,24.6,17.81
2026-08-29T15:17:18,36606,40192,91.1,82.00,48,30.4,103586,515804,20.1,27.04
2026-08-29T15:17:23,36606,40192,91.1,179.59,50,9.2,97213,515804,18.8,25.83
2026-08-29T15:17:29,36606,40192,91.1,181.67,50,8.6,106229,515804,20.6,24.56
2026-08-29T15:17:34,36606,40192,91.1,178.98,50,30.1,96549,515804,18.7,23.88
2026-08-29T15:17:40,36606,40192,91.1,181.46,50,20.6,110503,515804,21.4,22.85
2026-08-29T15:17:45,36606,40192,91.1,182.27,50,19.1,125967,515804,24.4,21.11
2026-08-29T15:17:51,36606,40192,91.1,91.36,49,13.1,123151,515804,23.9,20.54
2026-08-29T15:17:56,36606,40192,91.1,176.91,50,11.1,116912,515804,22.7,20.26
2026-08-29T15:18:02,36606,40192,91.1,181.67,50,9.3,122992,515804,23.8,19.76
2026-08-29T15:18:08,36606,40192,91.1,182.72,50,27.6,111452,515804,21.6,19.05
2026-08-29T15:18:13,36606,40192,91.1,181.38,51,14.7,105438,515804,20.4,18.73
2026-08-29T15:18:18,36606,40192,91.1,102.06,48,11.2,100550,515804,19.5,18.11
2026-08-29T15:18:24,36606,40192,91.1,178.77,50,10.9,101138,515804,19.6,17.54
2026-08-29T15:18:29,36606,40192,91.1,178.25,51,37.6,107808,515804,20.9,22.94
2026-08-29T15:18:35,36606,40192,91.1,183.02,50,19.4,128099,515804,24.8,22.07
2026-08-29T15:18:40,36606,40192,91.1,181.70,50,18.2,124399,515804,24.1,20.53
2026-08-29T15:18:47,36606,40192,91.1,153.36,50,21.4,118788,515804,23.0,20.17
2026-08-29T15:18:53,36606,40192,91.1,176.67,50,8.8,119211,515804,23.1,19.35
2026-08-29T15:18:58,36606,40192,91.1,105.52,50,22.8,119156,515804,23.1,18.84
2026-08-29T15:19:04,36606,40192,91.1,183.33,50,17.2,105503,515804,20.5,18.22
2026-08-29T15:19:09,36606,40192,91.1,180.40,50,9.8,101570,515804,19.7,17.72
2026-08-29T15:19:15,36606,40192,91.1,175.03,50,8.9,114472,515804,22.2,17.18
2026-08-29T15:19:20,36606,40192,91.1,180.62,50,41.2,111362,515804,21.6,16.38
2026-08-29T15:19:26,36606,40192,91.1,96.69,47,18.4,134384,515804,26.1,16.11
2026-08-29T15:19:32,36606,40192,91.1,180.64,50,10.0,127993,515804,24.8,16.02
2026-08-29T15:19:38,36606,40192,91.1,173.13,50,16.7,120943,515804,23.4,24.91
2026-08-29T15:19:43,36606,40192,91.1,180.11,50,9.3,114231,515804,22.1,24.03
2026-08-29T15:19:48,36606,40192,91.1,179.80,50,8.9,127500,515804,24.7,22.99
2026-08-29T15:19:54,36606,40192,91.1,176.38,50,31.4,103577,515804,20.1,32.28
2026-08-29T15:19:59,36606,40192,91.1,178.53,50,9.1,97544,515804,18.9,30.49
2026-08-29T15:20:05,36606,40192,91.1,176.38,50,8.7,106342,515804,20.6,28.93
2026-08-29T15:20:10,36606,40192,91.1,73.18,47,36.7,115669,515804,22.4,26.95
2026-08-29T15:20:17,36606,40192,91.1,179.80,50,9.0,110069,515804,21.3,25.59
2026-08-29T15:20:22,36606,40192,91.1,75.58,48,19.2,126411,515804,24.5,24.58
2026-08-29T15:20:28,36606,40192,91.1,182.20,50,14.4,121672,515804,23.6,33.91
2026-08-29T15:20:33,36606,40192,91.1,180.62,50,9.1,115036,515804,22.3,31.99
2026-08-29T15:20:39,36606,40192,91.1,175.85,50,9.4,126820,515804,24.6,30.47
2026-08-29T15:20:44,36606,40192,91.1,179.83,50,32.8,111982,515804,21.7,29.31
2026-08-29T15:20:50,36606,40192,91.1,179.30,50,10.2,106633,515804,20.7,28.33
2026-08-29T15:20:55,36606,40192,91.1,176.14,50,11.4,106506,515804,20.6,26.94
2026-08-29T15:21:00,36606,40192,91.1,75.58,47,28.9,100851,515804,19.6,35.36
2026-08-29T15:21:06,36606,40192,91.1,181.70,50,20.8,109815,515804,21.3,33.49
2026-08-29T15:21:12,36606,40192,91.1,79.60,48,19.1,123173,515804,23.9,41.86
2026-08-29T15:21:17,36606,40192,91.1,177.19,50,13.2,124251,515804,24.1,39.39
2026-08-29T15:21:23,36606,40192,91.1,169.43,50,10.0,118647,515804,23.0,37.19
2026-08-29T15:21:28,36606,40192,91.1,179.80,50,8.7,118892,515804,23.0,35.10
2026-08-29T15:21:34,36606,40192,91.1,182.51,50,26.0,117044,515804,22.7,33.25
2026-08-29T15:21:40,36606,40192,91.1,179.06,50,12.7,105461,515804,20.4,41.87
2026-08-29T15:21:45,36606,40192,91.1,183.86,50,9.2,102457,515804,19.9,39.40
2026-08-29T15:21:50,36606,40192,91.1,183.78,50,9.6,112430,515804,21.8,35.28
2026-08-29T15:21:56,36606,40192,91.1,180.11,50,39.3,110112,515804,21.3,33.49
2026-08-29T15:22:01,36606,40192,91.1,175.57,50,15.6,127370,515804,24.7,31.61
2026-08-29T15:22:07,36606,40192,91.1,173.17,50,13.6,127502,515804,24.7,29.96
2026-08-29T15:22:12,36606,40192,91.1,180.64,50,15.1,122605,515804,23.8,28.36
2026-08-29T15:22:18,36606,40192,91.1,181.46,50,11.8,117879,515804,22.9,27.53
2026-08-29T15:22:23,36606,40192,91.1,177.43,50,9.2,125406,515804,24.3,26.29
2026-08-29T15:22:29,36606,40192,91.1,179.59,50,31.3,102547,515804,19.9,35.15
2026-08-29T15:22:34,36606,40192,91.1,179.83,49,9.2,101455,515804,19.7,33.22
2026-08-29T15:22:39,36606,40192,91.1,178.53,50,8.7,103995,515804,20.2,31.44
2026-08-29T15:22:45,36606,40192,91.1,178.77,50,30.0,98883,515804,19.2,29.80
2026-08-29T15:22:50,36606,40192,91.1,179.80,50,20.6,110076,515804,21.3,27.15
2026-08-29T15:22:56,36606,40192,91.1,179.83,50,19.6,124678,515804,24.2,25.94
2026-08-29T15:23:01,36606,40192,91.1,178.53,50,13.1,125709,515804,24.4,24.66
2026-08-29T15:23:07,36606,40192,91.1,151.84,51,10.0,120107,515804,23.3,23.49
2026-08-29T15:23:12,36606,40192,91.1,176.14,50,9.3,120169,515804,23.3,22.81
2026-08-29T15:23:18,36606,40192,91.1,177.72,49,27.3,120339,515804,23.3,21.94
2026-08-29T15:23:24,36606,40192,91.1,179.51,50,13.0,106612,515804,20.7,20.99
2026-08-29T15:23:29,36606,40192,91.1,179.80,50,9.9,103163,515804,20.0,20.51
2026-08-29T15:23:34,36606,40192,91.1,177.40,50,11.4,115394,515804,22.4,20.14
2026-08-29T15:23:40,36606,40192,91.1,177.19,50,42.7,110680,515804,21.5,19.89
2026-08-29T15:23:45,36606,40192,91.1,177.40,50,8.9,107026,515804,20.7,19.11
2026-08-29T15:23:51,36606,40192,91.1,178.01,50,19.5,124226,515804,24.1,18.54
2026-08-29T15:23:56,36606,40192,91.1,180.11,50,14.0,119489,515804,23.2,18.02
2026-08-29T15:24:02,36606,40192,91.1,174.18,50,9.2,113692,515804,22.0,17.46
2026-08-29T15:24:07,36606,40192,91.1,179.30,50,8.8,125513,515804,24.3,17.02
2026-08-29T15:24:12,36606,40192,91.1,179.51,50,30.2,104463,515804,20.3,20.86
2026-08-29T15:24:18,36606,40192,91.1,178.77,50,9.7,104911,515804,20.3,20.15
2026-08-29T15:24:23,36606,40192,91.1,176.91,50,8.8,104745,515804,20.3,19.42
2026-08-29T15:24:29,36606,40192,91.1,178.53,50,26.8,101770,515804,19.7,18.83
2026-08-29T15:24:34,36606,40192,91.1,173.45,50,20.8,111319,515804,21.6,28.29
2026-08-29T15:24:40,36606,40192,91.1,176.88,50,19.8,125888,515804,24.4,26.90
2026-08-29T15:24:45,36606,40192,91.1,180.62,50,14.4,127438,515804,24.7,25.55
2026-08-29T15:24:51,36606,40192,91.1,179.27,50,10.5,121331,515804,23.5,23.83
2026-08-29T15:24:56,36606,40192,91.1,179.51,50,11.6,121109,515804,23.5,23.29
2026-08-29T15:25:01,36606,40192,91.1,155.23,50,27.7,116596,515804,22.6,22.54
2026-08-29T15:25:07,36606,40192,91.1,180.93,50,12.4,103112,515804,20.0,21.54
2026-08-29T15:25:13,36606,40192,91.1,172.32,50,9.2,100287,515804,19.4,20.69
2026-08-29T15:25:18,36606,40192,91.1,174.71,50,9.2,110782,515804,21.5,19.92
2026-08-29T15:25:24,36606,40192,91.1,181.14,50,40.8,108132,515804,21.0,29.21
2026-08-29T15:25:29,36606,40192,91.1,177.11,50,12.6,119283,515804,23.1,27.67
2026-08-29T15:25:35,36606,40192,91.1,179.83,50,15.6,126109,515804,24.4,26.66
2026-08-29T15:25:40,36606,40192,91.1,177.40,50,14.3,121063,515804,23.5,25.49
2026-08-29T15:25:46,36606,40192,91.1,180.62,50,9.1,116490,515804,22.6,23.26
2026-08-29T15:25:51,36606,40192,91.1,179.06,50,9.5,129303,515804,25.1,22.36
2026-08-29T15:25:57,36606,40192,91.1,180.32,50,29.6,106275,515804,20.6,21.77
2026-08-29T15:26:02,36606,40192,91.1,179.51,50,10.0,99387,515804,19.3,20.90
2026-08-29T15:26:08,36606,40192,91.1,181.14,50,9.7,109021,515804,21.1,20.11
2026-08-29T15:26:13,36606,40192,91.1,80.14,47,31.3,95652,515804,18.5,19.94
2026-08-29T15:26:18,36606,40192,91.1,178.53,50,23.0,112047,515804,21.7,19.47
2026-08-29T15:26:24,36606,40192,91.1,87.62,49,20.3,123122,515804,23.9,19.35
2026-08-29T15:26:29,36606,40192,91.1,176.34,50,13.2,120342,515804,23.3,18.68
2026-08-29T15:26:35,36606,40192,91.1,177.11,50,10.1,118641,515804,23.0,18.14
2026-08-29T15:26:40,36606,40192,91.1,172.92,50,9.0,122673,515804,23.8,17.81
2026-08-29T15:26:47,36606,40192,91.1,180.64,50,33.2,112297,515804,21.8,27.60
2026-08-29T15:26:52,36606,40192,91.1,176.91,50,9.0,103952,515804,20.2,26.27
2026-08-29T15:26:58,36606,40192,91.1,177.72,50,9.5,103535,515804,20.1,25.61
2026-08-29T15:27:03,36606,40192,91.1,147.28,49,26.5,103276,515804,20.0,24.60
2026-08-29T15:27:09,36606,40192,91.1,180.62,50,20.1,111006,515804,21.5,33.84
2026-08-29T15:27:15,36606,40192,91.1,88.15,48,19.6,125648,515804,24.4,32.33
2026-08-29T15:27:20,36606,40192,91.1,177.72,50,13.7,128555,515804,24.9,29.53
2026-08-29T15:27:26,36606,40192,91.1,92.95,48,10.6,122055,515804,23.7,28.37
2026-08-29T15:27:32,36606,40192,91.1,173.90,50,9.8,121922,515804,23.6,26.98
2026-08-29T15:27:37,36606,40192,91.1,180.86,50,30.8,116901,515804,22.7,26.10
2026-08-29T15:27:43,36606,40192,91.1,104.99,50,13.8,103016,515804,20.0,25.13
2026-08-29T15:27:48,36606,40192,91.1,180.32,50,9.2,100640,515804,19.5,24.08
2026-08-29T15:27:54,36606,40192,91.1,179.30,50,9.0,106068,515804,20.6,23.19
2026-08-29T15:27:59,36606,40192,91.1,182.27,50,42.5,107659,515804,20.9,32.46
2026-08-29T15:28:05,36606,40192,91.1,162.72,50,17.4,130953,515804,25.4,30.82
2026-08-29T15:28:10,36606,40192,91.1,174.71,50,9.9,124530,515804,24.1,28.10
2026-08-29T15:28:17,36606,40192,91.1,180.32,50,14.2,119443,515804,23.2,27.21
2026-08-29T15:28:22,36606,40192,91.1,176.14,50,9.2,119423,515804,23.2,25.91
2026-08-29T15:28:28,36606,40192,91.1,175.24,50,10.7,119727,515804,23.2,25.04
2026-08-29T15:28:33,36606,40192,91.1,179.27,50,29.7,105848,515804,20.5,24.07
2026-08-29T15:28:39,36606,40192,91.1,181.70,50,9.8,100196,515804,19.4,23.10
2026-08-29T15:28:44,36606,40192,91.1,173.17,50,9.6,111959,515804,21.7,22.22
2026-08-29T15:28:50,36606,40192,91.1,180.11,50,39.5,118413,515804,23.0,21.40
2026-08-29T15:28:55,36606,40192,91.1,175.85,50,10.3,111620,515804,21.6,20.64
2026-08-29T15:29:01,36606,40192,91.1,182.51,50,21.4,122961,515804,23.8,19.92
2026-08-29T15:29:06,36606,40192,91.1,175.32,50,14.2,118518,515804,23.0,19.21
2026-08-29T15:29:11,36606,40192,91.1,76.92,48,9.1,110420,515804,21.4,18.71
2026-08-29T15:29:17,36606,40192,91.1,178.46,50,8.8,120907,515804,23.4,18.25
2026-08-29T15:29:22,36606,40192,91.1,173.45,50,25.9,108034,515804,20.9,28.00
2026-08-29T15:29:28,36606,40192,91.1,173.98,50,12.3,103181,515804,20.0,26.80
2026-08-29T15:29:33,36606,40192,91.1,180.04,50,9.2,103379,515804,20.0,25.46
2026-08-29T15:29:39,36606,40192,91.1,181.67,50,9.3,103377,515804,20.0,24.30
2026-08-29T15:29:44,36606,40192,91.1,174.79,50,38.2,110268,515804,21.4,23.95
2026-08-29T15:29:50,36606,40192,91.1,175.53,50,19.2,128054,515804,24.8,22.84
2026-08-29T15:29:55,36606,40192,91.1,182.20,50,8.8,125840,515804,24.4,21.89
2026-08-29T15:30:00,36606,40192,91.1,173.66,50,14.7,121831,515804,23.6,31.43
2026-08-29T15:30:06,36606,40192,91.1,179.83,50,9.8,119842,515804,23.2,28.29
2026-08-29T15:30:11,36606,40192,91.1,179.51,50,10.1,121741,515804,23.6,27.22
2026-08-29T15:30:17,36606,40192,91.1,176.34,50,32.2,106861,515804,20.7,26.16
2026-08-29T15:30:22,36606,40192,91.1,178.77,50,10.6,96454,515804,18.7,25.19
2026-08-29T15:30:28,36606,40192,91.1,84.93,47,8.9,108306,515804,21.0,24.21
2026-08-29T15:30:33,36606,40192,91.1,181.17,50,41.2,115840,515804,22.5,33.48
2026-08-29T15:30:39,36606,40192,91.1,182.72,50,8.9,108817,515804,21.1,31.84
2026-08-29T15:30:44,36606,40192,91.1,176.58,50,19.1,125211,515804,24.3,30.09
2026-08-29T15:30:49,36606,40192,91.1,182.49,50,14.1,120520,515804,23.4,28.57
2026-08-29T15:30:55,36606,40192,91.1,180.93,50,9.4,112940,515804,21.9,27.08
2026-08-29T15:31:00,36606,40192,91.1,176.38,50,8.8,124132,515804,24.1,26.11
2026-08-29T15:31:06,36606,40192,91.1,180.62,50,30.3,110522,515804,21.4,24.03
2026-08-29T15:31:11,36606,40192,91.1,180.11,50,9.5,104709,515804,20.3,22.98
2026-08-29T15:31:17,36606,40192,91.1,87.10,49,8.7,104756,515804,20.3,22.02
2026-08-29T15:31:22,36606,40192,91.1,152.84,49,28.0,104070,515804,20.2,21.14
2026-08-29T15:31:28,36606,40192,91.1,175.77,50,21.8,111958,515804,21.7,20.33
2026-08-29T15:31:33,36606,40192,91.1,181.91,50,20.2,126633,515804,24.6,19.50
2026-08-29T15:31:39,36606,40192,91.1,175.32,50,15.8,129840,515804,25.2,19.06
2026-08-29T15:31:44,36606,40192,91.1,176.34,50,10.1,118007,515804,22.9,18.58
2026-08-29T15:31:50,36606,40192,91.1,179.30,50,8.8,118527,515804,23.0,18.13
2026-08-29T15:31:55,36606,40192,91.1,175.53,50,26.2,118704,515804,23.0,27.59
2026-08-29T15:32:01,36606,40192,91.1,177.72,50,12.2,105412,515804,20.4,26.26
2026-08-29T15:32:07,36606,40192,91.1,174.27,50,9.2,102488,515804,19.9,25.04
2026-08-29T15:32:12,36606,40192,91.1,182.49,50,9.0,114187,515804,22.1,23.99
2026-08-29T15:32:18,36606,40192,91.1,178.01,50,40.7,109170,515804,21.2,23.19
2026-08-29T15:32:23,36606,40192,91.1,177.11,50,12.7,120049,515804,23.3,22.22
2026-08-29T15:32:29,36606,40192,91.1,177.72,50,15.6,126958,515804,24.6,21.32
2026-08-29T15:32:34,36606,40192,91.1,179.27,50,14.2,122040,515804,23.7,20.65
2026-08-29T15:32:39,36606,40192,91.1,179.83,50,9.8,117054,515804,22.7,19.80
2026-08-29T15:32:45,36606,40192,91.1,176.38,50,9.5,129646,515804,25.1,19.17
2026-08-29T15:32:50,36606,40192,91.1,181.14,50,32.6,106402,515804,20.6,18.92
2026-08-29T15:32:56,36606,40192,91.1,177.72,50,11.8,101117,515804,19.6,18.32
2026-08-29T15:33:01,36606,40192,91.1,182.27,50,10.0,103082,515804,20.0,17.89
2026-08-29T15:33:07,36606,40192,91.1,178.98,50,28.7,95906,515804,18.6,27.59
2026-08-29T15:33:12,36606,40192,91.1,179.27,50,17.9,108552,515804,21.0,26.26
2026-08-29T15:33:19,36606,40192,91.1,183.04,50,20.0,124719,515804,24.2,25.44
2026-08-29T15:33:25,36606,40192,91.1,181.14,50,14.3,120025,515804,23.3,24.68
2026-08-29T15:33:30,36606,40192,91.1,175.00,50,9.2,112801,515804,21.9,24.07
2026-08-29T15:33:36,36606,40192,91.1,176.58,50,9.1,123880,515804,24.0,22.37
2026-08-29T15:33:41,36606,40192,91.1,181.99,50,32.2,110622,515804,21.4,31.63
2026-08-29T15:33:47,36606,40192,91.1,178.74,50,9.1,104117,515804,20.2,29.98
2026-08-29T15:33:52,36606,40192,91.1,84.93,47,9.3,104355,515804,20.2,28.86
2026-08-29T15:33:58,36606,40192,91.1,161.42,49,26.2,104510,515804,20.3,27.67
2026-08-29T15:34:04,36606,40192,91.1,176.58,50,22.2,111432,515804,21.6,26.25
2026-08-29T15:34:09,36606,40192,91.1,179.59,50,19.9,126105,515804,24.4,24.95
2026-08-29T15:34:14,36606,40192,91.1,151.20,50,14.4,131678,515804,25.5,24.48
2026-08-29T15:34:20,36606,40192,91.1,172.92,50,12.0,116766,515804,22.6,29.80
2026-08-29T15:34:25,36606,40192,91.1,175.57,50,9.6,117091,515804,22.7,28.46
2026-08-29T15:34:31,36606,40192,91.1,139.20,50,14.2,117496,515804,22.8,36.10
2026-08-29T15:34:36,36606,40192,91.1,178.77,50,24.8,103679,515804,20.1,34.01
2026-08-29T15:34:42,36606,40192,91.1,180.93,50,9.3,98840,515804,19.2,32.41
2026-08-29T15:34:47,36606,40192,91.1,176.91,50,8.9,111518,515804,21.6,30.78
2026-08-29T15:34:53,36606,40192,91.1,173.45,50,39.3,113604,515804,22.0,29.27
2026-08-29T15:34:58,36606,40192,91.1,173.98,50,9.1,109262,515804,21.2,28.05
2026-08-29T15:35:03,36606,40192,91.1,178.53,50,19.0,126389,515804,24.5,26.76
2026-08-29T15:35:09,36606,40192,91.1,84.12,48,14.5,121495,515804,23.6,25.42
2026-08-29T15:35:14,36606,40192,91.1,175.53,50,9.2,113874,515804,22.1,24.19
2026-08-29T15:35:20,36606,40192,91.1,178.46,50,9.3,125137,515804,24.3,23.13
2026-08-29T15:35:25,36606,40192,91.1,82.82,47,31.5,111690,515804,21.7,22.48
2026-08-29T15:35:31,36606,40192,91.1,178.01,50,10.3,105351,515804,20.4,21.56
2026-08-29T15:35:36,36606,40192,91.1,176.88,50,11.5,105176,515804,20.4,20.70
2026-08-29T15:35:41,36606,40192,91.1,172.11,50,23.3,91035,515804,17.6,19.92
2026-08-29T15:35:49,36606,40192,91.1,180.40,50,19.6,108317,515804,21.0,19.37
2026-08-29T15:35:55,36606,40192,91.1,175.57,50,19.4,124495,515804,24.1,19.02
2026-08-29T15:36:00,36606,40192,91.1,178.53,50,14.2,119126,515804,23.1,18.29
2026-08-29T15:36:06,36606,40192,91.1,89.73,48,9.5,117459,515804,22.8,17.79
2026-08-29T15:36:11,36606,40192,91.1,177.64,50,8.7,120638,515804,23.4,16.90
2026-08-29T15:36:17,36606,40192,91.1,178.98,50,27.5,113327,515804,22.0,25.80
2026-08-29T15:36:22,36606,40192,91.1,181.38,50,12.4,105025,515804,20.4,24.53
2026-08-29T15:36:27,36606,40192,91.1,80.14,47,9.0,104209,515804,20.2,23.45
2026-08-29T15:36:34,36606,40192,91.1,175.03,50,25.5,100568,515804,19.5,22.45
2026-08-29T15:36:40,36606,40192,91.1,163.05,49,21.2,111483,515804,21.6,31.54
2026-08-29T15:36:45,36606,40192,91.1,179.06,50,20.2,126046,515804,24.4,29.90
2026-08-29T15:36:51,36606,40192,91.1,88.68,48,13.9,129684,515804,25.1,28.46
2026-08-29T15:36:56,36606,40192,91.1,180.04,50,11.3,121475,515804,23.6,28.68
2026-08-29T15:37:01,36606,40192,91.1,181.46,50,11.9,121029,515804,23.5,27.58
2026-08-29T15:37:07,36606,40192,91.1,168.28,49,22.9,116762,515804,22.6,26.17
2026-08-29T15:37:13,36606,40192,91.1,181.67,50,16.1,103126,515804,20.0,24.96
2026-08-29T15:37:18,36606,40192,91.1,178.25,50,9.1,99513,515804,19.3,23.92
2026-08-29T15:37:24,36606,40192,91.1,180.86,50,9.2,112081,515804,21.7,23.13
2026-08-29T15:37:29,36606,40192,91.1,181.67,50,39.7,108050,515804,20.9,32.56
2026-08-29T15:37:35,36606,40192,91.1,176.38,50,8.6,108873,515804,21.1,30.76
2026-08-29T15:37:40,36606,40192,91.1,180.93,50,19.6,125915,515804,24.4,29.18
2026-08-29T15:37:46,36606,40192,91.1,178.98,50,14.1,121065,515804,23.5,27.80
2026-08-29T15:37:51,36606,40192,91.1,180.64,50,9.2,114842,515804,22.3,25.54
2026-08-29T15:37:56,36606,40192,91.1,179.80,50,9.4,126900,515804,24.6,24.45
2026-08-29T15:38:02,36606,40192,91.1,177.11,50,30.7,105413,515804,20.4,33.70
2026-08-29T15:38:07,36606,40192,91.1,178.25,50,10.1,105268,515804,20.4,31.89
2026-08-29T15:38:13,36606,40192,91.1,103.94,48,9.6,104934,515804,20.3,30.21
2026-08-29T15:38:18,36606,40192,91.1,177.19,50,27.2,101500,515804,19.7,29.00
2026-08-29T15:38:24,36606,40192,91.1,176.67,50,23.0,112065,515804,21.7,27.47
2026-08-29T15:38:30,36606,40192,91.1,181.67,50,20.4,122336,515804,23.7,26.55
2026-08-29T15:38:35,36606,40192,91.1,175.03,50,13.0,125593,515804,24.3,25.39
2026-08-29T15:38:41,36606,40192,91.1,180.62,50,10.1,117966,515804,22.9,27.60
2026-08-29T15:38:46,36606,40192,91.1,178.22,50,9.3,117952,515804,22.9,25.43
2026-08-29T15:38:52,36606,40192,91.1,164.64,49,25.9,117532,515804,22.8,34.76
2026-08-29T15:38:58,36606,40192,91.1,175.57,50,12.3,104672,515804,20.3,32.78
2026-08-29T15:39:03,36606,40192,91.1,177.11,50,9.6,101361,515804,19.7,31.12
2026-08-29T15:39:08,36606,40192,91.1,182.51,50,8.9,111964,515804,21.7,29.58
2026-08-29T15:39:14,36606,40192,91.1,179.27,50,38.4,109532,515804,21.2,28.18
2026-08-29T15:39:19,36606,40192,91.1,162.14,50,17.7,131883,515804,25.6,27.28
2026-08-29T15:39:25,36606,40192,91.1,88.96,48,10.5,127446,515804,24.7,26.06
2026-08-29T15:39:30,36606,40192,91.1,182.49,50,15.4,121871,515804,23.6,24.85
2026-08-29T15:39:36,36606,40192,91.1,176.14,50,9.9,117546,515804,22.8,23.82
2026-08-29T15:39:41,36606,40192,91.1,180.62,50,10.6,130264,515804,25.3,22.33
2026-08-29T15:39:47,36606,40192,91.1,174.27,50,32.4,106648,515804,20.7,21.66
2026-08-29T15:39:52,36606,40192,91.1,179.51,50,9.4,94889,515804,18.4,20.97
2026-08-29T15:39:57,36606,40192,91.1,177.64,50,8.7,104948,515804,20.3,20.17
2026-08-29T15:40:03,36606,40192,91.1,180.11,50,28.5,92881,515804,18.0,30.01
2026-08-29T15:40:08,36606,40192,91.1,180.93,51,20.6,109010,515804,21.1,28.40
2026-08-29T15:40:14,36606,40192,91.1,181.46,50,19.2,124731,515804,24.2,37.18
2026-08-29T15:40:19,36606,40192,91.1,175.85,50,12.6,120317,515804,23.3,35.08
2026-08-29T15:40:25,36606,40192,91.1,181.99,50,11.1,120254,515804,23.3,33.08
2026-08-29T15:40:30,36606,40192,91.1,179.30,50,8.8,120224,515804,23.3,31.23
2026-08-29T15:40:36,36606,40192,91.1,174.51,50,28.0,116362,515804,22.6,29.93
2026-08-29T15:40:41,36606,40192,91.1,82.00,48,12.8,106049,515804,20.6,27.62
2026-08-29T15:40:46,36606,40192,91.1,180.04,50,9.7,103391,515804,20.0,26.29
2026-08-29T15:40:52,36606,40192,91.1,179.30,50,9.5,109865,515804,21.3,25.07
2026-08-29T15:40:57,36606,40192,91.1,182.80,50,41.4,110403,515804,21.4,23.86
2026-08-29T15:41:03,36606,40192,91.1,174.18,50,20.5,136260,515804,26.4,23.23
2026-08-29T15:41:09,36606,40192,91.1,75.05,48,10.3,123604,515804,24.0,22.49
2026-08-29T15:41:14,36606,40192,91.1,174.71,50,14.2,118591,515804,23.0,21.97
2026-08-29T15:41:20,36606,40192,91.1,179.59,50,9.2,114498,515804,22.2,21.09
2026-08-29T15:41:25,36606,40192,91.1,178.25,50,9.2,127531,515804,24.7,20.20
2026-08-29T15:41:30,36606,40192,91.1,182.80,50,29.0,103921,515804,20.1,19.55
2026-08-29T15:41:36,36606,40192,91.1,180.04,50,9.2,96709,515804,18.7,18.78
2026-08-29T15:41:41,36606,40192,91.1,178.53,50,9.1,106619,515804,20.7,17.98
2026-08-29T15:41:47,36606,40192,91.1,180.11,50,27.0,92605,515804,18.0,17.58
2026-08-29T15:41:52,36606,40192,91.1,175.53,50,20.5,110672,515804,21.5,17.37
2026-08-29T15:41:58,36606,40192,91.1,183.56,50,19.6,126473,515804,24.5,18.79
2026-08-29T15:42:03,36606,40192,91.1,171.78,50,13.8,121060,515804,23.5,18.08
2026-08-29T15:42:09,36606,40192,91.1,181.38,50,10.0,119976,515804,23.3,17.43
2026-08-29T15:42:14,36606,40192,91.1,94.82,48,9.8,121008,515804,23.5,17.08
2026-08-29T15:42:19,36606,40192,91.1,183.33,50,27.0,115701,515804,22.4,16.59
2026-08-29T15:42:25,36606,40192,91.1,175.85,50,14.9,106406,515804,20.6,16.54
2026-08-29T15:42:30,36606,40192,91.1,178.25,50,9.6,100019,515804,19.4,16.34
2026-08-29T15:42:36,36606,40192,91.1,176.06,50,9.0,106633,515804,20.7,15.99
2026-08-29T15:42:41,36606,40192,91.1,178.01,50,32.5,108789,515804,21.1,15.55
2026-08-29T15:42:48,36606,40192,91.1,174.79,50,19.1,123812,515804,24.0,25.52
2026-08-29T15:42:53,36606,40192,91.1,175.32,50,11.3,130018,515804,25.2,24.43
2026-08-29T15:42:59,36606,40192,91.1,178.98,50,11.3,120349,515804,23.3,23.52
2026-08-29T15:43:04,36606,40192,91.1,176.14,50,9.6,120166,515804,23.3,22.52
2026-08-29T15:43:10,36606,40192,91.1,164.11,49,24.6,120516,515804,23.4,21.75
2026-08-29T15:43:16,36606,40192,91.1,181.99,50,13.0,106988,515804,20.7,21.05
2026-08-29T15:43:22,36606,40192,91.1,178.01,50,9.1,102625,515804,19.9,19.59
2026-08-29T15:43:27,36606,40192,91.1,181.99,50,9.9,107373,515804,20.8,18.98
2026-08-29T15:43:33,36606,40192,91.1,178.01,50,41.0,110399,515804,21.4,28.99
2026-08-29T15:43:39,36606,40192,91.1,81.72,48,10.2,110704,515804,21.5,27.63
2026-08-29T15:43:44,36606,40192,91.1,176.58,50,22.0,127614,515804,24.7,26.62
2026-08-29T15:43:49,36606,40192,91.1,180.40,50,15.4,118451,515804,23.0,35.70
2026-08-29T15:43:55,36606,40192,91.1,177.64,50,9.4,112886,515804,21.9,33.72
2026-08-29T15:44:00,36606,40192,91.1,179.30,50,9.0,124933,515804,24.2,31.82
2026-08-29T15:44:06,36606,40192,91.1,178.74,50,30.9,102542,515804,19.9,30.15
2026-08-29T15:44:11,36606,40192,91.1,175.77,50,9.2,96831,515804,18.8,27.53
2026-08-29T15:44:18,36606,40192,91.1,174.18,50,8.7,108545,515804,21.0,26.21
2026-08-29T15:44:23,36606,40192,91.1,180.04,50,35.9,115899,515804,22.5,37.08
2026-08-29T15:44:29,36606,40192,91.1,173.69,49,8.4,110246,515804,21.4,35.16
2026-08-29T15:44:35,36606,40192,91.1,177.11,50,19.4,126564,515804,24.5,33.62
2026-08-29T15:44:40,36606,40192,91.1,179.80,50,14.4,121660,515804,23.6,31.81
2026-08-29T15:44:46,36606,40192,91.1,180.32,50,9.7,113914,515804,22.1,30.06
2026-08-29T15:44:51,36606,40192,91.1,175.57,50,9.4,124935,515804,24.2,29.02
2026-08-29T15:44:57,36606,40192,91.1,180.32,50,30.6,111077,515804,21.5,26.65
2026-08-29T15:45:02,36606,40192,91.1,162.14,50,11.7,105132,515804,20.4,25.71
2026-08-29T15:45:08,36606,40192,91.1,174.18,50,11.1,100708,515804,19.5,24.78
2026-08-29T15:45:13,36606,40192,91.1,166.26,50,20.5,101065,515804,19.6,23.83
2026-08-29T15:45:19,36606,40192,91.1,176.58,50,28.8,108393,515804,21.0,22.80
2026-08-29T15:45:24,36606,40192,91.1,177.40,50,19.2,123157,515804,23.9,21.86
2026-08-29T15:45:30,36606,40192,91.1,183.02,50,8.7,123796,515804,24.0,20.99
2026-08-29T15:45:35,36606,40192,91.1,180.93,50,14.4,119019,515804,23.1,30.60
2026-08-29T15:45:41,36606,40192,91.1,180.86,50,18.4,121071,515804,23.5,29.19
2026-08-29T15:45:46,36606,40192,91.1,180.93,50,10.4,120744,515804,23.4,28.53
2026-08-29T15:45:52,36606,40192,91.1,176.06,50,31.3,105775,515804,20.5,26.22
2026-08-29T15:45:57,36606,40192,91.1,173.17,49,10.0,99629,515804,19.3,25.24
2026-08-29T15:46:02,36606,40192,91.1,176.14,50,9.3,111848,515804,21.7,24.10
2026-08-29T15:46:08,36606,40192,91.1,167.23,50,41.3,119171,515804,23.1,23.69
2026-08-29T15:46:13,36606,40192,91.1,181.70,50,9.5,111821,515804,21.7,23.07
2026-08-29T15:46:19,36606,40192,91.1,175.85,50,20.0,127962,515804,24.8,22.43
2026-08-29T15:46:24,36606,40192,91.1,179.83,50,16.4,122910,515804,23.8,21.91
2026-08-29T15:46:30,36606,40192,91.1,181.70,50,11.4,110679,515804,21.5,21.44
2026-08-29T15:46:35,36606,40192,91.1,175.85,50,8.9,121786,515804,23.6,20.60
2026-08-29T15:46:41,36606,40192,91.1,180.04,50,32.1,110987,515804,21.5,20.07
2026-08-29T15:46:46,36606,40192,91.1,178.22,50,8.9,102915,515804,20.0,19.35
2026-08-29T15:46:52,36606,40192,91.1,177.19,50,9.2,102826,515804,19.9,18.29
2026-08-29T15:46:57,36606,40192,91.1,130.22,49,20.6,103152,515804,20.0,17.71
2026-08-29T15:47:03,36606,40192,91.1,181.46,50,27.4,110458,515804,21.4,17.17
2026-08-29T15:47:08,36606,40192,91.1,180.93,50,19.2,124972,515804,24.2,27.25
2026-08-29T15:47:14,36606,40192,91.1,174.27,50,13.4,129297,515804,25.1,25.87
2026-08-29T15:47:19,36606,40192,91.1,181.38,50,10.4,120583,515804,23.4,24.67
2026-08-29T15:47:25,36606,40192,91.1,178.01,50,9.3,120576,515804,23.4,23.66
2026-08-29T15:47:30,36606,40192,91.1,143.83,49,25.7,119890,515804,23.2,23.05
2026-08-29T15:47:36,36606,40192,91.1,79.60,48,13.3,106828,515804,20.7,22.40
2026-08-29T15:47:42,36606,40192,91.1,178.22,50,10.5,103425,515804,20.1,21.49
2026-08-29T15:47:47,36606,40192,91.1,176.06,49,11.7,114527,515804,22.2,21.13
2026-08-29T15:47:52,36606,40192,91.1,181.67,50,37.5,107002,515804,20.7,20.24
2026-08-29T15:47:58,36606,40192,91.1,167.23,50,10.3,112039,515804,21.7,19.58
2026-08-29T15:48:03,36606,40192,91.1,181.91,50,18.0,124799,515804,24.2,19.13
2026-08-29T15:48:09,36606,40192,91.1,177.64,50,14.3,119932,515804,23.3,19.04
2026-08-29T15:48:14,36606,40192,91.1,180.64,50,9.2,115160,515804,22.3,18.40
2026-08-29T15:48:20,36606,40192,91.1,176.67,50,9.0,127671,515804,24.8,17.80
2026-08-29T15:48:25,36606,40192,91.1,182.51,50,32.2,104778,515804,20.3,17.26
2026-08-29T15:48:31,36606,40192,91.1,101.66,48,9.3,101149,515804,19.6,17.00
2026-08-29T15:48:36,36606,40192,91.1,181.67,50,8.8,106820,515804,20.7,16.44
2026-08-29T15:48:42,36606,40192,91.1,178.74,50,27.4,96279,515804,18.7,16.05
2026-08-29T15:48:47,36606,40192,91.1,180.11,50,21.2,111619,515804,21.6,15.97
2026-08-29T15:48:52,36606,40192,91.1,177.11,50,19.8,126819,515804,24.6,15.49
2026-08-29T15:48:58,36606,40192,91.1,180.86,50,13.3,123398,515804,23.9,15.13
2026-08-29T15:49:03,36606,40192,91.1,178.46,50,12.8,121982,515804,23.6,15.28
2026-08-29T15:49:09,36606,40192,91.1,180.32,50,10.8,117437,515804,22.8,15.26
2026-08-29T15:49:14,36606,40192,91.1,177.64,50,26.0,112247,515804,21.8,14.91
2026-08-29T15:49:20,36606,40192,91.1,180.04,50,12.4,103196,515804,20.0,14.60
2026-08-29T15:49:25,36606,40192,91.1,182.51,50,9.4,101377,515804,19.7,14.31
2026-08-29T15:49:31,36606,40192,91.1,97.75,48,9.1,103518,515804,20.1,13.97
2026-08-29T15:49:36,36606,40192,91.1,180.32,50,39.8,108906,515804,21.1,23.98
2026-08-29T15:49:41,36606,40192,91.1,180.64,50,19.2,131815,515804,25.6,23.02
2026-08-29T15:49:47,36606,40192,91.1,180.64,50,9.0,125788,515804,24.4,21.79
2026-08-29T15:49:52,36606,40192,91.1,183.04,50,13.9,121470,515804,23.5,20.84
2026-08-29T15:49:58,36606,40192,91.1,182.51,50,9.8,118896,515804,23.1,20.45
2026-08-29T15:50:03,36606,40192,91.1,180.86,50,9.0,124146,515804,24.1,19.86
2026-08-29T15:50:09,36606,40192,91.1,178.53,50,29.9,106452,515804,20.6,19.07
2026-08-29T15:50:14,36606,40192,91.1,176.67,50,9.8,100342,515804,19.5,18.66
2026-08-29T15:50:20,36606,40192,91.1,176.14,50,10.1,112540,515804,21.8,17.89
2026-08-29T15:50:25,36606,40192,91.1,181.91,50,41.4,117711,515804,22.8,17.82
2026-08-29T15:50:30,36606,40192,91.1,175.24,50,10.6,107770,515804,20.9,17.59
2026-08-29T15:50:36,36606,40192,91.1,179.59,50,19.6,124122,515804,24.1,27.39
2026-08-29T15:50:41,36606,40192,91.1,180.40,50,13.1,119562,515804,23.2,25.25
2026-08-29T15:50:48,36606,40192,91.1,173.66,50,9.3,113876,515804,22.1,24.19
2026-08-29T15:50:53,36606,40192,91.1,174.48,50,8.9,126204,515804,24.5,23.22
2026-08-29T15:50:59,36606,40192,91.1,99.38,47,31.2,103874,515804,20.1,25.04
2026-08-29T15:51:04,36606,40192,91.1,181.99,50,9.5,102408,515804,19.9,23.92
2026-08-29T15:51:10,36606,40192,91.1,180.11,50,8.8,105355,515804,20.4,23.04
2026-08-29T15:51:15,36606,40192,91.1,175.85,50,26.8,100097,515804,19.4,22.16
2026-08-29T15:51:21,36606,40192,91.1,175.53,50,21.1,111135,515804,21.5,31.35
2026-08-29T15:51:26,36606,40192,91.1,176.06,50,18.7,126814,515804,24.6,29.56
2026-08-29T15:51:32,36606,40192,91.1,181.17,50,13.5,122264,515804,23.7,29.81
2026-08-29T15:51:37,36606,40192,91.1,175.00,50,11.2,122189,515804,23.7,38.56
2026-08-29T15:51:43,36606,40192,91.1,173.45,50,10.2,123672,515804,24.0,36.91
2026-08-29T15:51:49,36606,40192,91.1,175.53,50,29.3,112424,515804,21.8,35.16
2026-08-29T15:51:55,36606,40192,91.1,180.64,50,12.9,101800,515804,19.7,33.70
2026-08-29T15:52:00,36606,40192,91.1,176.67,50,9.2,101829,515804,19.7,31.88
2026-08-29T15:52:05,36606,40192,91.1,146.93,50,15.0,102102,515804,19.8,30.21
2026-08-29T15:52:11,36606,40192,91.1,181.99,50,33.8,109383,515804,21.2,28.83
2026-08-29T15:52:17,36606,40192,91.1,181.91,50,19.2,124821,515804,24.2,26.16
2026-08-29T15:52:22,36606,40192,91.1,79.32,48,8.7,124913,515804,24.2,24.87
2026-08-29T15:52:27,36606,40192,91.1,184.07,50,13.7,120040,515804,23.3,24.08
2026-08-29T15:52:34,36606,40192,91.1,80.95,49,8.7,120136,515804,23.3,23.27
2026-08-29T15:52:40,36606,40192,91.1,182.49,50,27.3,116837,515804,22.7,22.29
2026-08-29T15:52:45,36606,40192,91.1,180.40,50,12.4,106642,515804,20.7,21.46
2026-08-29T15:52:51,36606,40192,91.1,180.04,50,9.8,103680,515804,20.1,20.63
2026-08-29T15:52:56,36606,40192,91.1,181.38,50,9.6,110482,515804,21.4,19.94
2026-08-29T15:53:02,36606,40192,91.1,178.25,50,41.7,110909,515804,21.5,19.62
2026-08-29T15:53:07,36606,40192,91.1,175.32,50,18.2,129269,515804,25.1,29.31
2026-08-29T15:53:12,36606,40192,91.1,179.59,50,14.0,123822,515804,24.0,27.77
2026-08-29T15:53:18,36606,40192,91.1,181.70,50,14.0,119004,515804,23.1,26.34
2026-08-29T15:53:23,36606,40192,91.1,95.35,48,9.2,114878,515804,22.3,25.19
2026-08-29T15:53:29,36606,40192,91.1,180.40,50,9.3,127138,515804,24.6,24.22
2026-08-29T15:53:34,36606,40192,91.1,178.01,50,29.6,104244,515804,20.2,23.32
2026-08-29T15:53:40,36606,40192,91.1,181.17,50,9.3,99107,515804,19.2,22.33
2026-08-29T15:53:45,36606,40192,91.1,179.06,50,8.7,106424,515804,20.6,21.43
2026-08-29T15:53:51,36606,40192,91.1,80.14,48,28.5,97350,515804,18.9,20.59
2026-08-29T15:53:56,36606,40192,91.1,174.27,50,20.3,111524,515804,21.6,30.39
2026-08-29T15:54:02,36606,40192,91.1,175.32,50,19.9,127097,515804,24.6,28.76
2026-08-29T15:54:07,36606,40192,91.1,179.59,50,13.0,124556,515804,24.1,26.12
2026-08-29T15:54:12,36606,40192,91.1,179.06,50,10.8,122807,515804,23.8,25.06
2026-08-29T15:54:18,36606,40192,91.1,176.38,50,9.5,122464,515804,23.7,24.10
2026-08-29T15:54:23,36606,40192,91.1,180.32,50,28.1,120700,515804,23.4,23.29
2026-08-29T15:54:29,36606,40192,91.1,181.38,50,15.0,107260,515804,20.8,22.63
2026-08-29T15:54:35,36606,40192,91.1,178.01,50,10.4,99720,515804,19.3,21.69
2026-08-29T15:54:40,36606,40192,91.1,179.51,50,9.0,109917,515804,21.3,20.84
2026-08-29T15:54:45,36606,40192,91.1,179.83,50,40.4,107780,515804,20.9,30.30
2026-08-29T15:54:51,36606,40192,91.1,161.71,50,13.5,120037,515804,23.3,28.75
2026-08-29T15:54:56,36606,40192,91.1,179.59,50,14.5,125482,515804,24.3,27.33
2026-08-29T15:55:02,36606,40192,91.1,177.64,50,14.2,120781,515804,23.4,24.89
2026-08-29T15:55:07,36606,40192,91.1,178.53,50,9.6,116062,515804,22.5,24.02
2026-08-29T15:55:13,36606,40192,91.1,78.35,48,8.9,127768,515804,24.8,23.14
2026-08-29T15:55:18,36606,40192,91.1,181.67,50,29.5,105519,515804,20.5,22.17
2026-08-29T15:55:24,36606,40192,91.1,175.03,50,9.6,100481,515804,19.5,21.27
2026-08-29T15:55:29,36606,40192,91.1,175.77,50,8.7,107023,515804,20.7,20.45
2026-08-29T15:55:34,36606,40192,91.1,175.24,50,26.5,97377,515804,18.9,19.85
2026-08-29T15:55:40,36606,40192,91.1,181.14,50,21.6,112111,515804,21.7,19.14
2026-08-29T15:55:45,36606,40192,91.1,169.92,50,20.4,126963,515804,24.6,18.41
2026-08-29T15:55:51,36606,40192,91.1,180.93,50,24.5,126969,515804,24.6,18.38
2026-08-29T15:55:56,36606,40192,91.1,172.32,50,20.6,117437,515804,22.8,17.87
2026-08-29T15:56:02,36606,40192,91.1,176.14,50,8.8,117714,515804,22.8,17.64
2026-08-29T15:56:07,36606,40192,91.1,158.50,50,26.3,117256,515804,22.7,27.03
2026-08-29T15:56:13,36606,40192,91.1,181.46,50,12.3,104253,515804,20.2,25.75
2026-08-29T15:56:18,36606,40192,91.1,172.60,50,9.2,101733,515804,19.7,24.49
2026-08-29T15:56:24,36606,40192,91.1,180.64,50,8.9,106908,515804,20.7,23.49
2026-08-29T15:56:29,36606,40192,91.1,173.98,50,41.3,109250,515804,21.2,32.74
2026-08-29T15:56:35,36606,40192,91.1,77.97,48,19.0,134814,515804,26.1,30.92
2026-08-29T15:56:40,36606,40192,91.1,180.64,50,8.7,127132,515804,24.6,29.32
2026-08-29T15:56:46,36606,40192,91.1,181.70,50,33.2,122238,515804,23.7,36.66
2026-08-29T15:56:51,36606,40192,91.1,172.84,50,9.5,117905,515804,22.9,34.61
2026-08-29T15:56:57,36606,40192,91.1,181.67,50,10.0,130233,515804,25.2,32.64
2026-08-29T15:57:02,36606,40192,91.1,179.27,50,30.6,106721,515804,20.7,29.69
2026-08-29T15:57:08,36606,40192,91.1,180.86,50,10.7,100938,515804,19.6,28.60
2026-08-29T15:57:13,36606,40192,91.1,181.14,50,11.4,107861,515804,20.9,27.51
2026-08-29T15:57:18,36606,40192,91.1,182.27,50,27.6,95729,515804,18.6,36.43
2026-08-29T15:57:24,36606,40192,91.1,180.62,50,20.8,108851,515804,21.1,34.40
2026-08-29T15:57:29,36606,40192,91.1,177.43,50,19.2,123696,515804,24.0,42.69
2026-08-29T15:57:35,36606,40192,91.1,177.19,50,12.9,124126,515804,24.1,40.08
2026-08-29T15:57:40,36606,40192,91.1,178.77,50,10.5,119001,515804,23.1,38.23
2026-08-29T15:57:46,36606,40192,91.1,176.06,50,8.9,119341,515804,23.1,36.05
2026-08-29T15:57:51,36606,40192,91.1,166.50,49,26.3,119357,515804,23.1,34.12
2026-08-29T15:57:57,36606,40192,91.1,180.11,50,12.3,104526,515804,20.3,31.04
2026-08-29T15:58:03,36606,40192,91.1,179.51,50,9.4,104491,515804,20.3,29.52
2026-08-29T15:58:09,36606,40192,91.1,150.14,50,13.3,104649,515804,20.3,28.03
2026-08-29T15:58:14,36606,40192,91.1,178.25,50,36.4,111248,515804,21.6,26.99
2026-08-29T15:58:20,36606,40192,91.1,179.30,50,20.0,131348,515804,25.5,25.71
2026-08-29T15:58:25,36606,40192,91.1,182.51,50,9.3,126779,515804,24.6,24.45
2026-08-29T15:58:30,36606,40192,91.1,182.51,50,16.3,122936,515804,23.8,23.85
2026-08-29T15:58:36,36606,40192,91.1,179.27,50,11.2,115128,515804,22.3,22.90
2026-08-29T15:58:41,36606,40192,91.1,74.52,47,16.6,117448,515804,22.8,21.47
2026-08-29T15:58:48,36606,40192,91.1,181.38,50,21.4,103887,515804,20.1,20.71
2026-08-29T15:58:54,36606,40192,91.1,180.04,50,9.5,99176,515804,19.2,19.93
2026-08-29T15:58:59,36606,40192,91.1,180.32,48,8.9,111372,515804,21.6,19.46
2026-08-29T15:59:05,36606,40192,91.1,181.38,50,41.6,114397,515804,22.2,29.27
2026-08-29T15:59:10,36606,40192,91.1,182.49,50,8.7,110489,515804,21.4,27.81
2026-08-29T15:59:15,36606,40192,91.1,178.25,50,19.8,126425,515804,24.5,26.46
2026-08-29T15:59:21,36606,40192,91.1,181.99,50,14.4,121736,515804,23.6,25.38
2026-08-29T15:59:26,36606,40192,91.1,178.53,50,9.5,117447,515804,22.8,23.42
2026-08-29T15:59:33,36606,40192,91.1,174.48,50,9.2,130924,515804,25.4,22.42
2026-08-29T15:59:38,36606,40192,91.1,175.00,50,32.6,106823,515804,20.7,21.51
2026-08-29T15:59:44,36606,40192,91.1,176.34,50,10.2,99344,515804,19.3,20.99
2026-08-29T15:59:49,36606,40192,91.1,95.64,48,10.2,110155,515804,21.4,20.67
2026-08-29T15:59:55,36606,40192,91.1,169.38,50,35.0,103770,515804,20.1,20.21
2026-08-29T16:00:00,36606,40192,91.1,181.70,50,16.8,108496,515804,21.0,19.79
2026-08-29T16:00:06,36606,40192,91.1,179.83,50,18.8,124570,515804,24.2,19.01
2026-08-29T16:00:11,36606,40192,91.1,180.62,50,13.3,119852,515804,23.2,18.09
2026-08-29T16:00:18,36606,40192,91.1,177.93,50,9.2,112849,515804,21.9,17.60
2026-08-29T16:00:23,36606,40192,91.1,175.24,50,8.8,124470,515804,24.1,17.07
2026-08-29T16:00:29,36606,40192,91.1,75.34,46,30.2,110741,515804,21.5,27.08
2026-08-29T16:00:34,36606,40192,91.1,178.22,50,9.6,104511,515804,20.3,26.03
2026-08-29T16:00:40,36606,40192,91.1,179.80,50,8.8,104414,515804,20.2,24.83
2026-08-29T16:00:45,36606,40192,91.1,180.04,50,26.3,101464,515804,19.7,23.80
2026-08-29T16:00:51,36606,40192,91.1,180.11,50,20.8,111699,515804,21.7,32.86
2026-08-29T16:00:56,36606,40192,91.1,181.70,50,19.5,126365,515804,24.5,31.11
2026-08-29T16:01:02,36606,40192,91.1,181.17,50,13.5,128539,515804,24.9,28.27
2026-08-29T16:01:07,36606,40192,91.1,177.93,50,11.3,121428,515804,23.5,27.20
2026-08-29T16:01:13,36606,40192,91.1,177.40,50,11.5,121436,515804,23.5,26.23
2026-08-29T16:01:18,36606,40192,91.1,163.24,50,27.2,116394,515804,22.6,25.17
2026-08-29T16:01:24,36606,40192,91.1,180.32,50,12.2,103181,515804,20.0,23.95
2026-08-29T16:01:30,36606,40192,91.1,176.34,50,9.1,100274,515804,19.4,23.00
2026-08-29T16:01:35,36606,40192,91.1,177.64,49,9.2,111426,515804,21.6,22.03
2026-08-29T16:01:41,36606,40192,91.1,176.34,50,39.5,108171,515804,21.0,31.88
2026-08-29T16:01:46,36606,40192,91.1,178.46,50,10.9,114702,515804,22.2,30.13
2026-08-29T16:01:52,36606,40192,91.1,176.91,50,17.5,126060,515804,24.4,28.52
2026-08-29T16:01:57,36606,40192,91.1,178.25,50,16.8,121123,515804,23.5,27.67
2026-08-29T16:02:02,36606,40192,91.1,182.27,50,9.2,116686,515804,22.6,25.20
2026-08-29T16:02:08,36606,40192,91.1,177.19,50,9.6,129149,515804,25.0,24.06
2026-08-29T16:02:13,36606,40192,91.1,180.93,50,32.8,105836,515804,20.5,23.57
2026-08-29T16:02:19,36606,40192,91.1,178.98,50,9.8,100789,515804,19.5,22.49
2026-08-29T16:02:24,36606,40192,91.1,176.34,50,10.1,107682,515804,20.9,21.49
2026-08-29T16:02:30,36606,40192,91.1,178.22,50,29.7,98302,515804,19.1,20.97
2026-08-29T16:02:35,36606,40192,91.1,172.84,50,23.8,112128,515804,21.7,20.41
2026-08-29T16:02:40,36606,40192,91.1,174.18,50,19.9,122700,515804,23.8,19.58
2026-08-29T16:02:46,36606,40192,91.1,178.98,50,13.3,122964,515804,23.8,18.89
2026-08-29T16:02:51,36606,40192,91.1,85.75,49,10.2,118085,515804,22.9,18.50
2026-08-29T16:02:57,36606,40192,91.1,180.62,50,8.8,118189,515804,22.9,18.30
2026-08-29T16:03:02,36606,40192,91.1,120.10,49,27.3,118365,515804,22.9,27.59
2026-08-29T16:03:08,36606,40192,91.1,179.30,50,12.4,104961,515804,20.3,26.42
2026-08-29T16:03:14,36606,40192,91.1,181.70,50,9.6,101724,515804,19.7,25.10
2026-08-29T16:03:19,36606,40192,91.1,175.32,50,9.1,113282,515804,22.0,24.13
2026-08-29T16:03:24,36606,40192,91.1,176.14,50,39.2,109777,515804,21.3,23.08
2026-08-29T16:03:30,36606,40192,91.1,164.11,50,12.4,117986,515804,22.9,22.03
2026-08-29T16:03:36,36606,40192,91.1,179.30,50,16.7,127247,515804,24.7,21.07
2026-08-29T16:03:41,36606,40192,91.1,175.24,50,14.9,122135,515804,23.7,20.18
2026-08-29T16:03:46,36606,40192,91.1,180.40,50,9.9,117019,515804,22.7,19.77
2026-08-29T16:03:52,36606,40192,91.1,95.10,48,11.1,128859,515804,25.0,19.39
2026-08-29T16:03:57,36606,40192,91.1,180.93,50,33.8,101113,515804,19.6,18.63
2026-08-29T16:04:03,36606,40192,91.1,175.85,50,9.3,100683,515804,19.5,18.34
2026-08-29T16:04:08,36606,40192,91.1,179.06,50,8.7,102725,515804,19.9,17.67
2026-08-29T16:04:14,36606,40192,91.1,177.93,50,28.5,98716,515804,19.1,17.14
2026-08-29T16:04:19,36606,40192,91.1,182.20,50,20.7,109208,515804,21.2,16.65
2026-08-29T16:04:25,36606,40192,91.1,181.91,50,19.1,124108,515804,24.1,26.60
2026-08-29T16:04:30,36606,40192,91.1,181.38,50,13.1,126213,515804,24.5,25.35
2026-08-29T16:04:36,36606,40192,91.1,175.85,50,10.5,119148,515804,23.1,24.60
2026-08-29T16:04:41,36606,40192,91.1,85.75,48,8.7,119598,515804,23.2,23.83
2026-08-29T16:04:46,36606,40192,91.1,180.32,50,25.8,117160,515804,22.7,23.05
2026-08-29T16:04:52,36606,40192,91.1,178.46,50,12.3,106219,515804,20.6,21.51
2026-08-29T16:04:58,36606,40192,91.1,178.77,50,9.7,103331,515804,20.0,20.75
2026-08-29T16:05:03,36606,40192,91.1,178.46,50,9.5,112318,515804,21.8,20.21
2026-08-29T16:05:09,36606,40192,91.1,175.53,50,39.3,111136,515804,21.5,19.71
2026-08-29T16:05:14,36606,40192,91.1,155.23,50,21.4,137208,515804,26.6,19.41
2026-08-29T16:05:20,36606,40192,91.1,179.83,50,9.7,124741,515804,24.2,18.82
2026-08-29T16:05:25,36606,40192,91.1,180.86,50,14.3,119983,515804,23.3,18.43
2026-08-29T16:05:31,36606,40192,91.1,180.32,50,9.2,115854,515804,22.5,27.93
2026-08-29T16:05:36,36606,40192,91.1,181.91,50,9.2,128542,515804,24.9,26.65
2026-08-29T16:05:42,36606,40192,91.1,85.99,48,31.3,103594,515804,20.1,25.56
2026-08-29T16:05:47,36606,40192,91.1,175.85,50,9.2,100759,515804,19.5,24.95
2026-08-29T16:05:52,36606,40192,91.1,175.57,50,9.1,105423,515804,20.4,23.42
2026-08-29T16:05:58,36606,40192,91.1,183.33,50,26.8,95095,515804,18.4,25.30
2026-08-29T16:06:03,36606,40192,91.1,182.80,50,20.8,110886,515804,21.5,24.16
2026-08-29T16:06:09,36606,40192,91.1,177.19,49,19.7,126044,515804,24.4,23.10
2026-08-29T16:06:14,36606,40192,91.1,178.25,50,13.3,123739,515804,24.0,22.54
2026-08-29T16:06:20,36606,40192,91.1,177.72,50,11.4,120988,515804,23.5,21.77
2026-08-29T16:06:25,36606,40192,91.1,87.33,48,9.4,120574,515804,23.4,20.99
2026-08-29T16:06:31,36606,40192,91.1,176.06,50,29.1,119304,515804,23.1,20.67
2026-08-29T16:06:36,36606,40192,91.1,177.11,50,14.7,102218,515804,19.8,20.45
2026-08-29T16:06:42,36606,40192,91.1,177.19,50,9.3,101182,515804,19.6,19.56
2026-08-29T16:06:48,36606,40192,91.1,164.39,49,26.0,101503,515804,19.7,19.19
2026-08-29T16:06:54,36606,40192,91.1,181.17,50,21.2,108721,515804,21.1,18.69
2026-08-29T16:06:59,36606,40192,91.1,176.91,50,19.3,123605,515804,24.0,28.65
2026-08-29T16:07:05,36606,40192,91.1,174.79,50,13.1,128043,515804,24.8,27.31
2026-08-29T16:07:10,36606,40192,91.1,177.93,50,10.1,119069,515804,23.1,26.01
2026-08-29T16:07:16,36606,40192,91.1,184.38,50,9.1,119137,515804,23.1,25.13
2026-08-29T16:07:21,36606,40192,91.1,179.30,50,25.1,116334,515804,22.6,24.00
2026-08-29T16:07:27,36606,40192,91.1,181.38,50,12.5,104416,515804,20.2,22.24
2026-08-29T16:07:33,36606,40192,91.1,178.01,50,9.3,104525,515804,20.3,21.50
2026-08-29T16:07:39,36606,40192,91.1,160.08,50,14.2,104371,515804,20.2,21.22
2026-08-29T16:07:44,36606,40192,91.1,168.08,49,36.5,111128,515804,21.5,20.64
2026-08-29T16:07:50,36606,40192,91.1,183.56,50,20.6,130378,515804,25.3,20.19
2026-08-29T16:07:55,36606,40192,91.1,182.51,50,11.3,126609,515804,24.5,19.69
2026-08-29T16:08:01,36606,40192,91.1,180.40,50,14.7,118641,515804,23.0,19.24
2026-08-29T16:08:06,36606,40192,91.1,180.86,50,9.2,115784,515804,22.4,18.66
2026-08-29T16:08:11,36606,40192,91.1,122.60,49,21.0,117536,515804,22.8,28.12
2026-08-29T16:08:18,36606,40192,91.1,181.91,50,13.9,103892,515804,20.1,26.75
2026-08-29T16:08:24,36606,40192,91.1,178.98,50,9.2,100245,515804,19.4,25.48
2026-08-29T16:08:29,36606,40192,91.1,175.32,50,9.2,112825,515804,21.9,24.56
2026-08-29T16:08:35,36606,40192,91.1,169.63,50,40.3,109745,515804,21.3,23.80
2026-08-29T16:08:40,36606,40192,91.1,179.59,50,8.6,109313,515804,21.2,22.77
2026-08-29T16:08:45,36606,40192,91.1,179.80,50,19.3,126546,515804,24.5,21.91
2026-08-29T16:08:51,36606,40192,91.1,80.95,48,14.7,121506,515804,23.6,20.96
2026-08-29T16:08:56,36606,40192,91.1,176.14,50,9.8,115202,515804,22.3,20.32
2026-08-29T16:09:02,36606,40192,91.1,176.67,50,9.4,126874,515804,24.6,19.65
2026-08-29T16:09:07,36606,40192,91.1,181.46,50,31.9,108573,515804,21.0,18.96
2026-08-29T16:09:13,36606,40192,91.1,178.53,50,11.0,105726,515804,20.5,18.29
2026-08-29T16:09:18,36606,40192,91.1,172.84,50,11.2,102829,515804,19.9,18.19
2026-08-29T16:09:24,36606,40192,91.1,180.93,50,26.4,97825,515804,19.0,27.78
2026-08-29T16:09:29,36606,40192,91.1,182.51,51,21.0,108273,515804,21.0,26.52
2026-08-29T16:09:35,36606,40192,91.1,178.01,50,19.4,123027,515804,23.9,35.44
2026-08-29T16:09:40,36606,40192,91.1,177.64,50,13.1,125292,515804,24.3,33.57
2026-08-29T16:09:46,36606,40192,91.1,182.51,50,10.1,118460,515804,23.0,31.76
2026-08-29T16:09:51,36606,40192,91.1,173.37,50,8.7,118909,515804,23.1,30.26
2026-08-29T16:09:56,36606,40192,91.1,175.77,50,25.4,117055,515804,22.7,28.95
2026-08-29T16:10:02,36606,40192,91.1,173.13,50,12.4,105401,515804,20.4,27.44
2026-08-29T16:10:08,36606,40192,91.1,174.48,50,9.7,102393,515804,19.9,25.24
2026-08-29T16:10:13,36606,40192,91.1,180.04,50,9.0,111133,515804,21.5,24.18
2026-08-29T16:10:19,36606,40192,91.1,178.74,50,37.4,109945,515804,21.3,23.44
2026-08-29T16:10:24,36606,40192,91.1,178.74,50,19.8,134064,515804,26.0,22.44
2026-08-29T16:10:30,36606,40192,91.1,178.98,50,9.6,127219,515804,24.7,21.53
2026-08-29T16:10:35,36606,40192,91.1,180.04,50,16.9,122250,515804,23.7,21.09
2026-08-29T16:10:40,36606,40192,91.1,175.24,50,11.5,116641,515804,22.6,20.60
2026-08-29T16:10:46,36606,40192,91.1,177.93,50,9.1,124449,515804,24.1,19.99
2026-08-29T16:10:51,36606,40192,91.1,175.00,50,30.6,102933,515804,20.0,29.60
2026-08-29T16:10:57,36606,40192,91.1,179.27,50,9.4,95756,515804,18.6,28.11
2026-08-29T16:11:02,36606,40192,91.1,78.79,48,8.7,107052,515804,20.8,26.98
2026-08-29T16:11:08,36606,40192,91.1,168.28,50,34.0,107107,515804,20.8,35.25
2026-08-29T16:11:13,36606,40192,91.1,83.35,48,13.3,109752,515804,21.3,33.22
2026-08-29T16:11:19,36606,40192,91.1,175.53,50,19.2,125580,515804,24.3,31.37
2026-08-29T16:11:24,36606,40192,91.1,180.62,50,14.1,119635,515804,23.2,30.05
2026-08-29T16:11:29,36606,40192,91.1,179.06,50,9.3,119828,515804,23.2,28.53
2026-08-29T16:11:35,36606,40192,91.1,176.38,50,9.0,121309,515804,23.5,27.04
2026-08-29T16:11:40,36606,40192,91.1,147.28,47,28.8,115866,515804,22.5,25.92
2026-08-29T16:11:46,36606,40192,91.1,180.32,50,12.8,106370,515804,20.6,24.72
2026-08-29T16:11:51,36606,40192,91.1,175.53,49,9.8,103696,515804,20.1,23.95
2026-08-29T16:11:57,36606,40192,91.1,182.20,50,11.6,109573,515804,21.2,23.23
2026-08-29T16:12:02,36606,40192,91.1,173.66,49,40.2,106083,515804,20.6,32.90
2026-08-29T16:12:07,36606,40192,91.1,158.98,50,19.4,132276,515804,25.6,31.23
2026-08-29T16:12:13,36606,40192,91.1,174.71,50,8.6,124228,515804,24.1,28.19
2026-08-29T16:12:18,36606,40192,91.1,180.86,50,14.0,119120,515804,23.1,26.73
2026-08-29T16:12:24,36606,40192,91.1,179.80,50,9.2,114636,515804,22.2,25.47
2026-08-29T16:12:29,36606,40192,91.1,177.64,50,8.9,127374,515804,24.7,24.39
2026-08-29T16:12:35,36606,40192,91.1,175.53,50,29.1,104668,515804,20.3,23.64
2026-08-29T16:12:40,36606,40192,91.1,173.13,50,9.5,98893,515804,19.2,22.55
2026-08-29T16:12:45,36606,40192,91.1,178.77,50,8.7,106409,515804,20.6,21.78
2026-08-29T16:12:51,36606,40192,91.1,181.46,50,27.9,94340,515804,18.3,20.92
2026-08-29T16:12:56,36606,40192,91.1,176.91,50,20.7,111027,515804,21.5,20.05
2026-08-29T16:13:02,36606,40192,91.1,179.30,50,20.0,126305,515804,24.5,19.24
2026-08-29T16:13:07,36606,40192,91.1,181.67,50,13.7,124058,515804,24.1,18.58
2026-08-29T16:13:12,36606,40192,91.1,180.93,50,11.2,121525,515804,23.6,25.02
2026-08-29T16:13:18,36606,40192,91.1,179.30,50,11.4,121003,515804,23.5,23.71
2026-08-29T16:13:23,36606,40192,91.1,180.93,50,29.2,113413,515804,22.0,33.19
2026-08-29T16:13:29,36606,40192,91.1,176.91,50,12.4,103035,515804,20.0,31.33
2026-08-29T16:13:34,36606,40192,91.1,180.64,50,9.1,100391,515804,19.5,29.78
2026-08-29T16:13:40,36606,40192,91.1,180.93,50,9.2,108642,515804,21.1,28.36
2026-08-29T16:13:45,36606,40192,91.1,179.80,50,39.8,107797,515804,20.9,26.97
2026-08-29T16:13:51,36606,40192,91.1,172.92,50,16.3,128387,515804,24.9,25.61
2026-08-29T16:13:56,36606,40192,91.1,173.98,50,11.4,125807,515804,24.4,24.52
2026-08-29T16:14:02,36606,40192,91.1,175.03,50,14.6,120616,515804,23.4,33.69
2026-08-29T16:14:07,36606,40192,91.1,180.93,50,9.1,116867,515804,22.7,31.95
2026-08-29T16:14:13,36606,40192,91.1,178.77,50,9.3,121080,515804,23.5,29.21
2026-08-29T16:14:19,36606,40192,91.1,180.64,50,30.2,105928,515804,20.5,27.76
2026-08-29T16:14:25,36606,40192,91.1,181.38,50,10.3,99770,515804,19.3,26.49
2026-08-29T16:14:30,36606,40192,91.1,181.99,50,9.7,111497,515804,21.6,25.25
2026-08-29T16:14:35,36606,40192,91.1,180.40,50,39.2,116801,515804,22.6,34.76
2026-08-29T16:14:41,36606,40192,91.1,181.14,50,11.2,111528,515804,21.6,33.26
2026-08-29T16:14:46,36606,40192,91.1,179.51,50,19.6,123432,515804,23.9,31.48
2026-08-29T16:14:52,36606,40192,91.1,179.06,50,14.2,118799,515804,23.0,29.76
2026-08-29T16:14:57,36606,40192,91.1,180.11,50,9.2,114341,515804,22.2,27.27
2026-08-29T16:15:04,36606,40192,91.1,83.35,48,8.9,126779,515804,24.6,26.05
2026-08-29T16:15:09,36606,40192,91.1,179.27,50,30.2,103918,515804,20.1,35.33
2026-08-29T16:15:15,36606,40192,91.1,178.01,50,9.1,99205,515804,19.2,33.39
2026-08-29T16:15:20,36606,40192,91.1,175.32,50,9.1,106389,515804,20.6,31.59
2026-08-29T16:15:26,36606,40192,91.1,176.88,50,26.9,94475,515804,18.3,30.02
2026-08-29T16:15:31,36606,40192,91.1,179.59,50,19.9,110938,515804,21.5,28.58
2026-08-29T16:15:37,36606,40192,91.1,178.77,50,19.1,126762,515804,24.6,27.17
2026-08-29T16:15:42,36606,40192,91.1,180.86,50,13.6,121915,515804,23.6,25.15
2026-08-29T16:15:49,36606,40192,91.1,176.34,50,10.3,115066,515804,22.3,24.02
2026-08-29T16:15:55,36606,40192,91.1,180.11,50,10.1,125170,515804,24.3,23.30
2026-08-29T16:16:00,36606,40192,91.1,158.68,50,33.7,114282,515804,22.2,32.96
2026-08-29T16:16:06,36606,40192,91.1,181.46,50,9.6,101419,515804,19.7,31.28
2026-08-29T16:16:11,36606,40192,91.1,180.86,50,9.1,101691,515804,19.7,30.30
2026-08-29T16:16:16,36606,40192,91.1,164.64,49,21.5,102265,515804,19.8,28.91
2026-08-29T16:16:22,36606,40192,91.1,177.11,50,24.8,109847,515804,21.3,27.56
2026-08-29T16:16:28,36606,40192,91.1,91.89,46,16.3,126388,515804,24.5,25.41
2026-08-29T16:16:35,36606,40192,91.1,180.40,50,14.3,121710,515804,23.6,24.26
2026-08-29T16:16:41,36606,40192,91.1,178.22,50,9.6,116584,515804,22.6,23.20
2026-08-29T16:16:46,36606,40192,91.1,177.40,50,8.7,122418,515804,23.7,22.14
2026-08-29T16:16:51,36606,40192,91.1,163.82,50,29.6,114586,515804,22.2,21.33
2026-08-29T16:16:57,36606,40192,91.1,179.59,50,9.9,104851,515804,20.3,20.50
2026-08-29T16:17:02,36606,40192,91.1,179.83,50,9.7,104665,515804,20.3,19.82
2026-08-29T16:17:08,36606,40192,91.1,82.54,48,9.8,104863,515804,20.3,19.02
2026-08-29T16:17:13,36606,40192,91.1,178.53,50,39.9,111558,515804,21.6,18.70
2026-08-29T16:17:19,36606,40192,91.1,181.91,50,21.7,131932,515804,25.6,28.74
2026-08-29T16:17:24,36606,40192,91.1,178.98,50,9.8,123290,515804,23.9,27.23
2026-08-29T16:17:30,36606,40192,91.1,181.38,50,14.5,118669,515804,23.0,25.85
2026-08-29T16:17:35,36606,40192,91.1,177.93,50,9.2,115986,515804,22.5,24.82
2026-08-29T16:17:41,36606,40192,91.1,176.14,50,9.2,124172,515804,24.1,23.72
2026-08-29T16:17:46,36606,40192,91.1,181.17,50,29.6,104086,515804,20.2,22.86
2026-08-29T16:17:51,36606,40192,91.1,182.49,50,9.2,97513,515804,18.9,22.07
2026-08-29T16:17:57,36606,40192,91.1,173.37,50,9.2,108587,515804,21.1,21.26
2026-08-29T16:18:02,36606,40192,91.1,167.23,50,35.6,103773,515804,20.1,20.36
2026-08-29T16:18:08,36606,40192,91.1,176.34,50,15.3,110611,515804,21.4,19.61
2026-08-29T16:18:13,36606,40192,91.1,181.14,50,19.6,126486,515804,24.5,18.29
2026-08-29T16:18:19,36606,40192,91.1,175.53,50,14.2,121473,515804,23.6,18.03
2026-08-29T16:18:24,36606,40192,91.1,180.86,50,10.3,116091,515804,22.5,17.47
2026-08-29T16:18:30,36606,40192,91.1,176.14,50,9.6,123365,515804,23.9,17.03
2026-08-29T16:18:35,36606,40192,91.1,181.17,50,27.6,110665,515804,21.5,16.79
2026-08-29T16:18:40,36606,40192,91.1,180.62,50,15.0,105446,515804,20.4,16.64
2026-08-29T16:18:46,36606,40192,91.1,177.93,50,10.0,100940,515804,19.6,16.27
2026-08-29T16:18:51,36606,40192,91.1,163.29,50,15.3,101364,515804,19.7,15.93
2026-08-29T16:18:57,36606,40192,91.1,172.40,50,33.6,108694,515804,21.1,15.61
2026-08-29T16:19:03,36606,40192,91.1,178.22,50,19.2,124628,515804,24.2,15.16
2026-08-29T16:19:08,36606,40192,91.1,180.64,50,8.7,124021,515804,24.0,14.76
2026-08-29T16:19:13,36606,40192,91.1,181.14,50,14.0,120191,515804,23.3,14.38
2026-08-29T16:19:19,36606,40192,91.1,183.04,50,9.5,118286,515804,22.9,14.11
2026-08-29T16:19:24,36606,40192,91.1,177.40,50,8.9,119304,515804,23.1,14.02
2026-08-29T16:19:30,36606,40192,91.1,176.14,50,30.6,105656,515804,20.5,13.78
2026-08-29T16:19:35,36606,40192,91.1,180.11,50,9.7,100255,515804,19.4,13.64
2026-08-29T16:19:41,36606,40192,91.1,179.80,50,9.6,112301,515804,21.8,13.42
2026-08-29T16:19:46,36606,40192,91.1,178.46,50,39.7,115027,515804,22.3,23.48
2026-08-29T16:19:52,36606,40192,91.1,181.14,50,9.3,110626,515804,21.4,22.40
2026-08-29T16:19:57,36606,40192,91.1,179.80,50,21.0,127574,515804,24.7,32.30
2026-08-29T16:20:02,36606,40192,91.1,180.32,50,16.3,117931,515804,22.9,30.83
2026-08-29T16:20:08,36606,40192,91.1,177.93,50,9.3,111214,515804,21.6,29.40
2026-08-29T16:20:13,36606,40192,91.1,179.83,50,8.8,123419,515804,23.9,26.65
2026-08-29T16:20:19,36606,40192,91.1,178.25,50,32.2,107000,515804,20.7,25.40
2026-08-29T16:20:24,36606,40192,91.1,174.18,50,9.2,102922,515804,20.0,24.25
2026-08-29T16:20:30,36606,40192,91.1,180.93,50,8.8,102804,515804,19.9,23.19
2026-08-29T16:20:35,36606,40192,91.1,178.53,50,26.4,100880,515804,19.6,22.21
2026-08-29T16:20:41,36606,40192,91.1,180.64,50,21.1,110097,515804,21.3,21.31
2026-08-29T16:20:46,36606,40192,91.1,177.11,50,19.2,124937,515804,24.2,20.41
2026-08-29T16:20:52,36606,40192,91.1,180.11,50,14.0,129019,515804,25.0,19.57
2026-08-29T16:20:57,36606,40192,91.1,177.64,50,9.6,120698,515804,23.4,18.89
2026-08-29T16:21:03,36606,40192,91.1,177.64,50,9.8,120484,515804,23.4,18.33
2026-08-29T16:21:08,36606,40192,91.1,167.32,49,24.8,119360,515804,23.1,27.52
2026-08-29T16:21:14,36606,40192,91.1,174.27,50,13.5,106699,515804,20.7,26.28
2026-08-29T16:21:19,36606,40192,91.1,175.57,50,11.7,103507,515804,20.1,25.38
2026-08-29T16:21:25,36606,40192,91.1,178.22,50,9.7,108282,515804,21.0,24.31
2026-08-29T16:21:30,36606,40192,91.1,173.13,50,39.5,106959,515804,20.7,23.24
2026-08-29T16:21:36,36606,40192,91.1,167.52,50,15.0,122861,515804,23.8,22.18
2026-08-29T16:21:41,36606,40192,91.1,173.90,50,13.0,124724,515804,24.2,21.36
2026-08-29T16:21:47,36606,40192,91.1,180.32,50,14.2,119956,515804,23.3,30.86
2026-08-29T16:21:52,36606,40192,91.1,174.48,50,9.2,115397,515804,22.4,29.19
2026-08-29T16:21:58,36606,40192,91.1,179.80,50,9.3,122712,515804,23.8,26.80
2026-08-29T16:22:04,36606,40192,91.1,182.27,50,31.4,105242,515804,20.4,25.54
2026-08-29T16:22:10,36606,40192,91.1,177.40,50,9.2,98476,515804,19.1,24.77
2026-08-29T16:22:15,36606,40192,91.1,77.74,47,9.1,109499,515804,21.2,24.15
2026-08-29T16:22:20,36606,40192,91.1,177.64,50,35.4,112977,515804,21.9,33.51
2026-08-29T16:22:26,36606,40192,91.1,87.86,48,12.9,111470,515804,21.6,42.20
2026-08-29T16:22:32,36606,40192,91.1,175.77,50,20.0,127465,515804,24.7,49.95
2026-08-29T16:22:37,36606,40192,91.1,176.67,50,16.0,121913,515804,23.6,47.07
2026-08-29T16:22:42,36606,40192,91.1,175.53,50,11.1,110865,515804,21.5,41.69
2026-08-29T16:22:49,36606,40192,91.1,178.22,50,9.0,122195,515804,23.7,39.47
2026-08-29T16:22:54,36606,40192,91.1,179.83,50,31.1,108773,515804,21.1,37.35
2026-08-29T16:23:00,36606,40192,91.1,148.80,50,9.3,102024,515804,19.8,35.96
2026-08-29T16:23:05,36606,40192,91.1,174.48,50,8.7,102468,515804,19.9,34.04
2026-08-29T16:23:11,36606,40192,91.1,181.99,50,25.3,101983,515804,19.8,32.20
2026-08-29T16:23:17,36606,40192,91.1,177.19,50,20.5,110199,515804,21.4,40.91
2026-08-29T16:23:22,36606,40192,91.1,180.64,50,19.6,124674,515804,24.2,38.75
2026-08-29T16:23:28,36606,40192,91.1,61.95,46,12.9,120511,515804,23.4,35.12
2026-08-29T16:23:34,36606,40192,91.1,177.64,50,9.9,120250,515804,23.3,33.11
2026-08-29T16:23:40,36606,40192,91.1,182.49,50,8.8,120732,515804,23.4,31.42
2026-08-29T16:23:45,36606,40192,91.1,159.21,47,26.9,116188,515804,22.5,30.02
2026-08-29T16:23:51,36606,40192,91.1,182.20,50,13.3,106302,515804,20.6,28.42
2026-08-29T16:23:56,36606,40192,91.1,174.18,50,10.7,104157,515804,20.2,27.03
2026-08-29T16:24:02,36606,40192,91.1,181.14,50,11.4,107592,515804,20.9,26.06
2026-08-29T16:24:07,36606,40192,91.1,179.83,50,39.9,106793,515804,20.7,35.19
2026-08-29T16:24:13,36606,40192,91.1,178.01,50,17.3,124453,515804,24.1,31.94
2026-08-29T16:24:19,36606,40192,91.1,181.70,50,8.8,123470,515804,23.9,30.34
2026-08-29T16:24:25,36606,40192,91.1,178.25,50,14.7,119976,515804,23.3,28.71
2026-08-29T16:24:30,36606,40192,91.1,175.57,50,9.6,116956,515804,22.7,27.54
2026-08-29T16:24:35,36606,40192,91.1,177.43,50,9.1,125350,515804,24.3,26.21
2026-08-29T16:24:41,36606,40192,91.1,176.06,50,29.5,105150,515804,20.4,25.31
2026-08-29T16:24:46,36606,40192,91.1,177.64,50,9.6,98213,515804,19.0,24.25
2026-08-29T16:24:52,36606,40192,91.1,177.40,50,9.3,109688,515804,21.3,23.19
2026-08-29T16:24:57,36606,40192,91.1,166.99,50,40.4,117146,515804,22.7,22.53
2026-08-29T16:25:03,36606,40192,91.1,179.51,50,10.7,111509,515804,21.6,21.53
2026-08-29T16:25:08,36606,40192,91.1,179.83,50,19.8,127476,515804,24.7,19.91
2026-08-29T16:25:14,36606,40192,91.1,183.02,50,14.9,122496,515804,23.7,19.27
2026-08-29T16:25:19,36606,40192,91.1,182.20,50,11.7,115244,515804,22.3,19.01
2026-08-29T16:25:25,36606,40192,91.1,178.01,50,10.0,119829,515804,23.2,18.69
2026-08-29T16:25:30,36606,40192,91.1,179.51,50,27.8,110890,515804,21.5,28.56
2026-08-29T16:25:35,36606,40192,91.1,172.32,50,12.3,102263,515804,19.8,27.24
2026-08-29T16:25:41,36606,40192,91.1,183.78,50,9.3,101694,515804,19.7,26.10
2026-08-29T16:25:46,36606,40192,91.1,90.55,48,9.0,104441,515804,20.2,24.89
2026-08-29T16:25:52,36606,40192,91.1,177.40,50,40.7,108427,515804,21.0,24.02
2026-08-29T16:25:57,36606,40192,91.1,173.98,50,18.9,132871,515804,25.8,23.05
2026-08-29T16:26:03,36606,40192,91.1,182.27,50,8.9,126052,515804,24.4,22.33
2026-08-29T16:26:08,36606,40192,91.1,174.51,50,14.2,121344,515804,23.5,21.50
2026-08-29T16:26:14,36606,40192,91.1,181.99,50,9.7,117836,515804,22.8,19.88
2026-08-29T16:26:19,36606,40192,91.1,178.01,50,9.0,129063,515804,25.0,19.17
2026-08-29T16:26:25,36606,40192,91.1,177.40,50,32.3,106341,515804,20.6,18.51
2026-08-29T16:26:30,36606,40192,91.1,179.51,50,10.0,98422,515804,19.1,17.91
2026-08-29T16:26:35,36606,40192,91.1,85.75,48,10.2,109149,515804,21.2,17.28
2026-08-29T16:26:41,36606,40192,91.1,161.71,50,32.9,102493,515804,19.9,17.02
2026-08-29T16:26:46,36606,40192,91.1,177.11,50,17.6,107989,515804,20.9,16.69
2026-08-29T16:26:52,36606,40192,91.1,179.30,50,19.1,124061,515804,24.1,16.32
2026-08-29T16:26:57,36606,40192,91.1,180.40,50,14.5,118738,515804,23.0,15.81
2026-08-29T16:27:03,36606,40192,91.1,178.77,50,9.1,116153,515804,22.5,15.43
2026-08-29T16:27:08,36606,40192,91.1,177.43,50,8.7,120086,515804,23.3,14.90
2026-08-29T16:27:14,36606,40192,91.1,181.67,50,27.0,113258,515804,22.0,23.08
2026-08-29T16:27:19,36606,40192,91.1,177.11,50,12.6,105131,515804,20.4,22.03
2026-08-29T16:27:25,36606,40192,91.1,183.04,50,9.2,103564,515804,20.1,21.22
2026-08-29T16:27:30,36606,40192,91.1,181.99,50,9.1,108631,515804,21.1,20.49
2026-08-29T16:27:35,36606,40192,91.1,180.11,50,39.6,110955,515804,21.5,30.06
2026-08-29T16:27:41,36606,40192,91.1,178.46,50,18.8,135722,515804,26.3,28.45
2026-08-29T16:27:46,36606,40192,91.1,83.88,48,9.6,128960,515804,25.0,26.97
2026-08-29T16:27:52,36606,40192,91.1,177.64,50,14.9,122925,515804,23.8,26.25
2026-08-29T16:27:57,36606,40192,91.1,81.72,48,10.9,118339,515804,22.9,25.03
2026-08-29T16:28:03,36606,40192,91.1,175.24,50,11.8,131107,515804,25.4,24.23
2026-08-29T16:28:08,36606,40192,91.1,175.03,50,31.9,102829,515804,19.9,23.57
2026-08-29T16:28:13,36606,40192,91.1,179.83,50,9.5,95598,515804,18.5,22.11
2026-08-29T16:28:19,36606,40192,91.1,176.58,50,8.7,105561,515804,20.5,21.22
2026-08-29T16:28:24,36606,40192,91.1,182.49,50,26.8,92337,515804,17.9,21.04
2026-08-29T16:28:30,36606,40192,91.1,179.30,51,20.8,109439,515804,21.2,20.24
2026-08-29T16:28:35,36606,40192,91.1,79.85,48,19.2,124842,515804,24.2,19.42
2026-08-29T16:28:41,36606,40192,91.1,178.74,50,13.2,121926,515804,23.6,18.74
2026-08-29T16:28:46,36606,40192,91.1,178.53,51,10.4,120145,515804,23.3,18.60
2026-08-29T16:28:51,36606,40192,91.1,182.20,50,8.7,119972,515804,23.3,18.07
2026-08-29T16:28:57,36606,40192,91.1,176.34,50,26.6,116231,515804,22.5,17.59
2026-08-29T16:29:03,36606,40192,91.1,175.53,50,12.6,106437,515804,20.6,17.22
2026-08-29T16:29:08,36606,40192,91.1,176.58,50,10.3,103556,515804,20.1,16.64
2026-08-29T16:29:13,36606,40192,91.1,180.04,50,9.7,108819,515804,21.1,15.78
2026-08-29T16:29:19,36606,40192,91.1,176.06,50,40.7,110710,515804,21.5,15.80
2026-08-29T16:29:24,36606,40192,91.1,170.15,50,21.3,136469,515804,26.5,15.73
2026-08-29T16:29:30,36606,40192,91.1,179.59,50,9.4,123932,515804,24.0,15.35
2026-08-29T16:29:35,36606,40192,91.1,176.34,50,14.3,118884,515804,23.0,15.09
2026-08-29T16:29:41,36606,40192,91.1,174.79,50,9.4,114746,515804,22.2,14.84
2026-08-29T16:29:46,36606,40192,91.1,173.66,50,9.1,127986,515804,24.8,14.53
2026-08-29T16:29:52,36606,40192,91.1,95.10,48,30.5,104260,515804,20.2,20.57
2026-08-29T16:29:57,36606,40192,91.1,175.03,50,9.2,97597,515804,18.9,19.73
2026-08-29T16:30:02,36606,40192,91.1,178.22,50,9.2,106814,515804,20.7,19.03
2026-08-29T16:30:08,36606,40192,91.1,157.63,50,29.5,93136,515804,18.1,18.62
2026-08-29T16:30:13,36606,40192,91.1,79.32,48,17.6,109895,515804,21.3,27.28
2026-08-29T16:30:20,36606,40192,91.1,172.84,50,19.4,126846,515804,24.6,25.90
2026-08-29T16:30:25,36606,40192,91.1,175.24,50,14.6,121888,515804,23.6,24.86
2026-08-29T16:30:31,36606,40192,91.1,175.00,50,9.8,115319,515804,22.4,24.15
2026-08-29T16:30:36,36606,40192,91.1,178.53,50,9.5,126892,515804,24.6,23.34
2026-08-29T16:30:42,36606,40192,91.1,179.06,50,35.2,110296,515804,21.4,22.67
2026-08-29T16:30:47,36606,40192,91.1,78.55,48,11.1,101321,515804,19.6,21.98
2026-08-29T16:30:53,36606,40192,91.1,180.93,50,8.9,101412,515804,19.7,21.26
2026-08-29T16:30:58,36606,40192,91.1,160.56,50,28.3,107059,515804,20.8,20.64
2026-08-29T16:31:05,36606,40192,91.1,176.58,50,13.2,109010,515804,21.1,19.94
2026-08-29T16:31:11,36606,40192,91.1,179.83,50,19.5,125099,515804,24.3,19.15
2026-08-29T16:31:16,36606,40192,91.1,179.06,50,13.9,119836,515804,23.2,18.58
2026-08-29T16:31:22,36606,40192,91.1,179.59,50,9.6,115876,515804,22.5,17.97
2026-08-29T16:31:27,36606,40192,91.1,179.06,50,8.8,122155,515804,23.7,17.65
2026-08-29T16:31:33,36606,40192,91.1,178.22,50,30.0,114821,515804,22.3,17.44
2026-08-29T16:31:38,36606,40192,91.1,86.80,50,12.9,106144,515804,20.6,27.73
2026-08-29T16:31:44,36606,40192,91.1,181.17,50,9.7,104490,515804,20.3,25.41
2026-08-29T16:31:50,36606,40192,91.1,178.46,50,24.6,101311,515804,19.6,24.65
2026-08-29T16:31:57,36606,40192,91.1,176.38,50,21.4,111853,515804,21.7,23.96
2026-08-29T16:32:02,36606,40192,91.1,180.40,50,21.5,126341,515804,24.5,23.00
2026-08-29T16:32:08,36606,40192,91.1,109.26,50,15.2,126672,515804,24.6,22.28
2026-08-29T16:32:13,36606,40192,91.1,178.74,50,22.4,117645,515804,22.8,30.30
2026-08-29T16:32:19,36606,40192,91.1,180.62,50,8.8,117673,515804,22.8,28.76
2026-08-29T16:32:25,36606,40192,91.1,180.04,50,26.5,114545,515804,22.2,27.41
2026-08-29T16:32:30,36606,40192,91.1,176.88,49,12.3,104307,515804,20.2,26.26
2026-08-29T16:32:36,36606,40192,91.1,176.38,50,9.3,101537,515804,19.7,25.20
2026-08-29T16:32:41,36606,40192,91.1,177.64,50,9.1,109146,515804,21.2,24.14
2026-08-29T16:32:47,36606,40192,91.1,177.64,50,42.3,109002,515804,21.1,23.57
2026-08-29T16:32:52,36606,40192,91.1,171.26,50,14.8,124727,515804,24.2,22.56
2026-08-29T16:32:57,36606,40192,91.1,181.46,50,13.5,126645,515804,24.6,21.64
2026-08-29T16:33:03,36606,40192,91.1,179.06,50,33.8,121884,515804,23.6,20.70
2026-08-29T16:33:08,36606,40192,91.1,181.46,50,9.9,116862,515804,22.7,19.93
2026-08-29T16:33:14,36606,40192,91.1,175.53,50,9.8,129378,515804,25.1,19.11
2026-08-29T16:33:19,36606,40192,91.1,179.83,50,31.9,106701,515804,20.7,18.86
2026-08-29T16:33:25,36606,40192,91.1,181.46,50,11.7,101924,515804,19.8,18.55
2026-08-29T16:33:30,36606,40192,91.1,182.20,50,10.2,102915,515804,20.0,18.18
2026-08-29T16:33:36,36606,40192,91.1,180.32,50,28.7,96014,515804,18.6,17.53
2026-08-29T16:33:41,36606,40192,91.1,178.98,50,20.8,108323,515804,21.0,17.01
2026-08-29T16:33:46,36606,40192,91.1,179.51,50,22.1,123090,515804,23.9,16.60
2026-08-29T16:33:52,36606,40192,91.1,177.72,50,24.0,125394,515804,24.3,16.96
2026-08-29T16:33:57,36606,40192,91.1,180.40,50,22.9,119024,515804,23.1,16.56
2026-08-29T16:34:03,36606,40192,91.1,178.74,50,9.3,119022,515804,23.1,16.27
2026-08-29T16:34:08,36606,40192,91.1,162.96,50,26.5,118930,515804,23.1,26.48
2026-08-29T16:34:14,36606,40192,91.1,178.01,51,12.9,104270,515804,20.2,25.72
2026-08-29T16:34:21,36606,40192,91.1,175.85,50,10.2,104090,515804,20.2,24.78
2026-08-29T16:34:26,36606,40192,91.1,180.11,50,10.2,104393,515804,20.2,24.08
2026-08-29T16:34:32,36606,40192,91.1,180.40,50,38.9,111007,515804,21.5,23.99
2026-08-29T16:34:37,36606,40192,91.1,174.51,50,20.2,130814,515804,25.4,22.95
2026-08-29T16:34:43,36606,40192,91.1,78.79,49,10.1,126434,515804,24.5,22.23
2026-08-29T16:34:48,36606,40192,91.1,179.83,50,16.7,122791,515804,23.8,32.22
2026-08-29T16:34:54,36606,40192,91.1,179.06,50,10.4,115189,515804,22.3,30.76
2026-08-29T16:34:59,36606,40192,91.1,177.43,50,9.0,124590,515804,24.2,27.80
2026-08-29T16:35:04,36606,40192,91.1,181.99,51,32.4,103431,515804,20.1,26.38
2026-08-29T16:35:10,36606,40192,91.1,182.27,50,9.3,96342,515804,18.7,25.15
2026-08-29T16:35:15,36606,40192,91.1,177.19,50,8.9,106050,515804,20.6,24.17
2026-08-29T16:35:21,36606,40192,91.1,179.27,50,27.6,92942,515804,18.0,33.29
2026-08-29T16:35:26,36606,40192,91.1,176.91,50,21.2,110045,515804,21.3,31.58
2026-08-29T16:35:31,36606,40192,91.1,180.32,50,19.5,125524,515804,24.3,40.51
2026-08-29T16:35:37,36606,40192,91.1,182.49,50,13.1,121456,515804,23.5,38.06
2026-08-29T16:35:42,36606,40192,91.1,180.62,50,10.6,120792,515804,23.4,35.82
2026-08-29T16:35:48,36606,40192,91.1,183.26,50,8.7,120548,515804,23.4,33.99
2026-08-29T16:35:53,36606,40192,91.1,176.91,50,28.4,117579,515804,22.8,32.47
2026-08-29T16:35:59,36606,40192,91.1,75.58,48,13.5,106416,515804,20.6,29.93
2026-08-29T16:36:04,36606,40192,91.1,181.17,50,10.5,103677,515804,20.1,28.34
2026-08-29T16:36:10,36606,40192,91.1,179.80,50,11.7,112971,515804,21.9,27.27
2026-08-29T16:36:15,36606,40192,91.1,176.14,50,39.3,106370,515804,20.6,25.89
2026-08-29T16:36:20,36606,40192,91.1,176.14,50,11.9,115187,515804,22.3,24.77
2026-08-29T16:36:26,36606,40192,91.1,89.73,48,16.3,124273,515804,24.1,23.59
2026-08-29T16:36:31,36606,40192,91.1,181.17,50,14.7,119439,515804,23.2,23.14
2026-08-29T16:36:37,36606,40192,91.1,181.14,50,9.4,114479,515804,22.2,32.66
2026-08-29T16:36:42,36606,40192,91.1,178.77,50,8.9,127252,515804,24.7,30.85
2026-08-29T16:36:48,36606,40192,91.1,180.04,50,32.5,103769,515804,20.1,29.58
2026-08-29T16:36:53,36606,40192,91.1,166.17,50,9.8,103662,515804,20.1,28.17
2026-08-29T16:36:59,36606,40192,91.1,181.14,50,9.3,103865,515804,20.1,27.03
2026-08-29T16:37:04,36606,40192,91.1,147.46,50,15.9,103941,515804,20.2,24.66
2026-08-29T16:37:10,36606,40192,91.1,179.80,50,34.4,110831,515804,21.5,23.72
2026-08-29T16:37:15,36606,40192,91.1,181.99,50,20.0,131211,515804,25.4,22.70
2026-08-29T16:37:21,36606,40192,91.1,180.62,50,9.9,126541,515804,24.5,21.69
2026-08-29T16:37:26,36606,40192,91.1,77.97,48,15.3,122494,515804,23.7,21.23
2026-08-29T16:37:32,36606,40192,91.1,176.14,50,13.3,118722,515804,23.0,20.89
2026-08-29T16:37:37,36606,40192,91.1,180.40,50,11.2,125293,515804,24.3,20.58
2026-08-29T16:37:42,36606,40192,91.1,177.72,50,30.8,102698,515804,19.9,30.06
2026-08-29T16:37:48,36606,40192,91.1,176.06,50,10.4,103430,515804,20.1,28.78
2026-08-29T16:37:53,36606,40192,91.1,177.40,50,9.8,103808,515804,20.1,27.91
2026-08-29T16:37:59,36606,40192,91.1,176.58,50,29.6,92503,515804,17.9,26.02
2026-08-29T16:38:05,36606,40192,91.1,177.11,49,20.5,110078,515804,21.3,24.98
2026-08-29T16:38:10,36606,40192,91.1,177.40,50,20.0,125914,515804,24.4,23.78
2026-08-29T16:38:16,36606,40192,91.1,183.04,50,13.9,120393,515804,23.3,22.99
2026-08-29T16:38:21,36606,40192,91.1,174.51,50,9.4,117991,515804,22.9,21.95
2026-08-29T16:38:27,36606,40192,91.1,89.20,48,9.1,122116,515804,23.7,21.24
2026-08-29T16:38:32,36606,40192,91.1,177.11,50,29.2,117580,515804,22.8,20.58
2026-08-29T16:38:37,36606,40192,91.1,180.40,50,12.9,107740,515804,20.9,19.73
2026-08-29T16:38:43,36606,40192,91.1,176.06,50,10.0,106329,515804,20.6,19.19
2026-08-29T16:38:49,36606,40192,91.1,164.30,49,23.6,106363,515804,20.6,28.80
2026-08-29T16:38:55,36606,40192,91.1,180.32,50,27.4,108856,515804,21.1,27.62
2026-08-29T16:39:00,36606,40192,91.1,175.53,50,19.4,122589,515804,23.8,36.62
2026-08-29T16:39:06,36606,40192,91.1,101.78,48,8.6,123198,515804,23.9,34.56
2026-08-29T16:39:11,36606,40192,91.1,177.64,50,14.5,118211,515804,22.9,32.68
2026-08-29T16:39:17,36606,40192,91.1,177.11,50,9.1,118314,515804,22.9,31.02
2026-08-29T16:39:22,36606,40192,91.1,165.12,50,12.2,118594,515804,23.0,29.42
2026-08-29T16:39:28,36606,40192,91.1,180.40,50,25.2,105096,515804,20.4,28.18
2026-08-29T16:39:34,36606,40192,91.1,179.30,50,9.5,101797,515804,19.7,25.62
2026-08-29T16:39:40,36606,40192,91.1,85.75,49,9.0,110722,515804,21.5,24.53
2026-08-29T16:39:45,36606,40192,91.1,182.51,50,42.0,109515,515804,21.2,24.09
2026-08-29T16:39:50,36606,40192,91.1,174.27,50,17.2,132555,515804,25.7,23.04
2026-08-29T16:39:56,36606,40192,91.1,176.38,50,10.8,127296,515804,24.7,21.99
2026-08-29T16:40:02,36606,40192,91.1,180.93,50,15.2,122254,515804,23.7,21.27
2026-08-29T16:40:07,36606,40192,91.1,176.67,50,10.7,117799,515804,22.8,20.45
2026-08-29T16:40:12,36606,40192,91.1,178.22,50,11.7,120745,515804,23.4,19.61
2026-08-29T16:40:19,36606,40192,91.1,180.62,50,30.7,102541,515804,19.9,28.09
2026-08-29T16:40:24,36606,40192,91.1,175.53,50,9.4,96959,515804,18.8,26.88
2026-08-29T16:40:30,36606,40192,91.1,118.62,50,9.0,108670,515804,21.1,26.09
2026-08-29T16:40:35,36606,40192,91.1,180.40,50,38.8,115902,515804,22.5,24.80
2026-08-29T16:40:41,36606,40192,91.1,182.27,50,8.6,109637,515804,21.3,23.70
2026-08-29T16:40:46,36606,40192,91.1,176.34,50,19.3,125472,515804,24.3,22.60
2026-08-29T16:40:52,36606,40192,91.1,181.67,50,14.8,120594,515804,23.4,21.59
2026-08-29T16:40:57,36606,40192,91.1,174.48,50,9.2,112896,515804,21.9,20.98
2026-08-29T16:41:03,36606,40192,91.1,181.38,50,8.7,124209,515804,24.1,20.66
2026-08-29T16:41:08,36606,40192,91.1,182.20,50,31.6,111528,515804,21.6,19.97
2026-08-29T16:41:14,36606,40192,91.1,180.04,50,9.0,104647,515804,20.3,19.65
2026-08-29T16:41:19,36606,40192,91.1,176.38,50,9.8,104655,515804,20.3,18.87
2026-08-29T16:41:24,36606,40192,91.1,151.84,49,27.6,104647,515804,20.3,28.57
2026-08-29T16:41:31,36606,40192,91.1,179.59,50,22.4,111892,515804,21.7,27.64
2026-08-29T16:41:36,36606,40192,91.1,177.72,50,21.7,126243,515804,24.5,36.72
2026-08-29T16:41:41,36606,40192,91.1,179.06,50,12.7,125166,515804,24.3,34.74
2026-08-29T16:41:47,36606,40192,91.1,183.78,50,10.3,117841,515804,22.8,32.84
2026-08-29T16:41:52,36606,40192,91.1,175.77,50,9.4,117732,515804,22.8,31.57
2026-08-29T16:41:58,36606,40192,91.1,169.38,50,24.2,117663,515804,22.8,29.92
2026-08-29T16:42:04,36606,40192,91.1,183.04,50,13.2,104404,515804,20.2,28.41
2026-08-29T16:42:09,36606,40192,91.1,179.59,50,9.1,101264,515804,19.6,25.73
2026-08-29T16:42:15,36606,40192,91.1,182.27,50,9.4,113305,515804,22.0,24.63
2026-08-29T16:42:20,36606,40192,91.1,182.20,50,40.1,109295,515804,21.2,23.62
2026-08-29T16:42:25,36606,40192,91.1,182.72,50,9.6,111344,515804,21.6,22.61
2026-08-29T16:42:31,36606,40192,91.1,177.19,50,18.8,126817,515804,24.6,21.92
2026-08-29T16:42:36,36606,40192,91.1,182.51,50,14.7,121868,515804,23.6,21.52
2026-08-29T16:42:42,36606,40192,91.1,175.53,50,9.8,116766,515804,22.6,20.76
2026-08-29T16:42:47,36606,40192,91.1,181.14,50,10.1,129149,515804,25.0,19.90
2026-08-29T16:42:53,36606,40192,91.1,82.54,48,33.4,106021,515804,20.6,19.51
2026-08-29T16:42:58,36606,40192,91.1,178.77,50,10.4,99090,515804,19.2,18.75
2026-08-29T16:43:04,36606,40192,91.1,176.34,50,8.8,102365,515804,19.8,18.12
2026-08-29T16:43:09,36606,40192,91.1,178.98,50,28.5,96162,515804,18.6,17.43
2026-08-29T16:43:15,36606,40192,91.1,179.30,51,20.9,108806,515804,21.1,16.83
2026-08-29T16:43:20,36606,40192,91.1,178.01,50,19.3,123608,515804,24.0,16.37
2026-08-29T16:43:26,36606,40192,91.1,184.14,50,13.2,125000,515804,24.2,15.94
2026-08-29T16:43:31,36606,40192,91.1,84.12,49,10.5,118917,515804,23.1,15.54
2026-08-29T16:43:36,36606,40192,91.1,178.46,50,8.7,119200,515804,23.1,15.18
2026-08-29T16:43:42,36606,40192,91.1,74.81,47,26.2,118900,515804,23.1,14.92
2026-08-29T16:43:48,36606,40192,91.1,180.93,50,13.7,105618,515804,20.5,14.93
2026-08-29T16:43:53,36606,40192,91.1,180.11,50,9.3,102658,515804,19.9,14.53
2026-08-29T16:43:59,36606,40192,91.1,172.84,50,10.2,112854,515804,21.9,14.49
2026-08-29T16:44:04,36606,40192,91.1,179.27,50,37.9,110243,515804,21.4,14.13
2026-08-29T16:44:09,36606,40192,91.1,167.23,50,19.7,135401,515804,26.3,24.22
2026-08-29T16:44:15,36606,40192,91.1,178.01,50,11.7,127649,515804,24.7,23.56
2026-08-29T16:44:20,36606,40192,91.1,180.32,50,14.8,118259,515804,22.9,22.64
2026-08-29T16:44:26,36606,40192,91.1,178.01,50,9.3,114025,515804,22.1,21.78
2026-08-29T16:44:31,36606,40192,91.1,175.85,50,9.2,127660,515804,24.7,20.92
2026-08-29T16:44:37,36606,40192,91.1,176.58,50,31.1,103608,515804,20.1,20.29
2026-08-29T16:44:42,36606,40192,91.1,174.18,50,9.3,95637,515804,18.5,19.62
2026-08-29T16:44:48,36606,40192,91.1,177.93,50,8.7,106742,515804,20.7,18.93
2026-08-29T16:44:53,36606,40192,91.1,178.98,50,30.8,96721,515804,18.8,18.54
2026-08-29T16:44:59,36606,40192,91.1,177.72,50,18.2,110237,515804,21.4,18.09
2026-08-29T16:45:04,36606,40192,91.1,178.98,50,19.4,126406,515804,24.5,17.08
2026-08-29T16:45:10,36606,40192,91.1,178.74,50,14.5,120718,515804,23.4,16.67
2026-08-29T16:45:15,36606,40192,91.1,181.70,50,9.2,118558,515804,23.0,16.21
2026-08-29T16:45:21,36606,40192,91.1,174.71,50,9.7,122109,515804,23.7,16.04
2026-08-29T16:45:26,36606,40192,91.1,181.46,50,29.6,114627,515804,22.2,15.95
2026-08-29T16:45:31,36606,40192,91.1,179.83,51,14.3,105505,515804,20.5,15.88
2026-08-29T16:45:37,36606,40192,91.1,181.38,50,12.1,104285,515804,20.2,16.05
2026-08-29T16:45:42,36606,40192,91.1,174.51,50,9.3,106614,515804,20.7,15.72
2026-08-29T16:45:48,36606,40192,91.1,182.27,50,39.9,106880,515804,20.7,22.31
2026-08-29T16:45:53,36606,40192,91.1,175.57,50,15.8,125574,515804,24.3,21.41
2026-08-29T16:45:59,36606,40192,91.1,182.51,50,12.0,124687,515804,24.2,20.49
2026-08-29T16:46:04,36606,40192,91.1,180.62,50,14.2,119952,515804,23.3,19.12
2026-08-29T16:46:10,36606,40192,91.1,181.99,50,9.3,115487,515804,22.4,18.55
2026-08-29T16:46:15,36606,40192,91.1,181.70,50,9.3,127726,515804,24.8,18.42
2026-08-29T16:46:21,36606,40192,91.1,176.67,50,29.4,104906,515804,20.3,17.91
2026-08-29T16:46:26,36606,40192,91.1,176.88,50,9.1,100371,515804,19.5,17.36
2026-08-29T16:46:31,36606,40192,91.1,179.27,50,9.3,106432,515804,20.6,16.77
2026-08-29T16:46:37,36606,40192,91.1,181.91,50,26.6,97187,515804,18.8,16.30
2026-08-29T16:46:42,36606,40192,91.1,183.86,50,21.4,111357,515804,21.6,16.20
2026-08-29T16:46:48,36606,40192,91.1,174.51,50,19.7,126543,515804,24.5,15.70
2026-08-29T16:46:53,36606,40192,91.1,180.62,50,14.8,125717,515804,24.4,15.49
2026-08-29T16:46:59,36606,40192,91.1,182.72,50,12.0,111349,515804,21.6,15.89
2026-08-29T16:47:05,36606,40192,91.1,181.99,50,8.8,120756,515804,23.4,15.90
2026-08-29T16:47:11,36606,40192,91.1,163.24,50,30.0,112095,515804,21.7,25.84
2026-08-29T16:47:16,36606,40192,91.1,183.56,50,8.9,102458,515804,19.9,24.65
2026-08-29T16:47:22,36606,40192,91.1,178.01,50,9.2,102454,515804,19.9,23.48
2026-08-29T16:47:27,36606,40192,91.1,154.24,49,24.8,102874,515804,19.9,22.64
2026-08-29T16:47:33,36606,40192,91.1,174.79,50,22.5,110137,515804,21.4,21.79
2026-08-29T16:47:39,36606,40192,91.1,182.20,50,19.4,124595,515804,24.2,20.84
2026-08-29T16:47:44,36606,40192,91.1,116.22,49,12.6,128370,515804,24.9,29.90
2026-08-29T16:47:50,36606,40192,91.1,181.91,50,10.8,120049,515804,23.3,28.31
2026-08-29T16:47:56,36606,40192,91.1,79.08,48,9.0,120296,515804,23.3,26.84
2026-08-29T16:48:01,36606,40192,91.1,147.74,49,23.2,120280,515804,23.3,25.65
2026-08-29T16:48:07,36606,40192,91.1,178.46,50,18.3,106370,515804,20.6,24.64
2026-08-29T16:48:12,36606,40192,91.1,179.30,50,11.2,103017,515804,20.0,23.63
2026-08-29T16:48:19,36606,40192,91.1,175.00,50,11.0,108973,515804,21.1,22.93
2026-08-29T16:48:25,36606,40192,91.1,181.38,50,40.8,112876,515804,21.9,21.49
2026-08-29T16:48:30,36606,40192,91.1,97.22,47,8.6,108174,515804,21.0,20.81
2026-08-29T16:48:35,36606,40192,91.1,176.88,50,19.2,124411,515804,24.1,20.02
2026-08-29T16:48:41,36606,40192,91.1,175.32,50,14.4,119746,515804,23.2,19.46
2026-08-29T16:48:46,36606,40192,91.1,182.27,50,9.2,112277,515804,21.8,18.78
2026-08-29T16:48:52,36606,40192,91.1,180.32,50,8.8,123547,515804,24.0,18.24
2026-08-29T16:48:57,36606,40192,91.1,180.62,50,29.1,110059,515804,21.3,17.66
2026-08-29T16:49:03,36606,40192,91.1,181.38,50,9.2,104059,515804,20.2,17.29
2026-08-29T16:49:08,36606,40192,91.1,182.27,50,9.2,104143,515804,20.2,16.70
2026-08-29T16:49:14,36606,40192,91.1,159.50,50,25.1,103469,515804,20.1,16.32
2026-08-29T16:49:19,36606,40192,91.1,178.53,50,21.1,111366,515804,21.6,15.50
2026-08-29T16:49:25,36606,40192,91.1,180.62,50,19.8,126160,515804,24.5,15.30
2026-08-29T16:49:30,36606,40192,91.1,175.24,50,13.7,131078,515804,25.4,14.95
2026-08-29T16:49:36,36606,40192,91.1,180.62,50,12.7,121976,515804,23.6,14.96
2026-08-29T16:49:41,36606,40192,91.1,179.59,50,10.7,117673,515804,22.8,14.56
2026-08-29T16:49:47,36606,40192,91.1,124.24,49,25.5,118032,515804,22.9,14.36
2026-08-29T16:49:53,36606,40192,91.1,180.64,50,13.1,104662,515804,20.3,14.33
2026-08-29T16:49:58,36606,40192,91.1,176.14,50,9.4,101418,515804,19.7,14.06
2026-08-29T16:50:04,36606,40192,91.1,83.06,48,9.0,112940,515804,21.9,13.81
2026-08-29T16:50:09,36606,40192,91.1,179.06,50,39.9,108439,515804,21.0,13.67
2026-08-29T16:50:14,36606,40192,91.1,181.91,50,8.6,109124,515804,21.2,13.79
2026-08-29T16:50:20,36606,40192,91.1,173.37,50,19.5,125996,515804,24.4,13.56
2026-08-29T16:50:25,36606,40192,91.1,181.14,50,14.0,121297,515804,23.5,13.44
2026-08-29T16:50:31,36606,40192,91.1,179.27,50,9.8,115607,515804,22.4,13.72
2026-08-29T16:50:36,36606,40192,91.1,183.86,50,8.8,127888,515804,24.8,13.59
2026-08-29T16:50:42,36606,40192,91.1,172.92,50,31.8,105321,515804,20.4,13.86
2026-08-29T16:50:47,36606,40192,91.1,180.40,50,9.7,103489,515804,20.1,13.71
2026-08-29T16:50:53,36606,40192,91.1,182.20,50,10.0,106845,515804,20.7,13.49
2026-08-29T16:50:58,36606,40192,91.1,182.20,50,30.2,99787,515804,19.3,13.61
2026-08-29T16:51:03,36606,40192,91.1,181.14,50,21.4,107773,515804,20.9,21.49
2026-08-29T16:51:09,36606,40192,91.1,182.51,50,19.4,122778,515804,23.8,20.65
2026-08-29T16:51:14,36606,40192,91.1,178.46,50,13.4,123478,515804,23.9,19.88
2026-08-29T16:51:20,36606,40192,91.1,177.11,50,10.0,118214,515804,22.9,18.82
2026-08-29T16:51:25,36606,40192,91.1,180.32,50,8.7,118468,515804,23.0,18.19
2026-08-29T16:51:31,36606,40192,91.1,179.27,50,27.1,116574,515804,22.6,17.54
2026-08-29T16:51:36,36606,40192,91.1,176.88,50,12.8,105009,515804,20.4,17.01
2026-08-29T16:51:42,36606,40192,91.1,177.64,50,9.1,101938,515804,19.8,16.53
2026-08-29T16:51:47,36606,40192,91.1,179.83,50,8.9,110744,515804,21.5,16.17
2026-08-29T16:51:53,36606,40192,91.1,182.51,50,40.3,109600,515804,21.2,16.32
2026-08-29T16:51:58,36606,40192,91.1,171.06,50,16.3,129809,515804,25.2,15.97
2026-08-29T16:52:04,36606,40192,91.1,181.99,50,12.7,127054,515804,24.6,15.65
2026-08-29T16:52:09,36606,40192,91.1,180.93,50,15.0,122146,515804,23.7,15.28
2026-08-29T16:52:14,36606,40192,91.1,175.32,50,11.1,117271,515804,22.7,15.10
2026-08-29T16:52:20,36606,40192,91.1,174.79,49,11.5,130610,515804,25.3,15.09
2026-08-29T16:52:25,36606,40192,91.1,180.32,50,32.1,102646,515804,19.9,14.84
2026-08-29T16:52:31,36606,40192,91.1,178.77,50,9.4,94657,515804,18.4,14.69
2026-08-29T16:52:36,36606,40192,91.1,181.17,50,8.9,105064,515804,20.4,14.56
2026-08-29T16:52:42,36606,40192,91.1,182.51,50,26.4,91913,515804,17.8,14.35
2026-08-29T16:52:47,36606,40192,91.1,182.27,51,20.7,109435,515804,21.2,14.24
2026-08-29T16:52:53,36606,40192,91.1,179.30,50,18.9,125185,515804,24.3,24.15
2026-08-29T16:52:58,36606,40192,91.1,177.19,50,13.6,121150,515804,23.5,23.18
2026-08-29T16:53:03,36606,40192,91.1,179.59,50,10.2,120654,515804,23.4,22.20
2026-08-29T16:53:09,36606,40192,91.1,177.72,50,8.8,120655,515804,23.4,21.39
2026-08-29T16:53:14,36606,40192,91.1,178.25,49,30.6,117359,515804,22.8,20.16
2026-08-29T16:53:20,36606,40192,91.1,178.25,50,12.9,106174,515804,20.6,19.75
2026-08-29T16:53:25,36606,40192,91.1,181.14,50,9.7,103635,515804,20.1,18.97
2026-08-29T16:53:31,36606,40192,91.1,180.64,50,9.7,109884,515804,21.3,18.49
2026-08-29T16:53:37,36606,40192,91.1,98.85,48,43.8,110606,515804,21.4,28.46
2026-08-29T16:53:42,36606,40192,91.1,163.82,50,15.1,118290,515804,22.9,27.46
2026-08-29T16:53:47,36606,40192,91.1,175.77,50,14.7,123744,515804,24.0,26.06
2026-08-29T16:53:53,36606,40192,91.1,178.25,50,14.2,119123,515804,23.1,25.18
2026-08-29T16:53:58,36606,40192,91.1,176.06,50,9.6,114558,515804,22.2,24.04
2026-08-29T16:54:04,36606,40192,91.1,84.40,49,8.9,127082,515804,24.6,22.92
2026-08-29T16:54:10,36606,40192,91.1,182.49,50,31.4,103976,515804,20.2,21.09
2026-08-29T16:54:15,36606,40192,91.1,181.70,50,9.1,100815,515804,19.5,20.36
2026-08-29T16:54:20,36606,40192,91.1,183.56,50,9.0,105890,515804,20.5,19.69
2026-08-29T16:54:26,36606,40192,91.1,181.38,50,28.4,97735,515804,18.9,29.25
2026-08-29T16:54:31,36606,40192,91.1,81.72,48,21.6,110898,515804,21.5,27.87
2026-08-29T16:54:37,36606,40192,91.1,181.17,50,19.2,125644,515804,24.4,37.09
2026-08-29T16:54:42,36606,40192,91.1,75.58,48,13.6,126055,515804,24.4,35.40
2026-08-29T16:54:48,36606,40192,91.1,178.74,50,11.4,120897,515804,23.4,33.52
2026-08-29T16:54:53,36606,40192,91.1,176.14,50,10.1,120861,515804,23.4,31.64
2026-08-29T16:54:59,36606,40192,91.1,179.06,50,27.2,112942,515804,21.9,29.07
2026-08-29T16:55:05,36606,40192,91.1,181.67,50,11.7,101598,515804,19.7,27.55
2026-08-29T16:55:11,36606,40192,91.1,55.81,46,9.2,100928,515804,19.6,26.22
2026-08-29T16:55:16,36606,40192,91.1,56.97,45,12.5,101087,515804,19.6,25.48
2026-08-29T16:55:22,36606,40192,91.1,56.33,45,34.4,107862,515804,20.9,24.24
