timestamp,mig_mem_used_mib,mig_mem_total_mib,mig_mem_used_pct,gpu_power_draw_w,gpu_temp_c,sys_cpu_util_pct,sys_ram_used_mib,sys_ram_total_mib,sys_ram_used_pct,sys_load_1min
2026-08-29T13:01:36,36562,40192,91.0,54.75,41,8.4,94280,515804,18.3,47.59
2026-08-29T13:01:40,36562,40192,91.0,59.55,41,7.9,90151,515804,17.5,44.50
2026-08-29T13:01:43,36562,40192,91.0,52.59,41,21.6,98651,515804,19.1,44.50
2026-08-29T13:01:47,36562,40192,91.0,70.25,42,8.1,90060,515804,17.5,41.65
2026-08-29T13:01:52,36562,40192,91.0,53.76,41,26.1,100378,515804,19.5,39.12
2026-08-29T13:01:55,36562,40192,91.0,55.34,41,12.7,91937,515804,17.8,36.79
2026-08-29T13:01:59,36562,40192,91.0,52.59,41,22.1,107401,515804,20.8,45.05
2026-08-29T13:02:03,36606,40192,91.1,179.83,46,9.1,91761,515804,17.8,45.05
2026-08-29T13:02:06,36606,40192,91.1,177.40,46,8.4,90898,515804,17.6,42.72
2026-08-29T13:02:09,36606,40192,91.1,174.18,46,18.4,93030,515804,18.0,40.18
2026-08-29T13:02:15,36606,40192,91.1,169.63,46,15.5,102005,515804,19.8,38.09
2026-08-29T13:02:19,36606,40192,91.1,175.00,46,15.4,91582,515804,17.8,35.92
2026-08-29T13:02:22,36606,40192,91.1,173.45,46,8.8,93127,515804,18.1,35.92
2026-08-29T13:02:25,36606,40192,91.1,173.66,46,24.7,102811,515804,19.9,44.01
2026-08-29T13:02:29,36606,40192,91.1,178.46,46,9.5,93801,515804,18.2,41.69
2026-08-29T13:02:32,36606,40192,91.1,174.71,46,23.1,109462,515804,21.2,41.69
2026-08-29T13:02:36,36606,40192,91.1,179.06,47,9.5,93440,515804,18.1,39.15
2026-08-29T13:02:39,36606,40192,91.1,71.06,43,20.3,109271,515804,21.2,37.22
2026-08-29T13:02:44,36606,40192,91.1,175.53,47,14.7,93474,515804,18.1,35.44
2026-08-29T13:02:47,36606,40192,91.1,175.53,47,8.9,89876,515804,17.4,35.44
2026-08-29T13:02:51,36606,40192,91.1,174.79,47,22.1,98716,515804,19.1,43.57
2026-08-29T13:02:54,36606,40192,91.1,176.06,47,8.6,88930,515804,17.2,40.88
2026-08-29T13:03:00,36606,40192,91.1,175.77,47,25.0,94654,515804,18.4,38.49
2026-08-29T13:03:03,36606,40192,91.1,175.53,47,8.7,91155,515804,17.7,38.49
2026-08-29T13:03:07,36606,40192,91.1,175.85,47,22.0,99877,515804,19.4,36.29
2026-08-29T13:03:10,36606,40192,91.1,178.77,47,8.6,91041,515804,17.7,34.26
2026-08-29T13:03:14,36606,40192,91.1,175.24,47,21.8,108053,515804,20.9,32.64
2026-08-29T13:03:17,36606,40192,91.1,175.85,47,10.8,91657,515804,17.8,32.64
2026-08-29T13:03:21,36606,40192,91.1,178.46,47,9.2,92153,515804,17.9,31.23
2026-08-29T13:03:24,36606,40192,91.1,180.86,47,18.8,91009,515804,17.6,29.69
2026-08-29T13:03:29,36606,40192,91.1,173.69,47,8.5,91935,515804,17.8,28.19
2026-08-29T13:03:32,36606,40192,91.1,179.80,47,24.3,102258,515804,19.8,28.19
2026-08-29T13:03:36,36606,40192,91.1,178.53,47,9.3,93171,515804,18.1,26.81
2026-08-29T13:03:39,36606,40192,91.1,76.39,44,16.5,97490,515804,18.9,35.64
2026-08-29T13:03:45,36606,40192,91.1,179.80,47,9.1,93010,515804,18.0,33.82
2026-08-29T13:03:48,36606,40192,91.1,174.51,47,25.8,104393,515804,20.2,33.82
2026-08-29T13:03:52,36606,40192,91.1,179.30,47,9.6,93827,515804,18.2,32.00
2026-08-29T13:03:55,36606,40192,91.1,180.40,47,11.3,96058,515804,18.6,30.23
2026-08-29T13:03:59,36606,40192,91.1,174.48,47,22.7,94398,515804,18.3,29.09
2026-08-29T13:04:02,36606,40192,91.1,180.64,48,11.1,92164,515804,17.9,29.09
2026-08-29T13:04:05,36606,40192,91.1,174.27,48,24.4,99134,515804,19.2,27.80
2026-08-29T13:04:09,36606,40192,91.1,176.58,48,8.6,90277,515804,17.5,26.46
2026-08-29T13:04:12,36606,40192,91.1,175.03,47,18.2,103820,515804,20.1,26.46
2026-08-29T13:04:16,36606,40192,91.1,178.53,48,12.3,89351,515804,17.3,25.22
2026-08-29T13:04:19,36606,40192,91.1,178.98,48,8.8,90074,515804,17.5,24.00
2026-08-29T13:04:23,36606,40192,91.1,178.46,48,24.7,100393,515804,19.5,24.00
2026-08-29T13:04:26,36606,40192,91.1,172.60,48,8.5,91600,515804,17.8,23.04
2026-08-29T13:04:30,36606,40192,91.1,179.83,48,22.4,101870,515804,19.7,32.25
2026-08-29T13:04:33,36606,40192,91.1,176.67,48,8.7,91621,515804,17.8,32.25
2026-08-29T13:04:37,36606,40192,91.1,177.72,48,10.1,90500,515804,17.5,30.54
2026-08-29T13:04:40,36606,40192,91.1,176.58,48,22.8,92764,515804,18.0,28.98
2026-08-29T13:04:44,36606,40192,91.1,176.34,48,8.5,92801,515804,18.0,27.62
2026-08-29T13:04:47,36606,40192,91.1,180.11,48,22.0,101532,515804,19.7,27.62
2026-08-29T13:04:51,36606,40192,91.1,178.25,48,9.5,92490,515804,17.9,26.21
2026-08-29T13:04:54,36606,40192,91.1,154.42,48,23.5,112116,515804,21.7,36.20
2026-08-29T13:04:58,36606,40192,91.1,174.71,48,8.7,93133,515804,18.1,36.20
2026-08-29T13:05:01,36606,40192,91.1,174.48,48,9.4,93491,515804,18.1,34.42
2026-08-29T13:05:05,36606,40192,91.1,81.19,46,22.8,102213,515804,19.8,32.79
2026-08-29T13:05:08,36606,40192,91.1,176.06,48,9.4,93311,515804,18.1,32.79
2026-08-29T13:05:11,36606,40192,91.1,178.98,48,25.0,111126,515804,21.5,31.28
2026-08-29T13:05:15,36606,40192,91.1,181.17,48,11.4,93965,515804,18.2,29.98
2026-08-29T13:05:18,36606,40192,91.1,173.90,48,11.1,93079,515804,18.0,29.98
2026-08-29T13:05:22,36606,40192,91.1,178.98,48,22.8,97303,515804,18.9,28.78
2026-08-29T13:05:25,36606,40192,91.1,177.40,48,8.7,89572,515804,17.4,27.27
2026-08-29T13:05:28,36606,40192,91.1,177.72,48,24.6,104032,515804,20.2,27.27
2026-08-29T13:05:32,36606,40192,91.1,180.04,48,8.7,90808,515804,17.6,26.05
2026-08-29T13:05:35,36606,40192,91.1,83.35,46,8.9,89868,515804,17.4,24.77
2026-08-29T13:05:39,36606,40192,91.1,175.03,48,22.0,95445,515804,18.5,24.77
2026-08-29T13:05:42,36606,40192,91.1,180.64,48,8.6,90802,515804,17.6,23.66
2026-08-29T13:05:45,36606,40192,91.1,177.43,48,24.8,103504,515804,20.1,22.57
2026-08-29T13:05:49,36606,40192,91.1,182.49,48,8.5,92052,515804,17.8,21.80
2026-08-29T13:05:52,36606,40192,91.1,182.72,48,8.5,91191,515804,17.7,21.80
2026-08-29T13:05:56,36606,40192,91.1,177.40,48,22.8,93900,515804,18.2,21.34
2026-08-29T13:05:59,36606,40192,91.1,177.19,48,8.7,91891,515804,17.8,20.59
2026-08-29T13:06:02,36606,40192,91.1,180.32,48,23.9,101927,515804,19.8,20.59
2026-08-29T13:06:06,36606,40192,91.1,175.03,48,8.6,93066,515804,18.0,19.98
2026-08-29T13:06:09,36606,40192,91.1,161.38,48,22.3,111660,515804,21.6,19.18
2026-08-29T13:06:13,36606,40192,91.1,179.80,48,8.6,92131,515804,17.9,19.18
2026-08-29T13:06:16,36606,40192,91.1,179.83,48,8.5,91966,515804,17.8,18.61
2026-08-29T13:06:20,36606,40192,91.1,176.14,48,25.6,102795,515804,19.9,18.00
2026-08-29T13:06:23,36606,40192,91.1,177.40,48,9.8,93757,515804,18.2,18.00
2026-08-29T13:06:27,36606,40192,91.1,177.19,48,21.7,106533,515804,20.7,17.36
2026-08-29T13:06:30,36606,40192,91.1,79.85,46,9.5,93477,515804,18.1,17.17
2026-08-29T13:06:33,36606,40192,91.1,177.40,49,11.3,92405,515804,17.9,17.17
2026-08-29T13:06:37,36606,40192,91.1,177.64,49,26.9,100404,515804,19.5,16.91
2026-08-29T13:06:40,36606,40192,91.1,76.92,46,10.1,89870,515804,17.4,16.76
2026-08-29T13:06:44,36606,40192,91.1,171.78,48,21.8,100586,515804,19.5,16.30
2026-08-29T13:06:47,36606,40192,91.1,181.67,49,8.7,89764,515804,17.4,16.30
2026-08-29T13:06:51,36606,40192,91.1,181.38,49,8.4,88807,515804,17.2,15.79
2026-08-29T13:06:54,36606,40192,91.1,162.43,47,25.1,94675,515804,18.4,15.65
2026-08-29T13:06:57,36606,40192,91.1,174.51,49,8.9,90095,515804,17.5,15.44
2026-08-29T13:07:02,36606,40192,91.1,178.74,49,22.0,92874,515804,18.0,15.44
2026-08-29T13:07:06,36606,40192,91.1,176.06,49,8.6,91172,515804,17.7,15.08
2026-08-29T13:07:09,36606,40192,91.1,179.06,48,24.6,101178,515804,19.6,14.76
2026-08-29T13:07:13,36606,40192,91.1,177.72,49,8.6,92386,515804,17.9,14.76
2026-08-29T13:07:16,36606,40192,91.1,179.83,49,15.6,101134,515804,19.6,14.86
2026-08-29T13:07:19,36606,40192,91.1,180.62,49,15.5,91160,515804,17.7,14.87
2026-08-29T13:07:23,36606,40192,91.1,77.21,46,8.6,92404,515804,17.9,14.87
2026-08-29T13:07:26,36606,40192,91.1,177.19,49,24.6,102217,515804,19.8,14.48
2026-08-29T13:07:30,36606,40192,91.1,182.49,49,9.4,93100,515804,18.0,14.20
2026-08-29T13:07:33,36606,40192,91.1,178.53,48,21.7,111007,515804,21.5,14.20
2026-08-29T13:07:36,36606,40192,91.1,177.72,49,9.2,92567,515804,17.9,14.02
2026-08-29T13:07:40,36606,40192,91.1,179.06,49,8.8,92166,515804,17.9,14.10
2026-08-29T13:07:43,36606,40192,91.1,177.93,49,25.4,102959,515804,20.0,14.10
2026-08-29T13:07:47,36606,40192,91.1,177.64,48,9.6,93933,515804,18.2,13.85
2026-08-29T13:07:50,36606,40192,91.1,180.40,49,22.8,107864,515804,20.9,14.10
2026-08-29T13:07:54,36606,40192,91.1,178.22,49,11.4,93489,515804,18.1,14.10
2026-08-29T13:07:57,36606,40192,91.1,182.20,49,11.1,92410,515804,17.9,14.26
2026-08-29T13:08:00,36606,40192,91.1,174.18,49,25.4,96149,515804,18.6,13.91
2026-08-29T13:08:04,36606,40192,91.1,176.34,49,8.8,90195,515804,17.5,13.76
2026-08-29T13:08:07,36606,40192,91.1,181.38,49,22.1,100272,515804,19.4,13.76
2026-08-29T13:08:11,36606,40192,91.1,179.59,49,8.5,90106,515804,17.5,13.86
2026-08-29T13:08:14,36606,40192,91.1,178.22,49,11.2,90256,515804,17.5,13.63
2026-08-29T13:08:18,36606,40192,91.1,180.62,49,22.1,92250,515804,17.9,13.63
2026-08-29T13:08:21,36606,40192,91.1,178.74,49,8.5,91823,515804,17.8,13.42
2026-08-29T13:08:25,36606,40192,91.1,181.17,49,22.0,100656,515804,19.5,13.55
2026-08-29T13:08:28,36606,40192,91.1,180.11,49,8.9,92044,515804,17.8,13.55
2026-08-29T13:08:31,36606,40192,91.1,174.71,49,24.0,111984,515804,21.7,13.42
2026-08-29T13:08:35,36606,40192,91.1,179.59,49,9.4,92914,515804,18.0,13.15
2026-08-29T13:08:38,36606,40192,91.1,179.30,49,8.5,93248,515804,18.1,13.15
2026-08-29T13:08:42,36606,40192,91.1,179.27,49,22.1,102463,515804,19.9,12.98
2026-08-29T13:08:45,36606,40192,91.1,180.32,49,8.6,93703,515804,18.2,12.74
2026-08-29T13:08:49,36606,40192,91.1,181.17,49,25.2,110894,515804,21.5,12.74
2026-08-29T13:08:52,36606,40192,91.1,181.38,49,8.6,94820,515804,18.4,12.68
2026-08-29T13:08:55,36606,40192,91.1,181.38,49,8.9,92603,515804,18.0,12.46
2026-08-29T13:08:59,36606,40192,91.1,176.91,49,22.4,99863,515804,19.4,12.46
2026-08-29T13:09:02,36606,40192,91.1,180.64,49,9.7,93213,515804,18.1,12.51
2026-08-29T13:09:06,36606,40192,91.1,180.64,49,25.6,107011,515804,20.7,12.39
2026-08-29T13:09:09,36606,40192,91.1,179.51,49,9.4,94141,515804,18.3,12.68
2026-08-29T13:09:12,36606,40192,91.1,180.62,49,11.1,93068,515804,18.0,12.68
2026-08-29T13:09:16,36606,40192,91.1,180.93,49,24.5,97921,515804,19.0,12.46
2026-08-29T13:09:19,36606,40192,91.1,179.83,49,9.3,89420,515804,17.3,12.34
2026-08-29T13:09:23,36606,40192,91.1,175.85,49,24.5,99264,515804,19.2,12.34
2026-08-29T13:09:26,36606,40192,91.1,96.69,47,8.7,90592,515804,17.6,12.16
2026-08-29T13:09:29,36606,40192,91.1,170.44,49,15.0,99568,515804,19.3,12.14
2026-08-29T13:09:33,36606,40192,91.1,178.53,49,15.7,89253,515804,17.3,12.14
2026-08-29T13:09:36,36606,40192,91.1,178.98,49,8.5,90882,515804,17.6,11.97
2026-08-29T13:09:40,36606,40192,91.1,175.85,48,24.6,100571,515804,19.5,12.21
2026-08-29T13:09:43,36606,40192,91.1,176.67,49,8.7,91742,515804,17.8,12.21
2026-08-29T13:09:47,36606,40192,91.1,172.03,49,21.0,107706,515804,20.9,12.12
2026-08-29T13:09:50,36606,40192,91.1,96.16,48,8.6,91681,515804,17.8,12.11
2026-08-29T13:09:54,36606,40192,91.1,177.72,49,9.0,90582,515804,17.6,12.11
2026-08-29T13:09:57,36606,40192,91.1,179.51,49,25.3,101699,515804,19.7,11.94
2026-08-29T13:10:00,36606,40192,91.1,183.26,49,8.5,92846,515804,18.0,11.78
2026-08-29T13:10:04,36606,40192,91.1,92.95,46,22.1,106137,515804,20.6,12.12
2026-08-29T13:10:07,36606,40192,91.1,175.57,49,9.5,92497,515804,17.9,12.12
2026-08-29T13:10:11,36606,40192,91.1,164.92,49,20.6,112283,515804,21.8,11.95
2026-08-29T13:10:15,36606,40192,91.1,80.95,46,9.5,92929,515804,18.0,11.79
2026-08-29T13:10:19,36606,40192,91.1,176.06,49,9.5,93449,515804,18.1,11.79
2026-08-29T13:10:22,36606,40192,91.1,180.04,49,22.4,102396,515804,19.9,11.89
2026-08-29T13:10:25,36606,40192,91.1,79.08,47,9.2,93412,515804,18.1,11.74
2026-08-29T13:10:29,36606,40192,91.1,180.32,49,27.3,109240,515804,21.2,12.00
2026-08-29T13:10:32,36606,40192,91.1,178.74,49,11.2,94119,515804,18.2,12.00
2026-08-29T13:10:36,36606,40192,91.1,178.46,49,10.2,88472,515804,17.2,12.16
2026-08-29T13:10:39,36606,40192,91.1,174.18,49,18.8,89389,515804,17.3,12.15
2026-08-29T13:10:44,36606,40192,91.1,174.71,49,8.5,88678,515804,17.2,12.15
2026-08-29T13:10:47,36606,40192,91.1,182.49,49,24.3,99841,515804,19.4,12.22
2026-08-29T13:10:51,36606,40192,91.1,182.72,49,9.1,90923,515804,17.6,12.04
2026-08-29T13:10:54,36606,40192,91.1,182.20,49,16.7,91905,515804,17.8,11.95
2026-08-29T13:11:00,36606,40192,91.1,182.20,49,8.5,90998,515804,17.6,11.80
2026-08-29T13:11:03,36606,40192,91.1,176.58,49,24.6,101025,515804,19.6,11.80
2026-08-29T13:11:07,36606,40192,91.1,87.86,47,8.5,92325,515804,17.9,11.73
2026-08-29T13:11:10,36606,40192,91.1,175.24,49,20.8,109976,515804,21.3,12.00
2026-08-29T13:11:14,36606,40192,91.1,180.11,49,10.1,91134,515804,17.7,12.00
2026-08-29T13:11:17,36606,40192,91.1,181.46,49,8.4,91871,515804,17.8,11.91
2026-08-29T13:11:20,36606,40192,91.1,180.86,49,24.5,102115,515804,19.8,11.76
2026-08-29T13:11:24,36606,40192,91.1,182.49,49,9.4,93117,515804,18.1,11.76
2026-08-29T13:11:27,36606,40192,91.1,180.40,49,22.6,109015,515804,21.1,11.78
2026-08-29T13:11:30,36606,40192,91.1,175.53,49,8.5,92907,515804,18.0,11.80
2026-08-29T13:11:34,36606,40192,91.1,176.58,49,9.7,91874,515804,17.8,11.81
2026-08-29T13:11:37,36606,40192,91.1,181.67,49,25.5,102399,515804,19.9,11.81
2026-08-29T13:11:41,36606,40192,91.1,99.62,46,9.2,93974,515804,18.2,11.67
2026-08-29T13:11:45,36606,40192,91.1,178.01,49,22.4,102588,515804,19.9,11.70
2026-08-29T13:11:48,36606,40192,91.1,178.01,49,11.2,93496,515804,18.1,11.70
2026-08-29T13:11:52,36606,40192,91.1,159.03,49,27.5,112448,515804,21.8,12.04
2026-08-29T13:11:55,36606,40192,91.1,78.26,47,10.7,89383,515804,17.3,12.52
2026-08-29T13:11:59,36606,40192,91.1,180.62,49,8.8,90081,515804,17.5,12.56
2026-08-29T13:12:02,36606,40192,91.1,176.14,49,22.0,98924,515804,19.2,12.56
2026-08-29T13:12:06,36606,40192,91.1,174.79,49,8.7,90129,515804,17.5,12.35
2026-08-29T13:12:09,36606,40192,91.1,178.53,49,20.7,100124,515804,19.4,12.96
2026-08-29T13:12:14,36606,40192,91.1,178.46,49,8.6,91241,515804,17.7,12.96
2026-08-29T13:12:17,36606,40192,91.1,178.46,49,21.3,107443,515804,20.8,12.89
2026-08-29T13:12:21,36606,40192,91.1,178.53,49,8.9,91016,515804,17.6,12.66
2026-08-29T13:12:24,36606,40192,91.1,178.77,49,18.2,102043,515804,19.8,12.76
2026-08-29T13:12:30,36606,40192,91.1,176.38,49,9.2,92329,515804,17.9,12.62
2026-08-29T13:12:33,36606,40192,91.1,179.06,49,16.2,103586,515804,20.1,12.62
2026-08-29T13:12:37,36606,40192,91.1,178.53,49,14.0,91327,515804,17.7,12.41
2026-08-29T13:12:40,36606,40192,91.1,177.40,49,8.5,92246,515804,17.9,12.38
2026-08-29T13:12:44,36606,40192,91.1,179.30,49,25.2,102201,515804,19.8,12.38
2026-08-29T13:12:47,36606,40192,91.1,179.80,49,8.7,93328,515804,18.1,12.27
2026-08-29T13:12:51,36606,40192,91.1,178.74,49,21.9,108035,515804,20.9,12.09
2026-08-29T13:12:54,36606,40192,91.1,177.11,49,9.4,93003,515804,18.0,12.00
2026-08-29T13:12:58,36606,40192,91.1,175.77,49,9.5,92019,515804,17.8,12.00
2026-08-29T13:13:01,36606,40192,91.1,182.27,49,25.8,101310,515804,19.6,11.92
2026-08-29T13:13:04,36606,40192,91.1,181.91,49,9.4,94098,515804,18.2,12.09
2026-08-29T13:13:08,36606,40192,91.1,176.88,49,24.6,104459,515804,20.3,12.09
2026-08-29T13:13:11,36606,40192,91.1,177.40,49,11.3,93483,515804,18.1,12.24
2026-08-29T13:13:15,36606,40192,91.1,178.25,49,9.0,88233,515804,17.1,12.06
2026-08-29T13:13:18,36606,40192,91.1,182.20,49,24.7,94145,515804,18.3,12.06
2026-08-29T13:13:21,36606,40192,91.1,181.99,49,8.7,90512,515804,17.5,12.05
2026-08-29T13:13:25,36606,40192,91.1,180.11,49,22.1,99162,515804,19.2,11.97
2026-08-29T13:13:28,36606,40192,91.1,74.81,47,8.9,90317,515804,17.5,11.97
2026-08-29T13:13:32,36606,40192,91.1,181.14,49,13.2,94385,515804,18.3,11.97
2026-08-29T13:13:35,36606,40192,91.1,181.17,49,19.5,90894,515804,17.6,11.81
2026-08-29T13:13:39,36606,40192,91.1,177.19,49,8.7,92109,515804,17.9,11.81
2026-08-29T13:13:42,36606,40192,91.1,81.48,48,22.1,100529,515804,19.5,11.83
2026-08-29T13:13:45,36606,40192,91.1,178.98,49,8.5,91717,515804,17.8,11.68
2026-08-29T13:13:49,36606,40192,91.1,163.82,49,25.1,111190,515804,21.6,11.68
2026-08-29T13:13:52,36606,40192,91.1,180.11,49,8.7,92193,515804,17.9,11.55
2026-08-29T13:13:56,36606,40192,91.1,182.27,49,8.4,91740,515804,17.8,11.50
2026-08-29T13:13:59,36606,40192,91.1,176.34,49,22.1,101426,515804,19.7,11.70
2026-08-29T13:14:02,36606,40192,91.1,179.06,49,9.3,92488,515804,17.9,11.70
2026-08-29T13:14:06,36606,40192,91.1,98.04,49,24.2,106165,515804,20.6,11.89
2026-08-29T13:14:09,36606,40192,91.1,177.93,49,9.4,93406,515804,18.1,12.14
2026-08-29T13:14:13,36606,40192,91.1,177.72,50,8.9,92566,515804,17.9,12.14
2026-08-29T13:14:16,36606,40192,91.1,178.46,49,21.9,94967,515804,18.4,11.97
2026-08-29T13:14:20,36606,40192,91.1,179.51,49,9.5,93307,515804,18.1,11.89
2026-08-29T13:14:23,36606,40192,91.1,175.24,49,26.3,103155,515804,20.0,11.89
2026-08-29T13:14:27,36606,40192,91.1,176.67,49,11.2,94076,515804,18.2,12.06
2026-08-29T13:14:30,36606,40192,91.1,177.43,49,18.5,104248,515804,20.2,11.97
2026-08-29T13:14:34,36606,40192,91.1,171.78,49,14.4,88425,515804,17.1,11.97
2026-08-29T13:14:37,36606,40192,91.1,181.38,49,8.7,89357,515804,17.3,11.89
2026-08-29T13:14:41,36606,40192,91.1,179.83,49,24.1,99645,515804,19.3,12.06
2026-08-29T13:14:44,36606,40192,91.1,178.53,49,8.5,90850,515804,17.6,12.06
2026-08-29T13:14:48,36606,40192,91.1,180.86,49,22.2,106615,515804,20.7,12.06
2026-08-29T13:14:51,36606,40192,91.1,179.51,50,8.7,90601,515804,17.6,11.89
2026-08-29T13:14:54,36606,40192,91.1,177.40,49,8.4,89815,515804,17.4,11.98
2026-08-29T13:14:58,36606,40192,91.1,181.14,49,24.3,99717,515804,19.3,11.98
2026-08-29T13:15:01,36606,40192,91.1,179.51,50,8.6,92099,515804,17.9,11.98
2026-08-29T13:15:05,36606,40192,91.1,180.62,50,21.8,103447,515804,20.1,11.90
2026-08-29T13:15:08,36606,40192,91.1,182.51,49,9.2,91683,515804,17.8,11.90
2026-08-29T13:15:11,36606,40192,91.1,179.83,50,8.5,90850,515804,17.6,11.75
2026-08-29T13:15:15,36606,40192,91.1,181.17,49,24.8,97876,515804,19.0,11.85
2026-08-29T13:15:18,36606,40192,91.1,180.86,49,8.7,93163,515804,18.1,11.85
2026-08-29T13:15:22,36606,40192,91.1,181.70,50,22.7,101637,515804,19.7,11.94
2026-08-29T13:15:25,36606,40192,91.1,180.93,50,8.7,92821,515804,18.0,12.11
2026-08-29T13:15:28,36606,40192,91.1,168.90,49,16.3,100278,515804,19.4,12.11
2026-08-29T13:15:32,36606,40192,91.1,182.72,50,18.3,92942,515804,18.0,12.02
2026-08-29T13:15:36,36606,40192,91.1,180.11,50,9.2,94235,515804,18.3,11.94
2026-08-29T13:15:39,36606,40192,91.1,177.19,50,23.1,102516,515804,19.9,11.94
2026-08-29T13:15:42,36606,40192,91.1,176.58,49,10.2,93477,515804,18.1,11.86
2026-08-29T13:15:46,36606,40192,91.1,173.90,49,27.0,113291,515804,22.0,12.03
2026-08-29T13:15:49,36606,40192,91.1,80.66,47,10.4,88927,515804,17.2,12.19
2026-08-29T13:15:53,36606,40192,91.1,181.17,50,8.8,90013,515804,17.5,12.19
2026-08-29T13:15:56,36606,40192,91.1,174.71,50,22.1,98884,515804,19.2,22.27
2026-08-29T13:15:59,36606,40192,91.1,176.58,50,8.7,90071,515804,17.5,21.44
2026-08-29T13:16:03,36606,40192,91.1,180.93,49,24.8,107985,515804,20.9,21.44
2026-08-29T13:16:06,36606,40192,91.1,181.70,50,8.9,91113,515804,17.7,20.61
2026-08-29T13:16:10,36606,40192,91.1,181.14,50,8.4,90271,515804,17.5,19.76
2026-08-29T13:16:13,36606,40192,91.1,179.80,50,22.2,98017,515804,19.0,19.76
2026-08-29T13:16:17,36606,40192,91.1,179.06,49,8.6,91324,515804,17.7,19.14
2026-08-29T13:16:20,36606,40192,91.1,180.93,50,24.4,103410,515804,20.0,28.66
2026-08-29T13:16:23,36606,40192,91.1,177.64,50,9.4,92384,515804,17.9,28.66
2026-08-29T13:16:27,36606,40192,91.1,178.46,50,9.1,92406,515804,17.9,27.32
2026-08-29T13:16:30,36606,40192,91.1,178.46,50,21.0,91827,515804,17.8,25.93
2026-08-29T13:16:34,36606,40192,91.1,178.74,50,8.7,92712,515804,18.0,25.93
2026-08-29T13:16:37,36606,40192,91.1,181.17,50,25.3,102241,515804,19.8,24.74
2026-08-29T13:16:41,36606,40192,91.1,180.40,50,8.5,93328,515804,18.1,23.56
2026-08-29T13:16:44,36606,40192,91.1,179.51,50,21.2,109399,515804,21.2,22.71
2026-08-29T13:16:48,36606,40192,91.1,178.74,50,9.5,92999,515804,18.0,22.71
2026-08-29T13:16:51,36606,40192,91.1,179.27,49,9.3,92033,515804,17.8,22.01
2026-08-29T13:16:55,36606,40192,91.1,176.67,50,25.5,102839,515804,19.9,21.53
2026-08-29T13:16:58,36606,40192,91.1,178.22,50,9.3,94112,515804,18.2,21.53
2026-08-29T13:17:02,36606,40192,91.1,174.48,50,24.3,107322,515804,20.8,20.93
2026-08-29T13:17:05,36606,40192,91.1,179.30,49,11.1,93506,515804,18.1,20.45
2026-08-29T13:17:08,36606,40192,91.1,179.51,50,10.0,87981,515804,17.1,20.45
2026-08-29T13:17:12,36606,40192,91.1,181.46,50,24.8,98841,515804,19.2,29.87
2026-08-29T13:17:15,36606,40192,91.1,180.86,48,8.6,90387,515804,17.5,28.44
2026-08-29T13:17:18,36606,40192,91.1,180.64,50,21.7,102515,515804,19.9,28.44
2026-08-29T13:17:22,36606,40192,91.1,180.40,50,8.9,90303,515804,17.5,26.96
2026-08-29T13:17:25,36606,40192,91.1,176.38,50,8.5,89356,515804,17.3,25.76
2026-08-29T13:17:29,36606,40192,91.1,178.01,50,24.6,95921,515804,18.6,25.76
2026-08-29T13:17:32,36606,40192,91.1,178.74,50,8.6,91652,515804,17.8,24.58
2026-08-29T13:17:36,36606,40192,91.1,177.40,50,21.7,100340,515804,19.5,24.13
2026-08-29T13:17:39,36606,40192,91.1,181.17,50,8.7,91618,515804,17.8,24.13
2026-08-29T13:17:42,36606,40192,91.1,125.82,49,15.3,98367,515804,19.1,23.00
2026-08-29T13:17:46,36606,40192,91.1,176.67,50,17.8,91339,515804,17.7,22.12
2026-08-29T13:17:49,36606,40192,91.1,182.49,49,8.4,92850,515804,18.0,21.31
2026-08-29T13:17:53,36606,40192,91.1,176.34,50,22.1,101449,515804,19.7,21.31
2026-08-29T13:17:56,36606,40192,91.1,181.70,50,9.6,92436,515804,17.9,20.56
2026-08-29T13:18:00,36606,40192,91.1,102.83,47,24.5,111020,515804,21.5,29.81
2026-08-29T13:18:03,36606,40192,91.1,180.62,50,8.6,93275,515804,18.1,29.81
2026-08-29T13:18:06,36606,40192,91.1,180.32,50,9.4,92478,515804,17.9,28.70
2026-08-29T13:18:10,36606,40192,91.1,83.35,47,18.0,93179,515804,18.1,27.36
2026-08-29T13:18:15,36606,40192,91.1,177.40,50,9.7,92192,515804,17.9,26.05
2026-08-29T13:18:18,36606,40192,91.1,178.22,50,26.0,101681,515804,19.7,26.05
2026-08-29T13:18:22,36606,40192,91.1,173.13,50,11.3,94120,515804,18.2,24.77
2026-08-29T13:18:25,36606,40192,91.1,175.77,50,23.6,100059,515804,19.4,34.16
2026-08-29T13:18:29,36606,40192,91.1,183.33,50,8.9,89511,515804,17.4,34.16
2026-08-29T13:18:32,36606,40192,91.1,181.70,50,8.6,88605,515804,17.2,32.30
2026-08-29T13:18:35,36606,40192,91.1,179.59,50,24.3,93742,515804,18.2,30.60
2026-08-29T13:18:39,36606,40192,91.1,178.22,50,8.7,91002,515804,17.6,30.60
2026-08-29T13:18:42,36606,40192,91.1,174.51,50,22.5,99530,515804,19.3,29.59
2026-08-29T13:18:46,36606,40192,91.1,179.51,50,8.6,90679,515804,17.6,28.02
2026-08-29T13:18:49,36606,40192,91.1,161.95,49,17.2,100555,515804,19.5,37.15
2026-08-29T13:18:53,36606,40192,91.1,175.57,50,15.4,90822,515804,17.6,37.15
2026-08-29T13:18:56,36606,40192,91.1,182.51,50,8.5,91219,515804,17.7,35.37
2026-08-29T13:19:00,36606,40192,91.1,178.77,50,22.9,100710,515804,19.5,33.50
2026-08-29T13:19:03,36606,40192,91.1,176.88,49,8.5,91853,515804,17.8,33.50
2026-08-29T13:19:07,36606,40192,91.1,178.98,50,24.5,108011,515804,20.9,31.86
2026-08-29T13:19:10,36606,40192,91.1,179.30,50,8.7,93276,515804,18.1,30.11
2026-08-29T13:19:14,36606,40192,91.1,181.91,50,9.2,92308,515804,17.9,30.11
2026-08-29T13:19:17,36606,40192,91.1,175.24,50,22.1,98279,515804,19.1,28.74
2026-08-29T13:19:20,36606,40192,91.1,177.93,50,8.5,93652,515804,18.2,27.24
2026-08-29T13:19:24,36606,40192,91.1,180.40,50,25.9,105383,515804,20.4,27.24
2026-08-29T13:19:27,36606,40192,91.1,180.32,50,9.8,94793,515804,18.4,26.10
2026-08-29T13:19:31,36606,40192,91.1,181.38,50,11.4,97614,515804,18.9,24.81
2026-08-29T13:19:34,36606,40192,91.1,180.11,50,19.9,93619,515804,18.2,24.10
2026-08-29T13:19:38,36606,40192,91.1,178.22,50,11.1,95156,515804,18.4,24.10
2026-08-29T13:19:41,36606,40192,91.1,89.49,46,24.9,104735,515804,20.3,33.86
2026-08-29T13:19:45,36606,40192,91.1,180.93,50,9.2,91629,515804,17.8,32.03
2026-08-29T13:19:48,36606,40192,91.1,177.43,50,21.9,103988,515804,20.2,32.03
2026-08-29T13:19:52,36606,40192,91.1,181.38,50,8.7,90011,515804,17.5,30.51
2026-08-29T13:19:55,36606,40192,91.1,94.05,48,8.4,89274,515804,17.3,28.87
2026-08-29T13:19:59,36606,40192,91.1,175.32,50,24.8,97637,515804,18.9,28.87
2026-08-29T13:20:02,36606,40192,91.1,177.40,50,8.6,91355,515804,17.7,27.43
2026-08-29T13:20:05,36606,40192,91.1,180.62,50,21.6,101230,515804,19.6,26.12
2026-08-29T13:20:09,36606,40192,91.1,180.40,50,8.4,91270,515804,17.7,26.12
2026-08-29T13:20:12,36606,40192,91.1,181.46,50,9.7,90577,515804,17.6,25.07
2026-08-29T13:20:16,36606,40192,91.1,180.62,50,23.8,95636,515804,18.5,23.86
2026-08-29T13:20:19,36606,40192,91.1,175.77,50,9.1,92510,515804,17.9,23.86
2026-08-29T13:20:23,36606,40192,91.1,180.04,50,21.9,101233,515804,19.6,22.91
2026-08-29T13:20:26,36606,40192,91.1,67.85,46,8.2,92329,515804,17.9,22.04
2026-08-29T13:20:30,36606,40192,91.1,179.59,49,25.1,109190,515804,21.2,31.80
2026-08-29T13:20:33,36606,40192,91.1,182.51,50,9.0,93256,515804,18.1,31.80
2026-08-29T13:20:37,36606,40192,91.1,180.64,50,8.5,92438,515804,17.9,30.22
2026-08-29T13:20:40,36606,40192,91.1,79.60,48,22.2,97692,515804,18.9,28.68
2026-08-29T13:20:44,36606,40192,91.1,178.46,50,9.5,93020,515804,18.0,28.68
2026-08-29T13:20:47,36606,40192,91.1,179.06,50,24.5,104441,515804,20.2,27.18
2026-08-29T13:20:51,36606,40192,91.1,176.38,50,9.6,94138,515804,18.3,25.97
2026-08-29T13:20:54,36606,40192,91.1,179.80,49,13.2,97057,515804,18.8,25.97
2026-08-29T13:20:58,36606,40192,91.1,180.04,50,22.3,95012,515804,18.4,25.33
2026-08-29T13:21:01,36606,40192,91.1,177.64,50,10.0,89290,515804,17.3,24.34
2026-08-29T13:21:04,36606,40192,91.1,176.34,49,24.3,99388,515804,19.3,23.51
2026-08-29T13:21:08,36606,40192,91.1,174.27,50,8.7,90504,515804,17.5,23.51
2026-08-29T13:21:11,36606,40192,91.1,162.43,50,16.1,101285,515804,19.6,22.51
2026-08-29T13:21:15,36606,40192,91.1,157.10,50,14.5,89413,515804,17.3,21.59
2026-08-29T13:21:18,36606,40192,91.1,179.30,50,8.4,90326,515804,17.5,21.59
2026-08-29T13:21:22,36606,40192,91.1,176.38,50,24.8,100591,515804,19.5,20.82
2026-08-29T13:21:25,36606,40192,91.1,182.20,50,8.8,91741,515804,17.8,20.03
2026-08-29T13:21:28,36606,40192,91.1,92.95,48,21.9,108116,515804,21.0,20.03
2026-08-29T13:21:32,36606,40192,91.1,181.14,50,8.7,91533,515804,17.7,19.39
2026-08-29T13:21:35,36606,40192,91.1,180.93,50,9.2,90656,515804,17.6,18.72
2026-08-29T13:21:39,36606,40192,91.1,176.34,50,24.3,101458,515804,19.7,18.72
2026-08-29T13:21:42,36606,40192,91.1,176.14,50,8.6,92864,515804,18.0,18.10
2026-08-29T13:21:45,36606,40192,91.1,180.93,50,22.0,106093,515804,20.6,27.94
2026-08-29T13:21:49,36606,40192,91.1,175.00,50,9.4,92501,515804,17.9,27.94
2026-08-29T13:21:52,36606,40192,91.1,181.38,50,8.4,91614,515804,17.8,26.58
2026-08-29T13:21:56,36606,40192,91.1,180.64,50,24.7,99288,515804,19.2,25.34
2026-08-29T13:21:59,36606,40192,91.1,177.11,50,9.5,93868,515804,18.2,25.34
2026-08-29T13:22:02,36606,40192,91.1,181.14,50,22.1,102215,515804,19.8,24.11
2026-08-29T13:22:06,36606,40192,91.1,180.93,50,9.7,93246,515804,18.1,23.14
2026-08-29T13:22:09,36606,40192,91.1,175.32,50,17.3,102460,515804,19.9,32.82
2026-08-29T13:22:13,36606,40192,91.1,93.24,48,18.9,93152,515804,18.1,32.82
2026-08-29T13:22:16,36606,40192,91.1,174.79,50,11.2,93942,515804,18.2,31.07
2026-08-29T13:22:20,36606,40192,91.1,181.99,50,21.9,98552,515804,19.1,29.46
2026-08-29T13:22:23,36606,40192,91.1,177.40,50,8.7,89661,515804,17.4,29.46
2026-08-29T13:22:27,36606,40192,91.1,72.94,46,24.4,108479,515804,21.0,27.98
2026-08-29T13:22:30,36606,40192,91.1,55.34,45,8.2,90161,515804,17.5,26.46
2026-08-29T13:22:34,36606,40192,91.1,59.84,45,8.0,89253,515804,17.3,26.46
2026-08-29T13:22:37,36606,40192,91.1,56.10,45,21.3,98294,515804,19.1,35.24
2026-08-29T13:22:41,36606,40192,91.1,55.28,45,8.0,90297,515804,17.5,33.21
2026-08-29T13:22:44,36606,40192,91.1,56.33,45,23.8,105043,515804,20.4,33.21
2026-08-29T13:22:47,36606,40192,91.1,54.28,45,7.8,91412,515804,17.7,31.68
2026-08-29T13:22:51,36606,40192,91.1,54.46,44,7.7,90621,515804,17.6,29.94
2026-08-29T13:22:54,36606,40192,91.1,56.33,44,22.2,96066,515804,18.6,29.94
2026-08-29T13:22:58,36606,40192,91.1,54.75,44,8.2,91326,515804,17.7,28.50
2026-08-29T13:23:01,36606,40192,91.1,54.46,44,24.1,103780,515804,20.1,44.40
2026-08-29T13:23:04,36606,40192,91.1,57.44,44,8.0,92455,515804,17.9,44.40
2026-08-29T13:23:08,36606,40192,91.1,55.56,44,8.5,91363,515804,17.7,41.72
2026-08-29T13:23:11,36606,40192,91.1,56.10,44,21.3,94417,515804,18.3,39.26
2026-08-29T13:23:15,36606,40192,91.1,78.26,45,10.2,92468,515804,17.9,37.48
2026-08-29T13:23:18,36606,40192,91.1,55.04,44,25.6,102810,515804,19.9,37.48
2026-08-29T13:23:21,36606,40192,91.1,61.42,44,13.6,93758,515804,18.2,35.60
2026-08-29T13:23:25,36606,40192,91.1,68.90,44,15.1,101671,515804,19.7,33.71
2026-08-29T13:23:28,36606,40192,91.1,174.48,48,17.2,92433,515804,17.9,33.71
2026-08-29T13:23:32,36606,40192,91.1,180.64,49,11.4,93897,515804,18.2,31.97
2026-08-29T13:23:35,36606,40192,91.1,177.64,48,26.9,103349,515804,20.0,30.69
2026-08-29T13:23:39,36606,40192,91.1,178.74,49,9.0,90138,515804,17.5,30.69
2026-08-29T13:23:42,36606,40192,91.1,177.40,49,21.8,107616,515804,20.9,29.43
2026-08-29T13:23:46,36606,40192,91.1,178.22,49,8.7,89506,515804,17.4,28.20
2026-08-29T13:23:49,36606,40192,91.1,178.01,49,8.6,89546,515804,17.4,28.20
2026-08-29T13:23:52,36606,40192,91.1,178.77,49,24.1,100171,515804,19.4,27.22
2026-08-29T13:23:56,36606,40192,91.1,180.11,49,8.7,91362,515804,17.7,25.84
2026-08-29T13:24:00,36606,40192,91.1,180.86,49,22.0,103638,515804,20.1,24.73
2026-08-29T13:24:03,36606,40192,91.1,77.97,47,8.7,91307,515804,17.7,24.73
2026-08-29T13:24:06,36606,40192,91.1,176.88,49,8.7,90489,515804,17.5,23.55
2026-08-29T13:24:10,36606,40192,91.1,181.38,49,25.2,95141,515804,18.4,22.87
2026-08-29T13:24:13,36606,40192,91.1,175.00,48,8.7,92468,515804,17.9,22.87
2026-08-29T13:24:17,36606,40192,91.1,175.03,49,22.1,101172,515804,19.6,21.92
2026-08-29T13:24:20,36606,40192,91.1,178.01,49,8.7,92317,515804,17.9,20.96
2026-08-29T13:24:24,36606,40192,91.1,158.98,49,23.4,111201,515804,21.6,20.96
2026-08-29T13:24:27,36606,40192,91.1,91.60,46,10.0,92637,515804,18.0,20.24
2026-08-29T13:24:31,36606,40192,91.1,181.67,49,8.5,93390,515804,18.1,19.50
2026-08-29T13:24:34,36606,40192,91.1,178.25,49,22.6,102081,515804,19.8,19.50
2026-08-29T13:24:38,36606,40192,91.1,179.83,49,9.7,93054,515804,18.0,18.82
2026-08-29T13:24:41,36606,40192,91.1,100.96,47,25.5,109820,515804,21.3,18.28
2026-08-29T13:24:44,36606,40192,91.1,175.24,49,9.9,94402,515804,18.3,17.93
2026-08-29T13:24:48,36606,40192,91.1,175.77,49,11.3,93084,515804,18.0,17.93
2026-08-29T13:24:51,36606,40192,91.1,178.77,49,24.7,99789,515804,19.3,17.62
2026-08-29T13:24:55,36606,40192,91.1,175.03,49,10.6,88972,515804,17.2,17.17
2026-08-29T13:24:58,36606,40192,91.1,175.24,49,25.1,102933,515804,20.0,17.17
2026-08-29T13:25:02,36606,40192,91.1,180.86,49,8.6,90355,515804,17.5,16.67
2026-08-29T13:25:05,36606,40192,91.1,177.40,49,8.5,89546,515804,17.4,16.22
2026-08-29T13:25:08,36606,40192,91.1,181.46,49,21.4,92854,515804,18.0,16.22
2026-08-29T13:25:12,36606,40192,91.1,176.67,49,8.9,90458,515804,17.5,15.72
2026-08-29T13:25:15,36606,40192,91.1,181.91,49,24.6,100413,515804,19.5,15.34
2026-08-29T13:25:19,36606,40192,91.1,179.06,49,8.6,91611,515804,17.8,15.34
2026-08-29T13:25:22,36606,40192,91.1,179.06,49,15.0,100739,515804,19.5,14.91
2026-08-29T13:25:26,36606,40192,91.1,178.53,49,15.3,91361,515804,17.7,14.76
2026-08-29T13:25:29,36606,40192,91.1,178.22,49,9.3,91904,515804,17.8,14.76
2026-08-29T13:25:32,36606,40192,91.1,173.90,49,24.3,101549,515804,19.7,14.62
2026-08-29T13:25:36,36606,40192,91.1,181.70,49,8.6,92708,515804,18.0,14.25
2026-08-29T13:25:39,36606,40192,91.1,169.92,49,21.8,110918,515804,21.5,14.25
2026-08-29T13:25:43,36606,40192,91.1,180.62,49,9.4,91984,515804,17.8,13.91
2026-08-29T13:25:46,36606,40192,91.1,179.80,49,8.4,91839,515804,17.8,13.68
2026-08-29T13:25:50,36606,40192,91.1,180.86,49,24.6,102680,515804,19.9,13.46
2026-08-29T13:25:53,36606,40192,91.1,179.59,49,9.6,93616,515804,18.1,13.46
2026-08-29T13:25:56,36606,40192,91.1,164.64,48,22.6,107866,515804,20.9,13.42
2026-08-29T13:26:00,36606,40192,91.1,181.67,49,9.1,93396,515804,18.1,13.63
2026-08-29T13:26:03,36606,40192,91.1,178.77,50,9.3,92423,515804,17.9,13.63
2026-08-29T13:26:07,36606,40192,91.1,176.88,49,26.9,102204,515804,19.8,13.90
2026-08-29T13:26:10,36606,40192,91.1,59.55,45,10.9,92655,515804,18.0,14.23
2026-08-29T13:26:15,36606,40192,91.1,181.14,49,22.4,97584,515804,18.9,13.89
2026-08-29T13:26:18,36606,40192,91.1,175.77,50,8.7,89691,515804,17.4,13.89
2026-08-29T13:26:22,36606,40192,91.1,178.53,50,24.5,104286,515804,20.2,13.58
2026-08-29T13:26:25,36606,40192,91.1,180.64,50,8.7,90937,515804,17.6,13.29
2026-08-29T13:26:29,36606,40192,91.1,178.25,49,9.0,89960,515804,17.4,13.29
2026-08-29T13:26:32,36606,40192,91.1,181.67,50,22.1,92732,515804,18.0,13.11
2026-08-29T13:26:36,36606,40192,91.1,179.27,50,8.7,90958,515804,17.6,12.94
2026-08-29T13:26:39,36606,40192,91.1,72.12,46,20.2,97039,515804,18.8,13.51
2026-08-29T13:26:44,36606,40192,91.1,181.70,49,8.8,92359,515804,17.9,13.51
2026-08-29T13:26:47,36606,40192,91.1,179.06,49,22.4,101206,515804,19.6,13.22
2026-08-29T13:26:51,36606,40192,91.1,181.14,50,8.6,91880,515804,17.8,13.05
2026-08-29T13:26:54,36606,40192,91.1,174.71,49,18.0,102128,515804,19.8,23.37
2026-08-29T13:27:00,36606,40192,91.1,181.14,49,8.8,93274,515804,18.1,22.38
2026-08-29T13:27:03,36606,40192,91.1,174.71,49,22.7,109250,515804,21.2,22.38
2026-08-29T13:27:07,36606,40192,91.1,181.70,50,8.7,92783,515804,18.0,21.39
2026-08-29T13:27:10,36606,40192,91.1,178.25,47,9.4,91810,515804,17.8,20.72
2026-08-29T13:27:13,36606,40192,91.1,182.20,50,24.5,102513,515804,19.9,20.72
2026-08-29T13:27:17,36606,40192,91.1,181.17,50,9.2,93967,515804,18.2,19.94
2026-08-29T13:27:20,36606,40192,91.1,179.30,50,22.8,105475,515804,20.4,29.55
2026-08-29T13:27:24,36606,40192,91.1,180.62,49,10.3,93486,515804,18.1,29.55
2026-08-29T13:27:27,36606,40192,91.1,178.98,50,11.3,92455,515804,17.9,28.63
2026-08-29T13:27:31,36606,40192,91.1,175.85,50,26.9,99901,515804,19.4,27.14
2026-08-29T13:27:34,36606,40192,91.1,178.53,50,10.2,89874,515804,17.4,27.14
2026-08-29T13:27:37,36606,40192,91.1,180.62,49,22.4,100807,515804,19.5,25.84
2026-08-29T13:27:41,36606,40192,91.1,179.30,50,8.8,89924,515804,17.4,24.90
2026-08-29T13:27:45,36606,40192,91.1,176.38,50,24.1,109242,515804,21.2,34.11
2026-08-29T13:27:49,36606,40192,91.1,175.77,49,9.0,90609,515804,17.6,34.11
2026-08-29T13:27:52,36606,40192,91.1,182.49,50,8.5,90132,515804,17.5,32.26
2026-08-29T13:27:55,36606,40192,91.1,178.53,50,21.5,98464,515804,19.1,30.56
2026-08-29T13:27:59,36606,40192,91.1,179.59,50,8.7,91186,515804,17.7,30.56
2026-08-29T13:28:02,36606,40192,91.1,181.70,49,25.0,105779,515804,20.5,29.15
2026-08-29T13:28:06,36606,40192,91.1,181.67,50,8.6,92416,515804,17.9,27.70
2026-08-29T13:28:09,36606,40192,91.1,177.64,50,11.4,95330,515804,18.5,27.70
2026-08-29T13:28:13,36606,40192,91.1,180.40,49,19.4,92719,515804,18.0,26.60
2026-08-29T13:28:16,36606,40192,91.1,179.59,50,8.9,92360,515804,17.9,25.43
2026-08-29T13:28:20,36606,40192,91.1,181.46,50,24.4,102288,515804,19.8,24.44
2026-08-29T13:28:23,36606,40192,91.1,181.46,50,9.5,93155,515804,18.1,24.44
2026-08-29T13:28:27,36606,40192,91.1,60.61,45,21.1,111702,515804,21.7,23.44
2026-08-29T13:28:30,36606,40192,91.1,181.46,50,9.7,92273,515804,17.9,22.76
2026-08-29T13:28:34,36606,40192,91.1,181.46,50,8.9,92965,515804,18.0,22.76
2026-08-29T13:28:37,36606,40192,91.1,179.27,50,25.1,103035,515804,20.0,32.07
2026-08-29T13:28:40,36606,40192,91.1,179.27,50,9.7,94045,515804,18.2,30.38
2026-08-29T13:28:44,36606,40192,91.1,177.40,50,23.0,107453,515804,20.8,30.38
2026-08-29T13:28:47,36606,40192,91.1,173.90,50,11.4,93502,515804,18.1,29.07
2026-08-29T13:28:51,36606,40192,91.1,175.32,50,10.6,87802,515804,17.0,27.87
2026-08-29T13:28:54,36606,40192,91.1,181.46,50,23.7,94624,515804,18.3,27.87
2026-08-29T13:28:58,36606,40192,91.1,179.83,50,8.7,90377,515804,17.5,26.51
2026-08-29T13:29:01,36606,40192,91.1,173.90,49,22.2,99715,515804,19.3,35.52
2026-08-29T13:29:05,36606,40192,91.1,177.43,50,8.6,90334,515804,17.5,35.52
2026-08-29T13:29:08,36606,40192,91.1,172.92,50,9.9,89202,515804,17.3,33.64
2026-08-29T13:29:12,36606,40192,91.1,181.17,50,23.8,93722,515804,18.2,31.83
2026-08-29T13:29:15,36606,40192,91.1,182.27,50,8.7,91622,515804,17.8,30.48
2026-08-29T13:29:18,36606,40192,91.1,177.64,50,21.7,100402,515804,19.5,30.48
2026-08-29T13:29:22,36606,40192,91.1,178.74,50,8.7,91597,515804,17.8,28.92
2026-08-29T13:29:25,36606,40192,91.1,167.52,49,19.0,104046,515804,20.2,27.72
2026-08-29T13:29:29,36606,40192,91.1,178.46,50,14.4,91609,515804,17.8,27.72
2026-08-29T13:29:32,36606,40192,91.1,180.93,50,8.5,92631,515804,18.0,26.46
2026-08-29T13:29:36,36606,40192,91.1,179.83,50,21.7,101481,515804,19.7,25.14
2026-08-29T13:29:39,36606,40192,91.1,178.25,50,9.6,92473,515804,17.9,25.14
2026-08-29T13:29:43,36606,40192,91.1,176.88,50,24.5,110089,515804,21.3,24.01
2026-08-29T13:29:46,36606,40192,91.1,175.77,50,8.7,93470,515804,18.1,22.97
2026-08-29T13:29:49,36606,40192,91.1,179.06,50,9.4,92551,515804,17.9,22.97
2026-08-29T13:29:53,36606,40192,91.1,181.70,50,23.0,102208,515804,19.8,22.01
2026-08-29T13:29:56,36606,40192,91.1,180.62,50,9.4,93610,515804,18.1,21.13
2026-08-29T13:30:00,36606,40192,91.1,181.38,49,25.1,108984,515804,21.1,21.13
2026-08-29T13:30:03,36606,40192,91.1,181.99,50,11.4,94780,515804,18.4,20.56
2026-08-29T13:30:06,36606,40192,91.1,181.91,50,11.2,93900,515804,18.2,19.95
2026-08-29T13:30:10,36606,40192,91.1,177.64,49,23.1,96407,515804,18.7,19.23
2026-08-29T13:30:13,36606,40192,91.1,173.98,50,8.9,90657,515804,17.6,19.23
2026-08-29T13:30:17,36606,40192,91.1,183.86,50,24.9,105213,515804,20.4,18.50
2026-08-29T13:30:20,36606,40192,91.1,176.34,50,8.6,92032,515804,17.8,17.97
2026-08-29T13:30:23,36606,40192,91.1,181.17,49,8.8,91223,515804,17.7,17.97
2026-08-29T13:30:27,36606,40192,91.1,177.64,50,21.6,96323,515804,18.7,17.50
2026-08-29T13:30:30,36606,40192,91.1,176.88,50,8.8,91912,515804,17.8,16.90
2026-08-29T13:30:34,36606,40192,91.1,181.14,49,25.0,102107,515804,19.8,16.90
2026-08-29T13:30:37,36606,40192,91.1,175.00,50,8.7,92110,515804,17.9,16.42
2026-08-29T13:30:41,36606,40192,91.1,170.73,50,15.2,101017,515804,19.6,16.07
2026-08-29T13:30:44,36606,40192,91.1,174.51,50,15.9,90507,515804,17.5,16.07
2026-08-29T13:30:48,36606,40192,91.1,182.72,50,8.5,92099,515804,17.9,15.66
2026-08-29T13:30:51,36606,40192,91.1,179.83,50,24.7,101803,515804,19.7,15.29
2026-08-29T13:30:55,36606,40192,91.1,178.74,50,8.7,92985,515804,18.0,15.29
2026-08-29T13:30:58,36606,40192,91.1,180.62,50,22.1,109500,515804,21.2,15.03
2026-08-29T13:31:02,36606,40192,91.1,180.04,50,8.6,92498,515804,17.9,14.70
2026-08-29T13:31:05,36606,40192,91.1,178.25,50,9.2,91812,515804,17.8,14.97
2026-08-29T13:31:09,36606,40192,91.1,72.36,46,19.7,93565,515804,18.1,15.13
2026-08-29T13:31:14,36606,40192,91.1,174.18,50,9.8,92792,515804,18.0,15.13
2026-08-29T13:31:17,36606,40192,91.1,176.58,50,22.7,98538,515804,19.1,18.72
2026-08-29T13:31:21,36606,40192,91.1,178.22,50,11.5,93427,515804,18.1,18.66
2026-08-29T13:31:24,36606,40192,91.1,179.30,50,27.3,105834,515804,20.5,18.66
2026-08-29T13:31:28,36606,40192,91.1,178.53,50,9.9,89824,515804,17.4,18.61
2026-08-29T13:31:31,36606,40192,91.1,181.67,50,8.9,89005,515804,17.3,18.00
2026-08-29T13:31:34,36606,40192,91.1,179.51,50,22.2,93411,515804,18.1,18.00
2026-08-29T13:31:38,36606,40192,91.1,179.80,50,8.6,90007,515804,17.4,17.52
2026-08-29T13:31:41,36606,40192,91.1,175.24,50,24.6,101077,515804,19.6,27.33
2026-08-29T13:31:45,36606,40192,91.1,176.58,49,8.6,91046,515804,17.7,27.33
2026-08-29T13:31:48,36606,40192,91.1,164.83,50,13.9,98788,515804,19.2,25.94
2026-08-29T13:31:52,36606,40192,91.1,182.49,50,16.9,90939,515804,17.6,24.82
2026-08-29T13:31:55,36606,40192,91.1,181.38,49,8.6,91559,515804,17.8,23.88
2026-08-29T13:31:58,36606,40192,91.1,183.86,50,24.7,101354,515804,19.6,23.88
2026-08-29T13:32:02,36606,40192,91.1,181.17,50,9.2,92250,515804,17.9,23.09
2026-08-29T13:32:05,36606,40192,91.1,164.59,50,21.1,109450,515804,21.2,32.61
2026-08-29T13:32:09,36606,40192,91.1,180.93,50,8.6,91931,515804,17.8,32.61
2026-08-29T13:32:12,36606,40192,91.1,182.49,50,8.6,91244,515804,17.7,30.88
2026-08-29T13:32:16,36606,40192,91.1,177.19,50,25.4,102129,515804,19.8,29.21
2026-08-29T13:32:19,36606,40192,91.1,178.25,50,8.9,93313,515804,18.1,29.21
2026-08-29T13:32:23,36606,40192,91.1,173.13,50,21.7,105842,515804,20.5,27.67
2026-08-29T13:32:26,36606,40192,91.1,180.86,50,9.5,92919,515804,18.0,26.33
2026-08-29T13:32:30,36606,40192,91.1,84.70,48,9.4,91933,515804,17.8,26.33
2026-08-29T13:32:33,36606,40192,91.1,174.71,50,24.9,98109,515804,19.0,25.27
2026-08-29T13:32:36,36606,40192,91.1,179.59,50,9.5,93977,515804,18.2,24.04
2026-08-29T13:32:40,36606,40192,91.1,180.64,50,24.7,103619,515804,20.1,24.04
2026-08-29T13:32:43,36606,40192,91.1,176.91,50,11.4,93576,515804,18.1,23.48
2026-08-29T13:32:47,36606,40192,91.1,180.64,50,10.7,88407,515804,17.1,22.56
2026-08-29T13:32:50,36606,40192,91.1,174.48,50,24.4,93652,515804,18.2,22.03
2026-08-29T13:32:54,36606,40192,91.1,176.88,49,8.7,90381,515804,17.5,22.03
2026-08-29T13:32:57,36606,40192,91.1,177.64,50,21.8,99079,515804,19.2,21.23
2026-08-29T13:33:00,36606,40192,91.1,176.58,50,9.0,90239,515804,17.5,20.33
2026-08-29T13:33:04,36606,40192,91.1,161.08,50,11.1,91114,515804,17.7,20.33
2026-08-29T13:33:07,36606,40192,91.1,176.91,50,21.6,92309,515804,17.9,19.74
2026-08-29T13:33:11,36606,40192,91.1,178.74,50,8.7,91871,515804,17.8,19.12
2026-08-29T13:33:14,36606,40192,91.1,179.06,50,22.0,100404,515804,19.5,19.12
2026-08-29T13:33:18,36606,40192,91.1,180.64,50,8.8,91624,515804,17.8,18.71
2026-08-29T13:33:21,36606,40192,91.1,170.53,50,24.7,111057,515804,21.5,18.17
2026-08-29T13:33:25,36606,40192,91.1,175.00,50,8.9,91805,515804,17.8,18.17
2026-08-29T13:33:28,36606,40192,91.1,173.66,50,8.6,92528,515804,17.9,17.76
2026-08-29T13:33:31,36606,40192,91.1,83.06,47,22.1,101445,515804,19.7,17.22
2026-08-29T13:33:35,36606,40192,91.1,181.70,50,9.5,92331,515804,17.9,17.22
2026-08-29T13:33:38,36606,40192,91.1,176.58,50,25.0,109800,515804,21.3,16.80
2026-08-29T13:33:42,36606,40192,91.1,180.32,50,8.7,93338,515804,18.1,16.26
2026-08-29T13:33:45,36606,40192,91.1,175.77,50,9.5,92411,515804,17.9,15.83
2026-08-29T13:33:48,36606,40192,91.1,176.67,50,23.0,101117,515804,19.6,15.83
2026-08-29T13:33:52,36606,40192,91.1,182.80,50,9.7,93062,515804,18.0,15.53
2026-08-29T13:33:55,36606,40192,91.1,179.30,50,22.9,103072,515804,20.0,15.73
2026-08-29T13:33:59,36606,40192,91.1,182.80,50,11.3,93980,515804,18.2,15.73
2026-08-29T13:34:03,36606,40192,91.1,179.06,50,21.3,105921,515804,20.5,15.75
2026-08-29T13:34:06,36606,40192,91.1,180.40,50,11.4,88434,515804,17.1,15.37
2026-08-29T13:34:10,36606,40192,91.1,78.55,46,18.2,106780,515804,20.7,15.34
2026-08-29T13:34:15,36606,40192,91.1,177.43,50,8.7,90620,515804,17.6,14.91
2026-08-29T13:34:19,36606,40192,91.1,178.77,50,9.0,89758,515804,17.4,14.91
2026-08-29T13:34:22,36606,40192,91.1,175.85,50,22.1,98668,515804,19.1,14.52
2026-08-29T13:34:26,36606,40192,91.1,174.51,50,8.7,90710,515804,17.6,14.23
2026-08-29T13:34:29,36606,40192,91.1,180.11,50,24.9,106029,515804,20.6,14.23
2026-08-29T13:34:32,36606,40192,91.1,179.27,50,8.6,91920,515804,17.8,14.30
2026-08-29T13:34:36,36606,40192,91.1,178.22,50,8.5,91158,515804,17.7,14.03
2026-08-29T13:34:39,36606,40192,91.1,178.77,50,18.7,91628,515804,17.8,14.19
2026-08-29T13:34:44,36606,40192,91.1,85.75,48,8.4,90805,515804,17.6,14.19
2026-08-29T13:34:48,36606,40192,91.1,179.59,50,8.6,90939,515804,17.6,14.33
2026-08-29T13:34:51,36606,40192,91.1,179.06,50,9.3,90994,515804,17.6,14.07
2026-08-29T13:34:54,36606,40192,91.1,181.17,50,20.2,109268,515804,21.2,14.14
2026-08-29T13:35:00,36606,40192,91.1,177.11,50,9.3,108151,515804,21.0,13.89
2026-08-29T13:35:03,36606,40192,91.1,179.06,50,25.9,125181,515804,24.3,13.89
2026-08-29T13:35:07,36606,40192,91.1,177.72,50,8.9,124258,515804,24.1,13.58
2026-08-29T13:35:10,36606,40192,91.1,180.64,50,18.3,120528,515804,23.4,13.53
2026-08-29T13:35:14,36606,40192,91.1,176.06,50,11.2,119797,515804,23.2,13.53
2026-08-29T13:35:17,36606,40192,91.1,175.32,50,11.4,117021,515804,22.7,13.81
2026-08-29T13:35:21,36606,40192,91.1,175.32,50,11.8,123428,515804,23.9,13.99
2026-08-29T13:35:24,36606,40192,91.1,76.39,48,30.5,109551,515804,21.2,14.07
2026-08-29T13:35:30,36606,40192,91.1,183.78,50,9.1,101196,515804,19.6,14.07
2026-08-29T13:35:33,36606,40192,91.1,179.27,50,9.5,97699,515804,18.9,13.90
2026-08-29T13:35:36,36606,40192,91.1,175.77,50,8.8,99589,515804,19.3,13.67
2026-08-29T13:35:40,36606,40192,91.1,94.05,47,8.9,105994,515804,20.5,13.78
2026-08-29T13:35:45,36606,40192,91.1,157.69,50,51.2,115435,515804,22.4,24.20
2026-08-29T13:35:49,36606,40192,91.1,179.06,50,9.3,107807,515804,20.9,24.20
2026-08-29T13:35:52,36606,40192,91.1,177.19,50,14.7,117196,515804,22.7,23.23
2026-08-29T13:35:56,36606,40192,91.1,180.04,50,19.0,124126,515804,24.1,22.41
2026-08-29T13:35:59,36606,40192,91.1,175.24,50,9.1,123047,515804,23.9,22.41
2026-08-29T13:36:02,36606,40192,91.1,179.51,50,17.6,119110,515804,23.1,21.81
2026-08-29T13:36:06,36606,40192,91.1,176.91,50,9.5,118875,515804,23.0,21.11
2026-08-29T13:36:09,36606,40192,91.1,178.53,50,8.7,116764,515804,22.6,21.11
2026-08-29T13:36:13,36606,40192,91.1,178.46,50,9.8,123724,515804,24.0,20.86
2026-08-29T13:36:16,36606,40192,91.1,180.04,50,31.4,116048,515804,22.5,20.31
2026-08-29T13:36:20,36606,40192,91.1,182.80,50,16.3,104449,515804,20.2,20.31
2026-08-29T13:36:23,36606,40192,91.1,181.38,50,9.3,103340,515804,20.0,19.96
2026-08-29T13:36:27,36606,40192,91.1,182.20,50,10.5,98834,515804,19.2,19.49
2026-08-29T13:36:30,36606,40192,91.1,179.30,50,10.3,104952,515804,20.3,19.05
2026-08-29T13:36:34,36606,40192,91.1,177.40,50,11.0,106064,515804,20.6,19.05
2026-08-29T13:36:37,36606,40192,91.1,180.32,50,56.3,117427,515804,22.8,26.57
2026-08-29T13:36:41,36606,40192,91.1,180.11,50,10.9,107384,515804,20.8,25.72
2026-08-29T13:36:44,36606,40192,91.1,175.03,50,21.5,126486,515804,24.5,25.72
2026-08-29T13:36:48,36606,40192,91.1,175.57,50,12.1,122020,515804,23.7,24.46
2026-08-29T13:36:51,36606,40192,91.1,180.32,50,11.6,125828,515804,24.4,23.31
2026-08-29T13:36:54,36606,40192,91.1,141.32,50,13.8,117555,515804,22.8,23.31
2026-08-29T13:36:58,36606,40192,91.1,175.85,50,9.6,114216,515804,22.1,22.64
2026-08-29T13:37:01,36606,40192,91.1,180.40,50,8.7,115736,515804,22.4,21.79
2026-08-29T13:37:05,36606,40192,91.1,178.22,50,8.9,123015,515804,23.8,21.79
2026-08-29T13:37:08,36606,40192,91.1,178.46,50,33.2,113621,515804,22.0,21.00
2026-08-29T13:37:12,36606,40192,91.1,182.20,50,14.2,103026,515804,20.0,20.20
2026-08-29T13:37:15,36606,40192,91.1,180.40,50,9.3,102332,515804,19.8,19.95
2026-08-29T13:37:19,36606,40192,91.1,174.48,50,9.3,99484,515804,19.3,19.95
2026-08-29T13:37:22,36606,40192,91.1,175.53,50,8.9,106171,515804,20.6,19.31
2026-08-29T13:37:25,36606,40192,91.1,165.12,49,22.4,102080,515804,19.8,28.81
2026-08-29T13:37:29,36606,40192,91.1,182.27,50,40.7,108608,515804,21.1,28.81
2026-08-29T13:37:32,36606,40192,91.1,92.70,48,9.4,109303,515804,21.2,37.56
2026-08-29T13:37:36,36606,40192,91.1,180.93,50,25.0,125964,515804,24.4,45.52
2026-08-29T13:37:40,36606,40192,91.1,179.59,50,9.5,125269,515804,24.3,45.52
2026-08-29T13:37:43,36606,40192,91.1,178.46,50,34.7,122894,515804,23.8,42.76
2026-08-29T13:37:46,36606,40192,91.1,80.95,49,20.5,120616,515804,23.4,40.13
2026-08-29T13:37:50,36606,40192,91.1,180.62,50,10.6,112909,515804,21.9,40.13
2026-08-29T13:37:53,36606,40192,91.1,179.83,50,10.4,119256,515804,23.1,38.12
2026-08-29T13:37:57,36606,40192,91.1,169.96,50,12.0,127879,515804,24.8,36.35
2026-08-29T13:38:00,36606,40192,91.1,178.74,50,41.2,107480,515804,20.8,34.32
2026-08-29T13:38:04,36606,40192,91.1,180.62,50,14.7,101068,515804,19.6,34.32
2026-08-29T13:38:07,36606,40192,91.1,179.30,50,9.3,100875,515804,19.6,32.53
2026-08-29T13:38:11,36606,40192,91.1,179.51,50,8.8,98659,515804,19.1,30.81
2026-08-29T13:38:14,36606,40192,91.1,175.53,50,8.8,105874,515804,20.5,30.81
2026-08-29T13:38:17,36606,40192,91.1,179.51,50,30.9,91071,515804,17.7,29.22
2026-08-29T13:38:22,36606,40192,91.1,182.51,50,27.2,107295,515804,20.8,27.76
2026-08-29T13:38:25,36606,40192,91.1,178.77,50,8.5,106719,515804,20.7,26.50
2026-08-29T13:38:29,36606,40192,91.1,87.86,49,25.9,122784,515804,23.8,26.50
2026-08-29T13:38:32,36606,40192,91.1,183.54,50,8.5,123904,515804,24.0,25.34
2026-08-29T13:38:36,36606,40192,91.1,176.38,50,47.5,119134,515804,23.1,24.51
2026-08-29T13:38:39,36606,40192,91.1,179.59,50,8.5,118103,515804,22.9,24.51
2026-08-29T13:38:43,36606,40192,91.1,183.04,50,9.5,114580,515804,22.2,23.59
2026-08-29T13:38:46,36606,40192,91.1,177.11,50,8.7,121084,515804,23.5,22.66
2026-08-29T13:38:50,36606,40192,91.1,176.34,50,13.1,118165,515804,22.9,22.66
2026-08-29T13:38:53,36606,40192,91.1,83.06,48,37.7,103688,515804,20.1,31.97
2026-08-29T13:38:56,36606,40192,91.1,181.14,50,9.2,104624,515804,20.3,30.30
2026-08-29T13:39:00,36606,40192,91.1,175.53,50,10.5,97082,515804,18.8,30.30
2026-08-29T13:39:03,36606,40192,91.1,183.26,50,9.4,103231,515804,20.0,28.99
2026-08-29T13:39:07,36606,40192,91.1,94.05,48,10.1,112835,515804,21.9,27.87
2026-08-29T13:39:10,36606,40192,91.1,176.88,50,37.9,92846,515804,18.0,27.87
2026-08-29T13:39:14,36606,40192,91.1,179.51,50,29.3,110243,515804,21.4,27.16
2026-08-29T13:39:17,36606,40192,91.1,181.91,50,11.2,109360,515804,21.2,26.18
2026-08-29T13:39:20,36606,40192,91.1,169.72,50,26.9,120786,515804,23.4,25.21
2026-08-29T13:39:24,36606,40192,91.1,176.38,50,8.7,121929,515804,23.6,25.21
2026-08-29T13:39:27,36606,40192,91.1,184.14,50,48.3,117274,515804,22.7,34.00
2026-08-29T13:39:31,36606,40192,91.1,179.30,50,8.6,116453,515804,22.6,32.32
2026-08-29T13:39:34,36606,40192,91.1,176.58,50,9.4,112831,515804,21.9,32.32
2026-08-29T13:39:38,36606,40192,91.1,179.51,50,8.9,118422,515804,23.0,30.61
2026-08-29T13:39:41,36606,40192,91.1,178.25,50,9.1,118434,515804,23.0,29.20
2026-08-29T13:39:45,36606,40192,91.1,179.83,50,38.7,101728,515804,19.7,29.20
2026-08-29T13:39:48,36606,40192,91.1,174.18,50,8.6,102776,515804,19.9,28.22
2026-08-29T13:39:51,36606,40192,91.1,180.64,50,9.4,96637,515804,18.7,27.08
2026-08-29T13:39:55,36606,40192,91.1,180.64,50,9.1,101816,515804,19.7,27.08
2026-08-29T13:39:58,36606,40192,91.1,177.64,50,9.2,109388,515804,21.2,25.96
2026-08-29T13:40:02,36606,40192,91.1,161.90,50,46.3,103484,515804,20.1,35.73
2026-08-29T13:40:05,36606,40192,91.1,181.99,50,18.3,109290,515804,21.2,33.91
2026-08-29T13:40:09,36606,40192,91.1,180.32,50,8.9,108391,515804,21.0,33.91
2026-08-29T13:40:12,36606,40192,91.1,181.67,50,25.9,125063,515804,24.2,32.23
2026-08-29T13:40:16,36606,40192,91.1,181.99,50,8.5,124381,515804,24.1,30.69
2026-08-29T13:40:19,36606,40192,91.1,178.53,50,18.2,120377,515804,23.3,30.69
2026-08-29T13:40:23,36606,40192,91.1,176.58,50,10.2,119702,515804,23.2,29.20
2026-08-29T13:40:26,36606,40192,91.1,178.98,50,9.0,117261,515804,22.7,27.90
2026-08-29T13:40:29,36606,40192,91.1,173.98,50,10.3,123908,515804,24.0,27.90
2026-08-29T13:40:33,36606,40192,91.1,136.23,49,35.0,119288,515804,23.1,26.79
2026-08-29T13:40:37,36606,40192,91.1,99.09,50,20.1,104902,515804,20.3,26.08
2026-08-29T13:40:40,36606,40192,91.1,179.59,50,10.8,101046,515804,19.6,26.08
2026-08-29T13:40:44,36606,40192,91.1,180.93,50,9.9,93681,515804,18.2,25.11
2026-08-29T13:40:47,36606,40192,91.1,81.19,48,8.6,99868,515804,19.4,23.98
2026-08-29T13:40:50,36606,40192,91.1,180.11,50,9.2,110071,515804,21.3,23.18
2026-08-29T13:40:54,36606,40192,91.1,180.04,50,37.7,91688,515804,17.8,23.18
2026-08-29T13:40:57,36606,40192,91.1,177.40,50,28.5,106772,515804,20.7,22.37
2026-08-29T13:41:01,36606,40192,91.1,181.91,50,8.5,107930,515804,20.9,21.70
2026-08-29T13:41:04,36606,40192,91.1,181.91,50,25.4,123015,515804,23.8,21.70
2026-08-29T13:41:08,36606,40192,91.1,181.67,50,8.7,124777,515804,24.2,20.84
2026-08-29T13:41:11,36606,40192,91.1,178.22,50,17.4,119747,515804,23.2,20.61
2026-08-29T13:41:14,36606,40192,91.1,180.32,50,8.5,119302,515804,23.1,20.61
2026-08-29T13:41:18,36606,40192,91.1,177.64,50,10.1,114745,515804,22.2,20.08
2026-08-29T13:41:21,36606,40192,91.1,181.46,50,8.7,120553,515804,23.4,19.36
2026-08-29T13:41:25,36606,40192,91.1,173.98,49,9.4,123192,515804,23.9,19.36
2026-08-29T13:41:28,36606,40192,91.1,182.27,50,41.4,110551,515804,21.4,28.94
2026-08-29T13:41:32,36606,40192,91.1,182.49,50,10.3,104466,515804,20.3,27.66
2026-08-29T13:41:35,36606,40192,91.1,76.39,48,9.6,102247,515804,19.8,27.66
2026-08-29T13:41:38,36606,40192,91.1,181.67,50,9.6,102564,515804,19.9,26.49
2026-08-29T13:41:42,36606,40192,91.1,181.91,50,9.7,109203,515804,21.2,25.41
2026-08-29T13:41:45,36606,40192,91.1,175.24,49,36.1,101782,515804,19.7,30.50
2026-08-29T13:41:49,36606,40192,91.1,175.53,49,28.9,109140,515804,21.2,30.50
2026-08-29T13:41:52,36606,40192,91.1,173.98,50,9.5,110532,515804,21.4,29.10
2026-08-29T13:41:56,36606,40192,91.1,176.38,50,28.0,124897,515804,24.2,28.29
2026-08-29T13:41:59,36606,40192,91.1,97.75,48,11.2,126294,515804,24.5,28.29
2026-08-29T13:42:03,36606,40192,91.1,180.62,50,17.0,116696,515804,22.6,27.06
2026-08-29T13:42:06,36606,40192,91.1,180.04,50,10.3,117442,515804,22.8,25.78
2026-08-29T13:42:10,36606,40192,91.1,83.59,47,9.1,114454,515804,22.2,24.91
2026-08-29T13:42:15,36606,40192,91.1,182.20,50,8.8,121969,515804,23.6,24.91
2026-08-29T13:42:18,36606,40192,91.1,174.71,49,36.9,115397,515804,22.4,23.88
2026-08-29T13:42:22,36606,40192,91.1,177.43,50,14.6,102505,515804,19.9,23.41
2026-08-29T13:42:25,36606,40192,91.1,83.06,48,9.3,101244,515804,19.6,22.50
2026-08-29T13:42:29,36606,40192,91.1,180.32,50,8.8,98546,515804,19.1,22.50
2026-08-29T13:42:32,36606,40192,91.1,178.74,50,8.7,104678,515804,20.3,21.49
2026-08-29T13:42:36,36606,40192,91.1,180.40,50,10.5,102007,515804,19.8,20.73
2026-08-29T13:42:39,36606,40192,91.1,180.93,50,42.4,107600,515804,20.9,20.59
2026-08-29T13:42:44,36606,40192,91.1,179.51,50,8.7,109109,515804,21.2,20.59
2026-08-29T13:42:47,36606,40192,91.1,177.72,50,24.6,123808,515804,24.0,30.24
2026-08-29T13:42:51,36606,40192,91.1,178.74,50,8.6,125410,515804,24.3,28.62
2026-08-29T13:42:54,36606,40192,91.1,179.30,50,14.2,120419,515804,23.3,27.61
2026-08-29T13:43:00,36606,40192,91.1,180.62,50,9.7,114454,515804,22.2,27.61
2026-08-29T13:43:03,36606,40192,91.1,181.70,50,9.4,119167,515804,23.1,26.84
2026-08-29T13:43:07,36606,40192,91.1,180.86,50,10.0,127055,515804,24.6,25.81
2026-08-29T13:43:10,36606,40192,91.1,176.91,50,36.9,112691,515804,21.8,25.81
2026-08-29T13:43:14,36606,40192,91.1,175.53,50,15.7,105404,515804,20.4,24.94
2026-08-29T13:43:17,36606,40192,91.1,179.06,50,11.3,104265,515804,20.2,24.07
2026-08-29T13:43:21,36606,40192,91.1,179.80,50,12.2,100077,515804,19.4,23.34
2026-08-29T13:43:24,36606,40192,91.1,181.38,50,9.5,101972,515804,19.8,23.34
2026-08-29T13:43:28,36606,40192,91.1,179.51,50,9.3,101719,515804,19.7,22.67
2026-08-29T13:43:31,36606,40192,91.1,180.40,50,57.2,115004,515804,22.3,32.55
2026-08-29T13:43:34,36606,40192,91.1,181.70,50,8.6,107291,515804,20.8,32.55
2026-08-29T13:43:38,36606,40192,91.1,175.57,50,21.0,126484,515804,24.5,30.90
2026-08-29T13:43:41,36606,40192,91.1,181.17,50,12.7,123453,515804,23.9,29.71
2026-08-29T13:43:45,36606,40192,91.1,169.43,50,14.6,126981,515804,24.6,29.71
2026-08-29T13:43:49,36606,40192,91.1,180.64,50,10.9,119195,515804,23.1,28.77
2026-08-29T13:43:52,36606,40192,91.1,180.93,50,9.3,115686,515804,22.4,27.19
2026-08-29T13:43:56,36606,40192,91.1,182.72,50,8.7,117511,515804,22.8,25.89
2026-08-29T13:43:59,36606,40192,91.1,179.80,50,9.6,124624,515804,24.2,25.89
2026-08-29T13:44:02,36606,40192,91.1,82.54,47,36.4,116044,515804,22.5,24.62
2026-08-29T13:44:06,36606,40192,91.1,180.64,50,14.7,104323,515804,20.2,23.53
2026-08-29T13:44:09,36606,40192,91.1,175.00,50,9.5,98858,515804,19.2,23.16
2026-08-29T13:44:14,36606,40192,91.1,179.27,50,9.0,102832,515804,19.9,23.16
2026-08-29T13:44:17,36606,40192,91.1,175.32,50,9.1,110434,515804,21.4,22.35
2026-08-29T13:44:21,36606,40192,91.1,176.91,50,38.2,100189,515804,19.4,30.41
2026-08-29T13:44:24,36606,40192,91.1,178.53,50,20.4,110540,515804,21.4,29.26
2026-08-29T13:44:30,36606,40192,91.1,178.46,50,25.9,132348,515804,25.7,29.26
2026-08-29T13:44:34,36606,40192,91.1,181.46,50,9.7,126536,515804,24.5,27.71
2026-08-29T13:44:37,36606,40192,91.1,171.83,50,17.3,128779,515804,25.0,26.70
2026-08-29T13:44:41,36606,40192,91.1,180.93,50,13.6,121437,515804,23.5,25.92
2026-08-29T13:44:44,36606,40192,91.1,180.93,50,9.6,112660,515804,21.8,25.92
2026-08-29T13:44:47,36606,40192,91.1,181.99,50,8.8,115743,515804,22.4,24.64
2026-08-29T13:44:51,36606,40192,91.1,180.32,50,9.2,123109,515804,23.9,23.71
2026-08-29T13:44:54,36606,40192,91.1,95.10,48,33.9,111336,515804,21.6,23.71
2026-08-29T13:44:58,36606,40192,91.1,180.64,50,14.8,102511,515804,19.9,22.77
2026-08-29T13:45:01,36606,40192,91.1,180.93,50,9.4,101775,515804,19.7,21.75
2026-08-29T13:45:05,36606,40192,91.1,175.77,50,8.8,99070,515804,19.2,21.75
2026-08-29T13:45:08,36606,40192,91.1,180.64,50,8.8,105798,515804,20.5,20.81
2026-08-29T13:45:12,36606,40192,91.1,159.85,49,31.1,101860,515804,19.7,20.18
2026-08-29T13:45:16,36606,40192,91.1,179.51,50,30.0,107823,515804,20.9,19.61
2026-08-29T13:45:19,36606,40192,91.1,82.82,48,9.4,109111,515804,21.2,19.61
2026-08-29T13:45:22,36606,40192,91.1,176.06,50,25.2,126115,515804,24.5,18.84
2026-08-29T13:45:26,36606,40192,91.1,178.53,50,8.7,125269,515804,24.3,18.13
2026-08-29T13:45:29,36606,40192,91.1,90.84,48,15.2,124195,515804,24.1,18.13
2026-08-29T13:45:33,36606,40192,91.1,178.46,50,12.5,120780,515804,23.4,18.04
2026-08-29T13:45:36,36606,40192,91.1,181.70,50,9.7,112760,515804,21.9,17.64
2026-08-29T13:45:40,36606,40192,91.1,178.46,50,9.3,119230,515804,23.1,17.64
2026-08-29T13:45:43,36606,40192,91.1,88.15,48,9.3,127444,515804,24.7,17.10
2026-08-29T13:45:46,36606,40192,91.1,180.64,50,38.5,112952,515804,21.9,26.95
2026-08-29T13:45:50,36606,40192,91.1,181.46,50,15.6,105478,515804,20.4,26.95
2026-08-29T13:45:53,36606,40192,91.1,173.37,50,10.2,105091,515804,20.4,25.67
2026-08-29T13:45:57,36606,40192,91.1,93.47,48,11.4,102096,515804,19.8,24.73
2026-08-29T13:46:00,36606,40192,91.1,175.57,50,11.3,107638,515804,20.9,24.73
2026-08-29T13:46:03,36606,40192,91.1,126.34,49,34.3,99841,515804,19.4,23.71
2026-08-29T13:46:07,36606,40192,91.1,180.04,50,28.4,105688,515804,20.5,32.79
2026-08-29T13:46:11,36606,40192,91.1,181.70,50,8.7,107283,515804,20.8,31.20
2026-08-29T13:46:14,36606,40192,91.1,182.27,50,25.1,121940,515804,23.6,31.20
2026-08-29T13:46:18,36606,40192,91.1,181.17,50,9.0,123384,515804,23.9,29.50
2026-08-29T13:46:21,36606,40192,91.1,181.67,50,16.1,117734,515804,22.8,28.26
2026-08-29T13:46:24,36606,40192,91.1,182.27,50,9.9,119165,515804,23.1,28.26
2026-08-29T13:46:28,36606,40192,91.1,175.77,50,9.6,111865,515804,21.7,26.80
2026-08-29T13:46:31,36606,40192,91.1,175.53,50,8.7,117903,515804,22.9,25.45
2026-08-29T13:46:35,36606,40192,91.1,174.79,50,9.2,128035,515804,24.8,25.45
2026-08-29T13:46:38,36606,40192,91.1,178.74,50,40.1,110959,515804,21.5,24.54
2026-08-29T13:46:42,36606,40192,91.1,179.51,50,8.7,104179,515804,20.2,23.45
2026-08-29T13:46:45,36606,40192,91.1,177.11,50,9.5,98993,515804,19.2,23.45
2026-08-29T13:46:49,36606,40192,91.1,181.91,50,8.7,103169,515804,20.0,22.77
2026-08-29T13:46:52,36606,40192,91.1,179.59,50,9.8,110443,515804,21.4,21.75
2026-08-29T13:46:56,36606,40192,91.1,181.70,50,36.7,100161,515804,19.4,21.75
2026-08-29T13:46:59,36606,40192,91.1,181.91,50,27.6,109118,515804,21.2,21.05
2026-08-29T13:47:02,36606,40192,91.1,181.38,49,9.6,110523,515804,21.4,20.16
2026-08-29T13:47:06,36606,40192,91.1,179.06,50,26.4,124996,515804,24.2,19.51
2026-08-29T13:47:09,36606,40192,91.1,179.83,50,9.8,126336,515804,24.5,19.51
2026-08-29T13:47:13,36606,40192,91.1,177.72,50,17.6,120868,515804,23.4,18.83
2026-08-29T13:47:16,36606,40192,91.1,179.83,50,11.8,121211,515804,23.5,18.20
2026-08-29T13:47:20,36606,40192,91.1,180.11,50,12.0,113146,515804,21.9,18.20
2026-08-29T13:47:23,36606,40192,91.1,177.11,50,9.0,115956,515804,22.5,17.70
2026-08-29T13:47:27,36606,40192,91.1,77.74,49,9.4,126300,515804,24.5,17.25
2026-08-29T13:47:30,36606,40192,91.1,135.70,49,43.0,110595,515804,21.4,17.25
2026-08-29T13:47:33,36606,40192,91.1,182.27,50,9.0,102485,515804,19.9,16.91
2026-08-29T13:47:37,36606,40192,91.1,179.30,50,9.7,98153,515804,19.0,16.51
2026-08-29T13:47:40,36606,40192,91.1,175.57,50,8.6,100675,515804,19.5,16.51
2026-08-29T13:47:44,36606,40192,91.1,173.66,50,9.0,107780,515804,20.9,16.07
2026-08-29T13:47:47,36606,40192,91.1,179.30,49,35.1,100639,515804,19.5,15.59
2026-08-29T13:47:51,36606,40192,91.1,80.14,48,28.1,107625,515804,20.9,15.22
2026-08-29T13:47:54,36606,40192,91.1,177.11,50,8.7,109279,515804,21.2,15.22
2026-08-29T13:47:58,36606,40192,91.1,175.57,50,26.2,123476,515804,23.9,14.80
2026-08-29T13:48:01,36606,40192,91.1,180.32,50,8.8,125111,515804,24.3,14.58
2026-08-29T13:48:04,36606,40192,91.1,181.91,50,15.3,119735,515804,23.2,14.58
2026-08-29T13:48:08,36606,40192,91.1,177.11,50,10.4,120521,515804,23.4,14.37
2026-08-29T13:48:11,36606,40192,91.1,182.27,50,10.4,113036,515804,21.9,14.26
2026-08-29T13:48:15,36606,40192,91.1,180.64,50,8.4,119223,515804,23.1,14.26
2026-08-29T13:48:18,36606,40192,91.1,181.38,50,10.0,129305,515804,25.1,14.00
2026-08-29T13:48:22,36606,40192,91.1,164.59,50,39.8,113218,515804,21.9,13.92
2026-08-29T13:48:25,36606,40192,91.1,176.88,50,9.8,105477,515804,20.4,13.92
2026-08-29T13:48:29,36606,40192,91.1,182.80,50,10.5,99199,515804,19.2,13.60
2026-08-29T13:48:32,36606,40192,91.1,180.11,50,9.8,104208,515804,20.2,13.64
2026-08-29T13:48:36,36606,40192,91.1,176.38,50,11.7,113192,515804,21.9,13.58
2026-08-29T13:48:39,36606,40192,91.1,88.68,48,40.2,94447,515804,18.3,13.58
2026-08-29T13:48:42,36606,40192,91.1,175.53,50,28.3,106213,515804,20.6,13.78
2026-08-29T13:48:46,36606,40192,91.1,181.67,50,8.7,106911,515804,20.7,14.12
2026-08-29T13:48:49,36606,40192,91.1,179.06,50,25.6,121723,515804,23.6,14.12
2026-08-29T13:48:53,36606,40192,91.1,176.88,50,8.6,123319,515804,23.9,14.27
2026-08-29T13:48:56,36606,40192,91.1,181.67,50,17.3,117843,515804,22.8,24.42
2026-08-29T13:49:00,36606,40192,91.1,181.14,50,8.6,117263,515804,22.7,24.42
2026-08-29T13:49:03,36606,40192,91.1,181.17,50,9.7,112306,515804,21.8,23.34
2026-08-29T13:49:06,36606,40192,91.1,183.56,50,8.6,117941,515804,22.9,22.43
2026-08-29T13:49:10,36606,40192,91.1,181.67,50,9.1,125723,515804,24.4,22.43
2026-08-29T13:49:13,36606,40192,91.1,177.93,50,43.7,110978,515804,21.5,31.85
2026-08-29T13:49:17,36606,40192,91.1,181.46,50,9.4,103981,515804,20.2,30.66
2026-08-29T13:49:20,36606,40192,91.1,178.98,50,9.5,97133,515804,18.8,30.66
2026-08-29T13:49:24,36606,40192,91.1,97.22,49,8.7,102556,515804,19.9,29.08
2026-08-29T13:49:27,36606,40192,91.1,178.53,50,8.9,109717,515804,21.3,27.64
2026-08-29T13:49:30,36606,40192,91.1,178.01,50,36.9,100527,515804,19.5,27.64
2026-08-29T13:49:34,36606,40192,91.1,175.32,50,27.8,108852,515804,21.1,26.38
2026-08-29T13:49:38,36606,40192,91.1,172.92,50,8.6,110402,515804,21.4,25.15
2026-08-29T13:49:41,36606,40192,91.1,181.38,50,26.4,124854,515804,24.2,24.02
2026-08-29T13:49:44,36606,40192,91.1,172.60,50,9.6,126231,515804,24.5,24.02
2026-08-29T13:49:48,36606,40192,91.1,176.34,49,16.7,120790,515804,23.4,23.22
2026-08-29T13:49:51,36606,40192,91.1,176.88,50,10.1,121696,515804,23.6,22.56
2026-08-29T13:49:55,36606,40192,91.1,98.56,49,11.9,116924,515804,22.7,22.11
2026-08-29T13:49:59,36606,40192,91.1,179.59,50,11.5,122253,515804,23.7,22.11
2026-08-29T13:50:03,36606,40192,91.1,135.46,50,21.2,115767,515804,22.4,21.30
2026-08-29T13:50:07,36606,40192,91.1,180.11,50,29.9,101898,515804,19.8,20.48
2026-08-29T13:50:10,36606,40192,91.1,87.10,47,8.8,100158,515804,19.4,20.04
2026-08-29T13:50:15,36606,40192,91.1,177.11,50,8.7,100063,515804,19.4,20.04
2026-08-29T13:50:18,36606,40192,91.1,174.51,50,9.3,107071,515804,20.8,19.23
2026-08-29T13:50:22,36606,40192,91.1,182.27,50,35.6,99698,515804,19.3,18.49
2026-08-29T13:50:26,36606,40192,91.1,76.11,48,27.8,106951,515804,20.7,18.49
2026-08-29T13:50:29,36606,40192,91.1,179.59,50,8.8,108550,515804,21.0,17.97
2026-08-29T13:50:32,36606,40192,91.1,178.98,50,25.6,123725,515804,24.0,17.33
2026-08-29T13:50:36,36606,40192,91.1,181.14,50,9.3,124820,515804,24.2,17.39
2026-08-29T13:50:39,36606,40192,91.1,179.83,50,15.3,119742,515804,23.2,17.39
2026-08-29T13:50:44,36606,40192,91.1,176.91,50,8.4,118864,515804,23.0,16.80
2026-08-29T13:50:47,36606,40192,91.1,175.32,50,9.6,115351,515804,22.4,16.49
2026-08-29T13:50:51,36606,40192,91.1,174.27,50,9.4,121479,515804,23.6,16.05
2026-08-29T13:50:54,36606,40192,91.1,172.64,50,27.0,113847,515804,22.1,16.21
2026-08-29T13:51:00,36606,40192,91.1,177.19,50,10.7,105075,515804,20.4,16.21
2026-08-29T13:51:04,36606,40192,91.1,176.34,50,10.4,104614,515804,20.3,15.87
2026-08-29T13:51:07,36606,40192,91.1,176.34,50,9.0,102264,515804,19.8,15.40
2026-08-29T13:51:11,36606,40192,91.1,177.64,50,9.7,109342,515804,21.2,15.40
2026-08-29T13:51:14,36606,40192,91.1,171.78,49,39.4,103601,515804,20.1,15.45
2026-08-29T13:51:18,36606,40192,91.1,173.69,50,30.3,109493,515804,21.2,25.58
2026-08-29T13:51:21,36606,40192,91.1,175.24,50,11.0,108274,515804,21.0,24.74
2026-08-29T13:51:25,36606,40192,91.1,179.27,50,21.7,121217,515804,23.5,24.74
2026-08-29T13:51:29,36606,40192,91.1,179.30,50,8.8,122734,515804,23.8,23.72
2026-08-29T13:51:33,36606,40192,91.1,180.64,50,17.7,117587,515804,22.8,33.19
2026-08-29T13:51:36,36606,40192,91.1,175.32,50,8.7,116971,515804,22.7,31.81
2026-08-29T13:51:40,36606,40192,91.1,176.58,50,9.2,116817,515804,22.6,30.47
2026-08-29T13:51:45,36606,40192,91.1,173.90,50,9.0,124590,515804,24.2,30.47
2026-08-29T13:51:48,36606,40192,91.1,182.27,50,40.9,114965,515804,22.3,28.91
2026-08-29T13:51:52,36606,40192,91.1,181.38,50,14.5,103556,515804,20.1,27.47
2026-08-29T13:51:55,36606,40192,91.1,178.46,50,9.3,102930,515804,20.0,27.47
2026-08-29T13:51:59,36606,40192,91.1,179.30,50,9.4,100150,515804,19.4,26.15
2026-08-29T13:52:02,36606,40192,91.1,176.67,50,8.8,106649,515804,20.7,24.94
2026-08-29T13:52:06,36606,40192,91.1,155.05,49,25.7,103343,515804,20.0,34.47
2026-08-29T13:52:09,36606,40192,91.1,172.84,50,29.3,110039,515804,21.3,34.47
2026-08-29T13:52:14,36606,40192,91.1,182.27,50,8.8,110718,515804,21.5,32.91
2026-08-29T13:52:17,36606,40192,91.1,176.06,50,25.1,125684,515804,24.4,31.16
2026-08-29T13:52:21,36606,40192,91.1,181.99,50,9.5,127105,515804,24.6,29.54
2026-08-29T13:52:24,36606,40192,91.1,88.15,49,14.7,122638,515804,23.8,28.54
2026-08-29T13:52:30,36606,40192,91.1,178.01,50,10.6,115087,515804,22.3,28.54
2026-08-29T13:52:33,36606,40192,91.1,173.45,50,9.8,120088,515804,23.3,27.29
2026-08-29T13:52:37,36606,40192,91.1,177.93,49,11.6,127231,515804,24.7,26.39
2026-08-29T13:52:40,36606,40192,91.1,178.22,50,40.5,116877,515804,22.7,26.39
2026-08-29T13:52:44,36606,40192,91.1,180.86,50,15.9,101635,515804,19.7,25.48
2026-08-29T13:52:47,36606,40192,91.1,179.59,50,9.3,100802,515804,19.5,24.24
2026-08-29T13:52:51,36606,40192,91.1,80.95,48,8.8,98121,515804,19.0,24.24
2026-08-29T13:52:54,36606,40192,91.1,177.64,50,8.7,104132,515804,20.2,23.18
2026-08-29T13:52:57,36606,40192,91.1,139.97,50,16.0,101019,515804,19.6,22.20
2026-08-29T13:53:01,36606,40192,91.1,182.27,50,49.1,111580,515804,21.6,21.30
2026-08-29T13:53:04,36606,40192,91.1,179.83,50,8.6,108419,515804,21.0,21.30
2026-08-29T13:53:08,36606,40192,91.1,179.06,50,25.4,131378,515804,25.5,20.56
2026-08-29T13:53:11,36606,40192,91.1,178.53,50,8.7,124690,515804,24.2,19.79
2026-08-29T13:53:15,36606,40192,91.1,90.31,48,14.8,128736,515804,25.0,19.79
2026-08-29T13:53:18,36606,40192,91.1,182.51,50,11.8,119827,515804,23.2,19.25
2026-08-29T13:53:22,36606,40192,91.1,181.17,50,9.3,115270,515804,22.3,18.67
2026-08-29T13:53:25,36606,40192,91.1,176.38,50,8.7,118467,515804,23.0,18.67
2026-08-29T13:53:28,36606,40192,91.1,177.64,50,9.1,126310,515804,24.5,18.05
2026-08-29T13:53:32,36606,40192,91.1,183.26,50,39.5,114096,515804,22.1,28.14
2026-08-29T13:53:35,36606,40192,91.1,95.35,48,14.7,105015,515804,20.4,28.14
2026-08-29T13:53:39,36606,40192,91.1,175.53,50,9.3,104372,515804,20.2,26.69
2026-08-29T13:53:42,36606,40192,91.1,176.38,50,9.7,101620,515804,19.7,25.43
2026-08-29T13:53:45,36606,40192,91.1,182.51,50,9.8,107636,515804,20.9,25.43
2026-08-29T13:53:49,36606,40192,91.1,100.72,49,31.6,103990,515804,20.2,24.36
2026-08-29T13:53:53,36606,40192,91.1,174.71,50,33.4,109704,515804,21.3,23.69
2026-08-29T13:53:56,36606,40192,91.1,175.85,50,11.2,111014,515804,21.5,22.99
2026-08-29T13:54:00,36606,40192,91.1,179.83,50,27.6,126379,515804,24.5,22.99
2026-08-29T13:54:03,36606,40192,91.1,180.32,50,9.8,122520,515804,23.8,22.35
2026-08-29T13:54:07,36606,40192,91.1,175.57,50,15.5,121130,515804,23.5,31.69
2026-08-29T13:54:10,36606,40192,91.1,179.06,50,10.9,117813,515804,22.8,31.69
2026-08-29T13:54:14,36606,40192,91.1,177.11,50,9.3,109499,515804,21.2,30.11
2026-08-29T13:54:17,36606,40192,91.1,175.77,50,8.8,116693,515804,22.6,28.90
2026-08-29T13:54:20,36606,40192,91.1,178.77,50,9.1,125403,515804,24.3,28.90
2026-08-29T13:54:24,36606,40192,91.1,174.18,49,37.3,109472,515804,21.2,27.71
2026-08-29T13:54:27,36606,40192,91.1,181.38,50,14.6,103290,515804,20.0,26.45
2026-08-29T13:54:31,36606,40192,91.1,180.93,50,9.4,102835,515804,19.9,26.45
2026-08-29T13:54:34,36606,40192,91.1,98.32,48,8.7,101194,515804,19.6,25.21
2026-08-29T13:54:38,36606,40192,91.1,178.01,50,9.5,107732,515804,20.9,24.40
2026-08-29T13:54:41,36606,40192,91.1,163.29,50,35.0,101670,515804,19.7,33.57
2026-08-29T13:54:45,36606,40192,91.1,182.72,50,27.8,108574,515804,21.0,33.57
2026-08-29T13:54:49,36606,40192,91.1,173.37,49,8.8,110048,515804,21.3,31.93
2026-08-29T13:54:52,36606,40192,91.1,179.27,50,26.1,124531,515804,24.1,40.82
2026-08-29T13:54:56,36606,40192,91.1,178.53,50,8.8,125913,515804,24.4,40.82
2026-08-29T13:54:59,36606,40192,91.1,180.40,50,15.7,121201,515804,23.5,38.43
2026-08-29T13:55:02,36606,40192,91.1,180.64,50,10.9,121284,515804,23.5,36.32
2026-08-29T13:55:06,36606,40192,91.1,176.34,50,10.5,113919,515804,22.1,36.32
2026-08-29T13:55:09,36606,40192,91.1,183.02,50,9.5,119720,515804,23.2,34.21
2026-08-29T13:55:13,36606,40192,91.1,172.92,50,10.1,129901,515804,25.2,32.51
2026-08-29T13:55:16,36606,40192,91.1,78.79,48,42.9,112556,515804,21.8,41.68
2026-08-29T13:55:20,36606,40192,91.1,181.46,50,11.3,105870,515804,20.5,41.68
2026-08-29T13:55:23,36606,40192,91.1,175.00,50,11.1,96381,515804,18.7,39.54
2026-08-29T13:55:26,36606,40192,91.1,181.67,50,8.9,100368,515804,19.5,37.26
2026-08-29T13:55:30,36606,40192,91.1,180.04,50,9.4,107992,515804,20.9,37.26
2026-08-29T13:55:33,36606,40192,91.1,180.64,50,39.8,95748,515804,18.6,35.07
2026-08-29T13:55:37,36606,40192,91.1,178.25,50,27.6,106549,515804,20.7,33.22
2026-08-29T13:55:40,36606,40192,91.1,179.80,50,9.0,108055,515804,20.9,33.22
2026-08-29T13:55:44,36606,40192,91.1,175.77,50,25.3,122597,515804,23.8,31.53
2026-08-29T13:55:47,36606,40192,91.1,180.11,49,8.7,124113,515804,24.1,29.88
2026-08-29T13:55:51,36606,40192,91.1,177.64,50,17.4,118508,515804,23.0,29.88
2026-08-29T13:55:54,36606,40192,91.1,181.99,50,8.4,119333,515804,23.1,28.37
2026-08-29T13:55:57,36606,40192,91.1,88.15,49,10.2,112743,515804,21.9,26.98
2026-08-29T13:56:01,36606,40192,91.1,181.67,50,8.5,118273,515804,22.9,26.98
2026-08-29T13:56:04,36606,40192,91.1,182.20,50,9.3,128205,515804,24.9,25.78
2026-08-29T13:56:08,36606,40192,91.1,130.90,50,43.7,113021,515804,21.9,34.93
2026-08-29T13:56:11,36606,40192,91.1,180.40,50,9.3,104806,515804,20.3,33.41
2026-08-29T13:56:15,36606,40192,91.1,179.83,50,9.8,99658,515804,19.3,33.41
2026-08-29T13:56:18,36606,40192,91.1,176.67,50,8.6,103217,515804,20.0,31.77
2026-08-29T13:56:22,36606,40192,91.1,179.51,49,9.9,110256,515804,21.4,30.27
2026-08-29T13:56:25,36606,40192,91.1,175.77,50,38.1,100997,515804,19.6,30.27
2026-08-29T13:56:29,36606,40192,91.1,177.40,50,27.2,109495,515804,21.2,28.65
2026-08-29T13:56:32,36606,40192,91.1,179.80,50,9.7,111132,515804,21.5,27.15
2026-08-29T13:56:36,36606,40192,91.1,179.27,50,27.1,125382,515804,24.3,27.15
2026-08-29T13:56:39,36606,40192,91.1,179.83,50,11.3,126710,515804,24.6,26.18
2026-08-29T13:56:43,36606,40192,91.1,174.71,50,19.0,121066,515804,23.5,35.62
2026-08-29T13:56:46,36606,40192,91.1,179.83,50,8.7,116437,515804,22.6,33.72
2026-08-29T13:56:50,36606,40192,91.1,180.64,50,9.7,111635,515804,21.6,33.72
2026-08-29T13:56:53,36606,40192,91.1,182.49,50,8.6,117297,515804,22.7,31.82
2026-08-29T13:56:57,36606,40192,91.1,179.80,50,9.2,122801,515804,23.8,30.24
2026-08-29T13:57:00,36606,40192,91.1,87.86,49,46.6,109183,515804,21.2,30.24
2026-08-29T13:57:03,36606,40192,91.1,178.53,50,8.9,102980,515804,20.0,28.78
2026-08-29T13:57:07,36606,40192,91.1,176.14,50,9.6,97366,515804,18.9,27.43
2026-08-29T13:57:10,36606,40192,91.1,178.98,50,8.5,101632,515804,19.7,27.43
2026-08-29T13:57:14,36606,40192,91.1,179.59,50,9.1,108782,515804,21.1,26.12
2026-08-29T13:57:17,36606,40192,91.1,178.46,50,36.3,99601,515804,19.3,35.16
2026-08-29T13:57:21,36606,40192,91.1,181.67,50,27.8,108103,515804,21.0,35.16
2026-08-29T13:57:24,36606,40192,91.1,180.32,50,8.7,109561,515804,21.2,33.22
2026-08-29T13:57:28,36606,40192,91.1,180.86,50,25.5,124233,515804,24.1,41.53
2026-08-29T13:57:31,36606,40192,91.1,179.27,50,8.8,125787,515804,24.4,41.53
2026-08-29T13:57:34,36606,40192,91.1,181.46,50,17.3,119874,515804,23.2,39.01
2026-08-29T13:57:38,36606,40192,91.1,87.86,48,9.3,121170,515804,23.5,36.68
2026-08-29T13:57:41,36606,40192,91.1,176.58,50,9.6,113652,515804,22.0,34.79
2026-08-29T13:57:45,36606,40192,91.1,177.64,50,9.5,119631,515804,23.2,34.79
2026-08-29T13:57:48,36606,40192,91.1,175.77,50,10.1,129826,515804,25.2,33.28
2026-08-29T13:57:52,36606,40192,91.1,176.88,50,44.5,114743,515804,22.2,31.82
2026-08-29T13:57:55,36606,40192,91.1,179.83,50,10.0,105926,515804,20.5,31.82
2026-08-29T13:57:59,36606,40192,91.1,175.32,50,12.0,97875,515804,19.0,30.07
2026-08-29T13:58:03,36606,40192,91.1,178.46,50,11.2,104362,515804,20.2,28.86
2026-08-29T13:58:06,36606,40192,91.1,174.79,50,10.2,109190,515804,21.2,27.75
2026-08-29T13:58:10,36606,40192,91.1,180.86,50,39.7,107820,515804,20.9,26.89
2026-08-29T13:58:15,36606,40192,91.1,174.18,50,9.1,107598,515804,20.9,26.89
2026-08-29T13:58:19,36606,40192,91.1,177.93,50,25.6,128558,515804,24.9,25.62
2026-08-29T13:58:22,36606,40192,91.1,175.77,50,8.9,123695,515804,24.0,24.45
2026-08-29T13:58:25,36606,40192,91.1,179.27,50,15.2,123511,515804,23.9,24.45
2026-08-29T13:58:29,36606,40192,91.1,175.85,50,10.1,119129,515804,23.1,33.86
2026-08-29T13:58:32,36606,40192,91.1,181.70,50,9.5,111026,515804,21.5,32.27
2026-08-29T13:58:36,36606,40192,91.1,181.67,50,8.6,118147,515804,22.9,32.27
2026-08-29T13:58:39,36606,40192,91.1,86.80,47,9.3,121651,515804,23.6,30.49
2026-08-29T13:58:44,36606,40192,91.1,175.57,50,45.0,107974,515804,20.9,39.02
2026-08-29T13:58:47,36606,40192,91.1,178.53,50,9.0,104552,515804,20.3,36.93
2026-08-29T13:58:51,36606,40192,91.1,180.62,50,9.6,96316,515804,18.7,36.93
2026-08-29T13:58:54,36606,40192,91.1,60.08,46,8.8,108243,515804,21.0,33.34
2026-08-29T13:59:00,36606,40192,91.1,152.89,49,35.3,102702,515804,19.9,33.34
2026-08-29T13:59:04,36606,40192,91.1,178.22,50,29.4,109095,515804,21.2,31.63
2026-08-29T13:59:07,36606,40192,91.1,174.18,50,9.0,110656,515804,21.5,29.98
2026-08-29T13:59:11,36606,40192,91.1,178.53,50,25.9,126088,515804,24.4,29.98
2026-08-29T13:59:14,36606,40192,91.1,177.72,50,9.6,126625,515804,24.5,28.38
2026-08-29T13:59:18,36606,40192,91.1,183.02,50,17.3,122221,515804,23.7,27.31
2026-08-29T13:59:21,36606,40192,91.1,180.62,50,12.6,121641,515804,23.6,27.31
2026-08-29T13:59:25,36606,40192,91.1,74.23,46,10.7,112293,515804,21.8,26.32
2026-08-29T13:59:29,36606,40192,91.1,179.30,50,8.9,118431,515804,23.0,25.25
2026-08-29T13:59:33,36606,40192,91.1,178.74,50,9.1,116291,515804,22.5,24.43
2026-08-29T13:59:36,36606,40192,91.1,180.32,50,41.3,101735,515804,19.7,23.68
2026-08-29T13:59:40,36606,40192,91.1,179.27,50,9.1,102317,515804,19.8,22.98
2026-08-29T13:59:45,36606,40192,91.1,179.06,50,8.7,99869,515804,19.4,22.98
2026-08-29T13:59:48,36606,40192,91.1,181.91,50,9.0,106917,515804,20.7,22.02
2026-08-29T13:59:52,36606,40192,91.1,156.53,50,35.2,101076,515804,19.6,31.39
2026-08-29T13:59:56,36606,40192,91.1,172.84,50,27.5,107873,515804,20.9,31.39
2026-08-29T13:59:59,36606,40192,91.1,178.46,50,9.1,109456,515804,21.2,29.76
2026-08-29T14:00:03,36606,40192,91.1,178.74,50,25.6,123809,515804,24.0,38.42
2026-08-29T14:00:06,36606,40192,91.1,180.64,50,8.8,125387,515804,24.3,38.42
2026-08-29T14:00:10,36606,40192,91.1,175.85,50,15.3,119758,515804,23.2,36.23
2026-08-29T14:00:13,36606,40192,91.1,178.46,50,11.3,120908,515804,23.4,34.45
2026-08-29T14:00:16,36606,40192,91.1,178.77,50,10.0,113369,515804,22.0,32.65
2026-08-29T14:00:20,36606,40192,91.1,88.15,48,8.4,119560,515804,23.2,32.65
2026-08-29T14:00:23,36606,40192,91.1,175.85,50,10.1,129310,515804,25.1,31.24
2026-08-29T14:00:27,36606,40192,91.1,180.62,50,35.1,105376,515804,20.4,30.18
2026-08-29T14:00:31,36606,40192,91.1,178.22,50,9.5,106171,515804,20.6,29.12
2026-08-29T14:00:35,36606,40192,91.1,176.34,50,10.2,98600,515804,19.1,29.12
2026-08-29T14:00:38,36606,40192,91.1,178.74,50,11.2,104414,515804,20.2,27.91
2026-08-29T14:00:42,36606,40192,91.1,180.11,50,11.8,114227,515804,22.1,26.72
2026-08-29T14:00:45,36606,40192,91.1,161.95,50,41.6,91071,515804,17.7,26.72
2026-08-29T14:00:48,36606,40192,91.1,175.57,50,27.2,106808,515804,20.7,25.78
2026-08-29T14:00:52,36606,40192,91.1,174.48,50,8.7,106376,515804,20.6,24.59
2026-08-29T14:00:55,36606,40192,91.1,179.80,50,24.7,122356,515804,23.7,24.59
2026-08-29T14:00:59,36606,40192,91.1,177.40,50,8.4,123316,515804,23.9,23.43
2026-08-29T14:01:02,36606,40192,91.1,175.57,50,18.1,118602,515804,23.0,28.36
2026-08-29T14:01:06,36606,40192,91.1,93.76,48,8.4,117713,515804,22.8,28.36
2026-08-29T14:01:09,36606,40192,91.1,175.53,50,9.6,113620,515804,22.0,26.97
2026-08-29T14:01:12,36606,40192,91.1,176.88,50,8.7,119662,515804,23.2,25.77
2026-08-29T14:01:16,36606,40192,91.1,176.88,50,9.0,121032,515804,23.5,25.77
2026-08-29T14:01:19,36606,40192,91.1,174.48,50,43.1,105534,515804,20.5,34.76
2026-08-29T14:01:23,36606,40192,91.1,178.25,50,9.3,104264,515804,20.2,32.93
2026-08-29T14:01:26,36606,40192,91.1,179.83,50,9.8,96668,515804,18.7,32.93
2026-08-29T14:01:30,36606,40192,91.1,82.82,48,8.5,103176,515804,20.0,31.18
2026-08-29T14:01:33,36606,40192,91.1,182.27,50,9.6,112234,515804,21.8,29.64
2026-08-29T14:01:37,36606,40192,91.1,176.58,50,39.3,96365,515804,18.7,28.23
2026-08-29T14:01:40,36606,40192,91.1,180.11,50,28.2,109277,515804,21.2,28.23
2026-08-29T14:01:43,36606,40192,91.1,178.53,50,9.1,110359,515804,21.4,26.93
2026-08-29T14:01:47,36606,40192,91.1,181.46,50,25.7,125095,515804,24.3,25.57
2026-08-29T14:01:50,36606,40192,91.1,179.59,50,9.7,126517,515804,24.5,25.57
2026-08-29T14:01:54,36606,40192,91.1,180.62,50,18.6,121129,515804,23.5,24.72
2026-08-29T14:01:57,36606,40192,91.1,178.98,50,9.7,120393,515804,23.3,23.95
2026-08-29T14:02:01,36606,40192,91.1,180.32,50,12.2,115241,515804,22.3,23.95
2026-08-29T14:02:04,36606,40192,91.1,178.98,50,10.7,116280,515804,22.5,23.39
2026-08-29T14:02:07,36606,40192,91.1,181.67,50,9.6,123491,515804,23.9,22.64
2026-08-29T14:02:11,36606,40192,91.1,88.96,48,44.0,109146,515804,21.2,22.64
2026-08-29T14:02:14,36606,40192,91.1,178.01,50,8.8,102356,515804,19.8,21.71
2026-08-29T14:02:18,36606,40192,91.1,182.80,50,9.5,97405,515804,18.9,20.77
2026-08-29T14:02:21,36606,40192,91.1,179.06,50,8.8,101098,515804,19.6,20.77
2026-08-29T14:02:25,36606,40192,91.1,86.56,49,9.0,108174,515804,21.0,19.99
2026-08-29T14:02:28,36606,40192,91.1,179.83,50,36.2,97588,515804,18.9,19.27
2026-08-29T14:02:31,36606,40192,91.1,177.19,50,27.1,107532,515804,20.8,18.84
2026-08-29T14:02:35,36606,40192,91.1,178.53,50,8.7,109306,515804,21.2,18.84
2026-08-29T14:02:38,36606,40192,91.1,177.11,50,25.5,123836,515804,24.0,28.47
2026-08-29T14:02:42,36606,40192,91.1,176.58,50,9.3,125105,515804,24.3,27.15
2026-08-29T14:02:45,36606,40192,91.1,182.20,50,16.7,119779,515804,23.2,27.15
2026-08-29T14:02:49,36606,40192,91.1,75.67,50,8.4,119188,515804,23.1,25.77
2026-08-29T14:02:52,36606,40192,91.1,179.51,50,9.9,114738,515804,22.2,24.59
2026-08-29T14:02:56,36606,40192,91.1,179.51,50,9.3,120679,515804,23.4,24.59
2026-08-29T14:02:59,36606,40192,91.1,175.24,50,9.4,123095,515804,23.9,23.50
2026-08-29T14:03:03,36606,40192,91.1,177.72,49,43.2,109790,515804,21.3,22.66
2026-08-29T14:03:06,36606,40192,91.1,183.56,50,9.7,106141,515804,20.6,22.66
2026-08-29T14:03:10,36606,40192,91.1,180.86,50,10.7,102959,515804,20.0,22.29
2026-08-29T14:03:13,36606,40192,91.1,174.79,50,9.6,104441,515804,20.2,21.62
2026-08-29T14:03:16,36606,40192,91.1,180.32,50,10.2,111689,515804,21.7,21.25
2026-08-29T14:03:20,36606,40192,91.1,181.46,50,40.2,103010,515804,20.0,21.25
2026-08-29T14:03:24,36606,40192,91.1,182.80,50,29.6,111067,515804,21.5,31.08
2026-08-29T14:03:27,36606,40192,91.1,177.72,50,8.8,108380,515804,21.0,29.39
2026-08-29T14:03:30,36606,40192,91.1,180.11,50,25.8,123079,515804,23.9,29.39
2026-08-29T14:03:34,36606,40192,91.1,175.32,50,8.7,124780,515804,24.2,27.84
2026-08-29T14:03:37,36606,40192,91.1,170.53,50,16.7,117791,515804,22.8,26.89
2026-08-29T14:03:41,36606,40192,91.1,174.71,50,9.6,118633,515804,23.0,26.89
2026-08-29T14:03:44,36606,40192,91.1,178.98,50,9.4,111818,515804,21.7,25.94
2026-08-29T14:03:48,36606,40192,91.1,179.06,50,8.5,117536,515804,22.8,24.66
2026-08-29T14:03:51,36606,40192,91.1,177.72,50,9.3,127017,515804,24.6,24.66
2026-08-29T14:03:55,36606,40192,91.1,178.25,50,40.8,110802,515804,21.5,23.57
2026-08-29T14:03:58,36606,40192,91.1,177.93,50,8.9,104245,515804,20.2,22.72
2026-08-29T14:04:01,36606,40192,91.1,177.11,50,10.2,99406,515804,19.3,22.72
2026-08-29T14:04:05,36606,40192,91.1,173.13,50,8.5,102582,515804,19.9,21.86
2026-08-29T14:04:08,36606,40192,91.1,178.22,50,9.1,109401,515804,21.2,21.15
2026-08-29T14:04:12,36606,40192,91.1,83.59,47,35.0,100312,515804,19.4,27.87
2026-08-29T14:04:15,36606,40192,91.1,180.86,50,28.6,108816,515804,21.1,27.87
2026-08-29T14:04:19,36606,40192,91.1,175.24,50,8.8,110373,515804,21.4,26.44
2026-08-29T14:04:22,36606,40192,91.1,181.67,50,25.0,126059,515804,24.4,25.20
2026-08-29T14:04:25,36606,40192,91.1,181.99,50,9.2,126388,515804,24.5,25.20
2026-08-29T14:04:29,36606,40192,91.1,178.98,50,16.8,123114,515804,23.9,24.46
2026-08-29T14:04:32,36606,40192,91.1,178.98,50,11.4,121437,515804,23.5,23.71
2026-08-29T14:04:36,36606,40192,91.1,173.37,50,10.6,113465,515804,22.0,23.71
2026-08-29T14:04:39,36606,40192,91.1,182.72,50,11.2,120094,515804,23.3,23.09
2026-08-29T14:04:43,36606,40192,91.1,181.46,50,11.1,124322,515804,24.1,22.44
2026-08-29T14:04:46,36606,40192,91.1,177.72,50,39.2,106744,515804,20.7,22.44
2026-08-29T14:04:49,36606,40192,91.1,179.27,50,14.3,102042,515804,19.8,21.68
2026-08-29T14:04:53,36606,40192,91.1,182.20,50,9.3,100350,515804,19.5,20.83
2026-08-29T14:04:56,36606,40192,91.1,179.80,50,9.3,99783,515804,19.3,20.83
2026-08-29T14:05:00,36606,40192,91.1,181.91,50,9.2,106539,515804,20.7,20.28
2026-08-29T14:05:03,36606,40192,91.1,178.46,50,33.5,97944,515804,19.0,19.70
2026-08-29T14:05:07,36606,40192,91.1,175.24,50,27.4,107276,515804,20.8,18.92
2026-08-29T14:05:11,36606,40192,91.1,178.46,51,8.7,108871,515804,21.1,18.92
2026-08-29T14:05:14,36606,40192,91.1,78.55,48,25.5,123569,515804,24.0,18.69
2026-08-29T14:05:17,36606,40192,91.1,180.11,50,8.7,125176,515804,24.3,18.07
2026-08-29T14:05:21,36606,40192,91.1,181.70,50,17.6,119263,515804,23.1,18.07
2026-08-29T14:05:24,36606,40192,91.1,179.51,50,8.5,119947,515804,23.3,17.50
2026-08-29T14:05:28,36606,40192,91.1,177.64,50,9.7,113693,515804,22.0,17.14
2026-08-29T14:05:31,36606,40192,91.1,182.80,50,9.1,119303,515804,23.1,17.14
2026-08-29T14:05:35,36606,40192,91.1,178.25,50,9.4,123807,515804,24.0,16.97
2026-08-29T14:05:38,36606,40192,91.1,175.24,50,44.6,109129,515804,21.2,16.57
2026-08-29T14:05:42,36606,40192,91.1,179.59,50,9.7,105325,515804,20.4,16.21
2026-08-29T14:05:45,36606,40192,91.1,180.04,50,9.8,97275,515804,18.9,16.21
2026-08-29T14:05:49,36606,40192,91.1,181.14,50,9.2,104259,515804,20.2,15.79
2026-08-29T14:05:52,36606,40192,91.1,83.59,48,10.3,112704,515804,21.9,15.49
2026-08-29T14:05:55,36606,40192,91.1,161.90,50,38.9,101753,515804,19.7,15.49
2026-08-29T14:06:00,36606,40192,91.1,175.00,51,24.0,111247,515804,21.6,26.02
2026-08-29T14:06:03,36606,40192,91.1,177.11,50,10.6,105561,515804,20.5,25.06
2026-08-29T14:06:07,36606,40192,91.1,182.51,50,25.6,122244,515804,23.7,23.93
2026-08-29T14:06:10,36606,40192,91.1,173.69,50,13.4,117447,515804,22.8,23.61
2026-08-29T14:06:16,36606,40192,91.1,180.40,51,9.3,118919,515804,23.1,23.61
2026-08-29T14:06:19,36606,40192,91.1,80.14,48,9.7,111452,515804,21.6,22.52
2026-08-29T14:06:23,36606,40192,91.1,181.91,50,8.5,117421,515804,22.8,21.60
2026-08-29T14:06:26,36606,40192,91.1,178.74,50,9.3,127547,515804,24.7,21.60
2026-08-29T14:06:30,36606,40192,91.1,157.87,50,42.7,111925,515804,21.7,20.75
2026-08-29T14:06:33,36606,40192,91.1,103.12,48,9.0,104058,515804,20.2,20.05
2026-08-29T14:06:36,36606,40192,91.1,176.88,50,9.5,99996,515804,19.4,20.05
2026-08-29T14:06:40,36606,40192,91.1,173.90,50,9.2,102255,515804,19.8,19.33
2026-08-29T14:06:43,36606,40192,91.1,182.20,50,9.0,108895,515804,21.1,18.74
2026-08-29T14:06:47,36606,40192,91.1,180.32,50,35.1,101516,515804,19.7,28.45
2026-08-29T14:06:50,36606,40192,91.1,180.04,50,27.3,108952,515804,21.1,28.45
2026-08-29T14:06:54,36606,40192,91.1,181.46,50,9.6,110245,515804,21.4,27.29
2026-08-29T14:06:57,36606,40192,91.1,79.60,47,23.2,124937,515804,24.2,26.15
2026-08-29T14:07:01,36606,40192,91.1,176.67,50,9.5,125977,515804,24.4,25.17
2026-08-29T14:07:05,36606,40192,91.1,180.11,50,18.4,121499,515804,23.6,25.17
2026-08-29T14:07:09,36606,40192,91.1,164.64,48,9.3,120179,515804,23.3,24.36
2026-08-29T14:07:12,36606,40192,91.1,181.70,50,10.0,117414,515804,22.8,23.45
2026-08-29T14:07:16,36606,40192,91.1,176.91,50,11.1,123976,515804,24.0,23.45
2026-08-29T14:07:19,36606,40192,91.1,148.34,50,26.7,120186,515804,23.3,22.77
2026-08-29T14:07:23,36606,40192,91.1,179.83,50,28.7,106161,515804,20.6,22.23
2026-08-29T14:07:27,36606,40192,91.1,178.77,50,8.8,100939,515804,19.6,21.81
2026-08-29T14:07:30,36606,40192,91.1,181.17,50,9.6,97133,515804,18.8,21.81
2026-08-29T14:07:34,36606,40192,91.1,176.38,50,8.7,103428,515804,20.1,20.87
2026-08-29T14:07:37,36606,40192,91.1,177.72,50,9.0,101179,515804,19.6,20.08
2026-08-29T14:07:41,36606,40192,91.1,77.97,48,41.8,107303,515804,20.8,19.75
2026-08-29T14:07:46,36606,40192,91.1,181.14,50,8.4,108458,515804,21.0,19.75
2026-08-29T14:07:49,36606,40192,91.1,176.34,50,24.8,123281,515804,23.9,19.05
2026-08-29T14:07:53,36606,40192,91.1,179.80,50,8.6,124879,515804,24.2,18.48
2026-08-29T14:07:56,36606,40192,91.1,173.90,50,17.0,119818,515804,23.2,18.48
2026-08-29T14:08:00,36606,40192,91.1,180.32,50,9.2,118916,515804,23.1,17.80
2026-08-29T14:08:03,36606,40192,91.1,181.38,50,9.6,114139,515804,22.1,17.26
2026-08-29T14:08:07,36606,40192,91.1,98.04,50,8.6,119747,515804,23.2,16.84
2026-08-29T14:08:10,36606,40192,91.1,178.01,50,9.0,125061,515804,24.2,16.84
2026-08-29T14:08:13,36606,40192,91.1,176.67,50,45.5,109445,515804,21.2,26.54
2026-08-29T14:08:17,36606,40192,91.1,179.06,50,8.7,105226,515804,20.4,25.38
2026-08-29T14:08:20,36606,40192,91.1,179.83,50,9.6,97033,515804,18.8,25.38
2026-08-29T14:08:24,36606,40192,91.1,182.72,50,9.5,103998,515804,20.2,24.54
2026-08-29T14:08:27,36606,40192,91.1,176.06,50,10.0,114129,515804,22.1,24.10
2026-08-29T14:08:31,36606,40192,91.1,178.77,50,40.2,93702,515804,18.2,24.10
2026-08-29T14:08:34,36606,40192,91.1,176.88,50,28.0,111175,515804,21.6,33.46
2026-08-29T14:08:38,36606,40192,91.1,179.06,50,10.6,110318,515804,21.4,31.90
2026-08-29T14:08:41,36606,40192,91.1,181.67,50,27.5,126204,515804,24.5,31.90
2026-08-29T14:08:45,36606,40192,91.1,176.58,50,10.0,122759,515804,23.8,30.47
2026-08-29T14:08:48,36606,40192,91.1,173.90,50,17.4,117921,515804,22.9,29.23
2026-08-29T14:08:52,36606,40192,91.1,176.14,50,8.7,116990,515804,22.7,29.23
2026-08-29T14:08:55,36606,40192,91.1,178.22,50,9.5,112759,515804,21.9,27.69
2026-08-29T14:08:58,36606,40192,91.1,180.93,50,8.9,118780,515804,23.0,26.27
2026-08-29T14:09:02,36606,40192,91.1,174.48,50,9.1,119651,515804,23.2,25.13
2026-08-29T14:09:05,36606,40192,91.1,180.40,50,43.1,106911,515804,20.7,25.13
2026-08-29T14:09:09,36606,40192,91.1,177.93,51,9.2,103627,515804,20.1,24.16
2026-08-29T14:09:12,36606,40192,91.1,179.51,50,9.4,97614,515804,18.9,23.34
2026-08-29T14:09:15,36606,40192,91.1,178.98,50,8.5,102654,515804,19.9,23.34
2026-08-29T14:09:19,36606,40192,91.1,174.71,50,9.7,110832,515804,21.5,22.36
2026-08-29T14:09:22,36606,40192,91.1,176.06,50,38.7,97974,515804,19.0,31.86
2026-08-29T14:09:26,36606,40192,91.1,88.44,48,27.8,108579,515804,21.1,31.86
2026-08-29T14:09:29,36606,40192,91.1,176.88,50,8.8,110467,515804,21.4,30.11
2026-08-29T14:09:33,36606,40192,91.1,175.24,50,25.5,124811,515804,24.2,28.50
2026-08-29T14:09:36,36606,40192,91.1,178.74,50,9.1,126152,515804,24.5,28.50
2026-08-29T14:09:40,36606,40192,91.1,180.11,50,17.5,120665,515804,23.4,27.01
2026-08-29T14:09:43,36606,40192,91.1,180.86,50,9.5,120214,515804,23.3,26.05
2026-08-29T14:09:47,36606,40192,91.1,183.04,51,10.5,115181,515804,22.3,25.17
2026-08-29T14:09:50,36606,40192,91.1,75.58,48,8.6,120779,515804,23.4,25.17
2026-08-29T14:09:54,36606,40192,91.1,181.99,50,10.0,125642,515804,24.4,24.19
2026-08-29T14:09:57,36606,40192,91.1,175.57,50,46.0,111065,515804,21.5,23.54
2026-08-29T14:10:01,36606,40192,91.1,180.11,50,11.3,106290,515804,20.6,23.54
2026-08-29T14:10:04,36606,40192,91.1,84.40,49,11.3,94588,515804,18.3,22.77
2026-08-29T14:10:07,36606,40192,91.1,181.99,50,8.8,100734,515804,19.5,22.07
2026-08-29T14:10:11,36606,40192,91.1,179.06,50,9.2,108424,515804,21.0,22.07
2026-08-29T14:10:14,36606,40192,91.1,94.29,47,38.8,97741,515804,18.9,21.26
2026-08-29T14:10:17,36606,40192,91.1,179.06,50,27.0,106997,515804,20.7,20.44
2026-08-29T14:10:21,36606,40192,91.1,182.49,51,8.9,108416,515804,21.0,20.44
2026-08-29T14:10:24,36606,40192,91.1,179.51,50,25.5,123080,515804,23.9,19.68
2026-08-29T14:10:28,36606,40192,91.1,181.17,50,8.7,124669,515804,24.2,18.99
2026-08-29T14:10:31,36606,40192,91.1,181.17,50,16.3,119091,515804,23.1,18.99
2026-08-29T14:10:35,36606,40192,91.1,180.04,50,9.3,120452,515804,23.4,18.35
2026-08-29T14:10:38,36606,40192,91.1,75.58,49,9.8,113344,515804,22.0,17.76
2026-08-29T14:10:41,36606,40192,91.1,182.27,50,8.9,118653,515804,23.0,17.76
2026-08-29T14:10:45,36606,40192,91.1,182.72,50,9.3,128563,515804,24.9,17.22
2026-08-29T14:10:48,36606,40192,91.1,177.64,50,41.5,111938,515804,21.7,26.97
2026-08-29T14:10:52,36606,40192,91.1,176.14,50,8.8,105357,515804,20.4,26.09
2026-08-29T14:10:55,36606,40192,91.1,172.84,50,10.5,97013,515804,18.8,26.09
2026-08-29T14:10:59,36606,40192,91.1,178.74,50,8.4,104103,515804,20.2,24.96
2026-08-29T14:11:02,36606,40192,91.1,173.69,50,10.2,112881,515804,21.9,24.25
2026-08-29T14:11:06,36606,40192,91.1,175.57,50,35.7,95024,515804,18.4,24.25
2026-08-29T14:11:09,36606,40192,91.1,173.66,51,28.8,110462,515804,21.4,33.67
2026-08-29T14:11:13,36606,40192,91.1,102.06,48,9.6,110987,515804,21.5,32.18
2026-08-29T14:11:16,36606,40192,91.1,174.71,50,25.5,125941,515804,24.4,32.18
2026-08-29T14:11:19,36606,40192,91.1,176.38,50,11.3,127273,515804,24.7,30.80
2026-08-29T14:11:23,36606,40192,91.1,177.43,50,19.9,121609,515804,23.6,30.10
2026-08-29T14:11:26,36606,40192,91.1,179.51,51,9.6,116815,515804,22.6,30.10
2026-08-29T14:11:30,36606,40192,91.1,179.27,50,10.0,111799,515804,21.7,28.49
2026-08-29T14:11:33,36606,40192,91.1,180.93,50,8.7,117530,515804,22.8,27.09
2026-08-29T14:11:37,36606,40192,91.1,178.22,50,9.2,125090,515804,24.3,27.09
2026-08-29T14:11:40,36606,40192,91.1,177.19,50,40.5,109103,515804,21.2,25.80
2026-08-29T14:11:43,36606,40192,91.1,88.96,48,8.7,103369,515804,20.0,24.69
2026-08-29T14:11:47,36606,40192,91.1,182.80,50,9.6,95664,515804,18.5,23.68
2026-08-29T14:11:50,36606,40192,91.1,180.93,50,8.6,102330,515804,19.8,23.68
2026-08-29T14:11:54,36606,40192,91.1,178.01,50,9.1,110545,515804,21.4,22.66
2026-08-29T14:11:57,36606,40192,91.1,178.46,50,35.2,96964,515804,18.8,21.81
2026-08-29T14:12:01,36606,40192,91.1,178.22,51,28.2,108497,515804,21.0,21.81
2026-08-29T14:12:04,36606,40192,91.1,180.32,51,8.7,110217,515804,21.4,20.94
2026-08-29T14:12:07,36606,40192,91.1,180.04,50,24.7,124566,515804,24.1,20.39
2026-08-29T14:12:11,36606,40192,91.1,180.11,50,8.5,126128,515804,24.5,20.39
2026-08-29T14:12:14,36606,40192,91.1,176.58,50,18.3,120692,515804,23.4,19.63
2026-08-29T14:12:18,36606,40192,91.1,181.99,51,8.7,120039,515804,23.3,19.26
2026-08-29T14:12:21,36606,40192,91.1,179.59,50,9.4,115504,515804,22.4,19.26
2026-08-29T14:12:25,36606,40192,91.1,177.11,50,9.6,120920,515804,23.4,18.84
2026-08-29T14:12:28,36606,40192,91.1,175.32,50,10.2,125663,515804,24.4,18.53
2026-08-29T14:12:31,36606,40192,91.1,181.70,50,42.0,109762,515804,21.3,18.53
2026-08-29T14:12:35,36606,40192,91.1,179.51,51,9.6,106316,515804,20.6,18.25
2026-08-29T14:12:38,36606,40192,91.1,181.91,51,12.0,97861,515804,19.0,17.99
2026-08-29T14:12:42,36606,40192,91.1,177.64,50,11.1,104769,515804,20.3,17.99
2026-08-29T14:12:45,36606,40192,91.1,179.83,50,11.0,108709,515804,21.1,17.67
2026-08-29T14:12:48,36606,40192,91.1,182.20,50,36.4,91621,515804,17.8,27.47
2026-08-29T14:12:52,36606,40192,91.1,180.32,51,28.0,107032,515804,20.8,26.31
2026-08-29T14:12:55,36606,40192,91.1,178.25,51,8.6,107887,515804,20.9,26.31
2026-08-29T14:12:59,36606,40192,91.1,104.46,48,25.5,122760,515804,23.8,35.33
2026-08-29T14:13:02,36606,40192,91.1,181.17,50,9.0,124167,515804,24.1,33.38
2026-08-29T14:13:06,36606,40192,91.1,180.93,50,17.2,119301,515804,23.1,33.38
2026-08-29T14:13:09,36606,40192,91.1,176.58,50,8.4,118424,515804,23.0,31.59
2026-08-29T14:13:12,36606,40192,91.1,180.93,50,9.5,114027,515804,22.1,30.18
2026-08-29T14:13:16,36606,40192,91.1,181.14,50,8.6,119744,515804,23.2,30.18
2026-08-29T14:13:19,36606,40192,91.1,182.27,50,9.8,123851,515804,24.0,28.81
2026-08-29T14:13:23,36606,40192,91.1,175.57,50,43.2,108526,515804,21.0,37.63
2026-08-29T14:13:26,36606,40192,91.1,182.51,51,8.7,104955,515804,20.3,37.63
2026-08-29T14:13:29,36606,40192,91.1,182.49,51,9.6,96993,515804,18.8,35.50
2026-08-29T14:13:33,36606,40192,91.1,179.27,50,8.7,103995,515804,20.2,33.62
2026-08-29T14:13:36,36606,40192,91.1,179.59,50,9.8,111053,515804,21.5,33.62
2026-08-29T14:13:40,36606,40192,91.1,181.99,50,37.1,100383,515804,19.5,31.80
2026-08-29T14:13:43,36606,40192,91.1,174.27,51,27.8,109924,515804,21.3,30.06
2026-08-29T14:13:47,36606,40192,91.1,175.77,51,9.3,111301,515804,21.6,30.06
2026-08-29T14:13:50,36606,40192,91.1,93.47,48,26.5,125839,515804,24.4,28.53
2026-08-29T14:13:53,36606,40192,91.1,177.11,50,9.7,127215,515804,24.7,27.37
2026-08-29T14:13:57,36606,40192,91.1,180.11,50,17.4,121403,515804,23.5,36.31
2026-08-29T14:14:00,36606,40192,91.1,182.27,51,11.9,122123,515804,23.7,36.31
2026-08-29T14:14:04,36606,40192,91.1,97.22,49,12.0,115153,515804,22.3,34.60
2026-08-29T14:14:07,36606,40192,91.1,177.11,50,8.8,117046,515804,22.7,32.79
2026-08-29T14:14:11,36606,40192,91.1,176.88,50,27.6,115637,515804,22.4,41.78
2026-08-29T14:14:17,36606,40192,91.1,174.48,50,14.3,104011,515804,20.2,41.78
2026-08-29T14:14:20,36606,40192,91.1,177.11,51,9.7,102913,515804,20.0,39.31
2026-08-29T14:14:24,36606,40192,91.1,181.14,50,8.9,100212,515804,19.4,37.12
2026-08-29T14:14:27,36606,40192,91.1,177.64,50,8.8,106434,515804,20.6,35.11
2026-08-29T14:14:30,36606,40192,91.1,147.74,50,15.9,103628,515804,20.1,35.11
2026-08-29T14:14:34,36606,40192,91.1,176.06,50,48.8,114082,515804,22.1,33.26
2026-08-29T14:14:37,36606,40192,91.1,184.36,51,9.2,111388,515804,21.6,31.48
2026-08-29T14:14:41,36606,40192,91.1,176.88,50,21.7,124377,515804,24.1,31.48
2026-08-29T14:14:45,36606,40192,91.1,179.06,50,8.7,125870,515804,24.4,29.84
2026-08-29T14:14:49,36606,40192,91.1,178.25,51,16.7,120344,515804,23.3,28.41
2026-08-29T14:14:52,36606,40192,91.1,79.08,48,9.6,121497,515804,23.6,27.10
2026-08-29T14:14:56,36606,40192,91.1,183.78,50,9.6,118085,515804,22.9,26.13
2026-08-29T14:15:01,36606,40192,91.1,178.53,50,8.9,124993,515804,24.2,26.13
2026-08-29T14:15:04,36606,40192,91.1,131.19,50,34.6,119495,515804,23.2,25.24
2026-08-29T14:15:08,36606,40192,91.1,103.24,49,15.4,106194,515804,20.6,24.58
2026-08-29T14:15:12,36606,40192,91.1,178.25,51,9.2,105355,515804,20.4,24.58
2026-08-29T14:15:15,36606,40192,91.1,181.91,50,10.3,101972,515804,19.8,23.81
2026-08-29T14:15:19,36606,40192,91.1,177.40,50,11.4,107673,515804,20.9,23.10
2026-08-29T14:15:22,36606,40192,91.1,180.86,50,11.8,104925,515804,20.3,22.45
2026-08-29T14:15:25,36606,40192,91.1,179.27,51,44.2,106099,515804,20.6,22.45
2026-08-29T14:15:30,36606,40192,91.1,181.17,51,9.2,107826,515804,20.9,21.78
2026-08-29T14:15:34,36606,40192,91.1,182.49,51,24.6,122656,515804,23.8,20.99
2026-08-29T14:15:37,36606,40192,91.1,176.14,51,8.6,124131,515804,24.1,20.19
2026-08-29T14:15:41,36606,40192,91.1,180.04,50,14.4,119126,515804,23.1,19.86
2026-08-29T14:15:46,36606,40192,91.1,181.67,51,9.5,118899,515804,23.1,19.86
2026-08-29T14:15:49,36606,40192,91.1,178.22,51,9.0,116270,515804,22.5,19.23
2026-08-29T14:15:53,36606,40192,91.1,174.71,50,8.8,123142,515804,23.9,18.81
2026-08-29T14:15:56,36606,40192,91.1,183.02,50,32.8,117084,515804,22.7,18.81
2026-08-29T14:16:00,36606,40192,91.1,176.34,51,14.7,104686,515804,20.3,18.18
2026-08-29T14:16:04,36606,40192,91.1,173.17,50,9.1,103391,515804,20.0,17.61
2026-08-29T14:16:07,36606,40192,91.1,181.46,51,8.9,100704,515804,19.5,17.16
2026-08-29T14:16:11,36606,40192,91.1,180.32,50,9.0,110509,515804,21.4,17.16
2026-08-29T14:16:15,36606,40192,91.1,88.44,48,37.7,100378,515804,19.5,16.66
2026-08-29T14:16:19,36606,40192,91.1,174.51,51,27.5,109602,515804,21.2,16.37
2026-08-29T14:16:22,36606,40192,91.1,179.30,51,8.8,111440,515804,21.6,16.10
2026-08-29T14:16:26,36606,40192,91.1,180.93,51,20.4,127044,515804,24.6,16.09
2026-08-29T14:16:31,36606,40192,91.1,167.84,50,12.9,130910,515804,25.4,16.09
2026-08-29T14:16:35,36606,40192,91.1,183.54,51,14.7,122232,515804,23.7,16.25
2026-08-29T14:16:38,36606,40192,91.1,171.78,51,11.1,120369,515804,23.3,16.23
2026-08-29T14:16:41,36606,40192,91.1,180.04,50,11.2,120038,515804,23.3,16.23
2026-08-29T14:16:45,36606,40192,91.1,182.80,50,11.6,126990,515804,24.6,16.21
2026-08-29T14:16:48,36606,40192,91.1,174.71,50,36.9,115419,515804,22.4,15.87
2026-08-29T14:16:52,36606,40192,91.1,183.26,51,14.6,102708,515804,19.9,15.80
2026-08-29T14:16:56,36606,40192,91.1,182.49,50,9.2,101650,515804,19.7,15.80
2026-08-29T14:16:59,36606,40192,91.1,180.86,51,8.8,98802,515804,19.2,15.50
2026-08-29T14:17:02,36606,40192,91.1,180.11,50,9.1,104479,515804,20.3,15.22
2026-08-29T14:17:06,36606,40192,91.1,177.19,50,9.0,102328,515804,19.8,15.22
2026-08-29T14:17:09,36606,40192,91.1,178.25,50,59.0,116951,515804,22.7,25.53
2026-08-29T14:17:13,36606,40192,91.1,180.86,51,8.7,109411,515804,21.2,24.36
2026-08-29T14:17:16,36606,40192,91.1,180.04,50,12.1,114488,515804,22.2,24.36
2026-08-29T14:17:20,36606,40192,91.1,180.11,50,22.0,125716,515804,24.4,23.45
2026-08-29T14:17:23,36606,40192,91.1,181.14,50,9.2,124658,515804,24.2,22.70
2026-08-29T14:17:26,36606,40192,91.1,180.64,51,17.0,120785,515804,23.4,22.70
2026-08-29T14:17:30,36606,40192,91.1,180.11,51,9.4,119734,515804,23.2,21.84
2026-08-29T14:17:33,36606,40192,91.1,181.46,50,8.9,117669,515804,22.8,20.97
2026-08-29T14:17:37,36606,40192,91.1,176.67,50,9.6,123925,515804,24.0,20.97
2026-08-29T14:17:40,36606,40192,91.1,164.64,50,30.7,119915,515804,23.2,20.33
2026-08-29T14:17:44,36606,40192,91.1,176.91,51,19.9,106113,515804,20.6,19.59
2026-08-29T14:17:48,36606,40192,91.1,180.86,51,9.3,105055,515804,20.4,19.22
2026-08-29T14:17:51,36606,40192,91.1,179.06,50,10.5,101764,515804,19.7,19.22
2026-08-29T14:17:55,36606,40192,91.1,179.83,50,9.6,108260,515804,21.0,18.64
2026-08-29T14:17:58,36606,40192,91.1,147.81,49,32.2,104658,515804,20.3,18.51
2026-08-29T14:18:02,36606,40192,91.1,88.15,48,31.5,110550,515804,21.4,18.39
2026-08-29T14:18:06,36606,40192,91.1,179.30,51,11.3,111888,515804,21.7,18.39
2026-08-29T14:18:09,36606,40192,91.1,179.51,50,25.4,122300,515804,23.7,18.04
2026-08-29T14:18:13,36606,40192,91.1,176.06,50,8.6,123676,515804,24.0,17.47
2026-08-29T14:18:16,36606,40192,91.1,178.46,51,15.0,119226,515804,23.1,17.47
2026-08-29T14:18:19,36606,40192,91.1,173.98,51,10.6,119071,515804,23.1,17.35
2026-08-29T14:18:23,36606,40192,91.1,176.06,51,9.9,111361,515804,21.6,17.01
2026-08-29T14:18:26,36606,40192,91.1,179.30,50,8.4,117836,515804,22.8,17.01
2026-08-29T14:18:30,36606,40192,91.1,176.34,50,9.3,127562,515804,24.7,16.76
2026-08-29T14:18:33,36606,40192,91.1,176.06,50,37.3,108118,515804,21.0,20.79
2026-08-29T14:18:37,36606,40192,91.1,176.88,51,14.6,104491,515804,20.3,20.79
2026-08-29T14:18:40,36606,40192,91.1,181.99,50,9.3,103369,515804,20.0,20.24
2026-08-29T14:18:43,36606,40192,91.1,183.33,50,9.3,101907,515804,19.8,19.58
2026-08-29T14:18:47,36606,40192,91.1,182.72,50,8.9,109397,515804,21.2,19.58
2026-08-29T14:18:50,36606,40192,91.1,74.32,48,39.0,103019,515804,20.0,19.06
2026-08-29T14:18:54,36606,40192,91.1,181.99,51,27.9,109355,515804,21.2,28.66
2026-08-29T14:18:57,36606,40192,91.1,179.06,50,9.6,110692,515804,21.5,27.33
2026-08-29T14:19:01,36606,40192,91.1,178.25,50,25.5,125320,515804,24.3,27.33
2026-08-29T14:19:04,36606,40192,91.1,178.25,50,8.9,126890,515804,24.6,26.10
2026-08-29T14:19:08,36606,40192,91.1,79.60,50,17.4,120955,515804,23.4,25.37
2026-08-29T14:19:11,36606,40192,91.1,175.77,50,10.1,122224,515804,23.7,25.37
2026-08-29T14:19:14,36606,40192,91.1,179.27,51,10.6,114621,515804,22.2,24.38
2026-08-29T14:19:18,36606,40192,91.1,176.88,51,9.4,120662,515804,23.4,23.87
2026-08-29T14:19:21,36606,40192,91.1,179.59,50,11.8,129891,515804,25.2,23.87
2026-08-29T14:19:25,36606,40192,91.1,179.30,50,44.6,112917,515804,21.9,22.84
2026-08-29T14:19:28,36606,40192,91.1,177.11,51,10.2,101974,515804,19.8,22.05
2026-08-29T14:19:32,36606,40192,91.1,181.38,50,9.8,94981,515804,18.4,22.05
2026-08-29T14:19:35,36606,40192,91.1,181.38,50,8.7,101227,515804,19.6,21.16
2026-08-29T14:19:39,36606,40192,91.1,182.72,50,9.0,109602,515804,21.2,20.43
2026-08-29T14:19:42,36606,40192,91.1,171.26,49,38.3,96256,515804,18.7,20.43
2026-08-29T14:19:46,36606,40192,91.1,181.38,51,27.3,107621,515804,20.9,19.91
2026-08-29T14:19:49,36606,40192,91.1,179.80,51,8.4,108661,515804,21.1,19.28
2026-08-29T14:19:53,36606,40192,91.1,178.98,50,25.5,123637,515804,24.0,18.62
2026-08-29T14:19:56,36606,40192,91.1,177.40,50,8.6,125270,515804,24.3,18.62
2026-08-29T14:19:59,36606,40192,91.1,183.78,50,17.4,119772,515804,23.2,18.09
2026-08-29T14:20:03,36606,40192,91.1,84.93,48,9.2,119998,515804,23.3,17.84
2026-08-29T14:20:06,36606,40192,91.1,181.46,51,9.4,113699,515804,22.0,17.84
2026-08-29T14:20:10,36606,40192,91.1,180.40,50,8.5,119259,515804,23.1,17.45
2026-08-29T14:20:13,36606,40192,91.1,182.27,50,9.2,127932,515804,24.8,17.01
2026-08-29T14:20:16,36606,40192,91.1,176.38,50,42.0,113680,515804,22.0,17.01
2026-08-29T14:20:20,36606,40192,91.1,181.91,50,13.1,105566,515804,20.5,16.93
2026-08-29T14:20:23,36606,40192,91.1,179.80,51,9.3,105594,515804,20.5,16.38
2026-08-29T14:20:27,36606,40192,91.1,181.46,50,9.7,102582,515804,19.9,16.38
2026-08-29T14:20:30,36606,40192,91.1,179.06,50,9.6,109667,515804,21.3,15.87
2026-08-29T14:20:34,36606,40192,91.1,175.85,50,35.6,102663,515804,19.9,15.48
2026-08-29T14:20:38,36606,40192,91.1,87.62,48,28.7,110301,515804,21.4,15.20
2026-08-29T14:20:41,36606,40192,91.1,177.93,51,10.2,111712,515804,21.7,15.20
2026-08-29T14:20:44,36606,40192,91.1,182.51,50,28.0,126338,515804,24.5,15.10
2026-08-29T14:20:48,36606,40192,91.1,178.77,50,10.9,124060,515804,24.1,15.01
2026-08-29T14:20:51,36606,40192,91.1,101.78,49,15.4,120791,515804,23.4,15.01
2026-08-29T14:20:55,36606,40192,91.1,182.27,51,10.9,118480,515804,23.0,14.77
2026-08-29T14:20:58,36606,40192,91.1,179.51,51,9.7,110243,515804,21.4,14.47
2026-08-29T14:21:01,36606,40192,91.1,177.40,51,8.5,117546,515804,22.8,14.47
2026-08-29T14:21:05,36606,40192,91.1,173.98,50,9.4,126380,515804,24.5,14.19
2026-08-29T14:21:08,36606,40192,91.1,180.40,50,40.0,110511,515804,21.4,24.83
2026-08-29T14:21:12,36606,40192,91.1,182.20,51,15.3,103919,515804,20.1,24.83
2026-08-29T14:21:15,36606,40192,91.1,179.80,51,9.5,102911,515804,20.0,23.72
2026-08-29T14:21:19,36606,40192,91.1,182.80,50,8.9,100272,515804,19.4,22.86
2026-08-29T14:21:22,36606,40192,91.1,181.17,50,9.0,107037,515804,20.8,22.86
2026-08-29T14:21:26,36606,40192,91.1,145.71,49,31.6,103078,515804,20.0,22.23
2026-08-29T14:21:30,36606,40192,91.1,179.30,51,30.5,109007,515804,21.1,21.33
2026-08-29T14:21:33,36606,40192,91.1,180.11,51,8.8,110557,515804,21.4,20.50
2026-08-29T14:21:36,36606,40192,91.1,181.91,50,25.6,126116,515804,24.5,20.50
2026-08-29T14:21:40,36606,40192,91.1,86.56,48,9.3,126598,515804,24.5,20.14
2026-08-29T14:21:43,36606,40192,91.1,181.91,50,15.6,122380,515804,23.7,24.62
2026-08-29T14:21:47,36606,40192,91.1,180.32,51,11.3,121685,515804,23.6,24.62
2026-08-29T14:21:50,36606,40192,91.1,183.26,51,10.0,114055,515804,22.1,23.45
2026-08-29T14:21:54,36606,40192,91.1,182.27,50,9.1,120560,515804,23.4,22.53
2026-08-29T14:21:57,36606,40192,91.1,173.13,50,10.4,130418,515804,25.3,21.77
2026-08-29T14:22:01,36606,40192,91.1,176.58,50,42.5,115487,515804,22.4,21.77
2026-08-29T14:22:04,36606,40192,91.1,179.80,51,11.5,106587,515804,20.7,21.30
2026-08-29T14:22:08,36606,40192,91.1,180.62,51,11.7,98520,515804,19.1,20.64
2026-08-29T14:22:11,36606,40192,91.1,177.64,50,8.9,101536,515804,19.7,20.19
2026-08-29T14:22:16,36606,40192,91.1,175.24,50,9.1,108249,515804,21.0,20.19
2026-08-29T14:22:19,36606,40192,91.1,177.72,50,48.2,111242,515804,21.6,29.70
2026-08-29T14:22:23,36606,40192,91.1,182.20,51,13.5,108625,515804,21.1,28.20
2026-08-29T14:22:26,36606,40192,91.1,168.66,50,11.6,112696,515804,21.8,28.20
2026-08-29T14:22:30,36606,40192,91.1,180.86,50,22.3,124793,515804,24.2,26.83
2026-08-29T14:22:33,36606,40192,91.1,180.11,50,8.6,123992,515804,24.0,25.72
2026-08-29T14:22:37,36606,40192,91.1,101.49,49,17.7,120216,515804,23.3,25.72
2026-08-29T14:22:40,36606,40192,91.1,178.98,51,9.3,112350,515804,21.8,24.54
2026-08-29T14:22:45,36606,40192,91.1,181.70,50,9.1,118998,515804,23.1,23.70
2026-08-29T14:22:48,36606,40192,91.1,176.91,50,9.2,127885,515804,24.8,22.68
2026-08-29T14:22:52,36606,40192,91.1,178.01,50,38.4,113113,515804,21.9,22.68
2026-08-29T14:22:55,36606,40192,91.1,181.38,51,12.7,104351,515804,20.2,21.12
2026-08-29T14:23:01,36606,40192,91.1,175.57,50,9.7,99620,515804,19.3,21.12
2026-08-29T14:23:04,36606,40192,91.1,179.59,50,8.7,105449,515804,20.4,20.39
2026-08-29T14:23:08,36606,40192,91.1,180.64,50,10.2,111378,515804,21.6,19.71
2026-08-29T14:23:11,36606,40192,91.1,175.24,50,50.8,112123,515804,21.7,19.71
2026-08-29T14:23:15,36606,40192,91.1,180.32,51,14.6,111660,515804,21.6,19.10
2026-08-29T14:23:18,36606,40192,91.1,173.13,50,9.2,110623,515804,21.4,18.45
2026-08-29T14:23:22,36606,40192,91.1,181.17,50,27.6,127391,515804,24.7,18.45
2026-08-29T14:23:25,36606,40192,91.1,181.99,50,11.3,126400,515804,24.5,18.09
2026-08-29T14:23:29,36606,40192,91.1,180.86,50,19.2,117955,515804,22.9,17.60
2026-08-29T14:23:32,36606,40192,91.1,174.79,51,8.7,117355,515804,22.8,17.60
2026-08-29T14:23:35,36606,40192,91.1,180.32,50,9.6,114011,515804,22.1,17.07
2026-08-29T14:23:39,36606,40192,91.1,178.53,50,8.7,120032,515804,23.3,17.07
2026-08-29T14:23:42,36606,40192,91.1,165.45,49,30.1,117481,515804,22.8,26.99
2026-08-29T14:23:47,36606,40192,91.1,173.90,51,16.9,103619,515804,20.1,26.99
2026-08-29T14:23:50,36606,40192,91.1,178.22,50,8.5,102766,515804,19.9,25.63
2026-08-29T14:23:53,36606,40192,91.1,181.17,50,9.7,98857,515804,19.2,24.62
2026-08-29T14:23:57,36606,40192,91.1,178.77,50,8.8,105002,515804,20.4,24.62
2026-08-29T14:24:00,36606,40192,91.1,173.90,49,9.0,105870,515804,20.5,23.53
2026-08-29T14:24:04,36606,40192,91.1,154.70,50,56.1,117684,515804,22.8,22.77
2026-08-29T14:24:07,36606,40192,91.1,174.71,51,8.6,110152,515804,21.4,22.77
2026-08-29T14:24:11,36606,40192,91.1,178.98,50,20.3,124935,515804,24.2,21.82
2026-08-29T14:24:15,36606,40192,91.1,180.64,50,8.5,126514,515804,24.5,20.88
2026-08-29T14:24:19,36606,40192,91.1,173.17,50,16.6,120863,515804,23.4,20.16
2026-08-29T14:24:22,36606,40192,91.1,174.79,51,10.0,121751,515804,23.6,20.16
2026-08-29T14:24:26,36606,40192,91.1,93.24,47,9.6,118400,515804,23.0,19.15
2026-08-29T14:24:31,36606,40192,91.1,179.51,50,10.2,125252,515804,24.3,19.15
2026-08-29T14:24:34,36606,40192,91.1,134.64,50,35.9,119900,515804,23.2,18.66
2026-08-29T14:24:38,36606,40192,91.1,178.46,50,15.0,106524,515804,20.7,17.96
2026-08-29T14:24:42,36606,40192,91.1,177.93,50,11.3,105483,515804,20.5,17.96
2026-08-29T14:24:45,36606,40192,91.1,178.22,50,12.8,102034,515804,19.8,17.49
2026-08-29T14:24:49,36606,40192,91.1,182.72,50,9.9,103497,515804,20.1,16.97
2026-08-29T14:24:52,36606,40192,91.1,180.64,50,9.2,101635,515804,19.7,16.97
2026-08-29T14:24:55,36606,40192,91.1,178.98,50,55.7,113703,515804,22.0,26.58
2026-08-29T14:24:59,36606,40192,91.1,174.51,51,8.7,108375,515804,21.0,25.41
2026-08-29T14:25:03,36606,40192,91.1,170.53,50,24.5,132476,515804,25.7,34.35
2026-08-29T14:25:06,36606,40192,91.1,182.27,50,9.1,124775,515804,24.2,34.35
2026-08-29T14:25:10,36606,40192,91.1,167.32,50,15.3,128638,515804,24.9,32.64
2026-08-29T14:25:13,36606,40192,91.1,181.67,50,10.3,120571,515804,23.4,30.82
2026-08-29T14:25:17,36606,40192,91.1,181.91,50,9.4,116280,515804,22.5,30.82
2026-08-29T14:25:20,36606,40192,91.1,181.91,50,8.6,119829,515804,23.2,29.24
2026-08-29T14:25:24,36606,40192,91.1,180.86,50,9.7,126895,515804,24.6,27.78
2026-08-29T14:25:27,36606,40192,91.1,177.43,50,35.8,115916,515804,22.5,27.78
2026-08-29T14:25:31,36606,40192,91.1,175.85,50,14.5,106581,515804,20.7,26.43
2026-08-29T14:25:34,36606,40192,91.1,174.48,50,9.3,106163,515804,20.6,25.36
2026-08-29T14:25:38,36606,40192,91.1,176.14,50,9.6,103561,515804,20.1,24.29
2026-08-29T14:25:41,36606,40192,91.1,175.77,50,8.9,110553,515804,21.4,24.29
2026-08-29T14:25:44,36606,40192,91.1,148.34,49,33.7,103899,515804,20.1,23.30
2026-08-29T14:25:48,36606,40192,91.1,181.99,51,28.7,110194,515804,21.4,22.40
2026-08-29T14:25:52,36606,40192,91.1,181.67,51,9.7,111620,515804,21.6,22.40
2026-08-29T14:25:55,36606,40192,91.1,179.83,50,26.3,127199,515804,24.7,21.56
2026-08-29T14:25:59,36606,40192,91.1,176.91,50,9.6,127593,515804,24.7,20.72
2026-08-29T14:26:02,36606,40192,91.1,183.56,50,18.1,124709,515804,24.2,20.72
2026-08-29T14:26:05,36606,40192,91.1,180.11,51,12.6,122472,515804,23.7,20.82
2026-08-29T14:26:09,36606,40192,91.1,176.91,51,9.9,110151,515804,21.4,20.52
2026-08-29T14:26:12,36606,40192,91.1,88.68,48,8.6,117021,515804,22.7,20.52
2026-08-29T14:26:16,36606,40192,91.1,182.49,50,9.1,125599,515804,24.4,19.75
2026-08-29T14:26:19,36606,40192,91.1,182.49,50,37.9,111419,515804,21.6,19.13
2026-08-29T14:26:23,36606,40192,91.1,180.40,51,14.9,103411,515804,20.0,18.48
2026-08-29T14:26:26,36606,40192,91.1,180.93,50,9.4,102854,515804,19.9,18.48
2026-08-29T14:26:29,36606,40192,91.1,181.99,50,8.9,100519,515804,19.5,17.88
2026-08-29T14:26:33,36606,40192,91.1,181.17,50,9.0,107074,515804,20.8,17.33
2026-08-29T14:26:36,36606,40192,91.1,167.03,50,32.7,102643,515804,19.9,17.33
2026-08-29T14:26:40,36606,40192,91.1,181.14,50,28.0,108828,515804,21.1,16.90
2026-08-29T14:26:44,36606,40192,91.1,178.25,51,9.3,110137,515804,21.4,16.43
2026-08-29T14:26:47,36606,40192,91.1,180.40,50,25.5,126167,515804,24.5,16.43
2026-08-29T14:26:50,36606,40192,91.1,180.86,50,8.8,126245,515804,24.5,16.07
2026-08-29T14:26:54,36606,40192,91.1,180.40,50,23.7,124649,515804,24.2,15.59
2026-08-29T14:26:57,36606,40192,91.1,178.22,51,18.0,121384,515804,23.5,15.59
2026-08-29T14:27:01,36606,40192,91.1,180.04,50,9.6,113580,515804,22.0,15.22
2026-08-29T14:27:04,36606,40192,91.1,180.64,50,8.7,120301,515804,23.3,14.96
2026-08-29T14:27:08,36606,40192,91.1,178.98,50,10.1,128555,515804,24.9,14.80
2026-08-29T14:27:11,36606,40192,91.1,177.11,50,40.3,114876,515804,22.3,14.80
2026-08-29T14:27:14,36606,40192,91.1,177.40,51,14.9,106462,515804,20.6,14.58
2026-08-29T14:27:18,36606,40192,91.1,176.58,50,10.4,106027,515804,20.6,14.53
2026-08-29T14:27:21,36606,40192,91.1,183.78,50,11.3,103315,515804,20.0,14.53
2026-08-29T14:27:25,36606,40192,91.1,168.28,50,11.4,110072,515804,21.3,14.57
2026-08-29T14:27:28,36606,40192,91.1,165.64,50,35.7,100686,515804,19.5,14.36
2026-08-29T14:27:32,36606,40192,91.1,81.48,50,28.3,106414,515804,20.6,14.36
2026-08-29T14:27:36,36606,40192,91.1,178.77,50,8.7,107968,515804,20.9,14.18
2026-08-29T14:27:39,36606,40192,91.1,178.46,50,25.7,125780,515804,24.4,14.00
2026-08-29T14:27:42,36606,40192,91.1,176.58,50,9.1,124160,515804,24.1,14.00
2026-08-29T14:27:46,36606,40192,91.1,176.88,50,15.2,122101,515804,23.7,13.68
2026-08-29T14:27:49,36606,40192,91.1,175.77,51,10.9,119484,515804,23.2,13.47
2026-08-29T14:27:53,36606,40192,91.1,178.53,51,9.5,111623,515804,21.6,13.43
2026-08-29T14:27:56,36606,40192,91.1,182.20,50,8.5,118633,515804,23.0,13.43
2026-08-29T14:28:00,36606,40192,91.1,176.58,50,9.1,128123,515804,24.8,13.23
2026-08-29T14:28:03,36606,40192,91.1,179.83,50,40.7,109544,515804,21.2,13.45
2026-08-29T14:28:07,36606,40192,91.1,84.70,49,14.7,104766,515804,20.3,13.45
2026-08-29T14:28:10,36606,40192,91.1,175.77,50,9.3,104645,515804,20.3,13.34
2026-08-29T14:28:13,36606,40192,91.1,183.26,50,8.8,102513,515804,19.9,13.23
2026-08-29T14:28:17,36606,40192,91.1,180.04,50,9.7,109291,515804,21.2,13.23
2026-08-29T14:28:20,36606,40192,91.1,172.03,50,35.1,102109,515804,19.8,13.45
2026-08-29T14:28:24,36606,40192,91.1,178.22,50,27.4,109743,515804,21.3,20.30
2026-08-29T14:28:28,36606,40192,91.1,178.46,51,9.7,111089,515804,21.5,19.88
2026-08-29T14:28:31,36606,40192,91.1,179.83,50,26.5,125577,515804,24.3,19.88
2026-08-29T14:28:35,36606,40192,91.1,178.77,50,8.9,127147,515804,24.7,19.09
2026-08-29T14:28:38,36606,40192,91.1,180.11,50,15.9,121975,515804,23.6,18.76
2026-08-29T14:28:41,36606,40192,91.1,179.80,51,13.8,122258,515804,23.7,18.76
2026-08-29T14:28:45,36606,40192,91.1,182.49,50,12.1,114363,515804,22.2,18.46
2026-08-29T14:28:48,36606,40192,91.1,177.11,50,10.4,116335,515804,22.6,18.42
2026-08-29T14:28:52,36606,40192,91.1,182.72,50,9.4,125901,515804,24.4,18.42
2026-08-29T14:28:55,36606,40192,91.1,181.91,50,39.2,107516,515804,20.8,17.83
2026-08-29T14:28:58,36606,40192,91.1,177.93,51,14.7,102934,515804,20.0,17.28
2026-08-29T14:29:02,36606,40192,91.1,84.12,49,9.4,102727,515804,19.9,17.28
2026-08-29T14:29:05,36606,40192,91.1,178.98,50,9.0,100290,515804,19.4,16.78
2026-08-29T14:29:09,36606,40192,91.1,181.14,50,8.9,106837,515804,20.7,16.39
2026-08-29T14:29:12,36606,40192,91.1,172.84,50,34.9,102083,515804,19.8,16.39
2026-08-29T14:29:16,36606,40192,91.1,176.88,50,28.1,107945,515804,20.9,16.28
2026-08-29T14:29:19,36606,40192,91.1,179.06,51,8.7,109550,515804,21.2,15.86
2026-08-29T14:29:23,36606,40192,91.1,176.38,50,25.4,126177,515804,24.5,15.55
2026-08-29T14:29:26,36606,40192,91.1,179.80,50,9.2,125526,515804,24.3,15.55
2026-08-29T14:29:30,36606,40192,91.1,175.77,50,35.4,122430,515804,23.7,15.10
2026-08-29T14:29:33,36606,40192,91.1,177.43,51,19.1,120905,515804,23.4,14.94
2026-08-29T14:29:37,36606,40192,91.1,179.80,51,9.7,112922,515804,21.9,14.94
2026-08-29T14:29:40,36606,40192,91.1,102.06,48,9.2,119624,515804,23.2,14.94
2026-08-29T14:29:43,36606,40192,91.1,177.72,50,9.2,128258,515804,24.9,14.62
2026-08-29T14:29:47,36606,40192,91.1,179.06,50,39.6,114454,515804,22.2,14.62
2026-08-29T14:29:50,36606,40192,91.1,179.06,51,15.3,105951,515804,20.5,14.74
2026-08-29T14:29:53,36606,40192,91.1,178.77,51,10.2,105642,515804,20.5,14.44
2026-08-29T14:29:57,36606,40192,91.1,178.22,50,9.9,102998,515804,20.0,14.44
2026-08-29T14:30:00,36606,40192,91.1,174.18,50,10.0,110058,515804,21.3,14.08
2026-08-29T14:30:04,36606,40192,91.1,138.10,50,40.8,104683,515804,20.3,14.15
2026-08-29T14:30:08,36606,40192,91.1,178.74,50,31.1,110365,515804,21.4,14.38
2026-08-29T14:30:11,36606,40192,91.1,181.99,50,9.1,106835,515804,20.7,14.38
2026-08-29T14:30:16,36606,40192,91.1,179.83,50,25.4,122249,515804,23.7,14.11
2026-08-29T14:30:19,36606,40192,91.1,178.74,50,8.7,123972,515804,24.0,13.94
2026-08-29T14:30:23,36606,40192,91.1,174.79,50,17.5,118893,515804,23.1,13.79
2026-08-29T14:30:26,36606,40192,91.1,178.01,51,8.8,117989,515804,22.9,13.79
2026-08-29T14:30:30,36606,40192,91.1,88.15,50,9.7,113767,515804,22.1,13.56
2026-08-29T14:30:33,36606,40192,91.1,181.67,50,8.6,119516,515804,23.2,13.36
2026-08-29T14:30:37,36606,40192,91.1,182.49,50,9.2,122169,515804,23.7,13.36
2026-08-29T14:30:40,36606,40192,91.1,175.57,50,46.1,108557,515804,21.0,23.90
2026-08-29T14:30:43,36606,40192,91.1,174.51,51,9.2,104817,515804,20.3,22.87
2026-08-29T14:30:47,36606,40192,91.1,175.24,50,10.1,97620,515804,18.9,22.87
2026-08-29T14:30:50,36606,40192,91.1,181.70,50,8.7,103444,515804,20.1,22.00
2026-08-29T14:30:54,36606,40192,91.1,182.51,50,9.2,111351,515804,21.6,21.27
2026-08-29T14:30:57,36606,40192,91.1,99.09,47,33.4,94518,515804,18.3,21.27
2026-08-29T14:31:01,36606,40192,91.1,182.49,50,28.2,110109,515804,21.3,20.69
2026-08-29T14:31:04,36606,40192,91.1,175.24,51,8.5,110862,515804,21.5,19.84
2026-08-29T14:31:08,36606,40192,91.1,180.32,50,26.1,125452,515804,24.3,19.53
2026-08-29T14:31:11,36606,40192,91.1,179.83,50,9.1,127322,515804,24.7,19.53
2026-08-29T14:31:15,36606,40192,91.1,176.38,50,18.0,121998,515804,23.7,29.18
2026-08-29T14:31:18,36606,40192,91.1,177.93,51,9.5,120944,515804,23.4,27.64
2026-08-29T14:31:22,36606,40192,91.1,177.19,50,11.4,116663,515804,22.6,27.64
2026-08-29T14:31:25,36606,40192,91.1,179.06,50,11.2,122523,515804,23.8,26.55
2026-08-29T14:31:28,36606,40192,91.1,178.01,50,11.2,119087,515804,23.1,25.54
2026-08-29T14:31:32,36606,40192,91.1,179.59,50,43.4,105217,515804,20.4,25.54
2026-08-29T14:31:35,36606,40192,91.1,179.51,50,8.8,102721,515804,19.9,24.38
2026-08-29T14:31:39,36606,40192,91.1,179.51,51,9.6,94438,515804,18.3,23.31
2026-08-29T14:31:42,36606,40192,91.1,178.74,50,8.7,101602,515804,19.7,23.31
2026-08-29T14:31:46,36606,40192,91.1,180.93,50,9.3,110812,515804,21.5,22.96
2026-08-29T14:31:49,36606,40192,91.1,179.06,50,41.5,94555,515804,18.3,32.57
2026-08-29T14:31:53,36606,40192,91.1,175.03,51,27.8,107841,515804,20.9,31.01
2026-08-29T14:31:56,36606,40192,91.1,180.04,51,8.7,109565,515804,21.2,31.01
2026-08-29T14:32:00,36606,40192,91.1,183.02,50,24.8,123949,515804,24.0,39.57
2026-08-29T14:32:03,36606,40192,91.1,182.51,50,9.0,125529,515804,24.3,37.37
2026-08-29T14:32:07,36606,40192,91.1,177.93,51,15.1,120447,515804,23.4,35.49
2026-08-29T14:32:12,36606,40192,91.1,82.54,47,9.7,117859,515804,22.8,35.49
2026-08-29T14:32:15,36606,40192,91.1,182.80,50,9.4,118626,515804,23.0,33.77
2026-08-29T14:32:19,36606,40192,91.1,178.98,50,10.0,125626,515804,24.4,32.11
2026-08-29T14:32:22,36606,40192,91.1,176.58,50,36.6,117899,515804,22.9,32.11
2026-08-29T14:32:26,36606,40192,91.1,85.99,49,13.4,105680,515804,20.5,30.98
2026-08-29T14:32:31,36606,40192,91.1,180.11,50,9.9,98629,515804,19.1,29.86
2026-08-29T14:32:34,36606,40192,91.1,180.93,50,9.3,104511,515804,20.3,28.35
2026-08-29T14:32:38,36606,40192,91.1,183.56,50,10.1,112278,515804,21.8,27.04
2026-08-29T14:32:41,36606,40192,91.1,178.53,50,38.7,99086,515804,19.2,27.04
2026-08-29T14:32:45,36606,40192,91.1,177.93,50,29.7,110231,515804,21.4,26.16
2026-08-29T14:32:48,36606,40192,91.1,180.40,51,11.2,111580,515804,21.6,25.26
2026-08-29T14:32:52,36606,40192,91.1,173.69,50,25.8,121842,515804,23.6,25.26
2026-08-29T14:32:55,36606,40192,91.1,176.06,50,8.7,123349,515804,23.9,24.12
2026-08-29T14:32:58,36606,40192,91.1,173.66,50,16.8,117805,515804,22.8,23.15
2026-08-29T14:33:02,36606,40192,91.1,177.40,51,9.3,119170,515804,23.1,23.15
2026-08-29T14:33:05,36606,40192,91.1,179.27,50,9.9,111952,515804,21.7,22.50
2026-08-29T14:33:09,36606,40192,91.1,181.99,50,8.5,117664,515804,22.8,21.66
2026-08-29T14:33:12,36606,40192,91.1,175.32,50,9.3,128038,515804,24.8,21.66
2026-08-29T14:33:16,36606,40192,91.1,166.50,50,42.4,112379,515804,21.8,21.12
2026-08-29T14:33:19,36606,40192,91.1,174.27,51,9.0,104393,515804,20.2,20.39
2026-08-29T14:33:22,36606,40192,91.1,179.59,50,9.4,101168,515804,19.6,20.39
2026-08-29T14:33:26,36606,40192,91.1,179.30,50,9.3,102417,515804,19.9,20.04
2026-08-29T14:33:29,36606,40192,91.1,180.32,50,9.1,109899,515804,21.3,19.39
2026-08-29T14:33:33,36606,40192,91.1,149.86,50,38.1,102184,515804,19.8,18.88
2026-08-29T14:33:36,36606,40192,91.1,175.00,51,27.9,109160,515804,21.2,18.88
2026-08-29T14:33:40,36606,40192,91.1,178.25,51,9.5,110484,515804,21.4,18.49
2026-08-29T14:33:43,36606,40192,91.1,97.50,48,25.3,125138,515804,24.3,18.13
2026-08-29T14:33:47,36606,40192,91.1,181.70,50,9.3,126658,515804,24.6,18.13
2026-08-29T14:33:50,36606,40192,91.1,180.62,50,16.2,121019,515804,23.5,17.48
2026-08-29T14:33:53,36606,40192,91.1,181.67,50,11.0,122121,515804,23.7,17.12
2026-08-29T14:33:57,36606,40192,91.1,182.27,50,10.6,114612,515804,22.2,17.12
2026-08-29T14:34:00,36606,40192,91.1,179.83,50,9.9,120507,515804,23.4,16.63
2026-08-29T14:34:04,36606,40192,91.1,178.77,50,11.9,130298,515804,25.3,16.50
2026-08-29T14:34:07,36606,40192,91.1,175.32,50,45.9,115365,515804,22.4,16.50
2026-08-29T14:34:11,36606,40192,91.1,177.72,50,9.2,102221,515804,19.8,16.06
2026-08-29T14:34:14,36606,40192,91.1,181.99,50,9.4,98899,515804,19.2,15.57
2026-08-29T14:34:18,36606,40192,91.1,178.74,50,8.7,100292,515804,19.4,15.57
2026-08-29T14:34:21,36606,40192,91.1,86.56,48,9.0,107165,515804,20.8,15.29
2026-08-29T14:34:24,36606,40192,91.1,176.91,50,33.5,100126,515804,19.4,14.86
2026-08-29T14:34:28,36606,40192,91.1,177.64,51,27.4,107414,515804,20.8,14.79
2026-08-29T14:34:32,36606,40192,91.1,182.51,50,8.7,108936,515804,21.1,14.79
2026-08-29T14:34:35,36606,40192,91.1,94.58,48,25.9,123585,515804,24.0,14.49
2026-08-29T14:34:38,36606,40192,91.1,175.32,50,8.5,125191,515804,24.3,14.13
2026-08-29T14:34:42,36606,40192,91.1,173.98,50,15.9,119891,515804,23.2,14.13
2026-08-29T14:34:45,36606,40192,91.1,178.01,50,10.7,120462,515804,23.4,14.20
2026-08-29T14:34:49,36606,40192,91.1,81.48,48,9.7,113038,515804,21.9,14.10
2026-08-29T14:34:52,36606,40192,91.1,175.57,50,8.5,119232,515804,23.1,14.10
2026-08-29T14:34:55,36606,40192,91.1,179.59,50,9.2,129482,515804,25.1,13.85
2026-08-29T14:34:59,36606,40192,91.1,175.03,50,45.6,114273,515804,22.2,17.95
2026-08-29T14:35:02,36606,40192,91.1,178.46,50,9.0,105572,515804,20.5,17.95
2026-08-29T14:35:06,36606,40192,91.1,183.02,50,9.5,101671,515804,19.7,17.47
2026-08-29T14:35:09,36606,40192,91.1,181.14,50,9.4,104007,515804,20.2,16.96
2026-08-29T14:35:13,36606,40192,91.1,178.53,50,10.0,110047,515804,21.3,16.96
2026-08-29T14:35:16,36606,40192,91.1,174.71,49,37.1,103253,515804,20.0,16.48
2026-08-29T14:35:20,36606,40192,91.1,179.27,50,28.0,110310,515804,21.4,26.37
2026-08-29T14:35:23,36606,40192,91.1,180.40,50,11.5,111634,515804,21.6,25.54
2026-08-29T14:35:27,36606,40192,91.1,175.53,50,27.9,126027,515804,24.4,25.54
2026-08-29T14:35:30,36606,40192,91.1,179.59,50,9.9,123158,515804,23.9,24.45
2026-08-29T14:35:34,36606,40192,91.1,174.51,50,16.6,118068,515804,22.9,23.78
2026-08-29T14:35:37,36606,40192,91.1,180.04,50,9.4,118692,515804,23.0,23.78
2026-08-29T14:35:41,36606,40192,91.1,180.62,51,9.6,111463,515804,21.6,22.83
2026-08-29T14:35:44,36606,40192,91.1,182.20,50,8.7,117341,515804,22.7,21.89
2026-08-29T14:35:48,36606,40192,91.1,179.80,50,9.3,127580,515804,24.7,21.89
2026-08-29T14:35:51,36606,40192,91.1,176.91,50,42.4,110566,515804,21.4,21.01
2026-08-29T14:35:55,36606,40192,91.1,183.33,50,8.6,103932,515804,20.1,20.13
2026-08-29T14:35:58,36606,40192,91.1,178.01,50,9.5,98566,515804,19.1,19.64
2026-08-29T14:36:01,36606,40192,91.1,180.64,50,8.7,103105,515804,20.0,19.64
2026-08-29T14:36:05,36606,40192,91.1,181.14,50,9.6,110200,515804,21.4,19.27
2026-08-29T14:36:08,36606,40192,91.1,174.48,50,38.0,101633,515804,19.7,28.94
2026-08-29T14:36:12,36606,40192,91.1,177.11,50,27.4,109438,515804,21.2,28.94
2026-08-29T14:36:15,36606,40192,91.1,181.14,51,8.5,111191,515804,21.6,27.42
2026-08-29T14:36:19,36606,40192,91.1,176.67,50,26.5,125857,515804,24.4,26.11
2026-08-29T14:36:22,36606,40192,91.1,179.30,50,8.8,127500,515804,24.7,26.11
2026-08-29T14:36:25,36606,40192,91.1,178.98,50,16.3,121943,515804,23.6,24.98
2026-08-29T14:36:29,36606,40192,91.1,182.49,51,10.1,123137,515804,23.9,23.86
2026-08-29T14:36:32,36606,40192,91.1,175.85,50,10.4,115931,515804,22.5,23.86
2026-08-29T14:36:36,36606,40192,91.1,178.22,50,9.6,121601,515804,23.6,22.83
2026-08-29T14:36:39,36606,40192,91.1,178.25,50,10.1,130797,515804,25.4,21.88
2026-08-29T14:36:43,36606,40192,91.1,143.18,50,47.7,114184,515804,22.1,21.88
2026-08-29T14:36:46,36606,40192,91.1,182.27,50,11.4,106404,515804,20.6,21.33
2026-08-29T14:36:50,36606,40192,91.1,176.38,50,11.2,95763,515804,18.6,20.82
2026-08-29T14:36:53,36606,40192,91.1,180.11,50,8.9,100613,515804,19.5,20.03
2026-08-29T14:36:57,36606,40192,91.1,87.10,48,9.1,108096,515804,21.0,20.03
2026-08-29T14:37:00,36606,40192,91.1,175.32,50,38.1,98999,515804,19.2,19.39
2026-08-29T14:37:03,36606,40192,91.1,179.83,50,27.4,107114,515804,20.8,18.80
2026-08-29T14:37:07,36606,40192,91.1,176.34,51,9.0,108536,515804,21.0,18.80
2026-08-29T14:37:10,36606,40192,91.1,179.30,50,25.6,123200,515804,23.9,18.17
2026-08-29T14:37:14,36606,40192,91.1,178.77,50,8.7,124767,515804,24.2,17.60
2026-08-29T14:37:17,36606,40192,91.1,181.70,50,16.3,119314,515804,23.1,17.60
2026-08-29T14:37:21,36606,40192,91.1,84.02,48,9.3,120519,515804,23.4,16.99
2026-08-29T14:37:24,36606,40192,91.1,180.86,50,10.1,113143,515804,21.9,16.59
2026-08-29T14:37:28,36606,40192,91.1,178.25,50,8.5,118810,515804,23.0,16.59
2026-08-29T14:37:31,36606,40192,91.1,87.10,48,9.2,129142,515804,25.0,16.62
2026-08-29T14:37:34,36606,40192,91.1,168.28,50,44.2,114076,515804,22.1,26.66
2026-08-29T14:37:38,36606,40192,91.1,181.70,50,9.7,105376,515804,20.4,26.66
2026-08-29T14:37:41,36606,40192,91.1,181.46,51,9.8,101402,515804,19.7,25.73
2026-08-29T14:37:45,36606,40192,91.1,177.93,50,8.6,103335,515804,20.0,24.63
2026-08-29T14:37:48,36606,40192,91.1,180.62,50,9.9,110466,515804,21.4,23.62
2026-08-29T14:37:52,36606,40192,91.1,178.77,50,35.1,101373,515804,19.7,23.62
2026-08-29T14:37:55,36606,40192,91.1,181.70,51,23.3,111289,515804,21.6,32.78
2026-08-29T14:38:00,36606,40192,91.1,179.59,50,9.1,110274,515804,21.4,30.95
2026-08-29T14:38:03,36606,40192,91.1,174.71,50,27.9,126817,515804,24.6,29.68
2026-08-29T14:38:07,36606,40192,91.1,103.36,48,11.0,126045,515804,24.4,29.68
2026-08-29T14:38:10,36606,40192,91.1,177.72,50,15.2,117655,515804,22.8,28.82
2026-08-29T14:38:16,36606,40192,91.1,179.83,51,10.1,111293,515804,21.6,27.39
2026-08-29T14:38:19,36606,40192,91.1,92.70,50,8.6,116929,515804,22.7,26.40
2026-08-29T14:38:23,36606,40192,91.1,182.49,50,9.3,127371,515804,24.7,26.40
2026-08-29T14:38:26,36606,40192,91.1,173.13,50,45.0,110211,515804,21.4,25.17
2026-08-29T14:38:30,36606,40192,91.1,180.86,51,12.5,103389,515804,20.0,23.95
2026-08-29T14:38:33,36606,40192,91.1,94.82,48,9.4,100484,515804,19.5,23.95
2026-08-29T14:38:36,36606,40192,91.1,178.25,50,8.7,101705,515804,19.7,23.00
2026-08-29T14:38:40,36606,40192,91.1,175.77,50,8.9,109702,515804,21.3,22.03
2026-08-29T14:38:43,36606,40192,91.1,181.46,50,39.6,100487,515804,19.5,24.11
2026-08-29T14:38:47,36606,40192,91.1,177.93,50,28.1,108504,515804,21.0,24.11
2026-08-29T14:38:50,36606,40192,91.1,181.67,51,8.7,109933,515804,21.3,22.98
2026-08-29T14:38:54,36606,40192,91.1,176.91,50,25.8,124572,515804,24.2,22.10
2026-08-29T14:38:57,36606,40192,91.1,180.11,50,8.6,126359,515804,24.5,22.10
2026-08-29T14:39:01,36606,40192,91.1,181.99,50,18.3,120831,515804,23.4,21.21
2026-08-29T14:39:04,36606,40192,91.1,183.02,51,8.6,120117,515804,23.3,20.48
2026-08-29T14:39:08,36606,40192,91.1,181.99,50,10.0,115491,515804,22.4,20.48
2026-08-29T14:39:11,36606,40192,91.1,177.43,50,9.2,121112,515804,23.5,20.04
2026-08-29T14:39:15,36606,40192,91.1,181.17,50,10.2,126986,515804,24.6,19.31
2026-08-29T14:39:18,36606,40192,91.1,180.64,50,43.4,111442,515804,21.6,19.21
2026-08-29T14:39:22,36606,40192,91.1,87.62,48,9.5,106347,515804,20.6,19.21
2026-08-29T14:39:25,36606,40192,91.1,182.80,50,12.1,99312,515804,19.3,18.87
2026-08-29T14:39:28,36606,40192,91.1,180.62,50,11.4,104815,515804,20.3,18.64
2026-08-29T14:39:32,36606,40192,91.1,181.38,50,10.6,108538,515804,21.0,18.64
2026-08-29T14:39:35,36606,40192,91.1,181.46,50,36.7,93511,515804,18.1,18.11
2026-08-29T14:39:39,36606,40192,91.1,178.74,50,28.0,106794,515804,20.7,17.54
2026-08-29T14:39:42,36606,40192,91.1,182.27,51,8.5,107121,515804,20.8,17.54
2026-08-29T14:39:46,36606,40192,91.1,176.34,50,25.5,123246,515804,23.9,16.93
2026-08-29T14:39:49,36606,40192,91.1,180.62,50,8.7,123990,515804,24.0,16.62
2026-08-29T14:39:53,36606,40192,91.1,182.80,50,17.6,119443,515804,23.2,16.62
2026-08-29T14:39:56,36606,40192,91.1,180.64,51,8.5,118575,515804,23.0,16.17
2026-08-29T14:40:00,36606,40192,91.1,179.80,51,9.5,114742,515804,22.2,15.92
2026-08-29T14:40:03,36606,40192,91.1,181.91,50,8.6,120888,515804,23.4,15.92
2026-08-29T14:40:06,36606,40192,91.1,180.93,50,9.8,119779,515804,23.2,15.52
2026-08-29T14:40:10,36606,40192,91.1,182.27,50,42.5,103701,515804,20.1,15.40
2026-08-29T14:40:13,36606,40192,91.1,175.77,50,8.9,105315,515804,20.4,15.21
2026-08-29T14:40:17,36606,40192,91.1,178.74,50,9.5,97864,515804,19.0,15.21
2026-08-29T14:40:20,36606,40192,91.1,178.98,50,9.3,103845,515804,20.1,14.87
2026-08-29T14:40:24,36606,40192,91.1,180.62,50,9.3,112943,515804,21.9,14.56
2026-08-29T14:40:27,36606,40192,91.1,87.10,48,41.3,104768,515804,20.3,14.56
2026-08-29T14:40:31,36606,40192,91.1,180.62,50,19.8,111163,515804,21.6,24.53
2026-08-29T14:40:35,36606,40192,91.1,176.14,51,9.5,110122,515804,21.3,23.60
2026-08-29T14:40:38,36606,40192,91.1,178.98,50,26.0,126859,515804,24.6,22.91
2026-08-29T14:40:42,36606,40192,91.1,181.46,50,9.4,126303,515804,24.5,22.91
2026-08-29T14:40:45,36606,40192,91.1,179.51,50,20.0,122189,515804,23.7,22.20
2026-08-29T14:40:49,36606,40192,91.1,89.20,49,11.6,120866,515804,23.4,21.62
2026-08-29T14:40:52,36606,40192,91.1,177.19,50,10.4,113164,515804,21.9,21.62
2026-08-29T14:40:55,36606,40192,91.1,182.27,51,9.0,119880,515804,23.2,20.85
2026-08-29T14:40:59,36606,40192,91.1,75.05,48,12.9,116853,515804,22.7,19.98
2026-08-29T14:41:02,36606,40192,91.1,179.06,50,40.3,101924,515804,19.8,19.98
2026-08-29T14:41:06,36606,40192,91.1,175.24,51,9.1,103166,515804,20.0,19.18
2026-08-29T14:41:09,36606,40192,91.1,180.62,51,9.6,96288,515804,18.7,18.61
2026-08-29T14:41:13,36606,40192,91.1,76.68,48,8.5,102119,515804,19.8,18.61
2026-08-29T14:41:16,36606,40192,91.1,180.62,50,9.0,112272,515804,21.8,18.00
2026-08-29T14:41:19,36606,40192,91.1,179.80,50,41.2,99060,515804,19.2,21.28
2026-08-29T14:41:23,36606,40192,91.1,178.25,51,21.9,109755,515804,21.3,21.28
2026-08-29T14:41:26,36606,40192,91.1,179.80,50,9.0,108763,515804,21.1,20.46
2026-08-29T14:41:30,36606,40192,91.1,180.32,50,25.9,125009,515804,24.2,19.78
2026-08-29T14:41:33,36606,40192,91.1,176.88,50,8.5,125397,515804,24.3,19.16
2026-08-29T14:41:37,36606,40192,91.1,181.70,50,17.1,120994,515804,23.5,19.16
2026-08-29T14:41:40,36606,40192,91.1,161.42,50,9.6,119809,515804,23.2,18.58
2026-08-29T14:41:43,36606,40192,91.1,175.03,50,9.4,116889,515804,22.7,18.14
2026-08-29T14:41:47,36606,40192,91.1,180.62,50,8.7,122886,515804,23.8,18.14
2026-08-29T14:41:50,36606,40192,91.1,180.62,50,12.2,119904,515804,23.2,17.89
2026-08-29T14:41:54,36606,40192,91.1,176.91,50,40.5,105215,515804,20.4,17.73
2026-08-29T14:41:57,36606,40192,91.1,178.01,51,8.8,104943,515804,20.3,17.73
2026-08-29T14:42:01,36606,40192,91.1,180.11,50,10.5,99825,515804,19.4,17.51
2026-08-29T14:42:04,36606,40192,91.1,176.67,50,10.9,105171,515804,20.4,17.31
2026-08-29T14:42:08,36606,40192,91.1,180.62,50,11.8,111720,515804,21.7,17.31
2026-08-29T14:42:11,36606,40192,91.1,178.01,50,55.0,115924,515804,22.5,17.29
2026-08-29T14:42:15,36606,40192,91.1,95.87,49,8.8,107599,515804,20.9,16.70
2026-08-29T14:42:18,36606,40192,91.1,182.20,50,8.7,106718,515804,20.7,16.41
2026-08-29T14:42:22,36606,40192,91.1,177.11,50,25.6,123832,515804,24.0,16.41
2026-08-29T14:42:25,36606,40192,91.1,180.62,50,8.8,122945,515804,23.8,15.89
2026-08-29T14:42:29,36606,40192,91.1,177.72,51,17.8,119112,515804,23.1,15.50
2026-08-29T14:42:32,36606,40192,91.1,176.88,50,9.1,118389,515804,23.0,15.50
2026-08-29T14:42:36,36606,40192,91.1,178.77,50,8.8,116101,515804,22.5,15.30
2026-08-29T14:42:39,36606,40192,91.1,180.04,50,8.8,122937,515804,23.8,14.96
2026-08-29T14:42:43,36606,40192,91.1,139.97,48,33.6,118568,515804,23.0,14.96
2026-08-29T14:42:46,36606,40192,91.1,175.85,50,15.8,104569,515804,20.3,14.80
2026-08-29T14:42:50,36606,40192,91.1,172.92,50,8.6,103618,515804,20.1,14.41
2026-08-29T14:42:53,36606,40192,91.1,81.72,48,9.5,99967,515804,19.4,14.30
2026-08-29T14:42:57,36606,40192,91.1,179.30,50,8.7,105710,515804,20.5,14.30
2026-08-29T14:43:00,36606,40192,91.1,177.43,50,9.9,105772,515804,20.5,14.36
2026-08-29T14:43:04,36606,40192,91.1,173.90,50,52.4,116476,515804,22.6,24.98
2026-08-29T14:43:07,36606,40192,91.1,180.32,50,8.6,110954,515804,21.5,24.98
2026-08-29T14:43:11,36606,40192,91.1,159.85,50,24.6,134201,515804,26.0,24.10
2026-08-29T14:43:14,36606,40192,91.1,177.93,50,10.9,126758,515804,24.6,23.29
2026-08-29T14:43:17,36606,40192,91.1,164.39,50,15.4,130988,515804,25.4,23.29
2026-08-29T14:43:21,36606,40192,91.1,182.51,50,11.5,122120,515804,23.7,22.79
2026-08-29T14:43:24,36606,40192,91.1,177.19,50,12.2,118491,515804,23.0,22.16
2026-08-29T14:43:28,36606,40192,91.1,181.17,50,11.3,119890,515804,23.2,22.16
2026-08-29T14:43:31,36606,40192,91.1,80.42,48,10.9,122650,515804,23.8,21.67
2026-08-29T14:43:35,36606,40192,91.1,178.74,50,37.3,112687,515804,21.8,20.73
2026-08-29T14:43:38,36606,40192,91.1,175.77,51,14.5,102588,515804,19.9,20.73
2026-08-29T14:43:42,36606,40192,91.1,178.46,50,9.2,101954,515804,19.8,19.95
2026-08-29T14:43:45,36606,40192,91.1,178.22,50,8.8,99183,515804,19.2,19.24
2026-08-29T14:43:49,36606,40192,91.1,176.06,50,9.1,105670,515804,20.5,18.66
2026-08-29T14:43:52,36606,40192,91.1,157.97,49,29.3,101841,515804,19.7,18.66
2026-08-29T14:43:56,36606,40192,91.1,177.11,50,33.7,107757,515804,20.9,17.96
2026-08-29T14:43:59,36606,40192,91.1,177.40,50,8.7,109349,515804,21.2,17.57
2026-08-29T14:44:03,36606,40192,91.1,175.53,50,25.8,127559,515804,24.7,17.57
2026-08-29T14:44:06,36606,40192,91.1,179.27,50,8.8,125636,515804,24.4,17.12
2026-08-29T14:44:10,36606,40192,91.1,92.42,48,16.5,125280,515804,24.3,16.63
2026-08-29T14:44:13,36606,40192,91.1,183.54,50,10.0,120672,515804,23.4,16.63
2026-08-29T14:44:16,36606,40192,91.1,181.99,51,9.4,112979,515804,21.9,16.10
2026-08-29T14:44:20,36606,40192,91.1,176.34,50,9.0,119609,515804,23.2,16.01
2026-08-29T14:44:23,36606,40192,91.1,178.25,50,9.5,128228,515804,24.9,16.01
2026-08-29T14:44:27,36606,40192,91.1,174.18,50,37.1,110320,515804,21.4,16.01
2026-08-29T14:44:30,36606,40192,91.1,178.01,50,15.5,105723,515804,20.5,15.53
2026-08-29T14:44:34,36606,40192,91.1,173.98,50,9.7,103028,515804,20.0,15.73
2026-08-29T14:44:37,36606,40192,91.1,172.64,50,9.2,103801,515804,20.1,15.73
2026-08-29T14:44:41,36606,40192,91.1,182.27,50,10.1,110972,515804,21.5,15.75
2026-08-29T14:44:44,36606,40192,91.1,181.46,50,38.2,100866,515804,19.6,26.34
2026-08-29T14:44:48,36606,40192,91.1,178.22,50,29.4,110345,515804,21.4,26.34
2026-08-29T14:44:51,36606,40192,91.1,176.34,50,11.3,111817,515804,21.7,25.35
2026-08-29T14:44:55,36606,40192,91.1,181.67,50,25.9,121884,515804,23.6,24.44
2026-08-29T14:44:58,36606,40192,91.1,181.17,49,8.8,123423,515804,23.9,24.44
2026-08-29T14:45:02,36606,40192,91.1,171.30,50,16.5,118032,515804,22.9,23.29
2026-08-29T14:45:05,36606,40192,91.1,178.22,51,8.4,118737,515804,23.0,22.62
2026-08-29T14:45:08,36606,40192,91.1,180.11,51,9.9,112300,515804,21.8,22.25
2026-08-29T14:45:12,36606,40192,91.1,85.22,48,8.6,117776,515804,22.8,22.25
2026-08-29T14:45:15,36606,40192,91.1,175.85,50,9.1,127529,515804,24.7,21.51
2026-08-29T14:45:19,36606,40192,91.1,179.83,50,42.1,111251,515804,21.6,31.08
2026-08-29T14:45:22,36606,40192,91.1,92.95,47,9.0,104503,515804,20.3,31.08
2026-08-29T14:45:26,36606,40192,91.1,181.67,50,9.4,99173,515804,19.2,29.55
2026-08-29T14:45:29,36606,40192,91.1,176.06,50,9.3,102804,515804,19.9,28.15
2026-08-29T14:45:32,36606,40192,91.1,181.17,50,9.3,110135,515804,21.4,28.15
2026-08-29T14:45:36,36606,40192,91.1,178.01,50,36.2,100066,515804,19.4,26.85
2026-08-29T14:45:39,36606,40192,91.1,174.51,50,27.6,109283,515804,21.2,25.50
2026-08-29T14:45:43,36606,40192,91.1,179.51,51,9.5,110629,515804,21.4,25.50
2026-08-29T14:45:46,36606,40192,91.1,93.76,48,25.5,125247,515804,24.3,24.50
2026-08-29T14:45:49,36606,40192,91.1,178.77,50,8.7,126855,515804,24.6,23.50
2026-08-29T14:45:53,36606,40192,91.1,168.04,50,18.0,120906,515804,23.4,23.50
2026-08-29T14:45:57,36606,40192,91.1,177.40,50,10.3,121148,515804,23.5,22.42
2026-08-29T14:46:00,36606,40192,91.1,180.04,50,10.5,115357,515804,22.4,21.66
2026-08-29T14:46:04,36606,40192,91.1,182.72,50,9.3,120879,515804,23.4,21.21
2026-08-29T14:46:07,36606,40192,91.1,182.80,50,11.8,129179,515804,25.0,21.21
2026-08-29T14:46:11,36606,40192,91.1,80.42,47,32.2,101914,515804,19.8,30.96
2026-08-29T14:46:16,36606,40192,91.1,178.53,50,9.4,100986,515804,19.6,29.60
2026-08-29T14:46:20,36606,40192,91.1,179.83,50,9.0,98363,515804,19.1,28.19
2026-08-29T14:46:23,36606,40192,91.1,82.82,48,8.8,104674,515804,20.3,28.19
2026-08-29T14:46:26,36606,40192,91.1,131.72,50,23.7,101535,515804,19.7,26.90
2026-08-29T14:46:30,36606,40192,91.1,183.33,50,39.5,107253,515804,20.8,25.62
2026-08-29T14:46:34,36606,40192,91.1,180.11,51,8.9,108951,515804,21.1,24.45
2026-08-29T14:46:37,36606,40192,91.1,180.04,50,25.8,128784,515804,25.0,24.45
2026-08-29T14:46:41,36606,40192,91.1,182.27,50,8.7,125308,515804,24.3,23.30
2026-08-29T14:46:45,36606,40192,91.1,180.40,50,17.1,119764,515804,23.2,22.31
2026-08-29T14:46:49,36606,40192,91.1,183.02,51,9.1,119488,515804,23.2,21.32
2026-08-29T14:46:52,36606,40192,91.1,183.02,50,9.5,114217,515804,22.1,21.32
2026-08-29T14:46:55,36606,40192,91.1,178.74,50,8.9,126886,515804,24.6,20.50
2026-08-29T14:47:01,36606,40192,91.1,91.60,48,37.7,115850,515804,22.5,19.98
2026-08-29T14:47:05,36606,40192,91.1,177.64,50,14.9,105584,515804,20.5,19.26
2026-08-29T14:47:08,36606,40192,91.1,181.99,51,9.4,105065,515804,20.4,19.26
2026-08-29T14:47:11,36606,40192,91.1,176.88,50,9.8,102521,515804,19.9,18.76
2026-08-29T14:47:15,36606,40192,91.1,178.98,50,9.8,109276,515804,21.2,18.13
2026-08-29T14:47:18,36606,40192,91.1,118.09,49,34.8,105227,515804,20.4,27.89
2026-08-29T14:47:22,36606,40192,91.1,183.56,51,29.1,111135,515804,21.5,27.89
2026-08-29T14:47:26,36606,40192,91.1,177.93,51,10.9,111839,515804,21.7,26.86
2026-08-29T14:47:30,36606,40192,91.1,175.24,50,27.5,127473,515804,24.7,25.99
2026-08-29T14:47:34,36606,40192,91.1,177.11,50,10.4,123742,515804,24.0,24.71
2026-08-29T14:47:37,36606,40192,91.1,173.13,50,17.5,119472,515804,23.2,24.71
2026-08-29T14:47:41,36606,40192,91.1,80.14,47,8.8,112070,515804,21.7,23.53
2026-08-29T14:47:46,36606,40192,91.1,181.46,50,8.4,117434,515804,22.8,22.61
2026-08-29T14:47:49,36606,40192,91.1,179.59,50,9.5,126070,515804,24.4,21.84
2026-08-29T14:47:53,36606,40192,91.1,178.77,50,40.3,111281,515804,21.6,21.84
2026-08-29T14:47:56,36606,40192,91.1,104.99,50,14.4,103785,515804,20.1,21.05
2026-08-29T14:48:00,36606,40192,91.1,181.70,50,9.4,103470,515804,20.1,20.25
2026-08-29T14:48:03,36606,40192,91.1,180.11,50,8.7,100835,515804,19.5,20.25
2026-08-29T14:48:07,36606,40192,91.1,177.93,50,8.9,107809,515804,20.9,19.42
2026-08-29T14:48:10,36606,40192,91.1,160.65,50,30.2,92423,515804,17.9,18.75
2026-08-29T14:48:15,36606,40192,91.1,182.72,50,27.1,109764,515804,21.3,18.21
2026-08-29T14:48:19,36606,40192,91.1,181.67,50,8.6,110309,515804,21.4,17.63
2026-08-29T14:48:22,36606,40192,91.1,180.86,50,25.1,125199,515804,24.3,17.63
2026-08-29T14:48:25,36606,40192,91.1,180.32,50,13.4,123703,515804,24.0,17.26
2026-08-29T14:48:31,36606,40192,91.1,180.40,50,10.8,121728,515804,23.6,16.84
2026-08-29T14:48:35,36606,40192,91.1,82.30,48,10.1,113740,515804,22.1,16.45
2026-08-29T14:48:38,36606,40192,91.1,178.22,50,9.4,120329,515804,23.3,16.45
2026-08-29T14:48:41,36606,40192,91.1,179.80,50,10.2,129368,515804,25.1,16.01
2026-08-29T14:48:45,36606,40192,91.1,87.33,49,38.0,112229,515804,21.8,25.94
2026-08-29T14:48:48,36606,40192,91.1,182.20,50,17.1,106475,515804,20.6,25.94
2026-08-29T14:48:52,36606,40192,91.1,176.91,50,12.1,106055,515804,20.6,24.99
2026-08-29T14:48:55,36606,40192,91.1,178.01,50,9.3,99408,515804,19.3,23.95
2026-08-29T14:48:59,36606,40192,91.1,182.27,50,9.0,106128,515804,20.6,23.47
2026-08-29T14:49:02,36606,40192,91.1,169.72,50,35.0,100529,515804,19.5,23.47
2026-08-29T14:49:06,36606,40192,91.1,84.93,48,27.5,107201,515804,20.8,22.63
2026-08-29T14:49:09,36606,40192,91.1,174.79,50,8.9,108616,515804,21.1,21.70
2026-08-29T14:49:13,36606,40192,91.1,180.64,50,25.7,124499,515804,24.1,21.70
2026-08-29T14:49:16,36606,40192,91.1,178.74,50,8.7,124852,515804,24.2,20.84
2026-08-29T14:49:20,36606,40192,91.1,175.32,50,15.6,122231,515804,23.7,30.30
2026-08-29T14:49:23,36606,40192,91.1,182.72,50,10.2,120273,515804,23.3,30.30
2026-08-29T14:49:26,36606,40192,91.1,183.02,50,9.4,115568,515804,22.4,28.76
2026-08-29T14:49:30,36606,40192,91.1,178.98,50,9.4,118464,515804,23.0,27.26
2026-08-29T14:49:33,36606,40192,91.1,176.06,50,9.0,126608,515804,24.5,27.26
2026-08-29T14:49:37,36606,40192,91.1,181.46,50,40.0,116626,515804,22.6,26.19
2026-08-29T14:49:40,36606,40192,91.1,180.11,51,14.5,105485,515804,20.5,25.06
2026-08-29T14:49:44,36606,40192,91.1,180.64,50,10.0,104294,515804,20.2,24.09
2026-08-29T14:49:47,36606,40192,91.1,175.00,50,8.9,101403,515804,19.7,24.09
2026-08-29T14:49:50,36606,40192,91.1,180.86,50,9.2,107622,515804,20.9,23.04
2026-08-29T14:49:54,36606,40192,91.1,181.17,50,9.8,104366,515804,20.2,22.08
2026-08-29T14:49:57,36606,40192,91.1,176.67,50,54.2,115137,515804,22.3,22.08
2026-08-29T14:50:01,36606,40192,91.1,176.14,50,9.6,111487,515804,21.6,21.27
2026-08-29T14:50:04,36606,40192,91.1,180.11,50,25.6,134901,515804,26.2,30.86
2026-08-29T14:50:08,36606,40192,91.1,181.17,50,11.2,127439,515804,24.7,30.86
2026-08-29T14:50:11,36606,40192,91.1,73.99,47,17.1,130139,515804,25.2,29.51
2026-08-29T14:50:15,36606,40192,91.1,180.86,50,11.2,118207,515804,22.9,28.03
2026-08-29T14:50:18,36606,40192,91.1,182.49,51,9.8,113162,515804,21.9,28.03
2026-08-29T14:50:22,36606,40192,91.1,182.20,50,8.6,116800,515804,22.6,27.14
2026-08-29T14:50:25,36606,40192,91.1,181.46,50,9.1,124111,515804,24.1,25.93
2026-08-29T14:50:29,36606,40192,91.1,181.17,50,38.5,115718,515804,22.4,25.05
2026-08-29T14:50:32,36606,40192,91.1,174.71,51,14.5,103640,515804,20.1,25.05
2026-08-29T14:50:35,36606,40192,91.1,175.53,50,9.2,102478,515804,19.9,23.93
2026-08-29T14:50:39,36606,40192,91.1,175.53,50,8.8,99631,515804,19.3,22.89
2026-08-29T14:50:42,36606,40192,91.1,181.70,50,8.7,105397,515804,20.4,22.89
2026-08-29T14:50:46,36606,40192,91.1,181.99,50,9.0,104850,515804,20.3,21.94
2026-08-29T14:50:49,36606,40192,91.1,180.40,50,56.9,117308,515804,22.7,31.15
2026-08-29T14:50:53,36606,40192,91.1,181.38,50,8.7,110202,515804,21.4,31.15
2026-08-29T14:50:56,36606,40192,91.1,161.08,50,17.8,124320,515804,24.1,29.54
2026-08-29T14:50:59,36606,40192,91.1,181.17,50,15.7,126442,515804,24.5,28.38
2026-08-29T14:51:03,36606,40192,91.1,181.38,50,9.4,125407,515804,24.3,28.38
2026-08-29T14:51:06,36606,40192,91.1,182.20,51,17.3,121651,515804,23.6,27.30
2026-08-29T14:51:10,36606,40192,91.1,181.70,51,9.5,120069,515804,23.3,25.92
2026-08-29T14:51:13,36606,40192,91.1,182.80,50,9.4,119342,515804,23.1,25.92
2026-08-29T14:51:17,36606,40192,91.1,179.59,50,9.9,126366,515804,24.5,24.64
2026-08-29T14:51:20,36606,40192,91.1,176.38,50,37.5,118918,515804,23.1,23.79
2026-08-29T14:51:24,36606,40192,91.1,175.24,50,15.2,106642,515804,20.7,23.09
2026-08-29T14:51:27,36606,40192,91.1,166.17,50,11.7,105267,515804,20.4,23.09
2026-08-29T14:51:31,36606,40192,91.1,178.98,50,11.9,102315,515804,19.8,22.52
2026-08-29T14:51:34,36606,40192,91.1,173.90,50,10.2,104219,515804,20.2,22.24
2026-08-29T14:51:38,36606,40192,91.1,130.90,50,31.4,101042,515804,19.6,22.24
2026-08-29T14:51:42,36606,40192,91.1,176.06,50,30.2,106725,515804,20.7,21.58
2026-08-29T14:51:45,36606,40192,91.1,175.03,50,8.6,108332,515804,21.0,20.65
2026-08-29T14:51:48,36606,40192,91.1,180.32,50,26.1,125729,515804,24.4,20.65
2026-08-29T14:51:52,36606,40192,91.1,180.32,50,8.8,124433,515804,24.1,19.80
2026-08-29T14:51:55,36606,40192,91.1,177.93,50,15.4,122886,515804,23.8,19.01
2026-08-29T14:51:59,36606,40192,91.1,179.30,51,10.1,119856,515804,23.2,18.45
2026-08-29T14:52:02,36606,40192,91.1,176.38,51,9.7,112445,515804,21.8,18.45
2026-08-29T14:52:06,36606,40192,91.1,178.77,50,8.4,118892,515804,23.0,17.85
2026-08-29T14:52:09,36606,40192,91.1,180.11,50,9.7,126955,515804,24.6,17.38
2026-08-29T14:52:12,36606,40192,91.1,178.22,50,38.0,113631,515804,22.0,17.38
2026-08-29T14:52:16,36606,40192,91.1,175.57,51,14.4,105140,515804,20.4,17.03
2026-08-29T14:52:19,36606,40192,91.1,179.27,50,9.5,104938,515804,20.3,16.55
2026-08-29T14:52:23,36606,40192,91.1,180.62,50,9.5,102324,515804,19.8,16.55
2026-08-29T14:52:26,36606,40192,91.1,173.98,50,8.9,109070,515804,21.1,16.10
2026-08-29T14:52:30,36606,40192,91.1,158.40,49,35.0,103442,515804,20.1,15.70
2026-08-29T14:52:34,36606,40192,91.1,180.32,50,28.0,109917,515804,21.3,15.70
2026-08-29T14:52:37,36606,40192,91.1,179.06,50,9.5,111237,515804,21.6,15.40
2026-08-29T14:52:40,36606,40192,91.1,174.71,50,26.0,126995,515804,24.6,15.37
2026-08-29T14:52:44,36606,40192,91.1,179.59,50,9.5,127359,515804,24.7,15.02
2026-08-29T14:52:47,36606,40192,91.1,177.72,50,18.0,123328,515804,23.9,15.02
2026-08-29T14:52:51,36606,40192,91.1,178.77,51,12.6,122362,515804,23.7,14.94
2026-08-29T14:52:54,36606,40192,91.1,182.72,50,11.8,114356,515804,22.2,16.62
2026-08-29T14:52:58,36606,40192,91.1,176.34,50,9.3,116559,515804,22.6,16.62
2026-08-29T14:53:01,36606,40192,91.1,178.25,50,9.3,125809,515804,24.4,16.17
2026-08-29T14:53:05,36606,40192,91.1,178.77,49,36.6,109247,515804,21.2,26.89
2026-08-29T14:53:08,36606,40192,91.1,179.51,50,14.4,103157,515804,20.0,26.89
2026-08-29T14:53:12,36606,40192,91.1,181.91,51,9.6,102937,515804,20.0,25.62
2026-08-29T14:53:15,36606,40192,91.1,183.26,51,8.7,100221,515804,19.4,24.37
2026-08-29T14:53:18,36606,40192,91.1,81.72,48,9.0,106740,515804,20.7,24.37
2026-08-29T14:53:22,36606,40192,91.1,127.16,49,31.0,102378,515804,19.8,23.29
2026-08-29T14:53:26,36606,40192,91.1,181.14,51,33.4,108300,515804,21.0,22.31
2026-08-29T14:53:29,36606,40192,91.1,173.66,51,8.7,109931,515804,21.3,21.40
2026-08-29T14:53:33,36606,40192,91.1,178.25,50,26.5,128846,515804,25.0,21.40
2026-08-29T14:53:36,36606,40192,91.1,176.38,50,8.7,125825,515804,24.4,20.73
2026-08-29T14:53:39,36606,40192,91.1,175.77,50,14.8,125276,515804,24.3,19.95
2026-08-29T14:53:43,36606,40192,91.1,173.45,51,10.8,121230,515804,23.5,19.95
2026-08-29T14:53:47,36606,40192,91.1,179.80,50,10.4,112960,515804,21.9,19.23
2026-08-29T14:53:50,36606,40192,91.1,176.34,50,8.5,119930,515804,23.3,18.49
2026-08-29T14:53:53,36606,40192,91.1,179.51,50,9.5,128480,515804,24.9,18.49
2026-08-29T14:53:57,36606,40192,91.1,170.73,50,42.9,114163,515804,22.1,18.29
2026-08-29T14:54:00,36606,40192,91.1,180.64,50,15.4,106098,515804,20.6,17.95
2026-08-29T14:54:04,36606,40192,91.1,180.11,50,10.0,105619,515804,20.5,17.95
2026-08-29T14:54:07,36606,40192,91.1,181.67,50,9.5,103017,515804,20.0,17.95
2026-08-29T14:54:11,36606,40192,91.1,177.72,50,11.7,114764,515804,22.2,17.88
2026-08-29T14:54:16,36606,40192,91.1,175.85,50,38.6,93089,515804,18.0,17.33
2026-08-29T14:54:19,36606,40192,91.1,180.64,51,28.0,107179,515804,20.8,16.90
2026-08-29T14:54:23,36606,40192,91.1,174.79,50,8.6,107809,515804,20.9,16.90
2026-08-29T14:54:26,36606,40192,91.1,176.58,50,25.1,122691,515804,23.8,26.60
2026-08-29T14:54:30,36606,40192,91.1,179.80,50,8.8,124441,515804,24.1,25.35
2026-08-29T14:54:33,36606,40192,91.1,178.74,50,17.9,119192,515804,23.1,25.35
2026-08-29T14:54:37,36606,40192,91.1,182.72,50,8.6,118306,515804,22.9,24.12
2026-08-29T14:54:40,36606,40192,91.1,175.03,50,9.6,114151,515804,22.1,23.15
2026-08-29T14:54:43,36606,40192,91.1,95.64,48,9.3,119923,515804,23.2,23.15
2026-08-29T14:54:47,36606,40192,91.1,176.58,50,9.3,123059,515804,23.9,22.34
2026-08-29T14:54:50,36606,40192,91.1,177.43,50,42.7,106621,515804,20.7,21.51
2026-08-29T14:54:54,36606,40192,91.1,181.91,51,9.4,104843,515804,20.3,21.51
2026-08-29T14:54:57,36606,40192,91.1,78.79,47,9.1,97998,515804,19.0,20.83
2026-08-29T14:55:01,36606,40192,91.1,175.85,50,8.4,103766,515804,20.1,20.04
2026-08-29T14:55:04,36606,40192,91.1,178.01,50,9.6,113810,515804,22.1,19.31
2026-08-29T14:55:08,36606,40192,91.1,176.34,50,40.2,93201,515804,18.1,19.31
2026-08-29T14:55:11,36606,40192,91.1,177.43,50,26.7,110953,515804,21.5,18.65
2026-08-29T14:55:15,36606,40192,91.1,176.88,50,8.9,110180,515804,21.4,18.04
2026-08-29T14:55:18,36606,40192,91.1,180.04,50,26.3,125735,515804,24.4,18.04
2026-08-29T14:55:21,36606,40192,91.1,178.46,50,9.8,126873,515804,24.6,17.71
2026-08-29T14:55:25,36606,40192,91.1,182.51,50,18.3,122083,515804,23.7,27.83
2026-08-29T14:55:28,36606,40192,91.1,179.83,50,9.7,121165,515804,23.5,27.83
2026-08-29T14:55:32,36606,40192,91.1,180.62,50,12.6,116940,515804,22.7,26.88
2026-08-29T14:55:35,36606,40192,91.1,175.24,50,11.2,120890,515804,23.4,25.93
2026-08-29T14:55:38,36606,40192,91.1,177.11,50,10.8,125734,515804,24.4,25.93
2026-08-29T14:55:42,36606,40192,91.1,175.77,50,36.8,103256,515804,20.0,24.65
2026-08-29T14:55:46,36606,40192,91.1,177.11,50,8.7,102821,515804,19.9,23.64
2026-08-29T14:55:50,36606,40192,91.1,179.59,50,9.5,95151,515804,18.4,22.63
2026-08-29T14:55:53,36606,40192,91.1,182.72,50,8.8,101736,515804,19.7,22.63
2026-08-29T14:55:57,36606,40192,91.1,176.67,49,9.1,111164,515804,21.6,22.18
2026-08-29T14:56:00,36606,40192,91.1,180.62,50,38.4,94227,515804,18.3,31.69
2026-08-29T14:56:03,36606,40192,91.1,181.67,50,28.1,108236,515804,21.0,31.69
2026-08-29T14:56:07,36606,40192,91.1,91.89,48,8.5,109301,515804,21.2,30.11
2026-08-29T14:56:10,36606,40192,91.1,183.33,50,20.7,125624,515804,24.4,28.58
2026-08-29T14:56:15,36606,40192,91.1,183.86,50,9.1,124565,515804,24.1,27.25
2026-08-29T14:56:18,36606,40192,91.1,182.49,50,17.1,120742,515804,23.4,27.25
2026-08-29T14:56:22,36606,40192,91.1,177.19,50,9.2,120261,515804,23.3,25.87
2026-08-29T14:56:25,36606,40192,91.1,179.06,50,9.2,121774,515804,23.6,24.60
2026-08-29T14:56:31,36606,40192,91.1,176.06,50,9.1,121123,515804,23.5,23.51
2026-08-29T14:56:34,36606,40192,91.1,179.27,50,42.2,105636,515804,20.5,22.75
2026-08-29T14:56:38,36606,40192,91.1,177.93,50,9.5,106059,515804,20.6,22.75
2026-08-29T14:56:41,36606,40192,91.1,180.32,50,10.4,98681,515804,19.1,21.89
2026-08-29T14:56:45,36606,40192,91.1,179.59,50,8.7,104765,515804,20.3,21.10
2026-08-29T14:56:48,36606,40192,91.1,180.40,50,10.0,113342,515804,22.0,21.10
2026-08-29T14:56:51,36606,40192,91.1,180.11,50,42.6,98702,515804,19.1,20.69
2026-08-29T14:56:55,36606,40192,91.1,179.51,50,30.2,110453,515804,21.4,20.15
2026-08-29T14:56:58,36606,40192,91.1,176.58,50,10.5,107520,515804,20.8,20.15
2026-08-29T14:57:02,36606,40192,91.1,173.45,50,25.7,122160,515804,23.7,19.58
2026-08-29T14:57:05,36606,40192,91.1,176.88,50,8.7,123662,515804,24.0,18.89
2026-08-29T14:57:09,36606,40192,91.1,168.28,50,17.2,118206,515804,22.9,18.89
2026-08-29T14:57:12,36606,40192,91.1,182.51,50,8.7,117889,515804,22.9,18.18
2026-08-29T14:57:15,36606,40192,91.1,177.40,50,9.7,113013,515804,21.9,17.60
2026-08-29T14:57:19,36606,40192,91.1,178.01,50,8.6,118720,515804,23.0,17.32
2026-08-29T14:57:22,36606,40192,91.1,176.58,50,9.3,123560,515804,24.0,17.32
2026-08-29T14:57:26,36606,40192,91.1,99.62,48,43.6,108484,515804,21.0,26.10
2026-08-29T14:57:29,36606,40192,91.1,177.93,50,8.9,104619,515804,20.3,24.97
2026-08-29T14:57:33,36606,40192,91.1,178.74,50,10.0,96343,515804,18.7,24.97
2026-08-29T14:57:36,36606,40192,91.1,180.62,50,8.6,103212,515804,20.0,23.85
2026-08-29T14:57:39,36606,40192,91.1,180.04,50,9.1,111842,515804,21.7,22.98
2026-08-29T14:57:43,36606,40192,91.1,178.53,50,37.0,97465,515804,18.9,22.98
2026-08-29T14:57:46,36606,40192,91.1,177.11,50,28.2,109482,515804,21.2,32.35
2026-08-29T14:57:50,36606,40192,91.1,177.11,51,9.2,111111,515804,21.5,30.56
2026-08-29T14:57:53,36606,40192,91.1,180.32,50,25.2,125511,515804,24.3,30.56
2026-08-29T14:57:57,36606,40192,91.1,180.86,50,9.6,126821,515804,24.6,28.92
2026-08-29T14:58:00,36606,40192,91.1,173.98,50,17.9,121195,515804,23.5,28.12
2026-08-29T14:58:03,36606,40192,91.1,179.30,50,9.0,121506,515804,23.6,28.12
2026-08-29T14:58:07,36606,40192,91.1,179.27,50,10.5,115674,515804,22.4,27.07
2026-08-29T14:58:10,36606,40192,91.1,173.90,50,10.6,120935,515804,23.4,26.02
2026-08-29T14:58:14,36606,40192,91.1,179.06,50,12.0,128838,515804,25.0,26.02
2026-08-29T14:58:17,36606,40192,91.1,181.46,50,42.7,106813,515804,20.7,25.06
2026-08-29T14:58:21,36606,40192,91.1,176.14,50,8.9,102917,515804,20.0,23.93
2026-08-29T14:58:24,36606,40192,91.1,175.00,50,9.8,95780,515804,18.6,23.06
2026-08-29T14:58:28,36606,40192,91.1,173.90,50,8.5,102331,515804,19.8,23.06
2026-08-29T14:58:31,36606,40192,91.1,174.18,50,9.5,110634,515804,21.4,22.09
2026-08-29T14:58:34,36606,40192,91.1,179.27,50,41.5,100309,515804,19.4,31.53
2026-08-29T14:58:38,36606,40192,91.1,178.98,50,27.5,108726,515804,21.1,31.53
2026-08-29T14:58:41,36606,40192,91.1,179.06,50,8.6,110470,515804,21.4,29.97
2026-08-29T14:58:45,36606,40192,91.1,178.77,50,25.2,125224,515804,24.3,28.37
2026-08-29T14:58:48,36606,40192,91.1,176.06,50,8.6,126884,515804,24.6,28.37
2026-08-29T14:58:52,36606,40192,91.1,182.72,50,17.3,121414,515804,23.5,27.06
2026-08-29T14:58:55,36606,40192,91.1,94.29,48,8.8,120488,515804,23.4,25.77
2026-08-29T14:58:58,36606,40192,91.1,179.59,50,9.7,113923,515804,22.1,25.77
2026-08-29T14:59:02,36606,40192,91.1,178.25,50,8.6,119668,515804,23.2,24.51
2026-08-29T14:59:05,36606,40192,91.1,78.26,48,9.6,128685,515804,24.9,23.43
2026-08-29T14:59:09,36606,40192,91.1,183.26,50,43.2,112521,515804,21.8,23.43
2026-08-29T14:59:12,36606,40192,91.1,179.27,50,8.7,106014,515804,20.6,22.51
2026-08-29T14:59:15,36606,40192,91.1,176.88,50,10.4,99709,515804,19.3,21.59
2026-08-29T14:59:19,36606,40192,91.1,175.53,50,8.9,104759,515804,20.3,21.59
2026-08-29T14:59:22,36606,40192,91.1,177.11,50,9.7,112036,515804,21.7,21.14
2026-08-29T14:59:26,36606,40192,91.1,180.11,50,37.7,101064,515804,19.6,20.57
2026-08-29T14:59:29,36606,40192,91.1,176.34,50,27.9,110665,515804,21.5,20.60
2026-08-29T14:59:33,36606,40192,91.1,180.11,50,11.1,112063,515804,21.7,20.60
2026-08-29T14:59:36,36606,40192,91.1,180.04,50,27.3,126345,515804,24.5,20.08
2026-08-29T14:59:40,36606,40192,91.1,175.32,50,8.8,123524,515804,23.9,19.35
2026-08-29T14:59:43,36606,40192,91.1,170.77,50,17.0,117765,515804,22.8,19.35
2026-08-29T14:59:46,36606,40192,91.1,179.59,50,9.5,119135,515804,23.1,18.60
2026-08-29T14:59:50,36606,40192,91.1,174.18,50,9.6,111717,515804,21.7,18.07
2026-08-29T14:59:53,36606,40192,91.1,176.34,50,8.9,117658,515804,22.8,18.07
2026-08-29T14:59:57,36606,40192,91.1,176.34,50,9.2,127716,515804,24.8,17.58
2026-08-29T15:00:00,36606,40192,91.1,176.67,50,37.3,107922,515804,20.9,18.02
2026-08-29T15:00:03,36606,40192,91.1,181.99,50,14.4,104249,515804,20.2,18.02
2026-08-29T15:00:07,36606,40192,91.1,180.62,50,9.5,101756,515804,19.7,17.46
2026-08-29T15:00:10,36606,40192,91.1,179.83,50,8.6,102256,515804,19.8,16.94
2026-08-29T15:00:14,36606,40192,91.1,182.72,50,9.6,108820,515804,21.1,16.94
2026-08-29T15:00:17,36606,40192,91.1,176.67,50,34.4,102127,515804,19.8,16.46
2026-08-29T15:00:21,36606,40192,91.1,177.40,50,27.6,109226,515804,21.2,26.52
2026-08-29T15:00:24,36606,40192,91.1,179.51,50,8.8,110797,515804,21.5,25.35
2026-08-29T15:00:28,36606,40192,91.1,180.04,50,26.5,125173,515804,24.3,25.35
2026-08-29T15:00:31,36606,40192,91.1,181.70,50,8.8,126800,515804,24.6,24.28
2026-08-29T15:00:35,36606,40192,91.1,181.38,50,16.8,122554,515804,23.8,23.94
2026-08-29T15:00:38,36606,40192,91.1,181.67,50,10.5,121970,515804,23.6,23.94
2026-08-29T15:00:41,36606,40192,91.1,176.06,50,10.4,114320,515804,22.2,23.30
2026-08-29T15:00:45,36606,40192,91.1,169.92,50,9.4,120645,515804,23.4,22.24
2026-08-29T15:00:48,36606,40192,91.1,177.19,50,10.7,129866,515804,25.2,22.24
2026-08-29T15:00:52,36606,40192,91.1,174.79,50,40.9,111099,515804,21.5,21.66
2026-08-29T15:00:55,36606,40192,91.1,179.06,50,17.0,106644,515804,20.7,20.72
2026-08-29T15:00:59,36606,40192,91.1,173.66,50,9.6,100787,515804,19.5,20.72
2026-08-29T15:01:02,36606,40192,91.1,178.74,50,8.8,99883,515804,19.4,20.03
2026-08-29T15:01:05,36606,40192,91.1,180.32,50,8.8,107226,515804,20.8,19.30
2026-08-29T15:01:09,36606,40192,91.1,162.96,50,33.2,99601,515804,19.3,23.28
2026-08-29T15:01:13,36606,40192,91.1,179.51,50,27.5,107607,515804,20.9,23.28
2026-08-29T15:01:16,36606,40192,91.1,175.85,50,8.5,109046,515804,21.1,22.30
2026-08-29T15:01:20,36606,40192,91.1,176.67,50,25.3,123724,515804,24.0,21.39
2026-08-29T15:01:23,36606,40192,91.1,178.25,50,8.7,125353,515804,24.3,21.39
2026-08-29T15:01:27,36606,40192,91.1,178.74,50,17.1,119747,515804,23.2,20.64
2026-08-29T15:01:30,36606,40192,91.1,179.83,50,9.8,120431,515804,23.3,19.87
2026-08-29T15:01:34,36606,40192,91.1,180.93,50,10.0,113934,515804,22.1,19.87
2026-08-29T15:01:37,36606,40192,91.1,179.27,50,8.5,119437,515804,23.2,19.16
2026-08-29T15:01:40,36606,40192,91.1,177.43,50,9.2,128509,515804,24.9,18.42
2026-08-29T15:01:44,36606,40192,91.1,179.80,50,42.4,112530,515804,21.8,18.42
2026-08-29T15:01:47,36606,40192,91.1,181.17,51,9.6,105662,515804,20.5,18.23
2026-08-29T15:01:51,36606,40192,91.1,182.20,50,9.7,98878,515804,19.2,17.57
2026-08-29T15:01:54,36606,40192,91.1,91.60,49,9.5,104390,515804,20.2,17.12
2026-08-29T15:01:58,36606,40192,91.1,181.17,50,9.9,111964,515804,21.7,17.12
2026-08-29T15:02:01,36606,40192,91.1,180.64,50,38.2,102652,515804,19.9,16.55
2026-08-29T15:02:05,36606,40192,91.1,179.59,50,28.7,110337,515804,21.4,16.03
2026-08-29T15:02:08,36606,40192,91.1,175.85,49,9.8,111848,515804,21.7,16.03
2026-08-29T15:02:11,36606,40192,91.1,175.32,50,23.3,126935,515804,24.6,16.11
2026-08-29T15:02:16,36606,40192,91.1,177.72,50,11.4,127437,515804,24.7,16.02
2026-08-29T15:02:19,36606,40192,91.1,182.80,50,17.7,118341,515804,22.9,15.86
2026-08-29T15:02:23,36606,40192,91.1,178.01,50,8.6,117438,515804,22.8,15.86
2026-08-29T15:02:26,36606,40192,91.1,175.85,50,9.6,113526,515804,22.0,15.55
2026-08-29T15:02:30,36606,40192,91.1,175.53,50,8.7,119413,515804,23.2,15.18
2026-08-29T15:02:33,36606,40192,91.1,88.96,48,9.4,121298,515804,23.5,15.18
2026-08-29T15:02:37,36606,40192,91.1,180.40,50,43.1,106296,515804,20.6,25.26
2026-08-29T15:02:40,36606,40192,91.1,180.32,51,8.7,104049,515804,20.2,24.04
2026-08-29T15:02:43,36606,40192,91.1,183.02,50,9.7,95857,515804,18.6,24.04
2026-08-29T15:02:47,36606,40192,91.1,178.74,50,8.4,103092,515804,20.0,23.07
2026-08-29T15:02:50,36606,40192,91.1,178.98,50,9.2,111891,515804,21.7,22.43
2026-08-29T15:02:54,36606,40192,91.1,178.53,50,39.0,97460,515804,18.9,22.43
2026-08-29T15:02:57,36606,40192,91.1,78.79,47,25.2,109825,515804,21.3,33.20
2026-08-29T15:03:01,36606,40192,91.1,176.34,50,8.5,110506,515804,21.4,31.42
2026-08-29T15:03:04,36606,40192,91.1,178.01,50,25.5,125341,515804,24.3,29.87
2026-08-29T15:03:08,36606,40192,91.1,183.33,50,9.3,126890,515804,24.6,29.87
2026-08-29T15:03:11,36606,40192,91.1,182.49,50,17.3,121751,515804,23.6,37.57
2026-08-29T15:03:15,36606,40192,91.1,176.34,50,9.4,120647,515804,23.4,35.68
2026-08-29T15:03:18,36606,40192,91.1,175.85,50,9.8,116648,515804,22.6,35.68
2026-08-29T15:03:22,36606,40192,91.1,178.74,50,9.3,122017,515804,23.7,33.70
2026-08-29T15:03:25,36606,40192,91.1,182.51,50,10.0,123864,515804,24.0,32.29
2026-08-29T15:03:28,36606,40192,91.1,177.72,50,47.4,110485,515804,21.4,32.29
2026-08-29T15:03:32,36606,40192,91.1,178.22,50,11.5,106728,515804,20.7,31.06
2026-08-29T15:03:35,36606,40192,91.1,183.33,50,12.0,98824,515804,19.2,29.77
2026-08-29T15:03:39,36606,40192,91.1,175.53,50,9.4,100962,515804,19.6,29.77
2026-08-29T15:03:42,36606,40192,91.1,177.19,50,9.2,110444,515804,21.4,28.35
2026-08-29T15:03:46,36606,40192,91.1,179.30,50,40.0,93925,515804,18.2,37.69
2026-08-29T15:03:49,36606,40192,91.1,182.80,50,27.9,107458,515804,20.8,35.63
2026-08-29T15:03:53,36606,40192,91.1,180.11,50,8.8,109027,515804,21.1,35.63
2026-08-29T15:03:56,36606,40192,91.1,183.04,50,24.7,123312,515804,23.9,43.91
2026-08-29T15:04:00,36606,40192,91.1,181.46,49,8.7,124868,515804,24.2,41.76
2026-08-29T15:04:03,36606,40192,91.1,179.83,50,17.2,119409,515804,23.2,41.76
2026-08-29T15:04:06,36606,40192,91.1,179.06,50,8.5,119081,515804,23.1,39.29
2026-08-29T15:04:10,36606,40192,91.1,181.46,50,9.7,114496,515804,22.2,36.95
2026-08-29T15:04:13,36606,40192,91.1,180.62,50,9.3,119686,515804,23.2,36.95
2026-08-29T15:04:17,36606,40192,91.1,180.11,50,9.2,125764,515804,24.4,35.03
2026-08-29T15:04:20,36606,40192,91.1,177.64,50,44.8,110619,515804,21.4,33.02
2026-08-29T15:04:24,36606,40192,91.1,177.72,50,8.9,105579,515804,20.5,33.02
2026-08-29T15:04:27,36606,40192,91.1,177.93,50,10.2,98075,515804,19.0,31.26
2026-08-29T15:04:31,36606,40192,91.1,175.00,50,8.6,104379,515804,20.2,29.64
2026-08-29T15:04:34,36606,40192,91.1,79.32,48,9.7,113718,515804,22.0,28.47
2026-08-29T15:04:38,36606,40192,91.1,178.25,50,37.4,96181,515804,18.6,28.47
2026-08-29T15:04:41,36606,40192,91.1,180.32,50,28.5,110847,515804,21.5,27.55
2026-08-29T15:04:45,36606,40192,91.1,85.85,50,9.4,111343,515804,21.6,26.70
2026-08-29T15:04:48,36606,40192,91.1,182.49,50,25.8,126301,515804,24.5,26.70
2026-08-29T15:04:51,36606,40192,91.1,181.14,50,11.4,127648,515804,24.7,25.68
2026-08-29T15:04:55,36606,40192,91.1,181.14,50,19.9,122123,515804,23.7,24.99
2026-08-29T15:04:58,36606,40192,91.1,183.02,51,10.1,116812,515804,22.6,24.99
2026-08-29T15:05:02,36606,40192,91.1,180.40,50,9.9,112159,515804,21.7,23.87
2026-08-29T15:05:05,36606,40192,91.1,179.83,50,8.6,118113,515804,22.9,22.92
2026-08-29T15:05:09,36606,40192,91.1,179.30,50,9.2,122427,515804,23.7,22.92
2026-08-29T15:05:12,36606,40192,91.1,179.27,50,46.2,109930,515804,21.3,32.29
2026-08-29T15:05:15,36606,40192,91.1,177.11,51,9.6,103564,515804,20.1,30.59
2026-08-29T15:05:19,36606,40192,91.1,182.80,51,9.6,101032,515804,19.6,30.59
2026-08-29T15:05:22,36606,40192,91.1,88.68,48,8.7,101796,515804,19.7,29.02
2026-08-29T15:05:26,36606,40192,91.1,180.11,50,8.9,109235,515804,21.2,27.58
2026-08-29T15:05:29,36606,40192,91.1,178.01,50,36.0,98984,515804,19.2,26.41
2026-08-29T15:05:33,36606,40192,91.1,177.40,51,28.2,108849,515804,21.1,26.41
2026-08-29T15:05:36,36606,40192,91.1,176.88,50,8.6,110178,515804,21.4,25.09
2026-08-29T15:05:40,36606,40192,91.1,175.00,50,25.5,124861,515804,24.2,23.97
2026-08-29T15:05:43,36606,40192,91.1,176.91,50,8.8,126448,515804,24.5,23.97
2026-08-29T15:05:47,36606,40192,91.1,176.88,50,18.0,120636,515804,23.4,22.93
2026-08-29T15:05:50,36606,40192,91.1,181.99,50,8.4,120830,515804,23.4,22.05
2026-08-29T15:05:54,36606,40192,91.1,180.86,50,9.6,115298,515804,22.4,22.05
2026-08-29T15:05:57,36606,40192,91.1,178.46,50,9.5,120488,515804,23.4,21.09
2026-08-29T15:06:00,36606,40192,91.1,176.58,50,10.3,128155,515804,24.8,20.76
2026-08-29T15:06:04,36606,40192,91.1,180.62,50,42.1,112781,515804,21.9,20.76
2026-08-29T15:06:07,36606,40192,91.1,183.54,50,9.9,106575,515804,20.7,20.38
2026-08-29T15:06:11,36606,40192,91.1,179.83,50,11.8,99607,515804,19.3,19.87
2026-08-29T15:06:14,36606,40192,91.1,182.49,50,11.2,105085,515804,20.4,19.87
2026-08-29T15:06:18,36606,40192,91.1,181.67,50,10.8,108090,515804,21.0,19.40
2026-08-29T15:06:21,36606,40192,91.1,179.59,50,38.4,96746,515804,18.8,18.72
2026-08-29T15:06:25,36606,40192,91.1,178.25,51,27.7,106644,515804,20.7,18.10
2026-08-29T15:06:28,36606,40192,91.1,79.60,48,8.7,108238,515804,21.0,18.10
2026-08-29T15:06:31,36606,40192,91.1,181.91,50,25.3,122956,515804,23.8,17.54
2026-08-29T15:06:35,36606,40192,91.1,180.93,50,9.0,124364,515804,24.1,17.09
2026-08-29T15:06:38,36606,40192,91.1,96.69,49,16.6,118905,515804,23.1,17.09
2026-08-29T15:06:42,36606,40192,91.1,177.43,50,9.4,119557,515804,23.2,16.68
2026-08-29T15:06:45,36606,40192,91.1,177.19,50,9.6,113371,515804,22.0,16.15
2026-08-29T15:06:49,36606,40192,91.1,181.67,50,8.5,118872,515804,23.0,16.15
2026-08-29T15:06:52,36606,40192,91.1,177.19,50,9.4,128201,515804,24.9,15.74
2026-08-29T15:06:55,36606,40192,91.1,180.93,50,41.5,110719,515804,21.5,15.60
2026-08-29T15:06:59,36606,40192,91.1,182.51,50,8.6,105190,515804,20.4,15.60
2026-08-29T15:07:02,36606,40192,91.1,181.46,50,9.9,99654,515804,19.3,15.31
2026-08-29T15:07:06,36606,40192,91.1,179.80,50,8.7,104163,515804,20.2,14.96
2026-08-29T15:07:09,36606,40192,91.1,90.02,48,9.7,110313,515804,21.4,14.96
2026-08-29T15:07:13,36606,40192,91.1,180.32,50,34.5,101153,515804,19.6,14.65
2026-08-29T15:07:16,36606,40192,91.1,182.72,51,27.4,110205,515804,21.4,24.76
2026-08-29T15:07:20,36606,40192,91.1,79.60,49,9.4,111547,515804,21.6,23.66
2026-08-29T15:07:23,36606,40192,91.1,181.17,50,26.7,126073,515804,24.4,23.66
2026-08-29T15:07:27,36606,40192,91.1,182.80,50,9.6,127415,515804,24.7,22.89
2026-08-29T15:07:30,36606,40192,91.1,179.59,50,16.6,121711,515804,23.6,28.26
2026-08-29T15:07:33,36606,40192,91.1,183.26,51,12.3,122647,515804,23.8,28.26
2026-08-29T15:07:37,36606,40192,91.1,176.58,50,12.2,115013,515804,22.3,26.80
2026-08-29T15:07:40,36606,40192,91.1,175.00,50,8.8,116889,515804,22.7,25.53
2026-08-29T15:07:44,36606,40192,91.1,177.93,50,9.4,127108,515804,24.6,25.53
2026-08-29T15:07:47,36606,40192,91.1,132.49,50,42.6,111654,515804,21.6,24.37
2026-08-29T15:07:51,36606,40192,91.1,177.19,50,8.8,103480,515804,20.1,23.22
2026-08-29T15:07:54,36606,40192,91.1,180.62,50,9.6,99726,515804,19.3,23.22
2026-08-29T15:07:58,36606,40192,91.1,174.51,50,8.7,101994,515804,19.8,22.24
2026-08-29T15:08:01,36606,40192,91.1,183.33,50,9.0,109235,515804,21.2,21.34
2026-08-29T15:08:05,36606,40192,91.1,176.38,50,36.0,100128,515804,19.4,20.75
2026-08-29T15:08:08,36606,40192,91.1,176.88,51,27.2,108573,515804,21.0,20.75
2026-08-29T15:08:12,36606,40192,91.1,181.38,51,8.6,110198,515804,21.4,19.89
2026-08-29T15:08:15,36606,40192,91.1,179.30,50,26.1,124570,515804,24.2,19.42
2026-08-29T15:08:18,36606,40192,91.1,181.46,50,8.8,126125,515804,24.5,19.42
2026-08-29T15:08:22,36606,40192,91.1,164.30,50,16.8,120413,515804,23.3,18.82
2026-08-29T15:08:25,36606,40192,91.1,178.01,50,9.3,121890,515804,23.6,18.20
2026-08-29T15:08:29,36606,40192,91.1,179.59,50,10.5,114255,515804,22.2,18.20
2026-08-29T15:08:32,36606,40192,91.1,179.83,50,8.6,120251,515804,23.3,17.54
2026-08-29T15:08:36,36606,40192,91.1,181.46,49,9.9,130326,515804,25.3,17.10
2026-08-29T15:08:39,36606,40192,91.1,183.33,50,40.3,110650,515804,21.5,17.10
2026-08-29T15:08:42,36606,40192,91.1,181.46,50,15.5,106412,515804,20.6,16.85
2026-08-29T15:08:46,36606,40192,91.1,176.06,50,10.4,103913,515804,20.1,16.62
2026-08-29T15:08:49,36606,40192,91.1,178.98,50,9.5,104286,515804,20.2,16.62
2026-08-29T15:08:53,36606,40192,91.1,182.49,50,11.4,110953,515804,21.5,16.41
2026-08-29T15:08:56,36606,40192,91.1,181.91,50,38.6,104064,515804,20.2,16.38
2026-08-29T15:09:00,36606,40192,91.1,180.04,51,27.6,106617,515804,20.7,16.51
2026-08-29T15:09:03,36606,40192,91.1,180.32,50,8.8,108125,515804,21.0,16.51
2026-08-29T15:09:07,36606,40192,91.1,175.53,50,25.6,123180,515804,23.9,15.99
2026-08-29T15:09:10,36606,40192,91.1,176.14,50,8.6,124392,515804,24.1,15.59
2026-08-29T15:09:14,36606,40192,91.1,178.53,50,15.5,120186,515804,23.3,15.59
2026-08-29T15:09:17,36606,40192,91.1,181.38,50,10.8,119566,515804,23.2,15.30
2026-08-29T15:09:20,36606,40192,91.1,179.30,51,9.7,111799,515804,21.7,15.03
2026-08-29T15:09:24,36606,40192,91.1,179.59,50,8.5,118787,515804,23.0,15.03
2026-08-29T15:09:27,36606,40192,91.1,179.27,50,9.2,128984,515804,25.0,14.79
2026-08-29T15:09:31,36606,40192,91.1,160.08,49,40.1,110083,515804,21.3,25.38
2026-08-29T15:09:34,36606,40192,91.1,178.01,50,15.1,105739,515804,20.5,25.38
2026-08-29T15:09:38,36606,40192,91.1,183.04,51,9.4,103545,515804,20.1,24.23
2026-08-29T15:09:41,36606,40192,91.1,178.46,50,8.7,103755,515804,20.1,23.09
2026-08-29T15:09:45,36606,40192,91.1,91.89,48,9.0,110844,515804,21.5,23.09
2026-08-29T15:09:48,36606,40192,91.1,157.63,50,36.3,103769,515804,20.1,22.20
2026-08-29T15:09:52,36606,40192,91.1,179.59,50,27.3,111259,515804,21.6,31.47
2026-08-29T15:09:55,36606,40192,91.1,182.80,50,9.2,112905,515804,21.9,29.75
2026-08-29T15:09:59,36606,40192,91.1,82.82,48,25.9,127501,515804,24.7,29.75
2026-08-29T15:10:02,36606,40192,91.1,180.86,50,9.6,127439,515804,24.7,28.49
2026-08-29T15:10:06,36606,40192,91.1,179.06,50,17.7,121374,515804,23.5,33.42
2026-08-29T15:10:09,36606,40192,91.1,177.64,51,10.6,122800,515804,23.8,33.42
2026-08-29T15:10:12,36606,40192,91.1,82.00,47,12.0,115798,515804,22.5,31.94
2026-08-29T15:10:16,36606,40192,91.1,182.49,50,10.5,116483,515804,22.6,30.66
2026-08-29T15:10:20,36606,40192,91.1,179.51,50,9.5,126968,515804,24.6,30.66
2026-08-29T15:10:23,36606,40192,91.1,74.61,48,43.5,111688,515804,21.7,29.01
2026-08-29T15:10:26,36606,40192,91.1,177.64,50,8.8,103287,515804,20.0,27.57
2026-08-29T15:10:30,36606,40192,91.1,176.38,50,9.5,99135,515804,19.2,26.32
2026-08-29T15:10:33,36606,40192,91.1,180.04,50,9.0,101417,515804,19.7,26.32
2026-08-29T15:10:37,36606,40192,91.1,175.57,50,8.9,108836,515804,21.1,25.17
2026-08-29T15:10:40,36606,40192,91.1,172.84,50,35.6,102839,515804,19.9,34.53
2026-08-29T15:10:45,36606,40192,91.1,173.17,50,19.2,109674,515804,21.3,32.64
2026-08-29T15:10:49,36606,40192,91.1,177.43,50,8.6,108930,515804,21.1,32.64
2026-08-29T15:10:52,36606,40192,91.1,179.27,50,26.4,125436,515804,24.3,30.99
2026-08-29T15:10:55,36606,40192,91.1,158.68,50,13.3,120316,515804,23.3,29.39
2026-08-29T15:11:01,36606,40192,91.1,181.14,50,9.1,120997,515804,23.5,28.08
2026-08-29T15:11:05,36606,40192,91.1,174.71,50,9.6,114781,515804,22.3,26.71
2026-08-29T15:11:08,36606,40192,91.1,178.74,50,9.3,119941,515804,23.3,26.71
2026-08-29T15:11:11,36606,40192,91.1,180.62,50,9.2,128478,515804,24.9,25.61
2026-08-29T15:11:15,36606,40192,91.1,179.27,50,43.6,112116,515804,21.7,35.65
2026-08-29T15:11:18,36606,40192,91.1,102.06,48,9.4,106423,515804,20.6,35.65
2026-08-29T15:11:22,36606,40192,91.1,178.77,50,10.4,100011,515804,19.4,33.92
2026-08-29T15:11:25,36606,40192,91.1,179.59,50,9.6,105157,515804,20.4,32.40
2026-08-29T15:11:29,36606,40192,91.1,180.93,50,11.0,113347,515804,22.0,32.40
2026-08-29T15:11:32,36606,40192,91.1,175.24,49,41.2,101103,515804,19.6,31.01
2026-08-29T15:11:36,36606,40192,91.1,176.67,50,29.3,110872,515804,21.5,29.73
2026-08-29T15:11:39,36606,40192,91.1,175.03,50,8.8,108032,515804,20.9,29.73
2026-08-29T15:11:43,36606,40192,91.1,78.55,47,25.1,122634,515804,23.8,28.15
2026-08-29T15:11:46,36606,40192,91.1,176.14,50,8.6,124210,515804,24.1,26.85
2026-08-29T15:11:50,36606,40192,91.1,174.71,50,16.8,118863,515804,23.0,26.85
2026-08-29T15:11:53,36606,40192,91.1,174.71,50,9.1,119148,515804,23.1,25.58
2026-08-29T15:11:56,36606,40192,91.1,172.84,50,9.5,113228,515804,22.0,24.50
2026-08-29T15:12:00,36606,40192,91.1,180.86,50,8.5,118798,515804,23.0,23.50
2026-08-29T15:12:03,36606,40192,91.1,177.93,50,9.2,126280,515804,24.5,23.50
2026-08-29T15:12:07,36606,40192,91.1,180.64,50,44.3,110897,515804,21.5,33.06
2026-08-29T15:12:10,36606,40192,91.1,174.51,50,8.7,105102,515804,20.4,31.62
2026-08-29T15:12:14,36606,40192,91.1,181.46,50,10.4,98643,515804,19.1,31.62
2026-08-29T15:12:17,36606,40192,91.1,180.64,50,8.6,103909,515804,20.1,29.97
2026-08-29T15:12:20,36606,40192,91.1,176.34,50,9.2,111759,515804,21.7,28.53
2026-08-29T15:12:24,36606,40192,91.1,179.30,50,40.1,99847,515804,19.4,28.53
2026-08-29T15:12:27,36606,40192,91.1,173.90,50,26.6,110150,515804,21.4,36.09
2026-08-29T15:12:31,36606,40192,91.1,182.27,50,8.6,111028,515804,21.5,34.00
2026-08-29T15:12:34,36606,40192,91.1,183.56,50,25.5,125961,515804,24.4,34.00
2026-08-29T15:12:38,36606,40192,91.1,174.18,50,9.3,127319,515804,24.7,32.48
2026-08-29T15:12:41,36606,40192,91.1,177.72,50,17.7,122091,515804,23.7,41.57
2026-08-29T15:12:45,36606,40192,91.1,182.20,50,9.5,121199,515804,23.5,39.20
2026-08-29T15:12:48,36606,40192,91.1,181.14,50,10.8,116658,515804,22.6,39.20
2026-08-29T15:12:52,36606,40192,91.1,177.64,50,11.2,121993,515804,23.7,37.27
2026-08-29T15:12:55,36606,40192,91.1,178.22,50,11.4,122447,515804,23.7,35.48
2026-08-29T15:12:59,36606,40192,91.1,174.27,50,46.3,107491,515804,20.8,35.48
2026-08-29T15:13:02,36606,40192,91.1,176.38,50,9.0,102946,515804,20.0,33.44
2026-08-29T15:13:06,36606,40192,91.1,180.32,50,9.5,94778,515804,18.4,31.64
2026-08-29T15:13:09,36606,40192,91.1,183.33,50,8.5,101910,515804,19.8,31.64
2026-08-29T15:13:12,36606,40192,91.1,137.57,50,9.4,110087,515804,21.3,29.99
2026-08-29T15:13:16,36606,40192,91.1,178.01,50,39.0,97470,515804,18.9,38.80
2026-08-29T15:13:19,36606,40192,91.1,181.99,50,27.7,107961,515804,20.9,38.80
2026-08-29T15:13:23,36606,40192,91.1,80.42,48,8.7,109578,515804,21.2,36.49
2026-08-29T15:13:26,36606,40192,91.1,182.49,50,25.6,124260,515804,24.1,34.45
2026-08-29T15:13:29,36606,40192,91.1,181.38,50,8.8,125908,515804,24.4,34.45
2026-08-29T15:13:33,36606,40192,91.1,92.42,48,17.9,120061,515804,23.3,32.49
2026-08-29T15:13:36,36606,40192,91.1,173.37,50,8.6,120496,515804,23.4,31.01
2026-08-29T15:13:40,36606,40192,91.1,178.01,50,9.5,114742,515804,22.2,29.65
2026-08-29T15:13:43,36606,40192,91.1,180.40,50,8.5,120674,515804,23.4,29.65
2026-08-29T15:13:47,36606,40192,91.1,178.25,50,10.1,126302,515804,24.5,28.48
2026-08-29T15:13:50,36606,40192,91.1,176.14,50,43.2,111612,515804,21.6,37.49
2026-08-29T15:13:54,36606,40192,91.1,87.33,48,8.9,106276,515804,20.6,37.49
2026-08-29T15:13:57,36606,40192,91.1,176.91,50,10.5,99653,515804,19.3,35.69
2026-08-29T15:14:00,36606,40192,91.1,181.70,50,9.5,104863,515804,20.3,34.03
2026-08-29T15:14:04,36606,40192,91.1,176.67,50,10.2,111976,515804,21.7,34.03
2026-08-29T15:14:07,36606,40192,91.1,75.58,48,36.2,100353,515804,19.5,32.27
2026-08-29T15:14:11,36606,40192,91.1,174.48,50,30.1,110713,515804,21.5,30.80
2026-08-29T15:14:14,36606,40192,91.1,181.67,50,11.3,112032,515804,21.7,30.80
2026-08-29T15:14:18,36606,40192,91.1,179.51,49,26.6,122110,515804,23.7,29.54
2026-08-29T15:14:21,36606,40192,91.1,179.51,50,8.7,123754,515804,24.0,27.97
2026-08-29T15:14:24,36606,40192,91.1,168.38,50,16.5,118178,515804,22.9,27.97
2026-08-29T15:14:28,36606,40192,91.1,178.25,50,9.3,118844,515804,23.0,26.61
2026-08-29T15:14:31,36606,40192,91.1,176.91,50,10.1,112690,515804,21.8,25.44
2026-08-29T15:14:35,36606,40192,91.1,174.27,50,8.5,118273,515804,22.9,24.37
2026-08-29T15:14:38,36606,40192,91.1,180.64,50,9.3,125296,515804,24.3,24.37
2026-08-29T15:14:42,36606,40192,91.1,173.45,50,44.1,109141,515804,21.2,34.03
2026-08-29T15:14:45,36606,40192,91.1,176.58,50,8.7,104608,515804,20.3,32.18
2026-08-29T15:14:48,36606,40192,91.1,179.27,50,9.7,97623,515804,18.9,32.18
2026-08-29T15:14:52,36606,40192,91.1,181.67,50,9.2,103395,515804,20.0,30.41
2026-08-29T15:14:55,36606,40192,91.1,179.80,50,9.0,111326,515804,21.6,28.93
2026-08-29T15:14:59,36606,40192,91.1,85.75,48,39.0,98937,515804,19.2,28.93
2026-08-29T15:15:02,36606,40192,91.1,178.25,50,27.7,109456,515804,21.2,37.67
2026-08-29T15:15:06,36606,40192,91.1,177.43,50,9.2,111087,515804,21.5,35.45
2026-08-29T15:15:09,36606,40192,91.1,179.80,50,25.7,125431,515804,24.3,35.45
2026-08-29T15:15:12,36606,40192,91.1,178.98,50,8.7,126994,515804,24.6,33.41
2026-08-29T15:15:16,36606,40192,91.1,172.40,50,18.0,121195,515804,23.5,32.26
2026-08-29T15:15:19,36606,40192,91.1,180.64,50,10.1,121655,515804,23.6,32.26
2026-08-29T15:15:23,36606,40192,91.1,182.49,50,9.6,115292,515804,22.4,30.56
2026-08-29T15:15:26,36606,40192,91.1,180.86,50,9.5,120842,515804,23.4,28.99
2026-08-29T15:15:30,36606,40192,91.1,180.32,50,11.6,130347,515804,25.3,28.99
2026-08-29T15:15:33,36606,40192,91.1,175.03,50,45.3,114637,515804,22.2,28.19
2026-08-29T15:15:37,36606,40192,91.1,172.92,50,10.8,102337,515804,19.8,27.13
2026-08-29T15:15:40,36606,40192,91.1,179.30,50,9.8,97987,515804,19.0,26.00
2026-08-29T15:15:43,36606,40192,91.1,180.40,50,8.7,101489,515804,19.7,26.00
2026-08-29T15:15:47,36606,40192,91.1,180.64,50,9.0,109031,515804,21.1,24.80
2026-08-29T15:15:50,36606,40192,91.1,178.22,50,39.5,98116,515804,19.0,34.18
2026-08-29T15:15:54,36606,40192,91.1,174.51,50,27.8,107607,515804,20.9,34.18
2026-08-29T15:15:57,36606,40192,91.1,182.51,50,8.8,109164,515804,21.2,32.33
2026-08-29T15:16:01,36606,40192,91.1,176.88,50,25.4,123802,515804,24.0,30.78
2026-08-29T15:16:04,36606,40192,91.1,181.17,50,8.7,125363,515804,24.3,30.78
2026-08-29T15:16:07,36606,40192,91.1,180.11,50,17.0,119683,515804,23.2,29.20
2026-08-29T15:16:11,36606,40192,91.1,176.14,50,9.7,121173,515804,23.5,27.74
2026-08-29T15:16:14,36606,40192,91.1,96.16,48,9.7,113370,515804,22.0,27.74
2026-08-29T15:16:18,36606,40192,91.1,180.32,50,8.5,119501,515804,23.2,26.32
2026-08-29T15:16:21,36606,40192,91.1,178.74,50,9.2,129635,515804,25.1,25.09
2026-08-29T15:16:25,36606,40192,91.1,175.57,50,42.5,114748,515804,22.2,25.09
2026-08-29T15:16:28,36606,40192,91.1,181.46,50,9.8,105800,515804,20.5,24.28
2026-08-29T15:16:31,36606,40192,91.1,179.59,50,9.5,100846,515804,19.6,23.22
2026-08-29T15:16:35,36606,40192,91.1,178.98,50,9.6,104379,515804,20.2,22.32
2026-08-29T15:16:38,36606,40192,91.1,181.46,50,9.8,111658,515804,21.6,22.32
2026-08-29T15:16:42,36606,40192,91.1,182.20,50,37.8,102127,515804,19.8,21.33
2026-08-29T15:16:45,36606,40192,91.1,179.06,50,27.5,110562,515804,21.4,20.59
2026-08-29T15:16:49,36606,40192,91.1,173.90,51,10.2,112134,515804,21.7,20.59
2026-08-29T15:16:52,36606,40192,91.1,176.58,50,27.9,126381,515804,24.5,20.14
2026-08-29T15:16:56,36606,40192,91.1,182.27,50,11.1,127694,515804,24.8,19.65
2026-08-29T15:16:59,36606,40192,91.1,177.19,50,47.8,117489,515804,22.8,19.65
2026-08-29T15:17:03,36606,40192,91.1,178.46,50,8.6,118211,515804,22.9,18.95
2026-08-29T15:17:06,36606,40192,91.1,100.19,48,9.5,112146,515804,21.7,18.32
2026-08-29T15:17:10,36606,40192,91.1,175.24,50,8.6,117991,515804,22.9,18.32
2026-08-29T15:17:13,36606,40192,91.1,173.98,50,9.6,126179,515804,24.5,17.81
2026-08-29T15:17:17,36606,40192,91.1,177.72,50,42.3,110255,515804,21.4,27.04
2026-08-29T15:17:20,36606,40192,91.1,178.01,50,8.8,104037,515804,20.2,25.83
2026-08-29T15:17:23,36606,40192,91.1,179.59,50,9.6,97027,515804,18.8,25.83
2026-08-29T15:17:27,36606,40192,91.1,180.11,50,8.4,103084,515804,20.0,24.56
2026-08-29T15:17:30,36606,40192,91.1,85.99,48,9.1,110730,515804,21.5,23.88
2026-08-29T15:17:34,36606,40192,91.1,177.93,50,41.1,100951,515804,19.6,23.88
2026-08-29T15:17:37,36606,40192,91.1,177.43,50,27.4,109029,515804,21.1,22.85
2026-08-29T15:17:41,36606,40192,91.1,176.88,51,8.7,110589,515804,21.4,21.82
2026-08-29T15:17:44,36606,40192,91.1,176.34,50,25.4,125240,515804,24.3,21.82
2026-08-29T15:17:48,36606,40192,91.1,175.57,50,9.5,126602,515804,24.5,21.11
2026-08-29T15:17:51,36606,40192,91.1,95.87,48,16.7,120828,515804,23.4,20.54
2026-08-29T15:17:54,36606,40192,91.1,177.72,50,9.4,122257,515804,23.7,20.54
2026-08-29T15:17:58,36606,40192,91.1,179.83,51,10.8,114892,515804,22.3,20.26
2026-08-29T15:18:01,36606,40192,91.1,178.53,50,9.4,120472,515804,23.4,19.76
2026-08-29T15:18:05,36606,40192,91.1,178.01,50,10.2,130565,515804,25.3,19.76
2026-08-29T15:18:08,36606,40192,91.1,180.40,50,42.7,113677,515804,22.0,19.05
2026-08-29T15:18:12,36606,40192,91.1,179.83,51,11.4,106341,515804,20.6,18.73
2026-08-29T15:18:16,36606,40192,91.1,180.11,50,12.2,99845,515804,19.4,18.11
2026-08-29T15:18:19,36606,40192,91.1,180.32,50,9.7,100797,515804,19.5,18.11
2026-08-29T15:18:23,36606,40192,91.1,175.24,50,9.3,110607,515804,21.4,17.54
2026-08-29T15:18:26,36606,40192,91.1,176.34,50,42.3,97516,515804,18.9,22.94
2026-08-29T15:18:30,36606,40192,91.1,181.70,51,22.0,108463,515804,21.0,22.94
2026-08-29T15:18:33,36606,40192,91.1,180.64,50,8.7,107634,515804,20.9,22.07
2026-08-29T15:18:37,36606,40192,91.1,179.80,50,25.9,124042,515804,24.0,21.10
2026-08-29T15:18:40,36606,40192,91.1,179.80,50,8.7,123830,515804,24.0,20.53
2026-08-29T15:18:44,36606,40192,91.1,180.86,50,47.5,119991,515804,23.3,20.53
2026-08-29T15:18:47,36606,40192,91.1,178.46,51,9.3,119310,515804,23.1,20.17
2026-08-29T15:18:51,36606,40192,91.1,178.46,50,8.7,116746,515804,22.6,19.35
2026-08-29T15:18:54,36606,40192,91.1,177.19,50,9.4,122386,515804,23.7,19.35
2026-08-29T15:18:58,36606,40192,91.1,142.66,50,18.3,119164,515804,23.1,18.84
2026-08-29T15:19:01,36606,40192,91.1,179.83,51,34.3,104894,515804,20.3,18.22
2026-08-29T15:19:05,36606,40192,91.1,175.00,50,8.5,104323,515804,20.2,18.22
2026-08-29T15:19:08,36606,40192,91.1,176.34,50,10.5,99106,515804,19.2,17.72
2026-08-29T15:19:12,36606,40192,91.1,181.14,50,8.6,104348,515804,20.2,17.18
2026-08-29T15:19:15,36606,40192,91.1,179.30,50,9.2,113550,515804,22.0,16.85
2026-08-29T15:19:19,36606,40192,91.1,182.80,50,41.8,93878,515804,18.2,16.85
2026-08-29T15:19:22,36606,40192,91.1,183.56,50,27.6,111292,515804,21.6,16.38
2026-08-29T15:19:25,36606,40192,91.1,81.48,47,21.4,135592,515804,26.3,16.11
2026-08-29T15:19:30,36606,40192,91.1,179.51,50,9.3,127601,515804,24.7,16.02
2026-08-29T15:19:33,36606,40192,91.1,172.32,50,17.2,131824,515804,25.6,16.02
2026-08-29T15:19:37,36606,40192,91.1,179.80,50,13.7,122538,515804,23.8,24.91
2026-08-29T15:19:41,36606,40192,91.1,178.74,50,9.4,113580,515804,22.0,24.03
2026-08-29T15:19:46,36606,40192,91.1,90.55,48,8.6,119487,515804,23.2,22.99
2026-08-29T15:19:49,36606,40192,91.1,180.11,50,9.2,118349,515804,22.9,22.99
2026-08-29T15:19:53,36606,40192,91.1,180.32,50,44.5,105199,515804,20.4,32.28
2026-08-29T15:19:56,36606,40192,91.1,177.19,50,8.8,103757,515804,20.1,30.49
2026-08-29T15:20:00,36606,40192,91.1,176.91,50,9.5,96137,515804,18.6,30.49
2026-08-29T15:20:03,36606,40192,91.1,178.01,50,8.5,102698,515804,19.9,28.93
2026-08-29T15:20:07,36606,40192,91.1,177.43,50,9.2,112453,515804,21.8,27.82
2026-08-29T15:20:10,36606,40192,91.1,173.98,50,44.6,94824,515804,18.4,27.82
2026-08-29T15:20:13,36606,40192,91.1,174.51,50,28.4,109518,515804,21.2,26.95
2026-08-29T15:20:17,36606,40192,91.1,176.14,50,8.6,110066,515804,21.3,25.59
2026-08-29T15:20:20,36606,40192,91.1,178.74,50,25.1,124962,515804,24.2,24.58
2026-08-29T15:20:24,36606,40192,91.1,180.11,50,8.6,126632,515804,24.6,24.58
2026-08-29T15:20:27,36606,40192,91.1,179.51,50,16.7,121684,515804,23.6,33.91
2026-08-29T15:20:31,36606,40192,91.1,176.38,50,8.5,120976,515804,23.5,31.99
2026-08-29T15:20:35,36606,40192,91.1,173.98,50,9.6,117681,515804,22.8,31.99
2026-08-29T15:20:38,36606,40192,91.1,176.58,50,9.7,123948,515804,24.0,30.47
2026-08-29T15:20:41,36606,40192,91.1,111.95,49,24.8,121281,515804,23.5,29.31
2026-08-29T15:20:45,36606,40192,91.1,177.40,50,27.8,107642,515804,20.9,28.33
2026-08-29T15:20:49,36606,40192,91.1,183.54,50,9.0,106660,515804,20.7,28.33
2026-08-29T15:20:52,36606,40192,91.1,178.53,50,12.4,102032,515804,19.8,26.94
2026-08-29T15:20:56,36606,40192,91.1,179.59,50,11.2,107596,515804,20.9,25.90
2026-08-29T15:20:59,36606,40192,91.1,174.79,50,10.5,107319,515804,20.8,25.90
2026-08-29T15:21:03,36606,40192,91.1,176.14,50,55.4,113790,515804,22.1,35.36
2026-08-29T15:21:06,36606,40192,91.1,177.19,50,12.0,109833,515804,21.3,33.49
2026-08-29T15:21:10,36606,40192,91.1,172.92,50,16.0,119771,515804,23.2,33.49
2026-08-29T15:21:13,36606,40192,91.1,183.04,50,17.5,124603,515804,24.2,41.86
2026-08-29T15:21:17,36606,40192,91.1,180.04,50,8.8,123772,515804,24.0,39.39
2026-08-29T15:21:20,36606,40192,91.1,181.91,50,17.2,119755,515804,23.2,37.19
2026-08-29T15:21:24,36606,40192,91.1,175.53,50,9.6,118693,515804,23.0,37.19
2026-08-29T15:21:27,36606,40192,91.1,180.04,50,8.6,117592,515804,22.8,35.10
2026-08-29T15:21:30,36606,40192,91.1,181.67,50,9.1,124700,515804,24.2,33.25
2026-08-29T15:21:34,36606,40192,91.1,177.11,50,34.8,116462,515804,22.6,33.25
2026-08-29T15:21:38,36606,40192,91.1,181.70,50,15.2,105138,515804,20.4,41.87
2026-08-29T15:21:41,36606,40192,91.1,181.17,50,9.0,103970,515804,20.2,39.40
2026-08-29T15:21:44,36606,40192,91.1,182.27,50,8.9,101264,515804,19.6,39.40
2026-08-29T15:21:48,36606,40192,91.1,180.11,50,9.4,107271,515804,20.8,37.13
2026-08-29T15:21:51,36606,40192,91.1,169.96,50,21.7,104160,515804,20.2,35.28
2026-08-29T15:21:55,36606,40192,91.1,181.38,50,41.5,110481,515804,21.4,33.49
2026-08-29T15:21:59,36606,40192,91.1,181.99,50,9.6,111341,515804,21.6,33.49
2026-08-29T15:22:02,36606,40192,91.1,174.18,50,26.4,131854,515804,25.6,31.61
2026-08-29T15:22:05,36606,40192,91.1,179.30,50,9.1,127464,515804,24.7,29.96
2026-08-29T15:22:09,36606,40192,91.1,178.01,50,16.7,127959,515804,24.8,29.96
2026-08-29T15:22:12,36606,40192,91.1,180.11,50,11.8,122570,515804,23.8,28.36
2026-08-29T15:22:16,36606,40192,91.1,179.83,50,12.1,115786,515804,22.4,27.53
2026-08-29T15:22:19,36606,40192,91.1,173.69,50,10.3,116563,515804,22.6,27.53
2026-08-29T15:22:23,36606,40192,91.1,179.30,50,9.2,124372,515804,24.1,26.29
2026-08-29T15:22:26,36606,40192,91.1,182.49,50,38.9,113685,515804,22.0,35.15
2026-08-29T15:22:30,36606,40192,91.1,179.06,50,14.4,103358,515804,20.0,35.15
2026-08-29T15:22:33,36606,40192,91.1,79.60,49,9.1,102314,515804,19.8,33.22
2026-08-29T15:22:37,36606,40192,91.1,180.40,50,9.1,99323,515804,19.3,31.44
2026-08-29T15:22:40,36606,40192,91.1,180.11,50,8.8,105509,515804,20.5,31.44
2026-08-29T15:22:43,36606,40192,91.1,177.93,50,14.9,102620,515804,19.9,29.80
2026-08-29T15:22:47,36606,40192,91.1,183.04,50,53.8,114120,515804,22.1,28.30
2026-08-29T15:22:50,36606,40192,91.1,181.46,50,8.8,110047,515804,21.3,27.15
2026-08-29T15:22:54,36606,40192,91.1,174.79,50,25.3,134298,515804,26.0,27.15
2026-08-29T15:22:57,36606,40192,91.1,182.51,50,9.1,125994,515804,24.4,25.94
2026-08-29T15:23:01,36606,40192,91.1,179.30,50,15.3,127642,515804,24.7,24.66
2026-08-29T15:23:05,36606,40192,91.1,182.27,50,10.2,121391,515804,23.5,24.66
2026-08-29T15:23:08,36606,40192,91.1,177.64,51,10.2,116253,515804,22.5,23.49
2026-08-29T15:23:11,36606,40192,91.1,182.49,50,8.8,120146,515804,23.3,22.81
2026-08-29T15:23:15,36606,40192,91.1,83.06,48,9.1,127822,515804,24.8,22.81
2026-08-29T15:23:18,36606,40192,91.1,178.98,50,40.6,117935,515804,22.9,21.94
2026-08-29T15:23:22,36606,40192,91.1,175.53,50,14.7,106501,515804,20.6,20.99
2026-08-29T15:23:25,36606,40192,91.1,182.80,50,10.0,105388,515804,20.4,20.99
2026-08-29T15:23:29,36606,40192,91.1,181.17,50,9.9,102175,515804,19.8,20.51
2026-08-29T15:23:32,36606,40192,91.1,181.99,50,10.7,108129,515804,21.0,20.14
2026-08-29T15:23:35,36606,40192,91.1,173.98,50,11.9,105171,515804,20.4,19.89
2026-08-29T15:23:39,36606,40192,91.1,178.53,50,60.7,119022,515804,23.1,19.89
2026-08-29T15:23:42,36606,40192,91.1,176.88,50,9.9,107871,515804,20.9,19.82
2026-08-29T15:23:46,36606,40192,91.1,166.46,50,19.5,124266,515804,24.1,19.11
2026-08-29T15:23:49,36606,40192,91.1,179.59,50,14.3,124084,515804,24.1,19.11
2026-08-29T15:23:53,36606,40192,91.1,92.70,48,8.5,123318,515804,23.9,18.54
2026-08-29T15:23:56,36606,40192,91.1,173.98,50,17.3,119478,515804,23.2,18.02
2026-08-29T15:24:00,36606,40192,91.1,177.11,50,9.4,118974,515804,23.1,18.02
2026-08-29T15:24:03,36606,40192,91.1,95.10,48,8.7,116772,515804,22.6,17.46
2026-08-29T15:24:06,36606,40192,91.1,174.27,50,8.8,123454,515804,23.9,17.02
2026-08-29T15:24:10,36606,40192,91.1,179.59,50,33.7,117418,515804,22.8,20.86
2026-08-29T15:24:14,36606,40192,91.1,179.06,50,14.5,105141,515804,20.4,20.86
2026-08-29T15:24:17,36606,40192,91.1,178.74,50,9.5,103672,515804,20.1,20.15
2026-08-29T15:24:21,36606,40192,91.1,180.62,50,9.3,100617,515804,19.5,19.42
2026-08-29T15:24:24,36606,40192,91.1,181.70,50,8.9,106620,515804,20.7,19.42
2026-08-29T15:24:27,36606,40192,91.1,179.06,50,9.0,104133,515804,20.2,18.83
2026-08-29T15:24:31,36606,40192,91.1,177.40,50,56.3,117034,515804,22.7,28.29
2026-08-29T15:24:34,36606,40192,91.1,173.45,50,8.8,111308,515804,21.6,28.29
2026-08-29T15:24:38,36606,40192,91.1,175.00,50,25.0,135605,515804,26.3,26.90
2026-08-29T15:24:41,36606,40192,91.1,80.66,48,9.6,127366,515804,24.7,25.55
2026-08-29T15:24:45,36606,40192,91.1,173.37,50,17.1,129347,515804,25.1,25.55
2026-08-29T15:24:48,36606,40192,91.1,178.74,50,11.0,122429,515804,23.7,24.86
2026-08-29T15:24:52,36606,40192,91.1,175.00,50,10.5,116433,515804,22.6,23.83
2026-08-29T15:24:55,36606,40192,91.1,182.20,50,11.4,121096,515804,23.5,23.29
2026-08-29T15:24:59,36606,40192,91.1,180.11,50,11.9,128166,515804,24.8,23.29
2026-08-29T15:25:02,36606,40192,91.1,178.46,50,38.6,112866,515804,21.9,22.54
2026-08-29T15:25:06,36606,40192,91.1,178.77,50,14.5,102994,515804,20.0,21.54
2026-08-29T15:25:09,36606,40192,91.1,172.92,50,9.2,102125,515804,19.8,21.54
2026-08-29T15:25:13,36606,40192,91.1,176.58,50,8.9,99419,515804,19.3,20.69
2026-08-29T15:25:16,36606,40192,91.1,182.51,50,9.1,105441,515804,20.4,19.92
2026-08-29T15:25:19,36606,40192,91.1,157.45,50,20.7,102271,515804,19.8,19.92
2026-08-29T15:25:23,36606,40192,91.1,175.03,50,46.1,111947,515804,21.7,29.21
2026-08-29T15:25:27,36606,40192,91.1,184.60,50,8.7,109646,515804,21.3,27.67
2026-08-29T15:25:30,36606,40192,91.1,177.72,50,25.7,132650,515804,25.7,27.67
2026-08-29T15:25:33,36606,40192,91.1,181.67,50,8.7,125980,515804,24.4,26.66
2026-08-29T15:25:37,36606,40192,91.1,177.40,50,16.1,127438,515804,24.7,25.49
2026-08-29T15:25:40,36606,40192,91.1,180.32,50,10.5,121048,515804,23.5,24.33
2026-08-29T15:25:44,36606,40192,91.1,81.72,48,9.5,115039,515804,22.3,24.33
2026-08-29T15:25:47,36606,40192,91.1,176.14,50,8.6,119935,515804,23.3,23.26
2026-08-29T15:25:51,36606,40192,91.1,173.17,50,9.8,127376,515804,24.7,22.36
2026-08-29T15:25:54,36606,40192,91.1,176.88,50,37.9,115303,515804,22.4,22.36
2026-08-29T15:25:57,36606,40192,91.1,176.14,50,14.7,106330,515804,20.6,21.77
2026-08-29T15:26:01,36606,40192,91.1,81.48,48,9.9,105373,515804,20.4,20.90
2026-08-29T15:26:04,36606,40192,91.1,180.04,50,9.8,102633,515804,19.9,20.90
2026-08-29T15:26:08,36606,40192,91.1,174.48,50,9.9,109130,515804,21.2,20.11
2026-08-29T15:26:11,36606,40192,91.1,99.38,47,33.3,99882,515804,19.4,19.94
2026-08-29T15:26:16,36606,40192,91.1,175.00,50,30.0,110734,515804,21.5,19.47
2026-08-29T15:26:19,36606,40192,91.1,179.80,50,11.3,112131,515804,21.7,19.47
2026-08-29T15:26:23,36606,40192,91.1,180.64,50,26.3,122323,515804,23.7,19.35
2026-08-29T15:26:26,36606,40192,91.1,179.59,50,8.7,123874,515804,24.0,18.68
2026-08-29T15:26:30,36606,40192,91.1,173.17,50,16.8,118291,515804,22.9,18.68
2026-08-29T15:26:33,36606,40192,91.1,175.00,50,9.3,119640,515804,23.2,18.14
2026-08-29T15:26:37,36606,40192,91.1,170.73,50,9.9,112440,515804,21.8,17.97
2026-08-29T15:26:40,36606,40192,91.1,174.71,50,8.5,118227,515804,22.9,17.97
2026-08-29T15:26:44,36606,40192,91.1,179.30,50,9.3,126076,515804,24.4,17.81
2026-08-29T15:26:47,36606,40192,91.1,172.64,50,46.7,111894,515804,21.7,27.60
2026-08-29T15:26:50,36606,40192,91.1,175.00,50,9.0,104797,515804,20.3,26.27
2026-08-29T15:26:54,36606,40192,91.1,183.26,50,9.5,99373,515804,19.3,26.27
2026-08-29T15:26:57,36606,40192,91.1,175.77,50,9.2,103521,515804,20.1,25.61
2026-08-29T15:27:01,36606,40192,91.1,75.05,48,9.3,111302,515804,21.6,24.60
2026-08-29T15:27:04,36606,40192,91.1,173.69,50,40.4,100665,515804,19.5,24.60
2026-08-29T15:27:08,36606,40192,91.1,180.64,50,27.0,109578,515804,21.2,33.84
2026-08-29T15:27:11,36606,40192,91.1,176.06,50,9.5,110949,515804,21.5,32.33
2026-08-29T15:27:15,36606,40192,91.1,180.32,48,25.3,125566,515804,24.3,32.33
2026-08-29T15:27:18,36606,40192,91.1,173.13,50,8.7,127130,515804,24.6,30.62
2026-08-29T15:27:21,36606,40192,91.1,146.40,50,18.2,121318,515804,23.5,29.53
2026-08-29T15:27:25,36606,40192,91.1,181.14,50,9.4,121890,515804,23.6,29.53
2026-08-29T15:27:28,36606,40192,91.1,173.98,50,10.4,115537,515804,22.4,28.37
2026-08-29T15:27:32,36606,40192,91.1,176.38,50,9.1,120910,515804,23.4,26.98
2026-08-29T15:27:35,36606,40192,91.1,177.64,50,12.0,129157,515804,25.0,26.98
2026-08-29T15:27:39,36606,40192,91.1,179.06,50,47.3,113138,515804,21.9,26.10
2026-08-29T15:27:42,36606,40192,91.1,181.46,50,9.9,102677,515804,19.9,25.13
2026-08-29T15:27:46,36606,40192,91.1,180.40,50,9.6,95123,515804,18.4,24.08
2026-08-29T15:27:49,36606,40192,91.1,175.57,50,8.6,101615,515804,19.7,24.08
2026-08-29T15:27:53,36606,40192,91.1,180.04,50,9.2,111133,515804,21.5,23.19
2026-08-29T15:27:56,36606,40192,91.1,79.32,48,43.1,94961,515804,18.4,32.46
2026-08-29T15:28:00,36606,40192,91.1,180.04,50,27.9,107706,515804,20.9,32.46
2026-08-29T15:28:03,36606,40192,91.1,179.80,50,8.6,109575,515804,21.2,30.82
2026-08-29T15:28:07,36606,40192,91.1,178.22,50,25.0,123900,515804,24.0,29.24
2026-08-29T15:28:10,36606,40192,91.1,173.45,50,8.6,125526,515804,24.3,29.24
2026-08-29T15:28:13,36606,40192,91.1,178.01,50,17.1,119991,515804,23.3,28.10
2026-08-29T15:28:17,36606,40192,91.1,175.24,50,9.1,119667,515804,23.2,27.21
2026-08-29T15:28:20,36606,40192,91.1,79.08,48,9.6,114351,515804,22.2,27.21
2026-08-29T15:28:24,36606,40192,91.1,177.64,50,8.6,119953,515804,23.3,25.91
2026-08-29T15:28:27,36606,40192,91.1,175.53,50,9.1,121918,515804,23.6,25.04
2026-08-29T15:28:31,36606,40192,91.1,172.32,50,45.1,108072,515804,21.0,24.07
2026-08-29T15:28:34,36606,40192,91.1,177.19,50,8.7,105942,515804,20.5,24.07
2026-08-29T15:28:38,36606,40192,91.1,178.53,50,9.7,97905,515804,19.0,23.10
2026-08-29T15:28:41,36606,40192,91.1,176.88,50,9.5,104686,515804,20.3,22.22
2026-08-29T15:28:45,36606,40192,91.1,174.51,50,10.2,113291,515804,22.0,22.22
2026-08-29T15:28:48,36606,40192,91.1,180.64,50,38.4,98890,515804,19.2,21.40
2026-08-29T15:28:51,36606,40192,91.1,180.64,50,27.8,110521,515804,21.4,20.64
2026-08-29T15:28:55,36606,40192,91.1,175.57,50,11.0,112207,515804,21.8,20.64
2026-08-29T15:28:58,36606,40192,91.1,85.75,48,28.3,126274,515804,24.5,20.35
2026-08-29T15:29:02,36606,40192,91.1,177.64,50,10.2,123264,515804,23.9,19.92
2026-08-29T15:29:05,36606,40192,91.1,182.49,50,16.3,117812,515804,22.8,19.92
2026-08-29T15:29:09,36606,40192,91.1,181.91,50,9.3,119056,515804,23.1,19.21
2026-08-29T15:29:12,36606,40192,91.1,90.84,48,9.6,111451,515804,21.6,18.71
2026-08-29T15:29:15,36606,40192,91.1,175.03,50,8.8,117677,515804,22.8,18.25
2026-08-29T15:29:19,36606,40192,91.1,178.53,50,9.3,127446,515804,24.7,18.25
2026-08-29T15:29:22,36606,40192,91.1,177.93,50,36.1,109304,515804,21.2,28.00
2026-08-29T15:29:26,36606,40192,91.1,180.86,50,13.6,104225,515804,20.2,26.80
2026-08-29T15:29:29,36606,40192,91.1,182.27,50,9.4,100987,515804,19.6,26.80
2026-08-29T15:29:33,36606,40192,91.1,179.27,50,8.6,102596,515804,19.9,25.46
2026-08-29T15:29:36,36606,40192,91.1,91.07,48,9.6,109332,515804,21.2,24.30
2026-08-29T15:29:40,36606,40192,91.1,180.04,50,34.2,100688,515804,19.5,24.30
2026-08-29T15:29:43,36606,40192,91.1,180.86,50,27.1,109348,515804,21.2,23.95
2026-08-29T15:29:47,36606,40192,91.1,178.77,50,8.6,110856,515804,21.5,22.84
2026-08-29T15:29:50,36606,40192,91.1,179.83,50,26.3,125374,515804,24.3,22.84
2026-08-29T15:29:54,36606,40192,91.1,179.83,50,8.6,126840,515804,24.6,21.89
2026-08-29T15:29:57,36606,40192,91.1,176.88,50,17.3,121298,515804,23.5,31.43
2026-08-29T15:30:01,36606,40192,91.1,176.58,50,9.5,121640,515804,23.6,29.79
2026-08-29T15:30:04,36606,40192,91.1,175.77,50,10.5,115482,515804,22.4,29.79
2026-08-29T15:30:07,36606,40192,91.1,175.77,50,9.4,121223,515804,23.5,28.29
2026-08-29T15:30:11,36606,40192,91.1,176.38,50,9.8,127876,515804,24.8,27.22
2026-08-29T15:30:14,36606,40192,91.1,180.86,50,44.8,111819,515804,21.7,27.22
2026-08-29T15:30:18,36606,40192,91.1,175.32,50,11.5,106874,515804,20.7,26.16
2026-08-29T15:30:21,36606,40192,91.1,180.86,50,10.9,95310,515804,18.5,25.19
2026-08-29T15:30:25,36606,40192,91.1,179.80,50,8.6,101321,515804,19.6,25.19
2026-08-29T15:30:28,36606,40192,91.1,120.20,49,9.1,108781,515804,21.1,24.21
2026-08-29T15:30:31,36606,40192,91.1,176.88,50,39.4,96710,515804,18.7,33.48
2026-08-29T15:30:35,36606,40192,91.1,183.56,50,28.0,107675,515804,20.9,33.48
2026-08-29T15:30:38,36606,40192,91.1,177.72,50,9.0,109137,515804,21.2,31.84
2026-08-29T15:30:42,36606,40192,91.1,175.03,50,25.1,123745,515804,24.0,30.09
2026-08-29T15:30:45,36606,40192,91.1,173.69,50,8.7,125311,515804,24.3,30.09
2026-08-29T15:30:49,36606,40192,91.1,168.04,50,17.2,119711,515804,23.2,28.57
2026-08-29T15:30:52,36606,40192,91.1,176.58,50,8.6,119944,515804,23.3,27.08
2026-08-29T15:30:56,36606,40192,91.1,177.93,50,10.0,114446,515804,22.2,26.11
2026-08-29T15:30:59,36606,40192,91.1,177.43,50,8.6,120005,515804,23.3,26.11
2026-08-29T15:31:02,36606,40192,91.1,175.85,50,9.3,126118,515804,24.5,24.90
2026-08-29T15:31:06,36606,40192,91.1,175.03,50,42.4,109410,515804,21.2,24.03
2026-08-29T15:31:09,36606,40192,91.1,182.20,50,9.4,105843,515804,20.5,24.03
2026-08-29T15:31:13,36606,40192,91.1,176.38,50,9.6,97911,515804,19.0,22.98
2026-08-29T15:31:16,36606,40192,91.1,173.66,50,8.5,104719,515804,20.3,22.02
2026-08-29T15:31:20,36606,40192,91.1,179.80,50,10.0,113246,515804,22.0,22.02
2026-08-29T15:31:23,36606,40192,91.1,176.88,50,41.5,98803,515804,19.2,21.14
2026-08-29T15:31:26,36606,40192,91.1,181.99,50,28.2,110633,515804,21.4,20.33
2026-08-29T15:31:30,36606,40192,91.1,174.48,50,10.0,112207,515804,21.8,20.33
2026-08-29T15:31:33,36606,40192,91.1,177.72,50,26.4,126635,515804,24.6,19.50
2026-08-29T15:31:37,36606,40192,91.1,175.57,50,11.2,128084,515804,24.8,19.06
2026-08-29T15:31:40,36606,40192,91.1,90.55,48,19.6,117704,515804,22.8,19.06
2026-08-29T15:31:44,36606,40192,91.1,178.01,50,8.8,118017,515804,22.9,18.58
2026-08-29T15:31:47,36606,40192,91.1,180.32,50,9.6,113200,515804,21.9,18.13
2026-08-29T15:31:51,36606,40192,91.1,179.51,49,8.6,119038,515804,23.1,18.13
2026-08-29T15:31:54,36606,40192,91.1,179.80,50,9.4,125485,515804,24.3,17.72
2026-08-29T15:31:57,36606,40192,91.1,180.93,50,43.2,109928,515804,21.3,27.59
2026-08-29T15:32:01,36606,40192,91.1,176.14,50,8.7,105398,515804,20.4,26.26
2026-08-29T15:32:04,36606,40192,91.1,176.88,50,9.6,98821,515804,19.2,26.26
2026-08-29T15:32:08,36606,40192,91.1,177.43,50,8.6,104487,515804,20.3,25.04
2026-08-29T15:32:11,36606,40192,91.1,178.77,50,9.0,111995,515804,21.7,23.99
2026-08-29T15:32:15,36606,40192,91.1,178.74,50,40.1,101503,515804,19.7,23.99
2026-08-29T15:32:18,36606,40192,91.1,177.11,50,28.0,109178,515804,21.2,23.19
2026-08-29T15:32:21,36606,40192,91.1,178.46,50,8.7,110730,515804,21.5,22.22
2026-08-29T15:32:25,36606,40192,91.1,180.64,50,25.4,125427,515804,24.3,22.22
2026-08-29T15:32:28,36606,40192,91.1,179.83,50,9.1,126994,515804,24.6,21.32
2026-08-29T15:32:32,36606,40192,91.1,180.40,50,16.9,120976,515804,23.5,20.65
2026-08-29T15:32:35,36606,40192,91.1,175.32,50,9.5,122465,515804,23.7,20.65
2026-08-29T15:32:39,36606,40192,91.1,175.00,50,10.5,115003,515804,22.3,19.80
2026-08-29T15:32:42,36606,40192,91.1,83.35,49,9.5,120596,515804,23.4,19.17
2026-08-29T15:32:45,36606,40192,91.1,182.27,50,9.4,129793,515804,25.2,19.17
2026-08-29T15:32:49,36606,40192,91.1,178.46,50,45.4,113655,515804,22.0,18.92
2026-08-29T15:32:52,36606,40192,91.1,178.46,50,10.5,106792,515804,20.7,18.61
2026-08-29T15:32:56,36606,40192,91.1,178.25,49,12.1,100450,515804,19.5,18.32
2026-08-29T15:32:59,36606,40192,91.1,180.11,50,10.4,100579,515804,19.5,18.32
2026-08-29T15:33:03,36606,40192,91.1,181.14,50,9.3,108215,515804,21.0,17.89
2026-08-29T15:33:06,36606,40192,91.1,176.58,50,38.4,97905,515804,19.0,27.59
2026-08-29T15:33:10,36606,40192,91.1,80.66,48,27.8,107027,515804,20.7,27.59
2026-08-29T15:33:13,36606,40192,91.1,177.19,50,9.3,107605,515804,20.9,26.26
2026-08-29T15:33:18,36606,40192,91.1,175.00,50,26.3,123719,515804,24.0,25.44
2026-08-29T15:33:21,36606,40192,91.1,82.00,48,8.6,124622,515804,24.2,24.68
2026-08-29T15:33:25,36606,40192,91.1,180.32,50,17.5,120046,515804,23.3,24.68
2026-08-29T15:33:28,36606,40192,91.1,179.27,50,8.7,119207,515804,23.1,24.07
2026-08-29T15:33:32,36606,40192,91.1,84.40,49,9.4,115988,515804,22.5,23.10
2026-08-29T15:33:35,36606,40192,91.1,181.17,50,9.2,121898,515804,23.6,23.10
2026-08-29T15:33:39,36606,40192,91.1,173.37,50,15.0,119176,515804,23.1,22.37
2026-08-29T15:33:42,36606,40192,91.1,179.06,50,39.6,104463,515804,20.3,31.63
2026-08-29T15:33:46,36606,40192,91.1,179.30,50,8.5,105275,515804,20.4,31.63
2026-08-29T15:33:49,36606,40192,91.1,181.17,50,10.3,98626,515804,19.1,29.98
2026-08-29T15:33:52,36606,40192,91.1,180.93,49,8.7,104322,515804,20.2,28.86
2026-08-29T15:33:56,36606,40192,91.1,173.90,50,9.3,105649,515804,20.5,27.67
2026-08-29T15:34:00,36606,40192,91.1,178.77,50,57.7,118367,515804,22.9,27.67
2026-08-29T15:34:04,36606,40192,91.1,180.11,50,9.7,111435,515804,21.6,26.25
2026-08-29T15:34:07,36606,40192,91.1,78.79,48,20.4,129138,515804,25.0,24.95
2026-08-29T15:34:11,36606,40192,91.1,181.46,50,13.2,127542,515804,24.7,24.48
2026-08-29T15:34:16,36606,40192,91.1,175.57,50,20.0,121796,515804,23.6,29.80
2026-08-29T15:34:19,36606,40192,91.1,175.53,50,10.4,117336,515804,22.7,29.80
2026-08-29T15:34:23,36606,40192,91.1,177.93,50,10.0,111917,515804,21.7,28.46
2026-08-29T15:34:26,36606,40192,91.1,181.91,50,9.0,117779,515804,22.8,27.06
2026-08-29T15:34:30,36606,40192,91.1,179.51,50,9.3,124494,515804,24.1,27.06
2026-08-29T15:34:33,36606,40192,91.1,182.51,50,42.8,109199,515804,21.2,36.10
2026-08-29T15:34:37,36606,40192,91.1,180.64,50,9.2,103666,515804,20.1,34.01
2026-08-29T15:34:40,36606,40192,91.1,179.51,50,9.6,95771,515804,18.6,34.01
2026-08-29T15:34:44,36606,40192,91.1,179.83,50,8.6,102607,515804,19.9,32.41
2026-08-29T15:34:47,36606,40192,91.1,182.20,50,9.0,110670,515804,21.5,30.78
2026-08-29T15:34:50,36606,40192,91.1,181.91,50,37.1,98797,515804,19.2,30.78
2026-08-29T15:34:54,36606,40192,91.1,180.86,50,27.8,109014,515804,21.1,29.27
2026-08-29T15:34:57,36606,40192,91.1,174.71,50,9.3,110568,515804,21.4,28.05
2026-08-29T15:35:01,36606,40192,91.1,178.22,50,25.2,124914,515804,24.2,26.76
2026-08-29T15:35:04,36606,40192,91.1,181.91,50,8.6,126477,515804,24.5,26.76
2026-08-29T15:35:08,36606,40192,91.1,180.32,50,17.3,120278,515804,23.3,25.42
2026-08-29T15:35:11,36606,40192,91.1,179.59,50,9.0,121311,515804,23.5,24.19
2026-08-29T15:35:15,36606,40192,91.1,178.74,50,9.6,115168,515804,22.3,24.19
2026-08-29T15:35:18,36606,40192,91.1,181.67,50,9.4,120384,515804,23.3,23.13
2026-08-29T15:35:22,36606,40192,91.1,181.91,50,10.4,128725,515804,25.0,22.48
2026-08-29T15:35:25,36606,40192,91.1,88.68,48,43.3,112729,515804,21.9,22.48
2026-08-29T15:35:29,36606,40192,91.1,177.72,50,10.1,106681,515804,20.7,21.56
2026-08-29T15:35:32,36606,40192,91.1,180.93,50,11.3,100812,515804,19.5,21.19
2026-08-29T15:35:35,36606,40192,91.1,175.32,50,11.2,105207,515804,20.4,21.19
2026-08-29T15:35:39,36606,40192,91.1,180.04,50,11.6,110869,515804,21.5,20.70
2026-08-29T15:35:42,36606,40192,91.1,172.11,50,29.9,90446,515804,17.5,19.92
2026-08-29T15:35:47,36606,40192,91.1,180.40,50,26.4,108120,515804,21.0,19.37
2026-08-29T15:35:51,36606,40192,91.1,176.06,50,8.5,107330,515804,20.8,19.37
2026-08-29T15:35:54,36606,40192,91.1,181.67,50,25.4,123486,515804,23.9,19.02
2026-08-29T15:35:58,36606,40192,91.1,182.27,50,9.0,124344,515804,24.1,18.29
2026-08-29T15:36:01,36606,40192,91.1,174.48,50,17.7,119701,515804,23.2,17.79
2026-08-29T15:36:05,36606,40192,91.1,177.11,50,8.5,118866,515804,23.0,17.79
2026-08-29T15:36:08,36606,40192,91.1,180.40,50,9.6,115303,515804,22.4,17.33
2026-08-29T15:36:11,36606,40192,91.1,176.58,50,9.0,125428,515804,24.3,16.90
2026-08-29T15:36:16,36606,40192,91.1,173.90,50,36.4,115815,515804,22.5,25.80
2026-08-29T15:36:20,36606,40192,91.1,179.27,50,14.4,105102,515804,20.4,25.80
2026-08-29T15:36:23,36606,40192,91.1,177.43,50,9.4,104179,515804,20.2,24.53
2026-08-29T15:36:27,36606,40192,91.1,80.14,47,8.7,104072,515804,20.2,23.45
2026-08-29T15:36:32,36606,40192,91.1,180.40,50,10.2,113930,515804,22.1,22.45
2026-08-29T15:36:36,36606,40192,91.1,176.91,50,43.7,105970,515804,20.5,22.45
2026-08-29T15:36:39,36606,40192,91.1,84.93,48,18.3,111455,515804,21.6,31.54
2026-08-29T15:36:43,36606,40192,91.1,181.91,50,9.7,110424,515804,21.4,29.90
2026-08-29T15:36:46,36606,40192,91.1,175.77,50,26.9,126857,515804,24.6,28.46
2026-08-29T15:36:49,36606,40192,91.1,179.80,50,9.1,126429,515804,24.5,28.46
2026-08-29T15:36:53,36606,40192,91.1,178.77,50,17.8,122558,515804,23.8,29.87
2026-08-29T15:36:56,36606,40192,91.1,175.77,50,11.8,121335,515804,23.5,28.68
2026-08-29T15:37:00,36606,40192,91.1,180.93,50,11.5,118444,515804,23.0,28.68
2026-08-29T15:37:03,36606,40192,91.1,178.98,50,11.5,124370,515804,24.1,27.58
2026-08-29T15:37:07,36606,40192,91.1,110.08,49,25.5,116773,515804,22.6,26.17
2026-08-29T15:37:11,36606,40192,91.1,181.17,50,24.1,102939,515804,20.0,24.96
2026-08-29T15:37:14,36606,40192,91.1,180.04,50,8.5,102083,515804,19.8,24.96
2026-08-29T15:37:18,36606,40192,91.1,183.02,50,9.4,97836,515804,19.0,23.92
2026-08-29T15:37:21,36606,40192,91.1,178.01,50,9.1,103386,515804,20.0,23.13
2026-08-29T15:37:25,36606,40192,91.1,178.46,50,9.3,106967,515804,20.7,23.13
2026-08-29T15:37:28,36606,40192,91.1,172.11,50,56.2,118017,515804,22.9,32.56
2026-08-29T15:37:32,36606,40192,91.1,178.77,50,8.7,109656,515804,21.3,30.76
2026-08-29T15:37:35,36606,40192,91.1,177.43,50,13.1,116487,515804,22.6,30.76
2026-08-29T15:37:39,36606,40192,91.1,175.85,50,20.5,125934,515804,24.4,29.18
2026-08-29T15:37:42,36606,40192,91.1,174.27,50,9.2,124848,515804,24.2,27.80
2026-08-29T15:37:45,36606,40192,91.1,175.03,50,17.3,121112,515804,23.5,27.80
2026-08-29T15:37:49,36606,40192,91.1,177.40,50,9.3,120324,515804,23.3,26.45
2026-08-29T15:37:52,36606,40192,91.1,180.32,50,8.9,117808,515804,22.8,25.54
2026-08-29T15:37:56,36606,40192,91.1,172.32,50,9.7,124337,515804,24.1,25.54
2026-08-29T15:37:59,36606,40192,91.1,129.85,49,33.1,120115,515804,23.3,24.45
2026-08-29T15:38:03,36606,40192,91.1,177.19,50,15.9,106322,515804,20.6,33.70
2026-08-29T15:38:07,36606,40192,91.1,178.22,50,9.5,104928,515804,20.3,31.89
2026-08-29T15:38:10,36606,40192,91.1,174.71,50,9.9,102313,515804,19.8,31.89
2026-08-29T15:38:14,36606,40192,91.1,181.17,50,9.8,107070,515804,20.8,30.21
2026-08-29T15:38:17,36606,40192,91.1,180.93,50,10.4,107580,515804,20.9,29.00
2026-08-29T15:38:20,36606,40192,91.1,177.72,50,57.0,119217,515804,23.1,29.00
2026-08-29T15:38:24,36606,40192,91.1,180.40,50,11.3,112132,515804,21.7,27.47
2026-08-29T15:38:28,36606,40192,91.1,176.88,50,20.9,123848,515804,24.0,26.55
2026-08-29T15:38:31,36606,40192,91.1,177.64,50,14.9,123767,515804,24.0,25.39
2026-08-29T15:38:35,36606,40192,91.1,175.77,50,9.1,123863,515804,24.0,25.39
2026-08-29T15:38:38,36606,40192,91.1,179.80,50,17.2,119036,515804,23.1,27.60
2026-08-29T15:38:41,36606,40192,91.1,179.80,50,9.4,119032,515804,23.1,26.51
2026-08-29T15:38:45,36606,40192,91.1,180.64,50,9.0,116487,515804,22.6,26.51
2026-08-29T15:38:48,36606,40192,91.1,180.62,50,8.9,123487,515804,23.9,25.43
2026-08-29T15:38:52,36606,40192,91.1,179.30,50,34.9,116706,515804,22.6,34.76
2026-08-29T15:38:56,36606,40192,91.1,181.46,50,14.4,104487,515804,20.3,34.76
2026-08-29T15:38:59,36606,40192,91.1,178.22,50,8.5,103699,515804,20.1,32.78
2026-08-29T15:39:02,36606,40192,91.1,182.72,50,10.2,100036,515804,19.4,31.12
2026-08-29T15:39:06,36606,40192,91.1,175.85,50,8.7,106021,515804,20.6,31.12
2026-08-29T15:39:09,36606,40192,91.1,91.07,48,9.0,104555,515804,20.3,29.58
2026-08-29T15:39:13,36606,40192,91.1,179.30,50,55.6,115774,515804,22.4,28.18
2026-08-29T15:39:16,36606,40192,91.1,176.91,50,8.8,110978,515804,21.5,28.18
2026-08-29T15:39:19,36606,40192,91.1,174.48,50,25.3,135454,515804,26.3,27.28
2026-08-29T15:39:23,36606,40192,91.1,175.32,50,8.8,127009,515804,24.6,26.06
2026-08-29T15:39:26,36606,40192,91.1,106.04,49,15.8,130575,515804,25.3,24.85
2026-08-29T15:39:30,36606,40192,91.1,181.17,50,11.5,121991,515804,23.7,24.85
2026-08-29T15:39:33,36606,40192,91.1,179.59,50,10.0,119575,515804,23.2,23.82
2026-08-29T15:39:37,36606,40192,91.1,82.82,48,9.6,120015,515804,23.3,22.80
2026-08-29T15:39:40,36606,40192,91.1,181.17,50,10.9,127187,515804,24.7,22.80
2026-08-29T15:39:44,36606,40192,91.1,181.17,50,38.2,117265,515804,22.7,22.33
2026-08-29T15:39:47,36606,40192,91.1,178.98,50,16.7,104104,515804,20.2,21.66
2026-08-29T15:39:51,36606,40192,91.1,178.46,50,9.2,101532,515804,19.7,21.66
2026-08-29T15:39:54,36606,40192,91.1,181.67,50,8.9,98812,515804,19.2,20.97
2026-08-29T15:39:58,36606,40192,91.1,178.77,50,8.9,105398,515804,20.4,20.17
2026-08-29T15:40:01,36606,40192,91.1,130.46,49,26.3,101772,515804,19.7,30.01
2026-08-29T15:40:05,36606,40192,91.1,181.91,50,38.3,107739,515804,20.9,30.01
2026-08-29T15:40:08,36606,40192,91.1,181.17,50,8.8,108994,515804,21.1,28.40
2026-08-29T15:40:12,36606,40192,91.1,175.32,50,25.3,127676,515804,24.8,37.18
2026-08-29T15:40:15,36606,40192,91.1,175.00,50,8.6,125245,515804,24.3,37.18
2026-08-29T15:40:19,36606,40192,91.1,178.25,50,14.9,123881,515804,24.0,35.08
2026-08-29T15:40:22,36606,40192,91.1,177.11,50,11.6,120529,515804,23.4,33.08
2026-08-29T15:40:26,36606,40192,91.1,181.38,50,9.8,112447,515804,21.8,33.08
2026-08-29T15:40:29,36606,40192,91.1,181.91,50,8.5,119340,515804,23.1,31.23
2026-08-29T15:40:33,36606,40192,91.1,179.30,50,9.2,127933,515804,24.8,29.93
2026-08-29T15:40:36,36606,40192,91.1,180.11,50,40.3,113595,515804,22.0,29.93
2026-08-29T15:40:39,36606,40192,91.1,179.83,50,15.0,105706,515804,20.5,28.81
2026-08-29T15:40:43,36606,40192,91.1,176.14,50,9.2,105343,515804,20.4,27.62
2026-08-29T15:40:46,36606,40192,91.1,180.11,50,9.5,102702,515804,19.9,26.29
2026-08-29T15:40:50,36606,40192,91.1,180.11,50,9.5,109335,515804,21.2,26.29
2026-08-29T15:40:53,36606,40192,91.1,149.44,49,34.8,104673,515804,20.3,25.07
2026-08-29T15:40:57,36606,40192,91.1,175.85,50,30.3,110390,515804,21.4,23.86
2026-08-29T15:41:00,36606,40192,91.1,178.74,51,10.4,111759,515804,21.7,23.86
2026-08-29T15:41:04,36606,40192,91.1,182.51,50,28.1,129567,515804,25.1,23.23
2026-08-29T15:41:07,36606,40192,91.1,181.14,50,10.7,122917,515804,23.8,22.49
2026-08-29T15:41:11,36606,40192,91.1,183.02,50,16.3,122348,515804,23.7,22.49
2026-08-29T15:41:14,36606,40192,91.1,178.25,51,9.9,118568,515804,23.0,21.97
2026-08-29T15:41:18,36606,40192,91.1,183.56,51,9.6,110487,515804,21.4,21.09
2026-08-29T15:41:21,36606,40192,91.1,173.98,50,8.5,117545,515804,22.8,21.09
2026-08-29T15:41:24,36606,40192,91.1,176.34,50,9.4,125925,515804,24.4,20.20
2026-08-29T15:41:28,36606,40192,91.1,173.66,50,35.5,110988,515804,21.5,19.55
2026-08-29T15:41:31,36606,40192,91.1,182.49,50,14.9,104014,515804,20.2,18.78
2026-08-29T15:41:35,36606,40192,91.1,177.72,50,9.2,103714,515804,20.1,18.78
2026-08-29T15:41:38,36606,40192,91.1,179.30,50,8.9,101134,515804,19.6,18.24
2026-08-29T15:41:42,36606,40192,91.1,176.14,50,9.5,107455,515804,20.8,17.98
2026-08-29T15:41:45,36606,40192,91.1,120.73,49,32.5,103022,515804,20.0,17.98
2026-08-29T15:41:49,36606,40192,91.1,181.67,50,28.2,109065,515804,21.1,17.58
2026-08-29T15:41:52,36606,40192,91.1,180.04,50,8.8,110650,515804,21.5,17.37
2026-08-29T15:41:56,36606,40192,91.1,178.22,50,25.9,126311,515804,24.5,17.37
2026-08-29T15:41:59,36606,40192,91.1,183.78,50,9.7,126641,515804,24.6,18.79
2026-08-29T15:42:03,36606,40192,91.1,179.80,49,16.0,124278,515804,24.1,18.08
2026-08-29T15:42:06,36606,40192,91.1,177.19,50,11.0,121733,515804,23.6,18.08
2026-08-29T15:42:09,36606,40192,91.1,183.56,50,10.4,113585,515804,22.0,17.43
2026-08-29T15:42:13,36606,40192,91.1,80.42,48,9.0,120550,515804,23.4,17.08
2026-08-29T15:42:17,36606,40192,91.1,180.11,50,10.2,130713,515804,25.3,16.59
2026-08-29T15:42:20,36606,40192,91.1,178.77,50,42.8,113933,515804,22.1,16.59
2026-08-29T15:42:24,36606,40192,91.1,175.53,50,11.6,106640,515804,20.7,16.54
2026-08-29T15:42:27,36606,40192,91.1,76.11,47,10.7,96624,515804,18.7,16.34
2026-08-29T15:42:31,36606,40192,91.1,181.17,50,8.9,101016,515804,19.6,16.34
2026-08-29T15:42:34,36606,40192,91.1,179.80,50,9.0,108401,515804,21.0,15.99
2026-08-29T15:42:38,36606,40192,91.1,181.67,50,35.8,97534,515804,18.9,15.51
2026-08-29T15:42:41,36606,40192,91.1,178.77,50,27.5,107458,515804,20.8,15.51
2026-08-29T15:42:45,36606,40192,91.1,179.80,50,8.8,108990,515804,21.1,15.55
2026-08-29T15:42:48,36606,40192,91.1,174.79,50,25.4,123829,515804,24.0,25.52
2026-08-29T15:42:51,36606,40192,91.1,176.67,50,8.6,125573,515804,24.3,24.43
2026-08-29T15:42:55,36606,40192,91.1,179.83,50,16.9,120079,515804,23.3,24.43
2026-08-29T15:42:58,36606,40192,91.1,178.46,50,9.0,120813,515804,23.4,23.52
2026-08-29T15:43:02,36606,40192,91.1,175.53,50,10.2,115029,515804,22.3,22.52
2026-08-29T15:43:05,36606,40192,91.1,177.19,50,8.6,120527,515804,23.4,22.52
2026-08-29T15:43:09,36606,40192,91.1,178.53,50,9.2,128858,515804,25.0,21.75
2026-08-29T15:43:12,36606,40192,91.1,178.77,50,42.0,112529,515804,21.8,21.05
2026-08-29T15:43:16,36606,40192,91.1,177.40,50,9.6,106959,515804,20.7,21.05
2026-08-29T15:43:19,36606,40192,91.1,177.72,50,9.5,100566,515804,19.5,20.25
2026-08-29T15:43:22,36606,40192,91.1,176.38,50,8.7,104525,515804,20.3,19.59
2026-08-29T15:43:26,36606,40192,91.1,94.58,48,10.0,111560,515804,21.6,19.59
2026-08-29T15:43:29,36606,40192,91.1,171.06,50,39.2,101962,515804,19.8,18.98
2026-08-29T15:43:33,36606,40192,91.1,178.46,50,28.8,110414,515804,21.4,28.99
2026-08-29T15:43:36,36606,40192,91.1,177.11,50,10.4,111746,515804,21.7,27.63
2026-08-29T15:43:40,36606,40192,91.1,177.40,50,27.4,132171,515804,25.6,27.63
2026-08-29T15:43:43,36606,40192,91.1,176.58,50,11.5,127605,515804,24.7,26.62
2026-08-29T15:43:47,36606,40192,91.1,176.67,50,17.6,122020,515804,23.7,35.70
2026-08-29T15:43:50,36606,40192,91.1,180.93,49,11.4,118533,515804,23.0,35.70
2026-08-29T15:43:54,36606,40192,91.1,178.74,50,9.6,110453,515804,21.4,33.72
2026-08-29T15:43:57,36606,40192,91.1,179.83,50,8.5,117507,515804,22.8,31.82
2026-08-29T15:44:01,36606,40192,91.1,83.06,48,9.5,126608,515804,24.5,31.82
2026-08-29T15:44:04,36606,40192,91.1,179.80,50,38.6,109137,515804,21.2,30.15
2026-08-29T15:44:08,36606,40192,91.1,180.40,50,14.8,103832,515804,20.1,28.54
2026-08-29T15:44:11,36606,40192,91.1,179.83,50,9.4,102504,515804,19.9,27.53
2026-08-29T15:44:15,36606,40192,91.1,177.11,50,8.6,101991,515804,19.8,27.53
2026-08-29T15:44:18,36606,40192,91.1,181.38,50,9.0,109088,515804,21.1,26.21
2026-08-29T15:44:22,36606,40192,91.1,176.58,50,35.1,101355,515804,19.6,37.08
2026-08-29T15:44:25,36606,40192,91.1,178.74,50,27.7,108890,515804,21.1,37.08
2026-08-29T15:44:29,36606,40192,91.1,65.69,46,8.4,110437,515804,21.4,35.16
2026-08-29T15:44:32,36606,40192,91.1,179.51,50,24.9,125088,515804,24.3,33.62
2026-08-29T15:44:36,36606,40192,91.1,176.91,50,9.4,126508,515804,24.5,33.62
2026-08-29T15:44:39,36606,40192,91.1,178.22,50,15.3,120898,515804,23.4,31.81
2026-08-29T15:44:42,36606,40192,91.1,177.72,50,10.7,122098,515804,23.7,30.06
2026-08-29T15:44:46,36606,40192,91.1,179.30,50,10.5,114338,515804,22.2,30.06
2026-08-29T15:44:49,36606,40192,91.1,177.43,50,9.5,120366,515804,23.3,29.02
2026-08-29T15:44:53,36606,40192,91.1,181.99,50,10.1,130219,515804,25.2,27.57
2026-08-29T15:44:56,36606,40192,91.1,175.00,50,40.8,112768,515804,21.9,26.65
2026-08-29T15:45:00,36606,40192,91.1,178.74,50,11.4,106570,515804,20.7,26.65
2026-08-29T15:45:03,36606,40192,91.1,178.53,50,12.1,101242,515804,19.6,25.71
2026-08-29T15:45:07,36606,40192,91.1,176.14,50,10.7,100128,515804,19.4,24.78
2026-08-29T15:45:10,36606,40192,91.1,182.51,50,10.6,106649,515804,20.7,24.78
2026-08-29T15:45:14,36606,40192,91.1,176.91,49,36.9,100147,515804,19.4,23.83
2026-08-29T15:45:17,36606,40192,91.1,81.72,48,28.1,107040,515804,20.8,22.80
2026-08-29T15:45:21,36606,40192,91.1,181.38,50,9.4,108586,515804,21.1,22.80
2026-08-29T15:45:24,36606,40192,91.1,181.91,50,25.1,123079,515804,23.9,21.86
2026-08-29T15:45:28,36606,40192,91.1,176.38,50,8.8,124679,515804,24.2,20.99
2026-08-29T15:45:31,36606,40192,91.1,177.72,50,15.7,121291,515804,23.5,20.99
2026-08-29T15:45:34,36606,40192,91.1,181.99,50,10.8,120402,515804,23.3,30.60
2026-08-29T15:45:38,36606,40192,91.1,179.59,50,13.6,113344,515804,22.0,29.19
2026-08-29T15:45:41,36606,40192,91.1,177.19,50,19.7,120902,515804,23.4,28.53
2026-08-29T15:45:45,36606,40192,91.1,180.04,50,10.6,127984,515804,24.8,28.53
2026-08-29T15:45:48,36606,40192,91.1,181.46,50,39.0,112377,515804,21.8,27.37
2026-08-29T15:45:52,36606,40192,91.1,178.46,50,14.8,105770,515804,20.5,26.22
2026-08-29T15:45:55,36606,40192,91.1,175.03,50,9.7,105310,515804,20.4,26.22
2026-08-29T15:45:58,36606,40192,91.1,178.25,50,9.8,103018,515804,20.0,25.24
2026-08-29T15:46:02,36606,40192,91.1,180.64,50,9.2,109833,515804,21.3,24.10
2026-08-29T15:46:05,36606,40192,91.1,152.66,49,36.3,104810,515804,20.3,24.10
2026-08-29T15:46:09,36606,40192,91.1,179.80,50,30.1,110600,515804,21.4,23.69
2026-08-29T15:46:13,36606,40192,91.1,177.40,50,9.8,111931,515804,21.7,23.07
2026-08-29T15:46:16,36606,40192,91.1,182.49,50,26.1,127768,515804,24.8,23.07
2026-08-29T15:46:19,36606,40192,91.1,82.30,48,9.4,128009,515804,24.8,22.43
2026-08-29T15:46:23,36606,40192,91.1,182.27,50,17.9,125703,515804,24.4,21.91
2026-08-29T15:46:26,36606,40192,91.1,183.33,50,13.6,122961,515804,23.8,21.91
2026-08-29T15:46:30,36606,40192,91.1,181.70,50,11.3,110721,515804,21.5,21.44
2026-08-29T15:46:33,36606,40192,91.1,178.46,50,8.7,117413,515804,22.8,20.60
2026-08-29T15:46:37,36606,40192,91.1,181.91,50,9.3,126713,515804,24.6,20.07
2026-08-29T15:46:40,36606,40192,91.1,176.34,50,39.6,107973,515804,20.9,20.07
2026-08-29T15:46:44,36606,40192,91.1,176.67,50,14.9,103883,515804,20.1,19.35
2026-08-29T15:46:47,36606,40192,91.1,182.51,50,9.4,102752,515804,19.9,18.84
2026-08-29T15:46:50,36606,40192,91.1,177.11,50,8.7,101426,515804,19.7,18.84
2026-08-29T15:46:54,36606,40192,91.1,180.04,50,9.0,108066,515804,21.0,18.29
2026-08-29T15:46:57,36606,40192,91.1,175.00,49,35.1,102270,515804,19.8,17.71
2026-08-29T15:47:01,36606,40192,91.1,182.27,50,27.9,109046,515804,21.1,17.71
2026-08-29T15:47:05,36606,40192,91.1,175.57,50,9.4,110448,515804,21.4,17.17
2026-08-29T15:47:08,36606,40192,91.1,176.38,50,24.4,124987,515804,24.2,27.25
2026-08-29T15:47:12,36606,40192,91.1,182.72,50,8.6,126515,515804,24.5,25.87
2026-08-29T15:47:15,36606,40192,91.1,180.04,50,18.2,120986,515804,23.5,25.87
2026-08-29T15:47:19,36606,40192,91.1,176.67,50,9.4,120748,515804,23.4,24.67
2026-08-29T15:47:22,36606,40192,91.1,183.56,50,9.8,115486,515804,22.4,23.66
2026-08-29T15:47:26,36606,40192,91.1,183.54,50,8.9,120635,515804,23.4,23.66
2026-08-29T15:47:29,36606,40192,91.1,181.38,50,10.3,129163,515804,25.0,23.05
2026-08-29T15:47:32,36606,40192,91.1,178.77,50,42.9,111515,515804,21.6,22.40
2026-08-29T15:47:36,36606,40192,91.1,84.70,49,8.8,106818,515804,20.7,22.40
2026-08-29T15:47:39,36606,40192,91.1,181.14,50,10.4,99899,515804,19.4,21.97
2026-08-29T15:47:43,36606,40192,91.1,178.77,50,11.0,105402,515804,20.4,21.49
2026-08-29T15:47:46,36606,40192,91.1,176.38,50,11.7,112905,515804,21.9,21.49
2026-08-29T15:47:49,36606,40192,91.1,178.22,50,36.3,96765,515804,18.8,21.13
2026-08-29T15:47:53,36606,40192,91.1,181.67,50,28.1,106997,515804,20.7,20.24
2026-08-29T15:47:56,36606,40192,91.1,181.46,50,8.9,108500,515804,21.0,20.24
2026-08-29T15:48:00,36606,40192,91.1,182.49,50,25.4,123207,515804,23.9,19.58
2026-08-29T15:48:03,36606,40192,91.1,177.43,50,9.0,124880,515804,24.2,19.13
2026-08-29T15:48:07,36606,40192,91.1,178.01,50,16.9,118995,515804,23.1,19.04
2026-08-29T15:48:10,36606,40192,91.1,176.14,50,9.3,120378,515804,23.3,19.04
2026-08-29T15:48:13,36606,40192,91.1,173.66,50,9.6,113115,515804,21.9,18.40
2026-08-29T15:48:17,36606,40192,91.1,178.22,50,8.6,119034,515804,23.1,17.80
2026-08-29T15:48:20,36606,40192,91.1,181.67,50,9.3,129373,515804,25.1,17.80
2026-08-29T15:48:24,36606,40192,91.1,181.99,50,44.8,113078,515804,21.9,17.26
2026-08-29T15:48:27,36606,40192,91.1,182.51,51,9.2,105303,515804,20.4,17.00
2026-08-29T15:48:31,36606,40192,91.1,101.66,48,9.7,100964,515804,19.6,17.00
2026-08-29T15:48:34,36606,40192,91.1,180.04,50,8.6,104069,515804,20.2,16.44
2026-08-29T15:48:38,36606,40192,91.1,177.43,50,9.9,111369,515804,21.6,16.40
2026-08-29T15:48:41,36606,40192,91.1,176.91,50,37.1,101277,515804,19.6,16.40
2026-08-29T15:48:44,36606,40192,91.1,181.17,50,27.2,110207,515804,21.4,16.05
2026-08-29T15:48:48,36606,40192,91.1,181.14,50,9.7,111510,515804,21.6,15.97
2026-08-29T15:48:51,36606,40192,91.1,180.86,50,25.9,126151,515804,24.5,15.97
2026-08-29T15:48:55,36606,40192,91.1,177.72,50,9.2,127658,515804,24.7,15.49
2026-08-29T15:48:58,36606,40192,91.1,181.46,50,17.8,122223,515804,23.7,15.13
2026-08-29T15:49:02,36606,40192,91.1,180.86,50,11.3,122412,515804,23.7,15.28
2026-08-29T15:49:05,36606,40192,91.1,177.43,50,12.3,115756,515804,22.4,15.28
2026-08-29T15:49:08,36606,40192,91.1,180.32,50,10.2,117261,515804,22.7,15.26
2026-08-29T15:49:12,36606,40192,91.1,177.72,50,9.3,124626,515804,24.2,14.91
2026-08-29T15:49:16,36606,40192,91.1,179.51,50,42.0,108167,515804,21.0,14.91
2026-08-29T15:49:19,36606,40192,91.1,178.77,50,8.7,103454,515804,20.1,14.60
2026-08-29T15:49:22,36606,40192,91.1,181.91,50,9.8,95547,515804,18.5,14.31
2026-08-29T15:49:26,36606,40192,91.1,178.74,50,8.7,102311,515804,19.8,14.31
2026-08-29T15:49:29,36606,40192,91.1,182.80,50,9.3,111608,515804,21.6,13.97
2026-08-29T15:49:33,36606,40192,91.1,181.17,50,38.9,94279,515804,18.3,23.98
2026-08-29T15:49:36,36606,40192,91.1,176.88,50,27.4,109313,515804,21.2,23.98
2026-08-29T15:49:40,36606,40192,91.1,183.02,50,8.5,109979,515804,21.3,23.02
2026-08-29T15:49:43,36606,40192,91.1,177.64,50,26.0,124865,515804,24.2,22.38
2026-08-29T15:49:46,36606,40192,91.1,178.25,50,8.7,126459,515804,24.5,21.79
2026-08-29T15:49:50,36606,40192,91.1,178.98,50,17.3,121249,515804,23.5,21.79
2026-08-29T15:49:53,36606,40192,91.1,182.49,50,8.6,120381,515804,23.3,20.84
2026-08-29T15:49:57,36606,40192,91.1,182.20,50,10.1,118775,515804,23.0,20.45
2026-08-29T15:50:01,36606,40192,91.1,182.51,50,8.9,125912,515804,24.4,20.45
2026-08-29T15:50:05,36606,40192,91.1,175.24,50,33.7,116659,515804,22.6,19.86
2026-08-29T15:50:08,36606,40192,91.1,180.93,50,15.3,106470,515804,20.6,19.07
2026-08-29T15:50:12,36606,40192,91.1,176.06,50,9.9,99192,515804,19.2,18.66
2026-08-29T15:50:17,36606,40192,91.1,94.82,48,9.4,105222,515804,20.4,17.89
2026-08-29T15:50:20,36606,40192,91.1,176.58,50,11.2,115265,515804,22.3,17.89
2026-08-29T15:50:24,36606,40192,91.1,175.03,50,40.8,94696,515804,18.4,17.82
2026-08-29T15:50:27,36606,40192,91.1,177.40,50,29.1,112178,515804,21.7,17.59
2026-08-29T15:50:31,36606,40192,91.1,182.27,50,9.9,107013,515804,20.7,17.59
2026-08-29T15:50:34,36606,40192,91.1,181.46,50,25.7,122727,515804,23.8,27.39
2026-08-29T15:50:38,36606,40192,91.1,181.38,50,8.8,124243,515804,24.1,26.32
2026-08-29T15:50:41,36606,40192,91.1,182.27,50,17.3,119462,515804,23.2,26.32
2026-08-29T15:50:44,36606,40192,91.1,176.38,51,8.9,118387,515804,23.0,25.25
2026-08-29T15:50:48,36606,40192,91.1,173.66,50,9.6,113778,515804,22.1,24.19
2026-08-29T15:50:51,36606,40192,91.1,180.04,50,8.6,119711,515804,23.2,24.19
2026-08-29T15:50:55,36606,40192,91.1,180.64,50,9.2,124889,515804,24.2,23.22
2026-08-29T15:50:58,36606,40192,91.1,89.73,46,38.8,104196,515804,20.2,25.04
2026-08-29T15:51:02,36606,40192,91.1,179.30,50,8.8,105527,515804,20.5,23.92
2026-08-29T15:51:06,36606,40192,91.1,174.18,50,10.3,97800,515804,19.0,23.92
2026-08-29T15:51:09,36606,40192,91.1,174.18,50,8.5,103823,515804,20.1,23.04
2026-08-29T15:51:12,36606,40192,91.1,177.64,50,9.2,114005,515804,22.1,22.16
2026-08-29T15:51:16,36606,40192,91.1,174.48,50,38.1,93546,515804,18.1,22.16
2026-08-29T15:51:19,36606,40192,91.1,176.06,50,27.6,110939,515804,21.5,31.35
2026-08-29T15:51:23,36606,40192,91.1,176.14,50,8.7,110163,515804,21.4,29.56
2026-08-29T15:51:26,36606,40192,91.1,179.80,50,21.0,127367,515804,24.7,28.32
2026-08-29T15:51:31,36606,40192,91.1,99.90,49,16.1,131190,515804,25.4,28.32
2026-08-29T15:51:34,36606,40192,91.1,175.57,50,11.8,122370,515804,23.7,29.81
2026-08-29T15:51:38,36606,40192,91.1,180.93,50,10.3,118286,515804,22.9,38.56
2026-08-29T15:51:41,36606,40192,91.1,181.38,50,10.0,123066,515804,23.9,36.91
2026-08-29T15:51:47,36606,40192,91.1,175.57,50,11.6,122900,515804,23.8,35.16
2026-08-29T15:51:50,36606,40192,91.1,182.27,50,45.4,105682,515804,20.5,35.16
2026-08-29T15:51:54,36606,40192,91.1,179.59,50,9.0,102967,515804,20.0,33.70
2026-08-29T15:51:57,36606,40192,91.1,156.28,48,9.7,95240,515804,18.5,31.88
2026-08-29T15:52:00,36606,40192,91.1,181.17,50,8.6,101931,515804,19.8,31.88
2026-08-29T15:52:04,36606,40192,91.1,178.53,50,9.2,111114,515804,21.5,30.21
2026-08-29T15:52:07,36606,40192,91.1,174.71,50,39.7,92750,515804,18.0,28.83
2026-08-29T15:52:11,36606,40192,91.1,175.00,50,27.6,108877,515804,21.1,28.83
2026-08-29T15:52:14,36606,40192,91.1,176.88,50,8.7,109480,515804,21.2,27.48
2026-08-29T15:52:18,36606,40192,91.1,180.62,50,25.5,124335,515804,24.1,26.16
2026-08-29T15:52:21,36606,40192,91.1,177.40,50,8.6,126153,515804,24.5,26.16
2026-08-29T15:52:24,36606,40192,91.1,182.20,50,17.3,121049,515804,23.5,24.87
2026-08-29T15:52:28,36606,40192,91.1,184.07,50,9.8,120071,515804,23.3,24.08
2026-08-29T15:52:32,36606,40192,91.1,175.32,50,8.8,117793,515804,22.8,23.27
2026-08-29T15:52:36,36606,40192,91.1,179.80,50,8.8,124500,515804,24.1,23.27
2026-08-29T15:52:39,36606,40192,91.1,151.20,49,34.5,118872,515804,23.0,22.29
2026-08-29T15:52:43,36606,40192,91.1,178.98,50,14.7,106134,515804,20.6,21.46
2026-08-29T15:52:46,36606,40192,91.1,180.64,50,9.3,104940,515804,20.3,21.46
2026-08-29T15:52:50,36606,40192,91.1,180.04,50,9.7,102027,515804,19.8,20.63
2026-08-29T15:52:53,36606,40192,91.1,179.27,50,9.9,107955,515804,20.9,19.94
2026-08-29T15:52:57,36606,40192,91.1,164.39,50,15.2,105112,515804,20.4,19.62
2026-08-29T15:53:00,36606,40192,91.1,180.32,49,52.5,115859,515804,22.5,19.62
2026-08-29T15:53:04,36606,40192,91.1,176.58,50,10.6,112298,515804,21.8,19.33
2026-08-29T15:53:07,36606,40192,91.1,175.77,50,27.7,135996,515804,26.4,29.31
2026-08-29T15:53:11,36606,40192,91.1,177.43,50,11.4,127990,515804,24.8,29.31
2026-08-29T15:53:14,36606,40192,91.1,179.30,50,15.2,126096,515804,24.4,27.77
2026-08-29T15:53:18,36606,40192,91.1,173.45,50,10.2,119008,515804,23.1,26.34
2026-08-29T15:53:21,36606,40192,91.1,178.77,50,9.6,115181,515804,22.3,26.34
2026-08-29T15:53:25,36606,40192,91.1,173.90,50,8.6,117731,515804,22.8,25.19
2026-08-29T15:53:28,36606,40192,91.1,181.91,50,9.3,124839,515804,24.2,24.22
2026-08-29T15:53:32,36606,40192,91.1,178.46,50,36.0,115306,515804,22.4,24.22
2026-08-29T15:53:35,36606,40192,91.1,177.93,50,14.5,104463,515804,20.3,23.32
2026-08-29T15:53:39,36606,40192,91.1,181.38,49,9.4,103442,515804,20.1,22.33
2026-08-29T15:53:42,36606,40192,91.1,181.99,50,8.8,100966,515804,19.6,21.43
2026-08-29T15:53:45,36606,40192,91.1,173.66,50,9.1,107276,515804,20.8,21.43
2026-08-29T15:53:49,36606,40192,91.1,168.28,50,17.6,103787,515804,20.1,20.59
2026-08-29T15:53:52,36606,40192,91.1,180.93,50,48.0,113756,515804,22.1,30.39
2026-08-29T15:53:56,36606,40192,91.1,174.27,50,8.8,111516,515804,21.6,30.39
2026-08-29T15:54:00,36606,40192,91.1,173.98,50,25.2,132082,515804,25.6,28.76
2026-08-29T15:54:03,36606,40192,91.1,180.40,50,9.6,127905,515804,24.8,27.26
2026-08-29T15:54:07,36606,40192,91.1,181.38,50,15.4,128492,515804,24.9,27.26
2026-08-29T15:54:10,36606,40192,91.1,178.01,50,11.3,123282,515804,23.9,26.12
2026-08-29T15:54:13,36606,40192,91.1,178.46,50,9.9,117925,515804,22.9,25.06
2026-08-29T15:54:17,36606,40192,91.1,180.64,50,9.3,122092,515804,23.7,24.10
2026-08-29T15:54:20,36606,40192,91.1,181.99,50,10.1,129524,515804,25.1,24.10
2026-08-29T15:54:24,36606,40192,91.1,181.70,50,39.3,119827,515804,23.2,23.29
2026-08-29T15:54:27,36606,40192,91.1,179.51,50,17.2,107968,515804,20.9,22.63
2026-08-29T15:54:31,36606,40192,91.1,182.72,50,12.0,105772,515804,20.5,22.63
2026-08-29T15:54:34,36606,40192,91.1,176.34,50,9.6,98277,515804,19.1,21.69
2026-08-29T15:54:37,36606,40192,91.1,173.66,50,8.9,104455,515804,20.3,20.84
2026-08-29T15:54:41,36606,40192,91.1,175.32,50,9.1,102403,515804,19.9,20.84
2026-08-29T15:54:44,36606,40192,91.1,178.77,50,56.0,114070,515804,22.1,30.30
2026-08-29T15:54:48,36606,40192,91.1,89.20,48,9.1,109147,515804,21.2,28.75
2026-08-29T15:54:51,36606,40192,91.1,156.53,50,25.0,133784,515804,25.9,28.75
2026-08-29T15:54:55,36606,40192,91.1,179.83,50,8.8,125331,515804,24.3,27.33
2026-08-29T15:54:58,36606,40192,91.1,131.05,50,15.7,129126,515804,25.0,26.10
2026-08-29T15:55:02,36606,40192,91.1,177.64,49,10.0,120781,515804,23.4,24.89
2026-08-29T15:55:05,36606,40192,91.1,179.59,50,9.4,116339,515804,22.6,24.89
2026-08-29T15:55:09,36606,40192,91.1,182.27,50,9.3,119000,515804,23.1,24.02
2026-08-29T15:55:12,36606,40192,91.1,78.55,48,9.0,126046,515804,24.4,23.14
2026-08-29T15:55:16,36606,40192,91.1,178.98,50,35.4,116139,515804,22.5,23.14
2026-08-29T15:55:19,36606,40192,91.1,178.98,50,14.5,105930,515804,20.5,22.17
2026-08-29T15:55:22,36606,40192,91.1,179.83,50,9.9,105132,515804,20.4,21.27
2026-08-29T15:55:26,36606,40192,91.1,179.06,50,8.7,102396,515804,19.9,21.27
2026-08-29T15:55:29,36606,40192,91.1,180.64,50,9.3,109006,515804,21.1,20.45
2026-08-29T15:55:33,36606,40192,91.1,156.63,49,26.2,104901,515804,20.3,19.85
2026-08-29T15:55:37,36606,40192,91.1,174.18,49,37.1,110511,515804,21.4,19.85
2026-08-29T15:55:40,36606,40192,91.1,181.46,50,9.6,111990,515804,21.7,19.14
2026-08-29T15:55:44,36606,40192,91.1,179.80,50,25.8,130744,515804,25.3,18.41
2026-08-29T15:55:47,36606,40192,91.1,176.34,50,11.2,128046,515804,24.8,18.38
2026-08-29T15:55:50,36606,40192,91.1,178.98,50,30.3,127306,515804,24.7,18.38
2026-08-29T15:55:54,36606,40192,91.1,177.40,50,27.8,118716,515804,23.0,17.87
2026-08-29T15:55:58,36606,40192,91.1,177.11,50,9.8,111464,515804,21.6,17.64
2026-08-29T15:56:01,36606,40192,91.1,183.02,50,8.5,117648,515804,22.8,17.64
2026-08-29T15:56:04,36606,40192,91.1,180.64,50,9.1,126056,515804,24.4,17.03
2026-08-29T15:56:08,36606,40192,91.1,116.99,49,38.7,112941,515804,21.9,27.03
2026-08-29T15:56:11,36606,40192,91.1,183.33,50,14.5,104099,515804,20.2,27.03
2026-08-29T15:56:15,36606,40192,91.1,177.19,50,9.3,103474,515804,20.1,25.75
2026-08-29T15:56:18,36606,40192,91.1,176.06,50,8.8,100970,515804,19.6,24.49
2026-08-29T15:56:22,36606,40192,91.1,173.69,50,8.7,107763,515804,20.9,24.49
2026-08-29T15:56:25,36606,40192,91.1,124.47,49,36.0,103532,515804,20.1,23.49
2026-08-29T15:56:29,36606,40192,91.1,174.71,50,29.3,109247,515804,21.2,32.74
2026-08-29T15:56:32,36606,40192,91.1,176.58,50,8.8,110645,515804,21.5,30.92
2026-08-29T15:56:36,36606,40192,91.1,180.86,50,25.8,127495,515804,24.7,30.92
2026-08-29T15:56:39,36606,40192,91.1,181.99,50,8.7,126853,515804,24.6,29.32
2026-08-29T15:56:42,36606,40192,91.1,176.14,50,33.0,125013,515804,24.2,36.66
2026-08-29T15:56:46,36606,40192,91.1,176.91,50,22.3,122219,515804,23.7,36.66
2026-08-29T15:56:49,36606,40192,91.1,179.83,50,9.6,114458,515804,22.2,34.61
2026-08-29T15:56:53,36606,40192,91.1,179.06,50,9.6,120754,515804,23.4,32.64
2026-08-29T15:56:56,36606,40192,91.1,180.40,50,10.0,128655,515804,24.9,32.64
2026-08-29T15:57:00,36606,40192,91.1,179.80,50,37.4,117173,515804,22.7,31.14
2026-08-29T15:57:03,36606,40192,91.1,177.72,50,15.6,107062,515804,20.8,29.69
2026-08-29T15:57:06,36606,40192,91.1,178.01,50,10.7,106262,515804,20.6,29.69
2026-08-29T15:57:10,36606,40192,91.1,181.99,50,11.4,103064,515804,20.0,28.60
2026-08-29T15:57:13,36606,40192,91.1,180.32,50,11.7,109124,515804,21.2,27.51
2026-08-29T15:57:17,36606,40192,91.1,154.70,50,20.9,101372,515804,19.7,36.43
2026-08-29T15:57:21,36606,40192,91.1,177.64,50,42.8,109567,515804,21.2,36.43
2026-08-29T15:57:24,36606,40192,91.1,176.38,50,8.9,108843,515804,21.1,34.40
2026-08-29T15:57:27,36606,40192,91.1,179.83,50,25.5,131578,515804,25.5,42.69
2026-08-29T15:57:31,36606,40192,91.1,175.57,50,9.0,124964,515804,24.2,42.69
2026-08-29T15:57:34,36606,40192,91.1,173.66,50,14.5,124958,515804,24.2,40.08
2026-08-29T15:57:38,36606,40192,91.1,179.51,50,11.1,120310,515804,23.3,38.23
2026-08-29T15:57:41,36606,40192,91.1,177.40,50,9.6,114537,515804,22.2,38.23
2026-08-29T15:57:45,36606,40192,91.1,176.67,50,8.6,119257,515804,23.1,36.05
2026-08-29T15:57:48,36606,40192,91.1,175.32,50,9.1,127109,515804,24.6,34.12
2026-08-29T15:57:52,36606,40192,91.1,179.83,50,39.3,116455,515804,22.6,34.12
2026-08-29T15:57:55,36606,40192,91.1,178.98,50,14.4,105528,515804,20.5,32.35
2026-08-29T15:57:59,36606,40192,91.1,177.43,50,9.5,104766,515804,20.3,31.04
2026-08-29T15:58:02,36606,40192,91.1,177.40,50,8.8,102151,515804,19.8,29.52
2026-08-29T15:58:06,36606,40192,91.1,98.04,49,9.8,108487,515804,21.0,29.52
2026-08-29T15:58:09,36606,40192,91.1,127.69,49,28.2,104633,515804,20.3,28.03
2026-08-29T15:58:13,36606,40192,91.1,178.74,50,31.0,110477,515804,21.4,26.99
2026-08-29T15:58:17,36606,40192,91.1,80.14,48,9.4,111889,515804,21.7,25.71
2026-08-29T15:58:20,36606,40192,91.1,179.30,50,26.4,126380,515804,24.5,25.71
2026-08-29T15:58:24,36606,40192,91.1,175.85,50,9.7,127731,515804,24.8,24.45
2026-08-29T15:58:27,36606,40192,91.1,178.01,50,18.2,122267,515804,23.7,23.85
2026-08-29T15:58:31,36606,40192,91.1,176.88,50,11.2,122203,515804,23.7,23.85
2026-08-29T15:58:34,36606,40192,91.1,173.90,50,12.1,116417,515804,22.6,22.90
2026-08-29T15:58:38,36606,40192,91.1,175.24,50,8.9,117167,515804,22.7,22.03
2026-08-29T15:58:41,36606,40192,91.1,72.65,47,16.2,117449,515804,22.8,21.47
2026-08-29T15:58:46,36606,40192,91.1,180.32,50,33.6,103220,515804,20.0,21.47
2026-08-29T15:58:50,36606,40192,91.1,181.70,50,8.6,102733,515804,19.9,20.71
2026-08-29T15:58:53,36606,40192,91.1,173.98,50,9.9,97726,515804,18.9,19.93
2026-08-29T15:58:57,36606,40192,91.1,82.30,47,8.8,109565,515804,21.2,19.46
2026-08-29T15:59:02,36606,40192,91.1,175.32,50,39.3,101129,515804,19.6,29.27
2026-08-29T15:59:06,36606,40192,91.1,179.83,50,27.4,108997,515804,21.1,29.27
2026-08-29T15:59:09,36606,40192,91.1,178.01,51,8.7,110590,515804,21.4,27.81
2026-08-29T15:59:13,36606,40192,91.1,181.99,50,26.2,124992,515804,24.2,26.46
2026-08-29T15:59:16,36606,40192,91.1,175.53,50,8.8,126490,515804,24.5,26.46
2026-08-29T15:59:19,36606,40192,91.1,179.27,50,15.9,120809,515804,23.4,25.38
2026-08-29T15:59:23,36606,40192,91.1,82.82,50,10.4,122023,515804,23.7,24.15
2026-08-29T15:59:26,36606,40192,91.1,180.64,50,9.9,117586,515804,22.8,23.42
2026-08-29T15:59:31,36606,40192,91.1,179.83,50,8.8,124348,515804,24.1,23.42
2026-08-29T15:59:35,36606,40192,91.1,73.18,47,35.5,120447,515804,23.4,22.42
2026-08-29T15:59:39,36606,40192,91.1,179.27,50,15.6,106787,515804,20.7,21.51
2026-08-29T15:59:42,36606,40192,91.1,177.93,50,10.1,102265,515804,19.8,20.99
2026-08-29T15:59:47,36606,40192,91.1,182.72,50,9.2,105417,515804,20.4,20.67
2026-08-29T15:59:50,36606,40192,91.1,181.70,50,11.6,113253,515804,22.0,20.67
2026-08-29T15:59:54,36606,40192,91.1,183.02,50,42.7,102706,515804,19.9,20.21
2026-08-29T15:59:57,36606,40192,91.1,181.67,50,28.6,106841,515804,20.7,19.79
2026-08-29T16:00:01,36606,40192,91.1,178.77,50,8.9,108469,515804,21.0,19.79
2026-08-29T16:00:04,36606,40192,91.1,178.77,50,24.7,123136,515804,23.9,19.01
2026-08-29T16:00:08,36606,40192,91.1,179.83,50,8.7,124729,515804,24.2,18.45
2026-08-29T16:00:11,36606,40192,91.1,180.86,50,16.5,120472,515804,23.4,18.45
2026-08-29T16:00:14,36606,40192,91.1,178.74,50,9.9,120004,515804,23.3,18.09
2026-08-29T16:00:18,36606,40192,91.1,182.72,50,9.5,112379,515804,21.8,17.60
2026-08-29T16:00:21,36606,40192,91.1,180.64,50,8.6,118962,515804,23.1,17.60
2026-08-29T16:00:25,36606,40192,91.1,181.46,50,9.2,128288,515804,24.9,17.07
2026-08-29T16:00:28,36606,40192,91.1,67.04,46,36.5,111455,515804,21.6,27.08
2026-08-29T16:00:32,36606,40192,91.1,180.62,50,9.5,105486,515804,20.5,26.03
2026-08-29T16:00:36,36606,40192,91.1,174.79,50,9.7,99383,515804,19.3,26.03
2026-08-29T16:00:39,36606,40192,91.1,92.18,48,8.6,104358,515804,20.2,24.83
2026-08-29T16:00:43,36606,40192,91.1,175.24,50,9.2,112913,515804,21.9,23.80
2026-08-29T16:00:46,36606,40192,91.1,181.70,50,37.8,97159,515804,18.8,23.80
2026-08-29T16:00:49,36606,40192,91.1,179.59,50,27.9,110488,515804,21.4,32.86
2026-08-29T16:00:53,36606,40192,91.1,176.38,50,8.6,111993,515804,21.7,31.11
2026-08-29T16:00:56,36606,40192,91.1,178.01,50,25.5,126343,515804,24.5,31.11
2026-08-29T16:01:00,36606,40192,91.1,80.66,49,9.7,127685,515804,24.8,29.42
2026-08-29T16:01:03,36606,40192,91.1,183.02,50,17.7,122363,515804,23.7,28.27
2026-08-29T16:01:07,36606,40192,91.1,181.70,50,9.2,121709,515804,23.6,28.27
2026-08-29T16:01:10,36606,40192,91.1,93.47,49,12.3,116684,515804,22.6,27.20
2026-08-29T16:01:13,36606,40192,91.1,180.64,50,11.3,121944,515804,23.6,26.23
2026-08-29T16:01:17,36606,40192,91.1,180.32,50,10.9,124854,515804,24.2,26.23
2026-08-29T16:01:20,36606,40192,91.1,182.20,50,42.8,109358,515804,21.2,25.17
2026-08-29T16:01:24,36606,40192,91.1,177.43,50,8.8,103112,515804,20.0,23.95
2026-08-29T16:01:27,36606,40192,91.1,175.32,50,9.5,97029,515804,18.8,23.00
2026-08-29T16:01:31,36606,40192,91.1,178.25,50,8.8,102183,515804,19.8,23.00
2026-08-29T16:01:34,36606,40192,91.1,180.64,50,9.4,109579,515804,21.2,22.03
2026-08-29T16:01:38,36606,40192,91.1,176.34,50,38.2,100002,515804,19.4,31.88
2026-08-29T16:01:41,36606,40192,91.1,176.38,50,27.9,108194,515804,21.0,31.88
2026-08-29T16:01:44,36606,40192,91.1,178.01,50,8.7,109823,515804,21.3,30.13
2026-08-29T16:01:48,36606,40192,91.1,180.32,50,25.6,124495,515804,24.1,28.52
2026-08-29T16:01:51,36606,40192,91.1,180.32,50,9.2,126078,515804,24.4,28.52
2026-08-29T16:01:55,36606,40192,91.1,179.06,50,20.9,120235,515804,23.3,27.67
2026-08-29T16:01:58,36606,40192,91.1,175.85,50,9.2,119994,515804,23.3,26.26
2026-08-29T16:02:02,36606,40192,91.1,181.14,50,9.5,115248,515804,22.3,26.26
2026-08-29T16:02:05,36606,40192,91.1,171.50,50,9.4,120823,515804,23.4,25.20
2026-08-29T16:02:09,36606,40192,91.1,174.48,50,9.5,126191,515804,24.5,24.06
2026-08-29T16:02:12,36606,40192,91.1,180.11,50,46.0,111352,515804,21.6,23.57
2026-08-29T16:02:16,36606,40192,91.1,178.77,50,9.8,106240,515804,20.6,23.57
2026-08-29T16:02:19,36606,40192,91.1,181.38,50,9.9,99330,515804,19.3,22.49
2026-08-29T16:02:22,36606,40192,91.1,178.22,50,9.5,105091,515804,20.4,21.49
2026-08-29T16:02:26,36606,40192,91.1,89.20,48,10.1,112732,515804,21.9,21.49
2026-08-29T16:02:29,36606,40192,91.1,174.18,50,41.5,102699,515804,19.9,20.97
2026-08-29T16:02:33,36606,40192,91.1,181.46,50,30.2,110825,515804,21.5,20.41
2026-08-29T16:02:36,36606,40192,91.1,174.27,50,11.6,112116,515804,21.7,20.41
2026-08-29T16:02:39,36606,40192,91.1,177.43,50,25.9,122297,515804,23.7,19.58
2026-08-29T16:02:43,36606,40192,91.1,181.17,50,9.0,123922,515804,24.0,18.89
2026-08-29T16:02:46,36606,40192,91.1,179.59,50,16.0,119154,515804,23.1,18.89
2026-08-29T16:02:50,36606,40192,91.1,179.59,50,10.1,119366,515804,23.1,18.50
2026-08-29T16:02:53,36606,40192,91.1,175.77,50,9.9,111686,515804,21.7,18.30
2026-08-29T16:02:57,36606,40192,91.1,180.32,50,8.6,118226,515804,22.9,18.30
2026-08-29T16:03:00,36606,40192,91.1,181.17,50,9.2,128209,515804,24.9,17.71
2026-08-29T16:03:04,36606,40192,91.1,179.59,50,41.0,109954,515804,21.3,27.59
2026-08-29T16:03:07,36606,40192,91.1,179.83,50,14.5,104800,515804,20.3,27.59
2026-08-29T16:03:10,36606,40192,91.1,182.72,50,9.4,104694,515804,20.3,26.42
2026-08-29T16:03:14,36606,40192,91.1,176.58,50,9.5,102072,515804,19.8,25.10
2026-08-29T16:03:17,36606,40192,91.1,179.83,49,8.9,108702,515804,21.1,24.13
2026-08-29T16:03:21,36606,40192,91.1,151.02,49,35.0,103849,515804,20.1,24.13
2026-08-29T16:03:25,36606,40192,91.1,179.30,50,27.8,109727,515804,21.3,23.08
2026-08-29T16:03:28,36606,40192,91.1,98.85,48,9.5,111017,515804,21.5,22.03
2026-08-29T16:03:32,36606,40192,91.1,180.32,50,25.8,126059,515804,24.4,22.03
2026-08-29T16:03:35,36606,40192,91.1,180.04,50,8.9,127212,515804,24.7,21.07
2026-08-29T16:03:38,36606,40192,91.1,173.90,49,16.6,123292,515804,23.9,20.18
2026-08-29T16:03:42,36606,40192,91.1,174.27,50,11.2,122245,515804,23.7,20.18
2026-08-29T16:03:45,36606,40192,91.1,179.59,50,10.7,114030,515804,22.1,19.77
2026-08-29T16:03:49,36606,40192,91.1,181.70,50,9.6,120950,515804,23.4,19.39
2026-08-29T16:03:52,36606,40192,91.1,77.45,48,11.8,129401,515804,25.1,19.39
2026-08-29T16:03:55,36606,40192,91.1,181.38,50,42.3,116016,515804,22.5,19.03
2026-08-29T16:03:59,36606,40192,91.1,175.53,50,15.7,102634,515804,19.9,18.63
2026-08-29T16:04:02,36606,40192,91.1,177.11,50,9.4,102073,515804,19.8,18.34
2026-08-29T16:04:06,36606,40192,91.1,180.64,50,8.8,99338,515804,19.3,18.34
2026-08-29T16:04:09,36606,40192,91.1,178.01,50,8.8,105812,515804,20.5,17.67
2026-08-29T16:04:13,36606,40192,91.1,163.58,50,28.4,102014,515804,19.8,17.14
2026-08-29T16:04:17,36606,40192,91.1,171.58,49,36.2,107719,515804,20.9,17.14
2026-08-29T16:04:20,36606,40192,91.1,180.64,50,8.7,109282,515804,21.2,16.65
2026-08-29T16:04:23,36606,40192,91.1,180.93,50,25.6,128351,515804,24.9,26.60
2026-08-29T16:04:27,36606,40192,91.1,85.22,50,8.6,125561,515804,24.3,26.60
2026-08-29T16:04:30,36606,40192,91.1,180.32,50,15.8,125097,515804,24.3,25.35
2026-08-29T16:04:34,36606,40192,91.1,182.80,50,10.8,120730,515804,23.4,24.60
2026-08-29T16:04:37,36606,40192,91.1,176.38,50,9.7,112774,515804,21.9,24.60
2026-08-29T16:04:41,36606,40192,91.1,78.79,49,8.5,119574,515804,23.2,23.83
2026-08-29T16:04:44,36606,40192,91.1,177.93,50,9.1,128426,515804,24.9,23.05
2026-08-29T16:04:47,36606,40192,91.1,178.46,50,39.5,113252,515804,22.0,22.16
2026-08-29T16:04:51,36606,40192,91.1,182.20,50,14.3,105891,515804,20.5,22.16
2026-08-29T16:04:54,36606,40192,91.1,180.04,50,9.4,105643,515804,20.5,21.51
2026-08-29T16:04:58,36606,40192,91.1,173.69,50,9.6,103014,515804,20.0,20.75
2026-08-29T16:05:01,36606,40192,91.1,179.80,50,9.8,109756,515804,21.3,20.75
2026-08-29T16:05:05,36606,40192,91.1,128.89,50,34.4,104136,515804,20.2,20.21
2026-08-29T16:05:09,36606,40192,91.1,180.32,50,27.7,111196,515804,21.6,19.71
2026-08-29T16:05:12,36606,40192,91.1,178.74,50,11.3,112643,515804,21.8,19.71
2026-08-29T16:05:16,36606,40192,91.1,176.67,50,27.9,127201,515804,24.7,19.41
2026-08-29T16:05:19,36606,40192,91.1,180.62,49,9.6,124464,515804,24.1,18.82
2026-08-29T16:05:22,36606,40192,91.1,178.98,50,16.0,120351,515804,23.3,18.43
2026-08-29T16:05:26,36606,40192,91.1,173.37,50,10.5,120054,515804,23.3,18.43
2026-08-29T16:05:29,36606,40192,91.1,175.57,50,9.6,112403,515804,21.8,27.93
2026-08-29T16:05:33,36606,40192,91.1,179.06,50,8.8,119157,515804,23.1,26.65
2026-08-29T16:05:36,36606,40192,91.1,179.30,50,9.2,128345,515804,24.9,26.65
2026-08-29T16:05:40,36606,40192,91.1,179.30,50,39.0,111965,515804,21.7,25.56
2026-08-29T16:05:43,36606,40192,91.1,179.30,50,14.5,104359,515804,20.2,24.95
2026-08-29T16:05:46,36606,40192,91.1,179.30,50,9.2,103874,515804,20.1,24.95
2026-08-29T16:05:50,36606,40192,91.1,177.40,50,8.8,101253,515804,19.6,24.24
2026-08-29T16:05:53,36606,40192,91.1,180.62,50,9.5,107736,515804,20.9,23.42
2026-08-29T16:05:57,36606,40192,91.1,180.11,50,29.8,96098,515804,18.6,25.30
2026-08-29T16:06:01,36606,40192,91.1,173.13,50,27.9,109748,515804,21.3,25.30
2026-08-29T16:06:05,36606,40192,91.1,174.71,50,8.5,110725,515804,21.5,24.16
2026-08-29T16:06:08,36606,40192,91.1,95.10,48,26.2,125426,515804,24.3,23.10
2026-08-29T16:06:12,36606,40192,91.1,181.46,50,13.2,128164,515804,24.8,22.54
2026-08-29T16:06:17,36606,40192,91.1,177.93,50,11.4,121925,515804,23.6,21.77
2026-08-29T16:06:21,36606,40192,91.1,178.22,50,10.6,115304,515804,22.4,21.77
2026-08-29T16:06:24,36606,40192,91.1,181.46,50,9.6,120439,515804,23.3,20.99
2026-08-29T16:06:28,36606,40192,91.1,178.77,50,9.8,128499,515804,24.9,20.67
2026-08-29T16:06:31,36606,40192,91.1,172.64,50,41.8,116838,515804,22.7,20.67
2026-08-29T16:06:34,36606,40192,91.1,178.74,50,17.2,106592,515804,20.7,20.45
2026-08-29T16:06:38,36606,40192,91.1,175.24,50,10.4,101029,515804,19.6,19.78
2026-08-29T16:06:41,36606,40192,91.1,180.11,50,8.9,98379,515804,19.1,19.78
2026-08-29T16:06:45,36606,40192,91.1,179.30,50,8.9,105264,515804,20.4,19.56
2026-08-29T16:06:48,36606,40192,91.1,129.56,49,33.2,101554,515804,19.7,19.19
2026-08-29T16:06:52,36606,40192,91.1,181.17,50,30.4,107335,515804,20.8,19.19
2026-08-29T16:06:55,36606,40192,91.1,181.46,50,8.8,108863,515804,21.1,18.69
2026-08-29T16:06:59,36606,40192,91.1,178.77,50,25.6,124419,515804,24.1,28.65
2026-08-29T16:07:02,36606,40192,91.1,174.71,50,8.9,125071,515804,24.2,28.65
2026-08-29T16:07:06,36606,40192,91.1,178.98,50,15.9,122308,515804,23.7,27.31
2026-08-29T16:07:09,36606,40192,91.1,172.60,50,10.1,120528,515804,23.4,26.01
2026-08-29T16:07:12,36606,40192,91.1,177.19,50,10.1,112844,515804,21.9,25.13
2026-08-29T16:07:16,36606,40192,91.1,184.38,50,8.6,119137,515804,23.1,25.13
2026-08-29T16:07:19,36606,40192,91.1,178.98,50,9.1,129249,515804,25.1,24.00
2026-08-29T16:07:23,36606,40192,91.1,176.58,50,41.0,112168,515804,21.7,22.95
2026-08-29T16:07:26,36606,40192,91.1,182.20,50,9.4,104803,515804,20.3,22.24
2026-08-29T16:07:31,36606,40192,91.1,183.02,50,9.7,99144,515804,19.2,22.24
2026-08-29T16:07:34,36606,40192,91.1,180.04,50,9.5,104647,515804,20.3,21.50
2026-08-29T16:07:38,36606,40192,91.1,176.88,50,9.5,113068,515804,21.9,21.22
2026-08-29T16:07:41,36606,40192,91.1,91.36,47,38.9,110309,515804,21.4,20.64
2026-08-29T16:07:47,36606,40192,91.1,178.74,50,9.4,111757,515804,21.7,20.64
2026-08-29T16:07:50,36606,40192,91.1,176.67,50,28.2,126235,515804,24.5,20.19
2026-08-29T16:07:54,36606,40192,91.1,181.70,50,11.4,127664,515804,24.8,19.69
2026-08-29T16:07:57,36606,40192,91.1,169.38,50,18.2,121409,515804,23.5,19.69
2026-08-29T16:08:01,36606,40192,91.1,176.14,50,9.7,118723,515804,23.0,19.24
2026-08-29T16:08:04,36606,40192,91.1,178.53,50,9.6,111338,515804,21.6,18.66
2026-08-29T16:08:07,36606,40192,91.1,179.59,50,8.5,117353,515804,22.8,18.20
2026-08-29T16:08:11,36606,40192,91.1,181.91,50,9.0,127574,515804,24.7,18.20
2026-08-29T16:08:14,36606,40192,91.1,138.63,49,41.1,111759,515804,21.7,28.12
2026-08-29T16:08:18,36606,40192,91.1,176.38,50,8.9,103836,515804,20.1,26.75
2026-08-29T16:08:21,36606,40192,91.1,180.62,50,9.6,98338,515804,19.1,26.75
2026-08-29T16:08:25,36606,40192,91.1,178.25,50,8.6,102511,515804,19.9,25.48
2026-08-29T16:08:28,36606,40192,91.1,179.59,50,9.1,110783,515804,21.5,24.56
2026-08-29T16:08:32,36606,40192,91.1,178.01,50,39.2,99541,515804,19.3,24.56
2026-08-29T16:08:35,36606,40192,91.1,179.83,50,28.7,108814,515804,21.1,23.80
2026-08-29T16:08:39,36606,40192,91.1,82.30,50,8.7,110285,515804,21.4,22.77
2026-08-29T16:08:42,36606,40192,91.1,183.02,50,25.2,124958,515804,24.2,22.77
2026-08-29T16:08:46,36606,40192,91.1,175.24,50,8.7,126515,515804,24.5,21.91
2026-08-29T16:08:49,36606,40192,91.1,181.38,50,16.5,121403,515804,23.5,20.96
2026-08-29T16:08:52,36606,40192,91.1,176.67,50,10.4,121695,515804,23.6,20.32
2026-08-29T16:08:56,36606,40192,91.1,174.18,50,10.2,114295,515804,22.2,20.32
2026-08-29T16:08:59,36606,40192,91.1,182.49,50,8.8,120391,515804,23.3,19.65
2026-08-29T16:09:03,36606,40192,91.1,175.24,50,10.2,129721,515804,25.1,18.96
2026-08-29T16:09:06,36606,40192,91.1,176.88,50,39.1,111002,515804,21.5,18.96
2026-08-29T16:09:10,36606,40192,91.1,178.22,50,15.3,106539,515804,20.7,18.40
2026-08-29T16:09:13,36606,40192,91.1,174.27,50,11.9,105408,515804,20.4,18.29
2026-08-29T16:09:16,36606,40192,91.1,177.72,50,11.3,103816,515804,20.1,18.29
2026-08-29T16:09:20,36606,40192,91.1,176.06,50,10.1,106699,515804,20.7,18.19
2026-08-29T16:09:23,36606,40192,91.1,180.93,50,34.8,98133,515804,19.0,27.78
2026-08-29T16:09:27,36606,40192,91.1,173.17,50,27.9,106784,515804,20.7,27.78
2026-08-29T16:09:31,36606,40192,91.1,176.58,50,8.7,108404,515804,21.0,26.52
2026-08-29T16:09:34,36606,40192,91.1,180.86,50,25.3,123020,515804,23.9,35.44
2026-08-29T16:09:38,36606,40192,91.1,179.27,50,8.6,124487,515804,24.1,33.57
2026-08-29T16:09:41,36606,40192,91.1,174.71,50,16.9,118983,515804,23.1,33.57
2026-08-29T16:09:44,36606,40192,91.1,181.70,50,9.3,119591,515804,23.2,31.76
2026-08-29T16:09:48,36606,40192,91.1,178.46,50,9.7,113519,515804,22.0,30.26
2026-08-29T16:09:51,36606,40192,91.1,180.32,50,8.6,118912,515804,23.1,30.26
2026-08-29T16:09:55,36606,40192,91.1,94.58,49,9.8,129021,515804,25.0,28.95
2026-08-29T16:09:58,36606,40192,91.1,172.03,50,41.9,112424,515804,21.8,27.44
2026-08-29T16:10:01,36606,40192,91.1,174.79,50,8.9,105128,515804,20.4,27.44
2026-08-29T16:10:05,36606,40192,91.1,175.03,50,9.6,100669,515804,19.5,26.04
2026-08-29T16:10:08,36606,40192,91.1,82.00,48,9.4,103450,515804,20.1,25.24
2026-08-29T16:10:12,36606,40192,91.1,182.72,50,9.0,110781,515804,21.5,25.24
2026-08-29T16:10:15,36606,40192,91.1,179.06,50,34.8,99857,515804,19.4,24.18
2026-08-29T16:10:19,36606,40192,91.1,178.74,50,27.8,109959,515804,21.3,23.44
2026-08-29T16:10:22,36606,40192,91.1,80.14,49,9.6,111628,515804,21.6,23.44
2026-08-29T16:10:26,36606,40192,91.1,175.77,50,25.7,126074,515804,24.4,22.44
2026-08-29T16:10:29,36606,40192,91.1,183.04,50,9.9,127460,515804,24.7,21.53
2026-08-29T16:10:32,36606,40192,91.1,178.01,50,19.6,121880,515804,23.6,21.09
2026-08-29T16:10:36,36606,40192,91.1,99.62,48,11.2,121000,515804,23.5,21.09
2026-08-29T16:10:39,36606,40192,91.1,177.40,50,11.8,116044,515804,22.5,20.60
2026-08-29T16:10:43,36606,40192,91.1,180.64,50,9.6,117683,515804,22.8,19.99
2026-08-29T16:10:46,36606,40192,91.1,176.38,50,9.2,120011,515804,23.3,19.99
2026-08-29T16:10:50,36606,40192,91.1,91.89,48,44.1,105983,515804,20.5,29.60
2026-08-29T16:10:53,36606,40192,91.1,171.83,50,8.8,103107,515804,20.0,28.11
2026-08-29T16:10:56,36606,40192,91.1,181.91,50,9.8,95107,515804,18.4,28.11
2026-08-29T16:11:00,36606,40192,91.1,177.93,50,8.5,101909,515804,19.8,26.98
2026-08-29T16:11:03,36606,40192,91.1,180.86,50,9.1,110631,515804,21.4,25.78
2026-08-29T16:11:07,36606,40192,91.1,181.99,50,38.3,96285,515804,18.7,25.78
2026-08-29T16:11:10,36606,40192,91.1,181.70,50,27.5,108191,515804,21.0,35.25
2026-08-29T16:11:14,36606,40192,91.1,89.73,48,8.6,110116,515804,21.3,33.22
2026-08-29T16:11:17,36606,40192,91.1,178.46,50,25.2,124296,515804,24.1,33.22
2026-08-29T16:11:20,36606,40192,91.1,175.03,50,8.7,125707,515804,24.4,31.37
2026-08-29T16:11:24,36606,40192,91.1,179.59,50,17.2,119652,515804,23.2,30.05
2026-08-29T16:11:27,36606,40192,91.1,173.37,49,8.7,121282,515804,23.5,30.05
2026-08-29T16:11:31,36606,40192,91.1,179.51,50,10.3,113848,515804,22.1,28.53
2026-08-29T16:11:34,36606,40192,91.1,180.62,50,8.5,119905,515804,23.2,27.04
2026-08-29T16:11:38,36606,40192,91.1,178.01,50,9.3,130215,515804,25.2,25.92
2026-08-29T16:11:41,36606,40192,91.1,175.24,49,44.9,114211,515804,22.1,25.92
2026-08-29T16:11:45,36606,40192,91.1,178.46,50,9.7,106076,515804,20.6,24.72
2026-08-29T16:11:48,36606,40192,91.1,180.40,50,10.1,101012,515804,19.6,23.95
2026-08-29T16:11:52,36606,40192,91.1,172.64,50,9.2,104608,515804,20.3,23.95
2026-08-29T16:11:55,36606,40192,91.1,169.38,50,11.8,111822,515804,21.7,23.23
2026-08-29T16:11:58,36606,40192,91.1,179.83,50,38.4,100279,515804,19.4,32.90
2026-08-29T16:12:02,36606,40192,91.1,181.91,49,28.8,106053,515804,20.6,32.90
2026-08-29T16:12:05,36606,40192,91.1,180.32,50,8.9,107784,515804,20.9,31.23
2026-08-29T16:12:09,36606,40192,91.1,179.80,50,25.5,122384,515804,23.7,29.69
2026-08-29T16:12:12,36606,40192,91.1,181.17,50,8.5,123962,515804,24.0,29.69
2026-08-29T16:12:16,36606,40192,91.1,160.56,50,16.5,118234,515804,22.9,28.19
2026-08-29T16:12:19,36606,40192,91.1,178.53,50,9.4,119291,515804,23.1,26.73
2026-08-29T16:12:22,36606,40192,91.1,178.01,50,9.6,111919,515804,21.7,26.73
2026-08-29T16:12:26,36606,40192,91.1,177.93,50,8.6,118163,515804,22.9,25.47
2026-08-29T16:12:29,36606,40192,91.1,181.99,50,9.2,127939,515804,24.8,24.39
2026-08-29T16:12:33,36606,40192,91.1,172.40,50,39.0,113516,515804,22.0,23.64
2026-08-29T16:12:36,36606,40192,91.1,80.14,48,10.2,104676,515804,20.3,23.64
2026-08-29T16:12:40,36606,40192,91.1,177.40,50,9.4,101343,515804,19.6,22.55
2026-08-29T16:12:43,36606,40192,91.1,175.77,50,8.7,102673,515804,19.9,21.78
2026-08-29T16:12:46,36606,40192,91.1,176.88,48,8.9,110116,515804,21.3,21.78
2026-08-29T16:12:50,36606,40192,91.1,175.53,49,37.3,101217,515804,19.6,20.92
2026-08-29T16:12:54,36606,40192,91.1,174.71,50,27.7,109527,515804,21.2,20.05
2026-08-29T16:12:57,36606,40192,91.1,181.67,50,8.8,111108,515804,21.5,20.05
2026-08-29T16:13:00,36606,40192,91.1,177.11,50,25.8,125521,515804,24.3,19.24
2026-08-29T16:13:04,36606,40192,91.1,174.18,50,9.6,126884,515804,24.6,18.58
2026-08-29T16:13:07,36606,40192,91.1,180.11,50,16.6,121231,515804,23.5,18.58
2026-08-29T16:13:11,36606,40192,91.1,179.30,50,10.3,122440,515804,23.7,25.02
2026-08-29T16:13:14,36606,40192,91.1,80.42,48,11.6,115094,515804,22.3,24.30
2026-08-29T16:13:18,36606,40192,91.1,181.99,50,11.3,120702,515804,23.4,23.71
2026-08-29T16:13:21,36606,40192,91.1,178.53,50,11.5,126826,515804,24.6,23.71
2026-08-29T16:13:24,36606,40192,91.1,179.59,50,42.7,108816,515804,21.1,33.19
2026-08-29T16:13:28,36606,40192,91.1,173.13,50,8.8,102655,515804,19.9,31.33
2026-08-29T16:13:31,36606,40192,91.1,180.04,50,9.5,96966,515804,18.8,31.33
2026-08-29T16:13:35,36606,40192,91.1,177.93,50,8.7,101612,515804,19.7,29.78
2026-08-29T16:13:38,36606,40192,91.1,178.01,50,9.3,108757,515804,21.1,28.36
2026-08-29T16:13:42,36606,40192,91.1,174.27,50,38.6,100195,515804,19.4,28.36
2026-08-29T16:13:45,36606,40192,91.1,181.70,50,27.2,107778,515804,20.9,26.97
2026-08-29T16:13:49,36606,40192,91.1,176.58,49,8.6,109341,515804,21.2,25.61
2026-08-29T16:13:52,36606,40192,91.1,182.49,50,25.5,124054,515804,24.1,25.61
2026-08-29T16:13:55,36606,40192,91.1,181.14,50,8.8,125686,515804,24.4,24.52
2026-08-29T16:13:59,36606,40192,91.1,177.43,50,16.6,119855,515804,23.2,33.69
2026-08-29T16:14:02,36606,40192,91.1,177.93,50,10.4,120990,515804,23.5,33.69
2026-08-29T16:14:06,36606,40192,91.1,175.85,50,9.3,113830,515804,22.1,31.95
2026-08-29T16:14:09,36606,40192,91.1,178.25,50,8.6,119622,515804,23.2,30.19
2026-08-29T16:14:13,36606,40192,91.1,178.77,50,9.7,120990,515804,23.5,29.21
2026-08-29T16:14:17,36606,40192,91.1,177.40,50,41.8,104748,515804,20.3,29.21
2026-08-29T16:14:21,36606,40192,91.1,182.72,50,9.8,106033,515804,20.6,27.76
2026-08-29T16:14:24,36606,40192,91.1,180.32,50,9.8,98699,515804,19.1,26.49
2026-08-29T16:14:27,36606,40192,91.1,177.19,49,9.2,104660,515804,20.3,26.49
2026-08-29T16:14:31,36606,40192,91.1,180.40,50,10.3,114767,515804,22.3,25.25
2026-08-29T16:14:34,36606,40192,91.1,177.40,50,39.6,94199,515804,18.3,34.76
2026-08-29T16:14:38,36606,40192,91.1,177.64,50,29.7,111379,515804,21.6,33.26
2026-08-29T16:14:41,36606,40192,91.1,175.00,50,11.1,109269,515804,21.2,33.26
2026-08-29T16:14:45,36606,40192,91.1,179.51,50,25.7,122501,515804,23.7,31.48
2026-08-29T16:14:48,36606,40192,91.1,181.17,50,8.6,123323,515804,23.9,29.76
2026-08-29T16:14:52,36606,40192,91.1,177.72,50,17.4,118778,515804,23.0,29.76
2026-08-29T16:14:55,36606,40192,91.1,160.56,50,9.2,117624,515804,22.8,28.25
2026-08-29T16:14:59,36606,40192,91.1,180.04,50,9.2,114862,515804,22.3,27.27
2026-08-29T16:15:02,36606,40192,91.1,180.93,50,8.7,121693,515804,23.6,27.27
2026-08-29T16:15:06,36606,40192,91.1,124.47,49,28.8,118041,515804,22.9,26.05
2026-08-29T16:15:10,36606,40192,91.1,180.93,50,20.1,104281,515804,20.2,35.33
2026-08-29T16:15:13,36606,40192,91.1,180.04,50,8.6,103454,515804,20.1,33.39
2026-08-29T16:15:17,36606,40192,91.1,179.51,50,10.0,99469,515804,19.3,33.39
2026-08-29T16:15:20,36606,40192,91.1,178.01,50,8.6,105506,515804,20.5,31.59
2026-08-29T16:15:23,36606,40192,91.1,182.27,50,9.2,103629,515804,20.1,30.02
2026-08-29T16:15:27,36606,40192,91.1,181.67,50,45.9,109289,515804,21.2,28.58
2026-08-29T16:15:31,36606,40192,91.1,175.03,50,9.8,110925,515804,21.5,28.58
2026-08-29T16:15:35,36606,40192,91.1,180.86,50,25.1,128289,515804,24.9,27.17
2026-08-29T16:15:38,36606,40192,91.1,179.83,50,8.8,126882,515804,24.6,26.04
2026-08-29T16:15:42,36606,40192,91.1,180.86,50,14.9,121926,515804,23.6,25.15
2026-08-29T16:15:47,36606,40192,91.1,181.14,50,10.0,121187,515804,23.5,25.15
2026-08-29T16:15:51,36606,40192,91.1,178.77,50,9.9,118394,515804,23.0,24.02
2026-08-29T16:15:54,36606,40192,91.1,177.19,50,10.4,123462,515804,23.9,23.30
2026-08-29T16:15:57,36606,40192,91.1,173.17,50,17.5,120616,515804,23.4,23.30
2026-08-29T16:16:01,36606,40192,91.1,173.66,50,39.6,105089,515804,20.4,32.96
2026-08-29T16:16:05,36606,40192,91.1,180.11,49,8.6,102132,515804,19.8,31.28
2026-08-29T16:16:08,36606,40192,91.1,176.88,50,9.8,96224,515804,18.7,30.30
2026-08-29T16:16:12,36606,40192,91.1,178.22,50,8.6,102020,515804,19.8,30.30
2026-08-29T16:16:15,36606,40192,91.1,178.77,50,9.2,112382,515804,21.8,28.91
2026-08-29T16:16:18,36606,40192,91.1,177.11,50,38.8,93753,515804,18.2,27.56
2026-08-29T16:16:22,36606,40192,91.1,178.77,50,25.3,109761,515804,21.3,27.56
2026-08-29T16:16:25,36606,40192,91.1,182.72,50,8.6,109104,515804,21.2,26.23
2026-08-29T16:16:29,36606,40192,91.1,91.89,46,21.6,126377,515804,24.5,25.41
2026-08-29T16:16:33,36606,40192,91.1,180.04,50,10.7,129049,515804,25.0,24.26
2026-08-29T16:16:37,36606,40192,91.1,176.34,50,16.3,121910,515804,23.6,24.26
2026-08-29T16:16:40,36606,40192,91.1,174.48,50,9.4,121021,515804,23.5,23.20
2026-08-29T16:16:44,36606,40192,91.1,176.38,50,8.8,119745,515804,23.2,22.14
2026-08-29T16:16:47,36606,40192,91.1,168.38,50,8.9,125486,515804,24.3,22.14
2026-08-29T16:16:50,36606,40192,91.1,178.46,50,36.8,117753,515804,22.8,21.33
2026-08-29T16:16:54,36606,40192,91.1,87.86,50,14.6,105781,515804,20.5,20.50
2026-08-29T16:16:57,36606,40192,91.1,180.40,50,9.1,104804,515804,20.3,20.50
2026-08-29T16:17:01,36606,40192,91.1,180.11,50,9.7,101961,515804,19.8,19.82
2026-08-29T16:17:04,36606,40192,91.1,178.77,50,9.8,107530,515804,20.8,19.11
2026-08-29T16:17:08,36606,40192,91.1,82.54,48,9.3,104932,515804,20.3,19.02
2026-08-29T16:17:11,36606,40192,91.1,177.64,50,58.4,117005,515804,22.7,19.02
2026-08-29T16:17:15,36606,40192,91.1,174.48,50,10.3,111933,515804,21.7,18.70
2026-08-29T16:17:18,36606,40192,91.1,175.77,50,22.2,129396,515804,25.1,28.74
2026-08-29T16:17:22,36606,40192,91.1,178.22,50,16.0,123069,515804,23.9,28.74
2026-08-29T16:17:25,36606,40192,91.1,182.51,50,8.9,122544,515804,23.8,27.23
2026-08-29T16:17:28,36606,40192,91.1,177.40,50,17.8,118561,515804,23.0,25.85
2026-08-29T16:17:32,36606,40192,91.1,177.43,50,9.4,118406,515804,23.0,25.85
2026-08-29T16:17:35,36606,40192,91.1,177.64,50,8.9,116648,515804,22.6,24.82
2026-08-29T16:17:39,36606,40192,91.1,176.91,50,9.2,123702,515804,24.0,23.72
2026-08-29T16:17:42,36606,40192,91.1,178.77,50,34.9,115325,515804,22.4,23.72
2026-08-29T16:17:46,36606,40192,91.1,177.19,50,14.7,104103,515804,20.2,22.86
2026-08-29T16:17:49,36606,40192,91.1,177.11,50,9.1,103296,515804,20.0,22.07
2026-08-29T16:17:53,36606,40192,91.1,178.01,50,8.9,100538,515804,19.5,22.07
2026-08-29T16:17:56,36606,40192,91.1,181.46,50,9.4,106515,515804,20.7,21.26
2026-08-29T16:18:00,36606,40192,91.1,166.50,50,19.5,103193,515804,20.0,20.36
2026-08-29T16:18:03,36606,40192,91.1,178.53,50,49.3,112597,515804,21.8,19.61
2026-08-29T16:18:07,36606,40192,91.1,175.57,50,8.6,110521,515804,21.4,19.61
2026-08-29T16:18:10,36606,40192,91.1,160.84,50,25.3,134017,515804,26.0,18.84
2026-08-29T16:18:14,36606,40192,91.1,179.80,50,9.5,126523,515804,24.5,18.29
2026-08-29T16:18:17,36606,40192,91.1,179.51,50,14.9,129337,515804,25.1,18.29
2026-08-29T16:18:21,36606,40192,91.1,179.51,50,12.0,121708,515804,23.6,18.03
2026-08-29T16:18:24,36606,40192,91.1,177.93,50,10.1,117410,515804,22.8,17.47
2026-08-29T16:18:27,36606,40192,91.1,172.60,50,9.2,120332,515804,23.3,17.47
2026-08-29T16:18:31,36606,40192,91.1,176.67,50,10.2,127596,515804,24.7,17.03
2026-08-29T16:18:34,36606,40192,91.1,176.06,50,37.5,117582,515804,22.8,16.79
2026-08-29T16:18:38,36606,40192,91.1,176.38,50,17.5,106637,515804,20.7,16.79
2026-08-29T16:18:41,36606,40192,91.1,157.45,50,11.8,105277,515804,20.4,16.64
2026-08-29T16:18:45,36606,40192,91.1,178.77,50,9.5,98028,515804,19.0,16.27
2026-08-29T16:18:48,36606,40192,91.1,177.43,50,8.9,104502,515804,20.3,15.93
2026-08-29T16:18:51,36606,40192,91.1,148.80,49,28.0,101349,515804,19.6,15.93
2026-08-29T16:18:56,36606,40192,91.1,179.83,50,35.7,107274,515804,20.8,15.61
2026-08-29T16:18:59,36606,40192,91.1,178.53,50,9.1,108715,515804,21.1,15.16
2026-08-29T16:19:02,36606,40192,91.1,178.01,50,25.3,126438,515804,24.5,15.16
2026-08-29T16:19:06,36606,40192,91.1,83.88,48,8.7,124938,515804,24.2,14.83
2026-08-29T16:19:09,36606,40192,91.1,176.38,50,15.2,124329,515804,24.1,14.76
2026-08-29T16:19:13,36606,40192,91.1,180.11,50,10.5,120408,515804,23.3,14.76
2026-08-29T16:19:16,36606,40192,91.1,172.84,50,9.5,113318,515804,22.0,14.38
2026-08-29T16:19:19,36606,40192,91.1,178.46,50,9.1,119093,515804,23.1,14.11
2026-08-29T16:19:23,36606,40192,91.1,175.24,49,9.0,128134,515804,24.8,14.02
2026-08-29T16:19:26,36606,40192,91.1,180.11,50,38.5,110322,515804,21.4,14.02
2026-08-29T16:19:30,36606,40192,91.1,176.14,50,14.3,105667,515804,20.5,13.78
2026-08-29T16:19:33,36606,40192,91.1,177.43,50,10.2,102686,515804,19.9,13.64
2026-08-29T16:19:37,36606,40192,91.1,179.80,50,8.8,103509,515804,20.1,13.64
2026-08-29T16:19:40,36606,40192,91.1,175.85,48,9.5,110616,515804,21.4,13.42
2026-08-29T16:19:44,36606,40192,91.1,181.70,50,35.7,101317,515804,19.6,23.48
2026-08-29T16:19:47,36606,40192,91.1,176.06,50,28.1,110292,515804,21.4,23.48
2026-08-29T16:19:51,36606,40192,91.1,180.11,50,9.6,111626,515804,21.6,22.40
2026-08-29T16:19:54,36606,40192,91.1,176.88,50,26.1,126258,515804,24.5,32.30
2026-08-29T16:19:58,36606,40192,91.1,180.04,50,11.4,127590,515804,24.7,32.30
2026-08-29T16:20:01,36606,40192,91.1,175.53,50,19.3,122032,515804,23.7,30.83
2026-08-29T16:20:05,36606,40192,91.1,178.74,50,9.2,118140,515804,22.9,29.40
2026-08-29T16:20:08,36606,40192,91.1,174.48,50,9.7,111730,515804,21.7,27.93
2026-08-29T16:20:12,36606,40192,91.1,180.64,50,8.5,117334,515804,22.7,27.93
2026-08-29T16:20:15,36606,40192,91.1,174.51,50,9.2,125228,515804,24.3,26.65
2026-08-29T16:20:18,36606,40192,91.1,176.58,50,45.2,110091,515804,21.3,25.40
2026-08-29T16:20:22,36606,40192,91.1,177.11,50,9.0,103754,515804,20.1,25.40
2026-08-29T16:20:25,36606,40192,91.1,180.40,50,9.6,97190,515804,18.8,24.25
2026-08-29T16:20:29,36606,40192,91.1,176.34,50,8.6,102719,515804,19.9,23.19
2026-08-29T16:20:32,36606,40192,91.1,177.64,50,9.0,110190,515804,21.4,23.19
2026-08-29T16:20:36,36606,40192,91.1,174.27,50,37.6,99444,515804,19.3,22.21
2026-08-29T16:20:39,36606,40192,91.1,179.80,50,28.3,108768,515804,21.1,21.31
2026-08-29T16:20:43,36606,40192,91.1,178.46,50,8.7,110227,515804,21.4,21.31
2026-08-29T16:20:46,36606,40192,91.1,176.67,50,25.5,124880,515804,24.2,20.41
2026-08-29T16:20:49,36606,40192,91.1,174.79,50,8.7,126459,515804,24.5,19.57
2026-08-29T16:20:53,36606,40192,91.1,178.46,50,17.4,120556,515804,23.4,19.57
2026-08-29T16:20:56,36606,40192,91.1,178.22,50,10.1,121764,515804,23.6,18.89
2026-08-29T16:21:00,36606,40192,91.1,172.11,50,9.8,114520,515804,22.2,18.33
2026-08-29T16:21:03,36606,40192,91.1,173.13,50,9.5,120468,515804,23.4,17.91
2026-08-29T16:21:06,36606,40192,91.1,177.64,50,10.2,130472,515804,25.3,17.91
2026-08-29T16:21:10,36606,40192,91.1,87.33,48,40.6,113877,515804,22.1,27.52
2026-08-29T16:21:13,36606,40192,91.1,183.33,50,9.5,106698,515804,20.7,26.28
2026-08-29T16:21:17,36606,40192,91.1,182.20,50,12.1,100794,515804,19.5,26.28
2026-08-29T16:21:20,36606,40192,91.1,178.46,50,11.2,105001,515804,20.4,25.38
2026-08-29T16:21:24,36606,40192,91.1,178.77,50,9.7,108356,515804,21.0,24.31
2026-08-29T16:21:27,36606,40192,91.1,179.30,50,38.6,98217,515804,19.0,24.31
2026-08-29T16:21:31,36606,40192,91.1,179.27,50,27.7,106932,515804,20.7,23.24
2026-08-29T16:21:34,36606,40192,91.1,179.83,50,8.8,108510,515804,21.0,22.18
2026-08-29T16:21:37,36606,40192,91.1,175.53,50,25.4,123146,515804,23.9,22.18
2026-08-29T16:21:41,36606,40192,91.1,179.83,50,8.6,124630,515804,24.2,21.36
2026-08-29T16:21:44,36606,40192,91.1,180.64,50,15.3,119015,515804,23.1,30.86
2026-08-29T16:21:48,36606,40192,91.1,179.06,50,10.9,120100,515804,23.3,30.86
2026-08-29T16:21:51,36606,40192,91.1,176.91,50,9.4,112700,515804,21.8,29.19
2026-08-29T16:21:55,36606,40192,91.1,179.30,50,8.6,119065,515804,23.1,27.66
2026-08-29T16:21:58,36606,40192,91.1,179.80,50,9.7,122650,515804,23.8,26.80
2026-08-29T16:22:02,36606,40192,91.1,175.85,50,44.6,108595,515804,21.1,26.80
2026-08-29T16:22:06,36606,40192,91.1,175.85,50,8.7,105406,515804,20.4,25.54
2026-08-29T16:22:09,36606,40192,91.1,175.85,50,9.5,97207,515804,18.8,24.77
2026-08-29T16:22:13,36606,40192,91.1,88.68,47,9.0,107965,515804,20.9,24.15
2026-08-29T16:22:18,36606,40192,91.1,156.92,49,30.0,104379,515804,20.2,33.51
2026-08-29T16:22:22,36606,40192,91.1,177.43,50,32.7,110026,515804,21.3,33.51
2026-08-29T16:22:26,36606,40192,91.1,176.91,49,9.6,111390,515804,21.6,42.20
2026-08-29T16:22:29,36606,40192,91.1,175.00,50,25.8,131048,515804,25.4,49.95
2026-08-29T16:22:32,36606,40192,91.1,179.06,50,9.7,127548,515804,24.7,49.95
2026-08-29T16:22:36,36606,40192,91.1,177.93,50,17.2,127154,515804,24.7,47.07
2026-08-29T16:22:39,36606,40192,91.1,175.57,50,13.3,122517,515804,23.8,44.10
2026-08-29T16:22:43,36606,40192,91.1,179.80,50,11.1,111193,515804,21.6,41.69
2026-08-29T16:22:47,36606,40192,91.1,177.40,50,8.7,116942,515804,22.7,41.69
2026-08-29T16:22:51,36606,40192,91.1,179.83,50,9.3,126772,515804,24.6,39.47
2026-08-29T16:22:54,36606,40192,91.1,175.77,50,44.0,112266,515804,21.8,37.35
2026-08-29T16:22:58,36606,40192,91.1,180.11,50,8.9,102413,515804,19.9,35.96
2026-08-29T16:23:03,36606,40192,91.1,180.93,50,9.6,98471,515804,19.1,35.96
2026-08-29T16:23:06,36606,40192,91.1,177.72,50,8.7,104465,515804,20.3,34.04
2026-08-29T16:23:10,36606,40192,91.1,178.77,50,9.0,105483,515804,20.5,32.20
2026-08-29T16:23:13,36606,40192,91.1,177.43,50,53.3,117047,515804,22.7,40.91
2026-08-29T16:23:17,36606,40192,91.1,180.11,50,8.6,110183,515804,21.4,40.91
2026-08-29T16:23:20,36606,40192,91.1,175.03,50,20.0,126283,515804,24.5,38.75
2026-08-29T16:23:24,36606,40192,91.1,177.43,50,14.5,126088,515804,24.4,36.61
2026-08-29T16:23:27,36606,40192,91.1,58.49,46,13.6,120713,515804,23.4,35.12
2026-08-29T16:23:32,36606,40192,91.1,181.14,50,11.0,121521,515804,23.6,35.12
2026-08-29T16:23:36,36606,40192,91.1,181.99,50,9.6,114060,515804,22.1,33.11
2026-08-29T16:23:39,36606,40192,91.1,176.38,50,8.5,120358,515804,23.3,31.42
2026-08-29T16:23:42,36606,40192,91.1,65.16,46,25.2,117467,515804,22.8,30.02
2026-08-29T16:23:49,36606,40192,91.1,179.80,50,15.2,106488,515804,20.6,28.42
2026-08-29T16:23:52,36606,40192,91.1,176.14,50,10.3,105479,515804,20.4,28.42
2026-08-29T16:23:56,36606,40192,91.1,181.17,50,10.4,102558,515804,19.9,27.03
2026-08-29T16:23:59,36606,40192,91.1,178.53,50,11.4,108584,515804,21.1,26.06
2026-08-29T16:24:02,36606,40192,91.1,127.98,50,25.5,100499,515804,19.5,26.06
2026-08-29T16:24:06,36606,40192,91.1,177.72,50,40.2,108151,515804,21.0,35.19
2026-08-29T16:24:10,36606,40192,91.1,176.91,50,8.8,108217,515804,21.0,33.33
2026-08-29T16:24:13,36606,40192,91.1,178.25,50,22.4,122860,515804,23.8,31.94
2026-08-29T16:24:17,36606,40192,91.1,176.58,50,8.7,124597,515804,24.2,31.94
2026-08-29T16:24:21,36606,40192,91.1,92.18,48,16.6,122148,515804,23.7,30.34
2026-08-29T16:24:24,36606,40192,91.1,181.17,50,10.5,119828,515804,23.2,28.71
2026-08-29T16:24:28,36606,40192,91.1,175.57,50,9.5,115976,515804,22.5,27.54
2026-08-29T16:24:33,36606,40192,91.1,176.34,50,9.2,122287,515804,23.7,27.54
2026-08-29T16:24:36,36606,40192,91.1,167.03,50,21.1,119160,515804,23.1,26.21
2026-08-29T16:24:40,36606,40192,91.1,179.83,50,28.0,104843,515804,20.3,25.31
2026-08-29T16:24:44,36606,40192,91.1,177.43,50,9.2,104353,515804,20.2,24.25
2026-08-29T16:24:47,36606,40192,91.1,181.14,50,9.7,99637,515804,19.3,24.25
2026-08-29T16:24:50,36606,40192,91.1,180.86,50,8.7,105727,515804,20.5,23.19
2026-08-29T16:24:54,36606,40192,91.1,178.01,50,10.0,107654,515804,20.9,22.53
2026-08-29T16:24:57,36606,40192,91.1,172.40,50,59.5,119868,515804,23.2,22.53
2026-08-29T16:25:01,36606,40192,91.1,177.11,50,8.6,111597,515804,21.6,21.53
2026-08-29T16:25:04,36606,40192,91.1,175.00,50,13.8,118236,515804,22.9,20.68
2026-08-29T16:25:08,36606,40192,91.1,179.83,50,21.9,127439,515804,24.7,20.68
2026-08-29T16:25:11,36606,40192,91.1,182.20,50,9.5,126417,515804,24.5,19.91
2026-08-29T16:25:15,36606,40192,91.1,177.72,50,18.5,122539,515804,23.8,19.27
2026-08-29T16:25:18,36606,40192,91.1,179.30,50,11.9,121898,515804,23.6,19.01
2026-08-29T16:25:22,36606,40192,91.1,177.40,50,11.5,118949,515804,23.1,19.01
2026-08-29T16:25:25,36606,40192,91.1,175.24,50,9.1,121178,515804,23.5,18.69
2026-08-29T16:25:28,36606,40192,91.1,132.24,49,25.3,117006,515804,22.7,28.56
2026-08-29T16:25:32,36606,40192,91.1,179.06,50,26.3,102926,515804,20.0,28.56
2026-08-29T16:25:36,36606,40192,91.1,176.34,50,8.5,102300,515804,19.8,27.24
2026-08-29T16:25:39,36606,40192,91.1,176.58,50,9.8,97901,515804,19.0,26.10
2026-08-29T16:25:43,36606,40192,91.1,180.40,50,8.6,103567,515804,20.1,26.10
2026-08-29T16:25:46,36606,40192,91.1,89.20,48,9.1,107564,515804,20.9,24.89
2026-08-29T16:25:49,36606,40192,91.1,176.14,50,55.0,117234,515804,22.7,24.02
2026-08-29T16:25:53,36606,40192,91.1,177.19,50,9.9,109824,515804,21.3,24.02
2026-08-29T16:25:57,36606,40192,91.1,175.00,50,8.6,109071,515804,21.1,23.05
2026-08-29T16:26:00,36606,40192,91.1,177.43,50,26.3,125598,515804,24.3,22.33
2026-08-29T16:26:03,36606,40192,91.1,177.93,50,8.5,124947,515804,24.2,21.50
2026-08-29T16:26:07,36606,40192,91.1,176.88,50,17.3,121213,515804,23.5,21.50
2026-08-29T16:26:10,36606,40192,91.1,174.48,50,9.3,120246,515804,23.3,20.74
2026-08-29T16:26:14,36606,40192,91.1,181.99,50,9.6,117855,515804,22.8,19.88
2026-08-29T16:26:17,36606,40192,91.1,181.14,50,8.8,124454,515804,24.1,19.88
2026-08-29T16:26:21,36606,40192,91.1,135.46,49,26.9,120270,515804,23.3,19.17
2026-08-29T16:26:24,36606,40192,91.1,180.32,50,27.0,106040,515804,20.6,18.51
2026-08-29T16:26:28,36606,40192,91.1,176.14,50,9.5,105266,515804,20.4,18.51
2026-08-29T16:26:31,36606,40192,91.1,182.20,50,10.7,100343,515804,19.5,17.91
2026-08-29T16:26:35,36606,40192,91.1,177.64,50,9.4,105908,515804,20.5,17.28
2026-08-29T16:26:38,36606,40192,91.1,182.80,50,12.0,110618,515804,21.4,17.28
2026-08-29T16:26:41,36606,40192,91.1,160.56,50,55.9,120631,515804,23.4,17.02
2026-08-29T16:26:45,36606,40192,91.1,178.01,50,9.6,107833,515804,20.9,16.69
2026-08-29T16:26:48,36606,40192,91.1,181.46,50,11.5,112105,515804,21.7,16.32
2026-08-29T16:26:52,36606,40192,91.1,179.30,50,22.2,124046,515804,24.0,16.32
2026-08-29T16:26:55,36606,40192,91.1,178.46,50,8.5,123268,515804,23.9,15.81
2026-08-29T16:26:59,36606,40192,91.1,179.80,50,18.4,119424,515804,23.2,15.43
2026-08-29T16:27:02,36606,40192,91.1,181.67,50,9.2,118433,515804,23.0,15.43
2026-08-29T16:27:06,36606,40192,91.1,181.67,50,8.9,116037,515804,22.5,15.15
2026-08-29T16:27:09,36606,40192,91.1,181.70,50,8.9,122230,515804,23.7,14.90
2026-08-29T16:27:12,36606,40192,91.1,155.29,50,21.6,118951,515804,23.1,14.90
2026-08-29T16:27:16,36606,40192,91.1,179.51,50,28.9,105281,515804,20.4,23.08
2026-08-29T16:27:20,36606,40192,91.1,179.80,50,9.0,104286,515804,20.2,22.03
2026-08-29T16:27:23,36606,40192,91.1,180.04,50,9.6,100132,515804,19.4,22.03
2026-08-29T16:27:27,36606,40192,91.1,182.72,50,8.7,105916,515804,20.5,21.22
2026-08-29T16:27:30,36606,40192,91.1,181.99,50,9.3,109271,515804,21.2,20.49
2026-08-29T16:27:33,36606,40192,91.1,167.52,49,56.4,120463,515804,23.4,30.06
2026-08-29T16:27:37,36606,40192,91.1,177.72,50,8.7,112368,515804,21.8,30.06
2026-08-29T16:27:40,36606,40192,91.1,170.15,50,16.9,125890,515804,24.4,28.45
2026-08-29T16:27:44,36606,40192,91.1,181.46,50,17.0,128571,515804,24.9,26.97
2026-08-29T16:27:47,36606,40192,91.1,181.46,50,9.4,127725,515804,24.8,26.97
2026-08-29T16:27:51,36606,40192,91.1,182.27,50,18.5,123839,515804,24.0,26.25
2026-08-29T16:27:54,36606,40192,91.1,176.06,50,10.0,122307,515804,23.7,25.03
2026-08-29T16:27:58,36606,40192,91.1,177.93,50,11.4,119797,515804,23.2,25.03
2026-08-29T16:28:01,36606,40192,91.1,174.48,50,11.6,126906,515804,24.6,24.23
2026-08-29T16:28:05,36606,40192,91.1,183.54,50,37.3,116081,515804,22.5,23.57
2026-08-29T16:28:08,36606,40192,91.1,173.66,50,15.4,102879,515804,19.9,22.64
2026-08-29T16:28:12,36606,40192,91.1,177.72,50,9.5,97161,515804,18.8,22.64
2026-08-29T16:28:17,36606,40192,91.1,177.11,50,8.5,101955,515804,19.8,22.11
2026-08-29T16:28:20,36606,40192,91.1,179.51,50,9.4,109184,515804,21.2,21.22
2026-08-29T16:28:24,36606,40192,91.1,173.17,50,36.3,99435,515804,19.3,21.04
2026-08-29T16:28:27,36606,40192,91.1,182.72,50,26.9,107940,515804,20.9,21.04
2026-08-29T16:28:31,36606,40192,91.1,180.93,50,8.8,109564,515804,21.2,20.24
2026-08-29T16:28:34,36606,40192,91.1,177.72,50,25.5,124075,515804,24.1,19.42
2026-08-29T16:28:37,36606,40192,91.1,181.70,50,8.7,125717,515804,24.4,19.42
2026-08-29T16:28:41,36606,40192,91.1,183.56,50,16.0,120487,515804,23.4,18.74
2026-08-29T16:28:44,36606,40192,91.1,179.83,50,10.8,120826,515804,23.4,18.60
2026-08-29T16:28:48,36606,40192,91.1,176.91,50,9.6,113185,515804,21.9,18.60
2026-08-29T16:28:51,36606,40192,91.1,181.46,50,8.4,119808,515804,23.2,18.07
2026-08-29T16:28:54,36606,40192,91.1,181.17,50,10.0,129306,515804,25.1,17.59
2026-08-29T16:28:58,36606,40192,91.1,122.89,49,39.6,113418,515804,22.0,17.59
2026-08-29T16:29:01,36606,40192,91.1,176.67,50,12.0,106156,515804,20.6,17.22
2026-08-29T16:29:05,36606,40192,91.1,173.37,50,10.5,102743,515804,19.9,16.64
2026-08-29T16:29:08,36606,40192,91.1,180.62,50,9.8,103842,515804,20.1,16.64
2026-08-29T16:29:12,36606,40192,91.1,82.54,50,9.7,110975,515804,21.5,16.11
2026-08-29T16:29:15,36606,40192,91.1,170.73,50,36.2,102996,515804,20.0,15.78
2026-08-29T16:29:19,36606,40192,91.1,182.51,50,29.7,110737,515804,21.5,15.80
2026-08-29T16:29:22,36606,40192,91.1,178.98,50,11.4,112016,515804,21.7,15.80
2026-08-29T16:29:25,36606,40192,91.1,173.66,50,27.2,126390,515804,24.5,15.73
2026-08-29T16:29:29,36606,40192,91.1,180.32,50,9.2,123613,515804,24.0,15.35
2026-08-29T16:29:32,36606,40192,91.1,181.46,50,15.4,118945,515804,23.1,15.35
2026-08-29T16:29:36,36606,40192,91.1,178.53,51,11.1,118931,515804,23.1,15.09
2026-08-29T16:29:39,36606,40192,91.1,181.91,50,9.7,111680,515804,21.7,14.84
2026-08-29T16:29:43,36606,40192,91.1,176.58,50,8.8,117838,515804,22.8,14.84
2026-08-29T16:29:46,36606,40192,91.1,179.27,50,9.2,128161,515804,24.8,14.53
2026-08-29T16:29:50,36606,40192,91.1,145.88,50,42.1,112766,515804,21.9,20.57
2026-08-29T16:29:53,36606,40192,91.1,174.51,50,8.8,104439,515804,20.2,20.57
2026-08-29T16:29:57,36606,40192,91.1,181.38,50,9.5,99856,515804,19.4,19.73
2026-08-29T16:30:00,36606,40192,91.1,179.80,50,8.9,103032,515804,20.0,19.03
2026-08-29T16:30:03,36606,40192,91.1,83.35,48,9.7,110674,515804,21.5,19.03
2026-08-29T16:30:07,36606,40192,91.1,180.32,50,39.5,99847,515804,19.4,18.62
2026-08-29T16:30:10,36606,40192,91.1,180.62,50,27.8,109376,515804,21.2,28.26
2026-08-29T16:30:14,36606,40192,91.1,79.32,48,8.6,109884,515804,21.3,27.28
2026-08-29T16:30:18,36606,40192,91.1,180.04,50,25.3,126057,515804,24.4,27.28
2026-08-29T16:30:22,36606,40192,91.1,181.67,50,8.5,126801,515804,24.6,25.90
2026-08-29T16:30:25,36606,40192,91.1,178.25,50,17.9,122041,515804,23.7,24.86
2026-08-29T16:30:28,36606,40192,91.1,182.27,50,9.6,120673,515804,23.4,24.15
2026-08-29T16:30:32,36606,40192,91.1,181.67,50,9.7,117957,515804,22.9,24.15
2026-08-29T16:30:35,36606,40192,91.1,180.40,50,9.9,123849,515804,24.0,23.34
2026-08-29T16:30:39,36606,40192,91.1,158.40,50,18.8,120797,515804,23.4,22.67
2026-08-29T16:30:43,36606,40192,91.1,181.91,50,33.4,106814,515804,20.7,21.98
2026-08-29T16:30:47,36606,40192,91.1,82.00,48,10.8,100979,515804,19.6,21.98
2026-08-29T16:30:50,36606,40192,91.1,181.70,50,9.1,98684,515804,19.1,21.26
2026-08-29T16:30:54,36606,40192,91.1,179.59,50,8.9,105212,515804,20.4,20.52
2026-08-29T16:30:57,36606,40192,91.1,160.56,50,32.7,107262,515804,20.8,20.64
2026-08-29T16:31:03,36606,40192,91.1,180.32,50,15.7,108827,515804,21.1,19.94
2026-08-29T16:31:07,36606,40192,91.1,180.64,50,8.5,108008,515804,20.9,19.94
2026-08-29T16:31:10,36606,40192,91.1,176.38,50,25.9,124604,515804,24.2,19.15
2026-08-29T16:31:14,36606,40192,91.1,177.40,49,8.6,124700,515804,24.2,18.58
2026-08-29T16:31:17,36606,40192,91.1,178.46,50,17.0,120545,515804,23.4,18.58
2026-08-29T16:31:21,36606,40192,91.1,176.06,50,9.6,119236,515804,23.1,17.97
2026-08-29T16:31:24,36606,40192,91.1,181.17,50,9.3,116207,515804,22.5,17.65
2026-08-29T16:31:28,36606,40192,91.1,176.58,50,9.2,126247,515804,24.5,17.44
2026-08-29T16:31:32,36606,40192,91.1,182.49,50,38.5,117939,515804,22.9,17.44
2026-08-29T16:31:36,36606,40192,91.1,180.86,50,15.5,105700,515804,20.5,27.73
2026-08-29T16:31:39,36606,40192,91.1,176.67,50,8.9,104686,515804,20.3,26.31
2026-08-29T16:31:43,36606,40192,91.1,181.17,50,9.7,104498,515804,20.3,25.41
2026-08-29T16:31:48,36606,40192,91.1,181.46,50,9.5,112816,515804,21.9,25.41
2026-08-29T16:31:52,36606,40192,91.1,180.32,50,38.7,99105,515804,19.2,24.65
2026-08-29T16:31:55,36606,40192,91.1,179.80,50,28.2,110374,515804,21.4,23.96
2026-08-29T16:31:59,36606,40192,91.1,178.01,50,9.7,112092,515804,21.7,23.96
2026-08-29T16:32:02,36606,40192,91.1,181.70,50,27.7,126370,515804,24.5,23.00
2026-08-29T16:32:05,36606,40192,91.1,175.03,50,11.5,127670,515804,24.8,22.28
2026-08-29T16:32:09,36606,40192,91.1,179.06,50,37.4,117576,515804,22.8,31.55
2026-08-29T16:32:12,36606,40192,91.1,178.22,50,12.1,118647,515804,23.0,31.55
2026-08-29T16:32:16,36606,40192,91.1,177.72,50,9.6,111585,515804,21.6,30.30
2026-08-29T16:32:19,36606,40192,91.1,177.93,50,8.5,117620,515804,22.8,28.76
2026-08-29T16:32:23,36606,40192,91.1,175.53,50,9.7,127591,515804,24.7,28.76
2026-08-29T16:32:26,36606,40192,91.1,178.25,50,41.8,110428,515804,21.4,27.41
2026-08-29T16:32:29,36606,40192,91.1,89.20,48,8.7,104024,515804,20.2,26.26
2026-08-29T16:32:33,36606,40192,91.1,175.77,50,9.6,97019,515804,18.8,26.26
2026-08-29T16:32:36,36606,40192,91.1,176.14,50,8.7,103067,515804,20.0,25.20
2026-08-29T16:32:40,36606,40192,91.1,83.35,48,9.1,110972,515804,21.5,24.14
2026-08-29T16:32:43,36606,40192,91.1,179.83,50,42.0,99616,515804,19.3,24.14
2026-08-29T16:32:47,36606,40192,91.1,183.78,50,27.9,109001,515804,21.1,23.57
2026-08-29T16:32:50,36606,40192,91.1,181.14,50,8.7,110538,515804,21.4,22.56
2026-08-29T16:32:54,36606,40192,91.1,180.64,50,25.4,125221,515804,24.3,21.64
2026-08-29T16:32:57,36606,40192,91.1,181.70,50,9.5,126620,515804,24.5,21.64
2026-08-29T16:33:00,36606,40192,91.1,180.86,50,46.1,120886,515804,23.4,20.70
2026-08-29T16:33:04,36606,40192,91.1,177.40,50,11.5,121937,515804,23.6,19.93
2026-08-29T16:33:07,36606,40192,91.1,179.27,50,10.5,114367,515804,22.2,19.93
2026-08-29T16:33:11,36606,40192,91.1,177.64,50,9.6,120535,515804,23.4,19.29
2026-08-29T16:33:14,36606,40192,91.1,181.91,50,9.9,130261,515804,25.3,19.11
2026-08-29T16:33:17,36606,40192,91.1,160.56,50,43.3,115494,515804,22.4,19.11
2026-08-29T16:33:21,36606,40192,91.1,176.67,51,11.1,106753,515804,20.7,18.86
2026-08-29T16:33:24,36606,40192,91.1,177.11,50,11.9,104627,515804,20.3,18.55
2026-08-29T16:33:28,36606,40192,91.1,175.77,50,11.0,103990,515804,20.2,18.55
2026-08-29T16:33:31,36606,40192,91.1,176.91,50,9.4,106651,515804,20.7,18.18
2026-08-29T16:33:35,36606,40192,91.1,172.40,50,36.9,100555,515804,19.5,17.53
2026-08-29T16:33:39,36606,40192,91.1,181.99,50,27.7,107051,515804,20.8,17.53
2026-08-29T16:33:42,36606,40192,91.1,179.27,50,9.0,108460,515804,21.0,17.01
2026-08-29T16:33:45,36606,40192,91.1,180.93,50,28.1,123624,515804,24.0,16.60
2026-08-29T16:33:49,36606,40192,91.1,181.67,50,13.3,124631,515804,24.2,16.96
2026-08-29T16:33:52,36606,40192,91.1,171.78,50,38.7,122634,515804,23.8,16.96
2026-08-29T16:33:56,36606,40192,91.1,178.98,50,23.1,119961,515804,23.3,16.56
2026-08-29T16:33:59,36606,40192,91.1,179.06,51,9.6,113154,515804,21.9,16.27
2026-08-29T16:34:02,36606,40192,91.1,176.38,50,8.6,118985,515804,23.1,16.27
2026-08-29T16:34:06,36606,40192,91.1,176.38,50,11.7,126815,515804,24.6,16.33
2026-08-29T16:34:09,36606,40192,91.1,179.30,50,36.8,112382,515804,21.8,26.48
2026-08-29T16:34:13,36606,40192,91.1,175.57,51,12.8,104227,515804,20.2,25.72
2026-08-29T16:34:19,36606,40192,91.1,177.19,50,11.0,99383,515804,19.3,25.72
2026-08-29T16:34:22,36606,40192,91.1,178.74,50,9.0,104600,515804,20.3,24.78
2026-08-29T16:34:25,36606,40192,91.1,181.38,50,9.5,112870,515804,21.9,24.08
2026-08-29T16:34:29,36606,40192,91.1,178.46,50,45.2,100726,515804,19.5,23.99
2026-08-29T16:34:32,36606,40192,91.1,173.66,50,21.9,111497,515804,21.6,23.99
2026-08-29T16:34:36,36606,40192,91.1,176.91,50,9.3,110542,515804,21.4,22.95
2026-08-29T16:34:39,36606,40192,91.1,181.99,50,26.9,127050,515804,24.6,22.23
2026-08-29T16:34:43,36606,40192,91.1,83.88,49,10.1,126579,515804,24.5,22.23
2026-08-29T16:34:46,36606,40192,91.1,181.99,50,19.9,122449,515804,23.7,32.22
2026-08-29T16:34:49,36606,40192,91.1,176.91,50,11.8,121141,515804,23.5,30.76
2026-08-29T16:34:53,36606,40192,91.1,179.51,50,9.7,113779,515804,22.1,30.76
2026-08-29T16:34:56,36606,40192,91.1,180.86,50,8.9,119951,515804,23.3,29.18
2026-08-29T16:35:00,36606,40192,91.1,176.06,50,13.8,117143,515804,22.7,27.80
2026-08-29T16:35:03,36606,40192,91.1,178.98,50,40.8,102231,515804,19.8,27.80
2026-08-29T16:35:07,36606,40192,91.1,175.77,51,8.9,103798,515804,20.1,26.38
2026-08-29T16:35:10,36606,40192,91.1,176.88,50,9.5,96654,515804,18.7,25.15
2026-08-29T16:35:14,36606,40192,91.1,183.33,50,8.5,102407,515804,19.9,24.17
2026-08-29T16:35:17,36606,40192,91.1,180.40,50,9.4,112457,515804,21.8,24.17
2026-08-29T16:35:21,36606,40192,91.1,179.27,50,37.9,92224,515804,17.9,33.29
2026-08-29T16:35:24,36606,40192,91.1,179.30,50,27.7,109719,515804,21.3,31.58
2026-08-29T16:35:28,36606,40192,91.1,180.64,50,9.3,109362,515804,21.2,31.58
2026-08-29T16:35:31,36606,40192,91.1,179.59,50,25.6,124614,515804,24.2,40.51
2026-08-29T16:35:34,36606,40192,91.1,179.06,50,8.8,126456,515804,24.5,38.06
2026-08-29T16:35:38,36606,40192,91.1,175.32,50,17.6,121232,515804,23.5,38.06
2026-08-29T16:35:41,36606,40192,91.1,180.11,50,9.2,120126,515804,23.3,35.82
2026-08-29T16:35:45,36606,40192,91.1,179.27,50,9.6,115692,515804,22.4,33.99
2026-08-29T16:35:48,36606,40192,91.1,182.72,50,8.9,121595,515804,23.6,33.99
2026-08-29T16:35:51,36606,40192,91.1,181.67,50,9.8,124643,515804,24.2,32.47
2026-08-29T16:35:55,36606,40192,91.1,181.17,50,46.9,110641,515804,21.5,31.15
2026-08-29T16:35:58,36606,40192,91.1,176.38,50,9.5,106462,515804,20.6,31.15
2026-08-29T16:36:02,36606,40192,91.1,180.04,50,10.2,98176,515804,19.0,29.93
2026-08-29T16:36:05,36606,40192,91.1,180.62,50,11.2,105041,515804,20.4,28.34
2026-08-29T16:36:09,36606,40192,91.1,175.85,50,11.8,112436,515804,21.8,28.34
2026-08-29T16:36:12,36606,40192,91.1,176.34,50,38.4,97711,515804,18.9,27.27
2026-08-29T16:36:15,36606,40192,91.1,176.58,50,27.9,106386,515804,20.6,25.89
2026-08-29T16:36:19,36606,40192,91.1,175.57,50,8.8,107910,515804,20.9,24.77
2026-08-29T16:36:22,36606,40192,91.1,172.84,50,25.1,122649,515804,23.8,24.77
2026-08-29T16:36:26,36606,40192,91.1,78.79,48,8.8,124282,515804,24.1,23.59
2026-08-29T16:36:29,36606,40192,91.1,181.70,50,18.2,118424,515804,23.0,23.14
2026-08-29T16:36:33,36606,40192,91.1,182.27,50,8.7,119193,515804,23.1,23.14
2026-08-29T16:36:36,36606,40192,91.1,175.53,50,9.7,113316,515804,22.0,32.66
2026-08-29T16:36:40,36606,40192,91.1,85.75,48,8.5,118837,515804,23.0,30.85
2026-08-29T16:36:43,36606,40192,91.1,174.79,50,9.3,126186,515804,24.5,30.85
2026-08-29T16:36:47,36606,40192,91.1,180.93,50,44.5,112193,515804,21.8,29.58
2026-08-29T16:36:50,36606,40192,91.1,180.93,50,10.2,104846,515804,20.3,28.17
2026-08-29T16:36:54,36606,40192,91.1,182.72,50,10.1,104265,515804,20.2,28.17
2026-08-29T16:36:57,36606,40192,91.1,180.40,50,9.5,100534,515804,19.5,27.03
2026-08-29T16:37:00,36606,40192,91.1,179.83,50,8.8,106663,515804,20.7,25.67
2026-08-29T16:37:04,36606,40192,91.1,177.93,50,9.8,105266,515804,20.4,25.67
2026-08-29T16:37:07,36606,40192,91.1,176.38,50,60.7,118370,515804,22.9,24.66
2026-08-29T16:37:11,36606,40192,91.1,178.53,50,9.2,111314,515804,21.6,23.72
2026-08-29T16:37:14,36606,40192,91.1,175.24,49,9.3,110272,515804,21.4,22.70
2026-08-29T16:37:17,36606,40192,91.1,180.04,50,26.7,126819,515804,24.6,22.70
2026-08-29T16:37:21,36606,40192,91.1,180.62,50,9.7,126142,515804,24.5,21.69
2026-08-29T16:37:24,36606,40192,91.1,182.49,50,17.7,122430,515804,23.7,21.23
2026-08-29T16:37:28,36606,40192,91.1,166.79,50,11.8,121077,515804,23.5,21.23
2026-08-29T16:37:31,36606,40192,91.1,181.99,50,13.8,118363,515804,22.9,20.89
2026-08-29T16:37:34,36606,40192,91.1,181.70,50,11.2,118936,515804,23.1,20.58
2026-08-29T16:37:38,36606,40192,91.1,180.04,50,10.8,125325,515804,24.3,20.58
2026-08-29T16:37:41,36606,40192,91.1,180.04,50,42.4,109146,515804,21.2,30.06
2026-08-29T16:37:45,36606,40192,91.1,179.83,50,10.1,103693,515804,20.1,28.78
2026-08-29T16:37:48,36606,40192,91.1,176.14,50,10.8,99248,515804,19.2,28.78
2026-08-29T16:37:52,36606,40192,91.1,177.11,50,9.5,102409,515804,19.9,27.91
2026-08-29T16:37:55,36606,40192,91.1,177.93,50,10.2,110878,515804,21.5,26.72
2026-08-29T16:37:59,36606,40192,91.1,176.58,50,39.1,92452,515804,17.9,26.02
2026-08-29T16:38:03,36606,40192,91.1,181.91,50,27.4,110186,515804,21.4,26.02
2026-08-29T16:38:06,36606,40192,91.1,178.53,50,8.7,109123,515804,21.2,24.98
2026-08-29T16:38:10,36606,40192,91.1,174.71,50,26.3,125171,515804,24.3,23.78
2026-08-29T16:38:13,36606,40192,91.1,84.12,48,13.3,127065,515804,24.6,22.99
2026-08-29T16:38:18,36606,40192,91.1,180.62,50,10.5,121439,515804,23.5,22.99
2026-08-29T16:38:22,36606,40192,91.1,173.90,50,10.3,114802,515804,22.3,21.95
2026-08-29T16:38:25,36606,40192,91.1,178.22,50,8.9,120476,515804,23.4,21.24
2026-08-29T16:38:28,36606,40192,91.1,179.59,50,9.1,128327,515804,24.9,21.24
2026-08-29T16:38:32,36606,40192,91.1,177.19,50,40.3,118398,515804,23.0,20.58
2026-08-29T16:38:35,36606,40192,91.1,176.67,50,14.9,107321,515804,20.8,19.73
2026-08-29T16:38:39,36606,40192,91.1,175.24,50,9.9,106246,515804,20.6,19.73
2026-08-29T16:38:42,36606,40192,91.1,178.77,50,9.7,103737,515804,20.1,19.19
2026-08-29T16:38:46,36606,40192,91.1,177.40,50,11.0,110149,515804,21.4,18.77
2026-08-29T16:38:49,36606,40192,91.1,172.11,50,24.5,106400,515804,20.6,28.80
2026-08-29T16:38:53,36606,40192,91.1,175.03,50,44.8,114562,515804,22.2,28.80
2026-08-29T16:38:56,36606,40192,91.1,179.30,50,9.4,109330,515804,21.2,27.62
2026-08-29T16:39:00,36606,40192,91.1,175.57,50,25.1,128342,515804,24.9,36.62
2026-08-29T16:39:03,36606,40192,91.1,179.06,50,8.8,124055,515804,24.1,36.62
2026-08-29T16:39:07,36606,40192,91.1,173.37,50,15.2,125468,515804,24.3,34.56
2026-08-29T16:39:10,36606,40192,91.1,177.11,50,11.3,119375,515804,23.1,32.68
2026-08-29T16:39:13,36606,40192,91.1,179.59,50,9.5,112618,515804,21.8,32.68
2026-08-29T16:39:17,36606,40192,91.1,176.34,50,8.5,118288,515804,22.9,31.02
2026-08-29T16:39:20,36606,40192,91.1,174.18,50,9.1,126610,515804,24.5,29.42
2026-08-29T16:39:24,36606,40192,91.1,176.88,50,39.4,111876,515804,21.7,29.42
2026-08-29T16:39:27,36606,40192,91.1,175.57,50,12.9,105062,515804,20.4,28.18
2026-08-29T16:39:32,36606,40192,91.1,182.49,50,10.2,96584,515804,18.7,26.81
2026-08-29T16:39:35,36606,40192,91.1,174.48,50,8.6,103703,515804,20.1,25.62
2026-08-29T16:39:39,36606,40192,91.1,181.14,50,9.1,112550,515804,21.8,25.62
2026-08-29T16:39:42,36606,40192,91.1,182.51,50,40.2,109617,515804,21.3,24.09
2026-08-29T16:39:48,36606,40192,91.1,181.38,50,8.7,110985,515804,21.5,24.09
2026-08-29T16:39:51,36606,40192,91.1,169.10,50,25.7,130850,515804,25.4,23.04
2026-08-29T16:39:55,36606,40192,91.1,177.11,50,9.5,127002,515804,24.6,21.99
2026-08-29T16:39:58,36606,40192,91.1,179.30,50,17.3,126843,515804,24.6,21.99
2026-08-29T16:40:02,36606,40192,91.1,175.77,50,10.2,122260,515804,23.7,21.27
2026-08-29T16:40:05,36606,40192,91.1,176.14,50,10.2,114208,515804,22.1,20.45
2026-08-29T16:40:09,36606,40192,91.1,175.85,50,11.3,120864,515804,23.4,20.45
2026-08-29T16:40:12,36606,40192,91.1,174.79,50,11.7,128995,515804,25.0,19.61
2026-08-29T16:40:15,36606,40192,91.1,176.34,50,39.0,113944,515804,22.1,29.49
2026-08-29T16:40:19,36606,40192,91.1,183.26,50,15.3,102522,515804,19.9,29.49
2026-08-29T16:40:22,36606,40192,91.1,181.70,50,9.6,102149,515804,19.8,28.09
2026-08-29T16:40:26,36606,40192,91.1,181.46,50,8.9,99444,515804,19.3,26.88
2026-08-29T16:40:29,36606,40192,91.1,179.27,50,9.2,107379,515804,20.8,26.09
2026-08-29T16:40:33,36606,40192,91.1,172.92,49,35.3,100935,515804,19.6,26.09
2026-08-29T16:40:37,36606,40192,91.1,180.62,50,27.9,107699,515804,20.9,24.80
2026-08-29T16:40:40,36606,40192,91.1,178.77,50,8.7,109247,515804,21.2,23.70
2026-08-29T16:40:44,36606,40192,91.1,176.38,50,25.4,125598,515804,24.3,23.70
2026-08-29T16:40:47,36606,40192,91.1,180.64,50,8.7,125562,515804,24.3,22.60
2026-08-29T16:40:50,36606,40192,91.1,181.38,50,15.9,122643,515804,23.8,21.59
2026-08-29T16:40:54,36606,40192,91.1,180.62,50,11.0,120630,515804,23.4,20.98
2026-08-29T16:40:57,36606,40192,91.1,85.99,49,9.6,113210,515804,21.9,20.98
2026-08-29T16:41:01,36606,40192,91.1,180.40,50,8.4,119578,515804,23.2,20.66
2026-08-29T16:41:04,36606,40192,91.1,178.74,50,9.5,129688,515804,25.1,19.97
2026-08-29T16:41:08,36606,40192,91.1,177.64,50,44.3,114603,515804,22.2,19.97
2026-08-29T16:41:11,36606,40192,91.1,87.10,49,8.9,105984,515804,20.5,19.65
2026-08-29T16:41:15,36606,40192,91.1,179.06,50,10.1,101587,515804,19.7,19.12
2026-08-29T16:41:18,36606,40192,91.1,176.88,50,8.9,104172,515804,20.2,19.12
2026-08-29T16:41:22,36606,40192,91.1,174.71,50,10.0,111440,515804,21.6,18.87
2026-08-29T16:41:25,36606,40192,91.1,179.83,50,38.4,101779,515804,19.7,28.57
2026-08-29T16:41:29,36606,40192,91.1,176.91,50,29.0,110587,515804,21.4,28.57
2026-08-29T16:41:32,36606,40192,91.1,178.25,50,11.4,111924,515804,21.7,27.64
2026-08-29T16:41:36,36606,40192,91.1,182.20,50,28.0,126401,515804,24.5,36.72
2026-08-29T16:41:39,36606,40192,91.1,177.93,50,9.1,123529,515804,23.9,36.72
2026-08-29T16:41:42,36606,40192,91.1,180.11,50,16.0,117894,515804,22.9,34.74
2026-08-29T16:41:46,36606,40192,91.1,179.06,50,10.5,119013,515804,23.1,32.84
2026-08-29T16:41:49,36606,40192,91.1,179.83,50,9.6,111793,515804,21.7,31.57
2026-08-29T16:41:53,36606,40192,91.1,181.67,50,8.9,117736,515804,22.8,31.57
2026-08-29T16:41:56,36606,40192,91.1,178.01,50,9.1,127493,515804,24.7,29.92
2026-08-29T16:41:59,36606,40192,91.1,147.57,50,40.8,112528,515804,21.8,28.41
2026-08-29T16:42:03,36606,40192,91.1,174.71,50,8.9,104342,515804,20.2,28.41
2026-08-29T16:42:06,36606,40192,91.1,183.56,50,9.5,101018,515804,19.6,27.01
2026-08-29T16:42:10,36606,40192,91.1,174.51,50,8.6,102764,515804,19.9,25.73
2026-08-29T16:42:13,36606,40192,91.1,177.11,50,9.6,109348,515804,21.2,25.73
2026-08-29T16:42:17,36606,40192,91.1,181.99,50,36.3,101700,515804,19.7,24.63
2026-08-29T16:42:21,36606,40192,91.1,176.58,50,27.8,109235,515804,21.2,23.62
2026-08-29T16:42:24,36606,40192,91.1,177.43,50,8.8,110799,515804,21.5,23.62
2026-08-29T16:42:27,36606,40192,91.1,179.80,50,25.7,125216,515804,24.3,22.61
2026-08-29T16:42:31,36606,40192,91.1,181.99,50,8.7,126834,515804,24.6,21.92
2026-08-29T16:42:34,36606,40192,91.1,181.99,50,17.2,121019,515804,23.5,21.52
2026-08-29T16:42:38,36606,40192,91.1,180.86,50,9.8,122292,515804,23.7,21.52
2026-08-29T16:42:41,36606,40192,91.1,182.80,50,10.3,115189,515804,22.3,20.76
2026-08-29T16:42:45,36606,40192,91.1,177.64,50,9.5,120506,515804,23.4,19.90
2026-08-29T16:42:48,36606,40192,91.1,178.98,50,10.8,130346,515804,25.3,19.90
2026-08-29T16:42:51,36606,40192,91.1,180.40,50,44.5,113482,515804,22.0,19.51
2026-08-29T16:42:55,36606,40192,91.1,182.49,50,11.4,106639,515804,20.7,18.75
2026-08-29T16:42:58,36606,40192,91.1,180.11,50,10.0,96839,515804,18.8,18.75
2026-08-29T16:43:02,36606,40192,91.1,178.98,50,8.8,101009,515804,19.6,18.12
2026-08-29T16:43:05,36606,40192,91.1,183.02,50,9.0,108339,515804,21.0,17.55
2026-08-29T16:43:09,36606,40192,91.1,178.98,50,37.9,96942,515804,18.8,17.43
2026-08-29T16:43:13,36606,40192,91.1,181.46,50,27.9,107329,515804,20.8,17.43
2026-08-29T16:43:16,36606,40192,91.1,176.38,50,8.7,109023,515804,21.1,16.83
2026-08-29T16:43:20,36606,40192,91.1,176.34,50,25.2,123552,515804,24.0,16.37
2026-08-29T16:43:23,36606,40192,91.1,176.88,50,8.8,125141,515804,24.3,16.37
2026-08-29T16:43:27,36606,40192,91.1,181.67,50,17.0,119765,515804,23.2,15.94
2026-08-29T16:43:30,36606,40192,91.1,180.64,50,8.9,120313,515804,23.3,15.54
2026-08-29T16:43:33,36606,40192,91.1,179.30,50,10.3,113792,515804,22.1,15.54
2026-08-29T16:43:37,36606,40192,91.1,177.64,50,8.6,119328,515804,23.1,15.18
2026-08-29T16:43:40,36606,40192,91.1,183.33,50,9.3,127371,515804,24.7,14.92
2026-08-29T16:43:44,36606,40192,91.1,178.53,50,44.1,112836,515804,21.9,14.92
2026-08-29T16:43:47,36606,40192,91.1,175.32,50,9.7,105578,515804,20.5,14.93
2026-08-29T16:43:51,36606,40192,91.1,181.14,50,9.5,100038,515804,19.4,14.53
2026-08-29T16:43:54,36606,40192,91.1,87.62,48,9.5,104250,515804,20.2,14.53
2026-08-29T16:43:57,36606,40192,91.1,179.80,50,9.4,111745,515804,21.7,14.49
2026-08-29T16:44:01,36606,40192,91.1,174.18,50,36.8,100066,515804,19.4,14.13
2026-08-29T16:44:04,36606,40192,91.1,182.27,50,28.6,110229,515804,21.4,13.88
2026-08-29T16:44:08,36606,40192,91.1,175.00,50,9.5,111761,515804,21.7,13.88
2026-08-29T16:44:11,36606,40192,91.1,176.67,50,27.9,126230,515804,24.5,24.22
2026-08-29T16:44:14,36606,40192,91.1,181.67,50,11.4,127542,515804,24.7,23.56
2026-08-29T16:44:18,36606,40192,91.1,178.53,50,17.5,117188,515804,22.7,23.56
2026-08-29T16:44:21,36606,40192,91.1,180.32,50,10.2,118602,515804,23.0,22.64
2026-08-29T16:44:25,36606,40192,91.1,180.40,50,9.5,111203,515804,21.6,21.78
2026-08-29T16:44:28,36606,40192,91.1,175.77,50,8.7,117319,515804,22.7,21.78
2026-08-29T16:44:32,36606,40192,91.1,179.30,50,9.6,126279,515804,24.5,20.92
2026-08-29T16:44:35,36606,40192,91.1,168.38,49,42.4,109693,515804,21.3,20.29
2026-08-29T16:44:39,36606,40192,91.1,176.14,50,8.9,103769,515804,20.1,20.29
2026-08-29T16:44:42,36606,40192,91.1,175.57,50,9.6,97288,515804,18.9,19.62
2026-08-29T16:44:46,36606,40192,91.1,179.30,50,8.6,102766,515804,19.9,18.93
2026-08-29T16:44:49,36606,40192,91.1,181.17,50,9.1,111063,515804,21.5,18.93
2026-08-29T16:44:53,36606,40192,91.1,178.77,50,40.5,97715,515804,18.9,18.54
2026-08-29T16:44:56,36606,40192,91.1,179.59,50,28.1,108737,515804,21.1,18.09
2026-08-29T16:44:59,36606,40192,91.1,179.51,51,8.8,110509,515804,21.4,17.60
2026-08-29T16:45:03,36606,40192,91.1,178.01,50,25.6,124986,515804,24.2,17.60
2026-08-29T16:45:06,36606,40192,91.1,182.51,50,9.2,126508,515804,24.5,17.08
2026-08-29T16:45:10,36606,40192,91.1,178.74,50,17.4,120701,515804,23.4,16.67
2026-08-29T16:45:13,36606,40192,91.1,177.40,50,8.5,121371,515804,23.5,16.67
2026-08-29T16:45:17,36606,40192,91.1,180.32,50,10.4,114819,515804,22.3,16.21
2026-08-29T16:45:20,36606,40192,91.1,178.98,50,9.4,120159,515804,23.3,16.04
2026-08-29T16:45:23,36606,40192,91.1,93.47,48,9.4,128961,515804,25.0,16.04
2026-08-29T16:45:27,36606,40192,91.1,175.85,50,46.5,113953,515804,22.1,15.95
2026-08-29T16:45:30,36606,40192,91.1,180.62,50,10.9,106569,515804,20.7,15.88
2026-08-29T16:45:34,36606,40192,91.1,176.88,50,12.8,102061,515804,19.8,15.88
2026-08-29T16:45:37,36606,40192,91.1,178.74,50,11.4,104499,515804,20.3,16.05
2026-08-29T16:45:41,36606,40192,91.1,181.91,50,9.3,106671,515804,20.7,15.72
2026-08-29T16:45:44,36606,40192,91.1,170.73,50,36.6,100451,515804,19.5,22.31
2026-08-29T16:45:48,36606,40192,91.1,179.51,50,27.3,106875,515804,20.7,22.31
2026-08-29T16:45:51,36606,40192,91.1,77.21,48,8.5,108472,515804,21.0,21.41
2026-08-29T16:45:55,36606,40192,91.1,180.86,50,26.0,124617,515804,24.2,20.49
2026-08-29T16:45:58,36606,40192,91.1,179.51,50,8.7,124650,515804,24.2,20.49
2026-08-29T16:46:02,36606,40192,91.1,177.11,50,17.5,119387,515804,23.1,19.65
2026-08-29T16:46:06,36606,40192,91.1,179.51,49,8.5,118800,515804,23.0,19.12
2026-08-29T16:46:09,36606,40192,91.1,182.27,50,9.7,114030,515804,22.1,19.12
2026-08-29T16:46:13,36606,40192,91.1,180.64,50,9.2,126111,515804,24.4,18.42
2026-08-29T16:46:18,36606,40192,91.1,86.80,48,36.1,115316,515804,22.4,18.42
2026-08-29T16:46:21,36606,40192,91.1,176.88,50,14.4,105203,515804,20.4,17.91
2026-08-29T16:46:25,36606,40192,91.1,183.04,50,9.2,104212,515804,20.2,17.36
2026-08-29T16:46:28,36606,40192,91.1,181.46,50,9.8,101602,515804,19.7,17.36
2026-08-29T16:46:32,36606,40192,91.1,179.27,50,8.7,107796,515804,20.9,16.77
2026-08-29T16:46:35,36606,40192,91.1,157.45,50,25.5,104316,515804,20.2,16.30
2026-08-29T16:46:39,36606,40192,91.1,177.64,50,36.9,109935,515804,21.3,16.30
2026-08-29T16:46:43,36606,40192,91.1,84.40,48,9.4,111760,515804,21.7,16.20
2026-08-29T16:46:47,36606,40192,91.1,180.04,50,25.8,125952,515804,24.4,15.70
2026-08-29T16:46:50,36606,40192,91.1,182.49,50,9.5,127525,515804,24.7,15.49
2026-08-29T16:46:54,36606,40192,91.1,178.01,50,20.2,121994,515804,23.7,15.49
2026-08-29T16:46:57,36606,40192,91.1,182.72,50,10.9,111503,515804,21.6,15.89
2026-08-29T16:47:03,36606,40192,91.1,175.32,50,8.7,116937,515804,22.7,15.89
2026-08-29T16:47:07,36606,40192,91.1,180.11,50,9.1,125166,515804,24.3,15.90
2026-08-29T16:47:10,36606,40192,91.1,176.88,50,37.4,111920,515804,21.7,25.84
2026-08-29T16:47:13,36606,40192,91.1,177.11,50,14.8,103497,515804,20.1,25.84
2026-08-29T16:47:17,36606,40192,91.1,178.53,50,9.3,102977,515804,20.0,24.65
2026-08-29T16:47:20,36606,40192,91.1,148.34,48,8.7,100342,515804,19.5,23.48
2026-08-29T16:47:24,36606,40192,91.1,179.30,50,8.9,106735,515804,20.7,23.48
2026-08-29T16:47:27,36606,40192,91.1,176.38,50,29.4,92354,515804,17.9,21.79
2026-08-29T16:47:33,36606,40192,91.1,181.38,50,27.3,109663,515804,21.3,21.79
2026-08-29T16:47:36,36606,40192,91.1,88.15,48,9.1,109898,515804,21.3,20.84
2026-08-29T16:47:39,36606,40192,91.1,176.14,50,25.1,124666,515804,24.2,20.05
2026-08-29T16:47:43,36606,40192,91.1,116.22,49,13.0,128403,515804,24.9,29.90
2026-08-29T16:47:48,36606,40192,91.1,176.06,50,11.7,121387,515804,23.5,29.90
2026-08-29T16:47:52,36606,40192,91.1,181.91,50,9.5,115048,515804,22.3,28.31
2026-08-29T16:47:55,36606,40192,91.1,178.25,50,8.6,120253,515804,23.3,26.84
2026-08-29T16:47:59,36606,40192,91.1,181.99,50,10.1,127536,515804,24.7,26.84
2026-08-29T16:48:02,36606,40192,91.1,181.70,50,38.8,117325,515804,22.7,25.65
2026-08-29T16:48:06,36606,40192,91.1,177.43,50,15.2,106462,515804,20.6,24.64
2026-08-29T16:48:09,36606,40192,91.1,178.77,50,10.3,105376,515804,20.4,24.64
2026-08-29T16:48:12,36606,40192,91.1,179.30,50,12.0,102997,515804,20.0,23.63
2026-08-29T16:48:17,36606,40192,91.1,177.11,50,11.3,107610,515804,20.9,22.93
2026-08-29T16:48:21,36606,40192,91.1,178.74,50,10.1,101789,515804,19.7,22.14
2026-08-29T16:48:24,36606,40192,91.1,174.18,50,56.2,115462,515804,22.4,22.14
2026-08-29T16:48:28,36606,40192,91.1,89.49,47,8.7,108376,515804,21.0,20.81
2026-08-29T16:48:33,36606,40192,91.1,178.77,50,25.4,123080,515804,23.9,20.81
2026-08-29T16:48:36,36606,40192,91.1,181.99,50,9.0,124491,515804,24.1,20.02
2026-08-29T16:48:40,36606,40192,91.1,96.69,48,15.8,119278,515804,23.1,19.46
2026-08-29T16:48:43,36606,40192,91.1,181.14,50,10.8,119939,515804,23.3,19.46
2026-08-29T16:48:46,36606,40192,91.1,177.43,50,9.5,112570,515804,21.8,18.78
2026-08-29T16:48:50,36606,40192,91.1,180.86,50,8.5,118949,515804,23.1,18.24
2026-08-29T16:48:53,36606,40192,91.1,178.46,50,9.7,128838,515804,25.0,18.24
2026-08-29T16:48:57,36606,40192,91.1,179.06,50,40.4,113701,515804,22.0,17.66
2026-08-29T16:49:00,36606,40192,91.1,179.83,50,9.0,105248,515804,20.4,17.29
2026-08-29T16:49:04,36606,40192,91.1,179.80,50,9.7,101777,515804,19.7,17.29
2026-08-29T16:49:07,36606,40192,91.1,175.53,50,8.5,103500,515804,20.1,16.70
2026-08-29T16:49:10,36606,40192,91.1,181.38,50,9.8,110188,515804,21.4,16.32
2026-08-29T16:49:14,36606,40192,91.1,173.13,50,34.7,102486,515804,19.9,16.32
2026-08-29T16:49:18,36606,40192,91.1,182.51,50,28.1,110106,515804,21.3,15.98
2026-08-29T16:49:21,36606,40192,91.1,179.59,50,9.1,111484,515804,21.6,15.50
2026-08-29T16:49:24,36606,40192,91.1,181.14,50,26.3,125973,515804,24.4,15.30
2026-08-29T16:49:28,36606,40192,91.1,178.98,49,10.0,127653,515804,24.7,15.30
2026-08-29T16:49:31,36606,40192,91.1,175.57,50,16.0,121889,515804,23.6,14.95
2026-08-29T16:49:35,36606,40192,91.1,179.59,50,13.4,123209,515804,23.9,14.96
2026-08-29T16:49:38,36606,40192,91.1,175.77,50,12.1,115825,515804,22.5,14.96
2026-08-29T16:49:42,36606,40192,91.1,181.17,50,9.2,117717,515804,22.8,14.56
2026-08-29T16:49:45,36606,40192,91.1,180.93,50,9.2,127919,515804,24.8,14.36
2026-08-29T16:49:48,36606,40192,91.1,182.51,50,42.5,112937,515804,21.9,14.36
2026-08-29T16:49:52,36606,40192,91.1,180.62,50,11.1,104549,515804,20.3,14.33
2026-08-29T16:49:55,36606,40192,91.1,180.86,50,9.8,100463,515804,19.5,14.06
2026-08-29T16:49:59,36606,40192,91.1,182.20,50,8.7,102993,515804,20.0,14.06
2026-08-29T16:50:02,36606,40192,91.1,177.72,50,9.0,110258,515804,21.4,13.81
2026-08-29T16:50:06,36606,40192,91.1,169.72,50,37.2,101363,515804,19.7,13.67
2026-08-29T16:50:09,36606,40192,91.1,181.70,50,27.1,108473,515804,21.0,13.86
2026-08-29T16:50:13,36606,40192,91.1,179.83,50,8.6,110079,515804,21.3,13.86
2026-08-29T16:50:16,36606,40192,91.1,177.72,50,26.1,124422,515804,24.1,13.79
2026-08-29T16:50:20,36606,40192,91.1,178.98,50,8.7,125998,515804,24.4,13.56
2026-08-29T16:50:23,36606,40192,91.1,178.77,50,15.2,121513,515804,23.6,13.56
2026-08-29T16:50:26,36606,40192,91.1,80.95,48,10.9,121379,515804,23.5,13.44
2026-08-29T16:50:30,36606,40192,91.1,181.46,50,10.5,113240,515804,22.0,13.72
2026-08-29T16:50:33,36606,40192,91.1,177.19,50,8.6,120106,515804,23.3,13.72
2026-08-29T16:50:37,36606,40192,91.1,178.46,50,9.2,128823,515804,25.0,13.59
2026-08-29T16:50:40,36606,40192,91.1,176.34,50,39.4,113054,515804,21.9,13.86
2026-08-29T16:50:43,36606,40192,91.1,176.67,50,14.9,106318,515804,20.6,13.86
2026-08-29T16:50:47,36606,40192,91.1,175.85,50,9.7,104978,515804,20.4,13.71
2026-08-29T16:50:50,36606,40192,91.1,181.99,50,9.6,103782,515804,20.1,13.49
2026-08-29T16:50:54,36606,40192,91.1,181.91,50,11.1,110817,515804,21.5,13.49
2026-08-29T16:50:57,36606,40192,91.1,176.88,50,36.7,101524,515804,19.7,13.61
2026-08-29T16:51:01,36606,40192,91.1,180.64,50,28.5,106054,515804,20.6,21.49
2026-08-29T16:51:05,36606,40192,91.1,174.71,50,8.9,108043,515804,20.9,20.65
2026-08-29T16:51:08,36606,40192,91.1,175.85,50,25.4,122499,515804,23.7,20.65
2026-08-29T16:51:12,36606,40192,91.1,172.40,50,8.7,124105,515804,24.1,19.88
2026-08-29T16:51:15,36606,40192,91.1,81.19,48,17.6,118780,515804,23.0,19.33
2026-08-29T16:51:19,36606,40192,91.1,175.53,50,8.9,119474,515804,23.2,19.33
2026-08-29T16:51:22,36606,40192,91.1,174.27,50,9.6,112638,515804,21.8,18.82
2026-08-29T16:51:25,36606,40192,91.1,180.04,50,8.6,118652,515804,23.0,18.19
2026-08-29T16:51:29,36606,40192,91.1,173.90,50,9.6,127710,515804,24.8,18.19
2026-08-29T16:51:32,36606,40192,91.1,98.04,48,44.3,112145,515804,21.7,17.54
2026-08-29T16:51:36,36606,40192,91.1,178.77,50,9.5,104935,515804,20.3,17.01
2026-08-29T16:51:39,36606,40192,91.1,181.70,50,9.5,99283,515804,19.2,17.01
2026-08-29T16:51:43,36606,40192,91.1,103.94,48,8.6,103295,515804,20.0,16.53
2026-08-29T16:51:46,36606,40192,91.1,176.34,50,8.9,110855,515804,21.5,16.17
2026-08-29T16:51:49,36606,40192,91.1,181.14,50,37.4,100338,515804,19.5,16.32
2026-08-29T16:51:53,36606,40192,91.1,181.14,50,27.8,109586,515804,21.2,16.32
2026-08-29T16:51:56,36606,40192,91.1,181.14,51,8.6,111136,515804,21.5,15.97
2026-08-29T16:52:00,36606,40192,91.1,182.72,50,26.6,125599,515804,24.4,15.65
2026-08-29T16:52:03,36606,40192,91.1,180.86,50,9.4,127145,515804,24.6,15.65
2026-08-29T16:52:07,36606,40192,91.1,174.18,50,16.9,121384,515804,23.5,15.28
2026-08-29T16:52:10,36606,40192,91.1,180.62,50,10.8,122350,515804,23.7,15.02
2026-08-29T16:52:13,36606,40192,91.1,181.67,50,11.7,114915,515804,22.3,15.02
2026-08-29T16:52:17,36606,40192,91.1,179.51,50,11.1,120866,515804,23.4,15.10
2026-08-29T16:52:20,36606,40192,91.1,103.94,48,11.6,128725,515804,25.0,15.09
2026-08-29T16:52:24,36606,40192,91.1,178.98,50,43.2,108598,515804,21.1,15.09
2026-08-29T16:52:27,36606,40192,91.1,176.91,50,9.1,102783,515804,19.9,14.84
2026-08-29T16:52:31,36606,40192,91.1,178.77,50,9.7,95122,515804,18.4,14.69
2026-08-29T16:52:34,36606,40192,91.1,179.59,50,8.5,101823,515804,19.7,14.69
2026-08-29T16:52:38,36606,40192,91.1,180.64,50,9.5,109617,515804,21.3,14.56
2026-08-29T16:52:41,36606,40192,91.1,181.70,50,36.3,97488,515804,18.9,14.35
2026-08-29T16:52:45,36606,40192,91.1,176.34,50,27.9,107951,515804,20.9,14.24
2026-08-29T16:52:48,36606,40192,91.1,181.14,50,8.7,109519,515804,21.2,14.24
2026-08-29T16:52:51,36606,40192,91.1,178.74,50,24.5,124228,515804,24.1,24.15
2026-08-29T16:52:55,36606,40192,91.1,178.98,50,8.7,125825,515804,24.4,23.18
2026-08-29T16:52:58,36606,40192,91.1,169.92,50,17.6,119784,515804,23.2,23.18
2026-08-29T16:53:02,36606,40192,91.1,179.59,50,9.2,121124,515804,23.5,22.20
2026-08-29T16:53:05,36606,40192,91.1,181.91,50,9.7,114096,515804,22.1,21.39
2026-08-29T16:53:09,36606,40192,91.1,177.93,50,8.5,119834,515804,23.2,21.39
2026-08-29T16:53:12,36606,40192,91.1,179.51,50,10.1,129950,515804,25.2,20.88
2026-08-29T16:53:15,36606,40192,91.1,120.88,48,43.6,109823,515804,21.3,20.16
2026-08-29T16:53:19,36606,40192,91.1,181.67,50,14.5,106140,515804,20.6,20.16
2026-08-29T16:53:22,36606,40192,91.1,176.88,50,10.3,104227,515804,20.2,19.75
2026-08-29T16:53:26,36606,40192,91.1,182.49,50,9.7,103716,515804,20.1,18.97
2026-08-29T16:53:29,36606,40192,91.1,180.04,50,10.1,110648,515804,21.5,18.97
2026-08-29T16:53:33,36606,40192,91.1,181.17,50,38.4,103953,515804,20.2,18.49
2026-08-29T16:53:36,36606,40192,91.1,98.85,48,30.4,110605,515804,21.4,28.46
2026-08-29T16:53:40,36606,40192,91.1,177.40,50,11.1,111892,515804,21.7,27.46
2026-08-29T16:53:43,36606,40192,91.1,179.51,50,26.4,124363,515804,24.1,27.46
2026-08-29T16:53:47,36606,40192,91.1,176.58,50,8.6,123678,515804,24.0,26.06
2026-08-29T16:53:50,36606,40192,91.1,180.62,50,16.2,123571,515804,24.0,25.18
2026-08-29T16:53:53,36606,40192,91.1,181.17,50,10.1,119140,515804,23.1,25.18
2026-08-29T16:53:57,36606,40192,91.1,180.93,50,9.9,112001,515804,21.7,24.04
2026-08-29T16:54:00,36606,40192,91.1,180.62,50,8.8,117963,515804,22.9,22.92
2026-08-29T16:54:04,36606,40192,91.1,173.98,50,9.1,125581,515804,24.3,22.92
2026-08-29T16:54:07,36606,40192,91.1,181.99,50,38.2,115198,515804,22.3,21.88
2026-08-29T16:54:11,36606,40192,91.1,176.38,50,14.8,104572,515804,20.3,21.09
2026-08-29T16:54:14,36606,40192,91.1,182.51,50,9.1,103910,515804,20.1,20.36
2026-08-29T16:54:18,36606,40192,91.1,180.62,49,9.3,101951,515804,19.8,20.36
2026-08-29T16:54:21,36606,40192,91.1,172.60,50,8.9,108745,515804,21.1,19.69
2026-08-29T16:54:25,36606,40192,91.1,138.10,49,35.9,103584,515804,20.1,29.25
2026-08-29T16:54:29,36606,40192,91.1,181.99,50,28.0,109586,515804,21.2,29.25
2026-08-29T16:54:32,36606,40192,91.1,175.57,50,9.5,110922,515804,21.5,27.87
2026-08-29T16:54:36,36606,40192,91.1,177.19,50,25.5,126166,515804,24.5,37.09
2026-08-29T16:54:39,36606,40192,91.1,179.80,50,9.0,127085,515804,24.6,37.09
2026-08-29T16:54:42,36606,40192,91.1,86.28,47,16.6,122380,515804,23.7,35.40
2026-08-29T16:54:47,36606,40192,91.1,177.72,50,8.9,121095,515804,23.5,33.52
2026-08-29T16:54:50,36606,40192,91.1,178.01,50,10.6,116977,515804,22.7,31.64
2026-08-29T16:54:54,36606,40192,91.1,181.17,50,10.7,122865,515804,23.8,31.64
2026-08-29T16:54:57,36606,40192,91.1,179.06,50,29.8,113746,515804,22.1,29.07
2026-08-29T16:55:03,36606,40192,91.1,183.04,50,13.0,102613,515804,19.9,29.07
2026-08-29T16:55:07,36606,40192,91.1,179.30,50,9.6,99453,515804,19.3,27.55
2026-08-29T16:55:10,36606,40192,91.1,54.75,46,8.6,100127,515804,19.4,26.22
2026-08-29T16:55:14,36606,40192,91.1,56.62,45,8.3,107574,515804,20.9,26.22
2026-08-29T16:55:17,36606,40192,91.1,57.68,45,35.4,99482,515804,19.3,25.48
2026-08-29T16:55:21,36606,40192,91.1,56.91,45,27.1,106980,515804,20.7,24.24
2026-08-29T16:55:24,36606,40192,91.1,53.94,45,8.4,108575,515804,21.0,24.24
2026-08-29T16:55:28,36606,40192,91.1,56.33,45,20.8,123385,515804,23.9,23.10
2026-08-29T16:55:32,36606,40192,91.1,55.28,45,7.9,125286,515804,24.3,22.05
2026-08-29T16:55:36,36606,40192,91.1,56.62,45,18.3,118373,515804,22.9,21.49
2026-08-29T16:55:39,3399,40192,8.5,77.74,46,8.3,116307,515804,22.5,21.49
2026-08-29T16:55:42,3399,40192,8.5,54.22,45,8.3,116368,515804,22.6,20.49
2026-08-29T16:55:48,3399,40192,8.5,56.33,45,10.6,124088,515804,24.1,19.73
2026-08-29T16:55:51,3399,40192,8.5,56.91,45,40.5,114440,515804,22.2,19.03
2026-08-29T16:55:55,3399,40192,8.5,56.33,44,17.4,103337,515804,20.0,18.47
2026-08-29T16:55:58,3399,40192,8.5,56.10,44,9.2,102461,515804,19.9,18.47
2026-08-29T16:56:02,3399,40192,8.5,55.56,44,11.3,99816,515804,19.4,17.87
2026-08-29T16:56:05,3399,40192,8.5,54.46,44,13.8,105388,515804,20.4,17.32
2026-08-29T16:56:09,3399,40192,8.5,53.70,44,10.1,103931,515804,20.1,17.32
2026-08-29T16:56:12,3399,40192,8.5,54.75,44,56.4,116932,515804,22.7,27.14
2026-08-29T16:56:16,3399,40192,8.5,56.33,44,13.1,109794,515804,21.3,26.09
2026-08-29T16:56:19,3399,40192,8.5,55.81,44,17.7,111985,515804,21.7,26.09
2026-08-29T16:56:22,3399,40192,8.5,55.56,44,24.3,121561,515804,23.6,25.20
2026-08-29T16:56:26,4880,40192,12.1,55.28,44,8.5,121131,515804,23.5,24.06
2026-08-29T16:56:29,19286,40192,48.0,56.62,44,15.2,117470,515804,22.8,23.58
2026-08-29T16:56:34,21382,40192,53.2,72.36,47,9.4,111309,515804,21.6,23.58
2026-08-29T16:56:38,36354,40192,90.5,53.76,44,14.3,116520,515804,22.6,22.57
2026-08-29T16:56:41,36432,40192,90.6,55.81,44,10.2,123215,515804,23.9,21.72
2026-08-29T16:56:45,36456,40192,90.7,62.76,44,37.2,115071,515804,22.3,23.43
2026-08-29T16:56:48,36462,40192,90.7,58.21,44,13.9,103384,515804,20.0,23.43
2026-08-29T16:56:52,36466,40192,90.7,55.28,44,8.9,102595,515804,19.9,22.43
2026-08-29T16:56:55,36472,40192,90.7,59.55,44,8.8,100059,515804,19.4,21.44
2026-08-29T16:56:59,36478,40192,90.8,58.49,44,8.9,105702,515804,20.5,21.44
2026-08-29T16:57:02,36482,40192,90.8,56.91,44,30.3,102481,515804,19.9,20.60
2026-08-29T16:57:07,36488,40192,90.8,59.31,44,29.8,108390,515804,21.0,30.16
2026-08-29T16:57:10,36492,40192,90.8,60.08,44,8.8,109934,515804,21.3,28.95
2026-08-29T16:57:14,36498,40192,90.8,61.95,44,25.8,126241,515804,24.5,28.95
2026-08-29T16:57:17,36502,40192,90.8,57.68,44,8.5,125953,515804,24.4,27.35
2026-08-29T16:57:20,36508,40192,90.8,59.02,43,15.8,121572,515804,23.6,26.60
2026-08-29T16:57:24,36514,40192,90.8,62.47,44,11.4,121086,515804,23.5,26.60
2026-08-29T16:57:27,36494,40192,90.8,59.55,43,9.6,113268,515804,22.0,25.35
2026-08-29T16:57:31,36498,40192,90.8,55.28,43,9.4,119837,515804,23.2,24.12
2026-08-29T16:57:34,36504,40192,90.8,56.91,43,11.1,128880,515804,25.0,24.12
2026-08-29T16:57:38,36508,40192,90.8,56.91,43,42.1,112675,515804,21.8,23.31
2026-08-29T16:57:41,36518,40192,90.9,56.33,43,16.1,101166,515804,19.6,22.81
2026-08-29T16:57:45,36526,40192,90.9,57.96,43,9.2,101391,515804,19.7,22.81
2026-08-29T16:57:48,36532,40192,90.9,60.89,43,8.6,98875,515804,19.2,21.94
2026-08-29T16:57:52,36540,40192,90.9,58.78,43,8.7,105677,515804,20.5,21.06
2026-08-29T16:57:55,36544,40192,90.9,54.75,43,34.1,100896,515804,19.6,30.99
2026-08-29T16:57:59,36550,40192,90.9,57.96,43,28.0,106654,515804,20.7,30.99
2026-08-29T16:58:02,36554,40192,90.9,57.96,43,8.5,108235,515804,21.0,29.31
2026-08-29T16:58:06,36550,40192,90.9,53.94,43,24.8,123943,515804,24.0,38.01
2026-08-29T16:58:09,36556,40192,91.0,54.22,43,8.4,124485,515804,24.1,38.01
2026-08-29T16:58:13,36560,40192,91.0,55.04,43,15.6,120994,515804,23.5,35.77
2026-08-29T16:58:16,36566,40192,91.0,54.22,43,10.5,119757,515804,23.2,33.86
2026-08-29T16:58:20,36572,40192,91.0,53.94,43,9.4,112018,515804,21.7,32.35
2026-08-29T16:58:23,36578,40192,91.0,55.81,43,8.3,118533,515804,23.0,32.35
2026-08-29T16:58:27,36584,40192,91.0,54.22,43,8.9,128107,515804,24.8,30.80
2026-08-29T16:58:30,36586,40192,91.0,55.81,43,39.5,112665,515804,21.8,29.62
2026-08-29T16:58:34,36592,40192,91.0,58.21,43,12.0,104998,515804,20.4,29.62
2026-08-29T16:58:37,36596,40192,91.1,57.74,43,9.0,101679,515804,19.7,28.05
2026-08-29T16:58:41,36602,40192,91.1,55.81,43,9.2,103142,515804,20.0,26.68
2026-08-29T16:58:44,36608,40192,91.1,57.96,43,9.6,110393,515804,21.4,26.68
2026-08-29T16:58:48,36608,40192,91.1,54.52,43,38.1,102081,515804,19.8,25.43
2026-08-29T16:58:51,36612,40192,91.1,54.46,43,28.0,109683,515804,21.3,24.27
2026-08-29T16:58:55,36618,40192,91.1,56.10,43,10.7,111051,515804,21.5,24.27
2026-08-29T16:58:58,36618,40192,91.1,55.04,43,27.3,125497,515804,24.3,23.53
2026-08-29T16:59:01,36618,40192,91.1,53.41,43,9.4,122532,515804,23.8,22.36
2026-08-29T16:59:05,36618,40192,91.1,57.22,43,15.6,117799,515804,22.8,22.36
2026-08-29T16:59:08,36618,40192,91.1,59.02,43,9.4,117995,515804,22.9,22.66
2026-08-29T16:59:12,36618,40192,91.1,61.42,42,8.9,110465,515804,21.4,21.64
2026-08-29T16:59:15,36618,40192,91.1,62.24,42,8.0,116883,515804,22.7,20.79
2026-08-29T16:59:18,36618,40192,91.1,55.56,42,8.4,126197,515804,24.5,20.79
2026-08-29T16:59:22,36618,40192,91.1,55.28,42,40.1,110753,515804,21.5,20.09
2026-08-29T16:59:25,36618,40192,91.1,55.81,42,14.1,103403,515804,20.0,19.20
2026-08-29T16:59:29,36618,40192,91.1,54.82,42,8.5,102900,515804,19.9,19.20
2026-08-29T16:59:32,36618,40192,91.1,54.28,42,8.0,100356,515804,19.5,18.62
2026-08-29T16:59:35,36618,40192,91.1,53.47,42,8.6,106939,515804,20.7,18.01
2026-08-29T16:59:39,36618,40192,91.1,52.88,42,34.2,102520,515804,19.9,18.01
2026-08-29T16:59:43,36618,40192,91.1,57.68,42,27.6,108372,515804,21.0,17.61
2026-08-29T16:59:46,36618,40192,91.1,60.08,42,7.9,109938,515804,21.3,17.08
2026-08-29T16:59:50,36618,40192,91.1,52.88,42,25.6,124945,515804,24.2,17.08
2026-08-29T16:59:53,36618,40192,91.1,59.84,42,7.8,125913,515804,24.4,16.75
2026-08-29T16:59:56,36618,40192,91.1,56.10,42,15.5,121620,515804,23.6,16.21
2026-08-29T17:00:00,36618,40192,91.1,61.95,42,10.3,121074,515804,23.5,15.71
2026-08-29T17:00:03,36618,40192,91.1,54.22,42,9.8,113303,515804,22.0,15.71
2026-08-29T17:00:07,36618,40192,91.1,55.56,42,8.6,119878,515804,23.2,15.82
2026-08-29T17:00:10,36618,40192,91.1,53.41,42,9.0,129105,515804,25.0,15.43
2026-08-29T17:00:13,36618,40192,91.1,54.22,42,42.2,112517,515804,21.8,15.43
2026-08-29T17:00:17,36618,40192,91.1,77.45,43,16.9,106054,515804,20.6,15.32
2026-08-29T17:00:20,36618,40192,91.1,53.41,42,13.5,105686,515804,20.5,15.37
2026-08-29T17:00:24,36618,40192,91.1,56.62,42,13.0,98838,515804,19.2,15.37
2026-08-29T17:00:27,36658,40192,91.2,64.64,42,8.8,106046,515804,20.6,15.02
2026-08-29T17:00:31,36660,40192,91.2,112.72,45,33.9,101508,515804,19.7,14.78
2026-08-29T17:00:35,36660,40192,91.2,175.77,47,28.7,107578,515804,20.9,14.78
2026-08-29T17:00:38,36660,40192,91.2,79.85,45,8.8,109092,515804,21.1,14.48
2026-08-29T17:00:41,36660,40192,91.2,172.03,45,25.8,127259,515804,24.7,14.28
2026-08-29T17:00:45,36660,40192,91.2,173.45,47,8.6,125719,515804,24.4,14.02
2026-08-29T17:00:48,36660,40192,91.2,174.18,47,15.7,124031,515804,24.0,14.02
2026-08-29T17:00:52,36660,40192,91.2,74.81,44,10.4,121541,515804,23.6,13.69
2026-08-29T17:00:55,36660,40192,91.2,174.27,47,9.7,113790,515804,22.1,13.96
2026-08-29T17:00:59,36660,40192,91.2,84.93,45,9.0,120407,515804,23.3,13.96
2026-08-29T17:01:02,36660,40192,91.2,82.30,44,9.1,129312,515804,25.1,13.88
2026-08-29T17:01:05,36660,40192,91.2,80.42,45,38.0,113627,515804,22.0,13.73
2026-08-29T17:01:09,36660,40192,91.2,177.19,47,14.3,107254,515804,20.8,13.73
2026-08-29T17:01:12,36660,40192,91.2,174.71,47,10.2,106185,515804,20.6,13.83
2026-08-29T17:01:16,36660,40192,91.2,77.54,45,8.5,103065,515804,20.0,13.53
2026-08-29T17:01:19,36660,40192,91.2,174.18,47,9.6,109757,515804,21.3,13.53
2026-08-29T17:01:23,36660,40192,91.2,175.00,46,35.7,103514,515804,20.1,13.40
2026-08-29T17:01:27,36660,40192,91.2,77.45,45,28.8,110541,515804,21.4,23.46
2026-08-29T17:01:30,36660,40192,91.2,176.91,47,9.9,111906,515804,21.7,23.46
2026-08-29T17:01:33,36660,40192,91.2,175.53,47,26.5,127854,515804,24.8,22.46
2026-08-29T17:01:37,36660,40192,91.2,78.79,45,11.2,127846,515804,24.8,21.86
2026-08-29T17:01:40,36660,40192,91.2,172.03,46,17.8,127184,515804,24.7,21.64
2026-08-29T17:01:43,36660,40192,91.2,176.34,47,11.2,118543,515804,23.0,21.64
2026-08-29T17:01:47,36660,40192,91.2,173.37,48,9.5,111586,515804,21.6,20.86
2026-08-29T17:01:50,36660,40192,91.2,91.07,45,8.4,117285,515804,22.7,19.99
2026-08-29T17:01:54,36660,40192,91.2,175.57,47,8.9,124490,515804,24.1,19.99
2026-08-29T17:01:57,36660,40192,91.2,172.40,47,36.2,113807,515804,22.1,19.51
2026-08-29T17:02:01,36660,40192,91.2,171.26,47,14.4,103914,515804,20.1,18.83
2026-08-29T17:02:04,36660,40192,91.2,174.71,48,9.1,103149,515804,20.0,18.83
2026-08-29T17:02:07,36660,40192,91.2,97.50,45,8.7,100328,515804,19.5,18.20
2026-08-29T17:02:11,36660,40192,91.2,176.91,47,8.7,106511,515804,20.6,17.71
2026-08-29T17:02:14,36660,40192,91.2,96.69,45,29.1,98189,515804,19.0,28.46
2026-08-29T17:02:19,36660,40192,91.2,92.42,45,28.1,109047,515804,21.1,28.46
2026-08-29T17:02:22,36660,40192,91.2,177.11,47,8.7,110808,515804,21.5,27.38
2026-08-29T17:02:26,36660,40192,91.2,176.06,48,25.2,125306,515804,24.3,25.99
2026-08-29T17:02:29,36660,40192,91.2,74.23,45,9.3,126734,515804,24.6,25.99
2026-08-29T17:02:33,36660,40192,91.2,173.37,47,51.5,121140,515804,23.5,24.79
2026-08-29T17:02:36,36660,40192,91.2,176.38,48,9.2,122375,515804,23.7,23.61
2026-08-29T17:02:40,36660,40192,91.2,92.95,45,10.3,114737,515804,22.2,23.61
2026-08-29T17:02:43,36660,40192,91.2,92.70,45,9.4,120604,515804,23.4,22.60
2026-08-29T17:02:47,36660,40192,91.2,95.64,45,9.5,130658,515804,25.3,21.83
2026-08-29T17:02:50,36660,40192,91.2,166.70,47,42.3,115813,515804,22.5,31.53
2026-08-29T17:02:54,36660,40192,91.2,176.06,48,10.9,106945,515804,20.7,31.53
2026-08-29T17:02:57,36660,40192,91.2,78.26,46,11.9,104330,515804,20.2,29.89
2026-08-29T17:03:00,36660,40192,91.2,82.54,45,9.9,100392,515804,19.5,28.77
2026-08-29T17:03:04,36660,40192,91.2,170.73,47,8.9,107520,515804,20.8,28.77
2026-08-29T17:03:07,36660,40192,91.2,176.34,47,37.3,99793,515804,19.3,27.43
2026-08-29T17:03:11,36660,40192,91.2,73.46,46,27.8,107369,515804,20.8,26.03
2026-08-29T17:03:15,36660,40192,91.2,175.00,47,8.8,108967,515804,21.1,26.03
2026-08-29T17:03:18,36660,40192,91.2,176.88,48,25.3,123380,515804,23.9,24.75
2026-08-29T17:03:21,36660,40192,91.2,89.20,45,8.6,125027,515804,24.2,23.81
2026-08-29T17:03:25,36660,40192,91.2,176.34,47,15.5,121070,515804,23.5,23.81
2026-08-29T17:03:28,36660,40192,91.2,76.39,45,10.2,119646,515804,23.2,23.18
2026-08-29T17:03:33,36660,40192,91.2,95.10,45,9.7,115677,515804,22.4,22.29
2026-08-29T17:03:36,36660,40192,91.2,170.24,48,9.3,122004,515804,23.7,21.62
2026-08-29T17:03:40,36660,40192,91.2,172.64,48,9.1,119441,515804,23.2,21.62
2026-08-29T17:03:43,36660,40192,91.2,60.68,44,29.4,105783,515804,20.5,29.81
2026-08-29T17:03:49,36660,40192,91.2,169.92,47,10.0,105236,515804,20.4,29.81
2026-08-29T17:03:52,36660,40192,91.2,171.30,48,8.7,103381,515804,20.0,28.31
2026-08-29T17:03:56,36660,40192,91.2,93.47,46,8.8,110157,515804,21.4,27.00
2026-08-29T17:03:59,36660,40192,91.2,91.36,45,37.6,103879,515804,20.1,27.00
2026-08-29T17:04:03,36660,40192,91.2,170.53,48,27.9,110348,515804,21.4,25.80
2026-08-29T17:04:07,36660,40192,91.2,81.48,46,8.7,111950,515804,21.7,24.53
2026-08-29T17:04:10,36660,40192,91.2,92.42,45,26.3,127320,515804,24.7,23.45
2026-08-29T17:04:14,36660,40192,91.2,85.22,46,11.1,128171,515804,24.8,23.45
2026-08-29T17:04:18,36660,40192,91.2,84.12,46,19.8,122747,515804,23.8,22.85
2026-08-29T17:04:22,36660,40192,91.2,82.54,45,9.9,117245,515804,22.7,22.62
2026-08-29T17:04:25,36660,40192,91.2,172.64,48,9.5,113256,515804,22.0,22.62
2026-08-29T17:04:28,36660,40192,91.2,63.06,44,8.6,126369,515804,24.5,21.54
2026-08-29T17:04:34,36660,40192,91.2,81.19,45,41.5,111834,515804,21.7,21.54
2026-08-29T17:04:37,36660,40192,91.2,175.77,48,14.8,103820,515804,20.1,21.02
2026-08-29T17:04:41,36660,40192,91.2,177.40,48,9.2,103164,515804,20.0,20.22
2026-08-29T17:04:44,36660,40192,91.2,97.63,45,8.7,100528,515804,19.5,20.22
2026-08-29T17:04:48,36660,40192,91.2,171.78,48,8.7,107299,515804,20.8,19.40
2026-08-29T17:04:51,36660,40192,91.2,72.65,46,34.0,103074,515804,20.0,18.89
2026-08-29T17:04:55,36660,40192,91.2,79.41,45,30.3,109067,515804,21.1,18.89
2026-08-29T17:04:58,36660,40192,91.2,178.53,48,9.3,110296,515804,21.4,18.17
2026-08-29T17:05:02,36660,40192,91.2,94.82,47,25.6,126411,515804,24.5,17.68
2026-08-29T17:05:05,36660,40192,91.2,87.10,45,8.5,126455,515804,24.5,17.22
2026-08-29T17:05:09,36660,40192,91.2,179.51,48,14.9,123261,515804,23.9,17.22
2026-08-29T17:05:12,36660,40192,91.2,80.14,47,11.7,121658,515804,23.6,17.13
2026-08-29T17:05:15,36660,40192,91.2,75.05,46,9.5,113596,515804,22.0,16.64
2026-08-29T17:05:19,36660,40192,91.2,177.64,48,8.9,120562,515804,23.4,16.64
2026-08-29T17:05:22,36660,40192,91.2,87.62,47,9.4,128410,515804,24.9,16.18
2026-08-29T17:05:25,36660,40192,91.2,78.79,45,41.1,116985,515804,22.7,16.73
2026-08-29T17:05:29,36660,40192,91.2,172.32,47,15.2,106753,515804,20.7,16.73
2026-08-29T17:05:32,36660,40192,91.2,176.58,48,9.8,105887,515804,20.5,16.43
2026-08-29T17:05:36,36660,40192,91.2,80.14,47,11.4,102799,515804,19.9,16.24
2026-08-29T17:05:39,36660,40192,91.2,81.48,47,11.3,108541,515804,21.0,16.24
2026-08-29T17:05:43,36660,40192,91.2,165.12,48,15.9,101053,515804,19.6,15.82
2026-08-29T17:05:46,36660,40192,91.2,90.31,48,51.6,112560,515804,21.8,15.83
2026-08-29T17:05:50,36660,40192,91.2,169.63,47,8.4,108384,515804,21.0,15.83
2026-08-29T17:05:53,36660,40192,91.2,163.05,48,24.8,133144,515804,25.8,15.36
2026-08-29T17:05:57,36660,40192,91.2,177.43,48,8.8,124664,515804,24.2,15.26
2026-08-29T17:06:00,36660,40192,91.2,80.66,45,10.5,126955,515804,24.6,15.26
2026-08-29T17:06:04,36660,40192,91.2,170.15,48,15.3,119893,515804,23.2,25.57
2026-08-29T17:06:07,36660,40192,91.2,171.30,48,9.2,119354,515804,23.1,24.48
2026-08-29T17:06:10,36660,40192,91.2,85.46,46,8.7,117711,515804,22.8,23.48
2026-08-29T17:06:14,36660,40192,91.2,176.91,47,8.8,124792,515804,24.2,23.48
2026-08-29T17:06:17,36660,40192,91.2,168.57,48,34.1,117296,515804,22.7,22.72
2026-08-29T17:06:21,36660,40192,91.2,92.42,46,14.5,105222,515804,20.4,21.86
2026-08-29T17:06:24,36660,40192,91.2,172.03,48,9.1,104162,515804,20.2,21.86
2026-08-29T17:06:28,36660,40192,91.2,174.71,48,8.8,101440,515804,19.7,21.15
2026-08-29T17:06:31,36660,40192,91.2,82.00,46,9.5,107122,515804,20.8,20.34
2026-08-29T17:06:35,36660,40192,91.2,141.08,47,14.3,104398,515804,20.2,20.34
2026-08-29T17:06:38,36660,40192,91.2,176.34,48,57.9,116784,515804,22.6,29.92
2026-08-29T17:06:42,36660,40192,91.2,85.99,46,9.5,111568,515804,21.6,28.89
2026-08-29T17:06:45,36660,40192,91.2,86.80,45,23.1,132899,515804,25.8,38.66
2026-08-29T17:06:49,36660,40192,91.2,171.26,48,11.8,127598,515804,24.7,38.66
2026-08-29T17:06:52,36660,40192,91.2,75.86,46,13.5,131858,515804,25.6,36.45
2026-08-29T17:06:56,36660,40192,91.2,89.73,46,15.7,122700,515804,23.8,34.73
2026-08-29T17:06:59,36660,40192,91.2,172.32,48,11.8,120624,515804,23.4,34.73
2026-08-29T17:07:03,36660,40192,91.2,172.03,48,10.0,115398,515804,22.4,33.15
2026-08-29T17:07:06,36660,40192,91.2,175.77,47,9.1,122339,515804,23.7,31.46
2026-08-29T17:07:09,36660,40192,91.2,82.00,45,36.5,116454,515804,22.6,31.46
2026-08-29T17:07:13,36660,40192,91.2,169.72,48,14.5,103391,515804,20.0,29.90
2026-08-29T17:07:17,36660,40192,91.2,176.14,48,8.5,102612,515804,19.9,28.47
2026-08-29T17:07:20,36660,40192,91.2,73.99,46,9.8,99305,515804,19.3,27.31
2026-08-29T17:07:24,36660,40192,91.2,173.13,47,8.6,105677,515804,20.5,27.31
2026-08-29T17:07:27,36660,40192,91.2,169.63,48,9.6,102674,515804,19.9,26.00
2026-08-29T17:07:31,36660,40192,91.2,163.24,48,56.3,115793,515804,22.4,33.37
2026-08-29T17:07:34,36660,40192,91.2,175.24,47,8.5,110137,515804,21.4,33.37
2026-08-29T17:07:38,36660,40192,91.2,171.83,48,24.8,134404,515804,26.1,31.50
2026-08-29T17:07:41,36660,40192,91.2,83.35,46,9.2,126114,515804,24.4,29.85
2026-08-29T17:07:45,36660,40192,91.2,172.03,47,12.0,130122,515804,25.2,29.85
2026-08-29T17:07:48,36660,40192,91.2,174.27,48,13.8,121379,515804,23.5,35.07
2026-08-29T17:07:52,36660,40192,91.2,84.70,47,9.5,119802,515804,23.2,33.14
2026-08-29T17:07:55,36660,40192,91.2,82.30,46,9.2,118899,515804,23.1,33.14
2026-08-29T17:07:58,36660,40192,91.2,171.06,48,8.9,126252,515804,24.5,31.45
2026-08-29T17:08:02,36660,40192,91.2,177.43,48,35.6,118305,515804,22.9,30.13
2026-08-29T17:08:06,36660,40192,91.2,80.14,46,14.6,106493,515804,20.6,28.68
2026-08-29T17:08:09,36660,40192,91.2,83.59,46,9.1,105524,515804,20.5,28.68
2026-08-29T17:08:12,36660,40192,91.2,177.19,48,10.6,102054,515804,19.8,27.66
2026-08-29T17:08:16,36660,40192,91.2,80.14,46,10.5,107877,515804,20.9,26.65
2026-08-29T17:08:19,36660,40192,91.2,162.77,47,11.5,105285,515804,20.4,26.65
2026-08-29T17:08:23,36660,40192,91.2,164.59,48,57.9,115077,515804,22.3,35.97
2026-08-29T17:08:26,36660,40192,91.2,171.78,48,9.9,91324,515804,17.7,33.97
2026-08-29T17:08:30,36660,40192,91.2,83.16,46,8.4,91965,515804,17.8,33.97
2026-08-29T17:08:33,36660,40192,91.2,175.53,48,22.2,100939,515804,19.6,32.21
2026-08-29T17:08:36,36660,40192,91.2,176.67,48,8.7,92191,515804,17.9,30.75
2026-08-29T17:08:40,36660,40192,91.2,87.33,46,24.7,111725,515804,21.7,30.75
2026-08-29T17:08:43,36660,40192,91.2,173.90,47,8.6,92393,515804,17.9,29.17
2026-08-29T17:08:47,36660,40192,91.2,176.14,48,8.5,93215,515804,18.1,27.63
2026-08-29T17:08:50,36660,40192,91.2,176.67,48,22.0,102166,515804,19.8,27.63
2026-08-29T17:08:53,36660,40192,91.2,90.02,46,8.5,93361,515804,18.1,26.22
2026-08-29T17:08:57,36660,40192,91.2,172.03,48,23.9,113459,515804,22.0,25.08
2026-08-29T17:09:00,36660,40192,91.2,170.73,48,9.2,93876,515804,18.2,23.95
2026-08-29T17:09:04,36660,40192,91.2,93.76,46,8.4,94389,515804,18.3,23.95
2026-08-29T17:09:07,36660,40192,91.2,175.85,48,21.9,103292,515804,20.0,33.01
2026-08-29T17:09:11,36660,40192,91.2,176.91,48,8.6,94456,515804,18.3,31.16
2026-08-29T17:09:14,36660,40192,91.2,77.01,46,25.3,112139,515804,21.7,31.16
2026-08-29T17:09:18,36660,40192,91.2,172.03,48,8.7,95209,515804,18.5,29.95
2026-08-29T17:09:21,36660,40192,91.2,176.58,48,9.0,94531,515804,18.3,28.43
2026-08-29T17:09:24,36660,40192,91.2,74.23,46,21.7,102865,515804,19.9,28.43
2026-08-29T17:09:28,36660,40192,91.2,178.74,48,9.5,95208,515804,18.5,27.28
2026-08-29T17:09:31,36660,40192,91.2,170.97,48,25.7,110539,515804,21.4,26.37
2026-08-29T17:09:35,36660,40192,91.2,86.80,46,9.7,96037,515804,18.6,26.37
2026-08-29T17:09:38,36660,40192,91.2,75.58,47,11.1,94948,515804,18.4,25.38
2026-08-29T17:09:42,36660,40192,91.2,177.11,48,24.3,102747,515804,19.9,24.23
2026-08-29T17:09:45,36660,40192,91.2,176.58,48,8.9,91314,515804,17.7,24.23
2026-08-29T17:09:48,36660,40192,91.2,80.95,46,24.7,108113,515804,21.0,23.17
2026-08-29T17:09:52,36660,40192,91.2,176.14,48,8.5,92248,515804,17.9,22.28
2026-08-29T17:09:55,36660,40192,91.2,173.98,48,8.4,91686,515804,17.8,22.28
2026-08-29T17:09:59,36660,40192,91.2,85.22,45,19.2,92492,515804,17.9,21.85
2026-08-29T17:10:03,36660,40192,91.2,87.62,45,9.3,91626,515804,17.8,20.90
2026-08-29T17:10:08,36660,40192,91.2,175.00,48,23.8,97026,515804,18.8,20.03
2026-08-29T17:10:11,36660,40192,91.2,179.06,48,8.6,93918,515804,18.2,19.31
2026-08-29T17:10:15,36660,40192,91.2,77.97,45,19.2,102773,515804,19.9,18.80
2026-08-29T17:10:19,36660,40192,91.2,175.53,47,9.4,93621,515804,18.2,18.80
2026-08-29T17:10:22,36660,40192,91.2,176.58,48,24.5,111847,515804,21.7,18.26
2026-08-29T17:10:26,36660,40192,91.2,81.72,47,8.6,94355,515804,18.3,17.60
2026-08-29T17:10:29,36660,40192,91.2,73.99,45,8.4,94159,515804,18.3,17.60
2026-08-29T17:10:33,36660,40192,91.2,178.22,48,22.8,103480,515804,20.1,27.72
2026-08-29T17:10:36,36660,40192,91.2,175.77,48,8.7,94663,515804,18.4,26.30
2026-08-29T17:10:40,36660,40192,91.2,80.95,46,24.9,112609,515804,21.8,26.30
2026-08-29T17:10:43,36660,40192,91.2,175.03,48,9.1,95278,515804,18.5,25.07
2026-08-29T17:10:46,36660,40192,91.2,176.58,48,9.5,95151,515804,18.4,23.95
2026-08-29T17:10:50,36660,40192,91.2,128.13,47,23.3,104218,515804,20.2,23.95
2026-08-29T17:10:53,36660,40192,91.2,75.34,46,9.6,95325,515804,18.5,22.99
2026-08-29T17:10:57,36660,40192,91.2,79.32,45,27.4,113590,515804,22.0,22.43
2026-08-29T17:11:00,36660,40192,91.2,57.44,44,10.3,91483,515804,17.7,21.67
2026-08-29T17:11:04,36660,40192,91.2,135.83,46,8.5,90905,515804,17.6,21.67
2026-08-29T17:11:07,36660,40192,91.2,177.11,48,22.0,96344,515804,18.7,20.82
2026-08-29T17:11:11,36660,40192,91.2,175.32,48,8.8,91891,515804,17.8,20.11
2026-08-29T17:11:14,36660,40192,91.2,79.32,46,24.6,105750,515804,20.5,20.11
2026-08-29T17:11:18,36660,40192,91.2,174.51,48,8.9,92953,515804,18.0,19.38
2026-08-29T17:11:21,36660,40192,91.2,86.56,46,8.4,92082,515804,17.9,18.79
2026-08-29T17:11:24,36660,40192,91.2,96.69,46,21.9,97725,515804,18.9,18.79
2026-08-29T17:11:28,36660,40192,91.2,171.83,48,8.6,93104,515804,18.1,18.09
2026-08-29T17:11:31,36660,40192,91.2,173.69,47,25.2,106937,515804,20.7,27.77
2026-08-29T17:11:35,36660,40192,91.2,175.24,48,9.0,94175,515804,18.3,27.77
2026-08-29T17:11:38,36660,40192,91.2,86.80,46,8.5,93156,515804,18.1,26.27
2026-08-29T17:11:41,36660,40192,91.2,173.66,48,22.2,100825,515804,19.5,25.20
2026-08-29T17:11:45,36660,40192,91.2,62.24,44,8.3,94793,515804,18.4,24.15
2026-08-29T17:11:49,36660,40192,91.2,171.58,48,25.4,104526,515804,20.3,24.15
2026-08-29T17:11:52,36660,40192,91.2,174.27,48,8.8,95816,515804,18.6,23.01
2026-08-29T17:11:56,36660,40192,91.2,85.75,46,20.0,112697,515804,21.8,22.05
2026-08-29T17:11:59,36660,40192,91.2,171.78,48,10.9,95231,515804,18.5,22.05
2026-08-29T17:12:03,36660,40192,91.2,78.55,48,9.4,95835,515804,18.6,21.33
2026-08-29T17:12:06,36660,40192,91.2,79.60,46,25.6,106099,515804,20.6,20.50
2026-08-29T17:12:10,36660,40192,91.2,176.34,48,9.3,97203,515804,18.8,20.50
2026-08-29T17:12:13,36660,40192,91.2,71.60,45,20.5,105848,515804,20.5,19.98
2026-08-29T17:12:18,36660,40192,91.2,91.36,45,11.1,96934,515804,18.8,19.66
2026-08-29T17:12:21,36660,40192,91.2,169.43,48,22.5,108678,515804,21.1,19.04
2026-08-29T17:12:25,36660,40192,91.2,81.19,46,10.9,91412,515804,17.7,19.04
2026-08-29T17:12:29,36660,40192,91.2,66.80,44,16.5,107181,515804,20.8,17.97
2026-08-29T17:12:34,36660,40192,91.2,171.78,48,8.9,92194,515804,17.9,17.97
2026-08-29T17:12:38,36660,40192,91.2,179.27,48,8.6,91287,515804,17.7,17.41
2026-08-29T17:12:41,36660,40192,91.2,76.11,46,24.7,102410,515804,19.9,16.98
2026-08-29T17:12:44,36660,40192,91.2,171.78,48,8.6,93586,515804,18.1,16.98
2026-08-29T17:12:48,36660,40192,91.2,177.64,48,22.1,106643,515804,20.7,16.50
2026-08-29T17:12:51,36660,40192,91.2,95.35,46,8.5,93537,515804,18.1,16.30
2026-08-29T17:12:55,36660,40192,91.2,79.85,46,9.0,92509,515804,17.9,16.30
2026-08-29T17:12:58,36660,40192,91.2,175.85,48,24.2,101860,515804,19.7,25.96
2026-08-29T17:13:02,36660,40192,91.2,178.01,47,8.7,94572,515804,18.3,24.84
2026-08-29T17:13:05,36660,40192,91.2,90.02,46,22.1,107360,515804,20.8,24.84
2026-08-29T17:13:08,36660,40192,91.2,173.37,48,9.3,94252,515804,18.3,23.66
2026-08-29T17:13:12,36660,40192,91.2,170.73,48,8.4,93360,515804,18.1,22.64
2026-08-29T17:13:15,36660,40192,91.2,82.54,46,25.2,102388,515804,19.9,22.64
2026-08-29T17:13:19,36660,40192,91.2,173.37,48,9.5,95435,515804,18.5,21.71
2026-08-29T17:13:22,36660,40192,91.2,176.34,48,23.2,107232,515804,20.8,21.17
2026-08-29T17:13:25,36660,40192,91.2,82.00,46,9.0,95116,515804,18.4,21.17
2026-08-29T17:13:29,36660,40192,91.2,175.32,47,9.1,94167,515804,18.3,20.60
2026-08-29T17:13:32,36660,40192,91.2,175.00,48,27.3,103655,515804,20.1,20.23
2026-08-29T17:13:36,36660,40192,91.2,76.68,46,11.2,95967,515804,18.6,19.65
2026-08-29T17:13:39,36660,40192,91.2,82.30,46,24.5,107098,515804,20.8,19.65
2026-08-29T17:13:42,36660,40192,91.2,177.93,48,8.8,91247,515804,17.7,18.88
2026-08-29T17:13:46,36660,40192,91.2,91.89,46,8.4,90364,515804,17.5,18.41
2026-08-29T17:13:49,36660,40192,91.2,85.22,46,24.9,101517,515804,19.7,18.41
2026-08-29T17:13:53,36660,40192,91.2,175.53,48,8.6,92758,515804,18.0,17.89
2026-08-29T17:13:56,36660,40192,91.2,175.57,48,22.2,105929,515804,20.5,17.42
2026-08-29T17:14:00,36660,40192,91.2,92.42,46,8.6,92469,515804,17.9,17.42
2026-08-29T17:14:03,36660,40192,91.2,176.58,48,8.4,91669,515804,17.8,16.99
2026-08-29T17:14:06,36660,40192,91.2,176.58,48,24.1,100240,515804,19.4,16.67
2026-08-29T17:14:10,36660,40192,91.2,74.52,46,8.5,94040,515804,18.2,16.67
2026-08-29T17:14:13,36660,40192,91.2,176.14,48,22.8,105584,515804,20.5,16.29
2026-08-29T17:14:17,36660,40192,91.2,176.67,48,8.6,93599,515804,18.1,15.87
2026-08-29T17:14:20,36660,40192,91.2,84.93,46,8.4,92745,515804,18.0,15.87
2026-08-29T17:14:24,36660,40192,91.2,87.86,46,25.2,102830,515804,19.9,16.12
2026-08-29T17:14:27,36660,40192,91.2,170.77,48,9.3,94959,515804,18.4,15.79
2026-08-29T17:14:30,36660,40192,91.2,85.99,46,21.5,106091,515804,20.6,15.79
2026-08-29T17:14:34,36660,40192,91.2,176.06,47,8.5,94855,515804,18.4,15.49
2026-08-29T17:14:37,36660,40192,91.2,175.03,48,9.5,93648,515804,18.2,15.77
2026-08-29T17:14:41,36660,40192,91.2,177.43,48,25.4,101457,515804,19.7,15.79
2026-08-29T17:14:44,36660,40192,91.2,86.56,46,8.6,95775,515804,18.6,15.79
2026-08-29T17:14:47,36660,40192,91.2,81.48,46,23.1,107633,515804,20.9,15.56
2026-08-29T17:14:51,36660,40192,91.2,176.58,48,10.7,95311,515804,18.5,15.36
2026-08-29T17:14:54,36660,40192,91.2,82.82,46,11.0,94231,515804,18.3,15.36
2026-08-29T17:14:58,36660,40192,91.2,80.42,46,26.6,98515,515804,19.1,15.81
2026-08-29T17:15:01,36660,40192,91.2,170.97,48,8.9,92033,515804,17.8,15.74
2026-08-29T17:15:04,36660,40192,91.2,173.37,48,21.4,103430,515804,20.1,15.74
2026-08-29T17:15:08,36660,40192,91.2,90.84,46,8.7,91880,515804,17.8,15.85
2026-08-29T17:15:11,36660,40192,91.2,171.50,48,8.7,91017,515804,17.6,15.46
2026-08-29T17:15:15,36660,40192,91.2,175.00,48,24.3,99604,515804,19.3,15.46
2026-08-29T17:15:18,36660,40192,91.2,85.99,46,8.4,93215,515804,18.1,15.10
2026-08-29T17:15:21,36660,40192,91.2,169.96,48,22.4,106666,515804,20.7,24.94
2026-08-29T17:15:25,36660,40192,91.2,173.98,48,8.6,93085,515804,18.0,24.94
2026-08-29T17:15:28,36660,40192,91.2,73.99,46,8.4,92322,515804,17.9,23.91
2026-08-29T17:15:32,36660,40192,91.2,170.73,46,26.1,101694,515804,19.7,23.59
2026-08-29T17:15:35,36660,40192,91.2,177.19,48,8.9,94366,515804,18.3,23.59
2026-08-29T17:15:39,36660,40192,91.2,84.70,46,22.2,106089,515804,20.6,22.58
2026-08-29T17:15:42,36660,40192,91.2,174.18,47,8.5,94144,515804,18.3,22.22
2026-08-29T17:15:45,36660,40192,91.2,174.51,48,9.1,93129,515804,18.1,22.22
2026-08-29T17:15:49,36660,40192,91.2,171.58,48,25.0,102526,515804,19.9,21.48
2026-08-29T17:15:52,36660,40192,91.2,76.92,46,8.5,95320,515804,18.5,20.64
2026-08-29T17:15:55,36660,40192,91.2,173.13,48,23.3,108119,515804,21.0,20.64
2026-08-29T17:15:59,36660,40192,91.2,174.48,48,9.6,94789,515804,18.4,19.87
2026-08-29T17:16:02,36660,40192,91.2,86.56,46,8.8,93989,515804,18.2,19.40
2026-08-29T17:16:06,36660,40192,91.2,82.92,46,25.2,104130,515804,20.2,19.40
2026-08-29T17:16:09,36660,40192,91.2,170.97,48,10.9,95926,515804,18.6,18.72
2026-08-29T17:16:12,36660,40192,91.2,173.69,48,24.0,107274,515804,20.8,18.51
2026-08-29T17:16:16,36660,40192,91.2,96.16,46,10.0,90975,515804,17.6,18.14
2026-08-29T17:16:19,36660,40192,91.2,80.42,46,8.5,90211,515804,17.5,18.14
2026-08-29T17:16:23,36660,40192,91.2,174.48,48,24.9,99408,515804,19.3,17.57
2026-08-29T17:16:26,36660,40192,91.2,173.98,48,8.6,92520,515804,17.9,17.13
2026-08-29T17:16:30,36660,40192,91.2,88.44,46,22.3,104764,515804,20.3,17.13
2026-08-29T17:16:33,36660,40192,91.2,84.40,47,8.5,92316,515804,17.9,17.36
2026-08-29T17:16:36,36660,40192,91.2,172.40,48,8.6,91466,515804,17.7,16.85
2026-08-29T17:16:40,36660,40192,91.2,175.77,48,24.7,100916,515804,19.6,16.85
2026-08-29T17:16:43,36660,40192,91.2,83.35,46,8.6,93811,515804,18.2,16.38
2026-08-29T17:16:47,36660,40192,91.2,176.06,48,22.3,107076,515804,20.8,26.36
2026-08-29T17:16:50,36660,40192,91.2,174.27,48,9.1,93514,515804,18.1,26.36
2026-08-29T17:16:53,36660,40192,91.2,93.24,46,8.5,92533,515804,17.9,25.21
2026-08-29T17:16:57,36660,40192,91.2,172.11,48,24.6,102663,515804,19.9,23.99
2026-08-29T17:17:00,36660,40192,91.2,169.43,48,8.5,94835,515804,18.4,23.99
2026-08-29T17:17:04,36660,40192,91.2,91.07,46,23.4,107049,515804,20.8,22.95
2026-08-29T17:17:07,36660,40192,91.2,175.57,48,8.5,94460,515804,18.3,21.91
2026-08-29T17:17:11,36660,40192,91.2,176.67,48,8.5,93631,515804,18.2,21.91
2026-08-29T17:17:14,36660,40192,91.2,85.75,46,26.0,102187,515804,19.8,21.04
2026-08-29T17:17:17,36660,40192,91.2,176.88,48,9.5,95517,515804,18.5,20.63
2026-08-29T17:17:21,36660,40192,91.2,172.40,48,22.7,107427,515804,20.8,20.26
2026-08-29T17:17:24,36660,40192,91.2,79.32,46,9.2,95268,515804,18.5,20.26
2026-08-29T17:17:28,36660,40192,91.2,176.91,47,11.1,94204,515804,18.3,19.84
2026-08-29T17:17:31,36660,40192,91.2,172.84,48,27.2,103699,515804,20.1,19.45
2026-08-29T17:17:34,36660,40192,91.2,76.68,46,9.6,91827,515804,17.8,19.45
2026-08-29T17:17:38,36660,40192,91.2,82.00,46,22.4,103863,515804,20.1,18.78
2026-08-29T17:17:41,36660,40192,91.2,174.71,48,8.5,91639,515804,17.8,18.07
2026-08-29T17:17:45,36660,40192,91.2,173.69,48,8.4,90840,515804,17.6,18.07
2026-08-29T17:17:48,36660,40192,91.2,80.66,46,25.4,99615,515804,19.3,25.59
2026-08-29T17:17:52,36660,40192,91.2,77.97,46,8.8,93002,515804,18.0,24.51
2026-08-29T17:17:55,36660,40192,91.2,175.77,48,22.4,106097,515804,20.6,24.51
2026-08-29T17:17:58,36660,40192,91.2,73.99,45,8.5,93048,515804,18.0,23.34
2026-08-29T17:18:03,36660,40192,91.2,84.93,45,24.6,112675,515804,21.8,22.36
2026-08-29T17:18:06,36660,40192,91.2,171.78,48,8.9,93891,515804,18.2,21.45
2026-08-29T17:18:10,36660,40192,91.2,174.71,48,8.8,94097,515804,18.2,21.45
2026-08-29T17:18:13,36660,40192,91.2,66.80,44,16.0,94011,515804,18.2,20.61
2026-08-29T17:18:19,36660,40192,91.2,177.72,48,8.4,93176,515804,18.1,19.76
2026-08-29T17:18:22,36660,40192,91.2,176.91,48,25.5,100361,515804,19.5,18.98
2026-08-29T17:18:26,36660,40192,91.2,89.49,46,8.7,95286,515804,18.5,18.34
2026-08-29T17:18:29,36660,40192,91.2,173.90,47,22.6,106772,515804,20.7,18.34
2026-08-29T17:18:33,36660,40192,91.2,172.03,48,9.0,94933,515804,18.4,17.83
2026-08-29T17:18:36,36660,40192,91.2,174.51,47,9.6,93974,515804,18.2,17.36
2026-08-29T17:18:39,36660,40192,91.2,77.45,46,25.8,102809,515804,19.9,17.36
2026-08-29T17:18:43,36660,40192,91.2,172.32,48,9.8,95964,515804,18.6,16.93
2026-08-29T17:18:46,36660,40192,91.2,173.17,48,24.9,108375,515804,21.0,16.38
2026-08-29T17:18:49,36660,40192,91.2,176.91,48,10.9,95358,515804,18.5,16.38
2026-08-29T17:18:53,36660,40192,91.2,85.22,47,8.9,90088,515804,17.5,16.19
2026-08-29T17:18:56,36660,40192,91.2,83.88,46,25.1,101149,515804,19.6,15.93
2026-08-29T17:19:00,36660,40192,91.2,59.55,44,8.2,92743,515804,18.0,15.93
2026-08-29T17:19:04,36660,40192,91.2,88.96,46,21.9,101185,515804,19.6,15.46
2026-08-29T17:19:07,36660,40192,91.2,175.85,47,8.8,92198,515804,17.9,15.10
2026-08-29T17:19:11,36660,40192,91.2,161.61,48,17.6,101870,515804,19.7,25.18
2026-08-29T17:19:14,36660,40192,91.2,86.80,46,15.3,92367,515804,17.9,25.18
2026-08-29T17:19:18,36660,40192,91.2,175.03,47,8.4,93369,515804,18.1,24.05
2026-08-29T17:19:21,36660,40192,91.2,175.24,48,21.5,102436,515804,19.9,23.00
2026-08-29T17:19:25,36660,40192,91.2,95.64,47,9.2,93487,515804,18.1,23.00
2026-08-29T17:19:28,36660,40192,91.2,78.79,45,22.7,109577,515804,21.2,22.04
2026-08-29T17:19:32,36660,40192,91.2,97.22,46,8.4,94435,515804,18.3,21.64
2026-08-29T17:19:35,36660,40192,91.2,175.24,46,8.5,93635,515804,18.2,21.64
2026-08-29T17:19:39,36660,40192,91.2,170.73,48,23.1,103059,515804,20.0,20.70
2026-08-29T17:19:42,36660,40192,91.2,75.34,48,8.7,94418,515804,18.3,19.85
2026-08-29T17:19:46,36660,40192,91.2,175.00,47,23.4,108680,515804,21.1,19.85
2026-08-29T17:19:49,36660,40192,91.2,176.34,48,9.6,95402,515804,18.5,19.22
2026-08-29T17:19:53,36660,40192,91.2,84.40,46,9.5,94370,515804,18.3,18.72
2026-08-29T17:19:56,36660,40192,91.2,172.32,47,22.5,99972,515804,19.4,18.50
2026-08-29T17:19:59,36660,40192,91.2,173.45,48,9.4,95222,515804,18.5,18.50
2026-08-29T17:20:03,36660,40192,91.2,76.39,46,27.4,107211,515804,20.8,18.06
2026-08-29T17:20:06,36660,40192,91.2,94.58,46,11.1,95947,515804,18.6,17.82
2026-08-29T17:20:10,36660,40192,91.2,175.85,48,9.8,90573,515804,17.6,17.82
2026-08-29T17:20:13,36660,40192,91.2,73.46,46,21.7,94969,515804,18.4,17.43
2026-08-29T17:20:17,36660,40192,91.2,176.67,48,8.4,91633,515804,17.8,16.83
2026-08-29T17:20:20,36660,40192,91.2,80.95,46,24.8,104653,515804,20.3,16.83
2026-08-29T17:20:23,36660,40192,91.2,172.03,48,9.1,92741,515804,18.0,16.37
2026-08-29T17:20:27,36660,40192,91.2,173.69,48,8.6,91888,515804,17.8,16.34
2026-08-29T17:20:30,36660,40192,91.2,167.84,45,20.2,92414,515804,17.9,16.34
2026-08-29T17:20:34,36660,40192,91.2,174.51,48,8.6,93278,515804,18.1,16.31
2026-08-29T17:20:38,36660,40192,91.2,88.15,47,24.7,103026,515804,20.0,26.38
2026-08-29T17:20:41,36660,40192,91.2,78.26,45,8.5,94228,515804,18.3,25.22
2026-08-29T17:20:45,36660,40192,91.2,161.42,48,21.4,112771,515804,21.9,25.22
2026-08-29T17:20:48,36660,40192,91.2,179.06,48,8.6,93021,515804,18.0,24.00
2026-08-29T17:20:52,36660,40192,91.2,88.96,45,8.3,93784,515804,18.2,23.28
2026-08-29T17:20:55,36660,40192,91.2,175.24,48,24.9,104125,515804,20.2,23.28
2026-08-29T17:20:58,36660,40192,91.2,95.10,47,9.5,95047,515804,18.4,22.62
2026-08-29T17:21:02,36660,40192,91.2,77.21,46,21.8,111896,515804,21.7,22.01
2026-08-29T17:21:05,36660,40192,91.2,172.92,48,9.7,94411,515804,18.3,22.01
2026-08-29T17:21:09,36660,40192,91.2,177.72,48,9.1,93891,515804,18.2,21.21
2026-08-29T17:21:12,36660,40192,91.2,73.46,45,24.5,104845,515804,20.3,20.39
2026-08-29T17:21:16,36660,40192,91.2,175.53,48,9.7,95853,515804,18.6,20.39
2026-08-29T17:21:19,36660,40192,91.2,175.85,48,23.8,108868,515804,21.1,19.64
2026-08-29T17:21:23,36660,40192,91.2,78.26,46,11.2,95322,515804,18.5,19.19
2026-08-29T17:21:26,36660,40192,91.2,177.19,48,11.3,94246,515804,18.3,18.85
2026-08-29T17:21:29,36660,40192,91.2,172.32,48,25.5,100989,515804,19.6,18.85
2026-08-29T17:21:33,36660,40192,91.2,87.86,46,8.8,92087,515804,17.9,18.22
2026-08-29T17:21:36,36660,40192,91.2,173.17,48,21.4,106282,515804,20.6,17.72
2026-08-29T17:21:40,36660,40192,91.2,177.40,48,8.6,92033,515804,17.8,17.72
2026-08-29T17:21:43,36660,40192,91.2,98.56,48,8.8,91047,515804,17.7,17.18
2026-08-29T17:21:46,36660,40192,91.2,81.19,46,24.3,102175,515804,19.8,17.01
2026-08-29T17:21:50,36660,40192,91.2,176.38,47,8.5,93360,515804,18.1,17.01
2026-08-29T17:21:53,36660,40192,91.2,172.64,48,22.4,108936,515804,21.1,16.53
2026-08-29T17:21:57,36660,40192,91.2,82.82,47,8.6,92994,515804,18.0,16.09
2026-08-29T17:22:00,36660,40192,91.2,83.06,46,8.3,92624,515804,18.0,16.09
2026-08-29T17:22:03,36660,40192,91.2,176.67,47,25.4,103271,515804,20.0,16.08
2026-08-29T17:22:07,36660,40192,91.2,175.00,48,8.6,94343,515804,18.3,15.59
2026-08-29T17:22:10,36660,40192,91.2,91.36,46,21.9,110409,515804,21.4,15.59
2026-08-29T17:22:14,36660,40192,91.2,176.58,48,8.5,94018,515804,18.2,15.22
2026-08-29T17:22:17,36660,40192,91.2,176.67,48,9.3,93128,515804,18.1,14.81
2026-08-29T17:22:20,36660,40192,91.2,76.92,46,24.6,104301,515804,20.2,14.81
2026-08-29T17:22:24,36660,40192,91.2,174.18,47,9.1,95424,515804,18.5,14.50
2026-08-29T17:22:27,36660,40192,91.2,174.48,48,22.5,110091,515804,21.3,14.14
2026-08-29T17:22:31,36660,40192,91.2,175.53,48,9.5,94980,515804,18.4,14.14
2026-08-29T17:22:34,36660,40192,91.2,81.19,46,9.4,94051,515804,18.2,13.89
2026-08-29T17:22:37,36660,40192,91.2,175.77,48,25.8,105281,515804,20.4,13.58
2026-08-29T17:22:41,36660,40192,91.2,83.59,48,11.3,96369,515804,18.7,13.58
2026-08-29T17:22:44,36660,40192,91.2,85.22,46,24.4,110877,515804,21.5,13.85
2026-08-29T17:22:48,36660,40192,91.2,170.44,48,9.7,91865,515804,17.8,13.54
2026-08-29T17:22:51,36660,40192,91.2,173.37,48,8.6,91214,515804,17.7,13.34
2026-08-29T17:22:55,36660,40192,91.2,93.24,46,24.8,102451,515804,19.9,13.34
2026-08-29T17:22:58,36660,40192,91.2,175.32,47,8.7,93724,515804,18.2,13.15
2026-08-29T17:23:01,36660,40192,91.2,171.30,48,22.6,109224,515804,21.2,13.22
2026-08-29T17:23:05,36660,40192,91.2,176.06,48,8.6,93595,515804,18.1,13.22
2026-08-29T17:23:08,36660,40192,91.2,85.32,46,8.5,92937,515804,18.0,13.04
2026-08-29T17:23:12,36660,40192,91.2,176.34,48,24.7,104193,515804,20.2,12.88
2026-08-29T17:23:15,36660,40192,91.2,175.53,48,8.7,93893,515804,18.2,12.88
2026-08-29T17:23:18,36660,40192,91.2,79.60,46,21.8,107403,515804,20.8,12.65
2026-08-29T17:23:22,36660,40192,91.2,170.97,48,9.3,93582,515804,18.1,12.43
2026-08-29T17:23:25,36660,40192,91.2,176.34,48,8.6,92666,515804,18.0,12.43
2026-08-29T17:23:29,36660,40192,91.2,76.39,46,24.2,102442,515804,19.9,22.49
2026-08-29T17:23:32,36660,40192,91.2,172.32,48,8.6,94981,515804,18.4,21.81
2026-08-29T17:23:36,36660,40192,91.2,177.40,48,23.0,107089,515804,20.8,21.81
2026-08-29T17:23:39,36660,40192,91.2,82.30,47,8.8,94654,515804,18.4,20.86
2026-08-29T17:23:42,36660,40192,91.2,174.51,48,8.9,93816,515804,18.2,20.15
2026-08-29T17:23:46,36660,40192,91.2,172.32,48,24.5,98600,515804,19.1,19.82
2026-08-29T17:23:49,36660,40192,91.2,173.17,48,9.5,95744,515804,18.6,19.82
2026-08-29T17:23:53,36660,40192,91.2,82.00,46,23.2,104177,515804,20.2,19.43
2026-08-29T17:23:56,36660,40192,91.2,172.64,48,9.5,95271,515804,18.5,19.08
2026-08-29T17:24:00,36660,40192,91.2,167.84,48,20.3,106003,515804,20.6,19.08
2026-08-29T17:24:03,36660,40192,91.2,79.08,46,17.1,94305,515804,18.3,18.75
2026-08-29T17:24:07,36660,40192,91.2,175.00,48,8.7,92227,515804,17.9,18.05
2026-08-29T17:24:10,36660,40192,91.2,171.26,47,21.6,100615,515804,19.5,18.05
2026-08-29T17:24:14,36660,40192,91.2,96.58,46,8.6,91804,515804,17.8,17.41
2026-08-29T17:24:17,36660,40192,91.2,161.61,48,24.2,111943,515804,21.7,16.89
2026-08-29T17:24:21,36660,40192,91.2,169.72,48,8.9,92065,515804,17.8,16.89
2026-08-29T17:24:24,36660,40192,91.2,76.11,46,8.4,92988,515804,18.0,16.50
2026-08-29T17:24:28,36660,40192,91.2,175.53,48,22.1,101890,515804,19.8,16.14
2026-08-29T17:24:31,36660,40192,91.2,176.34,48,8.6,93076,515804,18.0,15.81
2026-08-29T17:24:35,36660,40192,91.2,81.48,46,24.2,112080,515804,21.7,15.81
2026-08-29T17:24:38,36660,40192,91.2,173.17,48,9.0,93735,515804,18.2,15.34
2026-08-29T17:24:41,36660,40192,91.2,175.85,48,9.0,94129,515804,18.2,15.08
2026-08-29T17:24:45,36660,40192,91.2,82.00,47,23.1,103016,515804,20.0,15.08
2026-08-29T17:24:48,36660,40192,91.2,79.60,46,8.7,94126,515804,18.2,14.83
2026-08-29T17:24:51,36660,40192,91.2,163.48,48,24.8,113696,515804,22.0,25.57
2026-08-29T17:24:55,36660,40192,91.2,175.03,48,9.5,94425,515804,18.3,25.57
2026-08-29T17:24:58,36660,40192,91.2,76.11,46,8.5,95178,515804,18.5,24.41
2026-08-29T17:25:02,36660,40192,91.2,178.74,48,22.8,103817,515804,20.1,23.65
2026-08-29T17:25:05,36660,40192,91.2,170.15,48,9.0,94962,515804,18.4,23.65
2026-08-29T17:25:09,36660,40192,91.2,80.66,46,24.4,111791,515804,21.7,22.56
2026-08-29T17:25:12,36660,40192,91.2,86.28,46,9.5,95822,515804,18.6,21.71
2026-08-29T17:25:16,36660,40192,91.2,175.03,48,10.5,94861,515804,18.4,21.71
2026-08-29T17:25:19,36660,40192,91.2,99.90,48,24.6,104487,515804,20.3,21.10
2026-08-29T17:25:22,36660,40192,91.2,172.03,48,10.4,90832,515804,17.6,20.61
2026-08-29T17:25:26,36660,40192,91.2,178.53,48,25.3,108066,515804,21.0,20.61
2026-08-29T17:25:29,36660,40192,91.2,177.64,48,9.1,92254,515804,17.9,19.76
2026-08-29T17:25:33,36660,40192,91.2,81.72,46,8.4,91456,515804,17.7,19.22
2026-08-29T17:25:36,36660,40192,91.2,170.24,48,21.8,100017,515804,19.4,18.64
2026-08-29T17:25:40,36660,40192,91.2,176.58,48,8.7,92345,515804,17.9,18.64
2026-08-29T17:25:43,36660,40192,91.2,86.80,46,25.2,108597,515804,21.1,17.95
2026-08-29T17:25:46,36660,40192,91.2,170.44,48,8.6,93486,515804,18.1,17.47
2026-08-29T17:25:50,36660,40192,91.2,174.48,48,8.4,92681,515804,18.0,17.47
2026-08-29T17:25:53,36660,40192,91.2,77.45,47,22.0,100911,515804,19.6,16.95
2026-08-29T17:25:57,36660,40192,91.2,79.60,46,9.2,93600,515804,18.1,16.71
2026-08-29T17:26:00,36660,40192,91.2,84.12,46,25.2,109477,515804,21.2,16.71
2026-08-29T17:26:03,36660,40192,91.2,177.11,48,8.6,94588,515804,18.3,16.18
2026-08-29T17:26:07,36660,40192,91.2,173.69,48,8.4,93755,515804,18.2,15.84
2026-08-29T17:26:10,36660,40192,91.2,78.55,46,22.8,102849,515804,19.9,15.84
2026-08-29T17:26:14,36660,40192,91.2,56.33,44,8.2,93473,515804,18.1,15.45
2026-08-29T17:26:19,36660,40192,91.2,170.44,48,25.3,101053,515804,19.6,25.19
2026-08-29T17:26:22,36660,40192,91.2,179.30,48,8.9,95538,515804,18.5,24.13
2026-08-29T17:26:26,36660,40192,91.2,97.22,46,23.3,107084,515804,20.8,24.13
2026-08-29T17:26:29,36660,40192,91.2,173.13,48,9.8,95196,515804,18.5,23.24
2026-08-29T17:26:33,36660,40192,91.2,97.50,48,9.6,94183,515804,18.3,22.50
2026-08-29T17:26:36,36660,40192,91.2,81.48,46,27.4,103338,515804,20.0,22.50
2026-08-29T17:26:39,36660,40192,91.2,175.24,47,11.2,96066,515804,18.6,21.74
2026-08-29T17:26:43,36660,40192,91.2,169.92,48,23.5,103558,515804,20.1,20.80
2026-08-29T17:26:46,36660,40192,91.2,174.18,48,8.8,91413,515804,17.7,20.09
2026-08-29T17:26:50,36660,40192,91.2,175.03,48,8.4,90575,515804,17.6,20.09
2026-08-29T17:26:53,36660,40192,91.2,81.72,46,24.9,101666,515804,19.7,19.29
2026-08-29T17:26:56,36660,40192,91.2,176.34,47,8.9,92811,515804,18.0,18.54
2026-08-29T17:27:00,36660,40192,91.2,63.29,44,19.0,101539,515804,19.7,18.54
2026-08-29T17:27:04,36660,40192,91.2,173.69,48,8.5,92692,515804,18.0,18.10
2026-08-29T17:27:08,36660,40192,91.2,173.90,48,17.0,101990,515804,19.8,17.61
2026-08-29T17:27:11,36660,40192,91.2,83.06,46,15.9,93845,515804,18.2,17.61
2026-08-29T17:27:14,36660,40192,91.2,78.79,45,8.4,94589,515804,18.3,16.92
2026-08-29T17:27:18,36660,40192,91.2,177.43,48,22.6,102673,515804,19.9,26.78
2026-08-29T17:27:21,36660,40192,91.2,81.19,46,8.5,93798,515804,18.2,25.51
2026-08-29T17:27:25,36660,40192,91.2,75.05,45,22.7,112563,515804,21.8,25.51
2026-08-29T17:27:28,36660,40192,91.2,79.85,46,10.0,94940,515804,18.4,24.35
2026-08-29T17:27:33,36660,40192,91.2,77.21,45,19.7,111833,515804,21.7,23.20
2026-08-29T17:27:37,36660,40192,91.2,176.91,48,10.4,94045,515804,18.2,22.14
2026-08-29T17:27:40,36660,40192,91.2,75.34,46,9.4,94630,515804,18.3,22.14
2026-08-29T17:27:44,36660,40192,91.2,58.21,44,19.0,95484,515804,18.5,21.17
2026-08-29T17:27:49,36660,40192,91.2,171.50,48,9.4,94723,515804,18.4,20.60
2026-08-29T17:27:53,36660,40192,91.2,173.69,48,23.8,104382,515804,20.2,20.31
2026-08-29T17:27:56,36660,40192,91.2,76.39,46,11.0,95297,515804,18.5,20.31
2026-08-29T17:27:59,36660,40192,91.2,176.34,47,25.8,106887,515804,20.7,19.88
2026-08-29T17:28:03,36660,40192,91.2,176.14,48,8.9,91794,515804,17.8,19.33
2026-08-29T17:28:06,36660,40192,91.2,79.32,47,8.5,91125,515804,17.7,18.98
2026-08-29T17:28:10,36660,40192,91.2,93.24,46,22.1,100959,515804,19.6,18.98
2026-08-29T17:28:13,36660,40192,91.2,176.91,48,8.8,92219,515804,17.9,18.34
2026-08-29T17:28:17,36660,40192,91.2,174.71,48,25.1,108923,515804,21.1,23.04
2026-08-29T17:28:20,36660,40192,91.2,78.79,46,8.6,92983,515804,18.0,23.04
2026-08-29T17:28:23,36660,40192,91.2,174.48,47,8.4,92331,515804,17.9,22.00
2026-08-29T17:28:27,36660,40192,91.2,173.69,48,22.2,102134,515804,19.8,21.12
2026-08-29T17:28:30,36660,40192,91.2,58.49,44,8.3,93463,515804,18.1,21.12
2026-08-29T17:28:34,36660,40192,91.2,172.60,47,24.7,104516,515804,20.3,20.31
2026-08-29T17:28:38,36660,40192,91.2,177.64,48,8.6,94297,515804,18.3,19.56
2026-08-29T17:28:41,36660,40192,91.2,80.95,47,9.4,94974,515804,18.4,19.56
2026-08-29T17:28:44,36660,40192,91.2,85.22,45,20.8,95885,515804,18.6,29.21
2026-08-29T17:28:48,36660,40192,91.2,172.11,48,9.3,94261,515804,18.3,28.15
2026-08-29T17:28:51,36660,40192,91.2,79.08,48,24.4,104823,515804,20.3,26.85
2026-08-29T17:28:55,36660,40192,91.2,79.32,46,8.4,95359,515804,18.5,26.85
2026-08-29T17:28:58,36660,40192,91.2,162.77,48,14.0,102092,515804,19.8,25.82
2026-08-29T17:29:02,36660,40192,91.2,88.68,46,18.1,95583,515804,18.5,24.64
2026-08-29T17:29:05,36660,40192,91.2,99.90,46,9.5,94949,515804,18.4,24.64
2026-08-29T17:29:08,36660,40192,91.2,177.40,48,24.0,105102,515804,20.4,23.62
2026-08-29T17:29:12,36660,40192,91.2,79.32,47,11.4,95951,515804,18.6,22.93
2026-08-29T17:29:15,36660,40192,91.2,83.59,46,17.6,104496,515804,20.3,22.93
2026-08-29T17:29:19,36660,40192,91.2,171.78,48,16.4,91149,515804,17.7,22.30
2026-08-29T17:29:22,36660,40192,91.2,176.67,48,8.8,91518,515804,17.7,21.47
2026-08-29T17:29:25,36660,40192,91.2,97.50,46,24.9,101299,515804,19.6,21.47
2026-08-29T17:29:29,36660,40192,91.2,176.06,47,8.7,92585,515804,17.9,20.55
2026-08-29T17:29:32,36660,40192,91.2,175.03,48,15.1,101114,515804,19.6,20.11
2026-08-29T17:29:36,36660,40192,91.2,84.70,46,15.0,92326,515804,17.9,20.11
2026-08-29T17:29:39,36660,40192,91.2,87.33,46,8.6,92681,515804,18.0,19.46
2026-08-29T17:29:42,36660,40192,91.2,175.24,48,25.4,102674,515804,19.9,21.35
2026-08-29T17:29:46,36660,40192,91.2,177.40,48,8.5,93859,515804,18.2,21.35
2026-08-29T17:29:49,36660,40192,91.2,79.32,46,15.1,102692,515804,19.9,20.52
2026-08-29T17:29:53,36660,40192,91.2,173.98,47,15.8,93317,515804,18.1,19.67
2026-08-29T17:29:56,36660,40192,91.2,177.19,48,8.7,93862,515804,18.2,19.67
2026-08-29T17:30:00,36660,40192,91.2,79.32,47,24.9,103740,515804,20.1,19.22
2026-08-29T17:30:03,36660,40192,91.2,78.55,46,8.7,94896,515804,18.4,18.56
2026-08-29T17:30:06,36660,40192,91.2,156.92,48,21.2,112594,515804,21.8,28.29
2026-08-29T17:30:10,36660,40192,91.2,79.08,46,9.6,93620,515804,18.2,28.29
2026-08-29T17:30:13,36660,40192,91.2,172.03,48,8.9,94513,515804,18.3,26.90
2026-08-29T17:30:17,36660,40192,91.2,174.79,48,25.3,104603,515804,20.3,25.63
2026-08-29T17:30:20,36660,40192,91.2,75.34,46,9.6,95612,515804,18.5,25.63
2026-08-29T17:30:24,36660,40192,91.2,170.44,46,22.9,112615,515804,21.8,24.70
2026-08-29T17:30:27,36660,40192,91.2,171.50,48,9.7,94847,515804,18.4,23.92
2026-08-29T17:30:31,36660,40192,91.2,171.06,48,11.6,94322,515804,18.3,23.92
2026-08-29T17:30:34,36660,40192,91.2,80.14,46,27.3,105113,515804,20.4,22.89
2026-08-29T17:30:37,36660,40192,91.2,172.60,47,8.9,91872,515804,17.8,22.41
2026-08-29T17:30:41,36660,40192,91.2,175.24,48,22.0,108878,515804,21.1,22.41
2026-08-29T17:30:44,36660,40192,91.2,76.68,46,8.5,91370,515804,17.7,21.42
2026-08-29T17:30:48,36660,40192,91.2,173.98,47,8.4,91781,515804,17.8,20.66
2026-08-29T17:30:51,36660,40192,91.2,177.19,48,25.3,101892,515804,19.8,20.66
2026-08-29T17:30:55,36660,40192,91.2,82.30,46,8.6,93047,515804,18.0,19.81
2026-08-29T17:30:58,36660,40192,91.2,177.43,47,22.0,110612,515804,21.4,19.18
2026-08-29T17:31:01,36660,40192,91.2,174.27,48,8.7,92464,515804,17.9,18.53
2026-08-29T17:31:05,36660,40192,91.2,74.89,47,8.5,93120,515804,18.1,18.53
2026-08-29T17:31:08,36660,40192,91.2,79.08,46,24.9,103403,515804,20.0,28.34
2026-08-29T17:31:12,36660,40192,91.2,173.45,48,9.1,94211,515804,18.3,27.03
2026-08-29T17:31:15,36660,40192,91.2,151.20,48,21.9,112000,515804,21.7,27.03
2026-08-29T17:31:18,36660,40192,91.2,79.08,47,10.3,93790,515804,18.2,25.82
2026-08-29T17:31:22,36660,40192,91.2,82.30,46,9.1,94171,515804,18.3,24.64
2026-08-29T17:31:25,36660,40192,91.2,170.73,48,25.2,104157,515804,20.2,24.64
2026-08-29T17:31:29,36660,40192,91.2,168.90,48,8.7,95313,515804,18.5,23.79
2026-08-29T17:31:32,36660,40192,91.2,84.12,46,23.0,112170,515804,21.7,33.17
2026-08-29T17:31:36,36660,40192,91.2,177.11,48,8.8,94459,515804,18.3,33.17
2026-08-29T17:31:39,36660,40192,91.2,171.58,48,9.3,94933,515804,18.4,31.48
2026-08-29T17:31:42,36660,40192,91.2,175.53,47,25.5,104944,515804,20.3,29.76
2026-08-29T17:31:46,36660,40192,91.2,80.42,46,10.3,95965,515804,18.6,29.76
2026-08-29T17:31:49,36660,40192,91.2,178.46,48,24.5,112538,515804,21.8,28.57
2026-08-29T17:31:53,36660,40192,91.2,172.92,48,10.5,90429,515804,17.5,27.49
2026-08-29T17:31:56,36660,40192,91.2,83.59,46,8.6,90501,515804,17.5,27.49
2026-08-29T17:32:00,36660,40192,91.2,160.89,47,25.2,101276,515804,19.6,26.49
2026-08-29T17:32:03,36660,40192,91.2,170.44,48,8.7,92459,515804,17.9,25.33
2026-08-29T17:32:06,36660,40192,91.2,79.32,46,20.9,108521,515804,21.0,24.26
2026-08-29T17:32:10,36660,40192,91.2,176.91,47,8.9,92005,515804,17.8,24.26
2026-08-29T17:32:13,36660,40192,91.2,176.91,48,8.5,91858,515804,17.8,23.12
2026-08-29T17:32:17,36660,40192,91.2,169.63,48,24.4,102557,515804,19.9,22.63
2026-08-29T17:32:20,36660,40192,91.2,78.26,46,8.5,93716,515804,18.2,22.63
2026-08-29T17:32:24,36660,40192,91.2,176.38,48,21.9,109328,515804,21.2,21.78
2026-08-29T17:32:27,36660,40192,91.2,172.60,48,9.2,93316,515804,18.1,21.47
2026-08-29T17:32:30,36660,40192,91.2,95.64,46,8.4,92496,515804,17.9,21.47
2026-08-29T17:32:34,36660,40192,91.2,170.44,47,24.8,103625,515804,20.1,30.72
2026-08-29T17:32:37,36660,40192,91.2,173.69,48,8.6,94790,515804,18.4,29.39
2026-08-29T17:32:41,36660,40192,91.2,80.66,46,22.7,110955,515804,21.5,29.39
2026-08-29T17:32:44,36660,40192,91.2,175.24,47,8.7,94175,515804,18.3,27.91
2026-08-29T17:32:47,36660,40192,91.2,175.53,48,8.4,93601,515804,18.1,26.48
2026-08-29T17:32:51,36660,40192,91.2,83.88,47,25.2,104562,515804,20.3,26.48
2026-08-29T17:32:54,36660,40192,91.2,175.57,47,9.4,95457,515804,18.5,25.16
2026-08-29T17:32:58,36660,40192,91.2,171.26,48,21.7,112069,515804,21.7,24.10
2026-08-29T17:33:01,36660,40192,91.2,92.70,47,9.6,94998,515804,18.4,24.10
2026-08-29T17:33:04,36660,40192,91.2,75.86,45,10.5,94240,515804,18.3,23.13
2026-08-29T17:33:08,36660,40192,91.2,175.57,48,27.1,105124,515804,20.4,22.40
2026-08-29T17:33:11,36660,40192,91.2,174.51,48,10.0,91540,515804,17.7,22.40
2026-08-29T17:33:15,36660,40192,91.2,88.15,46,21.7,107144,515804,20.8,21.81
2026-08-29T17:33:18,36660,40192,91.2,170.44,48,8.5,91376,515804,17.7,20.94
2026-08-29T17:33:22,36660,40192,91.2,174.27,48,8.3,90799,515804,17.6,20.15
2026-08-29T17:33:25,36660,40192,91.2,91.07,47,25.0,101933,515804,19.8,20.15
2026-08-29T17:33:28,36660,40192,91.2,76.39,46,8.6,93123,515804,18.1,19.33
2026-08-29T17:33:32,36660,40192,91.2,174.71,48,22.2,109673,515804,21.3,29.40
2026-08-29T17:33:35,36660,40192,91.2,172.32,48,8.7,92908,515804,18.0,29.40
2026-08-29T17:33:39,36660,40192,91.2,76.92,46,8.4,92992,515804,18.0,28.48
2026-08-29T17:33:42,36660,40192,91.2,171.26,48,24.7,103996,515804,20.2,27.08
2026-08-29T17:33:46,36660,40192,91.2,175.53,48,9.3,95127,515804,18.4,27.08
2026-08-29T17:33:49,36660,40192,91.2,172.64,48,22.0,111915,515804,21.7,25.88
2026-08-29T17:33:52,36660,40192,91.2,172.84,47,8.6,94774,515804,18.4,24.60
2026-08-29T17:33:56,36660,40192,91.2,176.88,48,8.5,94393,515804,18.3,24.60
2026-08-29T17:33:59,36660,40192,91.2,156.82,47,22.7,100078,515804,19.4,34.89
2026-08-29T17:34:03,36660,40192,91.2,79.60,46,8.5,96661,515804,18.7,32.89
2026-08-29T17:34:07,36660,40192,91.2,177.64,48,22.0,105494,515804,20.5,31.62
2026-08-29T17:34:10,36660,40192,91.2,173.13,48,9.1,94961,515804,18.4,31.62
2026-08-29T17:34:13,36660,40192,91.2,60.08,44,18.8,104979,515804,20.4,30.29
2026-08-29T17:34:19,36660,40192,91.2,174.48,48,9.3,96030,515804,18.6,28.82
2026-08-29T17:34:22,36660,40192,91.2,158.16,48,24.3,114013,515804,22.1,27.72
2026-08-29T17:34:26,36660,40192,91.2,82.82,46,11.1,94731,515804,18.4,27.72
2026-08-29T17:34:29,36660,40192,91.2,171.06,48,10.0,90693,515804,17.6,26.62
2026-08-29T17:34:33,36660,40192,91.2,172.32,48,25.0,101173,515804,19.6,25.29
2026-08-29T17:34:36,36660,40192,91.2,176.88,48,8.7,92278,515804,17.9,25.29
2026-08-29T17:34:40,36660,40192,91.2,94.82,46,21.2,110111,515804,21.3,24.06
2026-08-29T17:34:43,36660,40192,91.2,174.79,48,8.6,91532,515804,17.7,23.02
2026-08-29T17:34:47,36660,40192,91.2,176.34,48,8.7,91862,515804,17.8,22.13
2026-08-29T17:34:50,36660,40192,91.2,175.53,47,25.0,102082,515804,19.8,22.13
2026-08-29T17:34:53,36660,40192,91.2,75.05,46,8.5,93243,515804,18.1,21.48
2026-08-29T17:34:57,36660,40192,91.2,175.32,48,22.0,110396,515804,21.4,30.81
2026-08-29T17:35:00,36660,40192,91.2,55.28,44,8.2,93242,515804,18.1,30.81
2026-08-29T17:35:04,36660,40192,91.2,165.69,47,9.0,92287,515804,17.9,29.31
2026-08-29T17:35:07,36660,40192,91.2,175.24,48,25.0,103089,515804,20.0,27.92
2026-08-29T17:35:11,36660,40192,91.2,74.52,45,8.5,93487,515804,18.1,26.72
2026-08-29T17:35:16,36660,40192,91.2,80.42,48,22.6,103315,515804,20.0,26.72
2026-08-29T17:35:19,36660,40192,91.2,76.92,46,9.5,94253,515804,18.3,25.47
2026-08-29T17:35:23,36660,40192,91.2,176.88,48,24.7,111374,515804,21.6,24.63
2026-08-29T17:35:26,36660,40192,91.2,178.46,48,9.2,95289,515804,18.5,24.63
2026-08-29T17:35:30,36660,40192,91.2,84.70,46,9.3,94372,515804,18.3,23.86
2026-08-29T17:35:33,36660,40192,91.2,83.06,46,23.1,100852,515804,19.6,22.91
2026-08-29T17:35:37,36660,40192,91.2,173.13,48,9.5,95063,515804,18.4,22.19
2026-08-29T17:35:40,36660,40192,91.2,177.43,48,25.7,109043,515804,21.1,22.19
2026-08-29T17:35:44,36660,40192,91.2,58.49,44,10.8,95874,515804,18.6,21.62
2026-08-29T17:35:49,36660,40192,91.2,87.10,45,23.2,100009,515804,19.4,21.41
2026-08-29T17:35:52,36660,40192,91.2,176.88,48,8.8,91299,515804,17.7,20.57
2026-08-29T17:35:56,36660,40192,91.2,163.24,48,9.5,90262,515804,17.5,20.57
2026-08-29T17:35:59,36660,40192,91.2,75.58,45,23.0,94678,515804,18.4,19.81
2026-08-29T17:36:03,36660,40192,91.2,174.71,48,8.9,92664,515804,18.0,19.42
2026-08-29T17:36:06,36660,40192,91.2,175.77,48,21.9,101371,515804,19.7,19.42
2026-08-29T17:36:10,36660,40192,91.2,79.60,46,8.5,92465,515804,17.9,18.75
2026-08-29T17:36:13,36660,40192,91.2,176.58,48,13.0,95814,515804,18.6,18.13
2026-08-29T17:36:17,36660,40192,91.2,88.96,45,17.2,93833,515804,18.2,18.52
2026-08-29T17:36:21,36660,40192,91.2,176.34,47,8.8,93197,515804,18.1,18.52
2026-08-29T17:36:25,36660,40192,91.2,170.73,48,22.2,99500,515804,19.3,28.08
2026-08-29T17:36:28,36660,40192,91.2,75.86,48,8.5,93742,515804,18.2,26.72
2026-08-29T17:36:31,36660,40192,91.2,59.55,44,18.0,96125,515804,18.6,25.70
2026-08-29T17:36:37,36660,40192,91.2,177.11,48,9.6,94856,515804,18.4,24.44
2026-08-29T17:36:41,36660,40192,91.2,173.90,48,21.8,103599,515804,20.1,24.44
2026-08-29T17:36:44,36660,40192,91.2,92.42,46,9.1,94699,515804,18.4,23.44
2026-08-29T17:36:47,36660,40192,91.2,161.95,48,18.9,107558,515804,20.9,22.37
2026-08-29T17:36:51,36660,40192,91.2,77.21,47,14.4,95057,515804,18.4,22.37
2026-08-29T17:36:55,36660,40192,91.2,83.35,46,9.3,95534,515804,18.5,21.54
2026-08-29T17:36:58,36660,40192,91.2,175.57,48,23.7,104313,515804,20.2,21.09
2026-08-29T17:37:01,36660,40192,91.2,176.14,48,11.1,95245,515804,18.5,21.09
2026-08-29T17:37:05,36660,40192,91.2,78.55,46,26.3,110142,515804,21.4,20.52
2026-08-29T17:37:08,36660,40192,91.2,170.15,47,8.8,91142,515804,17.7,19.68
2026-08-29T17:37:12,36660,40192,91.2,177.19,48,8.5,91829,515804,17.8,18.99
2026-08-29T17:37:15,36660,40192,91.2,78.79,46,21.8,100868,515804,19.6,18.99
2026-08-29T17:37:19,36660,40192,91.2,86.56,46,8.5,92036,515804,17.8,18.35
2026-08-29T17:37:22,36660,40192,91.2,169.10,48,24.4,111499,515804,21.6,28.01
2026-08-29T17:37:26,36660,40192,91.2,77.97,47,8.6,92543,515804,17.9,28.01
2026-08-29T17:37:29,36660,40192,91.2,85.75,45,8.4,92819,515804,18.0,26.89
2026-08-29T17:37:33,36660,40192,91.2,178.77,48,22.0,102081,515804,19.8,25.53
2026-08-29T17:37:36,36660,40192,91.2,95.10,47,8.6,93306,515804,18.1,25.53
2026-08-29T17:37:39,36660,40192,91.2,76.39,45,24.5,110385,515804,21.4,24.29
2026-08-29T17:37:43,36660,40192,91.2,174.51,48,8.7,93899,515804,18.2,23.23
2026-08-29T17:37:46,36660,40192,91.2,90.31,47,8.4,93250,515804,18.1,23.23
2026-08-29T17:37:50,36660,40192,91.2,77.21,46,21.8,103091,515804,20.0,22.17
2026-08-29T17:37:53,36660,40192,91.2,175.32,48,9.4,94123,515804,18.2,21.35
2026-08-29T17:37:56,36660,40192,91.2,175.00,48,24.4,111475,515804,21.6,21.35
2026-08-29T17:38:00,36660,40192,91.2,81.29,46,8.4,94876,515804,18.4,20.44
2026-08-29T17:38:03,36660,40192,91.2,178.53,48,9.3,94168,515804,18.3,20.17
2026-08-29T17:38:07,36660,40192,91.2,176.14,48,22.9,103791,515804,20.1,20.17
2026-08-29T17:38:10,36660,40192,91.2,87.33,46,8.6,95022,515804,18.4,19.75
2026-08-29T17:38:13,36660,40192,91.2,174.18,48,25.1,112440,515804,21.8,19.05
2026-08-29T17:38:17,36660,40192,91.2,177.19,48,10.6,95444,515804,18.5,18.49
2026-08-29T17:38:20,36660,40192,91.2,83.35,46,11.1,95709,515804,18.6,18.49
2026-08-29T17:38:24,36660,40192,91.2,83.35,45,24.0,103255,515804,20.0,22.61
2026-08-29T17:38:27,36660,40192,91.2,172.60,48,8.8,91173,515804,17.7,21.68
2026-08-29T17:38:31,36660,40192,91.2,172.11,48,24.5,109935,515804,21.3,21.68
2026-08-29T17:38:34,36660,40192,91.2,87.62,46,8.6,91806,515804,17.8,20.75
2026-08-29T17:38:37,36660,40192,91.2,173.90,48,8.5,91577,515804,17.8,19.81
2026-08-29T17:38:41,36660,40192,91.2,174.51,48,22.3,101199,515804,19.6,19.81
2026-08-29T17:38:44,36660,40192,91.2,77.21,46,8.6,92341,515804,17.9,19.10
2026-08-29T17:38:48,36660,40192,91.2,177.64,48,24.8,109953,515804,21.3,18.29
2026-08-29T17:38:51,36660,40192,91.2,177.93,48,8.6,93459,515804,18.1,18.29
2026-08-29T17:38:55,36660,40192,91.2,93.76,46,8.3,92687,515804,18.0,17.63
2026-08-29T17:38:58,36660,40192,91.2,174.79,48,22.1,102518,515804,19.9,17.10
2026-08-29T17:39:02,36660,40192,91.2,177.64,49,9.2,93409,515804,18.1,16.77
2026-08-29T17:39:05,36660,40192,91.2,98.04,46,24.9,109181,515804,21.2,16.77
2026-08-29T17:39:08,36660,40192,91.2,175.24,48,8.6,94542,515804,18.3,16.31
2026-08-29T17:39:12,36660,40192,91.2,173.69,48,8.4,93701,515804,18.2,15.88
2026-08-29T17:39:15,36660,40192,91.2,92.18,46,22.7,100904,515804,19.6,15.88
2026-08-29T17:39:19,36660,40192,91.2,173.13,47,8.6,94491,515804,18.3,15.49
2026-08-29T17:39:22,36660,40192,91.2,171.50,48,25.6,109369,515804,21.2,15.61
2026-08-29T17:39:25,36660,40192,91.2,174.51,48,9.1,95444,515804,18.5,15.61
2026-08-29T17:39:29,36660,40192,91.2,94.29,46,9.7,94457,515804,18.3,15.48
2026-08-29T17:39:32,36660,40192,91.2,176.34,47,23.1,101692,515804,19.7,15.44
2026-08-29T17:39:36,36660,40192,91.2,173.98,48,9.4,95186,515804,18.5,15.44
2026-08-29T17:39:39,36660,40192,91.2,79.60,46,27.3,110150,515804,21.4,15.33
2026-08-29T17:39:42,36660,40192,91.2,81.48,46,11.1,95864,515804,18.6,15.22
2026-08-29T17:39:46,36660,40192,91.2,175.53,48,9.2,90579,515804,17.6,15.22
2026-08-29T17:39:49,36660,40192,91.2,79.60,47,21.9,98264,515804,19.1,25.29
2026-08-29T17:39:53,36660,40192,91.2,73.99,46,8.5,91556,515804,17.8,24.07
2026-08-29T17:39:56,36660,40192,91.2,171.50,47,24.8,107659,515804,20.9,24.07
2026-08-29T17:39:59,36660,40192,91.2,170.15,48,8.7,92681,515804,18.0,23.02
2026-08-29T17:40:03,36660,40192,91.2,87.86,46,8.4,91843,515804,17.8,22.14
2026-08-29T17:40:06,36660,40192,91.2,172.32,48,21.7,99817,515804,19.4,22.14
2026-08-29T17:40:10,36660,40192,91.2,173.69,48,8.7,92871,515804,18.0,21.73
2026-08-29T17:40:13,36660,40192,91.2,96.16,46,25.3,109275,515804,21.2,20.87
2026-08-29T17:40:16,36660,40192,91.2,177.19,48,8.5,94075,515804,18.2,20.87
2026-08-29T17:40:20,36660,40192,91.2,172.40,48,9.1,92938,515804,18.0,20.08
2026-08-29T17:40:23,36660,40192,91.2,75.05,46,22.1,101522,515804,19.7,19.27
2026-08-29T17:40:27,36660,40192,91.2,175.53,48,8.6,93931,515804,18.2,19.27
2026-08-29T17:40:30,36660,40192,91.2,173.17,48,25.1,110087,515804,21.3,18.61
2026-08-29T17:40:33,36660,40192,91.2,80.95,46,9.4,94893,515804,18.4,18.08
2026-08-29T17:40:37,36660,40192,91.2,176.34,48,8.4,94043,515804,18.2,17.51
2026-08-29T17:40:40,36660,40192,91.2,172.40,48,22.8,102007,515804,19.8,17.51
2026-08-29T17:40:44,36660,40192,91.2,90.84,46,8.8,94794,515804,18.4,16.99
2026-08-29T17:40:47,36660,40192,91.2,173.45,47,26.0,111247,515804,21.6,16.59
2026-08-29T17:40:50,36660,40192,91.2,176.88,48,9.6,95632,515804,18.5,16.59
2026-08-29T17:40:54,36660,40192,91.2,82.82,46,9.4,94758,515804,18.4,15.98
2026-08-29T17:40:57,36660,40192,91.2,169.72,48,23.9,103700,515804,20.1,15.74
2026-08-29T17:41:01,36660,40192,91.2,171.50,48,11.1,95290,515804,18.5,15.74
2026-08-29T17:41:04,36660,40192,91.2,82.30,46,25.2,107054,515804,20.8,15.28
2026-08-29T17:41:07,36660,40192,91.2,177.19,48,8.6,92001,515804,17.8,14.94
2026-08-29T17:41:11,36660,40192,91.2,174.27,48,8.4,91194,515804,17.7,14.94
2026-08-29T17:41:14,36660,40192,91.2,172.84,47,22.4,100299,515804,19.4,24.87
2026-08-29T17:41:18,36660,40192,91.2,93.24,46,8.9,92061,515804,17.8,23.84
2026-08-29T17:41:21,36660,40192,91.2,78.79,46,24.8,108944,515804,21.1,23.84
2026-08-29T17:41:24,36660,40192,91.2,177.64,48,8.7,93069,515804,18.0,22.81
2026-08-29T17:41:28,36660,40192,91.2,88.96,47,8.5,92728,515804,18.0,21.87
2026-08-29T17:41:31,36660,40192,91.2,98.85,46,22.2,102291,515804,19.8,21.87
2026-08-29T17:41:35,36660,40192,91.2,176.58,48,8.6,93485,515804,18.1,21.00
2026-08-29T17:41:38,36660,40192,91.2,179.51,48,25.2,111455,515804,21.6,20.12
2026-08-29T17:41:41,36660,40192,91.2,91.89,46,8.5,94129,515804,18.2,20.12
2026-08-29T17:41:45,36660,40192,91.2,177.19,48,8.3,93477,515804,18.1,19.31
2026-08-29T17:41:48,36660,40192,91.2,171.78,49,22.1,102912,515804,20.0,18.72
2026-08-29T17:41:52,36660,40192,91.2,80.42,46,9.4,94262,515804,18.3,18.72
2026-08-29T17:41:55,36660,40192,91.2,169.72,48,24.7,110864,515804,21.5,18.18
2026-08-29T17:41:59,36660,40192,91.2,175.57,48,9.4,95165,515804,18.4,17.53
2026-08-29T17:42:02,36660,40192,91.2,83.59,46,13.7,103247,515804,20.0,17.48
2026-08-29T17:42:06,36660,40192,91.2,152.66,46,16.5,95385,515804,18.5,17.48
2026-08-29T17:42:10,36660,40192,91.2,176.91,48,9.6,95296,515804,18.5,17.36
2026-08-29T17:42:13,36660,40192,91.2,176.88,48,27.0,104914,515804,20.3,16.77
2026-08-29T17:42:16,36660,40192,91.2,74.52,45,10.7,95506,515804,18.5,16.95
2026-08-29T17:42:22,36660,40192,91.2,176.91,48,22.1,100141,515804,19.4,16.80
2026-08-29T17:42:26,36660,40192,91.2,174.48,48,8.7,91279,515804,17.7,16.80
2026-08-29T17:42:29,36660,40192,91.2,79.85,46,24.4,109094,515804,21.2,16.25
2026-08-29T17:42:33,36660,40192,91.2,174.48,48,8.6,92290,515804,17.9,15.75
2026-08-29T17:42:36,36660,40192,91.2,174.71,48,8.6,91555,515804,17.7,15.75
2026-08-29T17:42:39,36660,40192,91.2,78.79,46,22.2,101370,515804,19.7,25.38
2026-08-29T17:42:43,36660,40192,91.2,87.33,46,8.5,92558,515804,17.9,24.15
2026-08-29T17:42:46,36660,40192,91.2,175.32,48,20.1,102645,515804,19.9,23.34
2026-08-29T17:42:51,36660,40192,91.2,97.75,46,8.5,93914,515804,18.2,23.34
2026-08-29T17:42:54,36660,40192,91.2,174.18,48,21.8,111504,515804,21.6,22.27
2026-08-29T17:42:58,36660,40192,91.2,179.06,48,8.5,92866,515804,18.0,21.36
2026-08-29T17:43:01,36660,40192,91.2,75.34,45,17.5,106462,515804,20.6,20.85
2026-08-29T17:43:07,36660,40192,91.2,175.32,47,8.6,94803,515804,18.4,20.23
2026-08-29T17:43:11,36660,40192,91.2,177.93,48,9.1,93767,515804,18.2,20.23
2026-08-29T17:43:14,36660,40192,91.2,88.15,47,21.9,97932,515804,19.0,19.41
2026-08-29T17:43:18,36660,40192,91.2,84.40,46,9.6,94470,515804,18.3,18.97
2026-08-29T17:43:21,36660,40192,91.2,173.13,48,24.7,104968,515804,20.4,18.97
2026-08-29T17:43:24,36660,40192,91.2,176.14,48,9.4,95579,515804,18.5,18.58
2026-08-29T17:43:28,36660,40192,91.2,76.68,46,10.0,95535,515804,18.5,18.29
2026-08-29T17:43:31,36660,40192,91.2,130.75,47,22.8,96682,515804,18.7,18.29
2026-08-29T17:43:35,36660,40192,91.2,176.58,48,11.2,95181,515804,18.5,18.18
2026-08-29T17:43:38,36660,40192,91.2,79.32,46,27.1,101942,515804,19.8,24.10
2026-08-29T17:43:41,36660,40192,91.2,73.46,45,8.6,91810,515804,17.8,24.10
2026-08-29T17:43:45,36660,40192,91.2,173.17,48,13.3,98766,515804,19.1,23.05
2026-08-29T17:43:48,36660,40192,91.2,84.93,44,15.3,90923,515804,17.6,22.40
2026-08-29T17:43:52,36660,40192,91.2,172.40,48,8.9,91747,515804,17.8,21.49
2026-08-29T17:43:56,36660,40192,91.2,178.74,48,24.6,101861,515804,19.7,21.49
2026-08-29T17:43:59,36660,40192,91.2,96.98,46,8.6,93011,515804,18.0,20.49
2026-08-29T17:44:03,36660,40192,91.2,87.10,45,21.8,109584,515804,21.2,29.98
2026-08-29T17:44:06,36660,40192,91.2,174.79,48,8.7,92656,515804,18.0,29.98
2026-08-29T17:44:09,36660,40192,91.2,84.93,47,8.4,92110,515804,17.9,28.54
2026-08-29T17:44:13,36660,40192,91.2,79.60,46,25.8,103070,515804,20.0,27.37
2026-08-29T17:44:16,36660,40192,91.2,174.71,48,8.6,94484,515804,18.3,26.22
2026-08-29T17:44:21,36660,40192,91.2,83.88,46,22.1,102906,515804,20.0,26.22
2026-08-29T17:44:24,36660,40192,91.2,176.38,48,8.8,94280,515804,18.3,25.08
2026-08-29T17:44:28,36660,40192,91.2,157.97,48,24.4,113482,515804,22.0,23.96
2026-08-29T17:44:31,36660,40192,91.2,72.12,44,8.4,95821,515804,18.6,23.32
2026-08-29T17:44:37,36660,40192,91.2,175.24,48,22.2,105817,515804,20.5,22.49
2026-08-29T17:44:41,36660,40192,91.2,175.57,48,9.6,95725,515804,18.6,22.49
2026-08-29T17:44:44,36660,40192,91.2,80.95,46,9.4,94591,515804,18.3,21.57
2026-08-29T17:44:47,36660,40192,91.2,171.83,46,24.7,99520,515804,19.3,21.13
2026-08-29T17:44:51,36660,40192,91.2,176.14,48,11.2,97020,515804,18.8,21.13
2026-08-29T17:44:54,36660,40192,91.2,87.10,47,24.4,105588,515804,20.5,20.55
2026-08-29T17:44:58,36660,40192,91.2,78.89,46,10.0,92210,515804,17.9,19.79
2026-08-29T17:45:01,36660,40192,91.2,175.57,48,16.4,101070,515804,19.6,19.79
2026-08-29T17:45:05,36660,40192,91.2,84.40,47,16.6,92669,515804,18.0,19.09
2026-08-29T17:45:08,36660,40192,91.2,81.72,46,8.6,92405,515804,17.9,18.44
2026-08-29T17:45:12,36660,40192,91.2,174.18,48,22.3,101117,515804,19.6,18.44
2026-08-29T17:45:15,36660,40192,91.2,173.69,48,8.6,92153,515804,17.9,17.76
2026-08-29T17:45:18,36660,40192,91.2,93.76,46,16.0,100069,515804,19.4,17.30
2026-08-29T17:45:22,36660,40192,91.2,178.46,48,17.0,93445,515804,18.1,17.30
2026-08-29T17:45:25,36660,40192,91.2,173.13,48,8.7,93921,515804,18.2,16.72
2026-08-29T17:45:29,36660,40192,91.2,95.10,46,22.3,102442,515804,19.9,26.51
2026-08-29T17:45:32,36660,40192,91.2,80.95,45,10.0,93672,515804,18.2,26.51
2026-08-29T17:45:35,36660,40192,91.2,76.68,45,15.4,99595,515804,19.3,25.43
2026-08-29T17:45:39,36660,40192,91.2,72.36,44,16.7,92930,515804,18.0,24.19
2026-08-29T17:45:42,36660,40192,91.2,56.62,44,7.9,94180,515804,18.3,23.29
2026-08-29T17:45:46,36660,40192,91.2,55.81,44,22.5,102525,515804,19.9,23.29
2026-08-29T17:45:49,36660,40192,91.2,54.46,43,8.0,93593,515804,18.1,22.31
2026-08-29T17:45:53,3399,40192,8.5,76.11,44,22.2,107587,515804,20.9,21.48
2026-08-29T17:45:57,3399,40192,8.5,61.42,43,8.9,91930,515804,17.8,21.48
2026-08-29T17:46:00,3399,40192,8.5,53.70,43,8.6,91050,515804,17.7,20.48
2026-08-29T17:46:04,3399,40192,8.5,55.56,43,24.8,100943,515804,19.6,19.64
2026-08-29T17:46:07,3399,40192,8.5,58.03,43,12.4,92375,515804,17.9,19.43
2026-08-29T17:46:11,3399,40192,8.5,56.10,43,28.5,109369,515804,21.2,19.43
2026-08-29T17:46:14,3399,40192,8.5,55.10,43,12.9,93216,515804,18.1,19.08
2026-08-29T17:46:18,3399,40192,8.5,59.84,43,9.0,88399,515804,17.1,18.51
2026-08-29T17:46:21,3399,40192,8.5,55.56,43,26.1,98404,515804,19.1,18.51
2026-08-29T17:46:24,3399,40192,8.5,55.56,43,8.7,89664,515804,17.4,17.91
2026-08-29T17:46:28,3399,40192,8.5,73.71,44,26.8,107723,515804,20.9,27.69
2026-08-29T17:46:31,3399,40192,8.5,56.69,43,8.9,90125,515804,17.5,27.69
2026-08-29T17:46:35,3399,40192,8.5,56.16,43,12.7,90915,515804,17.6,26.35
2026-08-29T17:46:38,3399,40192,8.5,60.08,43,21.8,99995,515804,19.4,25.12
2026-08-29T17:46:41,16180,40192,40.3,56.10,43,8.5,91373,515804,17.7,25.12
2026-08-29T17:46:45,18964,40192,47.2,56.91,43,24.8,109546,515804,21.2,24.23
2026-08-29T17:46:48,19872,40192,49.4,220.95,49,8.5,92528,515804,17.9,23.17
2026-08-29T17:46:52,36518,40192,90.9,55.81,43,13.0,93057,515804,18.0,23.17
2026-08-29T17:46:55,36596,40192,91.1,82.82,43,24.6,102564,515804,19.9,27.64
2026-08-29T17:46:58,36654,40192,91.2,58.78,43,8.5,92882,515804,18.0,26.39
2026-08-29T17:47:02,36658,40192,91.2,76.39,44,8.3,91901,515804,17.8,26.39
2026-08-29T17:47:05,36664,40192,91.2,58.49,43,24.2,96121,515804,18.6,32.60
2026-08-29T17:47:09,36668,40192,91.2,57.44,43,8.4,94119,515804,18.2,30.79
2026-08-29T17:47:12,36674,40192,91.2,58.49,43,22.4,102875,515804,19.9,29.53
2026-08-29T17:47:16,36666,40192,91.2,56.97,43,8.7,93974,515804,18.2,29.53
2026-08-29T17:47:19,36646,40192,91.2,61.95,43,15.0,99317,515804,19.3,28.12
2026-08-29T17:47:23,36652,40192,91.2,55.56,43,19.4,95150,515804,18.4,26.67
2026-08-29T17:47:26,36656,40192,91.2,56.62,43,9.9,94867,515804,18.4,26.67
2026-08-29T17:47:30,36662,40192,91.2,55.63,42,24.3,103375,515804,20.0,25.82
2026-08-29T17:47:33,36666,40192,91.2,77.21,43,10.5,89674,515804,17.4,25.03
2026-08-29T17:47:36,36670,40192,91.2,54.75,42,23.4,109393,515804,21.2,25.03
2026-08-29T17:47:40,36696,40192,91.3,63.06,43,8.9,90178,515804,17.5,23.91
2026-08-29T17:47:44,36700,40192,91.3,53.70,42,8.3,91234,515804,17.7,22.79
2026-08-29T17:47:47,36706,40192,91.3,58.21,42,21.4,100198,515804,19.4,22.79
2026-08-29T17:47:50,36710,40192,91.3,59.02,43,8.7,91184,515804,17.7,22.17
2026-08-29T17:47:54,36700,40192,91.3,55.63,42,23.1,110471,515804,21.4,21.35
2026-08-29T17:47:57,36704,40192,91.3,55.56,42,9.1,91733,515804,17.8,20.60
2026-08-29T17:48:01,36710,40192,91.3,64.35,42,8.3,92548,515804,17.9,20.60
2026-08-29T17:48:04,36716,40192,91.4,55.28,42,21.8,101446,515804,19.7,30.01
2026-08-29T17:48:08,36714,40192,91.3,62.24,42,9.0,92432,515804,17.9,28.40
2026-08-29T17:48:11,36718,40192,91.4,56.62,42,23.5,109023,515804,21.1,28.40
2026-08-29T17:48:15,36724,40192,91.4,57.68,42,8.4,93506,515804,18.1,27.41
2026-08-29T17:48:18,36730,40192,91.4,72.12,43,8.4,92685,515804,18.0,26.50
2026-08-29T17:48:22,36736,40192,91.4,54.75,42,22.1,101457,515804,19.7,26.50
2026-08-29T17:48:25,36740,40192,91.4,58.21,42,8.5,93479,515804,18.1,25.17
2026-08-29T17:48:29,36746,40192,91.4,58.78,42,24.4,109203,515804,21.2,24.68
2026-08-29T17:48:32,36750,40192,91.4,59.62,42,9.5,94423,515804,18.3,24.68
2026-08-29T17:48:35,36754,40192,91.4,57.96,42,9.2,93451,515804,18.1,23.66
2026-08-29T17:48:39,36752,40192,91.4,52.88,42,22.8,101419,515804,19.7,22.57
2026-08-29T17:48:42,36758,40192,91.5,55.28,42,9.1,94222,515804,18.3,22.57
2026-08-29T17:48:46,36762,40192,91.5,53.94,42,26.7,109420,515804,21.2,22.04
2026-08-29T17:48:49,36768,40192,91.5,55.04,42,11.0,94921,515804,18.4,21.48
2026-08-29T17:48:52,36772,40192,91.5,58.21,42,8.7,89722,515804,17.4,20.72
2026-08-29T17:48:56,36776,40192,91.5,67.85,42,21.1,95938,515804,18.6,20.72
2026-08-29T17:48:59,36782,40192,91.5,53.41,42,8.4,90708,515804,17.6,20.02
2026-08-29T17:49:03,36786,40192,91.5,57.44,42,24.9,105472,515804,20.4,28.43
2026-08-29T17:49:06,36792,40192,91.5,55.04,42,8.8,91794,515804,17.8,28.43
2026-08-29T17:49:10,36792,40192,91.5,53.70,42,7.8,90966,515804,17.6,26.87
2026-08-29T17:49:13,36792,40192,91.5,56.97,42,21.6,98198,515804,19.0,25.68
2026-08-29T17:49:17,36792,40192,91.5,55.34,42,8.1,92021,515804,17.8,25.68
2026-08-29T17:49:20,36792,40192,91.5,56.62,42,24.1,106743,515804,20.7,24.34
2026-08-29T17:49:23,36792,40192,91.5,78.55,43,8.9,93344,515804,18.1,23.36
2026-08-29T17:49:28,36792,40192,91.5,53.94,42,23.7,110654,515804,21.5,32.46
2026-08-29T17:49:31,36792,40192,91.5,56.10,42,12.8,92968,515804,18.0,32.46
2026-08-29T17:49:35,36812,40192,91.6,68.66,42,8.5,93656,515804,18.2,30.82
2026-08-29T17:49:38,36854,40192,91.7,72.94,43,24.6,103956,515804,20.2,29.47
2026-08-29T17:49:42,36854,40192,91.7,175.53,46,8.7,94991,515804,18.4,29.47
2026-08-29T17:49:45,36854,40192,91.7,173.13,46,22.0,109452,515804,21.2,27.91
2026-08-29T17:49:49,36854,40192,91.7,87.33,44,9.4,94667,515804,18.4,26.56
2026-08-29T17:49:52,36854,40192,91.7,76.11,44,9.3,93734,515804,18.2,26.56
2026-08-29T17:49:56,36854,40192,91.7,82.30,44,25.5,104098,515804,20.2,25.47
2026-08-29T17:49:59,36854,40192,91.7,168.57,44,9.3,95801,515804,18.6,24.23
2026-08-29T17:50:02,36854,40192,91.7,175.53,45,21.8,104342,515804,20.2,23.81
2026-08-29T17:50:07,36854,40192,91.7,176.88,47,11.1,94979,515804,18.4,23.81
2026-08-29T17:50:10,36854,40192,91.7,169.38,47,22.8,109357,515804,21.2,22.79
2026-08-29T17:50:14,36854,40192,91.7,176.58,47,10.4,91163,515804,17.7,21.92
2026-08-29T17:50:17,36854,40192,91.7,93.76,44,17.4,110921,515804,21.5,22.81
2026-08-29T17:50:22,36854,40192,91.7,81.19,44,9.1,91103,515804,17.7,22.81
2026-08-29T17:50:25,36854,40192,91.7,77.29,45,8.6,91930,515804,17.8,21.86
2026-08-29T17:50:29,36854,40192,91.7,77.21,45,25.2,102308,515804,19.8,31.16
2026-08-29T17:50:32,36854,40192,91.7,73.99,44,8.8,93469,515804,18.1,29.79
2026-08-29T17:50:36,36854,40192,91.7,73.71,44,21.5,111540,515804,21.6,29.79
2026-08-29T17:50:39,36854,40192,91.7,80.42,44,9.1,92473,515804,17.9,28.28
2026-08-29T17:50:43,36854,40192,91.7,95.87,44,9.1,93293,515804,18.1,26.90
2026-08-29T17:50:46,36854,40192,91.7,178.77,47,24.7,103331,515804,20.0,26.90
2026-08-29T17:50:49,36854,40192,91.7,172.32,47,8.9,94479,515804,18.3,26.11
2026-08-29T17:50:53,36854,40192,91.7,169.10,46,21.4,112767,515804,21.9,35.07
2026-08-29T17:50:56,36854,40192,91.7,177.40,47,9.8,93271,515804,18.1,35.07
2026-08-29T17:51:00,36854,40192,91.7,175.77,47,8.5,94182,515804,18.3,33.06
2026-08-29T17:51:03,36854,40192,91.7,65.24,43,22.1,102931,515804,20.0,31.61
2026-08-29T17:51:07,36854,40192,91.7,175.85,46,9.1,95436,515804,18.5,31.61
2026-08-29T17:51:10,36854,40192,91.7,84.93,45,23.4,108378,515804,21.0,29.96
2026-08-29T17:51:14,36854,40192,91.7,173.13,46,9.6,94950,515804,18.4,28.68
2026-08-29T17:51:17,36854,40192,91.7,144.77,45,9.6,94042,515804,18.2,28.68
2026-08-29T17:51:20,36854,40192,91.7,84.70,45,27.5,104400,515804,20.2,27.59
2026-08-29T17:51:24,36854,40192,91.7,81.72,45,11.5,95900,515804,18.6,26.58
2026-08-29T17:51:27,36854,40192,91.7,81.72,45,22.6,106429,515804,20.6,26.58
2026-08-29T17:51:31,36854,40192,91.7,91.89,46,8.8,91156,515804,17.7,25.57
2026-08-29T17:51:34,36854,40192,91.7,175.57,47,8.6,90570,515804,17.6,24.65
2026-08-29T17:51:37,36854,40192,91.7,176.06,47,24.0,101754,515804,19.7,23.79
2026-08-29T17:51:41,36854,40192,91.7,82.54,47,8.9,92759,515804,18.0,23.79
2026-08-29T17:51:44,36854,40192,91.7,80.42,46,22.4,108292,515804,21.0,22.69
2026-08-29T17:51:48,36854,40192,91.7,80.66,44,8.4,92681,515804,18.0,22.15
2026-08-29T17:51:52,36854,40192,91.7,83.59,45,12.6,95670,515804,18.5,22.15
2026-08-29T17:51:55,36854,40192,91.7,82.82,45,20.5,95106,515804,18.4,31.43
2026-08-29T17:51:59,36854,40192,91.7,177.40,47,9.1,94081,515804,18.2,29.71
2026-08-29T17:52:02,36854,40192,91.7,176.14,48,21.6,102651,515804,19.9,28.94
2026-08-29T17:52:06,36854,40192,91.7,175.77,48,8.7,93907,515804,18.2,28.94
2026-08-29T17:52:09,36854,40192,91.7,76.68,45,24.5,112398,515804,21.8,27.90
2026-08-29T17:52:13,36854,40192,91.7,83.06,45,9.4,94323,515804,18.3,26.71
2026-08-29T17:52:16,36854,40192,91.7,172.11,48,15.9,109612,515804,21.3,26.57
2026-08-29T17:52:21,36854,40192,91.7,176.14,48,12.6,93874,515804,18.2,26.57
2026-08-29T17:52:24,36854,40192,91.7,76.39,45,8.9,94600,515804,18.3,25.40
2026-08-29T17:52:28,36854,40192,91.7,90.55,47,25.7,104665,515804,20.3,24.25
2026-08-29T17:52:31,36854,40192,91.7,58.21,43,9.2,94674,515804,18.4,23.91
2026-08-29T17:52:37,36854,40192,91.7,78.79,45,24.6,102583,515804,19.9,23.91
2026-08-29T17:52:40,36854,40192,91.7,80.66,45,11.3,95219,515804,18.5,23.35
2026-08-29T17:52:44,36854,40192,91.7,88.68,45,26.6,107091,515804,20.8,22.45
2026-08-29T17:52:47,36854,40192,91.7,75.86,45,9.2,91926,515804,17.8,22.45
2026-08-29T17:52:51,36854,40192,91.7,175.85,47,8.5,91026,515804,17.6,21.69
2026-08-29T17:52:54,36854,40192,91.7,80.95,45,22.4,100891,515804,19.6,20.83
2026-08-29T17:52:57,36854,40192,91.7,172.11,47,8.7,92084,515804,17.9,20.20
2026-08-29T17:53:01,36854,40192,91.7,174.27,47,25.3,109195,515804,21.2,20.20
2026-08-29T17:53:04,36854,40192,91.7,175.53,47,8.8,92849,515804,18.0,19.71
2026-08-29T17:53:08,36854,40192,91.7,177.11,47,8.6,92287,515804,17.9,19.25
2026-08-29T17:53:11,36854,40192,91.7,173.17,48,21.5,99906,515804,19.4,19.25
2026-08-29T17:53:15,36854,40192,91.7,173.37,48,8.5,93389,515804,18.1,18.67
2026-08-29T17:53:18,36854,40192,91.7,174.79,46,25.9,109040,515804,21.1,28.87
2026-08-29T17:53:22,36854,40192,91.7,86.56,45,8.8,94247,515804,18.3,28.87
2026-08-29T17:53:25,36854,40192,91.7,80.42,45,8.5,93413,515804,18.1,27.52
2026-08-29T17:53:28,36854,40192,91.7,177.43,47,21.9,101193,515804,19.6,26.19
2026-08-29T17:53:32,36854,40192,91.7,177.72,47,9.7,94241,515804,18.3,26.19
2026-08-29T17:53:35,36854,40192,91.7,173.69,47,23.9,106668,515804,20.7,24.98
2026-08-29T17:53:39,36854,40192,91.7,173.17,48,8.6,95348,515804,18.5,23.94
2026-08-29T17:53:42,36854,40192,91.7,176.38,48,9.5,94288,515804,18.3,23.94
2026-08-29T17:53:46,36854,40192,91.7,173.66,48,22.7,98090,515804,19.0,33.15
2026-08-29T17:53:49,36854,40192,91.7,176.38,48,9.1,95055,515804,18.4,31.38
2026-08-29T17:53:52,36854,40192,91.7,176.88,48,25.7,106462,515804,20.6,29.99
2026-08-29T17:53:56,36854,40192,91.7,174.48,48,11.0,95884,515804,18.6,29.99
2026-08-29T17:53:59,36854,40192,91.7,168.38,48,16.2,103577,515804,20.1,29.11
2026-08-29T17:54:03,36854,40192,91.7,94.82,46,18.5,93566,515804,18.1,28.06
2026-08-29T17:54:07,36854,40192,91.7,175.03,48,8.6,90928,515804,17.6,28.06
2026-08-29T17:54:10,36854,40192,91.7,176.38,48,25.2,101190,515804,19.6,26.69
2026-08-29T17:54:14,36854,40192,91.7,77.74,45,8.4,92353,515804,17.9,25.51
2026-08-29T17:54:17,36854,40192,91.7,80.66,45,22.0,110732,515804,21.5,25.51
2026-08-29T17:54:21,36854,40192,91.7,177.11,48,8.9,91444,515804,17.7,24.43
2026-08-29T17:54:24,36854,40192,91.7,176.88,48,8.4,92173,515804,17.9,23.35
2026-08-29T17:54:27,36854,40192,91.7,176.34,48,24.6,102459,515804,19.9,23.35
2026-08-29T17:54:31,36854,40192,91.7,176.91,48,8.9,93741,515804,18.2,22.44
2026-08-29T17:54:34,36854,40192,91.7,175.85,48,22.2,109944,515804,21.3,21.93
2026-08-29T17:54:38,36854,40192,91.7,178.25,48,9.2,93413,515804,18.1,21.61
2026-08-29T17:54:41,36854,40192,91.7,178.01,47,8.8,92496,515804,17.9,21.61
2026-08-29T17:54:45,36854,40192,91.7,175.77,48,25.3,103842,515804,20.1,31.09
2026-08-29T17:54:48,36854,40192,91.7,95.35,47,8.9,94729,515804,18.4,29.72
2026-08-29T17:54:52,36854,40192,91.7,92.70,47,22.6,107843,515804,20.9,29.72
2026-08-29T17:54:55,36854,40192,91.7,105.93,48,8.7,94373,515804,18.3,28.15
2026-08-29T17:54:59,36854,40192,91.7,80.42,46,8.4,93641,515804,18.2,27.17
2026-08-29T17:55:02,36854,40192,91.7,78.79,45,26.0,102306,515804,19.8,27.17
2026-08-29T17:55:05,36854,40192,91.7,176.88,48,9.7,95380,515804,18.5,25.88
2026-08-29T17:55:09,36854,40192,91.7,176.88,48,22.4,107199,515804,20.8,34.86
2026-08-29T17:55:12,36854,40192,91.7,167.52,45,9.8,95152,515804,18.4,34.86
2026-08-29T17:55:16,36854,40192,91.7,75.05,45,10.9,94099,515804,18.2,33.35
2026-08-29T17:55:19,36854,40192,91.7,172.03,47,27.5,103207,515804,20.0,31.96
2026-08-29T17:55:22,36854,40192,91.7,159.21,47,10.0,91834,515804,17.8,31.96
2026-08-29T17:55:26,36854,40192,91.7,173.98,47,22.1,103822,515804,20.1,30.44
2026-08-29T17:55:29,36854,40192,91.7,174.79,48,8.8,92092,515804,17.9,28.80
2026-08-29T17:55:33,36854,40192,91.7,176.67,48,8.5,91489,515804,17.7,27.38
2026-08-29T17:55:36,36854,40192,91.7,176.14,48,25.0,99711,515804,19.3,27.38
2026-08-29T17:55:39,36854,40192,91.7,174.71,48,8.7,93942,515804,18.2,26.55
2026-08-29T17:55:43,36854,40192,91.7,178.22,48,21.4,102740,515804,19.9,25.46
2026-08-29T17:55:47,36854,40192,91.7,175.53,48,8.6,94057,515804,18.2,25.46
2026-08-29T17:55:50,36854,40192,91.7,173.90,48,11.8,95302,515804,18.5,24.46
2026-08-29T17:55:54,36854,40192,91.7,80.42,46,20.9,95445,515804,18.5,23.46
2026-08-29T17:55:57,36854,40192,91.7,78.26,46,9.3,95860,515804,18.6,23.46
2026-08-29T17:56:00,36854,40192,91.7,83.35,46,22.4,102798,515804,19.9,22.31
2026-08-29T17:56:04,36854,40192,91.7,81.72,45,8.5,93951,515804,18.2,21.32
2026-08-29T17:56:07,36854,40192,91.7,73.71,45,23.7,113765,515804,22.1,21.32
2026-08-29T17:56:11,36854,40192,91.7,87.62,46,9.6,94302,515804,18.3,20.41
2026-08-29T17:56:14,36854,40192,91.7,76.39,46,8.3,94968,515804,18.4,19.82
2026-08-29T17:56:18,36854,40192,91.7,77.21,46,22.5,103876,515804,20.1,19.43
2026-08-29T17:56:21,36854,40192,91.7,177.72,47,9.1,94836,515804,18.4,19.43
2026-08-29T17:56:24,36854,40192,91.7,177.40,48,26.3,113010,515804,21.9,19.08
2026-08-29T17:56:28,36854,40192,91.7,79.32,46,10.1,95297,515804,18.5,18.59
2026-08-29T17:56:31,36854,40192,91.7,77.74,47,9.2,94810,515804,18.4,18.59
2026-08-29T17:56:35,36854,40192,91.7,81.72,46,24.8,104425,515804,20.2,21.59
2026-08-29T17:56:38,36854,40192,91.7,81.57,46,11.2,95210,515804,18.5,21.14
2026-08-29T17:56:41,36854,40192,91.7,83.06,45,26.2,108033,515804,20.9,21.14
2026-08-29T17:56:45,36854,40192,91.7,82.54,46,9.0,91482,515804,17.7,20.25
2026-08-29T17:56:48,36854,40192,91.7,87.10,46,8.5,91800,515804,17.8,19.43
2026-08-29T17:56:52,36854,40192,91.7,176.91,48,21.8,100877,515804,19.6,19.43
2026-08-29T17:56:55,36854,40192,91.7,177.43,48,8.9,92036,515804,17.8,19.07
2026-08-29T17:56:59,36854,40192,91.7,174.18,48,24.9,107679,515804,20.9,18.75
2026-08-29T17:57:02,36854,40192,91.7,172.03,48,8.8,93141,515804,18.1,18.75
2026-08-29T17:57:06,36854,40192,91.7,178.22,48,8.5,92332,515804,17.9,18.12
2026-08-29T17:57:09,36854,40192,91.7,173.37,48,21.9,97929,515804,19.0,17.87
2026-08-29T17:57:13,36854,40192,91.7,178.74,48,8.7,93395,515804,18.1,17.24
2026-08-29T17:57:16,36854,40192,91.7,176.06,48,25.2,104992,515804,20.4,17.24
2026-08-29T17:57:20,36854,40192,91.7,175.00,48,8.7,94278,515804,18.3,16.90
2026-08-29T17:57:23,36854,40192,91.7,165.12,48,20.2,112743,515804,21.9,16.35
2026-08-29T17:57:27,36854,40192,91.7,176.91,48,8.8,93502,515804,18.1,16.35
2026-08-29T17:57:30,36854,40192,91.7,88.96,47,9.4,93987,515804,18.2,15.92
2026-08-29T17:57:34,36854,40192,91.7,77.74,46,24.6,104240,515804,20.2,15.61
2026-08-29T17:57:37,36854,40192,91.7,173.90,48,9.0,95381,515804,18.5,15.61
2026-08-29T17:57:41,36854,40192,91.7,174.48,48,22.3,112310,515804,21.8,15.56
2026-08-29T17:57:44,36854,40192,91.7,178.22,48,9.5,94560,515804,18.3,15.27
2026-08-29T17:57:48,36854,40192,91.7,178.01,48,9.5,93950,515804,18.2,15.17
2026-08-29T17:57:51,36854,40192,91.7,173.98,48,26.0,105006,515804,20.4,15.17
2026-08-29T17:57:55,36854,40192,91.7,176.14,48,11.3,95887,515804,18.6,15.16
2026-08-29T17:57:58,36854,40192,91.7,173.90,48,24.7,111591,515804,21.6,19.31
2026-08-29T17:58:01,36854,40192,91.7,80.42,46,9.3,91170,515804,17.7,18.88
2026-08-29T17:58:06,36854,40192,91.7,76.92,46,23.2,110199,515804,21.4,18.88
2026-08-29T17:58:10,36854,40192,91.7,87.33,46,10.0,91687,515804,17.8,18.17
2026-08-29T17:58:13,36854,40192,91.7,80.66,46,8.3,92630,515804,18.0,17.44
2026-08-29T17:58:16,36854,40192,91.7,66.80,44,16.7,92297,515804,17.9,17.24
2026-08-29T17:58:22,36854,40192,91.7,176.14,48,8.6,91458,515804,17.7,17.24
2026-08-29T17:58:25,36854,40192,91.7,172.11,47,24.6,102226,515804,19.8,20.35
2026-08-29T17:58:29,36854,40192,91.7,175.57,48,8.7,93862,515804,18.2,19.60
2026-08-29T17:58:32,36854,40192,91.7,174.27,48,21.8,107822,515804,20.9,19.60
2026-08-29T17:58:36,36854,40192,91.7,176.06,48,9.2,93510,515804,18.1,18.83
2026-08-29T17:58:39,36854,40192,91.7,178.46,48,8.4,92575,515804,17.9,18.12
2026-08-29T17:58:43,36854,40192,91.7,175.24,48,24.7,101923,515804,19.8,18.12
2026-08-29T17:58:46,36854,40192,91.7,172.60,48,8.5,94931,515804,18.4,17.63
2026-08-29T17:58:50,36854,40192,91.7,176.58,48,22.7,105291,515804,20.4,17.42
2026-08-29T17:58:53,36854,40192,91.7,173.98,48,9.0,94575,515804,18.3,17.07
2026-08-29T17:58:56,36854,40192,91.7,176.14,48,10.4,93526,515804,18.1,17.07
2026-08-29T17:59:00,36854,40192,91.7,178.25,49,23.9,98491,515804,19.1,16.50
2026-08-29T17:59:03,36854,40192,91.7,58.21,44,8.9,95774,515804,18.6,16.38
2026-08-29T17:59:07,36854,40192,91.7,173.66,48,22.7,104219,515804,20.2,16.38
2026-08-29T17:59:10,36854,40192,91.7,174.71,48,10.2,95212,515804,18.5,15.87
2026-08-29T17:59:14,36854,40192,91.7,162.14,48,21.5,107674,515804,20.9,15.80
2026-08-29T17:59:17,36854,40192,91.7,177.40,48,16.5,95072,515804,18.4,15.80
2026-08-29T17:59:21,36854,40192,91.7,177.40,48,9.0,91514,515804,17.7,15.65
2026-08-29T17:59:24,36854,40192,91.7,177.64,48,22.3,100441,515804,19.5,15.20
2026-08-29T17:59:28,36854,40192,91.7,175.77,47,8.8,91629,515804,17.8,15.20
2026-08-29T17:59:31,36854,40192,91.7,177.64,48,22.9,107302,515804,20.8,14.94
2026-08-29T17:59:35,36854,40192,91.7,177.19,48,8.8,92722,515804,18.0,15.27
2026-08-29T17:59:38,36854,40192,91.7,175.00,48,8.6,91895,515804,17.8,15.25
2026-08-29T17:59:42,36854,40192,91.7,173.37,47,22.0,98744,515804,19.1,15.25
2026-08-29T17:59:45,36854,40192,91.7,87.86,46,8.7,92919,515804,18.0,14.75
2026-08-29T17:59:49,36854,40192,91.7,173.66,47,24.2,105486,515804,20.5,24.86
2026-08-29T17:59:52,36854,40192,91.7,172.03,48,9.3,94026,515804,18.2,24.86
2026-08-29T17:59:56,36854,40192,91.7,176.58,48,9.8,95073,515804,18.4,23.67
2026-08-29T17:59:59,36854,40192,91.7,174.71,48,20.6,96012,515804,18.6,22.73
2026-08-29T18:00:03,36854,40192,91.7,177.64,48,8.7,94008,515804,18.2,22.73
2026-08-29T18:00:06,36854,40192,91.7,172.64,48,25.3,103789,515804,20.1,21.87
2026-08-29T18:00:10,36854,40192,91.7,84.70,48,8.7,94937,515804,18.4,21.00
2026-08-29T18:00:13,36854,40192,91.7,162.43,49,12.6,100642,515804,19.5,20.28
2026-08-29T18:00:16,36854,40192,91.7,79.32,45,15.7,94708,515804,18.4,19.86
2026-08-29T18:00:21,36854,40192,91.7,74.81,45,9.3,93567,515804,18.1,19.86
2026-08-29T18:00:25,36854,40192,91.7,75.05,46,25.8,98872,515804,19.2,19.15
2026-08-29T18:00:28,36854,40192,91.7,173.69,48,9.5,95789,515804,18.6,18.82
2026-08-29T18:00:32,36854,40192,91.7,63.82,44,19.3,94109,515804,18.2,19.87
2026-08-29T18:00:37,36854,40192,91.7,131.19,46,9.6,91264,515804,17.7,19.87
2026-08-29T18:00:40,36854,40192,91.7,81.48,46,25.1,101015,515804,19.6,19.16
2026-08-29T18:00:44,36854,40192,91.7,81.48,46,8.7,92151,515804,17.9,18.59
2026-08-29T18:00:47,36854,40192,91.7,162.53,47,21.3,110978,515804,21.5,18.59
2026-08-29T18:00:51,36854,40192,91.7,175.03,48,9.2,91549,515804,17.7,18.14
2026-08-29T18:00:55,36854,40192,91.7,177.43,48,8.5,91591,515804,17.8,17.57
2026-08-29T18:00:58,36854,40192,91.7,178.01,48,24.4,102268,515804,19.8,17.36
