test_id,g,R_prime,L_prime,ARSF_score,outcome
mt_set5/ambiegen/test-694,0.38748979568481445,0.7483123593632803,0.14285714285714285,0.37746486099741117,PASS
mt/set_13/ambiegen/test-227,0.43554431200027466,0.3054699002694669,0.14285714285714285,0.2136822044067611,PASS
mt/set_16/ambiegen/test-594,0.4434438645839691,0.1548184570936466,0.14285714285714285,0.14816131001020671,PASS
mt/set_2/ambiegen/odr/test-749,0.18085414171218872,0.3460288357363113,0.14285714285714285,0.17960158499301726,PASS
mt/set_14/ambiegen/test-505,0.4825858175754547,0.7909270216962525,0.4285714285714286,0.6034391115050345,PASS
mt/set_2/ambiegen/odr/test-857,0.8344341516494751,0.27888435147373397,0.14285714285714285,0.25636289128037426,PASS
mt/set_9/ambiegen/test-76,0.7905959486961365,0.7508681278995472,0.14285714285714285,0.623548164394415,PASS
mt/set_11/ambiegen/test-928,0.3200491666793823,0.5955774092285467,0.14285714285714285,0.28774988684817865,PASS
mt/set_2/ambiegen/odr/test-620,0.23094876110553741,0.30308081228991307,0.28571428571428575,0.2897250677691079,PASS
mt/set_2/ambiegen/odr/test-740,0.6450102925300598,0.23490846459427173,0.14285714285714285,0.20223119281858698,PASS
mt/set_16/ambiegen/test-764,0.09145020693540573,0.22301858488207343,0.14285714285714285,0.1501879222541946,PASS
mt/set_11/ambiegen/test-613,0.36727455258369446,0.4948467927882879,0.5714285714285715,0.5433020499722964,PASS
mt/set_7/ambiegen/odr/test-903,0.21459078788757324,0.7427563408061783,0.14285714285714285,0.27158998439814963,PASS
mt/set_2/ambiegen/odr/test-627,0.2091326266527176,0.2411589854710114,0.14285714285714285,0.16341526753652053,PASS
mt/set_10/ambiegen/test-322,0.3466522693634033,0.21073978387087805,0.14285714285714285,0.16638881441493542,PASS
mt/set_13/ambiegen/test-198,0.6887414455413818,0.43867544517598683,0.14285714285714285,0.34659946801382097,PASS
mt/set_12/ambiegen/test-367,0.5944709181785583,0.885212656610273,0.14285714285714285,0.5841659067328815,PASS
mt/set_12/ambiegen/test-847,0.4685322940349579,0.6031335944662055,0.14285714285714285,0.3585115203623326,PASS
mt/set_11/ambiegen/test-478,0.38741040229797363,0.38005944939856096,0.14285714285714285,0.23475178386036089,PASS
mt/set_2/ambiegen/odr/test-637,0.3830018639564514,0.9808595160707836,0.14285714285714285,0.4638136137978971,PASS
mt/set_12/ambiegen/test-424,0.0517544187605381,0.06936689168541822,0.14285714285714285,0.1390536981553686,PASS
mt_set5/ambiegen/test-291,0.5909150242805481,0.48420701725143755,0.14285714285714285,0.3445659121730095,PASS
mt/set_16/ambiegen/test-910,0.5640049576759338,0.9006306081062311,0.14285714285714285,0.5702451340529006,PASS
mt/set_8/ambiegen/odr/test-475,0.6157395839691162,0.29024640942300745,0.14285714285714285,0.2336105485339215,PASS
mt/set_16/ambiegen/test-607,0.4173928499221802,0.3708364585937716,0.14285714285714285,0.2380140791757629,PASS
mt/set_18/ambiegen/test-679,0.6796654462814331,0.4066727782870795,0.14285714285714285,0.32216351444765057,PASS
mt/set_7/ambiegen/odr/test-223,0.6077051758766174,0.33261105092091003,0.14285714285714285,0.25817157493031,PASS
mt/set_10/ambiegen/test-712,0.22872386872768402,0.5135983554185071,0.14285714285714285,0.2276545051622334,PASS
mt/set_7/ambiegen/odr/test-176,0.11329088360071182,0.08531266494430083,0.14285714285714285,0.13633787491494936,PASS
mt/set_9/ambiegen/test-349,0.44559797644615173,0.5742422979692753,0.14285714285714285,0.3350814907865437,PASS
mt/set_17/ambiegen/test-843,0.4423484206199646,0.2327416173570019,0.14285714285714285,0.182617398190411,PASS
mt/set_8/ambiegen/odr/test-386,0.6712267398834229,0.22649109648026225,0.14285714285714285,0.19899448889115065,PASS
mt/set_12/ambiegen/test-747,0.3672945499420166,0.18482095730199735,0.14285714285714285,0.158270223197516,PASS
mt/set_8/ambiegen/odr/test-166,0.771755576133728,0.8584326471650414,0.14285714285714285,0.6951065284514681,PASS
mt/set_2/ambiegen/odr/test-767,0.7735852599143982,0.30408089563019136,0.14285714285714285,0.26757746155045625,PASS
mt/set_12/ambiegen/test-739,0.33995160460472107,0.5811595410728672,0.14285714285714285,0.29185874217520114,PASS
mt_set5/ambiegen/test-874,0.6900598406791687,0.7822596327471734,0.14285714285714285,0.584083123160521,PASS
mt/set_8/ambiegen/odr/test-949,0.6867474317550659,0.5050143067477845,0.14285714285714285,0.3915676450507395,PASS
mt/set_13/ambiegen/test-570,0.18713469803333282,0.26368864072005993,0.14285714285714285,0.16546891085137244,PASS
mt/set_9/ambiegen/test-409,0.36283472180366516,0.44806511653748926,0.14285714285714285,0.25359719733718633,PASS
mt/set_12/ambiegen/test-134,0.3437495529651642,0.9333555574075617,0.4285714285714286,0.602090759975183,PASS
mt/set_17/ambiegen/test-40,0.18474188446998596,0.5175986887796206,0.14285714285714285,0.2120876064975318,PASS
mt/set_7/ambiegen/odr/test-813,0.5013574957847595,0.9503291940995083,0.14285714285714285,0.5476893083841983,PASS
mt/set_14/ambiegen/test-249,0.17098046839237213,0.09250770897574798,0.14285714285714285,0.1342483751975485,PASS
mt/set_2/ambiegen/odr/test-360,0.5244593620300293,0.19001583465288777,0.14285714285714285,0.16758996027051,PASS
mt/set_8/ambiegen/odr/test-410,0.23246775567531586,0.7327555074033947,0.14285714285714285,0.279989489611012,PASS
mt/set_13/ambiegen/test-174,0.8822451829910278,0.9327999555518515,0.14285714285714285,0.8397803841954332,PASS
mt/set_13/ambiegen/test-723,0.3656635880470276,0.5254604550379198,0.14285714285714285,0.28276124278784276,PASS
mt/set_7/ambiegen/odr/test-331,0.19816887378692627,0.18159846653887818,0.14285714285714285,0.15053446734016712,PASS
mt/set_2/ambiegen/odr/test-195,0.562083899974823,0.8319859988332361,0.14285714285714285,0.5302053778093735,PASS
mt/set_12/ambiegen/test-922,0.7638607025146484,0.8208461816262466,0.5714285714285715,0.7619488823736924,PASS
mt/set_9/ambiegen/test-515,0.7699911594390869,0.7153096091340946,0.14285714285714285,0.5836404810894977,PASS
mt/set_7/ambiegen/odr/test-612,0.5636810660362244,0.26780009445231545,0.14285714285714285,0.21328511900602215,PASS
mt/set_14/ambiegen/test-675,0.30584412813186646,0.19904436480817847,0.14285714285714285,0.160041674766909,PASS
mt/set_16/ambiegen/test-177,0.9157426357269287,0.5315442953579465,0.14285714285714285,0.4987945403614234,PASS
mt/set_13/ambiegen/test-228,0.17431001365184784,0.25318776564713724,0.14285714285714285,0.16208887309314635,PASS
mt/set_18/ambiegen/test-462,0.8282701969146729,0.7423674195071811,0.14285714285714285,0.63941363775044,PASS
mt/set_13/ambiegen/test-338,0.4055323898792267,0.11428730171958772,0.14285714285714285,0.1312711511596349,PASS
mt/set_12/ambiegen/test-896,0.2934027314186096,0.628385698808234,0.14285714285714285,0.2853125473549262,PASS
mt/set_8/ambiegen/odr/test-739,0.5369759202003479,0.8095952440481151,0.8571428571428572,0.831610933847978,PASS
mt/set_10/ambiegen/test-572,0.7745690941810608,0.7201433452787732,0.14285714285714285,0.5900051937500896,PASS
mt/set_16/ambiegen/test-860,0.5337879061698914,0.5455454621218435,0.14285714285714285,0.3578072976365202,PASS
mt/set_14/ambiegen/test-143,0.8763489127159119,0.8394588437925383,0.14285714285714285,0.7533232860679315,PASS
mt/set_9/ambiegen/test-788,0.13667194545269012,0.6062727449509682,0.14285714285714285,0.2061930526196984,PASS
mt/set_12/ambiegen/test-930,0.740793764591217,0.415367947328944,0.14285714285714285,0.3447314475935895,PASS
mt/set_11/ambiegen/test-352,0.9128908514976501,0.3168597383115259,0.14285714285714285,0.30170252038429574,PASS
mt/set_7/ambiegen/odr/test-272,0.3407760560512543,0.06925577131427617,0.14285714285714285,0.11777555348532709,PASS
mt_set5/ambiegen/test-586,0.26802727580070496,0.28957968719615523,0.14285714285714285,0.18218278245740188,PASS
mt/set_2/ambiegen/odr/test-456,0.25658538937568665,0.558046503875323,0.14285714285714285,0.24938867097610973,PASS
mt/set_2/ambiegen/odr/test-346,0.27805352210998535,0.37361446787232266,0.14285714285714285,0.20702002983029222,PASS
mt/set_13/ambiegen/test-158,0.5343112945556641,0.7989832486040503,0.4285714285714286,0.6264866476517784,PASS
mt/set_7/ambiegen/odr/test-30,0.5848536491394043,0.7008084007000583,0.14285714285714285,0.4691769720484926,PASS
mt/set_8/ambiegen/odr/test-402,0.16902242600917816,0.03236380809511895,0.14285714285714285,0.12418128922908399,PASS
mt/set_17/ambiegen/test-49,0.613243818283081,0.19698863794205068,0.14285714285714285,0.17605294759238355,PASS
mt/set_12/ambiegen/test-32,0.29202795028686523,0.2983581965163764,0.14285714285714285,0.1882677968246967,PASS
mt/set_2/ambiegen/odr/test-531,0.25082141160964966,0.17712587160041116,0.14285714285714285,0.15145247377459758,PASS
mt/set_17/ambiegen/test-418,0.9639894366264343,0.8607106147734533,0.14285714285714285,0.834860306830077,PASS
mt/set_2/ambiegen/odr/test-132,0.04487026482820511,0.08278467650081951,0.14285714285714285,0.14016167644721983,PASS
mt/set_18/ambiegen/test-233,0.5710858702659607,0.5500736172458816,0.14285714285714285,0.375412717520072,PASS
mt/set_12/ambiegen/test-173,0.9798488020896912,0.44153679473289437,0.14285714285714285,0.43551804195616395,PASS
mt/set_14/ambiegen/test-628,0.211176797747612,0.8074561769036308,0.4285714285714286,0.508583090053421,PASS
mt/set_13/ambiegen/test-460,0.10873950272798538,0.11089813039975545,0.14285714285714285,0.1393819367992177,PASS
mt/set_13/ambiegen/test-706,0.596430242061615,0.7150318082062393,0.14285714285714285,0.484119417012828,PASS
mt/set_8/ambiegen/odr/test-457,0.21251630783081055,0.8483484734839014,0.14285714285714285,0.2927855556485872,PASS
mt/set_12/ambiegen/test-806,0.9410487413406372,0.3718921021196211,0.4285714285714286,0.37523341975392005,PASS
mt/set_16/ambiegen/test-852,0.36770758032798767,0.46406644998194285,0.14285714285714285,0.26096823570135785,PASS
mt/set_14/ambiegen/test-616,0.829535722732544,0.7118370975359057,0.14285714285714285,0.6148463407819206,PASS
mt/set_9/ambiegen/test-790,0.3851814568042755,0.7805094869016863,0.14285714285714285,0.3884690059283558,PASS
mt/set_7/ambiegen/odr/test-303,0.5056954622268677,0.595855210156402,0.14285714285714285,0.3719362098879194,PASS
mt/set_17/ambiegen/test-463,0.8539517521858215,0.8816290246409424,0.5714285714285715,0.8363247919781116,PASS
mt/set_14/ambiegen/test-915,0.11866510659456253,0.5489901936272467,0.5714285714285715,0.5687659231924429,PASS
mt/set_16/ambiegen/test-913,0.5316067934036255,0.37869822485207105,0.14285714285714285,0.2682318642093081,PASS
mt/set_16/ambiegen/test-369,0.4613005816936493,0.5088479595521849,0.14285714285714285,0.31168891523562486,PASS
mt/set_10/ambiegen/test-685,0.7422021627426147,0.575214601216768,0.14285714285714285,0.4637537835295567,PASS
mt/set_18/ambiegen/test-746,0.8481152653694153,0.9454676778620441,0.14285714285714285,0.8235633897411131,PASS
mt/set_17/ambiegen/test-612,0.7629926204681396,0.968080673389449,0.14285714285714285,0.772496606889957,PASS
mt/set_2/ambiegen/odr/test-324,0.043810877948999405,0.0068061227324498355,0.14285714285714285,0.13689662449433276,PASS
mt/set_9/ambiegen/test-255,0.8568074107170105,0.3682251298719338,0.14285714285714285,0.3359541042697907,PASS
mt/set_14/ambiegen/test-237,0.6944788098335266,0.9338000388921299,0.14285714285714285,0.6921502239418035,PASS
mt/set_14/ambiegen/test-622,0.3057786226272583,0.2868572381031752,0.14285714285714285,0.1868892936396686,PASS
mt/set_17/ambiegen/test-427,0.23555366694927216,0.21304553157207545,0.14285714285714285,0.15939027306746884,PASS
mt/set_13/ambiegen/test-393,0.41027867794036865,0.21157318665444338,0.14285714285714285,0.1710498704595918,PASS
mt_set5/ambiegen/test-899,0.7670984268188477,0.30541434008389584,0.14285714285714285,0.2675545131178662,PASS
mt/set_14/ambiegen/test-653,0.31746670603752136,0.1252048781842931,0.14285714285714285,0.13725313227987612,PASS
mt/set_13/ambiegen/test-631,0.9221540093421936,0.6744728727393948,0.14285714285714285,0.6330887195974381,PASS
mt/set_14/ambiegen/test-935,0.17297060787677765,0.6701391782648554,0.14285714285714285,0.23406143917285677,PASS
mt/set_14/ambiegen/test-916,0.051805973052978516,0.07431174820123901,0.4285714285714286,0.4102186611164138,PASS
mt/set_13/ambiegen/test-595,0.15848231315612793,0.1770425313220546,0.14285714285714285,0.14827492229720288,PASS
mt/set_14/ambiegen/test-463,0.48370498418807983,0.14042836903075254,0.14285714285714285,0.1416823328518523,PASS
mt/set_7/ambiegen/odr/test-115,0.8746670484542847,0.8801011195377393,0.14285714285714285,0.7877001559310597,PASS
mt/set_12/ambiegen/test-108,0.2317657619714737,0.028363474734005568,0.14285714285714285,0.11632143275241222,PASS
mt/set_10/ambiegen/test-818,0.8569019436836243,0.2776620273911715,0.14285714285714285,0.2583717104323986,PASS
mt/set_7/ambiegen/odr/test-242,0.6599699258804321,0.7510903686418313,0.14285714285714285,0.5442727797962799,PASS
mt/set_13/ambiegen/test-596,0.45561110973358154,0.607411728755174,0.14285714285714285,0.35451337326996923,PASS
mt/set_17/ambiegen/test-802,0.20922623574733734,0.255354612884407,0.5714285714285715,0.5052975983496668,PASS
mt/set_17/ambiegen/test-250,0.41347822546958923,0.8285968275134039,0.14285714285714285,0.4263955665454148,PASS
mt/set_10/ambiegen/test-645,0.6560460925102234,0.7443953662805234,0.14285714285714285,0.5374939438295934,PASS
mt/set_13/ambiegen/test-752,0.18811626732349396,0.6533322221296218,0.28571428571428575,0.35486920397137894,PASS
mt/set_2/ambiegen/odr/test-629,0.4004743993282318,0.7259216045781592,0.14285714285714285,0.3763595286770311,PASS
mt/set_17/ambiegen/test-929,0.4386920630931854,0.47434508431258154,0.14285714285714285,0.2882782675272677,PASS
mt/set_10/ambiegen/test-485,0.2907983362674713,0.3784759841097869,0.14285714285714285,0.2113747141441558,PASS
mt/set_11/ambiegen/test-463,0.9289118647575378,0.6021335111259272,0.28571428571428575,0.5796398584365493,PASS
mt/set_10/ambiegen/test-949,0.31223538517951965,0.27885657138094844,0.14285714285714285,0.18532098106394246,PASS
mt/set_13/ambiegen/test-190,0.17313292622566223,0.03233602800233354,0.14285714285714285,0.12372230309008182,PASS
mt/set_13/ambiegen/test-701,0.029404031112790108,0.3462232963858099,0.14285714285714285,0.14883692570014306,PASS
mt/set_10/ambiegen/test-219,0.9180317521095276,0.8153735033475011,0.14285714285714285,0.7602485156004292,PASS
mt/set_9/ambiegen/test-188,0.5176569223403931,0.4901519571075367,0.14285714285714285,0.3226367075467802,PASS
mt/set_10/ambiegen/test-465,0.5249547362327576,0.5017084757063089,0.14285714285714285,0.3312378496397503,PASS
mt/set_11/ambiegen/test-650,0.7705585360527039,0.9040197794260633,0.4285714285714286,0.7949322137746483,PASS
mt/set_12/ambiegen/test-900,0.4941013753414154,0.4082562435758535,0.14285714285714285,0.273991199279158,PASS
mt/set_14/ambiegen/test-243,0.8351954817771912,0.5626024390921466,0.14285714285714285,0.4934265177698466,PASS
mt/set_12/ambiegen/test-347,0.490125447511673,0.8571547628969081,0.14285714285714285,0.49295258779313034,PASS
mt/set_16/ambiegen/test-389,0.4888044595718384,0.8655721310109176,0.14285714285714285,0.49612345206611624,PASS
mt/set_18/ambiegen/test-186,0.6530942916870117,0.8101508459038254,0.14285714285714285,0.5786628511956191,PASS
mt/set_2/ambiegen/odr/test-167,0.29957422614097595,0.46356640831180373,0.14285714285714285,0.2389333686144891,PASS
mt/set_13/ambiegen/test-517,0.591496467590332,0.9603855876878629,0.14285714285714285,0.6264223301291313,PASS
mt/set_16/ambiegen/test-892,0.6227144002914429,0.832902741895158,0.4285714285714286,0.6803543598668662,PASS
mt/set_17/ambiegen/test-561,0.2886810302734375,0.691196488596272,0.14285714285714285,0.3011523101245773,PASS
mt/set_18/ambiegen/test-228,0.43528860807418823,0.9517459788315693,0.14285714285714285,0.4949572383552013,PASS
mt/set_9/ambiegen/test-763,0.3363276720046997,0.1622635219601633,0.14285714285714285,0.14938404516290238,PASS
mt/set_10/ambiegen/test-320,0.40729212760925293,0.6852515487401728,0.14285714285714285,0.3637701144325988,PASS
mt/set_10/ambiegen/test-49,0.5468530058860779,0.22893574464538713,0.14285714285714285,0.18992948498751494,PASS
mt/set_13/ambiegen/test-416,0.10284498333930969,0.47659527182820793,0.14285714285714285,0.17718043942833905,PASS
mt/set_11/ambiegen/test-886,0.29308611154556274,0.014862349640247734,0.14285714285714285,0.10534364661512469,PASS
mt/set_7/ambiegen/odr/test-791,0.11810781061649323,0.4865405450454204,0.14285714285714285,0.1834488391635653,PASS
mt/set_8/ambiegen/odr/test-891,0.9309799671173096,0.8426535544628718,0.14285714285714285,0.7943535831226557,PASS
mt/set_11/ambiegen/test-735,0.29296737909317017,0.1305664360918965,0.14285714285714285,0.13925636670892594,PASS
mt/set_16/ambiegen/test-407,0.36743056774139404,0.5794927355057367,0.14285714285714285,0.30329040656011574,PASS
mt/set_12/ambiegen/test-14,0.24251611530780792,0.04630941467344502,0.14285714285714285,0.11944276500497561,PASS
mt/set_7/ambiegen/odr/test-597,0.2699589133262634,0.03166930577548129,0.14285714285714285,0.11284099518347987,PASS
mt/set_16/ambiegen/test-846,0.3990267217159271,0.25974386754451756,0.28571428571428575,0.27535138637546214,PASS
mt/set_16/ambiegen/test-864,0.8956006169319153,0.7079478845459343,0.14285714285714285,0.6489527597361381,PASS
mt_set5/ambiegen/test-325,0.9116566777229309,0.6079951107036697,0.14285714285714285,0.566903277306903,PASS
mt/set_7/ambiegen/odr/test-533,0.35068732500076294,0.9682751340389477,0.4285714285714286,0.6178386773348326,PASS
mt/set_16/ambiegen/test-828,0.2566177248954773,0.4829013528905186,0.14285714285714285,0.2301185143997876,PASS
mt/set_17/ambiegen/test-507,0.37189576029777527,0.3138594882906909,0.14285714285714285,0.20645218586738034,PASS
mt/set_12/ambiegen/test-46,0.4829269349575043,0.7871489290774232,0.14285714285714285,0.45400299613732376,PASS
mt/set_12/ambiegen/test-749,0.2771669328212738,0.8663499736089117,0.14285714285714285,0.343385427417317,PASS
mt/set_17/ambiegen/test-350,0.24043379724025726,0.16309692474372864,0.14285714285714285,0.14772346834271194,PASS
mt_set5/ambiegen/test-615,0.304924339056015,0.5064866516654166,0.14285714285714285,0.2537366262342945,PASS
mt/set_10/ambiegen/test-455,0.16861072182655334,0.2663277495346834,0.14285714285714285,0.16367561523088006,PASS
mt/set_18/ambiegen/test-356,0.29044321179389954,0.7785093202211295,0.14285714285714285,0.32747800709199926,PASS
mt/set_10/ambiegen/test-971,0.11126565933227539,0.35669639136594716,0.14285714285714285,0.16665010783359324,PASS
mt/set_8/ambiegen/odr/test-68,0.2989708483219147,0.22135177931494288,0.14285714285714285,0.16632475516512624,PASS
mt/set_10/ambiegen/test-906,0.4728316366672516,0.7107258938244854,0.14285714285714285,0.41136345804669394,PASS
mt/set_9/ambiegen/test-905,0.8854576349258423,0.9028807956218574,0.14285714285714285,0.8158258889218866,PASS
mt/set_17/ambiegen/test-551,0.23994888365268707,0.45501013973386667,0.14285714285714285,0.21775790811529078,PASS
mt_set5/ambiegen/test-242,0.25806164741516113,0.10712003778092619,0.14285714285714285,0.13363476664732565,PASS
mt/set_11/ambiegen/test-58,0.3001639246940613,0.33847265049865266,0.14285714285714285,0.20157386136183958,PASS
mt/set_8/ambiegen/odr/test-451,0.5521677136421204,0.17062532988860177,0.14285714285714285,0.1581898392022903,PASS
mt/set_10/ambiegen/test-41,0.4113377332687378,0.37778148179014914,0.14285714285714285,0.23949038792350236,PASS
mt/set_13/ambiegen/test-906,0.1134212464094162,0.3294719004361474,0.14285714285714285,0.16402321913140727,PASS
mt/set_17/ambiegen/test-152,0.24980974197387695,0.0789232436036336,0.14285714285714285,0.12688583198123987,PASS
mt/set_10/ambiegen/test-307,0.6964185237884521,0.746284412589938,0.14285714285714285,0.5630950712581523,PASS
mt/set_14/ambiegen/test-743,0.9768823385238647,0.7933438897685917,0.14285714285714285,0.7783061573587804,PASS
mt/set_18/ambiegen/test-212,0.4784700572490692,0.04625385448787399,0.14285714285714285,0.09663535768317581,PASS
mt/set_10/ambiegen/test-837,0.8482496738433838,0.567908436814179,0.14285714285714285,0.503406764322907,PASS
mt/set_7/ambiegen/odr/test-481,0.18409530818462372,0.08456260243909214,0.14285714285714285,0.1321253893446635,PASS
mt/set_7/ambiegen/odr/test-400,0.11860372126102448,0.8356251909881379,0.4285714285714286,0.4768495259335632,PASS
mt/set_7/ambiegen/odr/test-121,0.3119058609008789,0.3936439147706753,0.4285714285714286,0.4176773323102773,PASS
mt/set_12/ambiegen/test-0,0.5616980791091919,0.7159485512681613,0.14285714285714285,0.46476148611559326,PASS
mt/set_9/ambiegen/test-800,0.8183049559593201,0.6474428424590938,0.28571428571428575,0.5817185564105744,PASS
mt/set_10/ambiegen/test-806,0.7215160727500916,0.7858154846237186,0.14285714285714285,0.6067619205504737,PASS
mt/set_17/ambiegen/test-918,0.5598805546760559,0.9893602244631496,0.28571428571428575,0.6796719641965537,PASS
mt/set_2/ambiegen/odr/test-52,0.6776701807975769,0.7472567158374309,0.14285714285714285,0.552440710752673,PASS
mt/set_9/ambiegen/test-885,0.32927533984184265,0.5531016473595022,0.14285714285714285,0.27794053723793094,PASS
mt/set_18/ambiegen/test-634,0.5568569898605347,0.9142428535711309,0.14285714285714285,0.5724086677467634,PASS
mt/set_13/ambiegen/test-183,0.36514702439308167,0.3078312081562352,0.14285714285714285,0.203096936160611,PASS
mt/set_11/ambiegen/test-700,0.4638232886791229,0.4101730699780537,0.14285714285714285,0.26684449103319785,PASS
mt/set_9/ambiegen/test-253,0.6110078692436218,0.6946412201016752,0.14285714285714285,0.48000155617688256,PASS
mt/set_8/ambiegen/odr/test-760,0.14646239578723907,0.48879073256104677,0.14285714285714285,0.1935234073171937,PASS
mt/set_7/ambiegen/odr/test-378,0.4317898750305176,0.5537128094007834,0.14285714285714285,0.3202604597696014,PASS
mt/set_12/ambiegen/test-263,0.04302394017577171,0.37258660443925884,0.4285714285714286,0.42616273925066206,PASS
mt/set_13/ambiegen/test-140,0.41470959782600403,0.3556129677473122,0.14285714285714285,0.23108902968995937,PASS
mt/set_2/ambiegen/odr/test-642,0.4551768898963928,0.7927882879128816,0.14285714285714285,0.43869078011041535,PASS
mt/set_10/ambiegen/test-880,0.7317533493041992,0.4086173847820651,0.14285714285714285,0.337328089997599,PASS
mt/set_11/ambiegen/test-644,0.21037574112415314,0.3994777342556323,0.14285714285714285,0.19684389208905587,PASS
mt/set_11/ambiegen/test-143,0.7090969085693359,0.7468677945384338,0.14285714285714285,0.5711592287072962,PASS
mt/set_7/ambiegen/odr/test-783,0.1941954344511032,0.27943995332944416,0.4285714285714286,0.39961077056026556,PASS
mt/set_2/ambiegen/odr/test-233,0.25522392988204956,0.10275856321360112,0.14285714285714285,0.13262302577782978,PASS
mt/set_8/ambiegen/odr/test-483,0.09121859818696976,0.13301108425702138,0.14285714285714285,0.14195900025834168,PASS
mt/set_13/ambiegen/test-792,0.5235975980758667,0.8355140706169958,0.14285714285714285,0.5055306465228109,PASS
mt/set_13/ambiegen/test-359,0.8413589596748352,0.9437175320165568,0.14285714285714285,0.8166682067250911,PASS
mt/set_18/ambiegen/test-341,0.38209977746009827,0.6550268077895379,0.14285714285714285,0.3385570621070987,PASS
mt/set_8/ambiegen/odr/test-951,0.44873273372650146,0.17426452204350354,0.14285714285714285,0.15695066197862328,PASS
mt/set_16/ambiegen/test-816,0.23112311959266663,0.7135872433813928,0.14285714285714285,0.2747660683932184,PASS
mt/set_9/ambiegen/test-288,0.2964482605457306,0.5241270105842154,0.14285714285714285,0.2558839362008089,PASS
mt/set_12/ambiegen/test-325,0.75578773021698,0.24160346695557963,0.14285714285714285,0.21748840301477065,PASS
mt/set_18/ambiegen/test-442,0.13838548958301544,0.0012223240825624366,0.4285714285714286,0.3694325199100856,PASS
mt/set_12/ambiegen/test-26,0.38280555605888367,0.7072811623190821,0.14285714285714285,0.35892178922278606,PASS
mt/set_13/ambiegen/test-372,0.6881885528564453,0.4525932716615273,0.14285714285714285,0.3560140011063897,PASS
mt/set_13/ambiegen/test-392,0.23363105952739716,0.0748673500569492,0.14285714285714285,0.1269726133994481,PASS
mt/set_16/ambiegen/test-713,0.32253023982048035,0.514570658666,0.14285714285714285,0.26274598799801285,PASS
mt/set_2/ambiegen/odr/test-267,0.19822567701339722,0.20126677223101921,0.14285714285714285,0.1544354311838811,PASS
mt/set_11/ambiegen/test-720,0.713115930557251,0.5823540850626441,0.14285714285714285,0.45626941377508523,PASS
mt/set_14/ambiegen/test-787,0.654157817363739,0.8346251076478596,0.14285714285714285,0.595382564826794,PASS
mt/set_18/ambiegen/test-865,0.4685124158859253,0.22671333722254627,0.14285714285714285,0.18214481106627772,PASS
mt/set_8/ambiegen/odr/test-198,0.37254852056503296,0.4003389171319832,0.14285714285714285,0.2387815969356944,PASS
mt/set_7/ambiegen/odr/test-707,0.8900691270828247,0.3456676945300997,0.14285714285714285,0.32337255354787764,PASS
mt/set_14/ambiegen/test-723,0.6161491274833679,0.23221379559407723,0.14285714285714285,0.19791416647583926,PASS
mt/set_18/ambiegen/test-262,0.09203933924436569,0.4639275495180154,0.14285714285714285,0.17240824987276068,PASS
mt/set_11/ambiegen/test-731,0.1745004951953888,0.4116731949884712,0.14285714285714285,0.18976568132800373,PASS
mt/set_10/ambiegen/test-884,0.7317488789558411,0.40853404450370867,0.14285714285714285,0.33726591780147863,PASS
mt_set5/ambiegen/test-693,0.6744310855865479,0.7248937411450954,0.14285714285714285,0.5354007176915881,PASS
mt/set_16/ambiegen/test-588,0.7851026058197021,0.5154318415423508,0.14285714285714285,0.43536650965738993,PASS
mt/set_14/ambiegen/test-41,0.2591908872127533,0.5084312581604021,0.14285714285714285,0.23761061788713736,PASS
mt/set_10/ambiegen/test-160,0.6392208933830261,0.21474011723199155,0.14285714285714285,0.1888062419560628,PASS
mt/set_14/ambiegen/test-657,0.44134262204170227,0.12970525321554574,0.14285714285714285,0.1370526576553919,PASS
mt_set5/ambiegen/test-543,0.24642840027809143,0.040281134538989266,0.14285714285714285,0.11757950547786268,PASS
mt/set_7/ambiegen/odr/test-771,0.33359163999557495,0.3863933105536572,0.14285714285714285,0.22409877243726045,PASS
mt/set_17/ambiegen/test-931,0.8686607480049133,0.6936133566686112,0.14285714285714285,0.6212774475149669,PASS
mt/set_13/ambiegen/test-609,0.7382573485374451,0.401311220379476,0.4285714285714286,0.4084463795510589,PASS
mt/set_7/ambiegen/odr/test-701,0.21794342994689941,0.0679778870461427,0.14285714285714285,0.12653770101382217,PASS
mt/set_9/ambiegen/test-182,0.08688881248235703,0.00355585187654525,0.14285714285714285,0.13075342229968542,PASS
mt/set_10/ambiegen/test-100,0.2676066756248474,0.5030141400672278,0.14285714285714285,0.23923755958356113,PASS
mt/set_8/ambiegen/odr/test-950,0.4568660855293274,0.525904936522488,0.14285714285714285,0.3178586889196746,PASS
mt/set_16/ambiegen/test-39,0.23530304431915283,0.3759479956663055,0.28571428571428575,0.30694655236620744,PASS
mt/set_2/ambiegen/odr/test-335,0.25293463468551636,0.31016473595021804,0.14285714285714285,0.18517502779625283,PASS
mt/set_12/ambiegen/test-117,0.41027796268463135,0.18976581381781812,0.4285714285714286,0.3305947474726664,PASS
mt/set_12/ambiegen/test-830,0.3624580502510071,0.23546406644998194,0.14285714285714285,0.1764232678223473,PASS
mt/set_11/ambiegen/test-393,0.8907368779182434,0.6097174764563713,0.14285714285714285,0.5587068588311892,PASS
mt_set5/ambiegen/test-892,0.25780588388442993,0.05856043559185479,0.14285714285714285,0.12112495573206822,PASS
mt/set_11/ambiegen/test-275,0.9578142166137695,0.8553768369586355,0.28571428571428575,0.831345175968594,PASS
mt/set_2/ambiegen/odr/test-559,0.11211114376783371,0.3282495763535849,0.14285714285714285,0.16364169955796234,PASS
mt_set5/ambiegen/test-275,0.6492559313774109,0.6579714976248021,0.14285714285714285,0.4772981930276935,PASS
mt/set_9/ambiegen/test-56,0.39338448643684387,0.7141984054226742,0.14285714285714285,0.367613936269137,PASS
mt/set_17/ambiegen/test-299,0.891037106513977,0.5671028141233991,0.14285714285714285,0.5208757782333078,PASS
mt/set_12/ambiegen/test-662,0.6059320569038391,0.7190877017529239,0.14285714285714285,0.4920137106597123,PASS
mt/set_9/ambiegen/test-889,0.6168028116226196,0.6506375531294275,0.14285714285714285,0.45605752759997537,PASS
mt/set_14/ambiegen/test-547,0.9397368431091309,0.9543017473678362,0.14285714285714285,0.9054015338579591,PASS
mt/set_16/ambiegen/test-233,0.504338800907135,0.47845653804483707,0.14285714285714285,0.3121129394112643,PASS
mt/set_8/ambiegen/odr/test-183,0.1683330535888672,0.932883295830208,0.14285714285714285,0.2758446576021644,PASS
mt/set_12/ambiegen/test-868,0.07963236421346664,0.7081701252882184,0.14285714285714285,0.1878743553618013,PASS
mt/set_13/ambiegen/test-941,0.2625476121902466,0.572214351195933,0.14285714285714285,0.2555838526831624,PASS
mt/set_18/ambiegen/test-155,0.6294655799865723,0.6545545462121843,0.14285714285714285,0.46495304563764706,PASS
mt/set_8/ambiegen/odr/test-588,0.9668965935707092,0.5300997305331,0.14285714285714285,0.5172806817665325,PASS
mt/set_16/ambiegen/test-144,0.6542606949806213,0.6588604605939383,0.14285714285714285,0.48045783213192506,PASS
mt/set_11/ambiegen/test-647,0.5892420411109924,0.9656638053171097,0.8571428571428572,0.9210879621483539,PASS
mt/set_13/ambiegen/test-4,0.17519474029541016,0.4281745701030641,0.14285714285714285,0.1928432554252466,PASS
mt/set_8/ambiegen/odr/test-553,0.7057408094406128,0.7147540072783842,0.14285714285714285,0.5464680988703381,PASS
mt/set_9/ambiegen/test-647,0.8926466703414917,0.6757229769147429,0.14285714285714285,0.6185180553674013,PASS
mt/set_8/ambiegen/odr/test-560,0.294813871383667,0.2797733144428702,0.14285714285714285,0.18322192945736154,PASS
mt/set_12/ambiegen/test-33,0.4802723526954651,0.620385032086007,0.14285714285714285,0.3722005856947889,PASS
mt/set_18/ambiegen/test-723,0.4674890339374542,0.7332555490735339,0.14285714285714285,0.41886192767493075,PASS
mt/set_2/ambiegen/odr/test-262,0.39083725214004517,0.6725282662444092,0.14285714285714285,0.34987234925975286,PASS
mt/set_18/ambiegen/test-81,0.3400696814060211,0.03328055115704083,0.14285714285714285,0.10559347048560612,PASS
mt/set_14/ambiegen/test-385,0.3989620506763458,0.28619051587632305,0.14285714285714285,0.20004172354470723,PASS
mt/set_16/ambiegen/test-210,0.3019474446773529,0.6480817845931606,0.14285714285714285,0.2954084281598899,PASS
mt/set_11/ambiegen/test-567,0.11570483446121216,0.27293941161763474,0.14285714285714285,0.15790829023041447,PASS
mt/set_9/ambiegen/test-595,0.40106847882270813,0.49662471872656055,0.14285714285714285,0.28474217062536183,PASS
mt/set_10/ambiegen/test-130,0.26584431529045105,0.5924660388365698,0.14285714285714285,0.2623831076998146,PASS
mt/set_10/ambiegen/test-546,0.5745843648910522,0.23824207572853287,0.14285714285714285,0.1976638339312261,PASS
mt_set5/ambiegen/test-758,0.5181625485420227,0.4214240075561852,0.14285714285714285,0.28720005940895943,PASS
mt/set_12/ambiegen/test-871,0.9089323878288269,0.8629885823818652,0.14285714285714285,0.797407931734959,PASS
mt/set_8/ambiegen/odr/test-854,0.31399446725845337,0.6556935300163903,0.14285714285714285,0.3038849310339607,PASS
mt/set_8/ambiegen/odr/test-952,0.5798009634017944,0.5451565408228464,0.14285714285714285,0.37611072137361967,PASS
mt/set_10/ambiegen/test-532,0.37930989265441895,0.4012834402866905,0.14285714285714285,0.24088079399422352,PASS
mt/set_8/ambiegen/odr/test-706,0.7065903544425964,0.8150123621412896,0.5714285714285715,0.7435425284447421,PASS
mt/set_17/ambiegen/test-482,0.18809759616851807,0.20232241575686857,0.14285714285714285,0.15404241774508617,PASS
mt_set5/ambiegen/test-187,0.35605350136756897,0.8879073256104675,0.14285714285714285,0.40813487337848586,PASS
mt/set_10/ambiegen/test-545,0.6514250636100769,0.33813928938522647,0.14285714285714285,0.27006882758111206,PASS
mt/set_7/ambiegen/odr/test-518,0.5406975746154785,0.11323165819373837,0.14285714285714285,0.126838715152832,PASS
mt/set_11/ambiegen/test-313,0.2574377655982971,0.3086090507542295,0.14285714285714285,0.18552794366982356,PASS
mt/set_10/ambiegen/test-852,0.3501274883747101,0.23146373308886845,0.14285714285714285,0.1738807500058987,PASS
mt/set_14/ambiegen/test-399,0.5130900740623474,0.41681251215379056,0.14285714285714285,0.28342092357933757,PASS
mt_set5/ambiegen/test-83,0.06456513702869415,0.4038669889157429,0.14285714285714285,0.15970928146249205,PASS
mt/set_14/ambiegen/test-428,0.10914133489131927,0.4033669472456038,0.14285714285714285,0.17128952853163862,PASS
mt/set_8/ambiegen/odr/test-468,0.05038207396864891,0.6387754535100146,0.14285714285714285,0.1678425353346789,PASS
mt/set_18/ambiegen/test-431,0.42179957032203674,0.7095313498347084,0.14285714285714285,0.3818800841303356,PASS
mt/set_8/ambiegen/odr/test-430,0.37803515791893005,0.4814290079728866,0.14285714285714285,0.2708492070956051,PASS
mt/set_17/ambiegen/test-320,0.10476154088973999,0.009611912103786403,0.28571428571428575,0.25678937561153514,PASS
mt/set_12/ambiegen/test-386,0.796340823173523,0.6860293913381671,0.14285714285714285,0.5754073783375351,PASS
mt/set_10/ambiegen/test-77,0.5982697606086731,0.2225463233047198,0.14285714285714285,0.19053276976661607,PASS
mt_set5/ambiegen/test-487,0.5310674905776978,0.24513153873933935,0.14285714285714285,0.19717174962865097,PASS
mt/set_7/ambiegen/odr/test-568,0.14716273546218872,0.2669389115759646,0.14285714285714285,0.16111735536279131,PASS
mt/set_18/ambiegen/test-359,0.319533109664917,0.5734088951857098,0.14285714285714285,0.280432683150369,PASS
mt/set_16/ambiegen/test-139,0.12197665870189667,0.37164208128455145,0.14285714285714285,0.1707635630791,PASS
mt/set_9/ambiegen/test-758,0.5034289360046387,0.31824874295080147,0.14285714285714285,0.23115434947644448,PASS
mt/set_11/ambiegen/test-457,0.4724790155887604,0.9686640553379449,0.14285714285714285,0.5330335841899404,PASS
mt_set5/ambiegen/test-870,0.27737560868263245,0.1461232880517821,0.14285714285714285,0.1437630961260264,PASS
mt/set_9/ambiegen/test-804,0.1508631706237793,0.2768564047003917,0.14285714285714285,0.1630726963600614,PASS
mt/set_7/ambiegen/odr/test-349,0.6965490579605103,0.5528794066172181,0.14285714285714285,0.4284577644220592,PASS
mt/set_9/ambiegen/test-235,0.49530836939811707,0.883740311692641,0.14285714285714285,0.5098227728700886,PASS
mt/set_10/ambiegen/test-732,0.39715665578842163,0.49065199877767596,0.14285714285714285,0.28098618473495773,PASS
mt/set_13/ambiegen/test-722,0.4021624028682709,0.5113481679028807,0.14285714285714285,0.29105037466745437,PASS
mt/set_9/ambiegen/test-864,0.30645740032196045,0.7308942411867656,0.14285714285714285,0.32306546330410807,PASS
mt/set_11/ambiegen/test-589,0.6225039958953857,0.25085423785315447,0.28571428571428575,0.26401376662362713,PASS
mt/set_7/ambiegen/odr/test-324,0.12969671189785004,0.544212017668139,0.14285714285714285,0.19491154829556495,PASS
mt/set_8/ambiegen/odr/test-623,0.7409676313400269,0.6791121482345751,0.14285714285714285,0.5402047439858921,PASS
mt/set_14/ambiegen/test-190,0.34755656123161316,0.25929938605994945,0.28571428571428575,0.27653360551019723,PASS
mt/set_13/ambiegen/test-139,0.7742632627487183,0.6108842403533628,0.28571428571428575,0.5374814357409903,PASS
mt/set_8/ambiegen/odr/test-776,0.37688004970550537,0.4379253826707781,0.14285714285714285,0.25406247574462165,PASS
mt/set_18/ambiegen/test-454,0.4502032399177551,0.10584215351279272,0.14285714285714285,0.12619287472879526,PASS
mt/set_13/ambiegen/test-929,0.28620675206184387,0.4961802372419924,0.14285714285714285,0.24398060238694558,PASS
mt/set_17/ambiegen/test-863,0.8173531889915466,0.8525154874017279,0.14285714285714285,0.7228986538651211,PASS
mt/set_16/ambiegen/test-392,0.3910413682460785,0.6338305969941939,0.14285714285714285,0.3348480698779239,PASS
mt/set_11/ambiegen/test-159,0.8031715750694275,0.5392671611523182,0.8571428571428572,0.6018341337178454,PASS
mt_set5/ambiegen/test-964,0.23424749076366425,0.5010139733866711,0.14285714285714285,0.22675447957981448,PASS
mt/set_10/ambiegen/test-613,0.4090648293495178,0.6304692057671473,0.14285714285714285,0.34232208816019016,PASS
mt/set_14/ambiegen/test-482,0.710942804813385,0.4122287968441814,0.14285714285714285,0.33436498207990867,PASS
mt_set5/ambiegen/test-691,0.8211055397987366,0.7887879545517682,0.14285714285714285,0.6732345106662943,PASS
mt_set5/ambiegen/test-842,0.8596355319023132,0.6728894074506209,0.14285714285714285,0.5984917105563449,PASS
mt/set_7/ambiegen/odr/test-344,0.21423062682151794,0.16870850348640168,0.14285714285714285,0.14839529179146344,PASS
mt/set_16/ambiegen/test-896,0.42419490218162537,0.9391615967997333,0.8571428571428572,0.8919347628438182,PASS
mt_set5/ambiegen/test-301,0.33113646507263184,0.5382115176264689,0.14285714285714285,0.27377339296925796,PASS
mt/set_14/ambiegen/test-442,0.5717083215713501,0.6377753701697364,0.14285714285714285,0.4258060119090936,PASS
mt/set_14/ambiegen/test-222,0.7015151977539062,0.44756507486735,0.14285714285714285,0.3566143880384671,PASS
mt/set_16/ambiegen/test-427,0.3053426742553711,0.5493513348334583,0.14285714285714285,0.26697716650446723,PASS
mt/set_18/ambiegen/test-467,0.663205087184906,0.6250798677667584,0.14285714285714285,0.4626697071733674,PASS
mt/set_2/ambiegen/odr/test-835,0.5293468236923218,0.2666611106481096,0.4285714285714286,0.3428647160557057,PASS
mt/set_18/ambiegen/test-635,0.63792884349823,0.7616190238075394,0.14285714285714285,0.5375831939726188,PASS
mt/set_2/ambiegen/odr/test-464,0.20178675651550293,0.555379614967914,0.14285714285714285,0.22609871449413238,PASS
mt/set_14/ambiegen/test-461,0.7443671226501465,0.12439925549351329,0.14285714285714285,0.12911769835007741,PASS
mt/set_14/ambiegen/test-581,0.2539476156234741,0.4197849820818401,0.14285714285714285,0.21318230732801552,PASS
mt/set_13/ambiegen/test-455,0.8450458645820618,0.3179709420229463,0.14285714285714285,0.29083633467345876,PASS
mt/set_7/ambiegen/odr/test-683,0.423335462808609,0.282051282051282,0.14285714285714285,0.20178296245061433,PASS
mt/set_14/ambiegen/test-294,0.2372080683708191,0.7304497597021974,0.14285714285714285,0.28223885248791303,PASS
mt/set_13/ambiegen/test-778,0.485736221075058,0.5933827818984916,0.14285714285714285,0.36169376000503856,PASS
mt/set_9/ambiegen/test-817,0.052999407052993774,0.3520015556851959,0.14285714285714285,0.15394167698295083,PASS
mt_set5/ambiegen/test-384,0.4531940817832947,0.6414979026029947,0.14285714285714285,0.3688381841098886,PASS
mt/set_14/ambiegen/test-81,0.4025583863258362,0.3453898936022446,0.14285714285714285,0.22438840017522382,PASS
mt/set_9/ambiegen/test-394,0.14837896823883057,0.5483234714003945,0.14285714285714285,0.20301981834197724,PASS
mt/set_16/ambiegen/test-329,0.6826304197311401,0.6140511709309109,0.14285714285714285,0.4645085200159458,PASS
mt/set_2/ambiegen/odr/test-382,0.20391960442066193,0.7049754146178847,0.14285714285714285,0.2574840806009568,PASS
mt/set_18/ambiegen/test-163,0.4717274308204651,0.3992554935133483,0.14285714285714285,0.2638072780787994,PASS
mt/set_12/ambiegen/test-633,0.2578505575656891,0.33988943523071363,0.14285714285714285,0.19366203356158856,PASS
mt/set_14/ambiegen/test-838,0.7299025654792786,0.6286634997360891,0.8571428571428572,0.6903751880126002,PASS
mt_set5/ambiegen/test-458,0.47790461778640747,0.29555240714503983,0.14285714285714285,0.21583091477444474,PASS
mt/set_2/ambiegen/odr/test-271,0.44200071692466736,0.3612245464899852,0.14285714285714285,0.23937568755836275,PASS
mt/set_18/ambiegen/test-444,0.5993731021881104,0.39467177820373917,0.8571428571428572,0.5799501318868355,PASS
mt/set_8/ambiegen/odr/test-409,0.7105833888053894,0.4208961857932605,0.4285714285714286,0.42311752854821383,PASS
mt/set_13/ambiegen/test-209,0.19646143913269043,0.10167513959496625,0.14285714285714285,0.13476646722988847,PASS
mt/set_2/ambiegen/odr/test-161,0.25607484579086304,0.044614829013528826,0.14285714285714285,0.11769975748950183,PASS
mt/set_12/ambiegen/test-84,0.3058306574821472,0.5709642470205849,0.14285714285714285,0.2737854199962264,PASS
mt/set_8/ambiegen/odr/test-582,0.17618505656719208,0.10825902158513208,0.14285714285714285,0.13676146877497775,PASS
mt/set_18/ambiegen/test-350,0.43959975242614746,0.20410034169514119,0.14285714285714285,0.16977963790411224,PASS
mt/set_7/ambiegen/odr/test-385,0.31532469391822815,0.6158290968691835,0.14285714285714285,0.2919968837453705,PASS
mt/set_17/ambiegen/test-371,0.7307007312774658,0.827624524265911,0.14285714285714285,0.6432171692074852,PASS
mt/set_13/ambiegen/test-166,0.4628053605556488,0.20132233241659026,0.14285714285714285,0.16991514173368263,PASS
mt/set_17/ambiegen/test-421,0.25746074318885803,0.7191988221240659,0.14285714285714285,0.29124250418939396,PASS
mt/set_12/ambiegen/test-298,0.16520698368549347,0.19157151984887627,0.14285714285714285,0.15090510027080245,PASS
mt/set_17/ambiegen/test-493,0.9487791657447815,0.7183098591549295,0.14285714285714285,0.6888346909517253,PASS
mt/set_9/ambiegen/test-685,0.2966129183769226,0.569547462288524,0.14285714285714285,0.2694190037468661,PASS
mt/set_17/ambiegen/test-840,0.18642759323120117,0.34516765285996054,0.14285714285714285,0.18057340432234498,PASS
mt/set_7/ambiegen/odr/test-493,0.32137104868888855,0.3692807733977831,0.14285714285714285,0.21562313819445922,PASS
mt/set_12/ambiegen/test-936,0.595592737197876,0.6282467983443064,0.14285714285714285,0.4319516963762766,PASS
mt/set_7/ambiegen/odr/test-161,0.05359538272023201,0.24613162207961767,0.14285714285714285,0.14839218075722568,PASS
mt/set_10/ambiegen/test-448,0.11660628020763397,0.5373225546573326,0.4285714285714286,0.4412524864664853,PASS
mt/set_13/ambiegen/test-720,0.82057785987854,0.3669472456038003,0.14285714285714285,0.3267405197889572,PASS
mt/set_12/ambiegen/test-222,0.6479172706604004,0.7058088174014501,0.14285714285714285,0.5076032553415923,PASS
mt_set5/ambiegen/test-790,0.2837607264518738,0.3049420785065422,0.14285714285714285,0.18885048194392162,PASS
mt/set_2/ambiegen/odr/test-261,0.940281331539154,0.8876573047753978,0.14285714285714285,0.8431788308362173,PASS
mt/set_12/ambiegen/test-588,0.832679808139801,0.29813595577409224,0.14285714285714285,0.27215467500500434,PASS
mt/set_18/ambiegen/test-481,0.20391055941581726,0.09095202377975936,0.14285714285714285,0.13227313673205435,PASS
mt/set_8/ambiegen/odr/test-135,0.8462186455726624,0.32038781009528566,0.14285714285714285,0.2930869036350151,PASS
mt/set_8/ambiegen/odr/test-930,0.3906841576099396,0.6360807845098203,0.14285714285714285,0.33555181006700047,PASS
mt/set_9/ambiegen/test-173,0.19415785372257233,0.017390338083729154,0.14285714285714285,0.11849677945764517,PASS
mt/set_18/ambiegen/test-396,0.750322163105011,0.9744700947301164,0.14285714285714285,0.7668347717726158,PASS
mt_set5/ambiegen/test-352,0.5525925159454346,0.37030863683084697,0.14285714285714285,0.2685451361676199,PASS
mt/set_14/ambiegen/test-738,0.4031127095222473,0.064505375447954,0.14285714285714285,0.11127254960096783,PASS
mt/set_2/ambiegen/odr/test-753,0.7133851051330566,0.5916881962385754,0.14285714285714285,0.46304653106063665,PASS
mt/set_11/ambiegen/test-595,0.2517983317375183,0.6190793677250882,0.14285714285714285,0.2627691046152208,PASS
mt/set_16/ambiegen/test-155,0.5162306427955627,0.44320360030002504,0.14285714285714285,0.29790518764425206,PASS
mt/set_16/ambiegen/test-729,0.536268413066864,0.9113815040142235,0.4285714285714286,0.6874872215418291,PASS
mt/set_10/ambiegen/test-243,0.3471314013004303,0.03214156735283494,0.14285714285714285,0.10442429424402347,PASS
mt/set_18/ambiegen/test-399,0.30606809258461,0.4974303414173404,0.14285714285714285,0.2513806896795613,PASS
mt/set_14/ambiegen/test-614,0.29559993743896484,0.41406228296802505,0.14285714285714285,0.2230253653070453,PASS
mt/set_18/ambiegen/test-658,0.2583101987838745,0.5773814484540378,0.4285714285714286,0.4670105743883377,PASS
mt/set_2/ambiegen/odr/test-367,0.4215054214000702,0.6289690807567297,0.14285714285714285,0.3477559558316384,PASS
mt/set_2/ambiegen/odr/test-45,0.19295275211334229,0.15542961913492784,0.14285714285714285,0.14528303675582116,PASS
mt/set_18/ambiegen/test-951,0.17737828195095062,0.5187098924910409,0.14285714285714285,0.2095252557250072,PASS
mt/set_8/ambiegen/odr/test-305,0.3965798020362854,0.5750757007528405,0.14285714285714285,0.3142662929838274,PASS
mt/set_14/ambiegen/test-603,0.443226158618927,0.7861766258299302,0.14285714285714285,0.42799316605988563,PASS
mt/set_17/ambiegen/test-107,0.1488802433013916,0.7358113176098008,0.14285714285714285,0.23113630466089444,PASS
mt/set_9/ambiegen/test-14,0.1530604064464569,0.7052532155457399,0.14285714285714285,0.22893771006927602,PASS
mt/set_14/ambiegen/test-912,0.5793649554252625,0.4997360891185377,0.14285714285714285,0.3496202976500905,PASS
mt/set_8/ambiegen/odr/test-150,0.374153733253479,0.4512320471150373,0.14285714285714285,0.25823676452691824,PASS
mt/set_7/ambiegen/odr/test-297,0.7082562446594238,0.3271661527349501,0.14285714285714285,0.27339515005009524,PASS
mt/set_2/ambiegen/odr/test-125,0.2921633720397949,0.2555490735339056,0.14285714285714285,0.17578159732534065,PASS
mt/set_7/ambiegen/odr/test-951,0.2625536024570465,0.10078617662582988,0.14285714285714285,0.13181126337173749,PASS
mt/set_7/ambiegen/odr/test-613,0.11904352903366089,0.11775981331777642,0.14285714285714285,0.13986946817945592,PASS
mt/set_2/ambiegen/odr/test-171,0.35304826498031616,0.7458121510125845,0.14285714285714285,0.3557293623476139,PASS
mt/set_18/ambiegen/test-383,0.14420820772647858,0.5726866127732867,0.14285714285714285,0.2048420824705096,PASS
mt_set5/ambiegen/test-718,0.17316608130931854,0.21165652693279993,0.14285714285714285,0.1547708604652818,PASS
mt/set_12/ambiegen/test-69,0.2275448590517044,0.3091368725171542,0.14285714285714285,0.18069324263452297,PASS
mt/set_10/ambiegen/test-561,0.19530579447746277,0.11042586882240181,0.14285714285714285,0.13652312285839682,PASS
mt/set_7/ambiegen/odr/test-296,0.7379252910614014,0.33611134261188436,0.14285714285714285,0.28546430445999865,PASS
mt/set_7/ambiegen/odr/test-863,0.5672581791877747,0.4149790260299469,0.4285714285714286,0.4208610270549604,PASS
mt/set_18/ambiegen/test-828,0.2944592833518982,0.2526043836986416,0.14285714285714285,0.17517323674517873,PASS
mt/set_17/ambiegen/test-243,0.5023273229598999,0.6850848681834598,0.14285714285714285,0.4152329445549475,PASS
mt/set_2/ambiegen/odr/test-39,0.2254047393798828,0.5668527932883296,0.14285714285714285,0.2384277719407884,PASS
mt/set_13/ambiegen/test-100,0.7874021530151367,0.5927716198572103,0.14285714285714285,0.49712077071967514,PASS
mt/set_12/ambiegen/test-170,0.7020329236984253,0.7060588382365197,0.14285714285714285,0.5382432756962368,PASS
mt/set_16/ambiegen/test-694,0.3115629553794861,0.6780565047087257,0.14285714285714285,0.309605437752837,PASS
mt_set5/ambiegen/test-102,0.585997998714447,0.41303441953496123,0.14285714285714285,0.3011804862884639,PASS
mt/set_16/ambiegen/test-808,0.5446295142173767,0.6353307220046115,0.14285714285714285,0.4110727890331215,PASS
mt/set_17/ambiegen/test-122,0.49177467823028564,0.5666861127316165,0.14285714285714285,0.3512854981418355,PASS
mt/set_9/ambiegen/test-858,0.8340131044387817,0.7748701280662278,0.14285714285714285,0.6699642546969936,PASS
mt/set_11/ambiegen/test-900,0.568597137928009,0.48545712142678554,0.14285714285714285,0.3376585101260389,PASS
mt/set_11/ambiegen/test-738,0.1441504806280136,0.7043642525766036,0.14285714285714285,0.22379866047051258,PASS
mt/set_7/ambiegen/odr/test-245,0.06862440705299377,0.3792816068005667,0.14285714285714285,0.15908163576555684,PASS
mt/set_18/ambiegen/test-32,0.44062429666519165,0.1284551490401978,0.14285714285714285,0.136511274460975,PASS
mt/set_18/ambiegen/test-889,0.481932669878006,0.16581937383670856,0.14285714285714285,0.15392339639695501,PASS
mt/set_17/ambiegen/test-18,0.1379450410604477,0.20137789260216127,0.14285714285714285,0.1509297879548703,PASS
mt/set_7/ambiegen/odr/test-87,0.5476664900779724,0.20229463566408304,0.5714285714285715,0.3692662844597664,PASS
mt/set_7/ambiegen/odr/test-935,0.8816930055618286,0.7843153596133011,0.4285714285714286,0.7422283643421171,PASS
mt/set_16/ambiegen/test-625,0.30670166015625,0.7578687112814957,0.28571428571428575,0.43052483188586965,PASS
mt/set_13/ambiegen/test-39,0.05901724472641945,0.45703808650720895,0.14285714285714285,0.16139923702910053,PASS
mt/set_10/ambiegen/test-737,0.49053695797920227,0.5004028113453898,0.14285714285714285,0.31824651167348245,PASS
mt/set_17/ambiegen/test-229,0.5126998424530029,0.38533766702780786,0.14285714285714285,0.26717686939736435,PASS
mt/set_10/ambiegen/test-663,0.2886814475059509,0.40672833847265055,0.14285714285714285,0.21903186156255355,PASS
mt/set_7/ambiegen/odr/test-389,0.21251358091831207,0.5918548767952885,0.14285714285714285,0.23827526124928305,PASS
mt/set_17/ambiegen/test-260,0.6319999694824219,0.7510625885490457,0.14285714285714285,0.5272429659734683,PASS
mt/set_7/ambiegen/odr/test-608,0.12672564387321472,0.4664277578687112,0.14285714285714285,0.1838618331254613,PASS
mt/set_7/ambiegen/odr/test-342,0.5376212000846863,0.928521821262883,0.14285714285714285,0.565247130125786,PASS
mt/set_12/ambiegen/test-31,0.5116943717002869,0.9653026641108982,0.14285714285714285,0.5636978871127981,PASS
mt/set_17/ambiegen/test-677,0.8636937141418457,0.826041058977137,0.14285714285714285,0.7329187968127918,PASS
mt/set_11/ambiegen/test-568,0.43115121126174927,0.42442425757702024,0.14285714285714285,0.2642551454200939,PASS
mt/set_7/ambiegen/odr/test-457,0.039468299597501755,0.3490568658499319,0.14285714285714285,0.1509954968976971,PASS
mt/set_2/ambiegen/odr/test-458,0.061458244919776917,0.008695169041864521,0.14285714285714285,0.1346117855402201,PASS
mt/set_8/ambiegen/odr/test-625,0.3597474992275238,0.2482984693168875,0.14285714285714285,0.1807893921087943,PASS
mt/set_8/ambiegen/odr/test-941,0.5161145925521851,0.5389615801316777,0.14285714285714285,0.34729242310920194,PASS
mt/set_18/ambiegen/test-733,0.24619898200035095,0.4823735311275939,0.14285714285714285,0.22644572776428917,PASS
mt/set_14/ambiegen/test-330,0.2955694794654846,0.9152984970969803,0.14285714285714285,0.3711672318474256,PASS
mt/set_2/ambiegen/odr/test-681,0.4935777187347412,0.5296274689557462,0.14285714285714285,0.3337583580871834,PASS
mt/set_10/ambiegen/test-706,0.34243038296699524,0.4541211767647304,0.14285714285714285,0.2494434094494445,PASS
mt/set_9/ambiegen/test-248,0.809398353099823,0.30005278217629244,0.14285714285714285,0.2700910344365363,PASS
mt_set5/ambiegen/test-882,0.8867881298065186,0.4813456676945301,0.14285714285714285,0.4430247487586568,PASS
mt/set_7/ambiegen/odr/test-530,0.36393359303474426,0.9679417729255216,0.4285714285714286,0.6248664287410248,PASS
mt/set_9/ambiegen/test-165,0.3563246726989746,0.28621829596910847,0.14285714285714285,0.1939402588175116,PASS
mt/set_9/ambiegen/test-756,0.248891219496727,0.38161513459454954,0.14285714285714285,0.20228190845651817,PASS
mt/set_17/ambiegen/test-114,0.4377411901950836,0.22221296219129372,0.14285714285714285,0.1775944579188547,PASS
mt/set_11/ambiegen/test-320,0.3205461800098419,0.5129594132844404,0.14285714285714285,0.26149201611305717,PASS
mt/set_10/ambiegen/test-326,0.8840014338493347,0.6584159791093702,0.14285714285714285,0.5986118933378062,PASS
mt_set5/ambiegen/test-795,0.7537775635719299,0.5189599133261105,0.14285714285714285,0.42635497283389406,PASS
mt/set_14/ambiegen/test-748,0.5328078866004944,0.21899047142817454,0.14285714285714285,0.18342158075293527,PASS
mt/set_18/ambiegen/test-804,0.42548125982284546,0.4325638247631747,0.14285714285714285,0.2661219068536176,PASS
mt/set_18/ambiegen/test-288,0.4983915090560913,0.903241936828069,0.14285714285714285,0.5218264677876178,PASS
mt/set_2/ambiegen/odr/test-115,0.7617705464363098,0.9879434397310887,0.14285714285714285,0.786618993012646,PASS
mt/set_18/ambiegen/test-799,0.4363026022911072,0.29849709698030386,0.14285714285714285,0.21076325986154654,PASS
mt/set_12/ambiegen/test-408,0.2750591039657593,0.6686946134400088,0.14285714285714285,0.28749352634728725,PASS
mt/set_9/ambiegen/test-272,0.733582079410553,0.4178403755868544,0.14285714285714285,0.3445799145260407,PASS
mt/set_14/ambiegen/test-811,0.771202027797699,0.6688335139039364,0.14285714285714285,0.548491186782105,PASS
mt/set_16/ambiegen/test-91,0.131195068359375,0.4522599105481012,0.14285714285714285,0.18344926011493795,PASS
mt/set_12/ambiegen/test-413,0.44617560505867004,0.7172819957218658,0.14285714285714285,0.39915150340227273,PASS
mt/set_9/ambiegen/test-901,0.472758412361145,0.13362224629830258,0.14285714285714285,0.13849126782166613,PASS
mt/set_17/ambiegen/test-485,0.5207382440567017,0.42639664416479145,0.14285714285714285,0.29050700488880066,PASS
mt/set_16/ambiegen/test-948,0.3816739320755005,0.07828430146956687,0.14285714285714285,0.11821137257945911,PASS
mt/set_14/ambiegen/test-475,0.9724408984184265,0.7779259382726339,0.14285714285714285,0.7604240128284909,PASS
mt/set_7/ambiegen/odr/test-198,0.40234556794166565,0.19762758007611742,0.14285714285714285,0.16489378978389913,PASS
mt/set_11/ambiegen/test-422,0.5423088073730469,0.5100147234491763,0.28571428571428575,0.4073543885955466,PASS
mt/set_12/ambiegen/test-128,0.33385181427001953,0.6568047337278107,0.14285714285714285,0.31443947850902104,PASS
mt/set_9/ambiegen/test-488,0.6458125710487366,0.6893907825652137,0.14285714285714285,0.49581543788163596,PASS
mt/set_18/ambiegen/test-17,0.4010365903377533,0.2654110064727616,0.14285714285714285,0.19200572219679402,PASS
mt/set_14/ambiegen/test-134,0.5001943707466125,0.840153346112176,0.14285714285714285,0.4916407784682962,PASS
mt/set_11/ambiegen/test-797,0.40876448154449463,0.719809984165347,0.14285714285714285,0.37869497191011403,PASS
mt/set_18/ambiegen/test-282,0.6137953996658325,0.36528044003666976,0.14285714285714285,0.2793795394444428,PASS
mt/set_13/ambiegen/test-712,0.4571477770805359,0.861460677278662,0.28571428571428575,0.5489154687800801,PASS
mt/set_14/ambiegen/test-920,0.7246543765068054,0.848654054504542,0.14285714285714285,0.6543159638074177,PASS
mt/set_11/ambiegen/test-544,0.35761305689811707,0.39850543100813957,0.14285714285714285,0.23428030441611683,PASS
mt/set_2/ambiegen/odr/test-119,0.31166377663612366,0.2281301219546073,0.14285714285714285,0.16943364582514647,PASS
mt/set_9/ambiegen/test-787,0.1371503472328186,0.503347501180654,0.14285714285714285,0.1922985206752956,PASS
mt/set_9/ambiegen/test-69,0.4675467610359192,0.5173764480373364,0.14285714285714285,0.3179624309395653,PASS
mt/set_7/ambiegen/odr/test-44,0.8232813477516174,0.6758063171930994,0.14285714285714285,0.5816242573875609,PASS
mt/set_16/ambiegen/test-379,0.47086548805236816,0.5728255132372141,0.14285714285714285,0.34531440942323655,PASS
mt/set_14/ambiegen/test-923,0.7428863048553467,0.5766869461344002,0.4285714285714286,0.5386044181055218,PASS
mt/set_7/ambiegen/odr/test-31,0.733233630657196,0.5913270550323637,0.4285714285714286,0.5479093274712665,PASS
mt_set5/ambiegen/test-265,0.0714944526553154,0.2991360391143706,0.14285714285714285,0.15403021594226152,PASS
mt/set_9/ambiegen/test-619,0.5122267007827759,0.12581604022557433,0.14285714285714285,0.13412823507847382,PASS
mt/set_13/ambiegen/test-167,0.3115583062171936,0.41156207461732924,0.14285714285714285,0.22657439626855314,PASS
mt/set_18/ambiegen/test-251,0.18594487011432648,0.519154373975609,0.14285714285714285,0.21282768475058406,PASS
mt/set_8/ambiegen/odr/test-202,0.15772481262683868,0.3744756507486735,0.14285714285714285,0.1793891307439798,PASS
mt/set_17/ambiegen/test-451,0.31233957409858704,0.9688585159874433,0.14285714285714285,0.40085006420298364,PASS
mt/set_17/ambiegen/test-822,0.2224394977092743,0.5749090201961274,0.14285714285714285,0.23896254117930094,PASS
mt/set_8/ambiegen/odr/test-245,0.31106504797935486,0.3929771925438231,0.14285714285714285,0.22066074385605403,PASS
mt/set_10/ambiegen/test-861,0.19919650256633759,0.4961246770564214,0.14285714285714285,0.21322679801113587,PASS
mt/set_11/ambiegen/test-57,0.4898366928100586,0.16118009834152844,0.14285714285714285,0.1518323987741202,PASS
mt/set_7/ambiegen/odr/test-47,0.39881181716918945,0.8154846237186432,0.14285714285714285,0.41110893077745203,PASS
mt/set_14/ambiegen/test-579,0.6864391565322876,0.584909853598911,0.14285714285714285,0.4462994327615335,PASS
mt/set_9/ambiegen/test-587,0.8396220803260803,0.42945245437119756,0.4285714285714286,0.4293111572862516,PASS
mt/set_9/ambiegen/test-943,0.15487812459468842,0.13012195460732837,0.14285714285714285,0.14088473865591394,PASS
mt/set_18/ambiegen/test-517,0.6756225824356079,0.8818234852904409,0.4285714285714286,0.7347987536261783,PASS
mt/set_7/ambiegen/odr/test-480,0.2767745554447174,0.4435091813206656,0.14285714285714285,0.22606998140390705,PASS
mt/set_14/ambiegen/test-467,0.3587210774421692,0.38800455593521677,0.14285714285714285,0.23079668700867004,PASS
mt/set_9/ambiegen/test-43,0.6920856237411499,0.20426702225185428,0.14285714285714285,0.1853580375419005,PASS
mt/set_18/ambiegen/test-797,0.30571064352989197,0.08125677139761642,0.14285714285714285,0.12402524939909601,PASS
mt/set_10/ambiegen/test-427,0.31348860263824463,0.7675639636636387,0.14285714285714285,0.3386956111703515,PASS
mt_set5/ambiegen/test-252,0.11416084319353104,0.013695585743256328,0.14285714285714285,0.1281119516532008,PASS
mt/set_13/ambiegen/test-255,0.9065176844596863,0.9841931272050448,0.14285714285714285,0.9055430912408138,PASS
mt/set_14/ambiegen/test-87,0.4062739610671997,0.5707697863710864,0.14285714285714285,0.3167069075282893,PASS
mt/set_9/ambiegen/test-18,0.6415553689002991,0.5285440453371115,0.14285714285714285,0.3902966458576928,PASS
mt/set_9/ambiegen/test-882,0.5401208400726318,0.8762952468261244,0.14285714285714285,0.5390023477141475,PASS
mt/set_10/ambiegen/test-398,0.6862487196922302,0.6196905297663693,0.14285714285714285,0.4700834441301094,PASS
mt/set_10/ambiegen/test-603,0.3222683072090149,0.12681612356585265,0.14285714285714285,0.1376876307242316,PASS
mt/set_16/ambiegen/test-243,0.5223228335380554,0.5446287190599216,0.14285714285714285,0.352711610974429,PASS
mt/set_12/ambiegen/test-597,0.835139274597168,0.237103091924327,0.14285714285714285,0.22156563639483265,PASS
mt/set_8/ambiegen/odr/test-194,0.3327200412750244,0.3243603633636136,0.14285714285714285,0.20324690187560568,PASS
mt/set_12/ambiegen/test-565,0.4186192452907562,0.12789954718448762,0.14285714285714285,0.136595601187817,PASS
mt/set_18/ambiegen/test-871,0.4698884189128876,0.2820790621440675,0.14285714285714285,0.2082759061314189,PASS
mt_set5/ambiegen/test-507,0.22422239184379578,0.6223574186737784,0.14285714285714285,0.25037183733303403,PASS
mt/set_2/ambiegen/odr/test-395,0.6261634826660156,0.22349084645942718,0.14285714285714285,0.19334702352500843,PASS
mt_set5/ambiegen/test-645,0.8651350140571594,0.35450176403589184,0.14285714285714285,0.32595831517574203,PASS
mt/set_11/ambiegen/test-842,0.10019044578075409,0.30772008778509313,0.14285714285714285,0.15937483267346478,PASS
mt/set_7/ambiegen/odr/test-459,0.4032241404056549,0.5589910270300303,0.14285714285714285,0.3106523748538964,PASS
mt/set_9/ambiegen/test-626,0.08794237673282623,0.01941828485707141,0.14285714285714285,0.13200163843216803,PASS
mt/set_13/ambiegen/test-61,0.16215409338474274,0.11442620218351529,0.14285714285714285,0.13824695157687267,PASS
mt/set_13/ambiegen/test-843,0.5069400668144226,0.5391282606883907,0.14285714285714285,0.3437428498071416,PASS
mt_set5/ambiegen/test-274,0.8390688896179199,0.5027363391393728,0.14285714285714285,0.44482058047826295,PASS
mt/set_14/ambiegen/test-374,0.4299340844154358,0.7098924910409201,0.14285714285714285,0.386644966109723,PASS
mt/set_2/ambiegen/odr/test-162,0.674481987953186,0.11753757257549241,0.14285714285714285,0.12577954875945485,PASS
mt/set_16/ambiegen/test-386,0.36668458580970764,0.5322943578631553,0.14285714285714285,0.2856577709979832,PASS
mt/set_13/ambiegen/test-462,0.09725157171487808,0.0012501041753479516,0.4285714285714286,0.3870137485673086,PASS
mt/set_16/ambiegen/test-17,0.503690242767334,0.33413895602411314,0.14285714285714285,0.23920392576818994,PASS
mt/set_12/ambiegen/test-455,0.23002442717552185,0.15779092702169617,0.14285714285714285,0.14629227374768247,PASS
mt/set_9/ambiegen/test-294,0.7948532700538635,0.6107731199822207,0.14285714285714285,0.5147816873854598,PASS
mt/set_7/ambiegen/odr/test-930,0.42307978868484497,0.19423840875628526,0.14285714285714285,0.16459551797611185,PASS
mt/set_8/ambiegen/odr/test-428,0.2908460795879364,0.046531655415729026,0.14285714285714285,0.11484124821293601,PASS
mt/set_2/ambiegen/odr/test-155,0.1681777834892273,0.45476011889879714,0.14285714285714285,0.19531229403152184,PASS
mt/set_11/ambiegen/test-828,0.6587209105491638,0.5783259716087452,0.14285714285714285,0.42970956624817624,PASS
mt/set_10/ambiegen/test-804,0.34466680884361267,0.6490263077478678,0.14285714285714285,0.3173168493975908,PASS
mt/set_8/ambiegen/odr/test-29,0.5099345445632935,0.9708864627607856,0.14285714285714285,0.5650978969872605,PASS
mt/set_17/ambiegen/test-709,0.23292899131774902,0.27407839542184065,0.14285714285714285,0.17342237685648948,PASS
mt/set_11/ambiegen/test-903,0.30190253257751465,0.25952162680223345,0.14285714285714285,0.1780784460220145,PASS
mt/set_12/ambiegen/test-775,0.28990688920021057,0.6764730394199517,0.14285714285714285,0.29755607171492277,PASS
mt/set_9/ambiegen/test-782,0.7532255053520203,0.6907242270189182,0.8571428571428572,0.7317921003677623,PASS
mt/set_9/ambiegen/test-529,0.6210201978683472,0.46581659582743,0.14285714285714285,0.34342148624420377,PASS
mt/set_16/ambiegen/test-370,0.7127187252044678,0.650387532294358,0.14285714285714285,0.5045835550193619,PASS
mt/set_2/ambiegen/odr/test-147,0.5186672806739807,0.4932633274995138,0.5714285714285715,0.5308868169166687,PASS
mt/set_8/ambiegen/odr/test-587,0.33178943395614624,0.6317470900352807,0.14285714285714285,0.30506566169822746,PASS
mt/set_8/ambiegen/odr/test-654,0.08700812608003616,0.24918743228602377,0.14285714285714285,0.1521087431502663,PASS
mt_set5/ambiegen/test-628,0.13361956179141998,0.7490068616829181,0.14285714285714285,0.22385060479537267,PASS
mt/set_14/ambiegen/test-888,0.46078649163246155,0.8058171514292858,0.14285714285714285,0.44834016355720185,PASS
mt/set_11/ambiegen/test-845,0.8566320538520813,0.46051059810539763,0.14285714285714285,0.4149692746396655,PASS
mt/set_11/ambiegen/test-67,0.5749861598014832,0.6343584187571185,0.14285714285714285,0.4254635740243991,PASS
mt/set_17/ambiegen/test-357,0.5626161694526672,0.5782148512376032,0.14285714285714285,0.38779642908784884,PASS
mt/set_7/ambiegen/odr/test-173,0.17359240353107452,0.09728588493485567,0.14285714285714285,0.1349463207912158,PASS
mt/set_2/ambiegen/odr/test-276,0.08669455349445343,0.7926771675417397,0.14285714285714285,0.199193001877666,PASS
mt/set_8/ambiegen/odr/test-145,0.13237115740776062,0.7221712920521155,0.4285714285714286,0.46743556954270377,PASS
mt/set_7/ambiegen/odr/test-218,0.6077063083648682,0.33266661110648105,0.14285714285714285,0.25820555409964685,PASS
mt/set_8/ambiegen/odr/test-826,0.4860475957393646,0.5906047726199406,0.4285714285714286,0.5073273331033933,PASS
mt/set_9/ambiegen/test-68,0.3206869065761566,0.28991304830958126,0.14285714285714285,0.19001604201296646,PASS
mt/set_11/ambiegen/test-269,0.6840696334838867,0.8160957857599245,0.28571428571428575,0.6485321640571399,PASS
mt/set_11/ambiegen/test-918,0.5861034393310547,0.36091896546934465,0.14285714285714285,0.27066392707695264,PASS
mt/set_9/ambiegen/test-58,0.46013686060905457,0.21560130010834228,0.28571428571428575,0.25345270811468984,PASS
mt/set_8/ambiegen/odr/test-531,0.24260450899600983,0.32647165041531234,0.14285714285714285,0.187402852436574,PASS
mt/set_16/ambiegen/test-740,0.5935732126235962,0.9144373142206295,0.14285714285714285,0.6008464639700325,PASS
mt/set_2/ambiegen/odr/test-716,0.6822565793991089,0.31827652304358695,0.14285714285714285,0.262538169143458,PASS
mt/set_8/ambiegen/odr/test-602,0.3978848457336426,0.8644609272994972,0.14285714285714285,0.42997235331080164,PASS
mt/set_7/ambiegen/odr/test-426,0.5587249398231506,0.7869544684279245,0.14285714285714285,0.50273038232693,PASS
mt_set5/ambiegen/test-674,0.6133074164390564,0.636830847015029,0.14285714285714285,0.44581487914304674,PASS
mt/set_9/ambiegen/test-15,0.5587903261184692,0.656388032336028,0.14285714285714285,0.42981323606095667,PASS
mt/set_12/ambiegen/test-93,0.11872170865535736,0.09517459788315687,0.14285714285714285,0.137196187516058,PASS
mt/set_13/ambiegen/test-128,0.3791758418083191,0.8278745451009807,0.14285714285714285,0.402599193006298,PASS
mt/set_7/ambiegen/odr/test-762,0.419167160987854,0.16104119787760088,0.14285714285714285,0.1504793015753152,PASS
mt/set_8/ambiegen/odr/test-477,0.35490691661834717,0.3879212156568602,0.14285714285714285,0.2298320773084247,PASS
mt/set_2/ambiegen/odr/test-25,0.4711931347846985,0.7757868711281495,0.14285714285714285,0.4410892856195859,PASS
mt/set_16/ambiegen/test-609,0.3114927113056183,0.30283079145484343,0.14285714285714285,0.19268777265376746,PASS
mt/set_12/ambiegen/test-643,0.7448003888130188,0.5725199322165736,0.14285714285714285,0.46287015543053306,PASS
mt/set_12/ambiegen/test-381,0.9495248794555664,0.7844542600772286,0.14285714285714285,0.7520695682445837,PASS
mt/set_9/ambiegen/test-166,0.41162529587745667,0.616023557518682,0.14285714285714285,0.33762441254894887,PASS
mt/set_14/ambiegen/test-476,0.35939210653305054,0.008472928299580513,0.14285714285714285,0.09456051690251109,PASS
mt/set_9/ambiegen/test-256,0.1703968346118927,0.00016668055671297877,0.14285714285714285,0.11854314400931662,PASS
mt/set_2/ambiegen/odr/test-650,0.2903807759284973,0.10903686418312639,0.14285714285714285,0.13303638409366392,PASS
mt/set_10/ambiegen/test-919,0.10429303348064423,0.5863821985165429,0.14285714285714285,0.18911371420779594,PASS
mt/set_16/ambiegen/test-405,0.5693841576576233,0.1983498624885407,0.14285714285714285,0.17445381828059697,PASS
mt/set_14/ambiegen/test-926,0.6085643768310547,0.6962524654832347,0.14285714285714285,0.4796338225123109,PASS
mt/set_11/ambiegen/test-289,0.6729695200920105,0.7975109036864183,0.14285714285714285,0.5834191701088501,PASS
mt/set_17/ambiegen/test-912,0.13568826019763947,0.16404144789843592,0.14285714285714285,0.14573160648042932,PASS
mt/set_12/ambiegen/test-628,0.7145228385925293,0.6589993610578659,0.14285714285714285,0.5116525457233682,PASS
mt/set_18/ambiegen/test-55,0.8510934710502625,0.9888046226074395,0.28571428571428575,0.8841098810025784,PASS
mt/set_8/ambiegen/odr/test-118,0.7842198014259338,0.4210628663499736,0.4285714285714286,0.42268306539712486,PASS
mt/set_7/ambiegen/odr/test-600,0.2495216727256775,0.0005278217629246735,0.14285714285714285,0.10734289257980348,PASS
mt/set_11/ambiegen/test-799,0.3599924147129059,0.6776953635025141,0.14285714285714285,0.3353948496454986,PASS
mt/set_13/ambiegen/test-114,0.30462056398391724,0.11256493596688612,0.14285714285714285,0.13362951370991533,PASS
mt/set_18/ambiegen/test-684,0.3477460443973541,0.5834930688668499,0.14285714285714285,0.2960865474038583,PASS
mt/set_14/ambiegen/test-401,0.2911820709705353,0.5297663694196739,0.14285714285714285,0.2555181769827033,PASS
mt/set_13/ambiegen/test-299,0.2583233118057251,0.10145289885268213,0.14285714285714285,0.13216146142309823,PASS
mt/set_17/ambiegen/test-927,0.5453611016273499,0.6111064810956469,0.14285714285714285,0.398222117795171,PASS
mt/set_14/ambiegen/test-28,0.7674989104270935,0.9354112842736895,0.14285714285714285,0.7511415828488229,PASS
mt/set_14/ambiegen/test-46,0.3233385980129242,0.5848265133205545,0.14285714285714285,0.28576289520996245,PASS
mt/set_11/ambiegen/test-726,0.6404823660850525,0.10011945439897764,0.14285714285714285,0.11548440703245136,PASS
mt/set_7/ambiegen/odr/test-0,0.6265067458152771,0.7842320193349447,0.14285714285714285,0.5446828295669258,PASS
mt/set_17/ambiegen/test-31,0.8506115078926086,0.9976664722060172,0.14285714285714285,0.8699677954552585,PASS
mt/set_2/ambiegen/odr/test-151,0.18063056468963623,0.3150540322804678,0.14285714285714285,0.1739611642314769,PASS
mt/set_18/ambiegen/test-808,0.46977269649505615,0.2537989276884185,0.14285714285714285,0.19497456427130555,PASS
mt/set_12/ambiegen/test-862,0.649619996547699,0.9238269855821318,0.14285714285714285,0.6501907693920072,PASS
mt/set_10/ambiegen/test-362,0.29618313908576965,0.34875128482929135,0.14285714285714285,0.20383952040329953,PASS
mt/set_7/ambiegen/odr/test-733,0.837551474571228,0.12026002166847233,0.14285714285714285,0.12393089068450712,PASS
mt/set_9/ambiegen/test-27,0.40842995047569275,0.6275800761174543,0.14285714285714285,0.3408325022256097,PASS
mt/set_14/ambiegen/test-290,0.5209859013557434,0.39753312776064675,0.14285714285714285,0.2755397404057565,PASS
mt/set_14/ambiegen/test-851,0.6604864001274109,0.3144984304247576,0.14285714285714285,0.2562238789959105,PASS
mt/set_17/ambiegen/test-193,0.3470887243747711,0.3427507847876212,0.14285714285714285,0.21223797630289448,PASS
mt/set_16/ambiegen/test-706,0.3569945991039276,0.30035836319693304,0.14285714285714285,0.199084223613251,PASS
mt/set_2/ambiegen/odr/test-333,0.07400118559598923,0.794982915242937,0.14285714285714285,0.19111522210702317,PASS
mt_set5/ambiegen/test-333,0.3284720778465271,0.1584576492485484,0.14285714285714285,0.14798147360698588,PASS
mt/set_11/ambiegen/test-110,0.30765512585639954,0.6306636664166458,0.4285714285714286,0.4907461542127242,PASS
mt_set5/ambiegen/test-48,0.15623746812343597,0.10775897991499292,0.14285714285714285,0.1373734926145402,PASS
mt/set_16/ambiegen/test-792,0.5408288240432739,0.13601133427785642,0.14285714285714285,0.13915473225358202,PASS
mt/set_16/ambiegen/test-770,0.13640500605106354,0.49279106592216015,0.14285714285714285,0.19058988387903625,PASS
mt/set_18/ambiegen/test-19,0.3864954710006714,0.8830735894657888,0.14285714285714285,0.4289474470315948,PASS
mt/set_12/ambiegen/test-327,0.39791300892829895,0.14309525793816152,0.14285714285714285,0.14295189620297682,PASS
mt/set_10/ambiegen/test-468,0.42691856622695923,0.8739617190321416,0.14285714285714285,0.454979260279742,PASS
mt/set_9/ambiegen/test-738,0.7776409983634949,0.8913798372086562,0.4285714285714286,0.7884702215151026,PASS
mt/set_16/ambiegen/test-929,0.2419801503419876,0.6581937383670862,0.14285714285714285,0.2675583718441043,PASS
mt/set_16/ambiegen/test-618,0.6958973407745361,0.5111259271605967,0.14285714285714285,0.39913441054418763,PASS
mt/set_16/ambiegen/test-699,0.48686230182647705,0.402616884740395,0.14285714285714285,0.2693243687122745,PASS
mt/set_13/ambiegen/test-620,0.5706267952919006,0.7469511348167902,0.4285714285714286,0.610247420032196,PASS
mt/set_10/ambiegen/test-948,0.32838010787963867,0.5090146401088979,0.14285714285714285,0.2630959813056126,PASS
mt/set_7/ambiegen/odr/test-622,0.3517249524593353,0.6376086896130233,0.14285714285714285,0.3168736028615629,PASS
mt/set_10/ambiegen/test-503,0.2994982600212097,0.5784648720726726,0.14285714285714285,0.27332089980898433,PASS
mt/set_7/ambiegen/odr/test-765,0.6684130430221558,0.2930521987943439,0.14285714285714285,0.24324947724301033,PASS
mt/set_12/ambiegen/test-153,0.9400083422660828,0.9305219879434398,0.14285714285714285,0.8832686681479838,PASS
mt/set_7/ambiegen/odr/test-101,0.46356165409088135,0.4846792788287912,0.14285714285714285,0.3013127776130383,PASS
mt/set_9/ambiegen/test-676,0.7852983474731445,0.16062449648581825,0.14285714285714285,0.1568098163007126,PASS
mt/set_2/ambiegen/odr/test-92,0.6108294129371643,0.7872044892629941,0.14285714285714285,0.5364434541898486,PASS
mt/set_16/ambiegen/test-649,0.49476563930511475,0.6850015279051032,0.14285714285714285,0.41109155612107523,PASS
mt/set_17/ambiegen/test-310,0.8454810976982117,0.5421285107092257,0.14285714285714285,0.4804335372281883,PASS
mt/set_8/ambiegen/odr/test-44,0.332833468914032,0.6604161457899269,0.14285714285714285,0.315118101170949,PASS
mt/set_10/ambiegen/test-831,0.8839743137359619,0.7516737505903269,0.14285714285714285,0.6810353858691406,PASS
mt/set_8/ambiegen/odr/test-637,0.6704903841018677,0.4786787787871211,0.14285714285714285,0.3680223205215516,PASS
mt/set_17/ambiegen/test-755,0.5999593138694763,0.7168375142372976,0.14285714285714285,0.4872220126449277,PASS
mt/set_16/ambiegen/test-480,0.6136049628257751,0.6909464677612023,0.14285714285714285,0.4791674726901024,PASS
mt_set5/ambiegen/test-774,0.3516790270805359,0.5163485846042725,0.14285714285714285,0.27420624971368,PASS
mt/set_17/ambiegen/test-942,0.29875415563583374,0.623913103869767,0.14285714285714285,0.2865746103030539,PASS
mt/set_16/ambiegen/test-466,0.21117325127124786,0.6315804094785676,0.14285714285714285,0.24606242617023136,PASS
mt/set_17/ambiegen/test-890,0.40933069586753845,0.32144345362113513,0.14285714285714285,0.21595799745710964,PASS
mt/set_12/ambiegen/test-543,0.78384929895401,0.8084007000583382,0.14285714285714285,0.6645429935926579,PASS
mt/set_17/ambiegen/test-587,0.7463228702545166,0.987304497597022,0.4285714285714286,0.8455666963527244,PASS
mt/set_8/ambiegen/odr/test-657,0.5970563888549805,0.5633802816901408,0.4285714285714286,0.5090599156001684,PASS
mt/set_14/ambiegen/test-716,0.41832613945007324,0.336639164374809,0.14285714285714285,0.22392122781345916,PASS
mt/set_14/ambiegen/test-552,0.4983479976654053,0.10895352390476984,0.14285714285714285,0.12596134223861688,PASS
mt/set_16/ambiegen/test-97,0.6615749001502991,0.9569964163680307,0.14285714285714285,0.6814712514385455,PASS
mt/set_11/ambiegen/test-170,0.04778037965297699,0.4272578270411423,0.14285714285714285,0.15644591339228342,PASS
mt/set_8/ambiegen/odr/test-330,0.32288986444473267,0.13820596160791176,0.14285714285714285,0.14135532357407074,PASS
mt/set_14/ambiegen/test-942,0.3148346245288849,0.736033558352085,0.14285714285714285,0.3296096211663574,PASS
mt/set_14/ambiegen/test-530,0.18889372050762177,0.5614912353807262,0.14285714285714285,0.22193449199651716,PASS
mt/set_2/ambiegen/odr/test-593,0.35286903381347656,0.2290746451093146,0.14285714285714285,0.17328062957467794,PASS
mt/set_12/ambiegen/test-756,0.23348505795001984,0.5908547934550101,0.14285714285714285,0.24745790239719595,PASS
mt_set5/ambiegen/test-793,0.738369345664978,0.9177987054476762,0.14285714285714285,0.7150502373557106,PASS
mt/set_7/ambiegen/odr/test-537,0.3599332273006439,0.5557963163596966,0.14285714285714285,0.29148766799730297,PASS
mt/set_17/ambiegen/test-566,0.8324756026268005,0.3414173403339167,0.14285714285714285,0.3081536629093167,PASS
mt/set_11/ambiegen/test-200,0.5724950432777405,0.6108009000750063,0.14285714285714285,0.41075262439713206,PASS
mt/set_14/ambiegen/test-124,0.907572865486145,0.8590715892991082,0.4285714285714286,0.8192816930352947,PASS
mt/set_2/ambiegen/odr/test-168,0.50958251953125,0.867127816206906,0.14285714285714285,0.5119328174053102,PASS
mt/set_7/ambiegen/odr/test-224,0.6077046394348145,0.3325832708281245,0.14285714285714285,0.2581545910471117,PASS
mt/set_18/ambiegen/test-785,0.08668746054172516,0.2352418257076978,0.14285714285714285,0.15086573853514745,PASS
mt/set_18/ambiegen/test-752,0.047736141830682755,0.3740589493568908,0.14285714285714285,0.15389382135843457,PASS
mt/set_12/ambiegen/test-877,0.8753847479820251,0.8999083256938077,0.14285714285714285,0.8055682017541108,PASS
mt/set_16/ambiegen/test-275,0.2321350872516632,0.01658471539294933,0.8571428571428572,0.6620198451124942,PASS
mt/set_17/ambiegen/test-25,0.23493485152721405,0.6754173958941022,0.14285714285714285,0.2679741047049391,PASS
mt_set5/ambiegen/test-658,0.8802650570869446,0.46842792454926796,0.14285714285714285,0.4294457255892025,PASS
mt/set_17/ambiegen/test-222,0.6757428050041199,0.2373253326666111,0.14285714285714285,0.20669334242265452,PASS
mt/set_17/ambiegen/test-778,0.487339049577713,0.17615356835291823,0.14285714285714285,0.1590837954700638,PASS
mt/set_16/ambiegen/test-724,0.47533223032951355,0.8014834569547462,0.4285714285714286,0.60582852196715,PASS
mt/set_11/ambiegen/test-832,0.3177363872528076,0.4327582854126733,0.4285714285714286,0.4299017453381104,PASS
mt_set5/ambiegen/test-908,0.480871319770813,0.12245464899852757,0.28571428571428575,0.20720740874147564,PASS
mt/set_7/ambiegen/odr/test-619,0.511262059211731,0.0923688085118204,0.14285714285714285,0.11704437307358294,PASS
mt_set5/ambiegen/test-295,0.43616482615470886,0.6169680806733894,0.14285714285714285,0.3496476533703374,PASS
mt/set_16/ambiegen/test-550,0.7794915437698364,0.5979109370225296,0.14285714285714285,0.49756772736944155,PASS
mt/set_14/ambiegen/test-405,0.32900020480155945,0.2363808095119037,0.14285714285714285,0.1736264440828773,PASS
mt/set_8/ambiegen/odr/test-278,0.47213348746299744,0.36803066922243516,0.4285714285714286,0.3999880959539064,PASS
mt/set_10/ambiegen/test-534,0.5976242423057556,0.5706864460927299,0.14285714285714285,0.3985383060395099,PASS
mt/set_13/ambiegen/test-892,0.38317033648490906,0.6040503375281274,0.14285714285714285,0.3195726901862995,PASS
mt/set_18/ambiegen/test-378,0.11485552042722702,0.23265827707864536,0.14285714285714285,0.1531712977987401,PASS
mt/set_2/ambiegen/odr/test-560,0.10185699164867401,0.14679001027863434,0.14285714285714285,0.14325773077251172,PASS
mt/set_17/ambiegen/test-201,0.6619006395339966,0.2957468677945384,0.28571428571428575,0.2923548582093823,PASS
mt/set_8/ambiegen/odr/test-764,0.7041907906532288,0.8380976192460483,0.4285714285714286,0.716956000575794,PASS
mt/set_14/ambiegen/test-775,0.958712637424469,0.7343389726921689,0.14285714285714285,0.7099182479269316,PASS
mt/set_14/ambiegen/test-873,0.29443761706352234,0.11562074617329221,0.14285714285714285,0.13483771886267842,PASS
mt/set_10/ambiegen/test-611,0.8615177869796753,0.9064366474984027,0.14285714285714285,0.8006944678787177,PASS
mt/set_8/ambiegen/odr/test-938,0.12753677368164062,0.0888962969136317,0.14285714285714285,0.1359751506603754,PASS
mt/set_10/ambiegen/test-639,0.7295013666152954,0.7311998222074062,0.14285714285714285,0.5720539314812645,PASS
mt/set_13/ambiegen/test-135,0.40027689933776855,0.6599161041197876,0.28571428571428575,0.43549862931219474,PASS
mt/set_7/ambiegen/odr/test-555,0.19287480413913727,0.23129705253215546,0.14285714285714285,0.1599149752425312,PASS
mt/set_10/ambiegen/test-537,0.35933899879455566,0.7819540517265328,0.14285714285714285,0.3725095862229648,PASS
mt/set_18/ambiegen/test-135,0.12860256433486938,0.16337472567158368,0.14285714285714285,0.14549575662103298,PASS
mt/set_10/ambiegen/test-899,0.22438295185565948,0.6189126871683751,0.14285714285714285,0.24967589326568718,PASS
mt/set_12/ambiegen/test-41,0.7454787492752075,0.6056338028169014,0.14285714285714285,0.48784730851770164,PASS
mt/set_12/ambiegen/test-783,0.4327390193939209,0.1489846376086896,0.14285714285714285,0.1455087489272686,PASS
mt/set_18/ambiegen/test-447,0.4866214990615845,0.13526127177264763,0.14285714285714285,0.13916082868332724,PASS
mt/set_9/ambiegen/test-903,0.574884295463562,0.5032363808095118,0.14285714285714285,0.35003350716708587,PASS
mt/set_7/ambiegen/odr/test-538,0.32106465101242065,0.6096896963635858,0.14285714285714285,0.2927405737299261,PASS
mt/set_7/ambiegen/odr/test-603,0.38080787658691406,0.14759563296941405,0.14285714285714285,0.14466159721502495,PASS
mt/set_2/ambiegen/odr/test-598,0.07810293138027191,0.5446564991527072,0.14285714285714285,0.17423884828179542,PASS
mt/set_7/ambiegen/odr/test-442,0.23710885643959045,0.13067755646303855,0.14285714285714285,0.1399692593128042,PASS
mt/set_8/ambiegen/odr/test-862,0.41444501280784607,0.7290885351557074,0.14285714285714285,0.38581781548920824,PASS
mt/set_8/ambiegen/odr/test-693,0.4439108371734619,0.9794705114315082,0.5714285714285715,0.7525628106171587,PASS
mt/set_7/ambiegen/odr/test-664,0.5318310856819153,0.6067172264355363,0.14285714285714285,0.3895523547111438,PASS
mt/set_11/ambiegen/test-500,0.27098819613456726,0.4315637414228964,0.14285714285714285,0.2210932189571484,PASS
mt/set_13/ambiegen/test-707,0.1365421563386917,0.3053309998055393,0.14285714285714285,0.16504167576227835,PASS
mt/set_16/ambiegen/test-372,0.4459901452064514,0.09625802150179183,0.14285714285714285,0.12207439395737679,PASS
mt/set_10/ambiegen/test-953,0.4504973292350769,0.747812317693141,0.14285714285714285,0.415387833427699,PASS
mt/set_16/ambiegen/test-552,0.9028956294059753,0.8184848737394783,0.14285714285714285,0.7528784681762801,PASS
mt/set_10/ambiegen/test-235,0.2943761646747589,0.7346723338055949,0.14285714285714285,0.3170734332222829,PASS
mt/set_13/ambiegen/test-894,0.6748732328414917,0.28099563852543263,0.14285714285714285,0.23608311600866197,PASS
mt/set_16/ambiegen/test-810,0.7134095430374146,0.924215906881129,0.14285714285714285,0.7002859416477738,PASS
mt/set_17/ambiegen/test-30,0.7873013615608215,0.948190126955024,0.14285714285714285,0.7768968977472441,PASS
mt/set_10/ambiegen/test-637,0.6460397839546204,0.451870989249104,0.14285714285714285,0.34249238141919164,PASS
mt/set_18/ambiegen/test-334,0.4010365307331085,0.3667250048615162,0.14285714285714285,0.23263633783548965,PASS
mt/set_9/ambiegen/test-290,0.09810398519039154,0.34180626163291383,0.14285714285714285,0.16237484213042522,PASS
mt/set_8/ambiegen/odr/test-467,0.5044469237327576,0.3159429952496041,0.14285714285714285,0.23016976863818212,PASS
mt/set_2/ambiegen/odr/test-717,0.3970761001110077,0.5837153096091341,0.14285714285714285,0.3179113801556372,PASS
mt_set5/ambiegen/test-482,0.5582312941551208,0.5926604994860682,0.14285714285714285,0.39395145274342525,PASS
mt_set5/ambiegen/test-630,0.3000275790691376,0.48837403116926403,0.14285714285714285,0.24652173412745554,PASS
mt/set_2/ambiegen/odr/test-577,0.5725337862968445,0.5110148067894547,0.28571428571428575,0.4147064461001042,PASS
mt/set_7/ambiegen/odr/test-129,0.7625202536582947,0.7106425535461289,0.14285714285714285,0.5758050182391876,PASS
mt/set_10/ambiegen/test-955,0.5406840443611145,0.8114842903575298,0.14285714285714285,0.5043731731372875,PASS
mt/set_16/ambiegen/test-602,0.7911251783370972,0.2529099647192821,0.14285714285714285,0.22992270117932856,PASS
mt/set_2/ambiegen/odr/test-252,0.8940637111663818,0.3974775675750757,0.14285714285714285,0.37050402471921823,PASS
mt/set_8/ambiegen/odr/test-277,0.3701949417591095,0.6626941133983387,0.14285714285714285,0.3352981641483474,PASS
mt/set_12/ambiegen/test-882,0.7718319892883301,0.8181515126260522,0.14285714285714285,0.6640709396310893,PASS
mt/set_17/ambiegen/test-465,0.4108504354953766,0.6359974442314638,0.14285714285714285,0.34546405469457847,PASS
mt/set_2/ambiegen/odr/test-965,0.7376694083213806,0.4906242186848904,0.14285714285714285,0.3993942759166541,PASS
mt/set_13/ambiegen/test-700,0.4676937162876129,0.6760841181209545,0.14285714285714285,0.39224405280055263,PASS
mt/set_16/ambiegen/test-483,0.6569591760635376,0.7828430146956691,0.14285714285714285,0.5633017339124858,PASS
mt/set_10/ambiegen/test-25,0.4745626747608185,0.652582159624413,0.14285714285714285,0.38475361446419626,PASS
mt_set5/ambiegen/test-763,0.4518646001815796,0.19326610550879234,0.14285714285714285,0.16563516861129862,PASS
mt/set_14/ambiegen/test-493,0.5635882019996643,0.30830346973358885,0.14285714285714285,0.23610074074888776,PASS
mt/set_12/ambiegen/test-161,0.45427659153938293,0.9153540572825514,0.14285714285714285,0.49378441237448245,PASS
mt/set_13/ambiegen/test-714,0.691204845905304,0.7315054032280468,0.14285714285714285,0.5497336729592387,PASS
mt_set5/ambiegen/test-88,0.4830428957939148,0.35858543767536183,0.14285714285714285,0.24706316309081872,PASS
mt/set_2/ambiegen/odr/test-123,0.3935813903808594,0.12967747312276023,0.14285714285714285,0.13766987011832402,PASS
mt/set_10/ambiegen/test-236,0.299466609954834,0.5031808206239409,0.14285714285714285,0.25076205312442384,PASS
mt/set_2/ambiegen/odr/test-451,0.5639557242393494,0.7837041975720198,0.14285714285714285,0.5042665077255253,PASS
mt/set_18/ambiegen/test-823,0.36281341314315796,0.40345028752396034,0.14285714285714285,0.23740383111541963,PASS
mt_set5/ambiegen/test-839,0.20468398928642273,0.26832791621524016,0.14285714285714285,0.16853899702945618,PASS
mt/set_10/ambiegen/test-896,0.8342050909996033,0.8089840820068339,0.14285714285714285,0.6985436267477981,PASS
mt/set_18/ambiegen/test-119,0.6960665583610535,0.1037030863683084,0.14285714285714285,0.11560331351108558,PASS
mt_set5/ambiegen/test-880,0.5579684376716614,0.7135316831958218,0.14285714285714285,0.4612755245489091,PASS
mt/set_13/ambiegen/test-659,0.65144944190979,0.33588910186960025,0.14285714285714285,0.2686077048265617,PASS
mt/set_10/ambiegen/test-698,0.6799367666244507,0.4223685307108926,0.14285714285714285,0.3329072121491342,PASS
mt/set_11/ambiegen/test-789,0.06621323525905609,0.43328610717559796,0.14285714285714285,0.1620873820688674,PASS
mt/set_14/ambiegen/test-636,0.5922536849975586,0.20635052921076757,0.14285714285714285,0.1804613348980508,PASS
mt/set_13/ambiegen/test-649,0.07648836076259613,0.3081090090840904,0.14285714285714285,0.1554969850890646,PASS
mt/set_8/ambiegen/odr/test-18,0.765449047088623,0.7155874100619496,0.14285714285714285,0.5812529801278746,PASS
mt/set_11/ambiegen/test-626,0.5217786431312561,0.12781620690613107,0.14285714285714285,0.1350091037051998,PASS
mt/set_17/ambiegen/test-544,0.5926091074943542,0.22474095063477503,0.14285714285714285,0.19138223310248473,PASS
mt/set_2/ambiegen/odr/test-311,0.35422226786613464,0.8424590938133734,0.14285714285714285,0.39067172827095653,PASS
mt/set_2/ambiegen/odr/test-628,0.06162062659859657,0.2348251243159152,0.14285714285714285,0.14852426377635022,PASS
mt/set_12/ambiegen/test-257,0.3257984519004822,0.08139567186154399,0.14285714285714285,0.12283309075525035,PASS
mt/set_13/ambiegen/test-323,0.047704119235277176,0.3133872267133372,0.14285714285714285,0.1509921329715422,PASS
mt_set5/ambiegen/test-690,0.3501652479171753,0.6890574214517876,0.14285714285714285,0.33411749882366687,PASS
mt/set_10/ambiegen/test-262,0.6268172860145569,0.5566574992360473,0.14285714285714285,0.4022343591944242,PASS
mt/set_11/ambiegen/test-163,0.14353741705417633,0.04097563685862703,0.4285714285714286,0.3729369361541165,PASS
mt/set_10/ambiegen/test-78,0.8254488110542297,0.9495791315942995,0.14285714285714285,0.8087648493115326,PASS
mt/set_18/ambiegen/test-2,0.5322085022926331,0.3922549101313998,0.14285714285714285,0.2755887550533018,PASS
mt_set5/ambiegen/test-421,0.2600024938583374,0.7290607550629219,0.14285714285714285,0.29527154393941113,PASS
mt/set_12/ambiegen/test-92,0.31997987627983093,0.0793121649026307,0.14285714285714285,0.12252402441557884,PASS
mt/set_18/ambiegen/test-360,0.6080881357192993,0.30130288635164043,0.5714285714285715,0.407168347180242,PASS
mt/set_8/ambiegen/odr/test-798,0.15761269629001617,0.3421674028391255,0.14285714285714285,0.17427097245990456,PASS
mt/set_8/ambiegen/odr/test-888,0.10627277940511703,0.5339056032447148,0.14285714285714285,0.1844149528177279,PASS
mt/set_12/ambiegen/test-78,0.4193071722984314,0.40328360696724724,0.14285714285714285,0.25205582711482966,PASS
mt/set_12/ambiegen/test-195,0.2816239595413208,0.9912770508653499,0.14285714285714285,0.38179251670409725,PASS
mt/set_16/ambiegen/test-212,0.2760775685310364,0.33277773147762313,0.14285714285714285,0.19528995717746828,PASS
mt/set_7/ambiegen/odr/test-259,0.2241111546754837,0.5540739506069949,0.14285714285714285,0.2350154185926659,PASS
mt/set_14/ambiegen/test-913,0.830258309841156,0.34133400005556014,0.14285714285714285,0.3076442028572853,PASS
mt/set_10/ambiegen/test-396,0.6217233538627625,0.6803344723171375,0.14285714285714285,0.4770193507542117,PASS
mt/set_13/ambiegen/test-451,0.6099575161933899,0.5474067283384727,0.14285714285714285,0.38961520319440024,PASS
mt/set_16/ambiegen/test-832,0.1685372143983841,0.6088840736728061,0.14285714285714285,0.2214000257401805,PASS
mt/set_8/ambiegen/odr/test-835,0.5160054564476013,0.34513987276717506,0.28571428571428575,0.31637821288617857,PASS
mt/set_17/ambiegen/test-17,0.6108928322792053,0.10839792204905965,0.4285714285714286,0.23297972835121403,PASS
mt/set_13/ambiegen/test-614,0.5041303038597107,0.8345139872767176,0.14285714285714285,0.49154231800103165,PASS
mt/set_9/ambiegen/test-588,0.5412307977676392,0.25218768230685884,0.14285714285714285,0.202030197943879,PASS
mt/set_18/ambiegen/test-861,0.11871619522571564,0.6011056476928632,0.14285714285714285,0.19725866394784985,PASS
mt/set_17/ambiegen/test-176,0.37383362650871277,0.0,0.14285714285714285,0.08945233481270926,PASS
mt/set_10/ambiegen/test-776,0.786632776260376,0.37858710448092897,0.14285714285714285,0.32829005701701364,PASS
mt/set_7/ambiegen/odr/test-264,0.43353334069252014,0.5995499624968748,0.14285714285714285,0.34084871088331703,PASS
mt/set_10/ambiegen/test-372,0.5545682907104492,0.5667416729171876,0.14285714285714285,0.3779300621511439,PASS
mt/set_16/ambiegen/test-437,0.4879450500011444,0.4185348779064922,0.14285714285714285,0.27737272481252523,PASS
mt/set_18/ambiegen/test-42,0.6248224973678589,0.8642664666499986,0.4285714285714286,0.7008034903544651,PASS
mt/set_13/ambiegen/test-408,0.7540640830993652,0.8207350612551046,0.14285714285714285,0.6540205338472083,PASS
mt/set_7/ambiegen/odr/test-776,0.43015164136886597,0.6889185209878601,0.14285714285714285,0.37774634094821585,PASS
mt/set_17/ambiegen/test-785,0.21935629844665527,0.6038558768786286,0.14285714285714285,0.24398011874069014,PASS
mt/set_8/ambiegen/odr/test-750,0.9820898771286011,0.8804900408367363,0.14285714285714285,0.8672789449999357,PASS
mt/set_2/ambiegen/odr/test-96,0.3350721001625061,0.3020251687640637,0.14285714285714285,0.19618990757649502,PASS
mt/set_18/ambiegen/test-11,0.9401378035545349,0.44939856099119363,0.14285714285714285,0.4310483184001816,PASS
mt/set_14/ambiegen/test-214,0.47406721115112305,0.3373336666944468,0.14285714285714285,0.23505208614705841,PASS
mt/set_12/ambiegen/test-431,0.48206889629364014,0.3772536600272245,0.14285714285714285,0.2558524131843974,PASS
mt/set_8/ambiegen/odr/test-518,0.7100523710250854,0.9632747173375559,0.14285714285714285,0.7253965868476098,PASS
mt/set_14/ambiegen/test-395,0.33902081847190857,0.3029141317332,0.14285714285714285,0.19711978997057827,PASS
mt/set_11/ambiegen/test-836,0.3278999328613281,0.10361974608995185,0.14285714285714285,0.12999120309152762,PASS
mt/set_2/ambiegen/odr/test-129,0.6160974502563477,0.03789204655943543,0.14285714285714285,0.07818841466221331,PASS
mt/set_9/ambiegen/test-816,0.23293063044548035,0.6078284301469566,0.14285714285714285,0.25116319368713114,PASS
mt/set_2/ambiegen/odr/test-729,0.1827842891216278,0.5960496708059004,0.14285714285714285,0.2256936126560153,PASS
mt/set_16/ambiegen/test-780,0.24280773103237152,0.6072172681056754,0.14285714285714285,0.25560736912190957,PASS
mt/set_18/ambiegen/test-486,0.1384497582912445,0.7344778731560964,0.14285714285714285,0.2247668857096479,PASS
mt/set_10/ambiegen/test-756,0.41057342290878296,0.43136928077339776,0.4285714285714286,0.42972015232678396,PASS
mt/set_8/ambiegen/odr/test-521,0.09160098433494568,0.5206544989860266,0.14285714285714285,0.177463748300214,PASS
mt/set_8/ambiegen/odr/test-612,0.6122632622718811,0.510320304469817,0.14285714285714285,0.3678413369508582,PASS
mt/set_13/ambiegen/test-106,0.09216693043708801,0.5197933161096758,0.14285714285714285,0.17759819717400585,PASS
mt/set_12/ambiegen/test-458,0.11181275546550751,0.7257549240214461,0.14285714285714285,0.2080325477951167,PASS
mt/set_17/ambiegen/test-492,0.8258414268493652,0.6841403450287524,0.14285714285714285,0.5898712348681383,PASS
mt/set_2/ambiegen/odr/test-302,0.9088713526725769,0.7964274800677834,0.14285714285714285,0.73686849930445,PASS
mt/set_9/ambiegen/test-242,0.56730717420578,0.2181292885518237,0.14285714285714285,0.18555957112759802,PASS
mt/set_16/ambiegen/test-919,0.13927023112773895,0.5453787815651304,0.14285714285714285,0.1989164223851832,PASS
mt/set_9/ambiegen/test-104,0.48045268654823303,0.26216073561685693,0.14285714285714285,0.20017687877087842,PASS
mt/set_7/ambiegen/odr/test-83,0.8169435858726501,0.2594382865238769,0.14285714285714285,0.23809736040937915,PASS
mt/set_17/ambiegen/test-831,0.8679125905036926,0.5681306775564631,0.14285714285714285,0.5119573980306918,PASS
mt/set_2/ambiegen/odr/test-959,0.2859917879104614,0.6582215184598716,0.4285714285714286,0.4942494683724227,PASS
mt/set_16/ambiegen/test-718,0.18801435828208923,0.08542378531544288,0.14285714285714285,0.13205884273747973,PASS
mt/set_13/ambiegen/test-30,0.21178458631038666,0.39628302358529877,0.14285714285714285,0.19652883603876342,PASS
mt/set_18/ambiegen/test-313,0.4659864604473114,0.38264299802761337,0.14285714285714285,0.25459410051588743,PASS
mt/set_14/ambiegen/test-768,0.7940444350242615,0.49909714698447094,0.4285714285714286,0.484571982803393,PASS
mt/set_8/ambiegen/odr/test-639,0.4066517651081085,0.4732894407867322,0.14285714285714285,0.27722802431641336,PASS
mt/set_2/ambiegen/odr/test-411,0.6047356128692627,0.7605356001889045,0.14285714285714285,0.5163893033078064,PASS
mt/set_13/ambiegen/test-589,0.04422410950064659,0.575047920660055,0.14285714285714285,0.16197039886515874,PASS
mt_set5/ambiegen/test-664,0.547673761844635,0.5128760730060838,0.14285714285714285,0.3455068022855406,PASS
mt/set_9/ambiegen/test-140,0.7862811088562012,0.9036586382198516,0.14285714285714285,0.7410609862503895,PASS
mt/set_17/ambiegen/test-894,0.1928565353155136,0.13303886434980688,0.14285714285714285,0.14096362155271794,PASS
mt/set_13/ambiegen/test-646,0.8758059740066528,0.33933383337500345,0.14285714285714285,0.3149326021657414,PASS
mt/set_16/ambiegen/test-667,0.607270359992981,0.4092841070089174,0.14285714285714285,0.304650341289428,PASS
mt_set5/ambiegen/test-968,0.4044443666934967,0.795371836541934,0.14285714285714285,0.4067630391601638,PASS
mt/set_7/ambiegen/odr/test-635,0.9553178548812866,0.7293107758979914,0.14285714285714285,0.7031067695610635,PASS
mt/set_17/ambiegen/test-788,0.11855917423963547,0.06294969025196538,0.14285714285714285,0.13338338019631155,PASS
mt/set_12/ambiegen/test-525,0.5118632316589355,0.9488568491818763,0.14285714285714285,0.5554187572526739,PASS
mt/set_12/ambiegen/test-762,0.3233456611633301,0.3070255854654554,0.14285714285714285,0.19594029647448188,PASS
mt/set_12/ambiegen/test-464,0.6471951007843018,0.5529627468955746,0.14285714285714285,0.40827548059500257,PASS
mt/set_12/ambiegen/test-339,0.6758710741996765,0.9834986248854071,0.28571428571428575,0.7573265365895829,PASS
mt/set_16/ambiegen/test-855,0.5496110916137695,0.6944467594521766,0.14285714285714285,0.4460169141567599,PASS
mt/set_7/ambiegen/odr/test-767,0.039950013160705566,0.32736061338444866,0.14285714285714285,0.15022805893290456,PASS
mt/set_16/ambiegen/test-229,0.23637786507606506,0.6880017779259383,0.14285714285714285,0.2717172721098499,PASS
mt/set_10/ambiegen/test-551,0.20753514766693115,0.6221629580242798,0.4285714285714286,0.4687484752234931,PASS
mt/set_2/ambiegen/odr/test-289,0.6824443936347961,0.17845931605411552,0.4285714285714286,0.257883819603833,PASS
mt/set_2/ambiegen/odr/test-502,0.12084706872701645,0.4635386282190182,0.14285714285714285,0.1816105635512571,PASS
mt/set_9/ambiegen/test-592,0.7467204332351685,0.5906603328055117,0.14285714285714285,0.47724093485947927,PASS
mt/set_11/ambiegen/test-466,0.9346873760223389,0.7556463038586549,0.28571428571428575,0.7249538106625284,PASS
mt/set_8/ambiegen/odr/test-377,0.6876183152198792,0.46142734116731954,0.28571428571428575,0.40653780086703806,PASS
mt/set_11/ambiegen/test-129,0.7027515769004822,0.5386282190182515,0.14285714285714285,0.4209858907209628,PASS
mt/set_12/ambiegen/test-345,0.5125099420547485,0.6760285579353835,0.8571428571428572,0.7643199781507485,PASS
mt/set_12/ambiegen/test-77,0.32519567012786865,0.43292496596938623,0.14285714285714285,0.2371859429766609,PASS
mt/set_13/ambiegen/test-476,0.4728955924510956,0.12081562352418251,0.14285714285714285,0.13243380125618567,PASS
mt/set_12/ambiegen/test-958,0.40893834829330444,0.38319859988332355,0.14285714285714285,0.24114198131983539,PASS
mt/set_18/ambiegen/test-565,0.033688951283693314,0.42731338722671336,0.14285714285714285,0.15244017381949868,PASS
mt/set_16/ambiegen/test-318,0.46490293741226196,0.7004750395866322,0.4285714285714286,0.5549802160253978,PASS
mt/set_13/ambiegen/test-296,0.9523308277130127,0.5236825290996471,0.14285714285714285,0.5055288981515946,PASS
mt/set_12/ambiegen/test-752,0.5062001347541809,0.9845264883184709,0.14285714285714285,0.5689102789481304,PASS
mt/set_7/ambiegen/odr/test-419,0.39682963490486145,0.46014945689918607,0.14285714285714285,0.2687681402540401,PASS
mt/set_16/ambiegen/test-628,0.3717840313911438,0.2356029669139095,0.14285714285714285,0.1773385592196613,PASS
mt/set_10/ambiegen/test-256,0.4082488417625427,0.17384782065172094,0.14285714285714285,0.15550905117221553,PASS
mt_set5/ambiegen/test-741,0.18071606755256653,0.5426841125649359,0.14285714285714285,0.21511230478166898,PASS
mt/set_2/ambiegen/odr/test-20,0.9504839181900024,0.7050865349890268,0.14285714285714285,0.6772471384122393,PASS
mt/set_17/ambiegen/test-549,0.23198263347148895,0.16654165624913184,0.14285714285714285,0.14835153651756988,PASS
mt/set_8/ambiegen/odr/test-758,0.43574389815330505,0.4425646581659583,0.14285714285714285,0.27345285962617283,PASS
mt/set_2/ambiegen/odr/test-286,0.776025116443634,0.4001444564824846,0.14285714285714285,0.3425185603727185,PASS
mt/set_11/ambiegen/test-890,0.8111883401870728,0.49784704280912295,0.14285714285714285,0.4308208105823646,PASS
mt/set_16/ambiegen/test-108,0.4561000168323517,0.8716559713309443,0.14285714285714285,0.47526230504891653,PASS
mt/set_16/ambiegen/test-854,0.9008913040161133,0.37294774564547045,0.14285714285714285,0.3501437660449728,PASS
mt/set_9/ambiegen/test-929,0.26575571298599243,0.530155290718671,0.14285714285714285,0.2457838382802376,PASS
mt/set_14/ambiegen/test-771,0.508188784122467,0.6077173097758147,0.28571428571428575,0.44935261099587165,PASS
mt/set_8/ambiegen/odr/test-769,0.5504242181777954,0.545739922771342,0.14285714285714285,0.36461358200871274,PASS
mt/set_7/ambiegen/odr/test-939,0.43430373072624207,0.2755229602466872,0.14285714285714285,0.2004743980317937,PASS
mt/set_11/ambiegen/test-902,0.64931720495224,0.2815512403811428,0.14285714285714285,0.23291360660479993,PASS
mt/set_17/ambiegen/test-88,0.8701669573783875,0.9062144067561185,0.14285714285714285,0.8071054105768053,PASS
mt_set5/ambiegen/test-723,0.4165978729724884,0.8112064894296747,0.14285714285714285,0.4212900632992867,PASS
mt/set_16/ambiegen/test-443,0.3702039122581482,0.051365391560407744,0.14285714285714285,0.108986538587742,PASS
mt/set_12/ambiegen/test-133,0.5405576229095459,0.9816651387615635,0.4285714285714286,0.7275504497980292,PASS
mt_set5/ambiegen/test-240,0.29587244987487793,0.5218490429758036,0.14285714285714285,0.2549904048279861,PASS
mt/set_11/ambiegen/test-189,0.6194950342178345,0.8047059477178654,0.14285714285714285,0.552869190871369,PASS
mt/set_8/ambiegen/odr/test-720,0.28611573576927185,0.5182098508209017,0.14285714285714285,0.25025145481170774,PASS
mt/set_12/ambiegen/test-278,0.430429607629776,0.2735783537517015,0.14285714285714285,0.19912342662885155,PASS
mt/set_13/ambiegen/test-870,0.20811599493026733,0.5280440036669722,0.14285714285714285,0.2230206896286469,PASS
mt/set_14/ambiegen/test-378,0.13624876737594604,0.2087118370975359,0.14285714285714285,0.15182976377331622,PASS
mt/set_17/ambiegen/test-24,0.5497524738311768,0.6281356779731644,0.14285714285714285,0.40964021803434525,PASS
mt/set_2/ambiegen/odr/test-775,0.4178053140640259,0.36128010667555627,0.14285714285714285,0.23411541785409046,PASS
mt/set_11/ambiegen/test-378,0.15211637318134308,0.08806289413006636,0.14285714285714285,0.13452204259832087,PASS
mt/set_8/ambiegen/odr/test-455,0.20116573572158813,0.48951301497347005,0.14285714285714285,0.21259242641363257,PASS
mt/set_10/ambiegen/test-936,0.5480316877365112,0.6820290579770536,0.14285714285714285,0.43834043748043455,PASS
mt/set_16/ambiegen/test-206,0.1250585913658142,0.5206822790788121,0.14285714285714285,0.19010742217562168,PASS
mt/set_10/ambiegen/test-757,0.5371344685554504,0.695557963163597,0.8571428571428572,0.7703500409887185,PASS
mt_set5/ambiegen/test-484,0.5286962985992432,0.2599938883795872,0.14285714285714285,0.20478690664482063,PASS
mt/set_16/ambiegen/test-260,0.6584607362747192,0.17018084840403364,0.14285714285714285,0.16084873012930218,PASS
mt/set_17/ambiegen/test-349,0.433452308177948,0.22571325388226796,0.14285714285714285,0.17877131542763164,PASS
mt/set_17/ambiegen/test-36,0.5769428610801697,0.011112037114203879,0.14285714285714285,0.06684774461650214,PASS
mt/set_7/ambiegen/odr/test-684,0.36116835474967957,0.5547684529266327,0.14285714285714285,0.291626468760251,PASS
mt/set_16/ambiegen/test-800,0.7080783247947693,0.5344612051004249,0.14285714285714285,0.4201434912331926,PASS
mt/set_16/ambiegen/test-662,0.18348495662212372,0.9710531433174987,0.8571428571428572,0.8780436682880012,PASS
mt/set_12/ambiegen/test-393,0.6105523705482483,0.9557463121926828,0.4285714285714286,0.7504393034598823,PASS
mt/set_9/ambiegen/test-184,0.5108798742294312,0.6892518821012862,0.14285714285714285,0.4219992185218136,PASS
mt/set_2/ambiegen/odr/test-260,0.18391388654708862,0.5333222212962192,0.14285714285714285,0.2146690929937872,PASS
mt/set_17/ambiegen/test-816,0.45500433444976807,0.33366669444675945,0.28571428571428575,0.3075328395348682,PASS
mt/set_8/ambiegen/odr/test-248,0.8051264882087708,0.5115981887379505,0.14285714285714285,0.4397403261855867,PASS
mt/set_13/ambiegen/test-795,0.8935468792915344,0.9174931244270357,0.14285714285714285,0.8350307067758551,PASS
mt/set_10/ambiegen/test-564,0.16034381091594696,0.5771036475261827,0.14285714285714285,0.21248588016396894,PASS
mt/set_12/ambiegen/test-627,0.8326974511146545,0.4959579964997083,0.14285714285714285,0.4368833236717158,PASS
mt/set_18/ambiegen/test-894,0.6026593446731567,0.8663221935161264,0.14285714285714285,0.578860116181218,PASS
mt/set_11/ambiegen/test-233,0.850383996963501,0.5226268855737978,0.14285714285714285,0.46580725459433225,PASS
mt/set_16/ambiegen/test-348,0.9077281355857849,0.9352168236241909,0.14285714285714285,0.8621043185931632,PASS
mt/set_11/ambiegen/test-498,0.6533265113830566,0.7261716254132289,0.14285714285714285,0.5239519587847234,PASS
mt/set_8/ambiegen/odr/test-31,0.32820039987564087,0.8262910798122065,0.14285714285714285,0.3671604342543783,PASS
mt/set_10/ambiegen/test-881,0.7317517995834351,0.4085896046892796,0.14285714285714285,0.33730735001054535,PASS
mt/set_8/ambiegen/odr/test-609,0.23834547400474548,0.12939967219490509,0.14285714285714285,0.1396496113757722,PASS
mt/set_18/ambiegen/test-855,0.8157377243041992,0.28794066172181015,0.28571428571428575,0.2875304246121092,PASS
mt/set_18/ambiegen/test-412,0.12053295969963074,0.47173375559074365,0.14285714285714285,0.18249761010843837,PASS
mt_set5/ambiegen/test-568,0.449838787317276,0.547267827874545,0.14285714285714285,0.32477675924099453,PASS
mt/set_14/ambiegen/test-947,0.7165184020996094,0.7739533850043059,0.14285714285714285,0.5950492138514963,PASS
mt/set_12/ambiegen/test-898,0.33756881952285767,0.5706308859071589,0.14285714285714285,0.287260220321411,PASS
mt_set5/ambiegen/test-19,0.5210699439048767,0.9831930438647666,0.14285714285714285,0.5807309236564394,PASS
mt/set_18/ambiegen/test-18,0.3705146014690399,0.42381309553573904,0.14285714285714285,0.24695542143673274,PASS
mt/set_8/ambiegen/odr/test-391,0.3423469662666321,0.7045864933188878,0.14285714285714285,0.335163481850647,PASS
mt/set_7/ambiegen/odr/test-181,0.8091473579406738,0.49718032058227074,0.14285714285714285,0.4295568059705739,PASS
mt_set5/ambiegen/test-190,0.32628923654556274,0.27527293941161757,0.14285714285714285,0.18606299202147497,PASS
mt/set_18/ambiegen/test-219,0.39465755224227905,0.5452398811012028,0.14285714285714285,0.3016605293970892,PASS
mt/set_16/ambiegen/test-952,0.3049178719520569,0.5741589576909186,0.14285714285714285,0.2743687744053178,PASS
mt/set_18/ambiegen/test-944,0.13185730576515198,0.8570158624329806,0.4285714285714286,0.4850649700629126,PASS
mt_set5/ambiegen/test-402,0.7955140471458435,0.7445064866516653,0.14285714285714285,0.6214776473017644,PASS
mt/set_7/ambiegen/odr/test-345,0.21786169707775116,0.32863849765258213,0.14285714285714285,0.18333178196954375,PASS
mt/set_11/ambiegen/test-107,0.3777552545070648,0.05503236380809506,0.14285714285714285,0.10968086683796845,PASS
mt/set_14/ambiegen/test-424,0.6427751779556274,0.16898630441425672,0.28571428571428575,0.21068443676175844,PASS
mt/set_16/ambiegen/test-738,0.0869600921869278,0.3169986387754535,0.14285714285714285,0.15800050552450598,PASS
mt/set_10/ambiegen/test-823,0.6439152359962463,0.8255687973997834,0.14285714285714285,0.582465579009355,PASS
mt/set_10/ambiegen/test-550,0.3518710136413574,0.7176709170208628,0.14285714285714285,0.3451174482271453,PASS
mt/set_7/ambiegen/odr/test-118,0.730619490146637,0.3607800650054171,0.14285714285714285,0.30207587712838024,PASS
mt/set_8/ambiegen/odr/test-502,0.873076319694519,0.9529683029141317,0.14285714285714285,0.8501460130231562,PASS
mt/set_8/ambiegen/odr/test-754,0.28067612648010254,0.5627135594632887,0.14285714285714285,0.2607008155479721,PASS
mt/set_11/ambiegen/test-70,0.5396000146865845,0.4967358390977026,0.14285714285714285,0.3338100925458182,PASS
mt_set5/ambiegen/test-955,0.4751238524913788,0.4334805678250966,0.14285714285714285,0.28093925989468155,PASS
mt/set_16/ambiegen/test-473,0.6208356022834778,0.22801900158346525,0.14285714285714285,0.19572865671107967,PASS
mt/set_10/ambiegen/test-812,0.820415735244751,0.2776064672056005,0.14285714285714285,0.25340760886621616,PASS
mt_set5/ambiegen/test-358,0.386496365070343,0.6126621662916355,0.4285714285714286,0.4997218295434065,PASS
mt/set_14/ambiegen/test-233,0.5612486600875854,0.35205711587076693,0.14285714285714285,0.2602703474013984,PASS
mt/set_14/ambiegen/test-670,0.8911296725273132,0.7070867016695835,0.14285714285714285,0.6456588448319036,PASS
mt/set_7/ambiegen/odr/test-851,0.18006622791290283,0.9884434814012278,0.8571428571428572,0.8807856652756714,PASS
mt/set_18/ambiegen/test-312,0.3033406138420105,0.5094591215934662,0.14285714285714285,0.25406241212271485,PASS
mt/set_10/ambiegen/test-962,0.6895976662635803,0.901880712281579,0.14285714285714285,0.6662780249712866,PASS
mt/set_17/ambiegen/test-823,0.10394136607646942,0.5077645359335501,0.8571428571428572,0.8208279843864345,PASS
mt/set_12/ambiegen/test-285,0.22812314331531525,0.19359946662221852,0.14285714285714285,0.15443264338229265,PASS
mt/set_14/ambiegen/test-877,0.10391170531511307,0.19073811706531094,0.14285714285714285,0.1478325376036312,PASS
mt/set_16/ambiegen/test-30,0.6009657979011536,0.6654721226768898,0.14285714285714285,0.45693087119961234,PASS
mt/set_2/ambiegen/odr/test-870,0.441288560628891,0.3460566158290968,0.14285714285714285,0.232526741548011,PASS
mt/set_18/ambiegen/test-6,0.40103861689567566,0.8805733811150929,0.14285714285714285,0.43870983845211725,PASS
mt/set_7/ambiegen/odr/test-411,0.871930718421936,0.6878628774620106,0.14285714285714285,0.6180643845752402,PASS
mt/set_2/ambiegen/odr/test-863,0.4584369659423828,0.23054699002694667,0.14285714285714285,0.18305741033761896,PASS
mt/set_18/ambiegen/test-243,0.1838361918926239,0.9992499374947912,0.14285714285714285,0.30029312873013536,PASS
mt/set_18/ambiegen/test-724,0.6462157368659973,0.453176653610023,0.4285714285714286,0.44447171220049764,PASS
mt/set_12/ambiegen/test-694,0.6448422074317932,0.8923243603633636,0.4285714285714286,0.7276188928111058,PASS
mt/set_9/ambiegen/test-329,0.10724153369665146,0.13276106342195185,0.14285714285714285,0.14177442700729573,PASS
mt/set_9/ambiegen/test-589,0.08784607797861099,0.3040531155374058,0.14285714285714285,0.1570175736499453,PASS
mt_set5/ambiegen/test-540,0.0640513226389885,0.10848126232741609,0.14285714285714285,0.14065532117796536,PASS
mt/set_12/ambiegen/test-637,0.570421040058136,0.6336361363446954,0.14285714285714285,0.4228078067609977,PASS
mt/set_13/ambiegen/test-75,0.9572619199752808,0.684223685307109,0.14285714285714285,0.6610867186931767,PASS
mt/set_13/ambiegen/test-923,0.7790313959121704,0.635358502097397,0.14285714285714285,0.5265311642347194,PASS
mt/set_12/ambiegen/test-203,0.17948311567306519,0.023029696919187694,0.28571428571428575,0.23856683727804362,PASS
mt/set_9/ambiegen/test-25,0.6925823092460632,0.4779009361891269,0.14285714285714285,0.3749025469415691,PASS
mt/set_13/ambiegen/test-622,0.247356116771698,0.5402672444925966,0.28571428571428575,0.3486795171104348,PASS
mt/set_12/ambiegen/test-221,0.6266883015632629,0.69980831735978,0.14285714285714285,0.491891928459865,PASS
mt/set_8/ambiegen/odr/test-912,0.27543893456459045,0.8107620079451066,0.14285714285714285,0.32682415154495276,PASS
mt/set_16/ambiegen/test-435,0.5729312896728516,0.7203933661138427,0.14285714285714285,0.47374571608039184,PASS
mt/set_13/ambiegen/test-29,0.17253154516220093,0.6431924882629108,0.14285714285714285,0.2291807730992635,PASS
mt/set_2/ambiegen/odr/test-48,0.5613162517547607,0.48406811678751,0.14285714285714285,0.3343844078013279,PASS
mt/set_7/ambiegen/odr/test-70,0.08100851625204086,0.46670555879656633,0.14285714285714285,0.1690916257160753,PASS
mt/set_8/ambiegen/odr/test-131,0.8624289035797119,0.4460093896713615,0.14285714285714285,0.4043044026948557,PASS
mt/set_2/ambiegen/odr/test-54,0.4998435974121094,0.7283662527432841,0.14285714285714285,0.43552012266019374,PASS
mt/set_11/ambiegen/test-104,0.7205767631530762,0.9453843375836876,0.4285714285714286,0.8009748017032075,PASS
mt/set_12/ambiegen/test-559,0.8294432759284973,0.5774370086396088,0.14285714285714285,0.5033164903843181,PASS
mt/set_16/ambiegen/test-178,0.8381617069244385,0.9647748423479735,0.14285714285714285,0.8317570848137852,PASS
mt/set_8/ambiegen/odr/test-252,0.491285115480423,0.5753257215879101,0.14285714285714285,0.35532252275801685,PASS
mt/set_16/ambiegen/test-285,0.6355663537979126,0.20657276995305157,0.14285714285714285,0.18335265165043704,PASS
mt/set_14/ambiegen/test-777,0.36722439527511597,0.8408756285245993,0.4285714285714286,0.5799795890686222,PASS
mt/set_7/ambiegen/odr/test-460,0.25213146209716797,0.32013778926021613,0.14285714285714285,0.18755517143628075,PASS
mt/set_11/ambiegen/test-155,0.8087267279624939,0.8076228574603439,0.14285714285714285,0.6804709440898387,PASS
mt/set_2/ambiegen/odr/test-259,0.7184833884239197,0.23760313359446614,0.14285714285714285,0.2109305633216762,PASS
mt/set_8/ambiegen/odr/test-112,0.6731498837471008,0.35972442147956774,0.28571428571428575,0.3355342000007925,PASS
mt_set5/ambiegen/test-335,0.20895731449127197,0.9219101591799316,0.14285714285714285,0.3056459689942779,PASS
mt/set_17/ambiegen/test-761,0.22496332228183746,0.19146039947773422,0.14285714285714285,0.1537910950689651,PASS
mt/set_8/ambiegen/odr/test-247,0.32068586349487305,0.39617190321415674,0.14285714285714285,0.2240916055182287,PASS
mt/set_11/ambiegen/test-542,0.8353084921836853,0.9845542684112565,0.14285714285714285,0.8459338996790915,PASS
mt/set_17/ambiegen/test-774,0.7768517732620239,0.9277439786648888,0.14285714285714285,0.7525978730644093,PASS
mt/set_7/ambiegen/odr/test-801,0.7097319960594177,0.7108647942884129,0.14285714285714285,0.5459903470844801,PASS
mt/set_16/ambiegen/test-614,0.12827777862548828,0.6192182681890157,0.14285714285714285,0.2039636898382533,PASS
mt/set_18/ambiegen/test-174,0.1653895378112793,0.2626885573797816,0.14285714285714285,0.16267600512031388,PASS
mt/set_12/ambiegen/test-608,0.1366693675518036,0.5936050226407755,0.14285714285714285,0.2044605662550137,PASS
mt/set_16/ambiegen/test-62,0.14067353308200836,0.2963302497430341,0.14285714285714285,0.1644467491645912,PASS
mt/set_10/ambiegen/test-290,0.7042980194091797,0.4969858599327721,0.14285714285714285,0.39226929690942225,PASS
mt/set_17/ambiegen/test-291,0.4493750333786011,0.6331083145817707,0.14285714285714285,0.36316377951479584,PASS
mt/set_7/ambiegen/odr/test-363,0.6804262399673462,0.6825013195544073,0.14285714285714285,0.5100452009275367,PASS
mt/set_9/ambiegen/test-191,0.26532500982284546,0.02430758118732116,0.14285714285714285,0.11140297924260338,PASS
mt/set_17/ambiegen/test-478,0.7609781622886658,0.8622107397838709,0.28571428571428575,0.7244154978980908,PASS
mt/set_17/ambiegen/test-277,0.8758606314659119,0.8364585937717033,0.14285714285714285,0.7503553476408424,PASS
mt_set5/ambiegen/test-53,0.6024014949798584,0.6881962385754368,0.14285714285714285,0.4713702293888072,PASS
mt/set_17/ambiegen/test-647,0.11057914048433304,0.24629830263633076,0.14285714285714285,0.15429557846059666,PASS
mt/set_8/ambiegen/odr/test-415,0.25681421160697937,0.5561296774731227,0.14285714285714285,0.24899139875588916,PASS
mt/set_14/ambiegen/test-823,0.6217164397239685,0.4865961052309914,0.8571428571428572,0.6267678497929314,PASS
mt/set_11/ambiegen/test-135,0.806973934173584,0.6588049004083673,0.14285714285714285,0.5592135345962929,PASS
mt/set_8/ambiegen/odr/test-352,0.7708230018615723,0.5104036447481735,0.14285714285714285,0.42617044076850713,PASS
mt/set_10/ambiegen/test-260,0.27669909596443176,0.5648248465149873,0.14285714285714285,0.2596152292429303,PASS
mt/set_17/ambiegen/test-765,0.25762274861335754,0.4308692391032586,0.14285714285714285,0.21705561498343667,PASS
mt/set_10/ambiegen/test-619,0.41007670760154724,0.8264022001833485,0.14285714285714285,0.42316304520530956,PASS
mt/set_17/ambiegen/test-182,0.805940568447113,0.4975414617884823,0.14285714285714285,0.4287116244759437,PASS
mt/set_11/ambiegen/test-46,0.8199397325515747,0.618523765869378,0.14285714285714285,0.5328751065135056,PASS
mt/set_16/ambiegen/test-500,0.7195886969566345,0.5981609578575993,0.14285714285714285,0.47048862181270584,PASS
mt/set_2/ambiegen/odr/test-795,0.674332320690155,0.46073283884768174,0.14285714285714285,0.35721099862544115,PASS
mt/set_18/ambiegen/test-839,0.13373878598213196,0.5450176403589189,0.14285714285714285,0.1966416038204752,PASS
mt/set_7/ambiegen/odr/test-444,0.8463840484619141,0.531849876378587,0.14285714285714285,0.47209438747728927,PASS
mt/set_2/ambiegen/odr/test-369,0.2666386067867279,0.4828735727977331,0.14285714285714285,0.2335186457636243,PASS
mt/set_16/ambiegen/test-901,0.5346782803535461,0.33558352084895954,0.14285714285714285,0.24590375122057492,PASS
mt/set_11/ambiegen/test-905,0.41005176305770874,0.10378642664666494,0.14285714285714285,0.12683612679110898,PASS
mt/set_12/ambiegen/test-667,0.304280549287796,0.9551907103369726,0.14285714285714285,0.39003445123229497,PASS
mt/set_17/ambiegen/test-668,0.403434693813324,0.1998499874989582,0.14285714285714285,0.16585003368476398,PASS
mt/set_18/ambiegen/test-784,0.24555963277816772,0.2809400783398616,0.14285714285714285,0.1767647377872107,PASS
mt/set_10/ambiegen/test-115,0.4535767436027527,0.9996666388865739,0.28571428571428575,0.6095464691536947,PASS
mt/set_9/ambiegen/test-208,0.4120921790599823,0.37372558824346475,0.14285714285714285,0.23799621933510812,PASS
mt/set_7/ambiegen/odr/test-320,0.18573950231075287,0.5698808234019502,0.14285714285714285,0.22217230662770399,PASS
mt/set_14/ambiegen/test-466,0.23601031303405762,0.7393671694863461,0.14285714285714285,0.28363966096985516,PASS
mt/set_13/ambiegen/test-920,0.3298387825489044,0.56524154790677,0.14285714285714285,0.2821759050438298,PASS
mt/set_12/ambiegen/test-75,0.33612218499183655,0.4569547462288524,0.14285714285714285,0.24843231986061573,PASS
mt/set_13/ambiegen/test-260,0.6752057671546936,0.8935189043531405,0.14285714285714285,0.6497082934017416,PASS
mt/set_14/ambiegen/test-641,0.7655137181282043,0.3509736922521321,0.14285714285714285,0.3021732163885132,PASS
mt/set_13/ambiegen/test-172,0.9367468953132629,0.9117704253132205,0.14285714285714285,0.8631342729630036,PASS
mt/set_10/ambiegen/test-113,0.7856044173240662,0.9388004555935218,0.14285714285714285,0.7681537252823928,PASS
mt/set_10/ambiegen/test-798,0.3392234146595001,0.5467400061116203,0.14285714285714285,0.2798636711102573,PASS
mt_set5/ambiegen/test-497,0.8139544725418091,0.5313776148012335,0.14285714285714285,0.4590951186700899,PASS
mt/set_17/ambiegen/test-137,0.7140493988990784,0.835791871544851,0.14285714285714285,0.6376467693528969,PASS
mt/set_8/ambiegen/odr/test-558,0.40820908546447754,0.09070200294468984,0.14285714285714285,0.12156694089120854,PASS
mt/set_8/ambiegen/odr/test-168,0.49360373616218567,0.4752340472817179,0.14285714285714285,0.30691962895260944,PASS
mt/set_14/ambiegen/test-746,0.7526335120201111,0.4930688668500153,0.14285714285714285,0.4064382226365162,PASS
mt/set_2/ambiegen/odr/test-293,0.0458378829061985,0.32041559018807114,0.14285714285714285,0.1509960467070887,PASS
mt/set_9/ambiegen/test-275,0.6793916821479797,0.33069422451870983,0.14285714285714285,0.2704720937369623,PASS
mt_set5/ambiegen/test-389,0.3319093585014343,0.1730421979609411,0.14285714285714285,0.15287584513297497,PASS
mt/set_14/ambiegen/test-352,0.44021159410476685,0.6463594188404589,0.14285714285714285,0.36450468240313666,PASS
mt/set_11/ambiegen/test-619,0.5224066376686096,0.817818151512626,0.28571428571428575,0.5636888771364658,PASS
mt/set_8/ambiegen/odr/test-796,0.49050867557525635,0.2663833097202544,0.14285714285714285,0.20344779936405583,PASS
mt/set_7/ambiegen/odr/test-665,0.32936009764671326,0.5827152262688556,0.14285714285714285,0.2877288399028461,PASS
mt/set_11/ambiegen/test-667,0.5936174988746643,0.6069116870850348,0.14285714285714285,0.41832804074312635,PASS
mt/set_2/ambiegen/odr/test-84,0.3332515358924866,0.7538405978275967,0.14285714285714285,0.3464683176309445,PASS
mt/set_13/ambiegen/test-321,0.29259398579597473,0.4895963552518265,0.14285714285714285,0.24431095530093502,PASS
mt/set_14/ambiegen/test-218,0.6565340757369995,0.4152568269578021,0.14285714285714285,0.32169681768921976,PASS
mt/set_17/ambiegen/test-433,0.25771114230155945,0.43367502847459505,0.14285714285714285,0.21780414810386609,PASS
mt/set_7/ambiegen/odr/test-775,0.5198554396629333,0.5683251382059615,0.14285714285714285,0.36403899464170986,PASS
mt/set_7/ambiegen/odr/test-675,0.24601414799690247,0.32899963885879374,0.14285714285714285,0.18865083467448046,PASS
mt/set_8/ambiegen/odr/test-548,0.47284477949142456,0.1255937994832902,0.14285714285714285,0.13469426106624877,PASS
mt/set_17/ambiegen/test-560,0.2542453408241272,0.848598494318971,0.14285714285714285,0.3222885932932355,PASS
mt/set_17/ambiegen/test-876,0.8234648108482361,0.7630913687251715,0.14285714285714285,0.6535982023431611,PASS
mt/set_14/ambiegen/test-204,0.3935627043247223,0.5928827402283524,0.14285714285714285,0.31997043823137933,PASS
mt/set_11/ambiegen/test-190,0.3457835614681244,0.7740367252826624,0.14285714285714285,0.36110866253672796,PASS
mt/set_10/ambiegen/test-723,0.0915006548166275,0.5171542072950523,0.14285714285714285,0.1771055714778903,PASS
mt_set5/ambiegen/test-783,0.5659199357032776,0.38450426424424256,0.14285714285714285,0.2796100662554124,PASS
mt_set5/ambiegen/test-877,0.16662956774234772,0.2931077589799149,0.14285714285714285,0.1678933402034391,PASS
mt/set_12/ambiegen/test-356,0.5466183423995972,0.1580409478567658,0.14285714285714285,0.15115688917735548,PASS
mt/set_10/ambiegen/test-759,0.20223666727542877,0.3980053893380004,0.4285714285714286,0.422389861051262,PASS
mt/set_11/ambiegen/test-238,0.40140578150749207,0.08111787093368884,0.28571428571428575,0.2035880934307,PASS
mt_set5/ambiegen/test-441,0.2805563807487488,0.49587465622135174,0.14285714285714285,0.24189845874752836,PASS
mt/set_2/ambiegen/odr/test-919,0.5034982562065125,0.18198738783787538,0.14285714285714285,0.16255915296987533,PASS
mt/set_9/ambiegen/test-124,0.5844545364379883,0.21493457788149015,0.14285714285714285,0.18498312673193698,PASS
mt/set_14/ambiegen/test-792,0.5568948984146118,0.1586243298052615,0.14285714285714285,0.15163780883089958,PASS
mt/set_16/ambiegen/test-758,0.44079163670539856,0.15345723254715674,0.14285714285714285,0.14752957799830274,PASS
mt/set_9/ambiegen/test-234,0.6882545351982117,0.5094035614078951,0.14285714285714285,0.39513437778536,PASS
mt/set_16/ambiegen/test-305,0.39622965455055237,0.7720365586021056,0.14285714285714285,0.39215668966556244,PASS
mt/set_9/ambiegen/test-799,0.5946776270866394,0.5622135177931494,0.14285714285714285,0.39223899680774227,PASS
mt/set_17/ambiegen/test-502,0.48826831579208374,0.3010806456093563,0.14285714285714285,0.22011266606469027,PASS
mt/set_16/ambiegen/test-850,0.13994568586349487,0.0445592688279578,0.14285714285714285,0.12910077945720513,PASS
mt/set_13/ambiegen/test-311,0.5226302742958069,0.6623885323776981,0.14285714285714285,0.41437997546755234,PASS
mt/set_2/ambiegen/odr/test-344,0.2828839123249054,0.22757452009889712,0.14285714285714285,0.16682233023066984,PASS
mt/set_11/ambiegen/test-339,0.3294089734554291,0.5260993971719866,0.14285714285714285,0.2691005761782654,PASS
mt/set_10/ambiegen/test-431,0.5439842343330383,0.2772731060921743,0.14285714285714285,0.21597730769968926,PASS
mt/set_12/ambiegen/test-144,0.11029909551143646,0.00022224074228400874,0.14285714285714285,0.12712464003677432,PASS
mt/set_11/ambiegen/test-5,0.6694987416267395,0.5801038975470177,0.14285714285714285,0.43559329490238974,PASS
mt/set_17/ambiegen/test-232,0.2532687783241272,0.5842709114648443,0.14285714285714285,0.2546534687678644,PASS
mt/set_2/ambiegen/odr/test-896,0.7455646395683289,0.9179931660971747,0.14285714285714285,0.720771152640525,PASS
mt/set_12/ambiegen/test-157,0.060371726751327515,0.41342334083395843,0.14285714285714285,0.15919168717207013,PASS
mt/set_7/ambiegen/odr/test-843,0.38046854734420776,0.18637664249798586,0.14285714285714285,0.15941494366664116,PASS
mt/set_10/ambiegen/test-89,0.5527841448783875,0.14779009361891265,0.14285714285714285,0.14558399982571496,PASS
mt/set_16/ambiegen/test-462,0.49232247471809387,0.23554740672833846,0.14285714285714285,0.18849064720595765,PASS
mt/set_16/ambiegen/test-288,0.8097642064094543,0.6462760785621023,0.14285714285714285,0.5505077778197615,PASS
mt/set_14/ambiegen/test-754,0.6341809034347534,0.6486651665416562,0.14285714285714285,0.46363093228193464,PASS
mt/set_14/ambiegen/test-219,0.08424613624811172,0.22249076311914875,0.14285714285714285,0.14956596448656023,PASS
mt/set_12/ambiegen/test-754,0.7577778697013855,0.2872461594021724,0.14285714285714285,0.25227194422291344,PASS
mt/set_8/ambiegen/odr/test-307,0.6516909599304199,0.9800261132872184,0.14285714285714285,0.6884325928206801,PASS
mt/set_14/ambiegen/test-133,0.6397124528884888,0.4442870239186599,0.4285714285714286,0.43862489061960885,PASS
mt/set_9/ambiegen/test-591,0.8229972124099731,0.5386837792038226,0.14285714285714285,0.46862136116807646,PASS
mt/set_10/ambiegen/test-368,0.6905274391174316,0.5320998972136567,0.14285714285714285,0.4116399452179619,PASS
mt/set_2/ambiegen/odr/test-758,0.57639479637146,0.2311859321610134,0.14285714285714285,0.1937693973816849,PASS
mt_set5/ambiegen/test-719,0.598639965057373,0.6766675000694502,0.14285714285714285,0.46241735644598236,PASS
mt_set5/ambiegen/test-843,0.8097060322761536,0.4771786537767036,0.14285714285714285,0.4135592869683891,PASS
mt/set_2/ambiegen/odr/test-826,0.3719070851802826,0.6693057754812901,0.4285714285714286,0.5181022250610303,PASS
mt/set_17/ambiegen/test-645,0.8043025135993958,0.7455621301775148,0.14285714285714285,0.62761427911781,PASS
mt/set_13/ambiegen/test-472,0.3458274006843567,0.7268661277328665,0.14285714285714285,0.3448234520730242,PASS
mt_set5/ambiegen/test-78,0.6195403337478638,0.8135400172236575,0.14285714285714285,0.5583722346811499,PASS
mt/set_8/ambiegen/odr/test-916,0.13555291295051575,0.40447815095702416,0.14285714285714285,0.17832063685160687,PASS
mt/set_11/ambiegen/test-677,0.31586772203445435,0.06436647498402642,0.14285714285714285,0.11806447439509862,PASS
mt/set_16/ambiegen/test-714,0.3232208788394928,0.5236547490068617,0.14285714285714285,0.26593888403430466,PASS
mt/set_2/ambiegen/odr/test-751,0.6836820244789124,0.6524432591604856,0.14285714285714285,0.4912520104977587,PASS
mt/set_16/ambiegen/test-452,0.18845579028129578,0.5422118509875823,0.14285714285714285,0.2181178457229464,PASS
mt/set_11/ambiegen/test-574,0.8916909098625183,0.7254771230935911,0.14285714285714285,0.6623740831382638,PASS
mt/set_13/ambiegen/test-448,0.8798516988754272,0.3640025557685363,0.14285714285714285,0.3374323101057402,PASS
mt/set_18/ambiegen/test-508,0.3129142224788666,0.18959913326110503,0.14285714285714285,0.15748337218403868,PASS
mt/set_12/ambiegen/test-343,0.8894912004470825,0.5194877350890351,0.14285714285714285,0.47786674046658434,PASS
mt/set_13/ambiegen/test-276,0.12284139543771744,0.6248020668389032,0.14285714285714285,0.202059926650081,PASS
mt/set_2/ambiegen/odr/test-3,0.49701303243637085,0.4093396671944884,0.14285714285714285,0.275302430369346,PASS
mt_set5/ambiegen/test-151,0.3238634467124939,0.5082645776036891,0.14285714285714285,0.26119925412853007,PASS
mt/set_9/ambiegen/test-120,0.24838508665561676,0.7975942439647747,0.14285714285714285,0.3054840765811466,PASS
mt/set_16/ambiegen/test-467,0.3361208736896515,0.1510959246603883,0.14285714285714285,0.14562637365246273,PASS
mt/set_14/ambiegen/test-808,0.5579627156257629,0.6704725393782816,0.14285714285714285,0.43724686230604115,PASS
mt/set_8/ambiegen/odr/test-395,0.358516126871109,0.09945273217212539,0.14285714285714285,0.12729596590670203,PASS
mt/set_8/ambiegen/odr/test-837,0.8830164670944214,0.8302358529877489,0.14285714285714285,0.749823863032591,PASS
mt/set_10/ambiegen/test-746,0.22902007400989532,0.5645470455871322,0.14285714285714285,0.23943259771832787,PASS
mt/set_17/ambiegen/test-539,0.53260338306427,0.5187932327693974,0.14285714285714285,0.3430819761603632,PASS
mt/set_16/ambiegen/test-491,0.5303283333778381,0.8811012028780175,0.14285714285714285,0.534368884834102,PASS
mt/set_7/ambiegen/odr/test-636,0.5879822373390198,0.8603772536600272,0.14285714285714285,0.5647462229427641,PASS
mt/set_11/ambiegen/test-794,0.26615554094314575,0.37739256049115205,0.14285714285714285,0.20528004380784917,PASS
mt/set_16/ambiegen/test-125,0.3855478763580322,0.20251687640636717,0.14285714285714285,0.16585882643113234,PASS
mt/set_2/ambiegen/odr/test-834,0.7713687419891357,0.24188126788343467,0.14285714285714285,0.21924125760524849,PASS
mt/set_2/ambiegen/odr/test-833,0.1802397221326828,0.510709225768814,0.8571428571428572,0.7947017429141595,PASS
mt_set5/ambiegen/test-303,0.5881088376045227,0.43809206322749117,0.14285714285714285,0.31648740869641223,PASS
mt/set_10/ambiegen/test-863,0.46498027443885803,0.20801733477789813,0.14285714285714285,0.17315535103641894,PASS
mt/set_2/ambiegen/odr/test-752,0.39697638154029846,0.384198683223602,0.14285714285714285,0.2386640385246563,PASS
mt/set_11/ambiegen/test-923,0.44116929173469543,0.6770564213684475,0.14285714285714285,0.37852946446063507,PASS
mt/set_16/ambiegen/test-798,0.43468430638313293,0.3431952662721893,0.4285714285714286,0.39145976345315386,PASS
mt/set_11/ambiegen/test-419,0.36152300238609314,0.7261994055060144,0.14285714285714285,0.3537487848111852,PASS
mt/set_17/ambiegen/test-689,0.10913924127817154,0.14234519543295274,0.14285714285714285,0.14280126611058647,PASS
mt/set_7/ambiegen/odr/test-736,0.4251375198364258,0.2734672333805594,0.14285714285714285,0.19838439280787923,PASS
mt/set_11/ambiegen/test-247,0.15735357999801636,0.12162124621496234,0.14285714285714285,0.13951559849602788,PASS
mt/set_9/ambiegen/test-762,0.3581726849079132,0.19246048281801253,0.14285714285714285,0.16062370856880215,PASS
mt/set_10/ambiegen/test-947,0.3719184696674347,0.30944245353779476,0.14285714285714285,0.2048133009320397,PASS
mt/set_18/ambiegen/test-394,0.07642008364200592,0.2910242520210018,0.14285714285714285,0.15418008786117648,PASS
mt/set_12/ambiegen/test-312,0.6095612645149231,0.058921576798066484,0.14285714285714285,0.0916932730723964,PASS
mt/set_16/ambiegen/test-825,0.1853773444890976,0.510764785954385,0.14285714285714285,0.21105888262301498,PASS
mt/set_13/ambiegen/test-911,0.5354611873626709,0.18676556379698306,0.14285714285714285,0.16636839806880965,PASS
mt/set_7/ambiegen/odr/test-39,0.5408715009689331,0.4436758618773787,0.14285714285714285,0.3055614149331696,PASS
mt/set_17/ambiegen/test-604,0.07797107845544815,0.05669916937522562,0.14285714285714285,0.13613930955411588,PASS
mt/set_14/ambiegen/test-810,0.15534743666648865,0.5580742839681084,0.14285714285714285,0.20736005713124445,PASS
mt/set_11/ambiegen/test-382,0.581995964050293,0.8031502625218768,0.14285714285714285,0.5271450735921952,PASS
mt/set_17/ambiegen/test-460,0.5815067887306213,0.9761646803900325,0.4285714285714286,0.7470006219670234,PASS
mt/set_17/ambiegen/test-210,0.821455180644989,0.510820346139956,0.14285714285714285,0.4451224224805349,PASS
mt/set_18/ambiegen/test-70,0.7234190702438354,0.8082062394088396,0.28571428571428575,0.663694929065885,PASS
mt/set_16/ambiegen/test-267,0.9072389602661133,0.7407283940328361,0.14285714285714285,0.685269235146779,PASS
mt/set_17/ambiegen/test-430,0.21098463237285614,0.5162096841403451,0.14285714285714285,0.22162878939651354,PASS
mt/set_13/ambiegen/test-507,0.25587549805641174,0.7277828707947884,0.14285714285714285,0.29252530907667174,PASS
mt/set_18/ambiegen/test-50,0.37852782011032104,0.20985082090174179,0.14285714285714285,0.16821611376853757,PASS
mt/set_17/ambiegen/test-661,0.690514326095581,0.823318609884157,0.14285714285714285,0.612725534195312,PASS
mt/set_13/ambiegen/test-310,0.9198769330978394,0.7658693780037225,0.28571428571428575,0.7273978794208028,PASS
mt/set_2/ambiegen/odr/test-670,0.45332005620002747,0.7748145678806567,0.14285714285714285,0.42933612254230147,PASS
mt/set_8/ambiegen/odr/test-454,0.38199344277381897,0.5544628719059922,0.14285714285714285,0.3000878366194151,PASS
mt/set_8/ambiegen/odr/test-66,0.38840168714523315,0.6541656249131872,0.14285714285714285,0.34145021993937863,PASS
mt/set_17/ambiegen/test-663,0.6441298127174377,0.1100369475234047,0.14285714285714285,0.12171667658347238,PASS
mt_set5/ambiegen/test-573,0.6457338333129883,0.6574992360474484,0.14285714285714285,0.47517895447713904,PASS
mt/set_18/ambiegen/test-914,0.2739540934562683,0.6974470094730116,0.14285714285714285,0.294789307005926,PASS
mt/set_7/ambiegen/odr/test-273,0.44690996408462524,0.25771592077117533,0.14285714285714285,0.19418867516950705,PASS
mt/set_14/ambiegen/test-545,0.13740849494934082,0.9990832569380782,0.8571428571428572,0.8766466738512262,PASS
mt/set_2/ambiegen/odr/test-345,0.4368498623371124,0.6061060643942551,0.14285714285714285,0.34522737471592074,PASS
mt_set5/ambiegen/test-477,0.5062476992607117,0.8159291052032114,0.14285714285714285,0.4835982752317324,PASS
mt/set_16/ambiegen/test-911,0.680846631526947,0.8391254826791121,0.14285714285714285,0.6169090966637903,PASS
mt/set_16/ambiegen/test-69,0.5637290477752686,0.7044475928549601,0.14285714285714285,0.4594419924740969,PASS
mt/set_2/ambiegen/odr/test-625,0.9028076529502869,0.5089312998305414,0.14285714285714285,0.47335169332005167,PASS
mt/set_7/ambiegen/odr/test-931,0.41735073924064636,0.7600355585187655,0.14285714285714285,0.40043700661941733,PASS
mt/set_7/ambiegen/odr/test-28,0.7759546041488647,0.3694474539544962,0.14285714285714285,0.31868093800865777,PASS
mt_set5/ambiegen/test-875,0.6043155193328857,0.26888351807095034,0.14285714285714285,0.21901683724411602,PASS
mt/set_14/ambiegen/test-235,0.512923538684845,0.687279495513515,0.28571428571428575,0.4916865341372286,PASS
mt/set_11/ambiegen/test-867,0.6905496716499329,0.8999916659721643,0.14285714285714285,0.6656961391890494,PASS
mt/set_10/ambiegen/test-935,0.7154156565666199,0.6554990693668917,0.14285714285714285,0.5096092032946917,PASS
mt/set_12/ambiegen/test-239,0.4670421779155731,0.3863099702753007,0.14285714285714285,0.2565598773367488,PASS
mt_set5/ambiegen/test-623,0.7384752631187439,0.6007445064866517,0.14285714285714285,0.4809956341921923,PASS
mt/set_16/ambiegen/test-5,0.12938867509365082,0.15465177653693366,0.14285714285714285,0.1443832327534486,PASS
mt/set_11/ambiegen/test-182,0.7294610738754272,0.5560185571019808,0.28571428571428575,0.4828907297938687,PASS
mt/set_11/ambiegen/test-65,0.7538019418716431,0.625663249715254,0.14285714285714285,0.5067973237542751,PASS
mt/set_17/ambiegen/test-886,0.7975464463233948,0.37333666694446754,0.14285714285714285,0.32667526824329596,PASS
mt/set_18/ambiegen/test-674,0.21878574788570404,0.17293107758979917,0.28571428571428575,0.2610389229183463,PASS
mt/set_11/ambiegen/test-572,0.36124297976493835,0.40231130371975443,0.14285714285714285,0.23658313278208967,PASS
mt/set_17/ambiegen/test-593,0.6522641181945801,0.22074061727366165,0.14285714285714285,0.19365773861936364,PASS
mt/set_17/ambiegen/test-245,0.3605732321739197,0.17190321415673523,0.14285714285714285,0.153330378667591,PASS
mt/set_18/ambiegen/test-453,0.6667642593383789,0.4820401700141678,0.14285714285714285,0.3690122627396459,PASS
mt/set_10/ambiegen/test-872,0.8423212170600891,0.6641942384087564,0.14285714285714285,0.5819904396807498,PASS
mt/set_10/ambiegen/test-439,0.28278201818466187,0.21949051309831372,0.14285714285714285,0.16452768195423356,PASS
mt/set_18/ambiegen/test-138,0.10446888953447342,0.6312748284579269,0.14285714285714285,0.19388159716522296,PASS
mt/set_8/ambiegen/odr/test-397,0.0567752905189991,0.18212628830180283,0.14285714285714285,0.14508666265911788,PASS
mt/set_2/ambiegen/odr/test-207,0.6547015905380249,0.4637608689613023,0.14285714285714285,0.3529533227471147,PASS
mt/set_9/ambiegen/test-842,0.6182258725166321,0.4545100980637275,0.14285714285714285,0.3355290630121205,PASS
mt_set5/ambiegen/test-740,0.06847274303436279,0.21521237880934518,0.14285714285714285,0.1478115043356887,PASS
mt/set_13/ambiegen/test-398,0.13125883042812347,0.5046253854487874,0.14285714285714285,0.19034241713702243,PASS
mt/set_18/ambiegen/test-886,0.2535267472267151,0.5884657054754563,0.14285714285714285,0.25583083227413583,PASS
mt/set_18/ambiegen/test-54,0.15556193888187408,0.30747006695002366,0.14285714285714285,0.16846465062278346,PASS
mt/set_11/ambiegen/test-587,0.05950317531824112,0.06519987776759176,0.14285714285714285,0.1382362858046782,PASS
mt_set5/ambiegen/test-396,0.9082614183425903,0.9659416062449648,0.14285714285714285,0.8904330049895159,PASS
mt/set_2/ambiegen/odr/test-93,0.5551780462265015,0.8783231935994666,0.14285714285714285,0.5511717479741871,PASS
mt/set_9/ambiegen/test-692,0.7786862850189209,0.4289801927938439,0.14285714285714285,0.36565723767063574,PASS
mt/set_18/ambiegen/test-0,0.7931048274040222,0.8196794177292552,0.14285714285714285,0.6796481563527872,PASS
mt/set_18/ambiegen/test-418,0.5990476608276367,0.4064783176375809,0.14285714285714285,0.30077879095399784,PASS
mt/set_9/ambiegen/test-668,0.44577983021736145,0.2579659416062449,0.14285714285714285,0.19417032787751662,PASS
mt/set_11/ambiegen/test-666,0.43956607580184937,0.11862099619412728,0.14285714285714285,0.13220375497592302,PASS
mt/set_2/ambiegen/odr/test-280,0.3207177519798279,0.6181070644775953,0.14285714285714285,0.29527822934784376,PASS
mt/set_17/ambiegen/test-514,0.5157241821289062,0.41720143345278765,0.14285714285714285,0.28434312774631676,PASS
mt/set_11/ambiegen/test-880,0.7557839155197144,0.746228852404367,0.14285714285714285,0.5988757760125677,PASS
mt/set_10/ambiegen/test-758,0.30571720004081726,0.6371919882212407,0.5714285714285715,0.591533562045645,PASS
mt/set_14/ambiegen/test-103,0.363941490650177,0.08236797510903679,0.14285714285714285,0.12084262497870851,PASS
mt/set_12/ambiegen/test-644,0.07412698119878769,0.6492763285829375,0.14285714285714285,0.18039647150925017,PASS
mt/set_10/ambiegen/test-220,0.4117472469806671,0.1745423229713587,0.14285714285714285,0.15590343279673244,PASS
mt/set_16/ambiegen/test-41,0.09285297989845276,0.6532211017584798,0.4285714285714286,0.4494308329324837,PASS
mt_set5/ambiegen/test-334,0.40872424840927124,0.31416506931133154,0.14285714285714285,0.2128748463436818,PASS
mt/set_9/ambiegen/test-447,0.7906832098960876,0.8378475984109787,0.14285714285714285,0.692374427101594,PASS
mt/set_16/ambiegen/test-564,0.07494929432868958,0.09520237797594237,0.28571428571428575,0.27143556118303375,PASS
mt/set_10/ambiegen/test-206,0.3255370259284973,0.9112426035502958,0.14285714285714285,0.3929950604978902,PASS
mt/set_11/ambiegen/test-964,0.14188791811466217,0.03780870628107899,0.4285714285714286,0.3731269258150449,PASS
mt/set_7/ambiegen/odr/test-881,0.13571356236934662,0.3791149262438536,0.14285714285714285,0.17492052614930148,PASS
mt/set_11/ambiegen/test-601,0.7048553824424744,0.4255354612884407,0.14285714285714285,0.34210447710323083,PASS
mt/set_12/ambiegen/test-646,0.3089171051979065,0.44034225074311745,0.14285714285714285,0.23475538122476503,PASS
mt/set_7/ambiegen/odr/test-437,0.34277111291885376,0.07186710003611413,0.14285714285714285,0.11852380687322175,PASS
mt/set_7/ambiegen/odr/test-271,0.6194580793380737,0.6687779537183653,0.14285714285714285,0.4686430382371581,PASS
mt/set_11/ambiegen/test-919,0.8565583825111389,0.542628552379365,0.14285714285714285,0.4852846947716956,PASS
mt/set_12/ambiegen/test-177,0.6935696601867676,0.18307081145651025,0.14285714285714285,0.1707481233224694,PASS
mt/set_8/ambiegen/odr/test-647,0.18316984176635742,0.5165986054393421,0.14285714285714285,0.21131530741985127,PASS
mt/set_10/ambiegen/test-40,0.1675674021244049,0.10781454010056395,0.14285714285714285,0.13698514920702004,PASS
mt_set5/ambiegen/test-433,0.4774499237537384,0.7704530933133317,0.14285714285714285,0.4425027858080798,PASS
mt/set_8/ambiegen/odr/test-723,0.14018331468105316,0.2621051754312859,0.14285714285714285,0.1595737252038431,PASS
mt/set_7/ambiegen/odr/test-596,0.11580624431371689,0.27238380976192456,0.28571428571428575,0.2841705397455404,PASS
mt/set_13/ambiegen/test-568,0.37302106618881226,0.13798372086562766,0.14285714285714285,0.14103925378987983,PASS
mt/set_13/ambiegen/test-327,0.34351322054862976,0.13720587826763336,0.14285714285714285,0.14091585450035338,PASS
mt_set5/ambiegen/test-302,0.28856945037841797,0.6165513792816067,0.14285714285714285,0.2795508283095748,PASS
mt/set_13/ambiegen/test-208,0.23274503648281097,0.36880851182042945,0.14285714285714285,0.19544620034110677,PASS
mt/set_2/ambiegen/odr/test-718,0.23974323272705078,0.12612162124621487,0.14285714285714285,0.13884491480476555,PASS
mt/set_8/ambiegen/odr/test-473,0.03615274280309677,0.21818484873739472,0.14285714285714285,0.14558044922688487,PASS
mt/set_13/ambiegen/test-182,0.8030825853347778,0.9577464788732394,0.14285714285714285,0.7972805775866901,PASS
mt/set_2/ambiegen/odr/test-874,0.7517891526222229,0.6263299719421063,0.14285714285714285,0.5063267713507963,PASS
mt/set_11/ambiegen/test-862,0.12901045382022858,0.7464233130538656,0.14285714285714285,0.22072349051349668,PASS
mt/set_13/ambiegen/test-737,0.6716053485870361,0.4311748201238991,0.14285714285714285,0.33649283700168725,PASS
mt/set_9/ambiegen/test-70,0.379238486289978,0.5649637469789148,0.14285714285714285,0.30293621245728664,PASS
mt/set_9/ambiegen/test-422,0.7236770391464233,0.4059227157818707,0.14285714285714285,0.33323165777266744,PASS
mt/set_10/ambiegen/test-302,0.6522607207298279,0.8599049920826736,0.14285714285714285,0.6105592897907605,PASS
mt_set5/ambiegen/test-466,0.5613480806350708,0.6794732894407867,0.14285714285714285,0.44408558677965915,PASS
mt/set_9/ambiegen/test-951,0.36277779936790466,0.42559102147401173,0.14285714285714285,0.2454267128910482,PASS
mt/set_7/ambiegen/odr/test-144,0.49524620175361633,0.6826402200183349,0.14285714285714285,0.410182665849577,PASS
mt/set_8/ambiegen/odr/test-294,0.48417484760284424,0.6054393421674028,0.14285714285714285,0.36682780871197646,PASS
mt/set_11/ambiegen/test-337,0.07602524012327194,0.43225824374253413,0.14285714285714285,0.16485892997952534,PASS
mt/set_7/ambiegen/odr/test-336,0.8109039068222046,0.5225991054810123,0.14285714285714285,0.45079138393317014,PASS
mt/set_11/ambiegen/test-793,0.2671928405761719,0.8657110314748451,0.14285714285714285,0.33599852667843844,PASS
mt/set_12/ambiegen/test-918,0.631920337677002,0.4354529544128677,0.28571428571428575,0.3803371958015984,PASS
mt/set_14/ambiegen/test-248,0.6185510158538818,0.3924215906881129,0.14285714285714285,0.29722548558400247,PASS
mt/set_17/ambiegen/test-196,0.8916467428207397,0.45651026474428424,0.14285714285714285,0.42252492736336894,PASS
mt/set_9/ambiegen/test-357,0.2766605615615845,0.39658860460593937,0.14285714285714285,0.2130546315504066,PASS
mt/set_16/ambiegen/test-576,0.4984011650085449,0.16273578353751694,0.14285714285714285,0.15276468053102754,PASS
mt/set_7/ambiegen/odr/test-189,0.6816626191139221,0.6959191043698086,0.14285714285714285,0.5198588080741497,PASS
mt/set_2/ambiegen/odr/test-584,0.35956546664237976,0.6526377198099841,0.4285714285714286,0.5091379163670233,PASS
mt/set_16/ambiegen/test-712,0.8468395471572876,0.8677945384337583,0.14285714285714285,0.7567627986446274,PASS
mt/set_11/ambiegen/test-450,0.4272857904434204,0.30538655999111036,0.14285714285714285,0.21230365332753856,PASS
mt/set_16/ambiegen/test-629,0.43543869256973267,0.43250826457760366,0.14285714285714285,0.26898244860045684,PASS
mt/set_13/ambiegen/test-621,0.7321510910987854,0.3301664027557851,0.14285714285714285,0.27999582186483973,PASS
mt/set_17/ambiegen/test-906,0.6352381110191345,0.2661610689779703,0.14285714285714285,0.2211844959673802,PASS
mt/set_17/ambiegen/test-885,0.5221960544586182,0.20998972136566937,0.14285714285714285,0.17791351047992882,PASS
mt/set_13/ambiegen/test-340,0.04966152459383011,0.49779148262355194,0.14285714285714285,0.16048372436501587,PASS
mt/set_8/ambiegen/odr/test-376,0.75996333360672,0.9078256521376781,0.4285714285714286,0.7927870659579358,PASS
mt/set_10/ambiegen/test-475,0.30010223388671875,0.3557796483040253,0.14285714285714285,0.20675566238650933,PASS
mt/set_14/ambiegen/test-303,0.6035602688789368,0.29794149512459367,0.14285714285714285,0.2364598962106012,PASS
mt/set_17/ambiegen/test-338,0.6105164885520935,0.4058949356890852,0.14285714285714285,0.30344605249339335,PASS
mt_set5/ambiegen/test-751,0.7730532288551331,0.7462010723115815,0.14285714285714285,0.6092741156320403,PASS
mt/set_18/ambiegen/test-639,0.7860031723976135,0.36161346778898246,0.14285714285714285,0.31480030823561195,PASS
mt/set_11/ambiegen/test-446,0.4096015989780426,0.15240158902130727,0.14285714285714285,0.14676656752481906,PASS
mt/set_8/ambiegen/odr/test-596,0.15982948243618011,0.921826818901575,0.14285714285714285,0.26735946088406604,PASS
mt/set_12/ambiegen/test-341,0.8644894361495972,0.60310581437342,0.14285714285714285,0.5407372573848505,PASS
mt_set5/ambiegen/test-315,0.1848013550043106,0.4112564935966886,0.14285714285714285,0.19245770868482542,PASS
mt/set_17/ambiegen/test-496,0.7971335649490356,0.9416618051504292,0.14285714285714285,0.7796111510089008,PASS
mt/set_2/ambiegen/odr/test-519,0.40936940908432007,0.5782704114231741,0.14285714285714285,0.32110201531749144,PASS
mt/set_16/ambiegen/test-772,0.13689447939395905,0.12464927632858291,0.14285714285714285,0.14036458857657827,PASS
mt/set_9/ambiegen/test-614,0.3236486315727234,0.2004611495402394,0.14285714285714285,0.16150060079323306,PASS
mt/set_17/ambiegen/test-51,0.3795151114463806,0.04122565769369667,0.14285714285714285,0.10428645843887639,PASS
mt/set_8/ambiegen/odr/test-504,0.4548141658306122,0.32480484484818173,0.14285714285714285,0.22560953090551938,PASS
mt/set_2/ambiegen/odr/test-465,0.12028176337480545,0.12817734811234266,0.28571428571428575,0.2667654671915946,PASS
mt/set_7/ambiegen/odr/test-582,0.18102900683879852,0.5774925688251799,0.14285714285714285,0.2215387602283574,PASS
mt/set_11/ambiegen/test-426,0.7286557555198669,0.3900602828013445,0.14285714285714285,0.3229831335600685,PASS
mt/set_11/ambiegen/test-697,0.6063233017921448,0.40711725977164764,0.14285714285714285,0.3030842094767236,PASS
mt/set_18/ambiegen/test-708,0.5061162114143372,0.5186543323054699,0.14285714285714285,0.3330541926408861,PASS
mt/set_14/ambiegen/test-694,0.24977709352970123,0.003889212989971319,0.14285714285714285,0.10814613936981869,PASS
mt/set_10/ambiegen/test-541,0.43989354372024536,0.579353835041809,0.14285714285714285,0.3348692196044208,PASS
mt/set_10/ambiegen/test-664,0.2881866991519928,0.4058393755035142,0.14285714285714285,0.21864512867659666,PASS
mt/set_12/ambiegen/test-106,0.7370075583457947,0.513320554490652,0.14285714285714285,0.41589147732160847,PASS
mt/set_11/ambiegen/test-712,0.5500985980033875,0.42420201683473624,0.5714285714285715,0.49043945015763357,PASS
mt/set_17/ambiegen/test-341,0.8821709752082825,0.9261049531905436,0.14285714285714285,0.833815627528711,PASS
mt/set_7/ambiegen/odr/test-270,0.893438994884491,0.5951607078367641,0.14285714285714285,0.5469627853352077,PASS
mt/set_14/ambiegen/test-662,0.7660293579101562,0.19937772592160452,0.14285714285714285,0.18615356881072007,PASS
mt/set_18/ambiegen/test-250,0.5319651961326599,0.6378864905408784,0.14285714285714285,0.40619552688914395,PASS
mt/set_7/ambiegen/odr/test-64,0.4374748468399048,0.44095341278439865,0.14285714285714285,0.273266762887116,PASS
mt/set_10/ambiegen/test-900,0.4779545068740845,0.7410617551462622,0.14285714285714285,0.42877173333359175,PASS
mt/set_7/ambiegen/odr/test-952,0.7278055548667908,0.8915187376725838,0.14285714285714285,0.6877372102792514,PASS
mt/set_13/ambiegen/test-397,0.3823114335536957,0.24177014751229262,0.14285714285714285,0.18067271120648193,PASS
mt_set5/ambiegen/test-660,0.7791397571563721,0.6318859904992082,0.14285714285714285,0.5238789604514421,PASS
mt/set_16/ambiegen/test-99,0.28160497546195984,0.48229019084923735,0.14285714285714285,0.23844317375046023,PASS
mt/set_2/ambiegen/odr/test-832,0.18918849527835846,0.21215656860293908,0.14285714285714285,0.1559677990663817,PASS
mt_set5/ambiegen/test-808,0.10763148963451385,0.388449037419785,0.14285714285714285,0.16929056218234517,PASS
mt/set_10/ambiegen/test-353,0.3258913457393646,0.6010223074145068,0.14285714285714285,0.292169200648165,PASS
mt/set_18/ambiegen/test-346,0.8217353224754333,0.5684640386698891,0.14285714285714285,0.4925933626355981,PASS
mt/set_13/ambiegen/test-586,0.5904431939125061,0.41003416951412613,0.14285714285714285,0.30060999981653885,PASS
mt/set_11/ambiegen/test-575,0.14679408073425293,0.46806678334305635,0.14285714285714285,0.19059599307818942,PASS
mt/set_16/ambiegen/test-784,0.41906410455703735,0.3833930605328222,0.14285714285714285,0.24365711181170668,PASS
mt/set_7/ambiegen/odr/test-98,0.5620434284210205,0.566658332638831,0.4285714285714286,0.506182265553516,PASS
mt/set_16/ambiegen/test-912,0.2795170843601227,0.5964385921048976,0.14285714285714285,0.26964091132818885,PASS
mt/set_9/ambiegen/test-698,0.786188006401062,0.6412478817679251,0.14285714285714285,0.5346859642901629,PASS
mt/set_14/ambiegen/test-49,0.5425764322280884,0.3995332944412034,0.14285714285714285,0.2821235734216584,PASS
mt/set_16/ambiegen/test-731,0.3525494933128357,0.8462094063394171,0.5714285714285715,0.668302415548468,PASS
mt/set_7/ambiegen/odr/test-802,0.3062535524368286,0.6597772036558602,0.14285714285714285,0.30116574780261146,PASS
mt/set_11/ambiegen/test-817,0.8500073552131653,0.19746089951940432,0.14285714285714285,0.18927073764233496,PASS
mt/set_2/ambiegen/odr/test-457,0.3072226643562317,0.4785398783231936,0.14285714285714285,0.24598648722541105,PASS
mt/set_9/ambiegen/test-118,0.5884416699409485,0.8389032419368281,0.14285714285714285,0.5524396717554757,PASS
mt/set_10/ambiegen/test-198,0.326224148273468,0.876656388032336,0.14285714285714285,0.382240176618134,PASS
mt/set_17/ambiegen/test-131,0.503053605556488,0.6343306386643331,0.14285714285714285,0.39009465695840145,PASS
mt/set_11/ambiegen/test-324,0.5793805122375488,0.67202822457427,0.14285714285714285,0.4494485552437098,PASS
mt/set_16/ambiegen/test-695,0.8505399823188782,0.39689418562658,0.14285714285714285,0.35892580472260005,PASS
mt/set_2/ambiegen/odr/test-765,0.0819096714258194,0.7036697502569659,0.14285714285714285,0.18879312138945673,PASS
mt/set_17/ambiegen/test-185,0.24067422747612,0.17926493874489535,0.8571428571428572,0.6939950872644596,PASS
mt/set_8/ambiegen/odr/test-88,0.2505095899105072,0.49870822568547374,0.14285714285714285,0.23200124742820333,PASS
mt/set_12/ambiegen/test-126,0.4278630316257477,0.043309164652609845,0.28571428571428575,0.18199810425017998,PASS
mt/set_9/ambiegen/test-46,0.6877207159996033,0.779898324860405,0.14285714285714285,0.5809635606656598,PASS
mt/set_18/ambiegen/test-305,0.29525554180145264,0.5409061866266633,0.14285714285714285,0.26038332893886273,PASS
mt/set_11/ambiegen/test-682,0.36111968755722046,0.8517376448037336,0.14285714285714285,0.3988478482355013,PASS
mt/set_16/ambiegen/test-264,0.40343061089515686,0.2599383281940162,0.14285714285714285,0.1900912812394014,PASS
mt/set_7/ambiegen/odr/test-404,0.13065634667873383,0.0026946690001943972,0.4285714285714286,0.3729279206442617,PASS
mt/set_18/ambiegen/test-505,0.715038001537323,0.882156846403867,0.28571428571428575,0.7121933823415674,PASS
mt/set_13/ambiegen/test-939,0.3347585201263428,0.347640081117871,0.28571428571428575,0.3064444733412366,PASS
mt/set_12/ambiegen/test-500,0.26518514752388,0.47126149401339,0.14285714285714285,0.22994510342347096,PASS
mt/set_14/ambiegen/test-211,0.25325438380241394,0.40756174125621575,0.14285714285714285,0.2098947385568909,PASS
mt/set_18/ambiegen/test-859,0.4446583092212677,0.6082451315387394,0.4285714285714286,0.5084648463168211,PASS
mt/set_2/ambiegen/odr/test-347,0.1203959509730339,0.2773008861849598,0.14285714285714285,0.1590436241231012,PASS
mt/set_16/ambiegen/test-696,0.6103800535202026,0.6983081923493625,0.14285714285714285,0.4818933841740566,PASS
mt/set_8/ambiegen/odr/test-480,0.856295645236969,0.49876378587104475,0.14285714285714285,0.4476184513808556,PASS
mt/set_12/ambiegen/test-2,0.024715667590498924,0.2928299580520599,0.14285714285714285,0.14656382190338824,PASS
mt/set_13/ambiegen/test-121,0.18491558730602264,0.15295719087701745,0.14285714285714285,0.1447247970398197,PASS
mt/set_12/ambiegen/test-665,0.8788121342658997,0.8341528460705058,0.14285714285714285,0.7503761952069243,PASS
mt/set_7/ambiegen/odr/test-712,0.820620059967041,0.18179292718837678,0.14285714285714285,0.1748086285299038,PASS
mt/set_16/ambiegen/test-84,0.43936362862586975,0.6211350945912159,0.4285714285714286,0.5131769123878063,PASS
mt/set_14/ambiegen/test-548,0.6758707165718079,0.16812512153790585,0.14285714285714285,0.1599350297144313,PASS
mt/set_11/ambiegen/test-323,0.051855865865945816,0.5711864877628691,0.14285714285714285,0.16506853244520694,PASS
mt/set_11/ambiegen/test-953,0.20305146276950836,0.427785648804067,0.14285714285714285,0.2007122949031337,PASS
mt/set_9/ambiegen/test-798,0.8556331992149353,0.3820873961719032,0.14285714285714285,0.3475504898498506,PASS
mt_set5/ambiegen/test-176,0.44998958706855774,0.12353807261716254,0.14285714285714285,0.13416376667478028,PASS
mt/set_10/ambiegen/test-482,0.3194359540939331,0.037558685446009356,0.14285714285714285,0.10922102964939805,PASS
mt/set_17/ambiegen/test-839,0.40949732065200806,0.3457232547156708,0.14285714285714285,0.2259302721143006,PASS
mt/set_14/ambiegen/test-752,0.49000319838523865,0.1551240381142873,0.14285714285714285,0.14886795650992574,PASS
mt/set_10/ambiegen/test-569,0.8258692026138306,0.16326360530044162,0.14285714285714285,0.15971021172335909,PASS
mt/set_7/ambiegen/odr/test-211,0.24274559319019318,0.6907797872044893,0.14285714285714285,0.27586295231031605,PASS
mt/set_9/ambiegen/test-677,0.43542206287384033,0.7590076950857015,0.14285714285714285,0.41114268734935777,PASS
mt/set_11/ambiegen/test-424,0.8421750068664551,0.9906103286384976,1.0,0.992092253456653,PASS
mt_set5/ambiegen/test-929,0.8657563924789429,0.943939772758841,0.14285714285714285,0.8363995505983812,PASS
mt/set_12/ambiegen/test-63,0.22516927123069763,0.5038197627580075,0.14285714285714285,0.22413482866426923,PASS
mt/set_13/ambiegen/test-845,0.6832253336906433,0.7786760007778425,0.14285714285714285,0.5772646942268166,PASS
mt/set_10/ambiegen/test-38,0.22051888704299927,0.8505986609995277,0.14285714285714285,0.2989275147520243,FAIL
mt/set_8/ambiegen/odr/test-537,0.5936552882194519,0.5818540433925049,0.14285714285714285,0.4034699743719093,FAIL
mt/set_2/ambiegen/odr/test-87,0.48367902636528015,0.767202822457427,0.14285714285714285,0.44484004902410285,FAIL
mt/set_9/ambiegen/test-656,0.2974570691585541,0.3410284190349195,0.14285714285714285,0.20180458560292006,FAIL
mt/set_17/ambiegen/test-195,0.6514386534690857,0.8769619690529766,0.14285714285714285,0.621081402339314,FAIL
mt/set_9/ambiegen/test-536,0.6316716074943542,0.41175653526682776,0.14285714285714285,0.31271325431482366,FAIL
mt/set_2/ambiegen/odr/test-828,0.5153753757476807,0.259660527266161,0.14285714285714285,0.2030547309855414,FAIL
mt/set_2/ambiegen/odr/test-506,0.5296187996864319,0.10156401922382419,0.14285714285714285,0.12098752828316119,FAIL
mt/set_14/ambiegen/test-757,0.7595515847206116,0.7730644220351696,0.14285714285714285,0.6215320804592779,FAIL
mt/set_18/ambiegen/test-25,0.7338581085205078,0.37450343084145893,0.14285714285714285,0.3128526496031099,FAIL
mt/set_11/ambiegen/test-633,0.649610161781311,0.39064366474984025,0.14285714285714285,0.30382178543108634,FAIL
mt/set_18/ambiegen/test-933,0.7052684426307678,0.33533350001389006,0.14285714285714285,0.2786046435123254,FAIL
mt_set5/ambiegen/test-32,0.6037386655807495,0.9968330694224519,0.14285714285714285,0.6584354291997667,FAIL
mt/set_8/ambiegen/odr/test-633,0.9035047292709351,0.8347917882045726,0.14285714285714285,0.7680233672749528,FAIL
mt/set_11/ambiegen/test-931,0.6501205563545227,0.3454454537878156,0.4285714285714286,0.3745295235975941,FAIL
mt/set_10/ambiegen/test-904,0.26113268733024597,0.2098786009945273,0.14285714285714285,0.160358632071875,FAIL
mt/set_13/ambiegen/test-258,0.7919939160346985,0.3041642359085479,0.14285714285714285,0.27061137916709865,FAIL
mt/set_11/ambiegen/test-217,0.11590517312288284,0.06325527127260604,0.14285714285714285,0.1336308752146003,FAIL
mt/set_8/ambiegen/odr/test-212,0.6113618016242981,0.5432674945134316,0.14285714285714285,0.3876527368347503,FAIL
mt/set_17/ambiegen/test-712,0.08102438598871231,0.7744256465816595,0.14285714285714285,0.19402958988812558,FAIL
mt/set_7/ambiegen/odr/test-339,0.847038984298706,0.9913326110509209,0.14285714285714285,0.8615489416383696,FAIL
mt/set_11/ambiegen/test-119,0.8006512522697449,0.9436341917382004,0.4285714285714286,0.8409570748984195,FAIL
mt/set_14/ambiegen/test-615,0.41925087571144104,0.36108564602605775,0.5714285714285715,0.4832421327837598,FAIL
mt/set_14/ambiegen/test-309,0.4892147183418274,0.873545017640359,0.14285714285714285,0.5003204057150024,FAIL
mt/set_14/ambiegen/test-541,0.13348034024238586,0.19446064949856928,0.14285714285714285,0.1497452007388153,FAIL
mt/set_9/ambiegen/test-430,0.3214649260044098,0.6419979442731338,0.14285714285714285,0.3033134079075908,FAIL
mt/set_17/ambiegen/test-634,0.7492828965187073,0.9072144900963969,0.8571428571428572,0.8946606753157069,FAIL
mt/set_9/ambiegen/test-705,0.8901182413101196,0.6808900741728477,0.14285714285714285,0.6217700694468065,FAIL
mt/set_14/ambiegen/test-148,0.42248547077178955,0.37880934522321297,0.28571428571428575,0.32504559575744263,FAIL
mt/set_10/ambiegen/test-405,0.9140315055847168,0.844237019751646,0.14285714285714285,0.7839404477218489,FAIL
mt/set_14/ambiegen/test-631,0.8995723128318787,0.8428480151123705,0.14285714285714285,0.772549550772982,FAIL
mt/set_11/ambiegen/test-142,0.5407400727272034,0.5732422146289968,0.28571428571428575,0.4411921589067288,FAIL
mt/set_14/ambiegen/test-99,0.3476487398147583,0.18001500125010414,0.5714285714285715,0.4353541370096319,FAIL
mt/set_14/ambiegen/test-383,0.26958543062210083,0.3037197544239798,0.28571428571428575,0.29056829774994136,FAIL
mt/set_8/ambiegen/odr/test-580,0.6673324704170227,0.5095424618718225,0.4285714285714286,0.48260602825599946,FAIL
mt/set_11/ambiegen/test-593,0.7172350883483887,0.9793871711531517,0.14285714285714285,0.7428458316081108,FAIL
mt/set_2/ambiegen/odr/test-239,0.3547898828983307,0.7718420979526072,0.14285714285714285,0.36601464567774905,FAIL
mt/set_14/ambiegen/test-414,0.38209158182144165,0.7206989471344835,0.14285714285714285,0.36364563189602783,FAIL
mt/set_10/ambiegen/test-346,0.23703928291797638,0.5531294274522877,0.14285714285714285,0.2401077931274332,FAIL
mt/set_11/ambiegen/test-762,0.3697713613510132,0.4020890629774703,0.14285714285714285,0.23871368286567346,FAIL
mt/set_12/ambiegen/test-207,0.9121423363685608,0.726504986526655,0.14285714285714285,0.6752270505983242,FAIL
mt/set_2/ambiegen/odr/test-569,0.9898062348365784,0.9148262355196266,0.4285714285714286,0.9098694682080117,FAIL
mt/set_11/ambiegen/test-448,0.9283018708229065,0.8746006611662083,0.4285714285714286,0.8426211996308679,FAIL
mt/set_11/ambiegen/test-812,0.46335989236831665,0.20607272828291243,0.14285714285714285,0.17214870971602758,FAIL
mt/set_10/ambiegen/test-502,0.7878571152687073,0.19321054532322132,0.14285714285714285,0.18252842926803164,FAIL
mt/set_14/ambiegen/test-132,0.6429211497306824,0.969330777564797,0.14285714285714285,0.6742145223054838,FAIL
mt/set_18/ambiegen/test-463,0.3082599937915802,0.7597855376836959,0.14285714285714285,0.33303149027370027,FAIL
mt/set_16/ambiegen/test-905,0.08370466530323029,0.03894769008528488,0.14285714285714285,0.13415943901976998,FAIL
mt/set_9/ambiegen/test-207,0.47790026664733887,0.1495402394643998,0.14285714285714285,0.14605099650778086,FAIL
mt/set_18/ambiegen/test-891,0.9355716705322266,0.5085145984387588,0.14285714285714285,0.48495589941819867,FAIL
mt/set_9/ambiegen/test-936,0.7773613929748535,0.9800538933800039,0.4285714285714286,0.8572726056162283,FAIL
mt/set_11/ambiegen/test-484,0.4136851131916046,0.10545323221379552,0.14285714285714285,0.12738370610631566,FAIL
mt/set_18/ambiegen/test-153,0.9231407046318054,0.5437953162763565,0.14285714285714285,0.5129794907811448,FAIL
mt/set_14/ambiegen/test-604,0.2152574360370636,0.34433425007639523,0.14285714285714285,0.1862265926347983,FAIL
mt/set_2/ambiegen/odr/test-446,0.12173154205083847,0.027752312692724348,0.28571428571428575,0.2543121833341062,FAIL
mt/set_7/ambiegen/odr/test-841,0.7991192936897278,0.7301441786815569,0.14285714285714285,0.6121695441182824,FAIL
mt/set_8/ambiegen/odr/test-520,0.9075246453285217,0.6097730366419424,0.28571428571428575,0.5798055887155111,FAIL
mt/set_7/ambiegen/odr/test-230,0.7547978758811951,0.7008639608856294,0.14285714285714285,0.5640395038322691,FAIL
mt/set_12/ambiegen/test-873,0.8115476965904236,0.6515542961913493,0.14285714285714285,0.5556891459076236,FAIL
mt/set_14/ambiegen/test-821,0.8111374974250793,0.6387198933244437,0.8571428571428572,0.6799718008910206,FAIL
mt/set_7/ambiegen/odr/test-216,0.534728467464447,0.38775453510014724,0.14285714285714285,0.2738107500972841,FAIL
mt/set_18/ambiegen/test-134,0.5139525532722473,0.49629135761313437,0.14285714285714285,0.3245055599447565,FAIL
mt/set_18/ambiegen/test-691,0.48317426443099976,0.8866850015279051,0.4285714285714286,0.6499201172105313,FAIL
mt/set_7/ambiegen/odr/test-215,0.2036963403224945,0.7778148179014918,0.8571428571428572,0.8409840003195841,FAIL
mt/set_12/ambiegen/test-480,0.040368661284446716,0.847126149401339,0.14285714285714285,0.17128753770672198,FAIL
mt/set_12/ambiegen/test-656,0.5258254408836365,0.5051254271189266,0.14285714285714285,0.33334702314725384,FAIL
mt/set_14/ambiegen/test-45,0.6684556603431702,0.34919576631385946,0.14285714285714285,0.2807853636542031,FAIL
mt/set_13/ambiegen/test-369,0.9185708165168762,0.7404228130121954,0.14285714285714285,0.6917635284139237,FAIL
mt/set_18/ambiegen/test-8,0.521287202835083,0.7285051532072117,0.14285714285714285,0.4481479560184619,FAIL
mt/set_12/ambiegen/test-626,0.4461705684661865,0.7522849126316082,0.4285714285714286,0.5730028577747288,FAIL
mt/set_18/ambiegen/test-745,0.47831401228904724,0.43061921826818894,0.14285714285714285,0.28049777147414906,FAIL
mt_set5/ambiegen/test-15,0.8712507486343384,0.9549406895019029,0.4285714285714286,0.8871710412152077,FAIL
mt/set_7/ambiegen/odr/test-896,0.973375678062439,0.7947328944078673,0.4285714285714286,0.7849840936603087,FAIL
mt/set_7/ambiegen/odr/test-241,0.7957410216331482,0.8301247326166069,0.14285714285714285,0.6897441568676902,FAIL
mt/set_9/ambiegen/test-161,0.20330221951007843,0.42545212101008417,0.14285714285714285,0.20030933126677525,FAIL
mt/set_11/ambiegen/test-146,0.5944412350654602,0.3320276689724143,0.14285714285714285,0.2553079040390877,FAIL
mt/set_2/ambiegen/odr/test-6,0.4216790497303009,0.5922993582798567,0.14285714285714285,0.3323775134227487,FAIL
mt/set_7/ambiegen/odr/test-679,0.9677924513816833,0.7316720837847599,0.14285714285714285,0.7127077979476424,FAIL
mt_set5/ambiegen/test-55,0.8360917568206787,0.9868600161124539,0.4285714285714286,0.8953519145415396,FAIL
mt/set_14/ambiegen/test-945,0.7919694185256958,0.8838514320637831,0.5714285714285715,0.8188579226999746,FAIL
mt/set_17/ambiegen/test-641,0.39304637908935547,0.9341056199127705,0.8571428571428572,0.8873927923742847,FAIL
mt/set_2/ambiegen/odr/test-511,0.5296165943145752,0.10153623913103868,0.14285714285714285,0.12097290655172312,FAIL
mt/set_10/ambiegen/test-848,0.21975833177566528,0.12159346612217682,0.14285714285714285,0.1381842727304497,FAIL
mt/set_11/ambiegen/test-287,0.6073118448257446,0.7902602994694001,0.14285714285714285,0.5360327482453433,FAIL
mt/set_14/ambiegen/test-390,0.7413339614868164,0.6593049420785065,0.5714285714285715,0.6365743094035716,FAIL
mt/set_13/ambiegen/test-148,0.11477435380220413,0.8470705892157679,0.14285714285714285,0.22368278716614584,FAIL
mt/set_14/ambiegen/test-612,0.5698896646499634,0.841570130844237,0.4285714285714286,0.6639351205105495,FAIL
mt/set_8/ambiegen/odr/test-296,0.73375403881073,0.7456176903630858,0.14285714285714285,0.5851351290253953,FAIL
mt_set5/ambiegen/test-215,0.6826062798500061,0.5715198488762953,0.14285714285714285,0.4354649979233133,FAIL
mt_set5/ambiegen/test-644,0.8784907460212708,0.4604272578270411,0.14285714285714285,0.42183955007110946,FAIL
mt/set_11/ambiegen/test-729,0.17262105643749237,0.13167763980331687,0.14285714285714285,0.1409273231008079,FAIL
mt/set_2/ambiegen/odr/test-722,0.19257202744483948,0.380226129955274,0.14285714285714285,0.18856777421263254,FAIL
mt/set_10/ambiegen/test-406,0.6616777181625366,0.8949912492707726,0.14285714285714285,0.6405275221411318,FAIL
mt/set_16/ambiegen/test-234,0.508741557598114,0.20610050837569793,0.14285714285714285,0.17503167113879942,FAIL
mt_set5/ambiegen/test-911,0.9182116389274597,0.5130427535627969,0.14285714285714285,0.4827658791705441,FAIL
mt/set_13/ambiegen/test-469,0.5385962724685669,0.6651665416562491,0.14285714285714285,0.42417103812563967,FAIL
mt/set_17/ambiegen/test-282,0.4594024419784546,0.4293413340000555,0.14285714285714285,0.27446867985641926,FAIL
mt/set_13/ambiegen/test-677,0.4631252884864807,0.4148679056588049,0.5714285714285715,0.4989213679283129,FAIL
mt/set_12/ambiegen/test-810,0.8501707911491394,0.6846681667916771,0.4285714285714286,0.6462973951148513,FAIL
mt/set_13/ambiegen/test-566,0.8348673582077026,0.9606911687085036,0.14285714285714285,0.8256400754720383,FAIL
mt/set_16/ambiegen/test-744,0.640129029750824,0.4273689474122844,0.14285714285714285,0.32498140825968164,FAIL
mt/set_14/ambiegen/test-717,0.9303038120269775,0.7177264772064338,0.14285714285714285,0.6776602760196994,FAIL
mt/set_8/ambiegen/odr/test-517,0.7944381833076477,0.8101786259966108,0.14285714285714285,0.6730028096046269,FAIL
mt/set_10/ambiegen/test-50,0.6158329248428345,0.7787315609634136,0.14285714285714285,0.534449545592263,FAIL
mt/set_10/ambiegen/test-444,0.624972403049469,0.9119648859627192,0.5714285714285715,0.7842543702485876,FAIL
mt/set_18/ambiegen/test-568,0.8374645113945007,0.5587965663805317,0.14285714285714285,0.49119164894786793,FAIL
mt/set_18/ambiegen/test-9,0.43836286664009094,0.12351029252437702,0.14285714285714285,0.13437620634228944,FAIL
mt/set_9/ambiegen/test-582,0.5529479384422302,0.5929383004139234,0.14285714285714285,0.39172859105985725,FAIL
mt/set_16/ambiegen/test-566,0.9272419810295105,0.9693863377503681,0.14285714285714285,0.9092497109086635,FAIL
mt/set_18/ambiegen/test-493,0.9000839591026306,0.9474400644498152,0.14285714285714285,0.8670493243506368,FAIL
mt_set5/ambiegen/test-914,0.43932703137397766,0.48551268161235656,0.14285714285714285,0.29339498773979644,FAIL
mt/set_16/ambiegen/test-637,0.30860239267349243,0.8152346028835735,0.14285714285714285,0.3503544358010249,FAIL
mt/set_13/ambiegen/test-312,0.8710612058639526,0.4533988943523071,0.14285714285714285,0.41335801538562456,FAIL
mt/set_14/ambiegen/test-416,0.46180814504623413,0.7231158152068228,0.14285714285714285,0.4108253239819391,FAIL
mt/set_12/ambiegen/test-244,0.2767941951751709,0.13206656110231407,0.14285714285714285,0.13987037246484313,FAIL
mt/set_13/ambiegen/test-79,0.3512737452983856,0.53554462871906,0.14285714285714285,0.2807979424901907,FAIL
mt/set_9/ambiegen/test-772,0.5647040605545044,0.35286273856154676,0.4285714285714286,0.3858184239035861,FAIL
mt/set_10/ambiegen/test-547,0.7213739156723022,0.6321082312414924,0.14285714285714285,0.4957901162318967,FAIL
mt_set5/ambiegen/test-409,0.32916247844696045,0.9881379003805872,0.8571428571428572,0.9002615102392552,FAIL
mt/set_10/ambiegen/test-922,0.3603135943412781,0.5975220157235325,0.14285714285714285,0.30667907742035194,FAIL
mt/set_9/ambiegen/test-358,0.9046899080276489,0.5495457954829569,0.4285714285714286,0.5380157174463223,FAIL
mt/set_12/ambiegen/test-423,0.4661886692047119,0.6306081062310748,0.14285714285714285,0.3702411153757524,FAIL
mt/set_16/ambiegen/test-553,0.6874436140060425,0.8791843764758175,0.14285714285714285,0.6490405974270361,FAIL
mt/set_7/ambiegen/odr/test-300,0.6888954043388367,0.24893741145095424,0.8571428571428572,0.43815292071185136,FAIL
mt/set_13/ambiegen/test-934,0.20011524856090546,0.3529182987471178,0.14285714285714285,0.18489358115231896,FAIL
mt/set_17/ambiegen/test-627,0.9330395460128784,0.4397588687946217,0.14285714285714285,0.4198781944362882,FAIL
mt/set_13/ambiegen/test-582,0.8801689743995667,0.7611467622301858,0.14285714285714285,0.6870564830226126,FAIL
mt/set_17/ambiegen/test-664,0.14529263973236084,0.759896658054838,0.14285714285714285,0.23250844283939215,FAIL
mt/set_12/ambiegen/test-29,0.48870131373405457,0.8809067422285191,0.14285714285714285,0.5035429474133525,FAIL
mt/set_7/ambiegen/odr/test-467,0.1997796595096588,0.00038892129899709854,0.14285714285714285,0.1143948943207845,FAIL
mt/set_7/ambiegen/odr/test-666,0.6490604877471924,0.6949190210295302,0.14285714285714285,0.5011786947703437,FAIL
mt/set_17/ambiegen/test-475,0.2932209372520447,0.10350862571880991,0.14285714285714285,0.1313193337823627,FAIL
mt/set_12/ambiegen/test-961,0.9832140207290649,0.9738311525960497,0.14285714285714285,0.9598824400938867,FAIL
mt/set_2/ambiegen/odr/test-72,0.34022390842437744,0.8336805844931522,0.14285714285714285,0.37789179420172575,FAIL
mt/set_11/ambiegen/test-296,0.46677127480506897,0.35050143067477846,0.14285714285714285,0.23977953604524588,FAIL
mt/set_14/ambiegen/test-397,0.8725188970565796,0.7296441370114176,0.14285714285714285,0.6548398838037763,FAIL
mt/set_10/ambiegen/test-95,0.3975802958011627,0.48562380198349864,0.14285714285714285,0.27913441684085033,FAIL
mt/set_10/ambiegen/test-811,0.7388540506362915,0.910492541045087,0.14285714285714285,0.7100276662201079,FAIL
mt/set_14/ambiegen/test-312,0.7702611088752747,0.711364835958552,0.14285714285714285,0.5807565089495585,FAIL
mt/set_17/ambiegen/test-55,0.3939896523952484,0.6526654999027697,0.14285714285714285,0.3437163559802674,FAIL
mt_set5/ambiegen/test-669,0.8711530566215515,0.497902602994694,0.4285714285714286,0.48896949308941823,FAIL
mt/set_8/ambiegen/odr/test-879,0.9701079726219177,0.8967969553018307,0.14285714285714285,0.8742601657868079,FAIL
mt/set_9/ambiegen/test-737,0.5250850915908813,0.7927327277273106,0.14285714285714285,0.4840971238613725,FAIL
mt_set5/ambiegen/test-835,0.5014480948448181,0.3516404144789843,0.14285714285714285,0.24755111664738344,FAIL
mt/set_14/ambiegen/test-246,0.5003949999809265,0.690224185348779,0.14285714285714285,0.41675687407430495,FAIL
mt/set_16/ambiegen/test-728,0.7635493278503418,0.9609967497291441,0.4285714285714286,0.8351044246719046,FAIL
mt/set_2/ambiegen/odr/test-503,0.5957204103469849,0.695280162235742,0.14285714285714285,0.47194681064648225,FAIL
mt/set_7/ambiegen/odr/test-882,0.6939375996589661,0.3514181737367002,0.14285714285714285,0.28758548400810235,FAIL
mt/set_8/ambiegen/odr/test-449,0.9280929565429688,0.9347445620468372,0.14285714285714285,0.8778022789820875,FAIL
mt/set_7/ambiegen/odr/test-911,0.2820866107940674,0.20246131622079613,0.4285714285714286,0.3647887933121729,FAIL
mt/set_8/ambiegen/odr/test-160,0.4970608651638031,0.9037419784982081,0.14285714285714285,0.5210632132934342,FAIL
mt/set_18/ambiegen/test-402,0.8007046580314636,0.786704447592855,0.14285714285714285,0.6583886788200308,FAIL
mt/set_7/ambiegen/odr/test-266,0.42108839750289917,0.6098008167347279,0.14285714285714285,0.33948170621437146,FAIL
mt/set_9/ambiegen/test-912,0.5255753993988037,0.2780509486901686,0.8571428571428572,0.55278639606922,FAIL
mt/set_13/ambiegen/test-879,0.8158504962921143,0.22865794371753198,0.14285714285714285,0.21285776882135218,FAIL
mt/set_11/ambiegen/test-815,0.6944537162780762,0.04939300497263663,0.14285714285714285,0.07795062496452097,FAIL
mt/set_17/ambiegen/test-328,0.2066437304019928,0.603050254187849,0.14285714285714285,0.23795316834529417,FAIL
mt_set5/ambiegen/test-712,0.3205718398094177,0.06800566713892821,0.14285714285714285,0.11886186757370482,FAIL
mt/set_7/ambiegen/odr/test-922,0.6868054866790771,0.047031697085868185,0.14285714285714285,0.07704370093796303,FAIL
mt_set5/ambiegen/test-709,0.7133529186248779,0.5934383420840625,0.14285714285714285,0.4642805564031636,FAIL
mt/set_12/ambiegen/test-67,0.4238090217113495,0.08706281078978804,0.14285714285714285,0.1192109973091644,FAIL
mt/set_16/ambiegen/test-577,0.6405248641967773,0.3277495346834458,0.5714285714285715,0.41534608950979834,FAIL
mt/set_8/ambiegen/odr/test-162,0.35171306133270264,0.34936244687057255,0.14285714285714285,0.21548775551314664,FAIL
mt_set5/ambiegen/test-228,0.04093584790825844,0.12998305414340078,0.14285714285714285,0.14233012739430936,FAIL
mt_set5/ambiegen/test-938,0.30504220724105835,0.8551823763091368,0.14285714285714285,0.3601464043428413,FAIL
mt/set_11/ambiegen/test-265,0.8530116677284241,0.757340889518571,0.14285714285714285,0.6670189483888181,FAIL
mt/set_8/ambiegen/odr/test-58,0.6808596849441528,0.24127010584215344,0.14285714285714285,0.20986256182953775,FAIL
mt_set5/ambiegen/test-296,0.8215283751487732,0.579131594299525,0.14285714285714285,0.5012689840695255,FAIL
mt/set_9/ambiegen/test-632,0.7973199486732483,0.7707864544267579,0.14285714285714285,0.6435177093282565,FAIL
mt/set_8/ambiegen/odr/test-712,0.7979669570922852,0.3466399977775925,0.14285714285714285,0.3054691275055927,FAIL
mt/set_12/ambiegen/test-505,0.4957932233810425,0.9998610995360724,0.28571428571428575,0.6397834365062905,FAIL
mt/set_18/ambiegen/test-307,0.5603704452514648,0.1582076284134789,0.14285714285714285,0.15145910128317308,FAIL
mt/set_2/ambiegen/odr/test-417,0.688784658908844,0.5694641220101675,0.14285714285714285,0.43669748548119125,FAIL
mt/set_18/ambiegen/test-952,0.5885446667671204,0.09973053309998053,0.14285714285714285,0.11747520668881811,FAIL
mt/set_11/ambiegen/test-821,0.4593674838542938,0.2939967219490513,0.14285714285714285,0.21228574675791523,FAIL
mt/set_11/ambiegen/test-929,0.30867403745651245,0.6806956135233491,0.4285714285714286,0.5063956186809704,FAIL
mt/set_2/ambiegen/odr/test-376,0.11775127053260803,0.6352196016334695,0.8571428571428572,0.831011137390742,FAIL
mt/set_2/ambiegen/odr/test-285,0.6567431092262268,0.44575936883629186,0.14285714285714285,0.34178609253823433,FAIL
mt_set5/ambiegen/test-624,0.6877084970474243,0.5661305108759063,0.14285714285714285,0.43394583461752795,FAIL
mt/set_14/ambiegen/test-627,0.23945367336273193,0.6612773286662778,0.4285714285714286,0.48429371116232117,FAIL
mt/set_17/ambiegen/test-296,0.7884600162506104,0.4677889824152012,0.14285714285714285,0.3990529063554302,FAIL
mt/set_2/ambiegen/odr/test-859,0.734532356262207,0.20793399449954159,0.14285714285714285,0.19065819603216005,FAIL
mt/set_14/ambiegen/test-268,0.6805368661880493,0.8670166958357641,0.14285714285714285,0.6356744156613525,FAIL
mt/set_18/ambiegen/test-225,0.6418697237968445,0.3775314609550795,0.4285714285714286,0.3958104186549227,FAIL
mt/set_8/ambiegen/odr/test-901,0.6417140364646912,0.40656165791593746,0.4285714285714286,0.4144474498024313,FAIL
mt/set_14/ambiegen/test-895,0.762064516544342,0.5778259299386059,0.14285714285714285,0.4743314212962569,FAIL
mt/set_8/ambiegen/odr/test-49,0.8639447689056396,0.5781315109592466,0.14285714285714285,0.5189101562176632,FAIL
mt/set_10/ambiegen/test-136,0.6510575413703918,0.8353196099674972,0.14285714285714285,0.5936900541852861,FAIL
mt/set_11/ambiegen/test-148,0.7255029678344727,0.7840931188710171,0.4285714285714286,0.6865034700133082,FAIL
mt_set5/ambiegen/test-469,0.5292031168937683,0.43564741506236626,0.14285714285714285,0.29780266750432194,FAIL
mt_set5/ambiegen/test-446,0.8554357886314392,0.6792232686057171,0.14285714285714285,0.6016839226320642,FAIL
mt/set_13/ambiegen/test-439,0.46948564052581787,0.9482179070478095,0.14285714285714285,0.5209624570875602,FAIL
mt/set_8/ambiegen/odr/test-147,0.16249220073223114,0.7255049031863766,0.14285714285714285,0.23753285755600828,FAIL
mt/set_11/ambiegen/test-468,0.6873051524162292,0.02369641914603994,0.4285714285714286,0.1502987485087896,FAIL
mt/set_9/ambiegen/test-229,0.2780202031135559,0.028974636775286784,0.14285714285714285,0.11119550538518447,FAIL
mt/set_9/ambiegen/test-525,0.6511905193328857,0.8595438508764619,0.14285714285714285,0.6095567324512196,FAIL
mt/set_14/ambiegen/test-29,0.49859869480133057,0.5548240131122038,0.14285714285714285,0.3482632866677053,FAIL
mt/set_16/ambiegen/test-732,0.6350218653678894,0.7089479678862127,0.14285714285714285,0.5023371945347503,FAIL
mt/set_9/ambiegen/test-307,0.11686180531978607,0.00333361113426113,0.5714285714285715,0.505039960260557,FAIL
mt/set_7/ambiegen/odr/test-51,0.9900341629981995,0.8774342306303302,0.14285714285714285,0.8701135551083252,FAIL
mt/set_8/ambiegen/odr/test-450,0.8626912832260132,0.9406895019029363,0.14285714285714285,0.8311401644815957,FAIL
mt/set_18/ambiegen/test-877,0.7064799070358276,0.6984193127205045,0.14285714285714285,0.5353506529748333,FAIL
mt/set_17/ambiegen/test-568,0.5148183703422546,0.7958163180265022,0.28571428571428575,0.5483241826975331,FAIL
mt/set_12/ambiegen/test-465,0.9760417342185974,0.7462566324971526,0.14285714285714285,0.7318002271519944,FAIL
mt/set_11/ambiegen/test-875,0.9754610657691956,0.8432091563185822,0.14285714285714285,0.8260232643218404,FAIL
mt/set_8/ambiegen/odr/test-936,0.39475929737091064,0.405283773647804,0.14285714285714285,0.24645249523947965,FAIL
mt/set_10/ambiegen/test-835,0.6514190435409546,0.9528571825429897,0.14285714285714285,0.6705065939774325,FAIL
mt/set_8/ambiegen/odr/test-953,0.11662229150533676,0.5373503347501181,0.14285714285714285,0.18886384607206214,FAIL
mt/set_8/ambiegen/odr/test-325,0.3042662739753723,0.08442370197516456,0.14285714285714285,0.12507781752442312,FAIL
mt/set_16/ambiegen/test-674,0.5696498155593872,0.2382976359141039,0.14285714285714285,0.1972248021239377,FAIL
mt/set_17/ambiegen/test-54,0.3941582441329956,0.6530266411089813,0.14285714285714285,0.34394465649829886,FAIL
mt/set_16/ambiegen/test-221,0.24844664335250854,0.06219962774675659,0.4285714285714286,0.33754758443752503,FAIL
mt/set_10/ambiegen/test-225,0.9758059978485107,0.7557574242297969,0.14285714285714285,0.7409289135036184,FAIL
mt/set_9/ambiegen/test-878,0.9613214135169983,0.5211823207489512,0.14285714285714285,0.5065492376371659,FAIL
mt/set_9/ambiegen/test-387,0.4765806794166565,0.6343028585715476,0.14285714285714285,0.3770706759487189,FAIL
mt_set5/ambiegen/test-169,0.5055230855941772,0.027113370558657614,0.14285714285714285,0.08434599394650273,FAIL
mt/set_2/ambiegen/odr/test-205,0.8318074941635132,0.9480234463983109,0.14285714285714285,0.8126005081906205,FAIL
mt_set5/ambiegen/test-689,0.5892508029937744,0.49473567241714583,0.14285714285714285,0.3502018489566432,FAIL
mt/set_13/ambiegen/test-532,0.5995610952377319,0.6818068172347694,0.14285714285714285,0.4659903999050116,FAIL
mt/set_2/ambiegen/odr/test-127,0.30001401901245117,0.5879934438981026,0.14285714285714285,0.27640427354077757,FAIL
mt/set_13/ambiegen/test-665,0.491166889667511,0.5175153485012639,0.14285714285714285,0.3268768484117765,FAIL
mt/set_11/ambiegen/test-754,0.36610785126686096,0.6840014445648248,0.14285714285714285,0.3409743246381228,FAIL
mt/set_13/ambiegen/test-437,0.9444347023963928,0.7021974053393338,0.14285714285714285,0.6711174971928311,FAIL
mt_set5/ambiegen/test-49,0.8045921921730042,0.2789399116593049,0.5714285714285715,0.3360944794790733,FAIL
mt/set_8/ambiegen/odr/test-610,0.7942057251930237,0.5403783648637386,0.14285714285714285,0.45857077326050816,FAIL
mt/set_11/ambiegen/test-876,0.3255196809768677,0.7986776675834097,0.14285714285714285,0.3563396308441192,FAIL
mt/set_12/ambiegen/test-650,0.1741848737001419,0.3997555351834875,0.14285714285714285,0.18760495900701402,FAIL
mt/set_18/ambiegen/test-474,0.08804871141910553,0.7187821207322832,0.4285714285714286,0.4541241124424505,FAIL
mt/set_7/ambiegen/odr/test-398,0.7339423894882202,0.9695807983998667,0.4285714285714286,0.8256411381988287,FAIL
mt/set_9/ambiegen/test-55,0.5816650390625,0.6218295969108536,0.4285714285714286,0.5409829486077274,FAIL
mt/set_7/ambiegen/odr/test-403,0.7309265732765198,0.9345501013973387,0.14285714285714285,0.7215265641300781,FAIL
mt/set_17/ambiegen/test-409,0.201874241232872,0.17251437619801643,0.14285714285714285,0.14884417220616064,FAIL
mt/set_11/ambiegen/test-680,0.8534512519836426,0.5304053115537406,0.14285714285714285,0.47361061263522214,FAIL
mt/set_12/ambiegen/test-457,0.4501901865005493,0.4805678250965358,0.14285714285714285,0.2948911778777229,FAIL
mt/set_7/ambiegen/odr/test-929,0.9191292524337769,0.962246853904492,0.14285714285714285,0.8959821954240214,FAIL
mt/set_17/ambiegen/test-845,0.2136528193950653,0.44959302164069226,0.14285714285714285,0.20839212391139655,FAIL
mt/set_8/ambiegen/odr/test-710,0.40317487716674805,0.18218184848737387,0.14285714285714285,0.15871187621922977,FAIL
mt/set_7/ambiegen/odr/test-800,0.5217599272727966,0.28771842097952605,0.14285714285714285,0.21843995279492187,FAIL
mt/set_8/ambiegen/odr/test-680,0.32357853651046753,0.2569380781731811,0.14285714285714285,0.1797712849504518,FAIL
mt/set_7/ambiegen/odr/test-728,0.17064689099788666,0.5927160596716393,0.4285714285714286,0.4565821931564626,FAIL
mt/set_18/ambiegen/test-403,0.2873842120170593,0.14615106814456763,0.28571428571428575,0.2456060204064469,FAIL
mt/set_2/ambiegen/odr/test-924,0.9279272556304932,0.8760452259910548,0.14285714285714285,0.8232023487005756,FAIL
mt/set_7/ambiegen/odr/test-235,0.14503338932991028,0.3291385393227213,0.14285714285714285,0.16987416941312908,FAIL
mt/set_16/ambiegen/test-527,0.8563190698623657,0.8072894963469178,0.14285714285714285,0.7118232377839695,FAIL
mt/set_18/ambiegen/test-832,0.9352053999900818,0.746173292218796,0.14285714285714285,0.7070816636413837,FAIL
mt/set_11/ambiegen/test-261,0.2980346083641052,0.6723060255021251,0.14285714285714285,0.3006512332450533,FAIL
mt/set_9/ambiegen/test-313,0.6232985854148865,0.9259938328194016,0.14285714285714285,0.6309851338971153,FAIL
mt/set_17/ambiegen/test-87,0.76924729347229,0.2577437008639608,0.14285714285714285,0.23123331666023483,FAIL
mt/set_18/ambiegen/test-701,0.4239908456802368,0.8452648831847098,0.14285714285714285,0.44067159469097217,FAIL
mt/set_9/ambiegen/test-23,0.9357349276542664,0.8454037836486374,0.14285714285714285,0.8002545729519199,FAIL
mt/set_17/ambiegen/test-667,0.33976852893829346,0.9749701364002555,0.14285714285714285,0.42558295058372597,FAIL
mt/set_8/ambiegen/odr/test-197,0.20407016575336456,0.6463316387476734,0.14285714285714285,0.24560126881485242,FAIL
mt/set_12/ambiegen/test-364,0.9782999753952026,0.8041781259549408,0.14285714285714285,0.7898274443500498,FAIL
mt/set_11/ambiegen/test-540,0.5589823126792908,0.8763508070116954,0.14285714285714285,0.5528671275818617,FAIL
mt/set_11/ambiegen/test-111,0.48622462153434753,0.5832152679389949,0.14285714285714285,0.35697010130716667,FAIL
mt/set_8/ambiegen/odr/test-367,0.5236507058143616,0.8404033669472456,0.14285714285714285,0.508127715440068,FAIL
mt/set_16/ambiegen/test-354,0.5313882231712341,0.9340778398199849,0.4285714285714286,0.6971915822464662,FAIL
mt_set5/ambiegen/test-456,0.8491628170013428,0.9436064116454149,0.14285714285714285,0.8228236476531573,FAIL
mt/set_8/ambiegen/odr/test-687,0.21643775701522827,0.05900491707642303,0.5714285714285715,0.4605207450390459,FAIL
mt/set_16/ambiegen/test-813,0.6521397829055786,0.6747784537600355,0.14285714285714285,0.48974419107220607,FAIL
mt_set5/ambiegen/test-50,0.262787401676178,0.9918882129066311,0.4285714285714286,0.5766039826474564,FAIL
mt/set_13/ambiegen/test-728,0.815769374370575,0.8054560102230741,0.14285714285714285,0.6833850063469001,FAIL
mt/set_9/ambiegen/test-569,0.9692171216011047,0.8934633441675696,0.14285714285714285,0.870357524747174,FAIL
mt/set_11/ambiegen/test-331,0.34836289286613464,0.15234602883573622,0.14285714285714285,0.1461627143692479,FAIL
mt_set5/ambiegen/test-249,0.5459767580032349,0.5709364669277995,0.14285714285714285,0.3765785043814561,FAIL
mt/set_18/ambiegen/test-388,0.4960708022117615,0.18654332305469895,0.4285714285714286,0.3085083521099517,FAIL
mt/set_14/ambiegen/test-168,0.4723902642726898,0.30210850904242015,0.4285714285714286,0.36883156382200055,FAIL
mt/set_16/ambiegen/test-834,0.31940561532974243,0.3132483262494096,0.14285714285714285,0.1972810436353128,FAIL
mt/set_11/ambiegen/test-770,0.7826379537582397,0.42081284551490394,0.8571428571428572,0.5156544296790468,FAIL
mt/set_9/ambiegen/test-922,0.845108687877655,0.8134566769453011,0.14285714285714285,0.709586635201753,FAIL
mt/set_17/ambiegen/test-3,0.30552151799201965,0.40964524821512904,0.14285714285714285,0.2243666540458043,FAIL
mt/set_10/ambiegen/test-497,0.39856916666030884,0.6581103980887295,0.14285714285714285,0.34822120341380774,FAIL
mt/set_18/ambiegen/test-142,0.9464348554611206,0.7101980720615607,0.14285714285714285,0.6798083731859039,FAIL
mt/set_10/ambiegen/test-274,0.39911511540412903,0.514403978109287,0.14285714285714285,0.29114710514431585,FAIL
mt/set_17/ambiegen/test-509,0.457247257232666,0.2839681084534822,0.14285714285714285,0.2073797448415221,FAIL
mt/set_7/ambiegen/odr/test-919,0.7788868546485901,0.9374947912326027,0.14285714285714285,0.761789961385657,FAIL
mt/set_13/ambiegen/test-23,0.24772176146507263,0.44128677389782484,0.14285714285714285,0.21678465247443768,FAIL
mt/set_17/ambiegen/test-862,0.17151863873004913,0.1776259132705503,0.14285714285714285,0.1488206371575054,FAIL
mt/set_7/ambiegen/odr/test-859,0.20229747891426086,0.1559018807122816,0.14285714285714285,0.14549606469580945,FAIL
mt/set_7/ambiegen/odr/test-456,0.7865753173828125,0.7767313942828569,0.4285714285714286,0.7024254641008845,FAIL
mt/set_17/ambiegen/test-794,0.3129015564918518,0.08592382698558204,0.14285714285714285,0.12504261970468922,FAIL
mt_set5/ambiegen/test-737,0.21016773581504822,0.10000833402783557,0.14285714285714285,0.13385170146564088,FAIL
mt/set_13/ambiegen/test-905,0.7035855650901794,0.35122371308720174,0.14285714285714285,0.2894608539183614,FAIL
mt/set_13/ambiegen/test-288,0.1819489747285843,0.4566491652082118,0.14285714285714285,0.19995128173066617,FAIL
mt/set_9/ambiegen/test-825,0.6751657724380493,0.5056254687890658,0.14285714285714285,0.3877858998510276,FAIL
mt/set_9/ambiegen/test-824,0.6444957256317139,0.7811206489429674,0.14285714285714285,0.5542152443561682,FAIL
mt/set_12/ambiegen/test-459,0.6605126857757568,0.6639719976664722,0.14285714285714285,0.48706011520489656,FAIL
mt/set_17/ambiegen/test-546,0.8412995338439941,0.6634163958107621,0.14285714285714285,0.5808033997052005,FAIL
mt/set_9/ambiegen/test-356,0.3660598397254944,0.12798288746284406,0.14285714285714285,0.13741227531146977,FAIL
mt/set_18/ambiegen/test-654,0.9866691827774048,0.7795927438397644,0.14285714285714285,0.7711045379239457,FAIL
mt/set_11/ambiegen/test-12,0.8983017802238464,0.6804455926882795,0.28571428571428575,0.64030212147911,FAIL
mt/set_9/ambiegen/test-770,0.2246643602848053,0.9815817984832069,0.8571428571428572,0.885099877838453,FAIL
mt/set_2/ambiegen/odr/test-131,0.38374271988868713,0.08636830847015028,0.14285714285714285,0.12117996816361136,FAIL
mt/set_8/ambiegen/odr/test-752,0.3461381196975708,0.6391088146234408,0.14285714285714285,0.31462876341910534,FAIL
mt/set_17/ambiegen/test-694,0.3419772684574127,0.4691779870544767,0.4285714285714286,0.44245796129534143,FAIL
mt/set_7/ambiegen/odr/test-193,0.24946779012680054,0.4172847737311442,0.4285714285714286,0.42575577173049894,FAIL
mt/set_18/ambiegen/test-787,0.46798720955848694,0.6502764119232158,0.14285714285714285,0.38032287492105604,FAIL
mt/set_13/ambiegen/test-832,0.6999642252922058,0.9892213239992221,0.14285714285714285,0.7352817912253305,FAIL
mt/set_17/ambiegen/test-858,0.337882936000824,0.022529655249048534,0.14285714285714285,0.10220053806251718,FAIL
mt/set_14/ambiegen/test-417,0.8523662686347961,0.9303275272939411,0.14285714285714285,0.8140703360999451,FAIL
mt/set_14/ambiegen/test-605,0.5026117563247681,0.8986582215184599,0.14285714285714285,0.5227316504352616,FAIL
mt/set_18/ambiegen/test-278,0.9200639128684998,0.7225046531655416,0.14285714285714285,0.6761698992759723,FAIL
mt/set_18/ambiegen/test-648,0.954413115978241,0.9310498097063644,0.14285714285714285,0.895118562015908,FAIL
mt/set_7/ambiegen/odr/test-67,0.8114511370658875,0.49256882517987616,0.14285714285714285,0.42663108512314923,FAIL
mt/set_2/ambiegen/odr/test-31,0.8105269074440002,0.13937272550490318,0.14285714285714285,0.14003292883638782,FAIL
mt/set_12/ambiegen/test-574,0.4904886782169342,0.7423118593216103,0.14285714285714285,0.4368828986441812,FAIL
mt/set_10/ambiegen/test-330,0.6610955595970154,0.1674306192182682,0.14285714285714285,0.15910255896334505,FAIL
mt/set_18/ambiegen/test-376,0.4144243896007538,0.3536683612523266,0.4285714285714286,0.3975297578460617,FAIL
mt/set_13/ambiegen/test-786,0.7623375058174133,0.3630858127066144,0.8571428571428572,0.4805046421558089,FAIL
mt/set_2/ambiegen/odr/test-806,0.9149786233901978,0.9160763396949746,0.14285714285714285,0.8503361791586964,FAIL
mt/set_18/ambiegen/test-176,0.05426360294222832,0.36780842848015105,0.14285714285714285,0.15506381169808653,FAIL
mt/set_2/ambiegen/odr/test-530,0.6682211756706238,0.147484512598272,0.14285714285714285,0.14594924930582284,FAIL
mt/set_2/ambiegen/odr/test-621,0.8054602146148682,0.9609689696363586,0.14285714285714285,0.8018136704336918,FAIL
mt/set_12/ambiegen/test-916,0.7392224073410034,0.9712198238742117,0.14285714285714285,0.7552013980700282,FAIL
mt/set_8/ambiegen/odr/test-375,0.8080636858940125,0.6954190626996694,0.4285714285714286,0.6442013113771917,FAIL
mt/set_8/ambiegen/odr/test-300,0.7583503723144531,0.15598522099063802,0.14285714285714285,0.15281282579745215,FAIL
mt/set_7/ambiegen/odr/test-225,0.3077583312988281,0.1418729338555991,0.14285714285714285,0.14255424433717845,FAIL
mt/set_7/ambiegen/odr/test-289,0.5726329684257507,0.49493013306664446,0.14285714285714285,0.34446574434334004,FAIL
mt/set_2/ambiegen/odr/test-245,0.5668927431106567,0.25935494624552047,0.14285714285714285,0.20889890218634619,FAIL
mt_set5/ambiegen/test-805,0.949248194694519,0.4485929383004139,0.14285714285714285,0.4330762947351607,FAIL
mt_set5/ambiegen/test-449,0.7059774398803711,0.7258660443925882,0.14285714285714285,0.554448274590604,FAIL
mt/set_12/ambiegen/test-763,0.444137305021286,0.10261966274967355,0.14285714285714285,0.1249861726238892,FAIL
mt/set_12/ambiegen/test-250,0.357413649559021,0.3433341667361169,0.14285714285714285,0.21451036761445796,FAIL
mt/set_18/ambiegen/test-97,0.25289082527160645,0.7998722115731867,0.14285714285714285,0.30901022580062437,FAIL
mt/set_18/ambiegen/test-646,0.8099696636199951,0.9037975386837792,0.14285714285714285,0.7591957792997094,FAIL
mt/set_8/ambiegen/odr/test-448,0.6554523706436157,0.5145428785732143,0.14285714285714285,0.38647943946665836,FAIL
mt/set_7/ambiegen/odr/test-267,0.77671879529953,0.8803511403728089,0.14285714285714285,0.7156825921481457,FAIL
mt/set_12/ambiegen/test-420,0.7303356528282166,0.5143761980165013,0.14285714285714285,0.4141907545450751,FAIL
mt/set_2/ambiegen/odr/test-479,0.6778979301452637,0.17440342250743113,0.14285714285714285,0.16424230053585692,FAIL
mt/set_13/ambiegen/test-661,0.16716715693473816,0.8478484318137622,0.28571428571428575,0.3796846442187227,FAIL
mt/set_7/ambiegen/odr/test-427,0.391421377658844,0.3647803983665305,0.14285714285714285,0.229722649263163,FAIL
mt/set_10/ambiegen/test-71,0.5206160545349121,0.47801205656026885,0.14285714285714285,0.31734417168725326,FAIL
mt/set_13/ambiegen/test-626,0.1695299595594406,0.33288885184876515,0.14285714285714285,0.17507320866876666,FAIL
mt/set_14/ambiegen/test-153,0.8541666269302368,0.9645248215129039,0.14285714285714285,0.844698252392132,FAIL
mt/set_18/ambiegen/test-923,0.039246298372745514,0.25038197627580067,0.14285714285714285,0.14707709135886526,FAIL
mt/set_7/ambiegen/odr/test-944,0.6171761751174927,0.8898241520126677,0.14285714285714285,0.6038673845067029,FAIL
mt/set_9/ambiegen/test-112,0.5842188596725464,0.8069839153262772,0.14285714285714285,0.5308525285470692,FAIL
mt/set_7/ambiegen/odr/test-351,0.42951521277427673,0.2072117120871183,0.14285714285714285,0.17049840509547803,FAIL
mt/set_11/ambiegen/test-207,0.7389513850212097,0.20954523988110113,0.14285714285714285,0.19213640451742564,FAIL
mt/set_17/ambiegen/test-397,0.5493738055229187,0.5183209711920438,0.4285714285714286,0.47787747634485733,FAIL
mt/set_8/ambiegen/odr/test-767,0.9079800844192505,0.813512237130872,0.4285714285714286,0.7780900164236465,FAIL
mt/set_2/ambiegen/odr/test-379,0.19664530456066132,0.33036086340528376,0.8571428571428572,0.7535536387748358,FAIL
mt/set_2/ambiegen/odr/test-719,0.7283421158790588,0.500847292829958,0.14285714285714285,0.40359644615220464,FAIL
mt/set_9/ambiegen/test-263,0.7011456489562988,0.5279606633886158,0.14285714285714285,0.41287080067553783,FAIL
mt/set_16/ambiegen/test-942,0.3119189441204071,0.30749784704280914,0.5714285714285715,0.4891035615273318,FAIL
mt_set5/ambiegen/test-703,0.8166691064834595,0.9596910853682251,0.28571428571428575,0.8361303164782501,FAIL
mt/set_13/ambiegen/test-590,0.9221300482749939,0.7168652943300831,0.14285714285714285,0.6721673072851252,FAIL
mt/set_16/ambiegen/test-159,0.713344156742096,0.659166041614579,0.14285714285714285,0.5111630788597064,FAIL
mt/set_7/ambiegen/odr/test-155,0.6130784153938293,0.6456649165208211,0.14285714285714285,0.45111773598256993,FAIL
mt/set_12/ambiegen/test-275,0.981128454208374,0.8521265661027307,0.14285714285714285,0.8387415557033515,FAIL
mt_set5/ambiegen/test-36,0.9002996683120728,0.9977775925771593,0.14285714285714285,0.9125417401732817,FAIL
mt/set_7/ambiegen/odr/test-483,0.7909250259399414,0.4742061838486541,0.14285714285714285,0.40492939169852854,FAIL
mt/set_9/ambiegen/test-818,0.3226947784423828,0.4666222185182098,0.14285714285714285,0.24733444221497217,FAIL
mt/set_8/ambiegen/odr/test-144,0.8096440434455872,0.7528405144873184,0.4285714285714286,0.6911139624567741,FAIL
mt/set_8/ambiegen/odr/test-533,0.6641657948493958,0.04136455815762424,0.14285714285714285,0.07544923966886746,FAIL
mt/set_18/ambiegen/test-472,0.7768373489379883,0.7475067366725004,0.14285714285714285,0.6125715303530966,FAIL
mt/set_9/ambiegen/test-719,0.35677871108055115,0.15987443398060946,0.8571428571428572,0.6083723023050144,FAIL
mt_set5/ambiegen/test-970,0.23943303525447845,0.016279134372308775,0.14285714285714285,0.11255018396041458,FAIL
mt/set_18/ambiegen/test-788,0.495147705078125,0.6457204767063922,0.4285714285714286,0.5360922814153551,FAIL
mt_set5/ambiegen/test-678,0.30045634508132935,0.1853209989721365,0.8571428571428572,0.6552897170911353,FAIL
mt/set_16/ambiegen/test-635,0.8561089038848877,0.8397644248131788,0.14285714285714285,0.7394856721219212,FAIL
mt/set_2/ambiegen/odr/test-390,0.5755507946014404,0.8228741283995888,0.14285714285714285,0.5342414592285739,FAIL
mt/set_17/ambiegen/test-33,0.49283477663993835,0.9967497291440953,0.14285714285714285,0.5636851006368977,FAIL
mt/set_8/ambiegen/odr/test-323,0.7782898545265198,0.5935216823624191,0.14285714285714285,0.4936047817489653,FAIL
mt/set_8/ambiegen/odr/test-446,0.8004069924354553,0.586326638330972,0.14285714285714285,0.49781322796621924,FAIL
mt/set_18/ambiegen/test-636,0.8693834543228149,0.9447453954496208,0.14285714285714285,0.8400055218768773,FAIL
mt/set_13/ambiegen/test-438,0.8099862337112427,0.7570353084979303,0.14285714285714285,0.640333002072204,FAIL
mt/set_17/ambiegen/test-682,0.7870709896087646,0.9605800483373614,0.14285714285714285,0.7864631192992128,FAIL
mt_set5/ambiegen/test-450,0.7544723749160767,0.7200600050004167,0.14285714285714285,0.5783407570667355,FAIL
mt/set_13/ambiegen/test-399,0.8751096129417419,0.9598022057393671,0.14285714285714285,0.8577736206306732,FAIL
mt/set_11/ambiegen/test-406,0.6768989562988281,0.5593521682362419,0.14285714285714285,0.4247821908399089,FAIL
mt/set_18/ambiegen/test-326,0.8028124570846558,0.8636830847015029,0.14285714285714285,0.7215451883595747,FAIL
mt/set_2/ambiegen/odr/test-169,0.4884601831436157,0.4583993110536989,0.14285714285714285,0.2969869281239662,FAIL
mt/set_2/ambiegen/odr/test-813,0.7872602939605713,0.9190488096230242,0.14285714285714285,0.7539220226049963,FAIL
mt/set_12/ambiegen/test-334,0.7237749099731445,0.4320082229074645,0.28571428571428575,0.39159816693589555,FAIL
mt/set_9/ambiegen/test-505,0.3726212978363037,0.5951051476511932,0.14285714285714285,0.31137438134738077,FAIL
mt/set_14/ambiegen/test-447,0.8587884902954102,0.7954551768202905,0.14285714285714285,0.7033008232141073,FAIL
mt/set_13/ambiegen/test-938,0.8164288401603699,0.695446842792455,0.14285714285714285,0.5940073106598965,FAIL
mt/set_16/ambiegen/test-105,0.6918119788169861,0.9325777148095675,0.14285714285714285,0.6891952944520319,FAIL
mt_set5/ambiegen/test-177,0.883538544178009,0.40553379448287347,0.14285714285714285,0.3749420892240949,FAIL
mt_set5/ambiegen/test-221,0.7379941344261169,0.8337083645859377,0.14285714285714285,0.6527012922541101,FAIL
mt/set_17/ambiegen/test-554,0.5427252650260925,0.2726616106897797,0.14285714285714285,0.21330530706318157,FAIL
mt/set_13/ambiegen/test-499,0.6577353477478027,0.5449343000805622,0.14285714285714285,0.4073175016849365,FAIL
mt/set_16/ambiegen/test-4,0.7850860953330994,0.4385643248048448,0.14285714285714285,0.37501273969441856,FAIL
mt/set_8/ambiegen/odr/test-616,0.10250499099493027,0.22974136733616685,0.14285714285714285,0.15176321269807266,FAIL
mt/set_10/ambiegen/test-520,0.6172494888305664,0.5454065616579158,0.14285714285714285,0.39133056584096154,FAIL
mt/set_16/ambiegen/test-493,0.1954309344291687,0.555212934411201,0.8571428571428572,0.7981364102112829,FAIL
mt/set_2/ambiegen/odr/test-4,0.1701391190290451,0.11667638969914156,0.14285714285714285,0.1384027704505863,FAIL
mt/set_12/ambiegen/test-412,0.5610758662223816,0.18459871655971324,0.14285714285714285,0.16627733247979792,FAIL
mt/set_13/ambiegen/test-801,0.44685813784599304,0.48065116537489233,0.4285714285714286,0.45184367000650993,FAIL
mt/set_14/ambiegen/test-127,0.28861576318740845,0.27468955746312185,0.14285714285714285,0.18090605581148633,FAIL
mt/set_8/ambiegen/odr/test-702,0.5984225869178772,0.4424535377948162,0.14285714285714285,0.3221423925470154,FAIL
mt_set5/ambiegen/test-119,0.7332198023796082,0.9121037864266466,0.14285714285714285,0.7068840148363513,FAIL
mt_set5/ambiegen/test-940,0.8012856245040894,0.7429785815484623,0.14285714285714285,0.6237258246372094,FAIL
mt/set_11/ambiegen/test-77,0.8401942849159241,0.7792038225407674,0.14285714285714285,0.6775119863525483,FAIL
mt/set_8/ambiegen/odr/test-945,0.7443735599517822,0.4294802344639831,0.14285714285714285,0.3562117939209123,FAIL
mt/set_9/ambiegen/test-707,0.210471972823143,0.2069894713448343,0.14285714285714285,0.1563551984269518,FAIL
mt/set_13/ambiegen/test-931,0.4615623652935028,0.2094341195099592,0.14285714285714285,0.17358656541763245,FAIL
mt/set_2/ambiegen/odr/test-649,0.6618313789367676,0.6971969886379421,0.14285714285714285,0.5097366473898444,FAIL
mt/set_2/ambiegen/odr/test-733,0.7156900763511658,0.7010306414423424,0.14285714285714285,0.5423363766767817,FAIL
mt/set_17/ambiegen/test-910,0.9593449234962463,0.8240408922965803,0.14285714285714285,0.7963473148500061,FAIL
mt/set_9/ambiegen/test-386,0.2464684545993805,0.8597105314331749,0.28571428571428575,0.4271862618574159,FAIL
mt/set_18/ambiegen/test-528,0.9028784036636353,0.7897880378920465,0.14285714285714285,0.7269570766469435,FAIL
mt/set_13/ambiegen/test-636,0.9876074194908142,0.7358668777953719,0.14285714285714285,0.7285179569124188,FAIL
mt/set_8/ambiegen/odr/test-640,0.8117895126342773,0.7707031141484013,0.4285714285714286,0.7063103428627031,FAIL
mt/set_16/ambiegen/test-438,0.5314303636550903,0.632469372447704,0.14285714285714285,0.4030519480784343,FAIL
mt/set_7/ambiegen/odr/test-830,0.6548169851303101,0.6474984026446648,0.4285714285714286,0.5719285296977668,FAIL
mt/set_13/ambiegen/test-42,0.5695018172264099,0.6740006111620412,0.14285714285714285,0.4453443132647205,FAIL
mt_set5/ambiegen/test-51,0.7797855138778687,0.8472650498652665,0.14285714285714285,0.6921442246031064,FAIL
mt/set_18/ambiegen/test-540,0.3327811658382416,0.7592854960135567,0.14285714285714285,0.3479928846188069,FAIL
mt/set_18/ambiegen/test-224,0.3249243497848511,0.2169903047476178,0.4285714285714286,0.3598235694862288,FAIL
mt/set_11/ambiegen/test-209,0.9355397820472717,0.8964080340028335,0.14285714285714285,0.8478339793211097,FAIL
mt/set_16/ambiegen/test-574,0.23440545797348022,0.05833819484957078,0.4285714285714286,0.34178673786385394,FAIL
mt/set_7/ambiegen/odr/test-750,0.9481844902038574,0.9121593466122176,0.14285714285714285,0.8722975607373524,FAIL
mt/set_2/ambiegen/odr/test-757,0.47925645112991333,0.8474039503291941,0.14285714285714285,0.4805157454611084,FAIL
mt/set_2/ambiegen/odr/test-208,0.49746623635292053,0.6664166458315971,0.14285714285714285,0.4033103225661249,FAIL
mt/set_14/ambiegen/test-643,0.4427047073841095,0.9699974997916493,0.8571428571428572,0.9071041642384767,FAIL
mt/set_12/ambiegen/test-395,0.6387088298797607,0.9746923354724005,0.14285714285714285,0.6741576253852394,FAIL
mt_set5/ambiegen/test-849,0.11954834312200546,0.0645331555407395,0.14285714285714285,0.1334936431398638,FAIL
mt/set_2/ambiegen/odr/test-615,0.11731510609388351,0.2676889740811734,0.14285714285714285,0.1575018013167151,FAIL
mt/set_18/ambiegen/test-238,0.41584646701812744,0.5501569575242381,0.14285714285714285,0.3122313318035925,FAIL
mt/set_16/ambiegen/test-402,0.6472042202949524,0.6293302219629413,0.14285714285714285,0.4577045727142959,FAIL
mt_set5/ambiegen/test-896,0.969177782535553,0.7487568408478483,0.14285714285714285,0.730081668594736,FAIL
mt/set_17/ambiegen/test-200,0.734746515750885,0.7613134427868989,0.14285714285714285,0.5972657543747154,FAIL
mt/set_14/ambiegen/test-856,0.9098469614982605,0.5039586632219352,0.14285714285714285,0.47140426395345136,FAIL
mt/set_11/ambiegen/test-192,0.07244090735912323,0.17526460538378197,0.14285714285714285,0.14520476671904206,FAIL
mt/set_2/ambiegen/odr/test-633,0.25009337067604065,0.0762285746034391,0.14285714285714285,0.12619378389673006,FAIL
mt/set_14/ambiegen/test-667,0.8890252709388733,0.7298108175681307,0.14285714285714285,0.6646737925456462,FAIL
mt/set_17/ambiegen/test-836,0.37434619665145874,0.9960274467316721,0.8571428571428572,0.9091337750289289,FAIL
mt/set_16/ambiegen/test-320,0.6291322708129883,0.5233769480790066,0.8571428571428572,0.6471599528535555,FAIL
mt/set_9/ambiegen/test-453,0.7116212844848633,0.817595910770342,0.14285714285714285,0.6230156115712676,FAIL
mt/set_9/ambiegen/test-559,0.48479804396629333,0.26674445092646604,0.4285714285714286,0.3501180135757498,FAIL
mt/set_11/ambiegen/test-372,0.5811833143234253,0.8101230658110398,0.14285714285714285,0.530660963494568,FAIL
mt/set_18/ambiegen/test-794,0.7213366627693176,0.9295496846959469,0.5714285714285715,0.8297544601400928,FAIL
mt/set_17/ambiegen/test-743,0.5151060819625854,0.9936661388449037,0.4285714285714286,0.7196551507181808,FAIL
mt/set_18/ambiegen/test-777,0.8372802734375,0.952384920965636,0.14285714285714285,0.8206587822670738,FAIL
mt/set_2/ambiegen/odr/test-709,0.7626358270645142,0.42522988026780006,0.14285714285714285,0.3582047089927903,FAIL
mt/set_13/ambiegen/test-693,0.7633984684944153,0.9819429396894186,0.14285714285714285,0.7834139550943182,FAIL
mt_set5/ambiegen/test-239,0.3556009531021118,0.6561102314081729,0.14285714285714285,0.3253704303284917,FAIL
mt/set_2/ambiegen/odr/test-216,0.8468038439750671,0.7922326860571713,0.14285714285714285,0.6927508490223243,FAIL
mt/set_17/ambiegen/test-155,0.8916043639183044,0.8108175681306776,0.14285714285714285,0.7384135729557529,FAIL
mt/set_7/ambiegen/odr/test-237,0.9053612351417542,0.5143484179237159,0.14285714285714285,0.4791909424958006,FAIL
mt_set5/ambiegen/test-136,0.5298636555671692,0.9382448537378114,0.8571428571428572,0.9001158575324557,FAIL
mt/set_7/ambiegen/odr/test-138,0.6154629588127136,0.7757313109425786,0.28571428571428575,0.587301613929895,FAIL
mt/set_13/ambiegen/test-794,0.5050943493843079,0.328194016168014,0.14285714285714285,0.23646975029901923,FAIL
mt/set_2/ambiegen/odr/test-353,0.5788939595222473,0.849681917937606,0.14285714285714285,0.552033735591894,FAIL
mt/set_10/ambiegen/test-593,0.9192541837692261,0.9910270300302804,0.14285714285714285,0.922540860188122,FAIL
mt/set_2/ambiegen/odr/test-34,0.671685516834259,0.45025974386754447,0.14285714285714285,0.34933501779300996,FAIL
mt/set_7/ambiegen/odr/test-505,0.24682208895683289,0.11814873461677364,0.8571428571428572,0.6747427585492998,FAIL
mt/set_16/ambiegen/test-595,0.355878621339798,0.5855487957329778,0.14285714285714285,0.300401642218706,FAIL
mt/set_12/ambiegen/test-883,0.4155694246292114,0.7699530516431925,0.14285714285714285,0.40345902885869395,FAIL
mt/set_10/ambiegen/test-784,0.3055934011936188,0.60174458982693,0.14285714285714285,0.2830901227991711,FAIL
mt/set_2/ambiegen/odr/test-308,0.7518507838249207,0.3284718170958691,0.14285714285714285,0.28241168117293647,FAIL
mt/set_18/ambiegen/test-939,0.6967278718948364,0.8870739228269022,0.8571428571428572,0.8779966648404465,FAIL
mt/set_10/ambiegen/test-516,0.6759408712387085,0.2480762285746034,0.14285714285714285,0.21397902332794347,FAIL
mt/set_10/ambiegen/test-192,0.9463784694671631,0.7803983665305443,0.14285714285714285,0.7462124303393989,FAIL
mt/set_8/ambiegen/odr/test-347,0.5037155747413635,0.7561741256215796,0.14285714285714285,0.45179445932897006,FAIL
mt/set_14/ambiegen/test-546,0.29916784167289734,0.9611078701002862,0.8571428571428572,0.8882458201339782,FAIL
mt_set5/ambiegen/test-479,0.49924203753471375,0.18229296885851592,0.14285714285714285,0.16254516072445815,FAIL
mt/set_10/ambiegen/test-415,0.8955807089805603,0.750423646414979,0.14285714285714285,0.68698198286631,FAIL
mt/set_7/ambiegen/odr/test-889,0.5590569972991943,0.7299497180320581,0.14285714285714285,0.4710753550710825,FAIL
mt/set_17/ambiegen/test-22,0.47011759877204895,0.8046226074395089,0.14285714285714285,0.4539647382743488,FAIL
mt/set_11/ambiegen/test-701,0.7630906105041504,0.77145317665361,0.14285714285714285,0.6225328740473766,FAIL
mt/set_16/ambiegen/test-145,0.5448940992355347,0.8366808345139872,0.4285714285714286,0.6509478357120482,FAIL
mt/set_17/ambiegen/test-160,0.7916975617408752,0.9573575575742423,0.14285714285714285,0.7876951352256022,FAIL
mt/set_12/ambiegen/test-607,0.5349437594413757,0.6446926132733284,0.14285714285714285,0.4113108960226084,FAIL
mt/set_18/ambiegen/test-501,0.450300008058548,0.47145595466288853,0.14285714285714285,0.29082519471877405,FAIL
mt_set5/ambiegen/test-440,0.8169891238212585,0.6029113537239214,0.14285714285714285,0.5187164295034727,FAIL
mt/set_12/ambiegen/test-436,0.43593263626098633,0.6916131899880545,0.14285714285714285,0.3820778131470793,FAIL
mt/set_10/ambiegen/test-286,0.515497088432312,0.5973275550740339,0.8571428571428572,0.7232088253962172,FAIL
mt_set5/ambiegen/test-369,0.9547531008720398,0.5410450870905908,0.4285714285714286,0.5359560028090217,FAIL
mt/set_7/ambiegen/odr/test-599,0.4601321220397949,0.7124760396699724,0.14285714285714285,0.4049570946015971,FAIL
mt/set_11/ambiegen/test-558,0.1474084109067917,0.048837403116926324,0.14285714285714285,0.1289978402994301,FAIL
mt/set_11/ambiegen/test-920,0.8775333166122437,0.9465788815734645,0.14285714285714285,0.8481497458662357,FAIL
mt/set_10/ambiegen/test-364,0.4172135293483734,0.2946912242686891,0.14285714285714285,0.2062043715807477,FAIL
mt/set_2/ambiegen/odr/test-392,0.48348963260650635,0.7235880767841765,0.14285714285714285,0.42363452874475765,FAIL
mt/set_8/ambiegen/odr/test-217,0.1923036128282547,0.633941717365336,0.14285714285714285,0.23729448286803195,FAIL
mt/set_13/ambiegen/test-917,0.3473691940307617,0.10770341972942189,0.14285714285714285,0.13064582238708586,FAIL
mt/set_14/ambiegen/test-98,0.7385432124137878,0.21740700613940053,0.14285714285714285,0.19791543837063014,FAIL
mt/set_16/ambiegen/test-237,0.9274941682815552,0.8847126149401339,0.14285714285714285,0.8309237669218771,FAIL
mt/set_7/ambiegen/odr/test-914,0.4887862205505371,0.9990276967525072,0.4285714285714286,0.7074025918850216,FAIL
mt/set_14/ambiegen/test-365,0.7336350679397583,0.9418007056143568,0.8571428571428572,0.9192508235578796,FAIL
mt/set_12/ambiegen/test-854,0.6355041265487671,0.4568158457649248,0.14285714285714285,0.3423791941209367,FAIL
mt/set_18/ambiegen/test-670,0.27724888920783997,0.26013278884351465,0.28571428571428575,0.2786218526375399,FAIL
mt/set_18/ambiegen/test-455,0.8364298939704895,0.7900380587271162,0.14285714285714285,0.6841786076979889,FAIL
mt_set5/ambiegen/test-413,0.5861150026321411,0.5042086840570048,0.14285714285714285,0.3546507023786282,FAIL
mt/set_10/ambiegen/test-275,0.7633215188980103,0.9083534739006028,0.14285714285714285,0.7271769649800908,FAIL
mt/set_11/ambiegen/test-834,0.9211214780807495,0.38128177348112335,0.14285714285714285,0.3624751910283605,FAIL
mt/set_11/ambiegen/test-472,0.11294816434383392,0.7835375170153068,0.14285714285714285,0.21522081292069084,FAIL
mt/set_8/ambiegen/odr/test-279,0.3378741443157196,0.6373031085923827,0.14285714285714285,0.309917646182822,FAIL
mt/set_7/ambiegen/odr/test-388,0.3541187345981598,0.6049393004972636,0.14285714285714285,0.3064890960585244,FAIL
mt/set_13/ambiegen/test-784,0.4643299877643585,0.38739339389393557,0.14285714285714285,0.2564026615664735,FAIL
mt/set_12/ambiegen/test-254,0.7580689787864685,0.5361002305747701,0.28571428571428575,0.4755241032371581,FAIL
mt/set_16/ambiegen/test-589,0.7208371162414551,0.5583520848959636,0.14285714285714285,0.4423613186893169,FAIL
mt/set_17/ambiegen/test-406,0.5574297904968262,0.5970775342389644,0.14285714285714285,0.39605312046449803,FAIL
mt_set5/ambiegen/test-702,0.8350351452827454,0.9529960830069172,0.14285714285714285,0.819351630444319,FAIL
mt/set_11/ambiegen/test-563,0.9514976739883423,0.997221990721449,0.4285714285714286,0.9696411157693363,FAIL
mt/set_17/ambiegen/test-44,0.8337642550468445,0.7292829958052061,0.14285714285714285,0.6317980572805951,FAIL
mt/set_12/ambiegen/test-685,0.8195515871047974,0.46034391754868453,0.14285714285714285,0.40305393294037906,FAIL
mt/set_18/ambiegen/test-650,0.8544569611549377,0.9420229463566409,0.14285714285714285,0.825709926774268,FAIL
mt/set_12/ambiegen/test-508,0.4918573796749115,0.40508931299830536,0.14285714285714285,0.27183796667176596,FAIL
mt/set_13/ambiegen/test-830,0.9627784490585327,0.9276328582937468,0.14285714285714285,0.8984222890239968,FAIL
mt/set_18/ambiegen/test-827,0.2565191090106964,0.03175264605383773,0.4285714285714286,0.32677984081373074,FAIL
mt_set5/ambiegen/test-515,0.7497327327728271,0.4558157624246465,0.14285714285714285,0.37749246395029895,FAIL
mt/set_7/ambiegen/odr/test-146,0.5880234241485596,0.7101702919687751,0.14285714285714285,0.4764505633622672,FAIL
mt/set_10/ambiegen/test-598,0.8896751999855042,0.7126427202266855,0.8571428571428572,0.7285846689340294,FAIL
mt/set_9/ambiegen/test-176,0.15884552896022797,0.16779176042447977,0.14285714285714285,0.14681789324531017,FAIL
mt/set_7/ambiegen/odr/test-856,0.19346337020397186,0.2949690251965441,0.14285714285714285,0.1722852181338561,FAIL
mt/set_18/ambiegen/test-942,0.29071947932243347,0.5991610411978776,0.14285714285714285,0.2755135703380832,FAIL
mt/set_12/ambiegen/test-927,0.6926702260971069,0.31060921743478614,0.14285714285714285,0.25905401028309777,FAIL
mt/set_8/ambiegen/odr/test-685,0.4819827973842621,0.9687196155235158,0.8571428571428572,0.9109209097253872,FAIL
mt/set_14/ambiegen/test-95,0.9393603205680847,0.9633580576159124,0.14285714285714285,0.9136031451713473,FAIL
mt_set5/ambiegen/test-410,0.1765831857919693,0.9987776759174376,0.8571428571428572,0.8821531974335647,FAIL
mt/set_9/ambiegen/test-855,0.6302736401557922,0.34994582881906827,0.14285714285714285,0.27337968279344527,FAIL
mt/set_8/ambiegen/odr/test-209,0.8272504806518555,0.6991693752257132,0.14285714285714285,0.6030667044765493,FAIL
mt/set_17/ambiegen/test-398,0.4979035258293152,0.6487762869127983,0.14285714285714285,0.3947560684670029,FAIL
mt_set5/ambiegen/test-802,0.7278703451156616,0.49201322332416586,0.14285714285714285,0.3969974996459066,FAIL
mt/set_11/ambiegen/test-476,0.6107040643692017,0.20865627691196487,0.14285714285714285,0.1830409414563966,FAIL
mt/set_12/ambiegen/test-281,0.5197772979736328,0.8036225240992305,0.8571428571428572,0.829324203046792,FAIL
mt/set_11/ambiegen/test-440,0.7442804574966431,0.6189960274467317,0.14285714285714285,0.4972380097114233,FAIL
mt/set_14/ambiegen/test-356,0.37902525067329407,0.34016723615856875,0.14285714285714285,0.21764265468856148,FAIL
mt/set_13/ambiegen/test-410,0.7792266011238098,0.40186682223518627,0.14285714285714285,0.3446843749770634,FAIL
mt/set_11/ambiegen/test-909,0.7092623114585876,0.9546073283884768,0.14285714285714285,0.7186009557740343,FAIL
mt/set_14/ambiegen/test-858,0.8318824172019958,0.36189126871683747,0.8571428571428572,0.4451517686398919,FAIL
mt/set_10/ambiegen/test-567,0.4789706766605377,0.10411978776009112,0.14285714285714285,0.12430308993174308,FAIL
mt/set_16/ambiegen/test-804,0.8698211908340454,0.6029391338167069,0.14285714285714285,0.5430462081148895,FAIL
mt/set_17/ambiegen/test-768,0.9346755146980286,0.5334055615745756,0.14285714285714285,0.5078931871363606,FAIL
mt/set_16/ambiegen/test-277,0.2842227518558502,0.07697863710864788,0.28571428571428575,0.22638687377212485,FAIL
mt/set_2/ambiegen/odr/test-643,0.7112898230552673,0.3669194655110148,0.14285714285714285,0.30223039269096763,FAIL
mt/set_8/ambiegen/odr/test-274,0.7565171122550964,0.6616384698724894,0.14285714285714285,0.5353240942626597,FAIL
mt/set_8/ambiegen/odr/test-231,0.11460372805595398,0.056504708725727125,0.14285714285714285,0.13296082772150178,FAIL
mt/set_8/ambiegen/odr/test-733,0.4176216721534729,0.17793149429119087,0.14285714285714285,0.15750495215272853,FAIL
mt/set_18/ambiegen/test-884,0.48396381735801697,0.6921687918437647,0.14285714285714285,0.4087041011624608,FAIL
mt/set_16/ambiegen/test-690,0.4854651093482971,0.9864710948134566,0.5714285714285715,0.772917235427808,FAIL
mt_set5/ambiegen/test-404,0.1721198856830597,0.998472094896797,0.8571428571428572,0.881468454933587,FAIL
mt/set_8/ambiegen/odr/test-137,0.22856219112873077,0.4114787343389727,0.14285714285714285,0.20425388451945398,FAIL
mt/set_16/ambiegen/test-931,0.7830676436424255,0.5062921910159179,0.14285714285714285,0.42745136963590635,FAIL
mt/set_2/ambiegen/odr/test-662,0.677124559879303,0.5122926910575881,0.14285714285714285,0.3930110258361384,FAIL
mt/set_12/ambiegen/test-512,0.8163189888000488,0.9820262799677751,0.14285714285714285,0.8278868442955037,FAIL
mt/set_8/ambiegen/odr/test-400,0.6954181790351868,0.9199933327777314,0.14285714285714285,0.6832917769140616,FAIL
mt/set_9/ambiegen/test-648,0.5294304490089417,0.7056976970303082,0.14285714285714285,0.4408420701734833,FAIL
mt/set_17/ambiegen/test-898,0.16113553941249847,0.6067727866211073,0.14285714285714285,0.21761043822820844,FAIL
mt_set5/ambiegen/test-63,0.5289067625999451,0.90057504792066,0.14285714285714285,0.5436192669883002,FAIL
mt/set_2/ambiegen/odr/test-888,0.7345581650733948,0.14603994777342555,0.14285714285714285,0.14519509819623405,FAIL
mt/set_9/ambiegen/test-130,0.8181009292602539,0.9102425202100175,0.14285714285714285,0.7706558331702602,FAIL
mt/set_12/ambiegen/test-38,0.8802484273910522,0.9506903353057199,0.14285714285714285,0.853951040104296,FAIL
mt/set_14/ambiegen/test-659,0.3961430490016937,0.12012112120454475,0.14285714285714285,0.1338504216600395,FAIL
mt/set_7/ambiegen/odr/test-285,0.19920484721660614,0.44156457482567985,0.14285714285714285,0.20236110907616273,FAIL
mt/set_11/ambiegen/test-792,0.2265159785747528,0.07189488012889965,0.14285714285714285,0.12678305221590153,FAIL
mt/set_2/ambiegen/odr/test-2,0.3221477270126343,0.0541434008389588,0.14285714285714285,0.11427821251119963,FAIL
mt/set_14/ambiegen/test-818,0.7431155443191528,0.39717198655443503,0.14285714285714285,0.33184245635969645,FAIL
mt_set5/ambiegen/test-732,0.2258540540933609,0.2779953885045976,0.14285714285714285,0.1733786656284223,FAIL
mt/set_16/ambiegen/test-811,0.8611419200897217,0.9346612217684807,0.14285714285714285,0.8247128277057258,FAIL
mt/set_10/ambiegen/test-186,0.5008304119110107,0.6910575881323443,0.14285714285714285,0.4174125976741215,FAIL
mt/set_2/ambiegen/odr/test-179,0.7325325608253479,0.8202350195849654,0.14285714285714285,0.6390584935430115,FAIL
mt/set_11/ambiegen/test-746,0.04821037873625755,0.4761785704364252,0.14285714285714285,0.15892669458946576,FAIL
mt/set_16/ambiegen/test-116,0.823531985282898,0.9027418951579298,0.14285714285714285,0.7686465415056131,FAIL
mt/set_7/ambiegen/odr/test-361,0.19430145621299744,0.7553685029307998,0.28571428571428575,0.3769687755210806,FAIL
mt/set_7/ambiegen/odr/test-393,0.21214017271995544,0.27180042781342884,0.14285714285714285,0.17021118934137316,FAIL
mt_set5/ambiegen/test-650,0.6486326456069946,0.3568908520154457,0.14285714285714285,0.2816863938775709,FAIL
mt/set_14/ambiegen/test-812,0.5677366256713867,0.6127455065699919,0.14285714285714285,0.40962997691372505,FAIL
mt_set5/ambiegen/test-277,0.082386814057827,0.384476484151457,0.14285714285714285,0.16276339379423813,FAIL
mt/set_12/ambiegen/test-385,0.24314247071743011,0.40908964635941886,0.14285714285714285,0.2075895694152358,FAIL
mt/set_13/ambiegen/test-748,0.8091118335723877,0.9204655943550852,0.14285714285714285,0.7720293428500281,FAIL
mt/set_13/ambiegen/test-856,0.8536253571510315,0.3444175903547518,0.14285714285714285,0.31491425183981103,FAIL
mt/set_11/ambiegen/test-906,0.8286039233207703,0.6490540878406534,0.14285714285714285,0.5622939174434678,FAIL
mt/set_12/ambiegen/test-874,0.8064197301864624,0.9201600133344445,0.14285714285714285,0.7696895139406111,FAIL
mt/set_16/ambiegen/test-52,0.798542320728302,0.6865294330083063,0.4285714285714286,0.6345618120848946,FAIL
mt/set_9/ambiegen/test-482,0.7417958378791809,0.7343945328777399,0.14285714285714285,0.5816571167243354,FAIL
mt/set_7/ambiegen/odr/test-525,0.8012696504592896,0.6278856571380947,0.14285714285714285,0.5314957709578297,FAIL
mt/set_12/ambiegen/test-787,0.5844213366508484,0.6348029002416868,0.14285714285714285,0.430360739947532,FAIL
mt/set_8/ambiegen/odr/test-36,0.21969394385814667,0.6711114815123482,0.14285714285714285,0.2589114197477446,FAIL
mt/set_14/ambiegen/test-719,0.4930276870727539,0.69436341917382,0.14285714285714285,0.4147650066756613,FAIL
mt/set_12/ambiegen/test-804,0.39233168959617615,0.9891935439064367,0.28571428571428575,0.5617114831617277,FAIL
mt_set5/ambiegen/test-225,0.42582881450653076,0.2552712726060504,0.14285714285714285,0.1907263184619035,FAIL
mt/set_7/ambiegen/odr/test-663,0.3344298005104065,0.22096285801594578,0.14285714285714285,0.16897802159642394,FAIL
mt/set_10/ambiegen/test-721,0.6053428649902344,0.5881601244548157,0.14285714285714285,0.41241812552617174,FAIL
mt/set_18/ambiegen/test-441,0.5235157012939453,0.5825485457121425,0.14285714285714285,0.3730424959756966,FAIL
mt/set_13/ambiegen/test-234,0.1434021294116974,0.54426757785371,0.4285714285714286,0.44516251551566527,FAIL
mt/set_12/ambiegen/test-8,0.8779854774475098,0.558379864988749,0.14285714285714285,0.50768005843815,FAIL
mt/set_14/ambiegen/test-17,0.25924021005630493,0.46734450093063307,0.14285714285714285,0.2269773137247299,FAIL
mt/set_9/ambiegen/test-401,0.9028071761131287,0.8701002861349557,0.14285714285714285,0.7994174713874206,FAIL
mt/set_14/ambiegen/test-950,0.9008581042289734,0.9713587243381393,0.14285714285714285,0.8892195069008196,FAIL
mt_set5/ambiegen/test-439,0.9259560108184814,0.6070505875489624,0.14285714285714285,0.5726798531520694,FAIL
mt/set_8/ambiegen/odr/test-299,0.7058740258216858,0.7036975303497512,0.14285714285714285,0.5387398050199446,FAIL
mt/set_7/ambiegen/odr/test-488,0.5613064169883728,0.39506069950273637,0.14285714285714285,0.2844206175896051,FAIL
mt/set_12/ambiegen/test-561,0.22578038275241852,0.6003000250020835,0.14285714285714285,0.24613877400393433,FAIL
mt/set_13/ambiegen/test-123,0.6388053297996521,0.39256049115204045,0.4285714285714286,0.40556744981684173,FAIL
mt/set_16/ambiegen/test-511,0.7721000909805298,0.7259493846709447,0.14285714285714285,0.5930627158116204,FAIL
mt/set_10/ambiegen/test-920,0.561225414276123,0.43936994749562464,0.14285714285714285,0.3092676644785499,FAIL
mt/set_16/ambiegen/test-378,0.754382848739624,0.9639692196571936,0.14285714285714285,0.7622900104880741,FAIL
mt/set_18/ambiegen/test-815,0.3565085828304291,0.9087701752923855,0.28571428571428575,0.5078390494169771,FAIL
mt/set_17/ambiegen/test-695,0.7679656147956848,0.8054004500375032,0.4285714285714286,0.7179631597144789,FAIL
mt/set_10/ambiegen/test-888,0.6016809344291687,0.06692224352029336,0.14285714285714285,0.09716856166836238,FAIL
mt/set_7/ambiegen/odr/test-78,0.2435355931520462,0.5889379670528099,0.14285714285714285,0.2514937031001256,FAIL
mt/set_17/ambiegen/test-901,0.5983447432518005,0.7767036141900714,0.4285714285714286,0.6368744917931035,FAIL
mt/set_16/ambiegen/test-779,0.3624636232852936,0.15195710753673913,0.14285714285714285,0.14615555328415214,FAIL
mt/set_12/ambiegen/test-169,0.6352523565292358,0.34322304636497486,0.14285714285714285,0.2701400552286026,FAIL
mt/set_18/ambiegen/test-518,0.480984091758728,0.9651082034613995,0.4285714285714286,0.6866370819370384,FAIL
mt/set_13/ambiegen/test-747,0.8752367496490479,0.8131788760174459,0.14285714285714285,0.7295473578074828,FAIL
mt/set_8/ambiegen/odr/test-526,0.9241700172424316,0.8826846681667917,0.14285714285714285,0.8265835596789866,FAIL
mt/set_12/ambiegen/test-760,0.24416591227054596,0.06047726199405499,0.14285714285714285,0.12274278622220541,FAIL
mt/set_8/ambiegen/odr/test-599,0.9646643400192261,0.9014917909825819,0.14285714285714285,0.8746849350067873,FAIL
mt/set_12/ambiegen/test-495,0.5595685243606567,0.48267911214823456,0.14285714285714285,0.33301082075869143,FAIL
mt_set5/ambiegen/test-731,0.548041820526123,0.7093646692779955,0.14285714285714285,0.45332695897857767,FAIL
mt/set_9/ambiegen/test-79,0.7731313109397888,0.37339222713003856,0.14285714285714285,0.32109103477866136,FAIL
mt/set_16/ambiegen/test-19,0.618445634841919,0.4569825263216379,0.14285714285714285,0.3371266150538037,FAIL
mt/set_18/ambiegen/test-858,0.8849518299102783,0.5089590799233269,0.8571428571428572,0.5490169863473612,FAIL
mt/set_18/ambiegen/test-781,0.8398728370666504,0.38839347723421397,0.14285714285714285,0.3490764406133593,FAIL
mt/set_7/ambiegen/odr/test-784,0.5345340371131897,0.9814984582048504,0.14285714285714285,0.5911394708398685,FAIL
mt/set_18/ambiegen/test-361,0.7796268463134766,0.8837958718782121,0.14285714285714285,0.7205128674753546,FAIL
mt/set_7/ambiegen/odr/test-838,0.30112525820732117,0.6117176431369281,0.14285714285714285,0.28404287780963233,FAIL
mt/set_18/ambiegen/test-834,0.300935298204422,0.5155429619134928,0.28571428571428575,0.35487785543717093,FAIL
mt/set_16/ambiegen/test-887,0.6067328453063965,0.8894352307136706,0.5714285714285715,0.7643736566430015,FAIL
mt/set_14/ambiegen/test-645,0.45134860277175903,0.36808622940800617,0.4285714285714286,0.40127151844064635,FAIL
mt/set_11/ambiegen/test-917,0.5239548087120056,0.19787760091118706,0.14285714285714285,0.17168537643209653,FAIL
mt/set_7/ambiegen/odr/test-455,0.6821167469024658,0.733477789815818,0.4285714285714286,0.6365531638133196,FAIL
mt/set_2/ambiegen/odr/test-947,0.32056325674057007,0.7829819151595966,0.28571428571428575,0.4451200164809376,FAIL
mt/set_13/ambiegen/test-401,0.8853631019592285,0.9571908770175293,0.14285714285714285,0.8638381837634244,FAIL
mt/set_12/ambiegen/test-781,0.22042688727378845,0.14112287135039028,0.14285714285714285,0.14247485852974714,FAIL
mt/set_7/ambiegen/odr/test-313,0.8091671466827393,0.5257660360585604,0.14285714285714285,0.45269443940837967,FAIL
mt/set_11/ambiegen/test-618,0.8089771866798401,0.7586465538794899,0.4285714285714286,0.6955946748361397,FAIL
mt_set5/ambiegen/test-588,0.7388589978218079,0.6698613773370002,0.14285714285714285,0.5322389633927793,FAIL
mt/set_17/ambiegen/test-236,0.7042173147201538,0.7853154429535795,0.4285714285714286,0.6797967404221148,FAIL
mt/set_18/ambiegen/test-167,0.5823888778686523,0.6250243075811873,0.4285714285714286,0.5429834003319881,FAIL
mt/set_9/ambiegen/test-80,0.9568995237350464,0.5304330916465261,0.14285714285714285,0.5137283836648623,FAIL
mt/set_7/ambiegen/odr/test-714,0.8591805696487427,0.5189043531405394,0.14285714285714285,0.465949599203252,FAIL
mt/set_14/ambiegen/test-644,0.6724292039871216,0.5973553351668195,0.4285714285714286,0.5420666565292039,FAIL
mt/set_8/ambiegen/odr/test-276,0.4618583619594574,0.6577770369753034,0.14285714285714285,0.3806771974374191,FAIL
mt/set_9/ambiegen/test-81,0.9284756779670715,0.6156624163124704,0.14285714285714285,0.5818453396749848,FAIL
mt_set5/ambiegen/test-210,0.5502393841743469,0.6639164374809011,0.14285714285714285,0.4295644882492392,FAIL
mt/set_17/ambiegen/test-452,0.5782862901687622,0.8973247770647554,0.14285714285714285,0.5791554320954658,FAIL
mt/set_7/ambiegen/odr/test-907,0.12633898854255676,0.3440842292413256,0.4285714285714286,0.4178974140356939,FAIL
mt/set_8/ambiegen/odr/test-663,0.3927563428878784,0.7366725004861516,0.14285714285714285,0.37608189107017,FAIL
mt/set_18/ambiegen/test-556,0.8817210793495178,0.5780759507736756,0.14285714285714285,0.5265987399265186,FAIL
mt/set_9/ambiegen/test-739,0.4733431339263916,0.7927605078200961,0.14285714285714285,0.4504844383780146,FAIL
mt/set_16/ambiegen/test-337,0.7064586281776428,0.5123482512431591,0.14285714285714285,0.4038873244113646,FAIL
mt/set_7/ambiegen/odr/test-170,0.36067995429039,0.05103203044698167,0.14285714285714285,0.10973766125286136,FAIL
mt/set_7/ambiegen/odr/test-38,0.6741335391998291,0.8706558879906658,0.14285714285714285,0.6334906867391991,FAIL
mt/set_7/ambiegen/odr/test-186,0.2213895171880722,0.32227685640470033,0.14285714285714285,0.1825787844847215,FAIL
mt/set_13/ambiegen/test-537,0.4745379090309143,0.5024307581187321,0.5714285714285715,0.5386864933728149,FAIL
mt/set_12/ambiegen/test-908,0.9132763743400574,0.599077700919521,0.14285714285714285,0.5595126000237491,FAIL
mt_set5/ambiegen/test-93,0.22383014857769012,0.5154874017279217,0.14285714285714285,0.2262630269359951,FAIL
mt/set_10/ambiegen/test-221,0.6765346527099609,0.5864099786093286,0.14285714285714285,0.4429360065512662,FAIL
mt/set_16/ambiegen/test-472,0.9691417217254639,0.8128455149040197,0.14285714285714285,0.7921708272786937,FAIL
mt/set_14/ambiegen/test-411,0.2619037628173828,0.6952246020501709,0.14285714285714285,0.2875242588776741,FAIL
mt/set_17/ambiegen/test-519,0.4647892415523529,0.29002416868072334,0.14285714285714285,0.21125878891372574,FAIL
mt/set_10/ambiegen/test-197,0.6925839185714722,0.48162346862238525,0.14285714285714285,0.3774812522356943,FAIL
mt/set_7/ambiegen/odr/test-845,0.791669487953186,0.943661971830986,0.14285714285714285,0.776829891761304,FAIL
mt/set_18/ambiegen/test-793,0.248467355966568,0.36278023168597384,0.8571428571428572,0.7343099082517424,FAIL
mt/set_18/ambiegen/test-820,0.40817734599113464,0.7351445953829485,0.14285714285714285,0.38461545903550176,FAIL
mt/set_2/ambiegen/odr/test-512,0.5196466445922852,0.42392421590688106,0.14285714285714285,0.288912704272814,FAIL
mt/set_9/ambiegen/test-384,0.7124083638191223,0.5769091868766841,0.28571428571428575,0.49316396880386104,FAIL
mt/set_7/ambiegen/odr/test-659,0.9850873947143555,0.4765119315498514,0.14285714285714285,0.4715362693844119,FAIL
mt/set_10/ambiegen/test-386,0.28330573439598083,0.6216629163541405,0.14285714285714285,0.2785055598932708,FAIL
mt/set_13/ambiegen/test-150,0.8050801157951355,0.5702697447009473,0.14285714285714285,0.48695852984185306,FAIL
mt/set_17/ambiegen/test-312,0.6124025583267212,0.6964747062255188,0.14285714285714285,0.48189395499854193,FAIL
mt/set_9/ambiegen/test-278,0.9401823878288269,0.9504403144706502,0.8571428571428572,0.9448594833516598,FAIL
mt/set_7/ambiegen/odr/test-432,0.962504506111145,0.8814067838986582,0.14285714285714285,0.8537145003463701,FAIL
mt/set_11/ambiegen/test-273,0.7236447334289551,0.765730477539795,0.4285714285714286,0.6725547986853021,FAIL
mt/set_8/ambiegen/odr/test-45,0.3726104199886322,0.5183487512848293,0.14285714285714285,0.2827692245181155,FAIL
mt/set_16/ambiegen/test-777,0.6487229466438293,0.9999444398144289,0.8571428571428572,0.9497815206389616,FAIL
mt/set_14/ambiegen/test-409,0.12081664800643921,0.5896324693724477,0.14285714285714285,0.1968350402187044,FAIL
mt/set_14/ambiegen/test-633,0.8436187505722046,0.9161874600661166,0.8571428571428572,0.9069539912890092,FAIL
mt/set_14/ambiegen/test-574,0.5635643601417542,0.5677973164430369,0.8571428571428572,0.694078022638493,FAIL
mt/set_11/ambiegen/test-121,0.7634379863739014,0.8996583048587382,0.14285714285714285,0.7206278980610695,FAIL
mt/set_17/ambiegen/test-584,0.7884076237678528,0.6239408839625523,0.4285714285714286,0.582602196653164,FAIL
mt/set_18/ambiegen/test-651,0.9195072650909424,0.7365613801150096,0.14285714285714285,0.6887725023310278,FAIL
mt_set5/ambiegen/test-779,0.6043954491615295,0.6694168958524321,0.14285714285714285,0.4611074612791148,FAIL
mt/set_17/ambiegen/test-448,0.7736180424690247,0.9417173653360003,0.14285714285714285,0.760869824377606,FAIL
mt/set_7/ambiegen/odr/test-516,0.5844143033027649,0.1324554824013112,0.14285714285714285,0.1367782637086561,FAIL
mt/set_7/ambiegen/odr/test-902,0.7371894121170044,0.30041392338250406,0.14285714285714285,0.25900633326768174,FAIL
mt/set_9/ambiegen/test-870,0.8838350772857666,0.955274050615329,0.14285714285714285,0.8608997033138628,FAIL
mt/set_17/ambiegen/test-375,0.5155794620513916,0.6543878656554712,0.14285714285714285,0.4065918777402645,FAIL
mt/set_10/ambiegen/test-507,0.5045313835144043,0.39792204905964385,0.14285714285714285,0.27154539286946244,FAIL
mt/set_17/ambiegen/test-540,0.0678667202591896,0.48962413534461197,0.14285714285714285,0.16639107813830445,FAIL
mt/set_7/ambiegen/odr/test-371,0.5165457129478455,0.6928632941634024,0.4285714285714286,0.5650902587099509,FAIL
mt/set_12/ambiegen/test-425,0.12969808280467987,0.7837875378503764,0.4285714285714286,0.47464227054003383,FAIL
mt/set_10/ambiegen/test-858,0.7926557660102844,0.8477928716281913,0.8571428571428572,0.8497315372125446,FAIL
mt/set_10/ambiegen/test-521,0.08824031054973602,0.4045337111425952,0.14285714285714285,0.16594756237750305,FAIL
mt/set_8/ambiegen/odr/test-549,0.28352275490760803,0.5913548351251494,0.14285714285714285,0.2700164483961473,FAIL
mt/set_9/ambiegen/test-471,0.9654976725578308,0.7539239381059533,0.14285714285714285,0.7328407114472418,FAIL
mt/set_16/ambiegen/test-300,0.4144817292690277,0.7435897435897436,0.14285714285714285,0.391849825779597,FAIL
mt/set_7/ambiegen/odr/test-354,0.6120957136154175,0.3713642803566964,0.14285714285714285,0.2827253822511484,FAIL
mt/set_18/ambiegen/test-84,0.7175657749176025,0.5592966080506708,0.4285714285714286,0.5223753432856937,FAIL
mt_set5/ambiegen/test-121,0.6155313849449158,0.9126316081895713,0.14285714285714285,0.6166774855984446,FAIL
mt/set_14/ambiegen/test-901,0.3083312511444092,0.611550962580215,0.14285714285714285,0.2873700946960098,FAIL
mt/set_18/ambiegen/test-318,0.8374155163764954,0.5533238881017861,0.14285714285714285,0.4865883642815652,FAIL
mt/set_11/ambiegen/test-115,0.8855664730072021,0.7365058199294385,0.14285714285714285,0.6685725080174473,FAIL
mt/set_12/ambiegen/test-869,0.8303030133247375,0.3227768980748395,0.14285714285714285,0.29224505777104554,FAIL
mt/set_2/ambiegen/odr/test-786,0.9461588263511658,0.8297080312248243,0.28571428571428575,0.8004187695089117,FAIL
mt/set_2/ambiegen/odr/test-682,0.8709886074066162,0.2795232936078006,0.14285714285714285,0.2618918031790809,FAIL
mt_set5/ambiegen/test-869,0.13488996028900146,0.3628913520571159,0.14285714285714285,0.17253754859834908,FAIL
mt/set_12/ambiegen/test-103,0.5063115954399109,0.6310248076228574,0.14285714285714285,0.39002209204684735,FAIL
mt/set_9/ambiegen/test-734,0.7731398344039917,0.952273800594494,0.14285714285714285,0.7686494035840309,FAIL
mt/set_18/ambiegen/test-270,0.4212656021118164,0.0977581465122093,0.14285714285714285,0.12385848700725581,FAIL
mt/set_8/ambiegen/odr/test-606,0.379480242729187,0.656554712892741,0.14285714285714285,0.3377952214236452,FAIL
mt/set_12/ambiegen/test-519,0.7181020975112915,0.6254965691585409,0.14285714285714285,0.4894415272258232,FAIL
mt/set_18/ambiegen/test-949,0.5240366458892822,0.39606078284301466,0.14285714285714285,0.27554512908229645,FAIL
mt_set5/ambiegen/test-71,0.2635897696018219,0.6438314303969775,0.14285714285714285,0.27490884414367933,FAIL
mt/set_13/ambiegen/test-33,0.4612492024898529,0.7944828735727978,0.5714285714285715,0.674312173374628,FAIL
mt/set_16/ambiegen/test-636,0.4962265193462372,0.5321832374920131,0.14285714285714285,0.33605107143099366,FAIL
mt/set_13/ambiegen/test-307,0.281687468290329,0.2832180459482734,0.14285714285714285,0.182395046038353,FAIL
mt/set_10/ambiegen/test-615,0.7665683627128601,0.5739644970414202,0.14285714285714285,0.4733304015076574,FAIL
mt/set_10/ambiegen/test-667,0.5048396587371826,0.5401839042142401,0.14285714285714285,0.3434434494678098,FAIL
mt/set_8/ambiegen/odr/test-79,0.9315650463104248,0.5100425035419618,0.14285714285714285,0.4849141903880062,FAIL
mt/set_2/ambiegen/odr/test-211,0.6525931358337402,0.7581465122093507,0.14285714285714285,0.5443907618478646,FAIL
mt/set_18/ambiegen/test-46,0.7039070129394531,0.48842959135483505,0.4285714285714286,0.47070600913633975,FAIL
mt/set_9/ambiegen/test-408,0.5035062432289124,0.1625968830735895,0.14285714285714285,0.15279622529584058,FAIL
mt/set_2/ambiegen/odr/test-350,0.610276997089386,0.42070172514376203,0.14285714285714285,0.31241930019257563,FAIL
mt/set_9/ambiegen/test-222,0.8119440674781799,0.4709281328999639,0.14285714285714285,0.40923243693410444,FAIL
mt/set_12/ambiegen/test-269,0.5090394020080566,0.1507625635469622,0.14285714285714285,0.1468813134777106,FAIL
mt/set_18/ambiegen/test-945,0.34000688791275024,0.6684445926049394,0.14285714285714285,0.3215604959718902,FAIL
mt/set_10/ambiegen/test-588,0.6527936458587646,0.4728449593021641,0.14285714285714285,0.35827109264326107,FAIL
mt/set_10/ambiegen/test-344,0.9043655395507812,0.3465844375920215,0.14285714285714285,0.3271010876812724,FAIL
mt/set_7/ambiegen/odr/test-548,0.7185788750648499,0.8003722532433258,0.14285714285714285,0.6153336112165868,FAIL
mt/set_14/ambiegen/test-865,0.8750306963920593,0.830402533544462,0.14285714285714285,0.7444804648714182,FAIL
mt_set5/ambiegen/test-267,0.976010262966156,0.8284023668639053,0.14285714285714285,0.8119563172151754,FAIL
mt_set5/ambiegen/test-56,0.8889921307563782,0.9872211573186654,0.14285714285714285,0.8934901072073012,FAIL
mt_set5/ambiegen/test-158,0.34412384033203125,0.5332111009250771,0.14285714285714285,0.2771872459962891,FAIL
mt/set_16/ambiegen/test-456,0.9748191237449646,0.9073256104675389,0.14285714285714285,0.888075624583765,FAIL
mt/set_9/ambiegen/test-916,0.5452024340629578,0.29499680528932964,0.5714285714285715,0.42071729967713456,FAIL
mt/set_2/ambiegen/odr/test-619,0.34448060393333435,0.26549434675111816,0.14285714285714285,0.1851032766617603,FAIL
mt_set5/ambiegen/test-77,0.2576054036617279,0.07397838708781282,0.14285714285714285,0.12511359891599239,FAIL
mt/set_11/ambiegen/test-506,0.7132247090339661,0.7374781231769314,0.14285714285714285,0.5669555185312157,FAIL
mt/set_11/ambiegen/test-843,0.9307157397270203,0.6096619162708004,0.14285714285714285,0.5773196928529392,FAIL
mt/set_8/ambiegen/odr/test-90,0.6754822731018066,0.6657221435119594,0.14285714285714285,0.4960431820248359,FAIL
mt/set_12/ambiegen/test-827,0.9233229756355286,0.9744423146373309,0.14285714285714285,0.9106788381596083,FAIL
mt/set_17/ambiegen/test-127,0.5238062143325806,0.7160041114537323,0.14285714285714285,0.4430750867339168,FAIL
mt/set_18/ambiegen/test-169,0.885115921497345,0.9140206128288468,0.8571428571428572,0.9074862642795628,FAIL
mt/set_13/ambiegen/test-346,0.11209353059530258,0.19054365641581245,0.14285714285714285,0.14820249571682087,FAIL
mt_set5/ambiegen/test-855,0.2709742784500122,0.4358974358974359,0.14285714285714285,0.2222635248205164,FAIL
mt/set_8/ambiegen/odr/test-669,0.4101213812828064,0.47417840375586856,0.8571428571428572,0.7000809465375705,FAIL
mt/set_11/ambiegen/test-335,0.38388168811798096,0.48623496402477984,0.14285714285714285,0.2746736005092495,FAIL
mt/set_9/ambiegen/test-212,0.685390293598175,0.5316276356363031,0.4285714285714286,0.49920515258873727,FAIL
mt/set_11/ambiegen/test-888,0.692082405090332,0.48626274411756537,0.14285714285714285,0.38052211729894764,FAIL
mt/set_10/ambiegen/test-563,0.39986440539360046,0.7986498874906243,0.14285714285714285,0.40508531449397256,FAIL
mt/set_9/ambiegen/test-654,0.5829721093177795,0.5056810289746367,0.14285714285714285,0.35437334905793205,FAIL
mt/set_14/ambiegen/test-349,0.23223868012428284,0.46109398005389335,0.14285714285714285,0.21676405015211708,FAIL
mt_set5/ambiegen/test-149,0.6274729371070862,0.6994193960607828,0.14285714285714285,0.4920848945577686,FAIL
mt_set5/ambiegen/test-46,0.46483170986175537,0.7837319776648054,0.28571428571428575,0.5172087010050508,FAIL
mt/set_14/ambiegen/test-677,0.8635516166687012,0.9897213656693613,0.28571428571428575,0.8936607377557028,FAIL
mt/set_12/ambiegen/test-315,0.6653141379356384,0.6767230602550213,0.14285714285714285,0.4980456854639311,FAIL
mt/set_12/ambiegen/test-72,0.5987600088119507,0.6064394255076813,0.14285714285714285,0.42043167450204344,FAIL
mt/set_9/ambiegen/test-914,0.5493782758712769,0.47106703336389144,0.5714285714285715,0.5162921226828081,FAIL
mt/set_12/ambiegen/test-742,0.9698976874351501,0.7677584243131372,0.14285714285714285,0.7489474506165736,FAIL
mt/set_16/ambiegen/test-207,0.5230028629302979,0.31327610634219516,0.28571428571428575,0.30012919681025374,FAIL
mt_set5/ambiegen/test-394,0.9328588247299194,0.7364502597438676,0.14285714285714285,0.6965957202438625,FAIL
mt/set_2/ambiegen/odr/test-944,0.8474846482276917,0.98855460177237,0.14285714285714285,0.8595727563329668,FAIL
mt/set_18/ambiegen/test-560,0.2529867887496948,0.16745839931105372,0.14285714285714285,0.14908093572662545,FAIL
mt/set_9/ambiegen/test-773,0.492935448884964,0.47912326027168933,0.14285714285714285,0.30861463664716093,FAIL
mt/set_17/ambiegen/test-654,0.7977044582366943,0.4236186348862405,0.14285714285714285,0.3668218367499402,FAIL
mt/set_18/ambiegen/test-479,0.7681732177734375,0.46098285968275127,0.14285714285714285,0.38723279840755187,FAIL
mt/set_16/ambiegen/test-107,0.5890445113182068,0.4846514987360058,0.4285714285714286,0.46160508609621276,FAIL
mt/set_16/ambiegen/test-199,0.8775315284729004,0.9629691363169153,0.14285714285714285,0.8625312739968543,FAIL
mt_set5/ambiegen/test-180,0.9367179274559021,0.6323860321693474,0.14285714285714285,0.6014076294834608,FAIL
mt/set_8/ambiegen/odr/test-677,0.6657004356384277,0.36605828263466395,0.14285714285714285,0.29144223884203224,FAIL
mt/set_14/ambiegen/test-372,0.6321147680282593,0.7055310164735951,0.5714285714285715,0.656196707370229,FAIL
mt/set_7/ambiegen/odr/test-312,0.44364133477211,0.6547490068616829,0.14285714285714285,0.36995353692057503,FAIL
mt/set_8/ambiegen/odr/test-830,0.742958664894104,0.9281606800566714,0.8571428571428572,0.9099061640385905,FAIL
mt/set_13/ambiegen/test-726,0.9122868180274963,0.6141622913020529,0.14285714285714285,0.5728226170519267,FAIL
mt/set_7/ambiegen/odr/test-89,0.07032714784145355,0.687168375142373,0.5714285714285715,0.5795682132005435,FAIL
mt/set_13/ambiegen/test-698,0.16829784214496613,0.9980831735977999,0.14285714285714285,0.2867898405057372,FAIL
mt/set_17/ambiegen/test-776,0.1824311912059784,0.5125982720782287,0.14285714285714285,0.2103094532413145,FAIL
mt/set_11/ambiegen/test-259,0.3817485272884369,0.8867405617134761,0.14285714285714285,0.4268335382223609,FAIL
mt/set_13/ambiegen/test-126,0.6650148630142212,0.3589187987887879,0.4285714285714286,0.38225139451794554,FAIL
mt/set_11/ambiegen/test-930,0.4828806221485138,0.6462205183765314,0.8571428571428572,0.7552925725192019,FAIL
mt/set_8/ambiegen/odr/test-89,0.4360852837562561,0.3200822290746451,0.14285714285714285,0.22014239486902926,FAIL
mt/set_18/ambiegen/test-380,0.864334762096405,0.6061894046726116,0.14285714285714285,0.5433313231450053,FAIL
mt/set_12/ambiegen/test-683,0.872238278388977,0.7122537989276884,0.14285714285714285,0.639506701868556,FAIL
mt/set_12/ambiegen/test-270,0.4603789448738098,0.8195682973581132,0.14285714285714285,0.45440071015063727,FAIL
mt/set_11/ambiegen/test-641,0.9399118423461914,0.6841125649359668,0.14285714285714285,0.6515895238031157,FAIL
mt/set_2/ambiegen/odr/test-121,0.030303947627544403,0.19137705919937767,0.14285714285714285,0.1443274867965021,FAIL
mt/set_18/ambiegen/test-404,0.25424399971961975,0.3060532822179626,0.28571428571428575,0.29088536205061316,FAIL
mt/set_12/ambiegen/test-12,0.9100674986839294,0.5982442981359558,0.14285714285714285,0.5572901921945224,FAIL
mt_set5/ambiegen/test-72,0.8395851850509644,0.6552490485318221,0.14285714285714285,0.5730537958016347,FAIL
mt/set_10/ambiegen/test-240,0.7375770807266235,0.6857793705030975,0.14285714285714285,0.5433041345858414,FAIL
mt/set_13/ambiegen/test-347,0.6059879064559937,0.6027168930744229,0.14285714285714285,0.4215265901546885,FAIL
mt/set_17/ambiegen/test-844,0.14011350274085999,0.4548712392699391,0.14285714285714285,0.18657453506753874,FAIL
mt/set_2/ambiegen/odr/test-784,0.5060015916824341,0.4610106397755368,0.8571428571428572,0.656699324638301,FAIL
mt/set_8/ambiegen/odr/test-925,0.6165555119514465,0.9110481429007973,0.4285714285714286,0.7260451061794243,FAIL
mt/set_13/ambiegen/test-536,0.4286033809185028,0.3385559907770092,0.14285714285714285,0.22673432645997885,FAIL
mt/set_18/ambiegen/test-909,0.8731288313865662,0.7687862877462011,0.14285714285714285,0.6893739256649188,FAIL
mt/set_16/ambiegen/test-412,0.7405333518981934,0.9608022890796455,0.14285714285714285,0.7485728036581506,FAIL
mt/set_18/ambiegen/test-596,0.829035758972168,0.937133650026391,0.4285714285714286,0.8501876958199152,FAIL
mt/set_8/ambiegen/odr/test-113,0.34734994173049927,0.7373114426202184,0.28571428571428575,0.4425765318512206,FAIL
mt/set_7/ambiegen/odr/test-251,0.648638904094696,0.9601077867600079,0.14285714285714285,0.6729577048889819,FAIL
mt/set_16/ambiegen/test-776,0.5982958674430847,1.0,0.8571428571428572,0.9426136953490121,FAIL
mt/set_2/ambiegen/odr/test-444,0.5977306962013245,0.6950857015862433,0.4285714285714286,0.5878751905281636,FAIL
mt/set_16/ambiegen/test-286,0.8134253025054932,0.31130371975442395,0.14285714285714285,0.27987585062582854,FAIL
mt/set_7/ambiegen/odr/test-414,0.8525694608688354,0.6957802039058809,0.14285714285714285,0.6142624589174117,FAIL
mt/set_12/ambiegen/test-213,0.8602945804595947,0.7266438869905826,0.14285714285714285,0.6450857149792931,FAIL
mt_set5/ambiegen/test-107,0.5474706292152405,0.9878878795455177,0.14285714285714285,0.6054866519781456,FAIL
mt/set_17/ambiegen/test-146,0.6782059669494629,0.2827735644637053,0.14285714285714285,0.23774929486493024,FAIL
mt/set_11/ambiegen/test-602,0.2721497118473053,0.7518126510542545,0.4285714285714286,0.5165414468997243,FAIL
mt/set_10/ambiegen/test-765,0.6134305596351624,0.9204378142622996,0.14285714285714285,0.6198488892786935,FAIL
mt/set_16/ambiegen/test-357,0.3982691764831543,0.5468511264827624,0.14285714285714285,0.30375549401986723,FAIL
mt/set_17/ambiegen/test-734,0.9842855334281921,0.7131705419896102,0.14285714285714285,0.7042083711434889,FAIL
mt_set5/ambiegen/test-133,0.7965674996376038,0.428063449731922,0.14285714285714285,0.3700432176052608,FAIL
mt/set_12/ambiegen/test-540,0.46733275055885315,0.6481651248715171,0.14285714285714285,0.37900411622873853,FAIL
mt/set_12/ambiegen/test-118,0.5251532196998596,0.4890963135816873,0.4285714285714286,0.46035626680652975,FAIL
mt/set_2/ambiegen/odr/test-617,0.854679524898529,0.5366280523376947,0.14285714285714285,0.4794050766908426,FAIL
mt/set_9/ambiegen/test-892,0.5814346075057983,0.5877712031558185,0.14285714285714285,0.4015455748807144,FAIL
mt/set_16/ambiegen/test-815,0.666501522064209,0.5508236797510904,0.14285714285714285,0.4147674606482232,FAIL
mt/set_9/ambiegen/test-109,0.6485002040863037,0.47548406811678756,0.14285714285714285,0.3585657717726221,FAIL
mt/set_18/ambiegen/test-602,0.7770920991897583,0.7494235630747007,0.14285714285714285,0.6142151156420219,FAIL
mt/set_14/ambiegen/test-282,0.7929859161376953,0.852959968886296,0.14285714285714285,0.7059586829078374,FAIL
mt_set5/ambiegen/test-438,0.8824676871299744,0.5581020640608939,0.14285714285714285,0.5092973680642855,FAIL
mt/set_14/ambiegen/test-27,0.86573326587677,0.8649331888768509,0.14285714285714285,0.7679823963891697,FAIL
mt/set_8/ambiegen/odr/test-686,0.5298324823379517,0.2502430758118732,0.8571428571428572,0.535587639469902,FAIL
mt/set_18/ambiegen/test-120,0.9388192296028137,0.782565213767814,0.14285714285714285,0.7434273811602012,FAIL
mt/set_17/ambiegen/test-638,0.6555786728858948,0.6580270578103731,0.5714285714285715,0.6282006922046802,FAIL
mt/set_8/ambiegen/odr/test-461,0.8515285849571228,0.9932494374531211,0.14285714285714285,0.866990490132897,FAIL
mt/set_12/ambiegen/test-61,0.4040018618106842,0.8112342695224601,0.14285714285714285,0.4128827506790812,FAIL
mt/set_2/ambiegen/odr/test-166,0.5596761703491211,0.5280162235741868,0.14285714285714285,0.358421502128046,FAIL
mt/set_13/ambiegen/test-461,0.5953660607337952,0.4674834013945607,0.14285714285714285,0.3361285996133158,FAIL
mt/set_17/ambiegen/test-820,0.9430844783782959,0.4303691974331194,0.14285714285714285,0.41400529887439985,FAIL
mt/set_7/ambiegen/odr/test-461,0.8642546534538269,0.8142067394505097,0.4285714285714286,0.7618585405347876,FAIL
mt/set_7/ambiegen/odr/test-490,0.5132520794868469,0.12917743145262098,0.14285714285714285,0.13583600253199207,FAIL
mt/set_14/ambiegen/test-23,0.22140975296497345,0.2227407839542184,0.14285714285714285,0.16054416222712625,FAIL
mt/set_11/ambiegen/test-871,0.8669900298118591,0.5434063949773592,0.4285714285714286,0.5281321995191502,FAIL
mt/set_7/ambiegen/odr/test-106,0.43628111481666565,0.3164430369197433,0.14285714285714285,0.21858939449269643,FAIL
mt/set_13/ambiegen/test-201,0.9616256952285767,0.9446620551712642,0.14285714285714285,0.9138933490988977,FAIL
mt/set_16/ambiegen/test-263,0.6789495944976807,0.6050782009611911,0.14285714285714285,0.4566819428251753,FAIL
mt/set_13/ambiegen/test-581,0.9393568634986877,0.9034641775703531,0.14285714285714285,0.8573385813403817,FAIL
mt/set_14/ambiegen/test-85,0.5064727067947388,0.3486957246437203,0.14285714285714285,0.24710876653738093,FAIL
mt/set_10/ambiegen/test-278,0.21223515272140503,0.2131010917576465,0.4285714285714286,0.382841048730823,FAIL
mt/set_11/ambiegen/test-874,0.9741857051849365,0.8439869989165764,0.14285714285714285,0.8258878261086151,FAIL
mt/set_11/ambiegen/test-338,0.6515821218490601,0.7073367225046532,0.14285714285714285,0.5106619451043332,FAIL
mt_set5/ambiegen/test-268,0.9695544242858887,0.7279495513515015,0.14285714285714285,0.7101360761289347,FAIL
mt/set_14/ambiegen/test-525,0.8787345886230469,0.7723976998083174,0.14285714285714285,0.6960562051911571,FAIL
mt/set_9/ambiegen/test-949,0.9043713808059692,0.73222768564047,0.14285714285714285,0.675866994440464,FAIL
mt/set_12/ambiegen/test-944,0.8925554156303406,0.9449398560991193,0.14285714285714285,0.8587604123447464,FAIL
mt/set_17/ambiegen/test-597,0.7379302978515625,0.2708836847515071,0.14285714285714285,0.2373318070501566,FAIL
mt/set_7/ambiegen/odr/test-772,0.6742784976959229,0.8716281912381587,0.14285714285714285,0.634251790523777,FAIL
mt/set_16/ambiegen/test-186,0.7601940035820007,0.6877795371836541,0.5714285714285715,0.65987787790656,FAIL
mt/set_12/ambiegen/test-712,0.2312389761209488,0.7802039058810456,0.4285714285714286,0.5098825689815891,FAIL
mt/set_7/ambiegen/odr/test-446,0.3775153160095215,0.2729671917104203,0.14285714285714285,0.19197567906600216,FAIL
mt/set_10/ambiegen/test-544,0.8532184958457947,0.14495652415479068,0.14285714285714285,0.14464837381012874,FAIL
mt/set_8/ambiegen/odr/test-302,0.2034587562084198,0.7438953246103842,0.14285714285714285,0.2651436194929529,FAIL
mt/set_8/ambiegen/odr/test-841,0.7662395238876343,0.2974970136400255,0.14285714285714285,0.26134832381986417,FAIL
mt/set_7/ambiegen/odr/test-647,0.8275854587554932,0.9079367725088201,0.14285714285714285,0.776025919146909,FAIL
mt/set_13/ambiegen/test-820,0.46688589453697205,0.8529321887935106,0.14285714285714285,0.47438116161005084,FAIL
mt/set_12/ambiegen/test-349,0.9749572277069092,0.918437647581743,0.14285714285714285,0.8990149616069644,FAIL
mt/set_11/ambiegen/test-844,0.6560250520706177,0.708086785009862,0.14285714285714285,0.513661948282237,FAIL
mt/set_10/ambiegen/test-200,0.8802897930145264,0.8547934550101398,0.14285714285714285,0.7695674117218297,FAIL
mt/set_16/ambiegen/test-619,0.8911184072494507,0.6238853237769815,0.14285714285714285,0.5715102092805301,FAIL
mt/set_9/ambiegen/test-435,0.07285386323928833,0.7121426785565463,0.8571428571428572,0.8465790339624578,FAIL
mt/set_7/ambiegen/odr/test-705,0.40810757875442505,0.7850376420257243,0.14285714285714285,0.4049358714961407,FAIL
mt/set_14/ambiegen/test-728,0.3112576901912689,0.3654749006861682,0.14285714285714285,0.21214862769708992,FAIL
mt/set_12/ambiegen/test-267,0.45601972937583923,0.7858988249020752,0.14285714285714285,0.43609683242318276,FAIL
mt/set_2/ambiegen/odr/test-673,0.7553377151489258,0.6449704142011834,0.28571428571428575,0.557073988958828,FAIL
mt/set_11/ambiegen/test-161,0.390659362077713,0.7884268133455566,0.4285714285714286,0.5691523163999432,FAIL
mt_set5/ambiegen/test-420,0.684989869594574,0.8126510542545212,0.14285714285714285,0.6016591868804727,FAIL
mt/set_10/ambiegen/test-612,0.5662550330162048,0.572492152123788,0.14285714285714285,0.3861401292143445,FAIL
mt/set_12/ambiegen/test-68,0.6433842182159424,0.3498624885407117,0.28571428571428575,0.3269862270397235,FAIL
mt/set_13/ambiegen/test-660,0.4554745554924011,0.6708892407700642,0.14285714285714285,0.3833623279397507,FAIL
mt/set_10/ambiegen/test-795,0.4925542175769806,0.4143400838958802,0.4285714285714286,0.42156173250211937,FAIL
mt/set_8/ambiegen/odr/test-171,0.8967246413230896,0.9482456871405951,0.14285714285714285,0.8650688963554468,FAIL
mt/set_2/ambiegen/odr/test-942,0.7196649312973022,0.6705280995638525,0.14285714285714285,0.5226034256630588,FAIL
mt/set_10/ambiegen/test-373,0.13062028586864471,0.3801983498624885,0.14285714285714285,0.17385871703585298,FAIL
mt/set_11/ambiegen/test-527,0.6522555947303772,0.5693252215462399,0.4285714285714286,0.5203788775187705,FAIL
mt/set_12/ambiegen/test-140,0.38620075583457947,0.8720448926299413,0.4285714285714286,0.5998412028109815,FAIL
mt/set_18/ambiegen/test-852,0.6095816493034363,0.19523849209656358,0.14285714285714285,0.17478785211924824,FAIL
mt/set_9/ambiegen/test-199,0.7820602059364319,0.6776398033169431,0.14285714285714285,0.5610893804275672,FAIL
mt/set_12/ambiegen/test-456,0.6674112677574158,0.6620273911714865,0.14285714285714285,0.4893572164665512,FAIL
mt/set_9/ambiegen/test-310,0.8445723652839661,0.5603522515765202,0.14285714285714285,0.49546197432275396,FAIL
mt/set_12/ambiegen/test-378,0.29276958107948303,0.7955107370058616,0.14285714285714285,0.33393426646355684,FAIL
mt/set_16/ambiegen/test-705,0.6078068017959595,0.09448009556351909,0.14285714285714285,0.11345324446127353,FAIL
mt/set_14/ambiegen/test-265,0.6805394291877747,0.8670444759285496,0.14285714285714285,0.6356951771305748,FAIL
mt/set_12/ambiegen/test-669,0.30287280678749084,0.7325888268466817,0.14285714285714285,0.32147083749604266,FAIL
mt/set_12/ambiegen/test-429,0.4881763160228729,0.5803261382893018,0.28571428571428575,0.4295368060460816,FAIL
mt/set_7/ambiegen/odr/test-506,0.3973391652107239,0.41489568575159036,0.8571428571428572,0.6814207352454473,FAIL
mt/set_12/ambiegen/test-261,0.6478977203369141,0.7531183154151734,0.28571428571428575,0.5885442910337781,FAIL
mt/set_10/ambiegen/test-538,0.5810228586196899,0.7089201877934272,0.14285714285714285,0.4717527113849888,FAIL
mt/set_16/ambiegen/test-656,0.8226629495620728,0.6163013584465372,0.14285714285714285,0.5323421577070159,FAIL
mt/set_13/ambiegen/test-204,0.9284891486167908,0.6201905714365086,0.14285714285714285,0.5860560515651319,FAIL
mt/set_17/ambiegen/test-393,0.7753311991691589,0.6624718726560546,0.8571428571428572,0.7062083692972638,FAIL
mt/set_7/ambiegen/odr/test-815,0.7065162062644958,0.8324027002250187,0.14285714285714285,0.6300322540952318,FAIL
mt/set_2/ambiegen/odr/test-201,0.8604264259338379,0.9592743839764425,0.14285714285714285,0.8453241117041862,FAIL
mt/set_8/ambiegen/odr/test-900,0.7519814968109131,0.9367725088201795,0.4285714285714286,0.8107292375778072,FAIL
mt/set_17/ambiegen/test-748,0.49629244208335876,0.2914131733199989,0.4285714285714286,0.36050081034838,FAIL
mt/set_16/ambiegen/test-773,0.563967764377594,0.628552379364947,0.14285714285714285,0.41677359955929594,FAIL
mt/set_17/ambiegen/test-527,0.5597898960113525,0.5542128510709227,0.14285714285714285,0.3731299119818109,FAIL
mt/set_2/ambiegen/odr/test-858,0.2773415148258209,0.17365336000222234,0.14285714285714285,0.15139821662853875,FAIL
mt/set_10/ambiegen/test-339,0.3240606486797333,0.2661332888851848,0.14285714285714285,0.18280608644825302,FAIL
mt/set_12/ambiegen/test-477,0.5702718496322632,0.9961107870100285,0.4285714285714286,0.752223148247317,FAIL
mt/set_12/ambiegen/test-229,0.7580033540725708,0.7470900352807179,0.8571428571428572,0.7737224490462045,FAIL
mt/set_11/ambiegen/test-504,0.5709310173988342,0.23660305025418782,0.14285714285714285,0.19637958914431464,FAIL
mt/set_2/ambiegen/odr/test-509,0.6100209355354309,0.4203961441231213,0.14285714285714285,0.31216174405698416,FAIL
mt/set_18/ambiegen/test-743,0.6864368319511414,0.7771758757674251,0.14285714285714285,0.5782768843233391,FAIL
mt/set_12/ambiegen/test-185,0.4611029624938965,0.8400144456482485,0.14285714285714285,0.46431844049837606,FAIL
mt_set5/ambiegen/test-635,0.7989162802696228,0.6170792010445315,0.14285714285714285,0.521720865606016,FAIL
mt/set_13/ambiegen/test-529,0.3869241178035736,0.7060310581437342,0.14285714285714285,0.3607627089419171,FAIL
mt/set_14/ambiegen/test-152,0.5510905385017395,0.5164319248826291,0.14285714285714285,0.348730670654238,FAIL
mt_set5/ambiegen/test-238,0.39110004901885986,0.7873711698197071,0.28571428571428575,0.4819123176785646,FAIL
mt/set_12/ambiegen/test-849,0.6591426730155945,0.26124399255493513,0.14285714285714285,0.22089096741684108,FAIL
mt/set_14/ambiegen/test-96,0.6609745025634766,0.5426563324721504,0.5714285714285715,0.5524108550967136,FAIL
mt/set_11/ambiegen/test-937,0.8874545097351074,0.9578575992443814,0.14285714285714285,0.8661329733141684,FAIL
mt/set_13/ambiegen/test-20,0.7549169659614563,0.45150984804289246,0.14285714285714285,0.37586430659176484,FAIL
mt/set_17/ambiegen/test-363,0.9675292372703552,0.5642692446592771,0.14285714285714285,0.5505856722902591,FAIL
mt/set_7/ambiegen/odr/test-807,0.8337814807891846,0.7605911603744756,0.14285714285714285,0.6579123267165967,FAIL
mt/set_9/ambiegen/test-271,0.8656136989593506,0.8029558018723782,0.14285714285714285,0.7142475847654278,FAIL
mt/set_17/ambiegen/test-934,0.3980572819709778,0.4377864822068506,0.4285714285714286,0.4322395477747615,FAIL
mt/set_16/ambiegen/test-256,0.3403606116771698,0.01619579409395223,0.28571428571428575,0.19398079853313163,FAIL
mt_set5/ambiegen/test-481,0.6643611788749695,0.42600772286579436,0.14285714285714285,0.3309713959908219,FAIL
mt_set5/ambiegen/test-893,0.23547983169555664,0.0345584354251743,0.14285714285714285,0.11735498145821657,FAIL
mt/set_10/ambiegen/test-241,0.7900125980377197,0.9176320248909631,0.14285714285714285,0.7549390603070489,FAIL
mt/set_9/ambiegen/test-154,0.10550069808959961,0.43020251687640637,0.14285714285714285,0.17317228040899224,FAIL
mt/set_17/ambiegen/test-589,0.8378295302391052,0.9603022474095063,0.4285714285714286,0.87407121073219,FAIL
mt/set_11/ambiegen/test-833,0.26327407360076904,0.4339806094952357,0.14285714285714285,0.21950240383973113,FAIL
mt/set_17/ambiegen/test-747,0.530888020992279,0.25507681195655196,0.4285714285714286,0.33646521490394254,FAIL
mt/set_16/ambiegen/test-66,0.7556755542755127,0.9450509764702614,0.14285714285714285,0.7490554127091347,FAIL
mt/set_16/ambiegen/test-598,0.871969997882843,0.9198266522210184,0.14285714285714285,0.820351244292195,FAIL
mt/set_16/ambiegen/test-863,0.569122850894928,0.794066172181015,0.14285714285714285,0.5134750821544637,FAIL
mt/set_17/ambiegen/test-29,0.3030746877193451,0.40778398199849986,0.14285714285714285,0.22314975764090816,FAIL
mt/set_13/ambiegen/test-93,0.8371767401695251,0.8866016612495485,0.14285714285714285,0.7655027542838504,FAIL
mt/set_11/ambiegen/test-814,0.35583457350730896,0.2705503236380809,0.14285714285714285,0.18829478712264502,FAIL
mt/set_13/ambiegen/test-432,0.9128568768501282,0.6860571714309525,0.14285714285714285,0.638721024445931,FAIL
mt/set_13/ambiegen/test-618,0.33446061611175537,0.5017640358918799,0.14285714285714285,0.2628973634282969,FAIL
mt_set5/ambiegen/test-435,0.5542309284210205,0.6167736200238908,0.14285714285714285,0.40551631199128896,FAIL
mt/set_8/ambiegen/odr/test-515,0.8035022616386414,0.179737200322249,0.14285714285714285,0.1724903524397187,FAIL
mt_set5/ambiegen/test-697,0.5182000398635864,0.8124288135122371,0.14285714285714285,0.48982920928214085,FAIL
mt/set_16/ambiegen/test-429,0.9633896946907043,0.987582298524877,0.5714285714285715,0.9723467835202799,FAIL
mt/set_7/ambiegen/odr/test-96,0.04864111915230751,0.35489068533488904,0.14285714285714285,0.15317068793579847,FAIL
mt/set_10/ambiegen/test-952,0.7314757704734802,0.23390838125399332,0.14285714285714285,0.20945891761604357,FAIL
mt/set_17/ambiegen/test-653,0.7196805477142334,0.7542017390338084,0.28571428571428575,0.6228755927165261,FAIL
mt/set_18/ambiegen/test-774,0.11928214877843857,0.14892907742311856,0.14285714285714285,0.14358141945252048,FAIL
mt/set_17/ambiegen/test-733,0.9872064590454102,0.7384782065172099,0.14285714285714285,0.7308581040458584,FAIL
mt/set_8/ambiegen/odr/test-358,0.6269562840461731,0.2943300830624774,0.8571428571428572,0.504283851691704,FAIL
mt/set_11/ambiegen/test-60,0.8566936254501343,0.9893880045559351,0.14285714285714285,0.8680747358213073,FAIL
mt/set_13/ambiegen/test-22,0.8206372261047363,0.8368752951634858,0.14285714285714285,0.7123942742321545,FAIL
mt/set_9/ambiegen/test-747,0.8469009399414062,0.7118093174431204,0.14285714285714285,0.6247032742957143,FAIL
mt/set_12/ambiegen/test-534,0.04088352620601654,0.22646331638747674,0.14285714285714285,0.1462752559149177,FAIL
mt/set_9/ambiegen/test-61,0.5392609238624573,0.2676611939883879,0.4285714285714286,0.34179882681125334,FAIL
mt/set_16/ambiegen/test-943,0.5270397663116455,0.776953635025141,0.14285714285714285,0.4770512099083988,FAIL
mt/set_12/ambiegen/test-722,0.7368801236152649,0.6333027752312692,0.14285714285714285,0.5042567810675559,FAIL
mt/set_11/ambiegen/test-147,0.42280498147010803,0.6418868239019918,0.14285714285714285,0.35384938216181877,FAIL
mt/set_13/ambiegen/test-17,0.6093454957008362,0.2794121732366586,0.14285714285714285,0.22606633553419164,FAIL
mt/set_14/ambiegen/test-836,0.7542544007301331,0.9556907520071117,0.8571428571428572,0.9314730405269117,FAIL
mt/set_10/ambiegen/test-343,0.6122967600822449,0.10364752618273737,0.14285714285714285,0.11884922160333761,FAIL
mt_set5/ambiegen/test-407,0.19626642763614655,0.9994999583298608,0.8571428571428572,0.8850827896138918,FAIL
mt/set_17/ambiegen/test-937,0.8803865909576416,0.838792121565686,0.14285714285714285,0.755548966290536,FAIL
mt/set_12/ambiegen/test-273,0.4522394835948944,0.2934966802789122,0.14285714285714285,0.21098228521226298,FAIL
mt/set_7/ambiegen/odr/test-829,0.6097670197486877,0.620107231158152,0.8571428571428572,0.7126063499118989,FAIL
mt/set_14/ambiegen/test-815,0.5677348971366882,0.6126899463844209,0.14285714285714285,0.4095976212391439,FAIL
mt/set_8/ambiegen/odr/test-121,0.5278235077857971,0.9477178653776703,0.14285714285714285,0.5676815526969388,FAIL
mt/set_2/ambiegen/odr/test-879,0.5630314946174622,0.8889907492291024,0.14285714285714285,0.5629538624370645,FAIL
mt/set_17/ambiegen/test-740,0.5606300234794617,0.9925827152262688,0.4285714285714286,0.7447730894514131,FAIL
mt/set_11/ambiegen/test-297,0.07964609563350677,0.5142095174597883,0.14285714285714285,0.17243390746973766,FAIL
mt_set5/ambiegen/test-97,0.6710683703422546,0.08814623440842291,0.14285714285714285,0.10614238268451606,FAIL
mt/set_7/ambiegen/odr/test-338,0.6915581822395325,0.89376892518821,0.14285714285714285,0.6621563300682632,FAIL
mt/set_12/ambiegen/test-271,0.5571413040161133,0.18807122815790206,0.14285714285714285,0.1680477773015036,FAIL
mt/set_10/ambiegen/test-528,0.6983394026756287,0.5971330944245354,0.14285714285714285,0.4600959395246186,FAIL
mt/set_9/ambiegen/test-761,0.4655999541282654,0.3138039281051198,0.14285714285714285,0.22244995822697539,FAIL
mt_set5/ambiegen/test-74,0.8122616410255432,0.46028835736311363,0.14285714285714285,0.4006943420644939,FAIL
mt/set_7/ambiegen/odr/test-833,0.40125441551208496,0.9964441481234547,0.8571428571428572,0.9130381152353557,FAIL
mt/set_9/ambiegen/test-542,0.9378767609596252,0.8327638414312304,0.14285714285714285,0.7899046026801565,FAIL
mt/set_16/ambiegen/test-352,0.39532482624053955,0.5594910687001694,0.4285714285714286,0.480327212556797,FAIL
mt/set_12/ambiegen/test-352,0.8757294416427612,0.966330527543962,0.14285714285714285,0.8639970302366057,FAIL
mt/set_2/ambiegen/odr/test-726,0.7811367511749268,0.5237936494707892,0.14285714285714285,0.44042064803725256,FAIL
mt/set_16/ambiegen/test-578,0.9324013590812683,0.5271550406978359,0.14285714285714285,0.5011770250958795,FAIL
mt/set_8/ambiegen/odr/test-387,0.8533655405044556,0.4048948523488069,0.14285714285714285,0.3664710944500462,FAIL
mt/set_12/ambiegen/test-839,0.0711955651640892,0.3720032224907631,0.14285714285714285,0.1591713306948998,FAIL
mt/set_10/ambiegen/test-45,0.918208122253418,0.5845764924854848,0.14285714285714285,0.5484474374423838,FAIL
mt/set_10/ambiegen/test-505,0.4135172665119171,0.19618301525127085,0.14285714285714285,0.1649083161014006,FAIL
mt/set_14/ambiegen/test-212,0.9229979515075684,0.7591465955496292,0.14285714285714285,0.7116910452280282,FAIL
mt/set_2/ambiegen/odr/test-548,0.630804717540741,0.6703058588215685,0.5714285714285715,0.6338008307737056,FAIL
mt_set5/ambiegen/test-110,0.5615535378456116,0.225991054810123,0.14285714285714285,0.18954128522928443,FAIL
mt/set_16/ambiegen/test-644,0.40471699833869934,0.36080784509820263,0.14285714285714285,0.23106550111143082,FAIL
mt/set_16/ambiegen/test-622,0.8667094707489014,0.5391004805956051,0.14285714285714285,0.48628499639622363,FAIL
mt/set_10/ambiegen/test-792,0.9667783379554749,0.9599133261105093,0.4285714285714286,0.9422612651603692,FAIL
mt_set5/ambiegen/test-58,0.35300856828689575,0.5653804483706976,0.14285714285714285,0.29201149000432947,FAIL
mt/set_16/ambiegen/test-387,0.893483579158783,0.8688779620523933,0.14285714285714285,0.7915448229355069,FAIL
mt/set_18/ambiegen/test-152,0.9231407046318054,0.5438230963691418,0.14285714285714285,0.5130051357155734,FAIL
mt/set_13/ambiegen/test-477,0.47498664259910583,0.4533711142595216,0.14285714285714285,0.29034712735619883,FAIL
mt/set_13/ambiegen/test-702,0.9516555070877075,0.8844625941050643,0.14285714285714285,0.8486100546234918,FAIL
mt/set_12/ambiegen/test-573,0.4087822437286377,0.8085951607078367,0.14285714285714285,0.4149990235296053,FAIL
mt/set_2/ambiegen/odr/test-528,0.1567501574754715,0.32919409950829237,0.14285714285714285,0.17206549228444795,FAIL
mt/set_13/ambiegen/test-265,0.5664101243019104,0.5638525432674945,0.14285714285714285,0.3813131999341026,FAIL
mt/set_18/ambiegen/test-689,0.4924449026584625,0.5144317582020723,0.14285714285714285,0.3258371723985069,FAIL
mt/set_16/ambiegen/test-113,0.9811908602714539,0.7921493457788149,0.14285714285714285,0.7799367180094057,FAIL
mt/set_18/ambiegen/test-621,0.14039437472820282,0.007361724588160135,0.4285714285714286,0.36943594916503425,FAIL
mt/set_10/ambiegen/test-126,0.3287277817726135,0.2562713559463289,0.14285714285714285,0.1801395455474375,FAIL
mt/set_8/ambiegen/odr/test-617,0.8907965421676636,0.8861016195794094,0.14285714285714285,0.8049367527065523,FAIL
mt/set_18/ambiegen/test-38,0.5971652269363403,0.970580881740145,0.14285714285714285,0.6371449772278069,FAIL
mt/set_9/ambiegen/test-22,0.686883807182312,0.3809206322749118,0.14285714285714285,0.3063790988195261,FAIL
mt/set_17/ambiegen/test-280,0.6522678136825562,0.19290496430258078,0.14285714285714285,0.1755017259309336,FAIL
mt_set5/ambiegen/test-632,0.43914172053337097,0.5249881934605662,0.4285714285714286,0.47091203982068214,FAIL
mt/set_2/ambiegen/odr/test-770,0.8278450965881348,0.8776842514653999,0.14285714285714285,0.7511801615585252,FAIL
mt/set_16/ambiegen/test-638,0.5664358735084534,0.5382392977192543,0.14285714285714285,0.3668157791161175,FAIL
mt/set_13/ambiegen/test-861,0.6786730885505676,0.21223990888129562,0.14285714285714285,0.18994535896693598,FAIL
mt/set_12/ambiegen/test-686,0.4979475140571594,0.5775203489179653,0.14285714285714285,0.35929660576724426,FAIL
mt/set_9/ambiegen/test-220,0.3248026371002197,0.21801816818068176,0.14285714285714285,0.1672696420893847,FAIL
mt/set_12/ambiegen/test-616,0.7008607983589172,0.8738505986609995,0.14285714285714285,0.6551817998869777,FAIL
mt/set_18/ambiegen/test-676,0.8221178650856018,0.5784926521654583,0.14285714285714285,0.501000877725174,FAIL
mt/set_18/ambiegen/test-836,0.727044939994812,0.8008167347278939,0.14285714285714285,0.6212233348478241,FAIL
mt/set_13/ambiegen/test-26,0.7778160572052002,0.8941300663944217,0.28571428571428575,0.7589498493843329,FAIL
mt/set_16/ambiegen/test-362,0.4008924663066864,0.23151929327443946,0.28571428571428575,0.2639879130186543,FAIL
mt/set_2/ambiegen/odr/test-209,0.4926060438156128,0.7865655471289275,0.14285714285714285,0.4599517932563278,FAIL
mt/set_18/ambiegen/test-703,0.33926236629486084,0.8791288162902464,0.14285714285714285,0.3926464130219346,FAIL
mt/set_2/ambiegen/odr/test-238,0.6418229341506958,0.855571297608134,0.14285714285714285,0.6002934328701571,FAIL
mt/set_14/ambiegen/test-60,0.5584019422531128,0.6374697891490958,0.14285714285714285,0.4190498052095213,FAIL
mt/set_11/ambiegen/test-696,0.9049080610275269,0.8212906631108147,0.14285714285714285,0.7567771042059724,FAIL
mt/set_2/ambiegen/odr/test-249,0.39873334765434265,0.16331916548601266,0.14285714285714285,0.1510160293822564,FAIL
mt/set_9/ambiegen/test-73,0.7117697596549988,0.5031530405311554,0.14285714285714285,0.39930486734925674,FAIL
mt/set_17/ambiegen/test-585,0.2179187685251236,0.6598049837486457,0.8571428571428572,0.8141392435618477,FAIL
mt/set_17/ambiegen/test-444,0.12152116745710373,0.2183237492013223,0.14285714285714285,0.15202793189974453,FAIL
mt/set_16/ambiegen/test-301,0.9668883085250854,0.47340056115787427,0.14285714285714285,0.4624557094720368,FAIL
mt/set_10/ambiegen/test-231,0.7391926646232605,0.7808428480151124,0.4285714285714286,0.6889678777806235,FAIL
mt/set_7/ambiegen/odr/test-139,0.3342787027359009,0.47748423479734414,0.28571428571428575,0.3498188955175003,FAIL
mt/set_18/ambiegen/test-221,0.6090343594551086,0.6800566713892824,0.4285714285714286,0.5817345823434126,FAIL
mt/set_7/ambiegen/odr/test-150,0.6733904480934143,0.9193266105508792,0.28571428571428575,0.7123827730535094,FAIL
mt/set_18/ambiegen/test-907,0.6029924750328064,0.2984137567019473,0.4285714285714286,0.3500873318663422,FAIL
mt/set_7/ambiegen/odr/test-140,0.42631539702415466,0.1597633136094674,0.14285714285714285,0.15006449949610362,FAIL
mt/set_18/ambiegen/test-434,0.7103825211524963,0.6869183543073033,0.14285714285714285,0.5293487179083892,FAIL
mt/set_17/ambiegen/test-732,0.7511467337608337,0.8535155707420063,0.14285714285714285,0.676665899782467,FAIL
mt/set_8/ambiegen/odr/test-556,0.9183586239814758,0.938383754201739,0.14285714285714285,0.8734358669922125,FAIL
mt_set5/ambiegen/test-395,0.17385292053222656,0.6093563352501598,0.14285714285714285,0.22395938988059388,FAIL
mt/set_16/ambiegen/test-889,0.7911372184753418,0.646692779953885,0.4285714285714286,0.6011353477942277,FAIL
mt_set5/ambiegen/test-57,0.4954410791397095,0.6259132705503235,0.14285714285714285,0.3821829920465016,FAIL
mt/set_13/ambiegen/test-629,0.14618556201457977,0.34650109731366496,0.14285714285714285,0.17262694666150372,FAIL
mt/set_18/ambiegen/test-372,0.7521082758903503,0.137678139844987,0.14285714285714285,0.1389619718308394,FAIL
mt_set5/ambiegen/test-399,0.27644413709640503,0.9423563074700669,0.14285714285714285,0.3638739995278593,FAIL
mt/set_7/ambiegen/odr/test-367,0.4155693054199219,0.09242436869739143,0.14285714285714285,0.12189882992917517,FAIL
mt/set_2/ambiegen/odr/test-248,0.47546520829200745,0.19132149901380663,0.14285714285714285,0.16590026230938365,FAIL
mt_set5/ambiegen/test-852,0.8032171726226807,0.9897769258549324,0.4285714285714286,0.87934132135979,FAIL
mt/set_11/ambiegen/test-622,0.9571674466133118,0.9083256938078174,0.14285714285714285,0.8755387212333917,FAIL
mt/set_9/ambiegen/test-319,0.5864359140396118,0.4790399199933328,0.14285714285714285,0.34000679705137954,FAIL
mt/set_13/ambiegen/test-647,0.8684242367744446,0.6788621273995056,0.14285714285714285,0.6083368624656421,FAIL
mt/set_8/ambiegen/odr/test-772,0.8738637566566467,0.9189376892518821,0.14285714285714285,0.8210458045977927,FAIL
mt/set_14/ambiegen/test-172,0.4539761245250702,0.6636108564602606,0.4285714285714286,0.5352737043825664,FAIL
mt/set_8/ambiegen/odr/test-632,0.39224177598953247,0.8144567602855793,0.14285714285714285,0.4062865695511634,FAIL
mt/set_13/ambiegen/test-637,0.9249886274337769,0.9465233213878934,0.14285714285714285,0.8862392182512505,FAIL
mt/set_11/ambiegen/test-103,0.8524185419082642,0.27260605050420866,0.14285714285714285,0.25345751752784473,FAIL
mt/set_7/ambiegen/odr/test-234,0.25436678528785706,0.44675945217657026,0.14285714285714285,0.2201598005777562,FAIL
mt/set_11/ambiegen/test-777,0.7571964859962463,0.5694085618245965,0.14285714285714285,0.4658403783960114,FAIL
mt/set_17/ambiegen/test-675,0.325529009103775,0.9566908353473901,0.14285714285714285,0.407783622606234,FAIL
mt/set_8/ambiegen/odr/test-304,0.7354079484939575,0.5444342584104231,0.14285714285714285,0.43818014556830165,FAIL
mt/set_14/ambiegen/test-145,0.6714707612991333,0.7952051559852209,0.14285714285714285,0.5808897598642304,FAIL
mt/set_18/ambiegen/test-498,0.6823676228523254,0.44075895213490013,0.14285714285714285,0.3461356922974129,FAIL
mt/set_10/ambiegen/test-469,0.5904415249824524,0.4350084729282995,0.5714285714285715,0.49088048043181454,FAIL
mt/set_8/ambiegen/odr/test-927,0.11098860204219818,0.5963830319193266,0.4285714285714286,0.44719659744725976,FAIL
mt/set_7/ambiegen/odr/test-166,0.1534980684518814,0.882101286218296,0.14285714285714285,0.25632969310618287,FAIL
mt/set_12/ambiegen/test-613,0.24621057510375977,0.5696308025668806,0.14285714285714285,0.24793333105341364,FAIL
mt/set_7/ambiegen/odr/test-498,0.3741077482700348,0.68019557185321,0.14285714285714285,0.3438796168452941,FAIL
mt/set_2/ambiegen/odr/test-845,0.8821021318435669,0.8782954135066812,0.14285714285714285,0.7915888092364468,FAIL
mt/set_12/ambiegen/test-152,0.8035639524459839,0.6004389254660111,0.14285714285714285,0.510553368657604,FAIL
mt/set_9/ambiegen/test-239,0.7513778805732727,0.7399505514348418,0.14285714285714285,0.5914999226985254,FAIL
mt/set_2/ambiegen/odr/test-202,0.5490411520004272,0.6925299330499763,0.14285714285714285,0.4446501248079053,FAIL
mt/set_12/ambiegen/test-735,0.4690340757369995,0.39392171569853046,0.14285714285714285,0.2606149827301077,FAIL
mt/set_16/ambiegen/test-397,0.573258101940155,0.45673250548656824,0.14285714285714285,0.32278873748386516,FAIL
mt/set_7/ambiegen/odr/test-254,0.7895057201385498,0.272244909297997,0.4285714285714286,0.3051507473957051,FAIL
mt/set_16/ambiegen/test-506,0.5259100794792175,0.5842153512792733,0.28571428571428575,0.44269900483019947,FAIL
mt/set_17/ambiegen/test-189,0.7852463722229004,0.6648609606356084,0.14285714285714285,0.5527587470541869,FAIL
mt_set5/ambiegen/test-300,0.6224079728126526,0.2505764369252993,0.5714285714285715,0.37172764481977727,FAIL
mt/set_8/ambiegen/odr/test-659,0.6340839862823486,0.5944106453315554,0.14285714285714285,0.42917998772587473,FAIL
mt/set_10/ambiegen/test-82,0.4222308397293091,0.5682140178348195,0.14285714285714285,0.322455933363602,FAIL
mt/set_12/ambiegen/test-866,0.47941362857818604,0.40422813012195463,0.5714285714285715,0.49127040116189225,FAIL
mt/set_16/ambiegen/test-955,0.2429870218038559,0.23393616134677883,0.14285714285714285,0.1649881601800205,FAIL
mt/set_2/ambiegen/odr/test-470,0.7002074718475342,0.6569714142845238,0.14285714285714285,0.5028437970940463,FAIL
mt/set_9/ambiegen/test-727,0.5579439997673035,0.7864822068505709,0.14285714285714285,0.5019638854121228,FAIL
mt_set5/ambiegen/test-185,0.9702016711235046,0.5015973553351668,0.14285714285714285,0.4909074965025228,FAIL
mt/set_18/ambiegen/test-561,0.8635408878326416,0.47973442231297053,0.14285714285714285,0.4337644478490732,FAIL
mt/set_9/ambiegen/test-379,0.835269033908844,0.11398172069894705,0.14285714285714285,0.11873839688735663,FAIL
mt/set_12/ambiegen/test-300,0.5154352784156799,0.7670917020862849,0.14285714285714285,0.4646096566901049,FAIL
mt/set_16/ambiegen/test-616,0.812143862247467,0.5418507097813706,0.14285714285714285,0.4668973193108784,FAIL
mt_set5/ambiegen/test-764,0.530739426612854,0.4606772786621107,0.14285714285714285,0.3115368195002909,FAIL
mt/set_13/ambiegen/test-13,0.3393079340457916,0.06594994027280043,0.14285714285714285,0.1167619230924831,FAIL
mt_set5/ambiegen/test-887,0.7348318099975586,0.6074395088479596,0.14285714285714285,0.48424704375112293,FAIL
mt/set_2/ambiegen/odr/test-309,0.20190086960792542,0.42036836403033584,0.14285714285714285,0.19888690399544245,FAIL
mt/set_9/ambiegen/test-593,0.2695319950580597,0.20226685557129753,0.14285714285714285,0.15886996550828975,FAIL
mt/set_12/ambiegen/test-748,0.46845266222953796,0.42673000527821764,0.14285714285714285,0.2758381367355401,FAIL
mt/set_17/ambiegen/test-410,0.13002902269363403,0.0014723449176319604,0.14285714285714285,0.12447301575733132,FAIL
mt/set_16/ambiegen/test-879,0.774734616279602,0.8349862488540711,0.14285714285714285,0.6790735202076171,FAIL
mt/set_10/ambiegen/test-648,0.41091451048851013,0.6297191432619385,0.14285714285714285,0.34291579917146164,FAIL
mt/set_9/ambiegen/test-359,0.854625940322876,0.8798788787954551,0.5714285714285715,0.8350382054048745,FAIL
mt/set_13/ambiegen/test-445,0.2068476676940918,0.5451843209156318,0.14285714285714285,0.22607758128848687,FAIL
mt/set_17/ambiegen/test-875,0.4241809844970703,0.07017251437619794,0.14285714285714285,0.11202570559029183,FAIL
mt/set_8/ambiegen/odr/test-551,0.3001563549041748,0.6132177681473455,0.14285714285714285,0.2840388736346985,FAIL
mt/set_2/ambiegen/odr/test-182,0.6773055195808411,0.9156596383031919,0.4285714285714286,0.7584789615455022,FAIL
mt/set_12/ambiegen/test-401,0.9789190292358398,0.7943717532016558,0.14285714285714285,0.7806371927485599,FAIL
mt/set_8/ambiegen/odr/test-863,0.8997366428375244,0.6563602522432425,0.14285714285714285,0.6048747065828222,FAIL
mt/set_10/ambiegen/test-771,0.7870049476623535,0.9325221546239965,0.14285714285714285,0.7643274141135072,FAIL
mt/set_9/ambiegen/test-411,0.03007977455854416,0.37705919937772586,0.14285714285714285,0.14990188685406075,FAIL
mt/set_9/ambiegen/test-786,0.1884709745645523,0.4965691585409895,0.14285714285714285,0.20952159329700695,FAIL
mt/set_12/ambiegen/test-954,0.3381475806236267,0.02194627330055283,0.14285714285714285,0.10197142484548302,FAIL
mt/set_12/ambiegen/test-835,0.6316215991973877,0.688474039503292,0.14285714285714285,0.48748055966589937,FAIL
mt/set_8/ambiegen/odr/test-474,0.9398479461669922,0.2010723115815206,0.14285714285714285,0.1975705496185142,FAIL
mt/set_13/ambiegen/test-412,0.8205711841583252,0.4022835236269689,0.14285714285714285,0.35573495532734756,FAIL
mt/set_16/ambiegen/test-316,0.2341965138912201,0.9012973303330833,0.14285714285714285,0.3204811865015369,FAIL
mt/set_8/ambiegen/odr/test-97,0.4466380774974823,0.5512126010500875,0.14285714285714285,0.3252442353825685,FAIL
mt/set_12/ambiegen/test-950,0.9451959133148193,0.9483568075117371,0.14285714285714285,0.9042121340651228,FAIL
mt/set_13/ambiegen/test-78,0.4796590805053711,0.7299219379392727,0.14285714285714285,0.42444810266331134,FAIL
mt/set_2/ambiegen/odr/test-431,0.6587294340133667,0.8197627580076118,0.14285714285714285,0.588754795605681,FAIL
mt/set_9/ambiegen/test-700,0.9376440644264221,0.8545434341750702,0.14285714285714285,0.8101655696450509,FAIL
mt/set_17/ambiegen/test-608,0.880651593208313,0.7618412645498236,0.14285714285714285,0.6879664957964504,FAIL
mt/set_12/ambiegen/test-758,0.4893464744091034,0.13451120926743895,0.14285714285714285,0.1387730854218941,FAIL
mt/set_10/ambiegen/test-914,0.5678033828735352,0.8433202766897241,0.14285714285714285,0.5405824798254802,FAIL
mt/set_16/ambiegen/test-356,0.8300241231918335,0.9183265272106008,0.14285714285714285,0.7865154386672327,FAIL
mt/set_17/ambiegen/test-909,0.8575665354728699,0.8891574297858155,0.14285714285714285,0.7828592943409733,FAIL
mt/set_2/ambiegen/odr/test-941,0.665643572807312,0.991554851793205,0.14285714285714285,0.7077873180667235,FAIL
mt/set_14/ambiegen/test-267,0.55760657787323,0.4145901047309498,0.14285714285714285,0.2943772298229532,FAIL
mt/set_14/ambiegen/test-841,0.12184596061706543,0.6081340111675974,0.14285714285714285,0.19954924982933003,FAIL
mt/set_13/ambiegen/test-200,0.9384781718254089,0.676056338028169,0.14285714285714285,0.6432529487600269,FAIL
mt/set_16/ambiegen/test-680,0.6912862062454224,0.1497624802066839,0.14285714285714285,0.14763070731635192,FAIL
mt/set_12/ambiegen/test-482,0.23158814013004303,0.6549990276967526,0.14285714285714285,0.26146313157858003,FAIL
mt/set_16/ambiegen/test-646,0.8162673115730286,0.5844653721143428,0.14285714285714285,0.5033275049214431,FAIL
mt/set_2/ambiegen/odr/test-469,0.8985261917114258,0.8992138233741701,0.14285714285714285,0.8224634305776028,FAIL
mt/set_8/ambiegen/odr/test-931,0.818061351776123,0.9705531016473594,0.14285714285714285,0.8199632177647016,FAIL
mt/set_7/ambiegen/odr/test-86,0.7750059366226196,0.18309859154929575,0.14285714285714285,0.1740445044918559,FAIL
mt/set_7/ambiegen/odr/test-756,0.9082533717155457,0.7780370586437758,0.14285714285714285,0.7197614430163486,FAIL
mt_set5/ambiegen/test-3,0.2613223195075989,0.02386309970275292,0.14285714285714285,0.11176134349245036,FAIL
mt/set_17/ambiegen/test-111,0.6583147048950195,0.3028030113620579,0.14285714285714285,0.2481518600811336,FAIL
mt/set_8/ambiegen/odr/test-452,0.4685421884059906,0.875184043114704,0.14285714285714285,0.48598318707492155,FAIL
mt/set_9/ambiegen/test-630,0.7420960068702698,0.6894185626579993,0.14285714285714285,0.5484581900007036,FAIL
mt/set_7/ambiegen/odr/test-578,0.5231791734695435,0.6875850765341556,0.14285714285714285,0.42784745296405463,FAIL
mt_set5/ambiegen/test-529,0.7167698740959167,0.8395699641636802,0.14285714285714285,0.6422399040660406,FAIL
mt/set_14/ambiegen/test-368,0.5760676860809326,0.15715198488762944,0.14285714285714285,0.1510919394285377,FAIL
mt/set_10/ambiegen/test-432,0.5377960801124573,0.6986137733700031,0.14285714285714285,0.44174088024346636,FAIL
mt/set_11/ambiegen/test-239,0.5502575635910034,0.6942245187098925,0.14285714285714285,0.446251211737442,FAIL
mt/set_13/ambiegen/test-542,0.46633732318878174,0.5452121010084173,0.14285714285714285,0.3304902770131425,FAIL
mt/set_16/ambiegen/test-426,0.5829272866249084,0.858404867072256,0.14285714285714285,0.5599694361844871,FAIL
mt/set_10/ambiegen/test-420,0.5584386587142944,0.47609523015806876,0.14285714285714285,0.3289501733619889,FAIL
mt/set_2/ambiegen/odr/test-229,0.8262582421302795,0.8324860405033753,0.14285714285714285,0.7126687035485614,FAIL
mt/set_18/ambiegen/test-779,0.5254104137420654,0.07303386393310554,0.14285714285714285,0.10617126498883678,FAIL
mt/set_17/ambiegen/test-480,0.17146410048007965,0.026696669166875003,0.14285714285714285,0.12293979385323843,FAIL
mt/set_2/ambiegen/odr/test-754,0.4534328877925873,0.45712142678556544,0.14285714285714285,0.28535490039140243,FAIL
mt/set_12/ambiegen/test-485,0.30457305908203125,0.7119482179070478,0.14285714285714285,0.3161869524813742,FAIL
mt_set5/ambiegen/test-918,0.6662315726280212,0.9334944578714892,0.14285714285714285,0.669604684617547,FAIL
mt/set_18/ambiegen/test-729,0.708153247833252,0.7110592549379116,0.14285714285714285,0.5452313139528526,FAIL
mt/set_16/ambiegen/test-450,0.697767436504364,0.9066033280551157,0.14285714285714285,0.6757743606427197,FAIL
mt/set_10/ambiegen/test-442,0.6403176784515381,0.5980776175792427,0.4285714285714286,0.5371092380000797,FAIL
mt_set5/ambiegen/test-548,0.09073109924793243,0.31308164569269653,0.14285714285714285,0.15830180124708274,FAIL
mt/set_13/ambiegen/test-802,0.6535687446594238,0.6011889879712198,0.4285714285714286,0.5413888701745236,FAIL
mt/set_12/ambiegen/test-797,0.33774176239967346,0.20271133705586578,0.14285714285714285,0.1630724081503065,FAIL
mt_set5/ambiegen/test-137,0.8909587264060974,0.6823068589049087,0.14285714285714285,0.6234845748271912,FAIL
mt/set_12/ambiegen/test-750,0.511755108833313,0.4687057254771231,0.14285714285714285,0.30961181971901164,FAIL
mt/set_12/ambiegen/test-142,0.7544222474098206,0.1424840958968803,0.14285714285714285,0.14257570793099217,FAIL
mt/set_16/ambiegen/test-153,0.5408107042312622,0.6207739533850043,0.14285714285714285,0.4013196697226743,FAIL
mt/set_13/ambiegen/test-46,0.09831416606903076,0.1607356168569603,0.14285714285714285,0.14461485011902175,FAIL
mt/set_9/ambiegen/test-641,0.8346441984176636,0.33211100925077086,0.14285714285714285,0.3008167844706961,FAIL
mt/set_11/ambiegen/test-511,0.4296794533729553,0.4580659499402728,0.14285714285714285,0.27829589078296346,FAIL
mt/set_16/ambiegen/test-358,0.7928816080093384,0.21393449454121172,0.14285714285714285,0.19921306775345263,FAIL
mt/set_13/ambiegen/test-343,0.9576002359390259,0.8836014112287135,0.14285714285714285,0.85219402902024,FAIL
mt/set_18/ambiegen/test-299,0.17355668544769287,0.2793843931438731,0.14285714285714285,0.16655235989019535,FAIL
mt/set_11/ambiegen/test-562,0.7771680355072021,0.9957774258966025,0.5714285714285715,0.9012189370252227,FAIL
mt/set_11/ambiegen/test-690,0.7394382953643799,0.9306886685001527,0.14285714285714285,0.7254099432129288,FAIL
mt/set_18/frenetic/test-558,0.44789186120033264,0.22518543211934328,0.14285714285714285,0.1797313178217038,PASS
mt/set_14/frenetic/test-702,0.36022329330444336,0.0508931299830541,0.14285714285714285,0.10972956327414636,PASS
mt/set_8/frenetic/odr/test-322,0.6738542914390564,0.11064810956468592,0.14285714285714285,0.12115294754991732,PASS
mt/set_12/frenetic/test-170,0.15646471083164215,0.47451176486929464,0.14285714285714285,0.19474938951498907,PASS
mt/set_9/frenetic/test-161,0.575144350528717,0.458732672167125,0.14285714285714285,0.32453116901004725,PASS
mt/set_7/frenetic/odr/test-819,0.1351662278175354,0.590688112898297,0.14285714285714285,0.20338876577747336,PASS
mt/set_9/frenetic/test-821,0.31197381019592285,0.07772869961385667,0.14285714285714285,0.12253877426640594,PASS
mt/set_14/frenetic/test-242,0.47298604249954224,0.5758813234436203,0.14285714285714285,0.34767153633934794,PASS
mt/set_13/frenetic/test-895,0.05368799716234207,0.2739672750506987,0.14285714285714285,0.14989618432667343,PASS
mt/set_14/frenetic/test-105,0.050421178340911865,0.3615856876961969,0.14285714285714285,0.15388569382472095,PASS
mt/set_14/frenetic/test-920,0.336869478225708,0.38989360224463143,0.14285714285714285,0.22607618603373242,PASS
mt/set_8/frenetic/odr/test-413,0.13707174360752106,0.7898713781704031,0.14285714285714285,0.23154451435915568,PASS
mt/set_12/frenetic/test-808,0.6426189541816711,0.27277273106092176,0.14285714285714285,0.2263433622805519,PASS
mt/set_11/frenetic/test-175,0.8538697957992554,0.8044003666972247,0.14285714285714285,0.7077289203098546,PASS
mt/set_14/frenetic/test-616,0.3153873682022095,0.6349418007056142,0.14285714285714285,0.298054428028657,PASS
mt/set_18/frenetic/test-513,0.15898650884628296,0.6707225602133511,0.14285714285714285,0.22678062270329252,PASS
mt/set_8/frenetic/odr/test-245,0.1474796086549759,0.31285940495041253,0.14285714285714285,0.16792901206985622,PASS
mt/set_11/frenetic/test-119,0.06560835987329483,0.09214656776953628,0.14285714285714285,0.13953010200430746,PASS
mt/set_18/frenetic/test-636,0.14094114303588867,0.4310636997527572,0.14285714285714285,0.1834773044164486,PASS
mt/set_7/frenetic/odr/test-368,0.9125434756278992,0.9982498541545128,0.14285714285714285,0.923440180651217,PASS
mt/set_7/frenetic/odr/test-880,0.15453866124153137,0.3696419146039947,0.14285714285714285,0.1779041621303422,PASS
mt/set_13/frenetic/test-457,0.04517638310790062,0.3576964747062255,0.14285714285714285,0.15256280628721805,PASS
mt/set_16/frenetic/test-237,0.33727937936782837,0.044031447065033126,0.14285714285714285,0.10952527351478628,PASS
mt/set_12/frenetic/test-340,0.2325255423784256,0.294802344639831,0.14285714285714285,0.17818828544219906,PASS
mt/set_18/frenetic/test-136,0.2619169354438782,0.4220907297830374,0.14285714285714285,0.21599314821777493,PASS
mt_set5/frenetic/test-267,0.44243115186691284,0.09817484790399192,0.14285714285714285,0.12308830363296314,PASS
mt/set_7/frenetic/odr/test-126,0.34164494276046753,0.13028863516404146,0.14285714285714285,0.13856317576574873,PASS
mt/set_17/frenetic/test-198,0.018370872363448143,0.33708364585937717,0.14285714285714285,0.14642525395167225,PASS
mt_set6/frenetic/test-77,0.3347771167755127,0.26329971942106284,0.28571428571428575,0.278210401836867,PASS
mt_set6/frenetic/test-404,0.0435405895113945,0.15045698252632156,0.14285714285714285,0.14318804329216234,PASS
mt/set_14/frenetic/test-631,0.3906000256538391,0.3796149679139928,0.14285714285714285,0.23533475539809556,PASS
mt/set_14/frenetic/test-285,0.1453446000814438,0.31074811789871376,0.14285714285714285,0.16725918735310633,PASS
mt/set_14/frenetic/test-553,0.16073456406593323,0.2688001777925938,0.14285714285714285,0.16310054593210777,PASS
mt/set_14/frenetic/test-590,0.03589984402060509,0.11764869294663437,0.14285714285714285,0.14195216716264467,PASS
mt/set_10/frenetic/test-176,0.2831956446170807,0.06903353057199205,0.14285714285714285,0.12195062164556275,PASS
mt_set6/frenetic/test-310,0.4890556335449219,0.05044864849848597,0.14285714285714285,0.09766424810363757,PASS
mt/set_17/frenetic/test-373,0.2095765471458435,0.22385198766563877,0.14285714285714285,0.15983176276872088,PASS
mt/set_9/frenetic/test-763,0.36628973484039307,0.016112453815595687,0.14285714285714285,0.09643186431568647,PASS
mt/set_9/frenetic/test-542,0.7262406349182129,0.46667777870378085,0.14285714285714285,0.3780288470340246,PASS
mt/set_14/frenetic/test-405,0.5458041429519653,0.12437147540072777,0.14285714285714285,0.13276758897419919,PASS
mt/set_16/frenetic/test-617,0.14391496777534485,0.4122565769369669,0.14285714285714285,0.18162775798891148,PASS
mt/set_7/frenetic/odr/test-615,0.15098044276237488,0.35314053948940194,0.14285714285714285,0.1746058189287828,PASS
mt/set_13/frenetic/test-843,0.3658328950405121,0.4413145539906103,0.14285714285714285,0.252042677360921,PASS
mt/set_10/frenetic/test-858,0.25658318400382996,0.04036447481734581,0.14285714285714285,0.11655924349696951,PASS
mt/set_13/frenetic/test-25,0.6538088917732239,0.8204572603272495,0.14285714285714285,0.5858781247256796,PASS
mt/set_18/frenetic/test-838,0.4863661527633667,0.8754340639497736,0.14285714285714285,0.4991577615721981,PASS
mt/set_8/frenetic/odr/test-536,0.6452023983001709,0.6429424674278412,0.14285714285714285,0.4655133936248768,PASS
mt/set_13/frenetic/test-77,0.37170910835266113,0.05667138928244021,0.14285714285714285,0.11082111324318795,PASS
mt/set_13/frenetic/test-33,0.9741023182868958,0.6868905742145179,0.14285714285714285,0.6728013695679367,PASS
mt/set_11/frenetic/test-358,0.5281425714492798,0.7608967413951163,0.14285714285714285,0.4692701656864687,PASS
mt/set_9/frenetic/test-398,0.1640554815530777,0.4730116398588771,0.14285714285714285,0.19702079997841382,PASS
mt/set_17/frenetic/test-204,0.09795599430799484,0.5371280940078339,0.14285714285714285,0.18147834483949898,PASS
mt/set_13/frenetic/test-603,0.7898321151733398,0.562296858071506,0.14285714285714285,0.47414410031260656,PASS
mt/set_18/frenetic/test-813,0.3323281407356262,0.7242825791038142,0.14285714285714285,0.3360811770613995,PASS
mt/set_11/frenetic/test-792,0.11596846580505371,0.15270717004194792,0.14285714285714285,0.14399943539790275,PASS
mt/set_16/frenetic/test-531,0.19231995940208435,0.3494457871489291,0.14285714285714285,0.18258825828279618,PASS
mt/set_10/frenetic/test-263,0.46749547123908997,0.3209156318582103,0.14285714285714285,0.22609868433829183,PASS
mt/set_12/frenetic/test-803,0.23814691603183746,0.168402922465761,0.14285714285714285,0.14894079361730156,PASS
mt/set_16/frenetic/test-439,0.6615472435951233,0.4027002250187515,0.14285714285714285,0.3147556176284162,PASS
mt/set_8/frenetic/odr/test-82,0.20157410204410553,0.04850404200350026,0.14285714285714285,0.12383800340623023,PASS
mt/set_8/frenetic/odr/test-435,0.058757051825523376,0.3135261271772648,0.14285714285714285,0.1528851470851124,PASS
mt/set_9/frenetic/test-754,0.06239484250545502,0.46420535044587047,0.14285714285714285,0.16290761153031447,PASS
mt/set_12/frenetic/test-471,0.044570982456207275,0.4188682390199184,0.14285714285714285,0.15515922858193243,PASS
mt_set6/frenetic/test-200,0.7184829115867615,0.12842736894741227,0.14285714285714285,0.13248959688494094,PASS
mt/set_10/frenetic/test-613,0.041622888296842575,0.37811484290357533,0.14285714285714285,0.1526492494237006,PASS
mt_set5/frenetic/test-391,0.6341034173965454,0.008778509320221065,0.14285714285714285,0.05783742313152168,PASS
mt/set_13/frenetic/test-719,0.45152604579925537,0.9879989999166597,0.14285714285714285,0.524460703714666,PASS
mt/set_12/frenetic/test-522,0.3678158223628998,0.8313748367919549,0.14285714285714285,0.3961048404057084,PASS
mt/set_13/frenetic/test-695,0.41357940435409546,0.05286551657082533,0.14285714285714285,0.1056384596607913,PASS
mt/set_7/frenetic/odr/test-953,0.8651502132415771,0.6664444259243826,0.14285714285714285,0.5958387924533433,PASS
mt/set_7/frenetic/odr/test-761,0.7992493510246277,0.044420368364030335,0.14285714285714285,0.06418161472656506,PASS
mt/set_17/frenetic/test-341,0.1599157601594925,0.4032558268744617,0.14285714285714285,0.1844989984850412,PASS
mt/set_18/frenetic/test-659,0.40445223450660706,0.3918937689251882,0.14285714285714285,0.2435805670018248,PASS
mt/set_9/frenetic/test-16,0.2846759259700775,0.028641275661860716,0.14285714285714285,0.11034263084537588,PASS
mt/set_10/frenetic/test-657,0.7045952677726746,0.7506181070644776,0.14285714285714285,0.5710826421745887,PASS
mt/set_13/frenetic/test-314,0.4552410840988159,0.1017862599661082,0.14285714285714285,0.12415998960493273,PASS
mt/set_18/frenetic/test-218,0.5912604928016663,0.6479151040364475,0.14285714285714285,0.44147796187742333,PASS
mt/set_17/frenetic/test-866,0.40049177408218384,0.35730755340722836,0.14285714285714285,0.22874276823099926,PASS
mt/set_14/frenetic/test-96,0.7362168431282043,0.9938050393088312,0.14285714285714285,0.769339316849391,PASS
mt/set_7/frenetic/odr/test-365,0.1820766180753708,0.8121510125843819,0.14285714285714285,0.264719905026919,PASS
mt/set_18/frenetic/test-629,0.9744200706481934,0.6013834486207184,0.14285714285714285,0.5896543781133412,PASS
mt/set_12/frenetic/test-596,0.42514553666114807,0.3229991388171236,0.14285714285714285,0.2194437126622339,PASS
mt/set_11/frenetic/test-606,0.4288794696331024,0.3585020973970053,0.14285714285714285,0.23534283233177888,PASS
mt_set6/frenetic/test-846,0.5684112310409546,0.1063977553685029,0.14285714285714285,0.12213321753172585,PASS
mt/set_11/frenetic/test-127,0.03975323587656021,0.20823957552018224,0.14285714285714285,0.145456302931874,PASS
mt/set_13/frenetic/test-467,0.09730439633131027,0.7417006972803288,0.14285714285714285,0.20112725235281845,PASS
mt/set_12/frenetic/test-500,0.2912101447582245,0.023668639053254427,0.14285714285714285,0.10814823715342169,PASS
mt/set_10/frenetic/test-306,0.9324039220809937,0.9251882101286218,0.14285714285714285,0.8723056983468795,PASS
mt_set5/frenetic/test-378,0.3629179298877716,0.10970358640997853,0.14285714285714285,0.13082512704039523,PASS
mt/set_8/frenetic/odr/test-39,0.3612065613269806,0.004805956051893202,0.14285714285714285,0.09299215264158461,PASS
mt_set5/frenetic/test-26,0.13019083440303802,0.03500291690974242,0.14285714285714285,0.12881550905841968,PASS
mt/set_7/frenetic/odr/test-340,0.19615906476974487,0.3191654860127232,0.14285714285714285,0.17744162256164475,PASS
mt/set_9/frenetic/test-336,0.30367544293403625,0.5571297608134012,0.14285714285714285,0.268661567867927,PASS
mt/set_9/frenetic/test-109,0.12065309286117554,0.4016168014001167,0.14285714285714285,0.17407729596805435,PASS
mt/set_16/frenetic/test-142,0.5589655637741089,0.5635469622468539,0.14285714285714285,0.3780082649263407,PASS
mt/set_11/frenetic/test-403,0.39663514494895935,0.1386504430924799,0.14285714285714285,0.1411886136287544,PASS
mt/set_12/frenetic/test-54,0.5512180924415588,0.5027641192321582,0.14285714285714285,0.34124437983098804,PASS
mt/set_10/frenetic/test-515,0.9500890374183655,0.5184598716559713,0.14285714285714285,0.49971317791333314,PASS
mt_set6/frenetic/test-20,0.19894114136695862,0.039781092868850114,0.14285714285714285,0.12235108008234885,PASS
mt_set6/frenetic/test-802,0.4063757359981537,0.4457315887435063,0.14285714285714285,0.26593796446177215,PASS
mt/set_8/frenetic/odr/test-553,0.08533521741628647,0.4324527043920326,0.14285714285714285,0.16756984625662022,PASS
mt/set_10/frenetic/test-545,0.17809878289699554,0.034336194682890175,0.14285714285714285,0.1235296919397432,PASS
mt/set_17/frenetic/test-155,0.3582746088504791,0.19004361474567316,0.14285714285714285,0.1597628618735148,PASS
mt/set_18/frenetic/test-606,0.6351203918457031,0.2572714392866072,0.14285714285714285,0.21552399563817468,PASS
mt/set_18/frenetic/test-33,0.360361784696579,0.1906825568797399,0.14285714285714285,0.16009159015070407,PASS
mt_set6/frenetic/test-703,0.8898909687995911,0.1102036280801178,0.14285714285714285,0.11379907495750427,PASS
mt/set_17/frenetic/test-150,0.5514635443687439,0.24927077256438032,0.14285714285714285,0.20154038026463908,PASS
mt/set_14/frenetic/test-619,0.15022443234920502,0.4065338778231519,0.14285714285714285,0.18246782856236604,PASS
mt/set_8/frenetic/odr/test-707,0.5728528499603271,0.16876406367197258,0.14285714285714285,0.15769799627961456,PASS
mt/set_9/frenetic/test-722,0.40179741382598877,0.3003305831041475,0.14285714285714285,0.2061295638946707,PASS
mt_set6/frenetic/test-248,0.23412330448627472,0.4049781926271633,0.14285714285714285,0.20422579133344865,PASS
mt/set_9/frenetic/test-740,0.06780243664979935,0.01477900936189119,0.14285714285714285,0.13417313438897516,PASS
mt/set_11/frenetic/test-734,0.39631277322769165,0.23513070533655575,0.14285714285714285,0.17942633429895766,PASS
mt/set_11/frenetic/test-325,0.21445545554161072,0.6253021085090424,0.14285714285714285,0.2463200934823031,PASS
mt/set_18/frenetic/test-907,0.23486575484275818,0.3778648220685057,0.14285714285714285,0.1980523945714897,PASS
mt/set_8/frenetic/odr/test-457,0.15825189650058746,0.20346139956107445,0.14285714285714285,0.15244788354528577,PASS
mt/set_12/frenetic/test-399,0.07421765476465225,0.09039642192404918,0.14285714285714285,0.13896362798911976,PASS
mt/set_13/frenetic/test-366,0.5030023455619812,0.031169264105342025,0.14285714285714285,0.08667787787414488,PASS
mt/set_16/frenetic/test-311,0.3834347426891327,0.4441481234547323,0.14285714285714285,0.25838256821966143,PASS
mt/set_18/frenetic/test-128,0.09666606038808823,0.03966997249770805,0.14285714285714285,0.13288244880900774,PASS
mt_set5/frenetic/test-810,0.4277942180633545,0.5046809456343584,0.14285714285714285,0.29764327364293114,PASS
mt/set_8/frenetic/odr/test-206,0.11244498193264008,0.45153762813567794,0.14285714285714285,0.17756671231850898,PASS
mt/set_18/frenetic/test-904,0.5010448098182678,0.22804678167625075,0.14285714285714285,0.1855409692377497,PASS
mt_set6/frenetic/test-349,0.33338993787765503,0.002889129649693002,0.14285714285714285,0.09619321562905234,PASS
mt/set_14/frenetic/test-20,0.31743401288986206,0.3264160902297413,0.14285714285714285,0.20112499612346577,PASS
mt/set_14/frenetic/test-355,0.37467867136001587,0.8072617162541322,0.14285714285714285,0.391795365663045,PASS
mt/set_17/frenetic/test-2,0.25808078050613403,0.08172903297497006,0.14285714285714285,0.127081152547887,PASS
mt/set_10/frenetic/test-250,0.053651269525289536,0.2110453648915187,0.14285714285714285,0.1465155270037751,PASS
mt/set_16/frenetic/test-564,0.1573183387517929,0.11900991749312438,0.14285714285714285,0.13910553485029853,PASS
mt/set_14/frenetic/test-765,0.08084389567375183,0.2677167541739589,0.14285714285714285,0.15295127599083008,PASS
mt/set_13/frenetic/test-912,0.8162909150123596,0.7305608800733395,0.14285714285714285,0.6225943642655354,PASS
mt/set_9/frenetic/test-729,0.7348500490188599,0.7931772092118788,0.14285714285714285,0.6207448754958688,PASS
mt/set_13/frenetic/test-605,0.46313363313674927,0.5894657888157346,0.14285714285714285,0.34969662765022963,PASS
mt/set_7/frenetic/odr/test-326,0.08091525733470917,0.2864405367113926,0.14285714285714285,0.15447522799111305,PASS
mt/set_10/frenetic/test-317,0.011673221364617348,0.11625968830735894,0.14285714285714285,0.1425466662129087,PASS
mt/set_8/frenetic/odr/test-575,0.5099403262138367,0.44473150540322803,0.14285714285714285,0.29679505376948756,PASS
mt/set_14/frenetic/test-505,0.9394040703773499,0.6922799122149067,0.14285714285714285,0.6589871287498221,PASS
mt_set5/frenetic/test-16,0.4690319299697876,0.15373503347501177,0.14285714285714285,0.14795922088764216,PASS
mt/set_13/frenetic/test-412,0.1962587535381317,0.43059143817540346,0.14285714285714285,0.19932751274900273,PASS
mt/set_14/frenetic/test-923,0.769075334072113,0.027668972414367804,0.14285714285714285,0.05426876219271013,PASS
mt/set_10/frenetic/test-674,0.4276050925254822,0.008889629691363126,0.14285714285714285,0.08557195199448087,PASS
mt/set_14/frenetic/test-891,0.10474339127540588,0.28891296496930297,0.14285714285714285,0.15815552923816256,PASS
mt/set_9/frenetic/test-3,0.31713050603866577,0.07870100286134948,0.14285714285714285,0.12251127371478941,PASS
mt/set_17/frenetic/test-545,0.7473158836364746,0.08322915798538764,0.14285714285714285,0.09829620265324476,PASS
mt_set5/frenetic/test-756,0.9056363701820374,0.9785815484623719,0.14285714285714285,0.8997195600220032,PASS
mt/set_10/frenetic/test-537,0.05509005859494209,0.08936855849098534,0.14285714285714285,0.13991045201369773,PASS
mt/set_13/frenetic/test-772,0.2735154628753662,0.43214712337139205,0.14285714285714285,0.22198242578270339,PASS
mt/set_8/frenetic/odr/test-20,0.3532939851284027,0.4131177598133178,0.14285714285714285,0.23833858898737603,PASS
mt/set_10/frenetic/test-652,0.6924001574516296,0.07286718337639245,0.14285714285714285,0.0943960838926381,PASS
mt/set_16/frenetic/test-791,0.13643574714660645,0.2657443675861877,0.14285714285714285,0.159623353177823,PASS
mt/set_8/frenetic/odr/test-140,0.17577457427978516,0.03339167152818289,0.14285714285714285,0.1236158962359589,PASS
mt_set6/frenetic/test-588,0.08895344287157059,0.12453815595744086,0.14285714285714285,0.14122760696686382,PASS
mt/set_12/frenetic/test-672,0.8015579581260681,0.23840875628524597,0.14285714285714285,0.21944729901222457,PASS
mt/set_13/frenetic/test-483,0.27710965275764465,0.03075256271355941,0.14285714285714285,0.11179188583848754,PASS
mt/set_18/frenetic/test-871,0.5466342568397522,0.7820929521904603,0.14285714285714285,0.49228533443741834,PASS
mt/set_14/frenetic/test-499,0.2661803364753723,0.49609689696363585,0.14285714285714285,0.23688261946168693,PASS
mt/set_10/frenetic/test-96,0.15616603195667267,0.08242353529460782,0.14285714285714285,0.1334194682960123,PASS
mt/set_7/frenetic/odr/test-9,0.595087468624115,0.307220046114954,0.14285714285714285,0.240667446892544,PASS
mt/set_11/frenetic/test-136,0.3927309811115265,0.45042642442425757,0.14285714285714285,0.26364913282423774,PASS
mt/set_16/frenetic/test-158,0.026559431105852127,0.5856321360113342,0.14285714285714285,0.1546169974441374,PASS
mt/set_18/frenetic/test-131,0.14067724347114563,0.23629746923354716,0.14285714285714285,0.15600207465829422,PASS
mt/set_16/frenetic/test-649,0.12832657992839813,0.326999472178237,0.14285714285714285,0.16648749607023033,PASS
mt/set_12/frenetic/test-441,0.3404143750667572,0.36475261827374494,0.14285714285714285,0.2183935481937518,PASS
mt/set_11/frenetic/test-543,0.4533894658088684,0.17459788315692973,0.14285714285714285,0.15724806014604126,PASS
mt/set_14/frenetic/test-861,0.10982997715473175,0.23354724004778174,0.14285714285714285,0.15281763628848843,PASS
mt/set_18/frenetic/test-166,0.3522472679615021,0.48612384365363775,0.14285714285714285,0.2637719046523412,PASS
mt/set_9/frenetic/test-290,0.41054973006248474,0.38906019946106624,0.14285714285714285,0.24393573702896762,PASS
mt_set5/frenetic/test-179,0.7291717529296875,0.5746867794538433,0.14285714285714285,0.4577351159413488,PASS
mt/set_16/frenetic/test-27,0.6672260165214539,0.9889713031641526,0.14285714285714285,0.7074065235611838,PASS
mt/set_8/frenetic/odr/test-70,0.04541413486003876,0.20096119121037867,0.14285714285714285,0.1454958858162336,PASS
mt/set_17/frenetic/test-45,0.7347452044487,0.45573242214628995,0.14285714285714285,0.37274075390539135,PASS
mt/set_11/frenetic/test-598,0.2611437737941742,0.4379531627635636,0.14285714285714285,0.2199196268696717,PASS
mt/set_13/frenetic/test-491,0.8269494771957397,0.5290718671000362,0.14285714285714285,0.4622372071551003,PASS
mt/set_16/frenetic/test-665,0.03710715100169182,0.015417951495957921,0.14285714285714285,0.1381282348788482,PASS
mt/set_7/frenetic/odr/test-624,0.5621986985206604,0.39397727588410136,0.14285714285714285,0.284036554817234,PASS
mt/set_10/frenetic/test-737,0.10033389925956726,0.5616023557518682,0.14285714285714285,0.18487147860567363,PASS
mt/set_16/frenetic/test-634,0.8035024404525757,0.10953690585326555,0.14285714285714285,0.11608425110806922,PASS
mt/set_16/frenetic/test-373,0.9769741892814636,0.8591271494846793,0.14285714285714285,0.8426344518887088,PASS
mt/set_17/frenetic/test-503,0.2121216207742691,0.3592799399949995,0.14285714285714285,0.18876509948726317,PASS
mt/set_9/frenetic/test-504,0.39210987091064453,0.5401561241214545,0.14285714285714285,0.2986419951136227,PASS
mt/set_9/frenetic/test-515,0.24969597160816193,0.16087451732088778,0.14285714285714285,0.14735601080843302,PASS
mt/set_7/frenetic/odr/test-110,0.013456863351166248,0.2701891824318693,0.14285714285714285,0.14457063018604968,PASS
mt_set5/frenetic/test-162,0.011139473877847195,0.10225852154346196,0.14285714285714285,0.14240489863560238,PASS
mt/set_18/frenetic/test-683,0.5472232699394226,0.26657777036975305,0.14285714285714285,0.2105599492035507,PASS
mt/set_11/frenetic/test-774,0.14350168406963348,0.1180931744312026,0.14285714285714285,0.13930346955503586,PASS
mt/set_14/frenetic/test-279,0.457339346408844,0.638303191932661,0.14285714285714285,0.3694441151221844,PASS
mt/set_12/frenetic/test-221,0.14678142964839935,0.11120371142039612,0.14285714285714285,0.13821100480884227,PASS
mt/set_10/frenetic/test-174,0.6037142872810364,0.5608522932466595,0.14285714285714285,0.39520678716147956,PASS
mt/set_16/frenetic/test-404,0.25835442543029785,0.07981220657276997,0.14285714285714285,0.12656920456710397,PASS
mt/set_11/frenetic/test-405,0.09425494074821472,0.3471955996333027,0.14285714285714285,0.1621170477356868,PASS
mt/set_14/frenetic/test-630,0.31724587082862854,0.5136539156040781,0.14285714285714285,0.260490892185164,PASS
mt/set_11/frenetic/test-168,0.3496071994304657,0.6261910714781788,0.14285714285714285,0.31183415977459317,PASS
mt/set_17/frenetic/test-237,0.12257351726293564,0.028280134455649024,0.14285714285714285,0.12881303913301279,PASS
mt/set_11/frenetic/test-467,0.25095701217651367,0.5605189321332333,0.14285714285714285,0.24767229759416717,PASS
mt/set_17/frenetic/test-908,0.6391894221305847,0.08867405617134758,0.14285714285714285,0.10822388698919799,PASS
mt_set6/frenetic/test-622,0.064414843916893,0.4218129288551824,0.14285714285714285,0.16082603414318347,PASS
mt/set_12/frenetic/test-258,0.42082130908966064,0.13470566991693744,0.14285714285714285,0.13942682934343667,PASS
mt/set_12/frenetic/test-454,0.32487019896507263,0.35533516681945715,0.14285714285714285,0.21188491652001074,PASS
mt/set_8/frenetic/odr/test-797,0.4856252074241638,0.3497235880767841,0.14285714285714285,0.24331670322603055,PASS
mt/set_13/frenetic/test-524,0.8826348185539246,0.21879601077867594,0.14285714285714285,0.20988343176625565,PASS
mt/set_10/frenetic/test-470,0.7224884033203125,0.6801677917604244,0.28571428571428575,0.5707023694816598,PASS
mt/set_17/frenetic/test-434,0.9579367637634277,0.4270355862988582,0.14285714285714285,0.41508212129902794,PASS
mt/set_16/frenetic/test-194,0.5443820953369141,0.7255326832791622,0.14285714285714285,0.4600552744536505,PASS
mt/set_14/frenetic/test-185,0.2422833889722824,0.2814401200100008,0.14285714285714285,0.17643349408686834,PASS
mt/set_9/frenetic/test-584,0.6613737940788269,0.6391921549017973,0.14285714285714285,0.4711201129072762,PASS
mt/set_12/frenetic/test-106,0.7935901284217834,0.7116981970719782,0.14285714285714285,0.5942837881230767,PASS
mt/set_9/frenetic/test-755,0.11549025774002075,0.28382920798955463,0.14285714285714285,0.1591380429934281,PASS
mt/set_8/frenetic/odr/test-63,0.08580833673477173,0.6418034836236353,0.14285714285714285,0.18567089847821622,PASS
mt_set6/frenetic/test-494,0.14085139334201813,0.1549573575575742,0.14285714285714285,0.1445614770861735,PASS
mt/set_14/frenetic/test-537,0.5026689171791077,0.03903103036364143,0.14285714285714285,0.09066698331511827,PASS
mt/set_9/frenetic/test-244,0.0500127449631691,0.021140650609773007,0.14285714285714285,0.13676976377945763,PASS
mt/set_8/frenetic/odr/test-353,0.3394504487514496,0.019668305692140935,0.14285714285714285,0.10104063254283907,PASS
mt/set_9/frenetic/test-858,0.016395801678299904,0.3100813956718615,0.14285714285714285,0.14559891774381836,PASS
mt/set_12/frenetic/test-868,0.42191317677497864,0.007250604217018075,0.14285714285714285,0.08564296160550354,PASS
mt/set_10/frenetic/test-595,0.5524492263793945,0.4360363363613634,0.14285714285714285,0.3048237614990843,PASS
mt/set_9/frenetic/test-697,0.6410329341888428,0.23401950162513538,0.14285714285714285,0.20129521718576507,PASS
mt/set_17/frenetic/test-676,0.6940415501594543,0.6970580881740144,0.14285714285714285,0.5274956260446994,PASS
mt/set_7/frenetic/odr/test-635,0.1395682841539383,0.4887073922826902,0.14285714285714285,0.1911268708724154,PASS
mt_set6/frenetic/test-106,0.262622207403183,0.13737255882434643,0.14285714285714285,0.14141676503428696,PASS
mt/set_11/frenetic/test-103,0.703680157661438,0.7341445120426702,0.14285714285714285,0.5589343320288317,PASS
mt_set6/frenetic/test-240,0.3487010598182678,0.09653582242964687,0.14285714285714285,0.1267048493318934,PASS
mt_set5/frenetic/test-37,0.7900679707527161,0.6989471344834293,0.14285714285714285,0.5822060340972178,PASS
mt/set_10/frenetic/test-26,0.14935767650604248,0.24027002250187512,0.14285714285714285,0.15740650422264282,PASS
mt/set_17/frenetic/test-694,0.021591350436210632,0.33166652776620276,0.14285714285714285,0.14693379032362242,PASS
mt/set_14/frenetic/test-545,0.499235600233078,0.6155235158485429,0.14285714285714285,0.37882901903002175,PASS
mt_set6/frenetic/test-678,0.09991773962974548,0.44298135955774093,0.14285714285714285,0.17284487194053988,PASS
mt/set_14/frenetic/test-919,0.18861790001392365,0.009917493124426958,0.14285714285714285,0.11778234742470872,PASS
mt/set_13/frenetic/test-216,0.8171849846839905,0.3468066783343056,0.14285714285714285,0.30952164088235506,PASS
mt/set_8/frenetic/odr/test-643,0.18426238000392914,0.19751645970497536,0.14285714285714285,0.15292879654017602,PASS
mt/set_9/frenetic/test-306,0.18346275389194489,0.28907964552601606,0.14285714285714285,0.1696835280064839,PASS
mt/set_10/frenetic/test-364,0.35426706075668335,0.5512959413284441,0.14285714285714285,0.28755355549056205,PASS
mt/set_18/frenetic/test-829,0.14022164046764374,0.5706031058143733,0.14285714285714285,0.20283638135768037,PASS
mt_set6/frenetic/test-423,0.11878196895122528,0.09992499374947904,0.14285714285714285,0.13775757552608964,PASS
mt_set5/frenetic/test-508,0.533585786819458,0.1545684362585771,0.14285714285714285,0.1491061225614207,PASS
mt/set_11/frenetic/test-40,0.23308996856212616,0.133261105092091,0.14285714285714285,0.1406204005874286,PASS
mt/set_18/frenetic/test-158,0.7354554533958435,0.3715587410061949,0.14285714285714285,0.31105698041620794,PASS
mt/set_16/frenetic/test-284,0.2547890841960907,0.768341806261633,0.14285714285714285,0.3022238031671983,PASS
mt/set_8/frenetic/odr/test-547,0.3846440315246582,0.5853265549906936,0.14285714285714285,0.31305036136653736,PASS
mt/set_16/frenetic/test-660,0.47006115317344666,0.20310025835486287,0.14285714285714285,0.17117508694128764,PASS
mt_set6/frenetic/test-114,0.08232121169567108,0.09692474372864397,0.14285714285714285,0.13907592997605833,PASS
mt_set5/frenetic/test-554,0.9505943059921265,0.43100813956718614,0.14285714285714285,0.416771839595666,PASS
mt/set_16/frenetic/test-348,0.42060309648513794,0.8132066561102315,0.14285714285714285,0.42480822385869693,PASS
mt/set_11/frenetic/test-852,0.016436168923974037,0.12267688974081169,0.14285714285714285,0.14252545813845507,PASS
mt/set_14/frenetic/test-272,0.566139280796051,0.7537016973636691,0.14285714285714285,0.4886802396236518,PASS
mt/set_11/frenetic/test-772,0.243030846118927,0.058532655499069275,0.14285714285714285,0.12236369134596546,PASS
mt/set_16/frenetic/test-203,0.32764679193496704,0.03558629885823813,0.14285714285714285,0.1077101949527454,PASS
mt/set_11/frenetic/test-340,0.5640227794647217,0.01572353251659859,0.14285714285714285,0.07115089058948419,PASS
mt/set_13/frenetic/test-304,0.3380545377731323,0.39419951662638547,0.14285714285714285,0.22782457284450602,PASS
mt/set_17/frenetic/test-219,0.5003389120101929,0.6686668333472234,0.14285714285714285,0.405940191321366,PASS
mt/set_16/frenetic/test-67,0.6515000462532043,0.6956413034419535,0.14285714285714285,0.5029960490461858,PASS
mt_set6/frenetic/test-716,0.046162717044353485,0.2945523238047615,0.14285714285714285,0.1498598035078511,PASS
mt/set_8/frenetic/odr/test-611,0.41378310322761536,0.36664166458315967,0.14285714285714285,0.23545540096871642,PASS
mt/set_16/frenetic/test-287,0.08609827607870102,0.0006389421340667333,0.14285714285714285,0.1306124041409773,PASS
mt/set_18/frenetic/test-369,0.17330007255077362,0.20501708475706307,0.28571428571428575,0.27172945067628007,PASS
mt_set5/frenetic/test-444,0.9753379821777344,0.8026502208517377,0.14285714285714285,0.7863783922032275,PASS
mt/set_11/frenetic/test-390,0.16777795553207397,0.0022224074228407538,0.14285714285714285,0.11926173446918152,PASS
mt/set_14/frenetic/test-608,0.08263592422008514,0.30616440258910466,0.14285714285714285,0.1563521870682057,PASS
mt/set_12/frenetic/test-208,0.7154214382171631,0.5917437564241463,0.14285714285714285,0.4640002495316804,PASS
mt/set_17/frenetic/test-399,0.13962388038635254,0.1159818873795038,0.14285714285714285,0.13910471540098032,PASS
mt/set_8/frenetic/odr/test-644,0.2333650141954422,0.4858182626329972,0.14285714285714285,0.22289227157085717,PASS
mt_set5/frenetic/test-501,0.6148641705513,0.5316831958218741,0.14285714285714285,0.38193235140203813,PASS
mt/set_18/frenetic/test-433,0.10180943459272385,0.5166263855321277,0.14285714285714285,0.18091037705766497,PASS
mt/set_12/frenetic/test-146,0.7097140550613403,0.8723782537433675,0.14285714285714285,0.6606085287170591,PASS
mt/set_13/frenetic/test-327,0.9813310503959656,0.8144845403783649,0.14285714285714285,0.8019459623413524,PASS
mt/set_11/frenetic/test-262,0.298866331577301,0.2734116731949885,0.14285714285714285,0.18187549641001222,PASS
mt/set_7/frenetic/odr/test-250,0.4296676516532898,0.5812428813512237,0.14285714285714285,0.33121731363418777,PASS
mt/set_12/frenetic/test-756,0.5301792621612549,0.029752479373281095,0.14285714285714285,0.08289139582427199,PASS
mt/set_13/frenetic/test-231,0.423335999250412,0.5486568325138206,0.14285714285714285,0.314646755715985,PASS
mt/set_12/frenetic/test-508,0.0547269769012928,0.12420479484401478,0.14285714285714285,0.14183635889919516,PASS
mt/set_11/frenetic/test-140,0.29046711325645447,0.6479706642220184,0.14285714285714285,0.28957600501732605,PASS
mt/set_14/frenetic/test-144,0.14101223647594452,0.07111703753090534,0.14285714285714285,0.13274090803133295,PASS
mt/set_14/frenetic/test-66,0.006662566214799881,0.3139706086618329,0.14285714285714285,0.14399720031423213,PASS
mt/set_12/frenetic/test-359,0.4785131812095642,0.08611828763508064,0.14285714285714285,0.11570685274664497,PASS
mt/set_7/frenetic/odr/test-735,0.5729789137840271,0.17256993638358747,0.14285714285714285,0.15988194701741415,PASS
mt_set5/frenetic/test-390,0.31342455744743347,0.3727255049031863,0.14285714285714285,0.2149035282451158,PASS
mt/set_10/frenetic/test-10,0.18126443028450012,0.07811762091285378,0.14285714285714285,0.13112217455249503,PASS
mt/set_17/frenetic/test-185,0.5250297784805298,0.9911381504014224,0.14285714285714285,0.5882299323373565,PASS
mt/set_12/frenetic/test-284,0.32252243161201477,0.21565686029391332,0.14285714285714285,0.16633668900299226,PASS
mt/set_16/frenetic/test-305,0.41655945777893066,0.5390171403172486,0.14285714285714285,0.307881336592827,PASS
mt/set_9/frenetic/test-790,0.5157819390296936,0.917298663777537,0.14285714285714285,0.5423000921825688,PASS
mt/set_14/frenetic/test-629,0.030179781839251518,0.1203989221323999,0.14285714285714285,0.14217935626034287,PASS
mt/set_11/frenetic/test-944,0.24744047224521637,0.258077061977387,0.14285714285714285,0.17136721618504902,PASS
mt/set_8/frenetic/odr/test-155,0.9215092062950134,0.2753284995971886,0.14285714285714285,0.26493071766348597,PASS
mt/set_11/frenetic/test-266,0.2689187526702881,0.16568047337278097,0.14285714285714285,0.14899476443118997,PASS
mt/set_9/frenetic/test-805,0.359625905752182,0.5476567491735422,0.14285714285714285,0.28843356366933004,PASS
mt/set_14/frenetic/test-455,0.47649604082107544,0.014473428341250635,0.14285714285714285,0.08168281118441698,PASS
mt/set_11/frenetic/test-795,0.6695764660835266,0.5669916937522571,0.14285714285714285,0.4268476565894171,PASS
mt/set_11/frenetic/test-924,0.22187691926956177,0.6453315554073951,0.14285714285714285,0.25434461752557563,PASS
mt/set_18/frenetic/test-591,0.27220532298088074,0.28869072422701886,0.14285714285714285,0.18255381571791388,PASS
mt_set6/frenetic/test-147,0.5238555073738098,0.28694057838153175,0.14285714285714285,0.21833604407793322,PASS
mt/set_18/frenetic/test-41,0.11518297344446182,0.3448898519321054,0.14285714285714285,0.16612786782833094,PASS
mt_set5/frenetic/test-11,0.8801799416542053,0.6932244353696141,0.14285714285714285,0.6272793942691528,PASS
mt/set_14/frenetic/test-54,0.8567784428596497,0.35133483345834376,0.14285714285714285,0.3214763339814156,PASS
mt/set_12/frenetic/test-297,0.06695812195539474,0.042614662332972196,0.14285714285714285,0.1361450935567255,PASS
mt/set_7/frenetic/odr/test-898,0.7030214667320251,0.22507431174820122,0.14285714285714285,0.20065757752148936,PASS
mt/set_12/frenetic/test-265,0.556541919708252,0.008000666722226758,0.14285714285714285,0.06780386074392658,PASS
mt/set_10/frenetic/test-382,0.5025200843811035,0.3401394560657832,0.14285714285714285,0.2419954675376481,PASS
mt_set6/frenetic/test-529,0.35307884216308594,0.034836236353029335,0.14285714285714285,0.10471724625926349,PASS
mt_set6/frenetic/test-91,0.36104920506477356,0.10217518126510541,0.14285714285714285,0.1281689572213367,PASS
mt/set_18/frenetic/test-713,0.46763089299201965,0.7246159402172404,0.14285714285714285,0.4149055330300833,PASS
mt/set_13/frenetic/test-629,0.31950634717941284,0.010195294052282106,0.14285714285714285,0.10047084013543424,PASS
mt/set_9/frenetic/test-618,0.5893589854240417,0.6551657082534657,0.14285714285714285,0.444790799183166,PASS
mt/set_8/frenetic/odr/test-651,0.04342816397547722,0.27627302275189597,0.14285714285714285,0.1486511469052231,PASS
mt/set_11/frenetic/test-490,0.09070722758769989,0.2553268327916215,0.14285714285714285,0.15305895449001033,PASS
mt_set6/frenetic/test-379,0.28621768951416016,0.01066755562963575,0.14285714285714285,0.10502214462305523,PASS
mt/set_13/frenetic/test-205,0.21916921436786652,0.739200488929633,0.14285714285714285,0.2735572476380926,PASS
mt/set_10/frenetic/test-540,0.588951587677002,0.7017251437619801,0.14285714285714285,0.4720033392919189,PASS
mt/set_14/frenetic/test-51,0.36047041416168213,0.08425702141845147,0.14285714285714285,0.1217335328122129,PASS
mt/set_16/frenetic/test-366,0.6540379524230957,0.9200211128705169,0.14285714285714285,0.6511518745016941,PASS
mt/set_17/frenetic/test-462,0.3371051847934723,0.15162374642331305,0.14285714285714285,0.1458124146298024,PASS
mt_set5/frenetic/test-813,0.4276828467845917,0.7314220629496903,0.14285714285714285,0.3945762591423946,PASS
mt/set_9/frenetic/test-667,0.21386995911598206,0.7948162346862239,0.14285714285714285,0.2822916114293958,PASS
mt/set_16/frenetic/test-33,0.23060019314289093,0.08403478067616747,0.14285714285714285,0.12929269690582618,PASS
mt/set_13/frenetic/test-415,0.601595938205719,0.8152901630691446,0.14285714285714285,0.5473901165320872,PASS
mt/set_13/frenetic/test-313,0.5126906633377075,0.006722782454093402,0.14285714285714285,0.07306232731904888,PASS
mt_set5/frenetic/test-828,0.4220845103263855,0.2384920965636025,0.14285714285714285,0.18322317546242042,PASS
mt_set5/frenetic/test-735,0.7464044094085693,0.49645803816984746,0.14285714285714285,0.40678641028936346,PASS
mt/set_16/frenetic/test-792,0.3208683729171753,0.6069394671778203,0.14285714285714285,0.29176648316153947,PASS
mt_set6/frenetic/test-624,0.585285484790802,0.014528988526821666,0.14285714285714285,0.06774853683761196,PASS
mt_set6/frenetic/test-530,0.2863963842391968,0.0051393171653192704,0.14285714285714285,0.10341525553372062,PASS
mt/set_17/frenetic/test-125,0.05598222836852074,0.6792510486985026,0.14285714285714285,0.17288566845725234,PASS
mt/set_16/frenetic/test-851,0.871849775314331,0.5110981470678112,0.14285714285714285,0.4639079796397377,PASS
mt/set_10/frenetic/test-301,0.21056027710437775,0.4288135122371308,0.14285714285714285,0.20306819736229223,PASS
mt/set_12/frenetic/test-532,0.8247343897819519,0.1889324110342528,0.14285714285714285,0.1808570010412314,PASS
mt/set_18/frenetic/test-329,0.1795247346162796,0.28680167791760425,0.14285714285714285,0.16869874944207325,PASS
mt/set_17/frenetic/test-260,0.4891975522041321,0.54835125149318,0.14285714285714285,0.3412238682350886,PASS
mt/set_12/frenetic/test-250,0.3409300446510315,0.2907464510931466,0.14285714285714285,0.19327705131745376,PASS
mt/set_14/frenetic/test-132,0.6688786149024963,0.3272217129205211,0.14285714285714285,0.2661746611182295,PASS
mt/set_14/frenetic/test-777,0.743445634841919,0.9361891268716838,0.14285714285714285,0.7326563433532324,PASS
mt_set6/frenetic/test-331,0.07634218037128448,0.674417312553824,0.14285714285714285,0.1834376073390548,PASS
mt/set_11/frenetic/test-393,0.09276680648326874,0.5066533322221297,0.14285714285714285,0.17660535142657785,PASS
mt/set_14/frenetic/test-496,0.2876526117324829,0.3745867711198155,0.14285714285714285,0.20951477564269802,PASS
mt/set_14/frenetic/test-470,0.652606189250946,0.13703919771092038,0.14285714285714285,0.13906031584599557,PASS
mt_set5/frenetic/test-566,0.8142589330673218,0.96077450898686,0.14285714285714285,0.8088536647391603,PASS
mt/set_7/frenetic/odr/test-366,0.007551699876785278,0.4003666972247687,0.14285714285714285,0.1448017819846065,PASS
mt/set_12/frenetic/test-200,0.649219274520874,0.7492846626107731,0.14285714285714285,0.5365615772810877,PASS
mt/set_10/frenetic/test-111,0.4627569317817688,0.7498958246520544,0.14285714285714285,0.4237685007174056,PASS
mt/set_14/frenetic/test-785,0.6707304120063782,0.6463871989332445,0.14285714285714285,0.48059006482666117,PASS
mt/set_8/frenetic/odr/test-542,0.10292963683605194,0.31733199988887956,0.14285714285714285,0.1608157743997043,PASS
mt_set5/frenetic/test-723,0.1557198017835617,0.32466594438425417,0.14285714285714285,0.1711683712647142,PASS
mt/set_10/frenetic/test-457,0.48197782039642334,0.8915742978581548,0.14285714285714285,0.5037222053179417,PASS
mt/set_18/frenetic/test-849,0.22516189515590668,0.413728921854599,0.14285714285714285,0.20384714383172467,PASS
mt_set6/frenetic/test-95,0.013129430823028088,0.3051087590632552,0.14285714285714285,0.14498741675592106,PASS
mt_set5/frenetic/test-720,0.871376097202301,0.7356446370530877,0.14285714285714285,0.659397996019937,PASS
mt/set_16/frenetic/test-20,0.3308323919773102,0.5575186821123983,0.14285714285714285,0.28004061600742697,PASS
mt/set_14/frenetic/test-327,0.539236843585968,0.5927993999499959,0.14285714285714285,0.385482585367839,PASS
mt_set5/frenetic/test-403,0.0831536203622818,0.0725893824485373,0.14285714285714285,0.1370141263131552,PASS
mt/set_17/frenetic/test-267,0.2928926646709442,0.00344473150540319,0.14285714285714285,0.1020242659506554,PASS
mt_set5/frenetic/test-740,0.49418193101882935,0.9803594744006444,0.14285714285714285,0.5567356622920823,PASS
mt/set_17/frenetic/test-369,0.03262592479586601,0.37433675028474594,0.14285714285714285,0.1504093807174054,PASS
mt/set_12/frenetic/test-534,0.7498617172241211,0.45250993138317075,0.14285714285714285,0.37505391460450777,PASS
mt/set_17/frenetic/test-903,0.831849217414856,0.893157763146929,0.14285714285714285,0.7669941266710824,PASS
mt/set_11/frenetic/test-592,0.5230717062950134,0.7063921993499459,0.14285714285714285,0.4376263864138902,PASS
mt/set_9/frenetic/test-182,0.12142358720302582,0.06544989860266127,0.14285714285714285,0.13345807545552557,PASS
mt/set_13/frenetic/test-520,0.30381008982658386,0.12609384115342948,0.14285714285714285,0.13776427840327293,PASS
mt/set_17/frenetic/test-272,0.25138530135154724,0.00875072922743555,0.14285714285714285,0.10914475739618901,PASS
mt/set_12/frenetic/test-953,0.34255117177963257,0.173958941022863,0.14285714285714285,0.15351110026326392,PASS
mt/set_13/frenetic/test-488,0.3096095323562622,0.5658249298552657,0.14285714285714285,0.2738120015913948,PASS
mt/set_7/frenetic/odr/test-144,0.19244836270809174,0.07711753757257546,0.14285714285714285,0.13020566132631434,PASS
mt/set_17/frenetic/test-854,0.48082083463668823,0.47795649637469795,0.14285714285714285,0.30397989370166834,PASS
mt/set_11/frenetic/test-270,0.21266917884349823,0.10395310720337804,0.14285714285714285,0.1345834514122212,PASS
mt/set_13/frenetic/test-626,0.518189013004303,0.1701530683112481,0.14285714285714285,0.1570015915272447,PASS
mt/set_9/frenetic/test-514,0.0161725040525198,0.2546323304719837,0.14285714285714285,0.14466482407261688,PASS
mt/set_17/frenetic/test-728,0.07080256938934326,0.4350640331138706,0.14285714285714285,0.16354614148058905,PASS
mt/set_14/frenetic/test-580,0.3464716672897339,0.624135344612051,0.14285714285714285,0.3096064038493708,PASS
mt/set_7/frenetic/odr/test-452,0.9037686586380005,0.6972247687307275,0.14285714285714285,0.6438772284852453,PASS
mt/set_13/frenetic/test-853,0.34897667169570923,0.19809984165347105,0.14285714285714285,0.16213555601857405,PASS
mt/set_14/frenetic/test-640,0.49067068099975586,0.20193349445787145,0.14285714285714285,0.17184417652805337,PASS
mt/set_16/frenetic/test-776,0.430864542722702,0.8784065338778232,0.14285714285714285,0.4597792906117556,PASS
mt_set5/frenetic/test-701,0.4433096647262573,0.01669583576409139,0.14285714285714285,0.08692861610829582,PASS
mt/set_18/frenetic/test-603,0.056660592555999756,0.4898741561796816,0.14285714285714285,0.16251933245901115,PASS
mt/set_7/frenetic/odr/test-133,0.7361219525337219,0.32077673139428287,0.14285714285714285,0.27382765776509876,PASS
mt/set_12/frenetic/test-164,0.49165892601013184,0.6322749117982054,0.14285714285714285,0.38348375750498054,PASS
mt/set_16/frenetic/test-180,0.038064055144786835,0.4035891879878879,0.14285714285714285,0.15278166073664393,PASS
mt/set_8/frenetic/odr/test-55,0.08597616851329803,0.2674945134316748,0.14285714285714285,0.15357298430397587,PASS
mt/set_10/frenetic/test-495,0.14133860170841217,0.4222574103397505,0.14285714285714285,0.18234718810882827,PASS
mt/set_9/frenetic/test-432,0.20513205230236053,0.6176348029002416,0.14285714285714285,0.24024925652035883,PASS
mt/set_17/frenetic/test-38,0.9238494038581848,0.650554212851071,0.14285714285714285,0.6118927783115804,PASS
mt/set_18/frenetic/test-27,0.6961654424667358,0.4477595355168486,0.14285714285714285,0.3551196519522533,PASS
mt/set_7/frenetic/odr/test-658,0.2684207260608673,0.47401172319915547,0.14285714285714285,0.2317459000084023,PASS
mt/set_8/frenetic/odr/test-512,0.0954415574669838,0.35939106036614155,0.14285714285714285,0.1635234739955231,PASS
mt/set_18/frenetic/test-732,0.20605944097042084,0.09189654693446676,0.14285714285714285,0.1323562288210594,PASS
mt/set_14/frenetic/test-739,0.31549957394599915,0.3749756924188127,0.14285714285714285,0.2160904506062876,PASS
mt/set_17/frenetic/test-548,0.09477385133504868,0.5840486707225602,0.14285714285714285,0.18467056632244888,PASS
mt/set_9/frenetic/test-804,0.5474526882171631,0.17476456371364282,0.14285714285714285,0.16032494617911014,PASS
mt/set_13/frenetic/test-572,0.3878684341907501,0.11303719754423977,0.14285714285714285,0.13129093161844796,PASS
mt_set5/frenetic/test-557,0.3277609050273895,0.3756701947384504,0.14285714285714285,0.2191641551864742,PASS
mt/set_13/frenetic/test-501,0.1784505844116211,0.6752507153373892,0.14285714285714285,0.23786308700323355,PASS
mt_set6/frenetic/test-410,0.5593450665473938,0.21826818901575126,0.14285714285714285,0.18503793948913827,PASS
mt/set_12/frenetic/test-420,0.12926030158996582,0.6008278467650081,0.14285714285714285,0.20205457416364245,PASS
mt_set5/frenetic/test-670,0.30121535062789917,0.8771564297024752,0.14285714285714285,0.364039360010076,PASS
mt/set_13/frenetic/test-672,0.005569895729422569,0.2878017612578826,0.14285714285714285,0.1436644721951897,PASS
mt/set_12/frenetic/test-560,0.038328222930431366,0.0658943800872294,0.14285714285714285,0.13990729586398704,PASS
mt_set5/frenetic/test-641,0.2916378974914551,0.2789954718448759,0.14285714285714285,0.18256023889112533,PASS
mt/set_9/frenetic/test-629,0.6740357279777527,0.34802900241686807,0.14285714285714285,0.28115030657603146,PASS
mt/set_14/frenetic/test-243,0.03445998951792717,0.18115398505431005,0.14285714285714285,0.1441768489769053,PASS
mt/set_18/frenetic/test-559,0.7833373546600342,0.9883601411228713,0.14285714285714285,0.8051712248757461,PASS
mt/set_11/frenetic/test-935,0.4023227095603943,0.7261438453204434,0.14285714285714285,0.3775266294427254,PASS
mt/set_13/frenetic/test-747,0.858260989189148,0.3656138011500958,0.14285714285714285,0.33404049275212166,PASS
mt_set5/frenetic/test-515,0.3146328628063202,0.6942522988026779,0.14285714285714285,0.3163441750523493,PASS
mt/set_13/frenetic/test-833,0.13050049543380737,0.08159013251104259,0.14285714285714285,0.13486176765322855,PASS
mt_set6/frenetic/test-523,0.3591839373111725,0.5254048948523489,0.14285714285714285,0.28026215488579354,PASS
mt/set_10/frenetic/test-722,0.31088295578956604,0.34113953940606156,0.14285714285714285,0.2044997646347842,PASS
mt/set_14/frenetic/test-179,0.8753254413604736,0.9920548934633442,0.14285714285714285,0.8861815387088375,PASS
mt/set_11/frenetic/test-837,0.12592855095863342,0.6057171430952578,0.14285714285714285,0.201144436241316,PASS
mt/set_8/frenetic/odr/test-653,0.8522671461105347,0.6334416756951968,0.14285714285714285,0.560966222585001,PASS
mt/set_14/frenetic/test-147,0.6692345142364502,0.6428035669639136,0.14285714285714285,0.47743854513848794,PASS
mt/set_13/frenetic/test-349,0.06835335493087769,0.2509931383170819,0.14285714285714285,0.15024860093561984,PASS
mt/set_11/frenetic/test-152,0.48563700914382935,0.01444564824846512,0.14285714285714285,0.08049576867569563,PASS
mt/set_17/frenetic/test-181,0.09480787813663483,0.20423924215906877,0.14285714285714285,0.14867665157626797,PASS
mt/set_16/frenetic/test-49,0.5826141238212585,0.18754340639497738,0.14285714285714285,0.16889199113508419,PASS
mt/set_8/frenetic/odr/test-815,0.4216497540473938,0.07608967413951163,0.14285714285714285,0.11470465609398658,PASS
mt/set_8/frenetic/odr/test-667,0.1651303619146347,0.05786593327221714,0.14285714285714285,0.12882251153008417,PASS
mt/set_8/frenetic/odr/test-341,0.2013784497976303,0.05867155596299685,0.14285714285714285,0.1259039777443587,PASS
mt/set_9/frenetic/test-465,0.8992624878883362,0.9294941245103758,0.14285714285714285,0.8502502720436006,PASS
mt/set_8/frenetic/odr/test-759,0.15941017866134644,0.24454815679084366,0.14285714285714285,0.15906772555656756,PASS
mt/set_9/frenetic/test-436,0.3682703971862793,0.12737172542156283,0.14285714285714285,0.13715432202754646,PASS
mt/set_12/frenetic/test-520,0.1698935180902481,0.4726227185598799,0.14285714285714285,0.1988821787870742,PASS
mt/set_11/frenetic/test-215,0.25474148988723755,0.2014056726949468,0.14285714285714285,0.1577718825787324,PASS
mt/set_12/frenetic/test-483,0.3085579574108124,0.025029863599744438,0.14285714285714285,0.106500593984732,PASS
mt/set_11/frenetic/test-268,0.6715590357780457,0.40181126204961526,0.14285714285714285,0.3167601214527927,PASS
mt/set_11/frenetic/test-605,0.05846002697944641,0.22568547378948242,0.14285714285714285,0.1476992935755846,PASS
mt/set_11/frenetic/test-239,0.37035855650901794,0.43636969747478954,0.14285714285714285,0.2515620246451341,PASS
mt/set_17/frenetic/test-211,0.4262644350528717,0.2056560268911298,0.14285714285714285,0.16962607793931572,PASS
mt/set_18/frenetic/test-572,0.8003150820732117,0.9305497680362252,0.14285714285714285,0.7732594308258037,PASS
mt/set_11/frenetic/test-213,0.02932649850845337,0.1379003805872711,0.14285714285714285,0.1427117783758287,PASS
mt/set_9/frenetic/test-868,0.8057646751403809,0.3938383754201739,0.14285714285714285,0.345088954179626,PASS
mt/set_17/frenetic/test-253,0.5196985602378845,0.6233575020140566,0.14285714285714285,0.3925724877047773,PASS
mt/set_14/frenetic/test-570,0.22531932592391968,0.3008306247742867,0.14285714285714285,0.17845162131656822,PASS
mt/set_11/frenetic/test-623,0.6736565232276917,0.3995888546267744,0.14285714285714285,0.3158061352101667,PASS
mt/set_9/frenetic/test-506,0.6919316649436951,0.39447731755424065,0.14285714285714285,0.3169611092687291,PASS
mt/set_18/frenetic/test-501,0.2830437421798706,0.2571325388226796,0.14285714285714285,0.17520207857031486,PASS
mt/set_13/frenetic/test-683,0.3187342882156372,0.07556185237658695,0.14285714285714285,0.12140782634555833,PASS
mt/set_14/frenetic/test-187,0.1580149084329605,0.10684223685307104,0.14285714285714285,0.13716625291142506,PASS
mt_set6/frenetic/test-317,0.1315845102071762,0.027946773342222953,0.14285714285714285,0.12773671603805917,PASS
mt/set_9/frenetic/test-102,0.531552255153656,0.8698224852071006,0.14285714285714285,0.5292772100018125,PASS
mt/set_16/frenetic/test-467,0.07281681895256042,0.6068561268994639,0.14285714285714285,0.17664406861484988,PASS
mt/set_17/frenetic/test-747,0.42099785804748535,0.12931633191654854,0.14285714285714285,0.1371564904549267,PASS
mt/set_12/frenetic/test-689,0.0945425033569336,0.5359613301108426,0.14285714285714285,0.1800221968002004,PASS
mt_set5/frenetic/test-155,0.3970712125301361,0.12084340361696803,0.14285714285714285,0.13411611646724977,PASS
mt/set_13/frenetic/test-705,0.2713080942630768,0.469789149095758,0.14285714285714285,0.23155644668082048,PASS
mt/set_10/frenetic/test-598,0.40118277072906494,0.20343361946828895,0.14285714285714285,0.16715938158500684,PASS
mt_set5/frenetic/test-416,0.5398143529891968,0.38203183598633217,0.14285714285714285,0.2719670750800659,PASS
mt/set_12/frenetic/test-365,0.032574571669101715,0.07239492179903881,0.14285714285714285,0.14056186299421558,PASS
mt_set5/frenetic/test-833,0.25469323992729187,0.7171986554435091,0.14285714285714285,0.28913803926503134,PASS
mt/set_13/frenetic/test-598,0.3819800913333893,0.8914909575797982,0.14285714285714285,0.428820360037641,PASS
mt/set_9/frenetic/test-717,0.11948935687541962,0.6766119398838791,0.14285714285714285,0.2066351581543004,PASS
mt_set6/frenetic/test-121,0.19173526763916016,0.010417534794566226,0.14285714285714285,0.11746379915923925,PASS
mt/set_12/frenetic/test-611,0.11054710298776627,0.16343028585715472,0.14285714285714285,0.14513144102204123,PASS
mt/set_10/frenetic/test-876,0.6593406796455383,0.012139900547267822,0.14285714285714285,0.05666994747115933,PASS
mt/set_10/frenetic/test-833,0.545863926410675,0.8879351057032531,0.14285714285714285,0.5495683251383876,PASS
mt/set_7/frenetic/odr/test-684,0.224307119846344,0.05233769480790066,0.14285714285714285,0.12255298617513657,PASS
mt_set5/frenetic/test-831,0.08787408471107483,0.6316359696641387,0.14285714285714285,0.1858081391464352,PASS
mt/set_9/frenetic/test-724,0.43410155177116394,0.30733116648609604,0.14285714285714285,0.21425556748304386,PASS
mt_set6/frenetic/test-320,0.4565199613571167,0.29460788399033255,0.14285714285714285,0.21213438533518042,PASS
mt/set_14/frenetic/test-883,0.16937799751758575,0.505097647026141,0.14285714285714285,0.20421271620178577,PASS
mt/set_9/frenetic/test-20,0.2336680144071579,0.8213184432036004,0.14285714285714285,0.30139184563246063,PASS
mt_set5/frenetic/test-842,0.8663846254348755,0.8412645498235964,0.14285714285714285,0.7479465825427164,PASS
mt/set_9/frenetic/test-714,0.3973047435283661,0.23740867294496765,0.14285714285714285,0.18042291001142605,PASS
mt/set_14/frenetic/test-448,0.5844634175300598,0.7390615884657055,0.14285714285714285,0.491316830684138,PASS
mt/set_10/frenetic/test-241,0.1175488829612732,0.2664944300913965,0.14285714285714285,0.15739056786389147,PASS
mt_set5/frenetic/test-711,0.1874166876077652,0.5572408811845432,0.14285714285714285,0.22051957262172445,PASS
mt/set_12/frenetic/test-635,0.1810297816991806,0.08261799594410642,0.14285714285714285,0.13195206111299368,PASS
mt/set_13/frenetic/test-726,0.6423211097717285,0.7675917437564241,0.14285714285714285,0.5441373650195671,PASS
mt/set_18/frenetic/test-286,0.41887974739074707,0.00175014584548711,0.14285714285714285,0.08375027959383359,PASS
mt/set_9/frenetic/test-685,0.026542996987700462,0.24435369614134506,0.14285714285714285,0.14555116210602925,PASS
mt/set_14/frenetic/test-227,0.8791630268096924,0.9401061199544406,0.14285714285714285,0.8437689666829343,PASS
mt/set_7/frenetic/odr/test-349,0.2741988003253937,0.7746478873239436,0.14285714285714285,0.3160934113041016,PASS
mt/set_16/frenetic/test-913,0.3367314636707306,0.6309692474372864,0.14285714285714285,0.30721985052528994,PASS
mt/set_10/frenetic/test-761,0.5549983978271484,0.4189793593910603,0.14285714285714285,0.296104530637948,PASS
mt/set_11/frenetic/test-647,0.48577186465263367,0.0783398616551379,0.14285714285714285,0.11151645860785198,PASS
mt_set6/frenetic/test-260,0.23744279146194458,0.35014028946856673,0.14285714285714285,0.19207503181157487,PASS
mt/set_8/frenetic/odr/test-573,0.07222352176904678,0.24088118454315635,0.14285714285714285,0.14993678117263662,PASS
mt/set_11/frenetic/test-821,0.6048930883407593,0.21240658943800872,0.14285714285714285,0.18492712239183345,PASS
mt/set_9/frenetic/test-603,0.12138545513153076,0.46017723699197155,0.14285714285714285,0.1813751869060792,PASS
mt/set_12/frenetic/test-138,0.778119683265686,0.27982887462844125,0.14285714285714285,0.24943754339937807,PASS
mt_set5/frenetic/test-210,0.2221122831106186,0.23999222157401998,0.14285714285714285,0.16443203483234076,PASS
mt/set_10/frenetic/test-385,0.3160523474216461,0.3029974720115565,0.14285714285714285,0.193469874060745,PASS
mt/set_7/frenetic/odr/test-706,0.2269962877035141,0.08050670889240762,0.14285714285714285,0.12870382368170755,PASS
mt/set_10/frenetic/test-514,0.16298286616802216,0.8729338555990778,0.14285714285714285,0.26184713589361386,PASS
mt/set_11/frenetic/test-440,0.41150012612342834,0.3441120093341111,0.14285714285714285,0.22567355005284367,PASS
mt/set_9/frenetic/test-478,0.1866409331560135,0.5887157263105258,0.14285714285714285,0.22607260705723786,PASS
mt_set5/frenetic/test-581,0.7864792943000793,0.5242103508625718,0.14285714285714285,0.44278354476832404,PASS
mt/set_9/frenetic/test-402,0.5340372920036316,0.8067061143984221,0.14285714285714285,0.4973772499184435,PASS
mt/set_17/frenetic/test-553,0.16092075407505035,0.6023835319609967,0.14285714285714285,0.21680447803785732,PASS
mt/set_8/frenetic/odr/test-686,0.4146854877471924,0.75184043114704,0.14285714285714285,0.3953936747915279,PASS
mt_set5/frenetic/test-143,0.2235507071018219,0.5258771564297025,0.14285714285714285,0.2284815419829126,PASS
mt/set_17/frenetic/test-312,0.41878849267959595,0.2990804789287996,0.14285714285714285,0.20828167829196992,PASS
mt/set_10/frenetic/test-411,0.48460277915000916,0.42386865572131005,0.14285714285714285,0.2790360987067922,PASS
mt/set_9/frenetic/test-429,0.2487543374300003,0.4443148040114454,0.14285714285714285,0.21784604574951622,PASS
mt/set_10/frenetic/test-775,0.41975486278533936,0.7345334333416673,0.14285714285714285,0.39121614298281304,PASS
mt_set6/frenetic/test-182,0.32708540558815,0.19507181153985048,0.14285714285714285,0.15993580319835177,PASS
mt/set_7/frenetic/odr/test-16,0.02535480447113514,0.49159652193238323,0.14285714285714285,0.1516993618910728,PASS
mt/set_13/frenetic/test-420,0.6230281591415405,0.31499847209489673,0.14285714285714285,0.2501060383243185,PASS
mt/set_10/frenetic/test-589,0.5905147790908813,0.25421562908020107,0.14285714285714285,0.20861597474904703,PASS
mt/set_9/frenetic/test-8,0.07431928813457489,0.4452871072589382,0.14285714285714285,0.16533352039331178,PASS
mt/set_8/frenetic/odr/test-264,0.5254539251327515,0.8577381448454038,0.14285714285714285,0.5184941713547089,PASS
mt/set_9/frenetic/test-458,0.4976767301559448,0.8118176514709559,0.14285714285714285,0.4757832213875231,PASS
mt/set_10/frenetic/test-452,0.1587701439857483,0.14395644081451225,0.14285714285714285,0.14303167855211762,PASS
mt/set_13/frenetic/test-675,0.5495575666427612,0.7489235214045614,0.28571428571428575,0.540274426126687,PASS
mt_set5/frenetic/test-129,0.4328552186489105,0.7337000305581021,0.14285714285714285,0.3986065659426206,PASS
mt/set_10/frenetic/test-183,0.297685444355011,0.0762563546962246,0.14285714285714285,0.12303105763906595,PASS
mt/set_17/frenetic/test-717,0.24853885173797607,0.1513459454954579,0.14285714285714285,0.14496694011749997,PASS
mt/set_13/frenetic/test-428,0.4012722373008728,0.48437369780815065,0.14285714285714285,0.2798982549376202,PASS
mt/set_8/frenetic/odr/test-648,0.05623242259025574,0.6164124788176792,0.14285714285714285,0.16948630237127163,PASS
mt/set_11/frenetic/test-317,0.8042989373207092,0.1242325749368003,0.14285714285714285,0.12787742267075397,PASS
mt/set_14/frenetic/test-398,0.5839617848396301,0.7733422229630247,0.14285714285714285,0.5110363355505307,PASS
mt/set_14/frenetic/test-178,0.0522371269762516,0.4032002666888907,0.14285714285714285,0.15645671594884555,PASS
mt/set_18/frenetic/test-827,0.20735105872154236,0.07722865794371751,0.14285714285714285,0.1292490027705787,PASS
mt/set_7/frenetic/odr/test-862,0.1712186485528946,0.6064116454148956,0.14285714285714285,0.22222632044442792,PASS
mt/set_12/frenetic/test-643,0.7226702570915222,0.5787982331860988,0.14285714285714285,0.45789880268192795,PASS
mt/set_18/frenetic/test-64,0.15827569365501404,0.652082117954274,0.14285714285714285,0.2234550747596239,PASS
mt/set_14/frenetic/test-815,0.23748305439949036,0.34033391671528185,0.14285714285714285,0.18975453454340574,PASS
mt/set_16/frenetic/test-890,0.2068372219800949,0.11803761424563157,0.14285714285714285,0.13772353837954507,PASS
mt/set_12/frenetic/test-654,0.8295242786407471,0.6749729144095341,0.14285714285714285,0.5842600944075047,PASS
mt/set_10/frenetic/test-154,0.12031207233667374,0.3856154679556629,0.14285714285714285,0.17206389683361978,PASS
mt/set_12/frenetic/test-445,0.9180726408958435,0.9103258604883739,0.14285714285714285,0.8474491752577936,PASS
mt/set_16/frenetic/test-45,0.22428205609321594,0.19657193655026808,0.14285714285714285,0.1549044114867345,PASS
mt/set_8/frenetic/odr/test-430,0.1907767504453659,0.6486096063560852,0.14285714285714285,0.2393429522444723,PASS
mt/set_12/frenetic/test-588,0.13972169160842896,0.011278717670916968,0.14285714285714285,0.12447278271095026,PASS
mt/set_18/frenetic/test-489,0.7319070100784302,0.2761341222879684,0.14285714285714285,0.2404034983846428,PASS
mt_set5/frenetic/test-265,0.029932750388979912,0.03891990999249937,0.14285714285714285,0.13974601747232934,PASS
mt/set_8/frenetic/odr/test-834,0.7489176392555237,0.7507570075284052,0.14285714285714285,0.5981240744104971,PASS
mt_set5/frenetic/test-748,0.10126713663339615,0.07467288940745058,0.14285714285714285,0.13595231555370077,PASS
mt/set_14/frenetic/test-628,0.01780264638364315,0.117898713781704,0.14285714285714285,0.14241281543956075,PASS
mt/set_17/frenetic/test-251,0.07473272830247879,0.5416840292246576,0.14285714285714285,0.17266256526013857,PASS
mt/set_14/frenetic/test-875,0.3111978769302368,0.7164763730310859,0.14285714285714285,0.3213662294536308,PASS
mt/set_9/frenetic/test-331,0.8772099614143372,0.8831013695585743,0.14285714285714285,0.7922067523990914,PASS
mt/set_12/frenetic/test-433,0.30903536081314087,0.8121232324915966,0.14285714285714285,0.34968403034732615,PASS
mt/set_14/frenetic/test-655,0.34290727972984314,0.7669250215295719,0.14285714285714285,0.35685455724200466,PASS
mt/set_16/frenetic/test-796,0.13622629642486572,0.11531516515265156,0.14285714285714285,0.13910520123824377,PASS
mt/set_18/frenetic/test-465,0.3695356845855713,0.1478734338972692,0.14285714285714285,0.14471084140073642,PASS
mt/set_11/frenetic/test-659,0.24755537509918213,0.5641303441953496,0.14285714285714285,0.2471455882336559,PASS
mt/set_7/frenetic/odr/test-281,0.3077819347381592,0.3712253798927688,0.14285714285714285,0.21314476068471033,PASS
mt/set_8/frenetic/odr/test-590,0.6355391144752502,0.6553601689029641,0.14285714285714285,0.4685728621961902,PASS
mt/set_7/frenetic/odr/test-954,0.30826008319854736,0.12820512820512817,0.14285714285714285,0.13834051160148647,PASS
mt_set6/frenetic/test-682,0.18917232751846313,0.6728338472650498,0.14285714285714285,0.24311406956055115,PASS
mt/set_16/frenetic/test-821,0.06324627250432968,0.039392171569853016,0.14285714285714285,0.13631337228156024,PASS
mt/set_12/frenetic/test-6,0.34814783930778503,0.42161846820568377,0.14285714285714285,0.2399072917023372,PASS
mt/set_13/frenetic/test-728,0.7930237054824829,0.7190599216601383,0.14285714285714285,0.5997996056127978,PASS
mt_set5/frenetic/test-473,0.3575500249862671,0.5794093952273801,0.14285714285714285,0.29894641159993235,PASS
mt/set_9/frenetic/test-669,0.5472686886787415,0.04297580353918378,0.14285714285714285,0.08819521326512697,PASS
mt/set_12/frenetic/test-898,0.432603657245636,0.15487401727921765,0.14285714285714285,0.14805568668079394,PASS
mt_set5/frenetic/test-109,0.6688209772109985,0.49295774647887325,0.14285714285714285,0.37701177069358904,PASS
mt/set_7/frenetic/odr/test-431,0.16996294260025024,0.1649304108675723,0.14285714285714285,0.1466087804409994,PASS
mt/set_18/frenetic/test-120,0.9148434996604919,0.8991027030030281,0.14285714285714285,0.8347034777037136,PASS
mt_set6/frenetic/test-711,0.2724391222000122,0.05844931522071284,0.14285714285714285,0.11986114838906393,PASS
mt/set_18/frenetic/test-14,0.5645285844802856,0.10356418590438093,0.14285714285714285,0.12067514548855537,PASS
mt/set_14/frenetic/test-195,0.07295893132686615,0.7410895352390477,0.14285714285714285,0.18650353676170378,PASS
mt/set_14/frenetic/test-737,0.4413989186286926,0.4919298830458094,0.14285714285714285,0.2969374728991748,PASS
mt/set_17/frenetic/test-361,0.0979514792561531,0.5454343417507015,0.14285714285714285,0.18229017606793416,PASS
mt/set_8/frenetic/odr/test-511,0.5291159749031067,0.10645331555407395,0.14285714285714285,0.12359529628347521,PASS
mt/set_7/frenetic/odr/test-269,0.7233672738075256,0.3373892268800177,0.28571428571428575,0.32309424702950557,PASS
mt/set_16/frenetic/test-272,0.31426408886909485,0.41792371586521093,0.14285714285714285,0.22930069305934236,PASS
mt/set_18/frenetic/test-495,0.6605186462402344,0.32205461566241633,0.14285714285714285,0.26122041500415333,PASS
mt/set_13/frenetic/test-279,0.5351387858390808,0.012084340361696791,0.14285714285714285,0.07287554410895593,PASS
mt/set_9/frenetic/test-181,0.5295906662940979,0.903186376642498,0.14285714285714285,0.54552040838041,PASS
mt/set_17/frenetic/test-682,0.6350800395011902,0.2152401589021307,0.14285714285714285,0.188826151546209,PASS
mt/set_14/frenetic/test-86,0.1034160926938057,0.2089340778398199,0.14285714285714285,0.1496905623546026,PASS
mt_set6/frenetic/test-384,0.6670998334884644,0.5173208878517654,0.14285714285714285,0.39266184479052235,PASS
mt/set_7/frenetic/odr/test-616,0.7057545185089111,0.3483068033447231,0.14285714285714285,0.28785416907237427,PASS
mt/set_16/frenetic/test-668,0.5280529856681824,0.47901213990054725,0.14285714285714285,0.32036479269319157,PASS
mt/set_16/frenetic/test-859,0.9016919732093811,0.9112703836430814,0.28571428571428575,0.8497731980088623,PASS
mt/set_17/frenetic/test-832,0.19803224503993988,0.035530738672667095,0.14285714285714285,0.12160305195568981,PASS
mt/set_11/frenetic/test-895,0.4588754177093506,0.337944828735728,0.14285714285714285,0.2323780862046292,PASS
mt/set_7/frenetic/odr/test-274,0.13446742296218872,0.47101147317832043,0.14285714285714285,0.18698320998931445,PASS
mt/set_9/frenetic/test-749,0.24939338862895966,0.23765869378003718,0.14285714285714285,0.16650002076034703,PASS
mt/set_14/frenetic/test-336,0.4512852728366852,0.5991054810123067,0.28571428571428575,0.42714312530391724,PASS
mt/set_10/frenetic/test-5,0.3680943548679352,0.6758618773786704,0.14285714285714285,0.33905318100987425,PASS
mt/set_9/frenetic/test-785,0.00638259993866086,0.1386226629996944,0.14285714285714285,0.1428301180615248,PASS
mt/set_12/frenetic/test-274,0.4717944860458374,0.6513042753562797,0.14285714285714285,0.3827396964160529,PASS
mt/set_12/frenetic/test-10,0.31733840703964233,0.4140067227824541,0.14285714285714285,0.22890331862010932,PASS
mt/set_8/frenetic/odr/test-263,0.7744777202606201,0.4939022696335805,0.14285714285714285,0.41473377235155867,PASS
mt_set5/frenetic/test-239,0.396413117647171,0.7590910353640581,0.14285714285714285,0.38714034564313543,PASS
mt/set_11/frenetic/test-277,0.486027330160141,0.04367030585882154,0.14285714285714285,0.09464962502634502,PASS
mt_set5/frenetic/test-610,0.6712514758110046,0.15367947328944073,0.14285714285714285,0.15012164813153714,PASS
mt/set_8/frenetic/odr/test-494,0.32332688570022583,0.21960163346945577,0.14285714285714285,0.16767070000147222,PASS
mt/set_10/frenetic/test-38,0.26911893486976624,0.7522015723532517,0.14285714285714285,0.30684327094943564,PASS
mt/set_12/frenetic/test-315,0.20835593342781067,0.29060755062921906,0.14285714285714285,0.17364182124030808,PASS
mt/set_12/frenetic/test-837,0.14814896881580353,0.40564491485401555,0.14285714285714285,0.18178888242461935,PASS
mt/set_9/frenetic/test-851,0.4099479615688324,0.5989943606411645,0.14285714285714285,0.3298496612259065,PASS
mt_set5/frenetic/test-248,0.9030032753944397,0.4655110148067894,0.14285714285714285,0.4342146460463718,PASS
mt/set_13/frenetic/test-724,0.5105826258659363,0.3460010556435258,0.14285714285714285,0.246578895276295,PASS
mt_set5/frenetic/test-104,0.03677970916032791,0.4579548295691307,0.14285714285714285,0.15444634519587055,PASS
mt/set_18/frenetic/test-905,0.09768608212471008,0.23171375392393806,0.14285714285714285,0.15153720132061185,PASS
mt/set_18/frenetic/test-695,0.34555795788764954,0.8808789621357336,0.14285714285714285,0.39788645986105525,PASS
mt_set5/frenetic/test-697,0.7113121151924133,0.41822929688585164,0.14285714285714285,0.3387326922043947,PASS
mt/set_9/frenetic/test-46,0.016566425561904907,0.46334416756951974,0.14285714285714285,0.14816647155307144,PASS
mt/set_18/frenetic/test-837,0.5846782326698303,0.6682779120482263,0.14285714285714285,0.45005922959580835,PASS
mt/set_18/frenetic/test-18,0.7959269285202026,0.8791010361974609,0.14285714285714285,0.7288534835252579,PASS
mt/set_11/frenetic/test-742,0.264648973941803,0.6873072756063006,0.14285714285714285,0.28694531185168587,PASS
mt/set_11/frenetic/test-418,0.17016786336898804,0.35297385893268884,0.14285714285714285,0.17861225548982682,PASS
mt/set_18/frenetic/test-544,0.8568204641342163,0.6209406339417174,0.14285714285714285,0.5524888615831344,PASS
mt/set_13/frenetic/test-551,0.5575845837593079,0.05130983137483672,0.14285714285714285,0.09181177328999748,PASS
mt/set_12/frenetic/test-435,0.5188380479812622,0.7200044448148457,0.14285714285714285,0.44230312240252956,PASS
mt/set_13/frenetic/test-755,0.4117751717567444,0.8364308136789177,0.14285714285714285,0.4284535602857349,PASS
mt/set_7/frenetic/odr/test-73,0.6210089921951294,0.6514987360057783,0.14285714285714285,0.45872814600690204,PASS
mt/set_8/frenetic/odr/test-813,0.14959755539894104,0.28602383531960995,0.14285714285714285,0.16427453432155456,PASS
mt/set_9/frenetic/test-152,0.1611112803220749,0.07692307692307686,0.14285714285714285,0.13223441894892807,PASS
mt/set_18/frenetic/test-915,0.5163140892982483,0.8418757118648776,0.14285714285714285,0.5037702787169361,PASS
mt/set_9/frenetic/test-746,0.40499401092529297,0.05283773647803982,0.14285714285714285,0.10639982240655602,PASS
mt/set_12/frenetic/test-747,0.08451728522777557,0.04761507903436389,0.14285714285714285,0.1348075400546137,PASS
mt_set5/frenetic/test-565,0.17432951927185059,0.704225352112676,0.14285714285714285,0.24072019291115956,PASS
mt/set_18/frenetic/test-251,0.7190600037574768,0.9968886296080228,0.14285714285714285,0.7569570269292341,PASS
mt/set_18/frenetic/test-510,0.42337942123413086,0.7400616718059838,0.14285714285714285,0.39570125068190487,PASS
mt/set_13/frenetic/test-440,0.6008796691894531,0.2911353723921437,0.14285714285714285,0.23195451636813197,PASS
mt/set_16/frenetic/test-387,0.6542556285858154,0.11462066283301378,0.14285714285714285,0.12438326686990547,PASS
mt_set5/frenetic/test-361,0.13830089569091797,0.02786343306386641,0.14285714285714285,0.12695340979391123,PASS
mt/set_14/frenetic/test-893,0.5717856884002686,0.6095785759924439,0.14285714285714285,0.40972177879357086,PASS
mt/set_14/frenetic/test-125,0.04599209129810333,0.6038003166930578,0.14285714285714285,0.16405688552017905,PASS
mt/set_18/frenetic/test-801,0.01530473679304123,0.09145206544989852,0.14285714285714285,0.14207040061323042,PASS
mt/set_16/frenetic/test-680,0.23598484694957733,0.07517293107758974,0.14285714285714285,0.12688469237070493,PASS
mt/set_13/frenetic/test-799,0.021946897730231285,0.3439175486846126,0.14285714285714285,0.14726979369097631,PASS
mt/set_13/frenetic/test-693,0.32937124371528625,0.26538322637997613,0.14285714285714285,0.18321371563209612,PASS
mt/set_9/frenetic/test-421,0.4616430401802063,0.09275772981081751,0.14285714285714285,0.11972909750719332,PASS
mt/set_10/frenetic/test-201,0.19475705921649933,0.20596160791177034,0.14285714285714285,0.15514718502334976,PASS
mt/set_9/frenetic/test-355,0.20213937759399414,0.1829596910853682,0.14285714285714285,0.15096344699592945,PASS
mt/set_14/frenetic/test-610,0.6558163166046143,0.35186265522126847,0.14285714285714285,0.27992636812584387,PASS
mt/set_13/frenetic/test-94,0.6265929937362671,0.6690557546462205,0.14285714285714285,0.47256950631792877,PASS
mt/set_18/frenetic/test-481,0.6824741959571838,0.695391282606884,0.14285714285714285,0.5199474356217417,PASS
mt/set_8/frenetic/odr/test-168,0.37055036425590515,0.1757368669611356,0.14285714285714285,0.1550407323430364,PASS
mt/set_14/frenetic/test-684,0.7258118391036987,0.5588799066588883,0.14285714285714285,0.4448113901610914,PASS
mt/set_10/frenetic/test-903,0.8134793639183044,0.9551629302441871,0.14285714285714285,0.8036511380879131,PASS
mt/set_12/frenetic/test-177,0.6283445954322815,0.6801122315748533,0.14285714285714285,0.4804384742214071,PASS
mt/set_18/frenetic/test-942,0.4846285581588745,0.13773370003055802,0.14285714285714285,0.14037417614728562,PASS
mt/set_17/frenetic/test-288,0.3963527977466583,0.518987693418896,0.14285714285714285,0.2919375431477592,PASS
mt_set5/frenetic/test-366,0.012544099241495132,0.19318276523043582,0.14285714285714285,0.14348843299076777,PASS
mt/set_10/frenetic/test-830,0.5749226212501526,0.08631274828457924,0.14285714285714285,0.11034849131248167,PASS
mt/set_11/frenetic/test-326,0.8240296840667725,0.8826291079812206,0.14285714285714285,0.7524512015597921,PASS
mt/set_14/frenetic/test-428,0.4250153601169586,0.8332638831013696,0.14285714285714285,0.43629061644669304,PASS
mt/set_17/frenetic/test-157,0.091530941426754,0.09353557240881182,0.14285714285714285,0.1383426962744671,PASS
mt/set_18/frenetic/test-194,0.4158383011817932,0.33766702780787283,0.14285714285714285,0.22386655446847498,PASS
mt/set_11/frenetic/test-314,0.17935648560523987,0.4668166791677084,0.14285714285714285,0.2009613910255836,PASS
mt/set_9/frenetic/test-128,0.25297075510025024,0.18748784620940634,0.14285714285714285,0.1541474055848202,PASS
mt/set_9/frenetic/test-680,0.12531229853630066,0.23624190904797623,0.14285714285714285,0.15455939829931656,PASS
mt/set_8/frenetic/odr/test-529,0.15257543325424194,0.12023224157568681,0.14285714285714285,0.13940513874179022,PASS
mt_set6/frenetic/test-715,0.6794585585594177,0.35589076867516733,0.14285714285714285,0.2876046631801441,PASS
mt/set_10/frenetic/test-906,0.24500703811645508,0.8918243186932244,0.14285714285714285,0.3263593722551874,PASS
mt/set_17/frenetic/test-308,0.20493309199810028,0.38330972025446564,0.14285714285714285,0.1921338308933514,PASS
mt/set_12/frenetic/test-100,0.4802010953426361,0.7494513431674861,0.14285714285714285,0.43414433801718544,PASS
mt/set_12/frenetic/test-450,0.2360621988773346,0.2308247909548017,0.14285714285714285,0.1636229835546184,PASS
mt/set_9/frenetic/test-447,0.972963273525238,0.9309386893352224,0.14285714285714285,0.9096315441232872,PASS
mt/set_14/frenetic/test-265,0.8039625287055969,0.7269772481040087,0.14285714285714285,0.6124678197391924,PASS
mt/set_10/frenetic/test-142,0.47145742177963257,0.3172208795177376,0.14285714285714285,0.22506222059500963,PASS
mt/set_8/frenetic/odr/test-293,0.1629391312599182,0.14523432508264572,0.14285714285714285,0.1432444788638128,PASS
mt/set_18/frenetic/test-45,0.14588047564029694,0.5847153929494124,0.14285714285714285,0.20731563667492975,PASS
mt/set_8/frenetic/odr/test-496,0.7911940217018127,0.28749618023724194,0.14285714285714285,0.2572946845369823,PASS
mt/set_11/frenetic/test-872,0.1656607985496521,0.06664444259243821,0.14285714285714285,0.1302316860716666,PASS
mt/set_14/frenetic/test-419,0.13752113282680511,0.41709031308164574,0.14285714285714285,0.18056999695636528,PASS
mt_set6/frenetic/test-488,0.23441077768802643,0.15309609134094504,0.14285714285714285,0.14525726486267587,PASS
mt/set_7/frenetic/odr/test-875,0.5829245448112488,0.22287968441814598,0.14285714285714285,0.18950424647122985,PASS
mt/set_17/frenetic/test-332,0.40623578429222107,0.20554490651998775,0.14285714285714285,0.1683231514367694,PASS
mt/set_13/frenetic/test-399,0.6653046607971191,0.04655943550851454,0.14285714285714285,0.07878982933402344,PASS
mt_set5/frenetic/test-102,0.6291568875312805,0.6829458010389755,0.14285714285714285,0.48265764202977035,PASS
mt/set_8/frenetic/odr/test-218,0.15291684865951538,0.7982887462844126,0.14285714285714285,0.24308367816509416,PASS
mt/set_16/frenetic/test-6,0.1885419636964798,0.2016001333444453,0.14285714285714285,0.1539326637657598,PASS
mt/set_9/frenetic/test-177,0.48513898253440857,0.1309831374836791,0.14285714285714285,0.13709659571417793,PASS
mt/set_12/frenetic/test-768,0.3986779451370239,0.689140761730144,0.14285714285714285,0.3606483734914481,PASS
mt/set_18/frenetic/test-31,0.1034470871090889,0.4971525404894852,0.14285714285714285,0.1795079707827337,PASS
mt_set6/frenetic/test-137,0.3994041681289673,0.026363308053448824,0.14285714285714285,0.09632901967522009,PASS
mt/set_11/frenetic/test-945,0.27818819880485535,0.41389560241131207,0.14285714285714285,0.2182568394698852,PASS
mt/set_12/frenetic/test-293,0.8633591532707214,0.4155346278856571,0.14285714285714285,0.3782757454473507,PASS
mt_set5/frenetic/test-679,0.20541825890541077,0.45323221379559403,0.14285714285714285,0.20661385379443747,PASS
mt/set_18/frenetic/test-545,0.3118133544921875,0.31563741422896346,0.14285714285714285,0.1967323388636607,PASS
mt/set_8/frenetic/odr/test-854,0.14993321895599365,0.07078367641747915,0.14285714285714285,0.1320509360325273,PASS
mt_set5/frenetic/test-240,0.6645070910453796,0.7548684612606607,0.14285714285714285,0.549543003736312,PASS
mt/set_14/frenetic/test-320,0.7589119076728821,0.9741922938022612,0.14285714285714285,0.773767288176426,PASS
mt/set_18/frenetic/test-22,0.40115514397621155,0.05517126427202263,0.14285714285714285,0.10768150586612298,PASS
mt/set_13/frenetic/test-648,0.18510212004184723,0.08309025752146007,0.14285714285714285,0.1317941678019473,PASS
mt/set_13/frenetic/test-923,0.10610808432102203,0.6777231435952995,0.14285714285714285,0.19961075169265233,PASS
mt/set_16/frenetic/test-799,0.21843001246452332,0.01427896769175203,0.14285714285714285,0.11477180619562626,PASS
mt/set_11/frenetic/test-622,0.32866308093070984,0.21546239964441483,0.14285714285714285,0.16671980598713837,PASS
mt/set_14/frenetic/test-10,0.15521417558193207,0.33830596994193957,0.14285714285714285,0.17319356929282786,PASS
mt/set_10/frenetic/test-130,0.11844144761562347,0.6233297219212712,0.14285714285714285,0.199765008532373,PASS
mt/set_16/frenetic/test-343,0.12694638967514038,0.4848181792927188,0.14285714285714285,0.18626786184220837,PASS
mt_set6/frenetic/test-304,0.33599013090133667,0.2888296246909464,0.14285714285714285,0.1919024561364755,PASS
mt/set_7/frenetic/odr/test-357,0.5229412913322449,0.5982720782287413,0.14285714285714285,0.38101241725235735,PASS
mt/set_11/frenetic/test-929,0.5700149536132812,0.12203794760674495,0.14285714285714285,0.13098989024222146,PASS
mt/set_17/frenetic/test-517,0.3832901418209076,0.3545295441286773,0.14285714285714285,0.22398908330260675,PASS
mt/set_18/frenetic/test-47,0.30982035398483276,0.80931744312026,0.14285714285714285,0.3493401090014997,PASS
mt_set5/frenetic/test-383,0.47136014699935913,0.782620773953385,0.14285714285714285,0.44441622205551135,PASS
mt/set_7/frenetic/odr/test-743,0.3893281817436218,0.3116648609606356,0.14285714285714285,0.20857874481066557,PASS
mt/set_8/frenetic/odr/test-362,0.3478333055973053,0.5647692863294164,0.14285714285714285,0.2896122426502229,PASS
mt/set_16/frenetic/test-655,0.8324357867240906,0.4478150957024196,0.14285714285714285,0.396715056251669,PASS
mt/set_10/frenetic/test-521,0.3000586926937103,0.0071117037530905,0.14285714285714285,0.1021255396029726,PASS
mt/set_11/frenetic/test-575,0.47101178765296936,0.2843014695669084,0.14285714285714285,0.20947909229155479,PASS
mt/set_8/frenetic/odr/test-504,0.11988414078950882,0.46317748701280664,0.14285714285714285,0.18125847315801302,PASS
mt/set_12/frenetic/test-670,0.17369775474071503,0.23165819373836705,0.14285714285714285,0.15828168388509017,PASS
mt/set_12/frenetic/test-295,0.16652989387512207,0.05442120176681384,0.14285714285714285,0.1281299149726238,PASS
mt/set_11/frenetic/test-671,0.5857973098754883,0.6345528794066173,0.14285714285714285,0.43089118260507175,PASS
mt/set_17/frenetic/test-943,0.46518275141716003,0.2488262910798122,0.14285714285714285,0.19215215853522238,PASS
mt/set_7/frenetic/odr/test-491,0.6184118986129761,0.6386087729533015,0.14285714285714285,0.44943584966538613,PASS
mt_set6/frenetic/test-126,0.3460404872894287,0.19918326527210592,0.14285714285714285,0.1623482617047407,PASS
mt_set6/frenetic/test-904,0.47086623311042786,0.14423424174236743,0.14285714285714285,0.14350557647932374,PASS
mt/set_16/frenetic/test-60,0.6489576101303101,0.7806206072728282,0.28571428571428575,0.6068875093913002,PASS
mt/set_7/frenetic/odr/test-457,0.07553271949291229,0.6303025252104343,0.14285714285714285,0.17967521606181208,PASS
mt/set_16/frenetic/test-672,0.708758533000946,0.9377725921604578,0.14285714285714285,0.7062602505651483,PASS
mt/set_11/frenetic/test-453,0.11170247942209244,0.2802455760202238,0.14285714285714285,0.15820376829226945,PASS
mt_set6/frenetic/test-639,0.23323774337768555,0.09914715115148484,0.14285714285714285,0.13266232302865782,PASS
mt/set_18/frenetic/test-427,0.11293619871139526,0.04375364613717809,0.14285714285714285,0.13166477065858279,PASS
mt/set_17/frenetic/test-870,0.016385892406105995,0.05058754896241355,0.14285714285714285,0.1413452202922149,PASS
mt/set_17/frenetic/test-467,0.07708180695772171,0.4283968108453482,0.14285714285714285,0.16486705748815028,PASS
mt/set_17/frenetic/test-192,0.7572131156921387,0.9298552657165875,0.14285714285714285,0.7387824435114074,PASS
mt/set_14/frenetic/test-315,0.117934949696064,0.05931049809706358,0.14285714285714285,0.13300407457445662,PASS
mt/set_13/frenetic/test-226,0.5129438638687134,0.23301941828485706,0.14285714285714285,0.18910532879022973,PASS
mt_set6/frenetic/test-794,0.31639397144317627,0.04386476650832014,0.14285714285714285,0.11153655176154127,PASS
mt/set_8/frenetic/odr/test-652,0.2814124524593353,0.3277217545906603,0.14285714285714285,0.1948803423605402,PASS
mt/set_17/frenetic/test-674,0.5547381043434143,0.30233074978470426,0.14285714285714285,0.23132322925694504,PASS
mt/set_18/frenetic/test-301,0.15585224330425262,0.0025279884434813073,0.14285714285714285,0.12098652721204753,PASS
mt/set_17/frenetic/test-536,0.2359350323677063,0.413840042225741,0.14285714285714285,0.20679150199076796,PASS
mt/set_18/frenetic/test-528,0.20641258358955383,0.12389921382337413,0.28571428571428575,0.2523136271765026,PASS
mt/set_12/frenetic/test-835,0.40361225605010986,0.43531405394894024,0.14285714285714285,0.2608963365403496,PASS
mt/set_13/frenetic/test-615,0.773267388343811,0.14984582048504033,0.14285714285714285,0.14826125935444395,PASS
mt/set_10/frenetic/test-77,0.07251323759555817,0.55843542517432,0.14285714285714285,0.1729920717110996,PASS
mt/set_16/frenetic/test-433,0.4769839644432068,0.0622274078395421,0.14285714285714285,0.10439805219644238,PASS
mt_set5/frenetic/test-32,0.05285623297095299,0.22693557796483038,0.14285714285714285,0.14730121593631823,PASS
mt_set6/frenetic/test-734,0.10850182920694351,0.04767063921993492,0.14285714285714285,0.13252922990358643,PASS
mt/set_14/frenetic/test-311,0.12674473226070404,0.041197877600911155,0.14285714285714285,0.12997236437168455,PASS
mt/set_10/frenetic/test-494,0.3995538651943207,0.06656110231408166,0.14285714285714285,0.11237276070166553,PASS
mt/set_8/frenetic/odr/test-451,0.24982357025146484,0.6779453843375837,0.14285714285714285,0.27653479774336454,PASS
mt/set_14/frenetic/test-508,0.5603995323181152,0.04292024335361275,0.14285714285714285,0.0868525511140421,PASS
mt/set_14/frenetic/test-192,0.29053059220314026,0.37050309748034554,0.14285714285714285,0.20899526112394573,PASS
mt/set_16/frenetic/test-494,0.49621519446372986,0.6752229352446036,0.14285714285714285,0.40702513379504973,PASS
mt/set_9/frenetic/test-839,0.7854446172714233,0.7442286857238103,0.14285714285714285,0.6152011841819778,PASS
mt/set_17/frenetic/test-598,0.19290100038051605,0.11212045448231789,0.14285714285714285,0.13692800279251763,PASS
mt/set_10/frenetic/test-797,0.6040148138999939,0.25263216379142706,0.14285714285714285,0.20916288169763245,PASS
mt/set_13/frenetic/test-182,0.4225938022136688,0.3310553657249215,0.14285714285714285,0.22238854117121826,PASS
mt/set_18/frenetic/test-576,0.26257067918777466,0.2891907658971581,0.14285714285714285,0.18128006164676744,PASS
mt/set_18/frenetic/test-32,0.6487245559692383,0.868044559268828,0.14285714285714285,0.6133040275632924,PASS
mt/set_17/frenetic/test-352,0.4907308518886566,0.2680778953801705,0.14285714285714285,0.20430682515943221,PASS
mt/set_9/frenetic/test-741,0.3354983627796173,0.6115787426730005,0.14285714285714285,0.3001124764522807,PASS
mt/set_9/frenetic/test-400,0.5430493354797363,0.9722754674000612,0.28571428571428575,0.6585508791949286,PASS
mt/set_11/frenetic/test-943,0.3064248561859131,0.3559741089535239,0.14285714285714285,0.20816147854400452,PASS
mt/set_11/frenetic/test-190,0.2526157796382904,0.6317193099424951,0.14285714285714285,0.2663514360735987,PASS
mt/set_7/frenetic/odr/test-28,0.08370067924261093,0.8133733366669444,0.14285714285714285,0.19897980691529937,PASS
mt/set_18/frenetic/test-929,0.37195491790771484,0.8653498902686335,0.14285714285714285,0.4115918734095032,PASS
mt/set_17/frenetic/test-547,0.7506927847862244,0.8474595105147652,0.14285714285714285,0.6717970564010104,PASS
mt/set_12/frenetic/test-809,0.3199840188026428,0.7709531349834708,0.14285714285714285,0.3438378226115584,PASS
mt/set_12/frenetic/test-329,0.25459930300712585,0.031613745589910265,0.14285714285714285,0.11453464719128599,PASS
mt/set_9/frenetic/test-759,0.2586607336997986,0.08495152373808924,0.14285714285714285,0.12787923293046735,PASS
mt/set_11/frenetic/test-335,0.039777062833309174,0.08259021585132091,0.14285714285714285,0.14045990470796776,PASS
mt/set_11/frenetic/test-184,0.13017255067825317,0.5320721171208711,0.14285714285714285,0.19352224881922303,PASS
mt_set5/frenetic/test-422,0.11453986167907715,0.27288385143206373,0.14285714285714285,0.15775038407189995,PASS
mt/set_9/frenetic/test-268,0.8345887064933777,0.9751645970497542,0.28571428571428575,0.861121729243211,PASS
mt/set_14/frenetic/test-444,0.23520344495773315,0.16176348029002413,0.14285714285714285,0.14730397855288987,PASS
mt/set_14/frenetic/test-180,0.4030597507953644,0.05728255132372143,0.14285714285714285,0.10836547357674155,PASS
mt_set5/frenetic/test-579,0.024780793115496635,0.1405394894018946,0.14285714285714285,0.14279970717152543,PASS
mt/set_11/frenetic/test-507,0.588208794593811,0.32591604855960216,0.14285714285714285,0.25053400112004853,PASS
mt/set_7/frenetic/odr/test-640,0.14925813674926758,0.4141734033391671,0.14285714285714285,0.1833533023664687,PASS
mt/set_8/frenetic/odr/test-339,0.42724913358688354,0.3669750256965858,0.14285714285714285,0.2386113141216215,PASS
mt/set_8/frenetic/odr/test-434,0.45723575353622437,0.08667388949079083,0.14285714285714285,0.11716815066806227,PASS
mt/set_17/frenetic/test-6,0.11894295364618301,0.33616690279745526,0.14285714285714285,0.1658499734799722,PASS
mt/set_13/frenetic/test-178,0.15500353276729584,0.07600633386115509,0.14285714285714285,0.1324950291656757,PASS
mt/set_16/frenetic/test-323,0.4292779862880707,0.34341750701447343,0.14285714285714285,0.22895328785432925,PASS
mt/set_10/frenetic/test-340,0.45073094964027405,0.46095507958996573,0.28571428571428575,0.3647007436685358,PASS
mt/set_9/frenetic/test-409,0.5186764597892761,0.41331222046281635,0.28571428571428575,0.3518963307860766,PASS
mt/set_7/frenetic/odr/test-416,0.43913960456848145,0.15126260521710136,0.14285714285714285,0.14654831427411028,PASS
mt/set_17/frenetic/test-67,0.4925711452960968,0.32061005083756977,0.14285714285714285,0.2304131005782481,PASS
mt/set_11/frenetic/test-497,0.6615799069404602,0.49620801733477793,0.14285714285714285,0.3766269815113869,PASS
mt/set_7/frenetic/odr/test-466,0.21345844864845276,0.14290079728866292,0.14285714285714285,0.14286646552184637,PASS
mt/set_16/frenetic/test-26,0.6898488998413086,0.3784204239242159,0.14285714285714285,0.30536021314427214,PASS
mt/set_16/frenetic/test-277,0.04033317044377327,0.42853571130927576,0.14285714285714285,0.1543794679115775,PASS
mt/set_17/frenetic/test-636,0.16379190981388092,0.5648804067005584,0.14285714285714285,0.21198114135668056,PASS
mt_set6/frenetic/test-949,0.40604498982429504,0.24896519154373975,0.14285714285714285,0.18594178866384253,PASS
mt/set_9/frenetic/test-767,0.23366354405879974,0.050504208684057,0.14285714285714285,0.12127762682529325,PASS
mt/set_13/frenetic/test-326,0.012929428368806839,0.22960246687223926,0.14285714285714285,0.143978708713772,PASS
mt/set_17/frenetic/test-761,0.23049791157245636,0.3458343750868128,0.14285714285714285,0.18964297311157657,PASS
mt/set_18/frenetic/test-149,0.47746357321739197,0.8241520126677223,0.14285714285714285,0.46815062155410536,PASS
mt/set_8/frenetic/odr/test-742,0.5036182403564453,0.04958746562213512,0.14285714285714285,0.09588483212943465,PASS
mt/set_17/frenetic/test-470,0.3415287435054779,0.08270133622246297,0.14285714285714285,0.1223122015451675,PASS
mt/set_9/frenetic/test-154,0.5790500640869141,0.40083895880212234,0.14285714285714285,0.2922415299133417,PASS
mt/set_8/frenetic/odr/test-812,0.26412397623062134,0.15137372558824344,0.14285714285714285,0.14510657655197817,PASS
mt/set_16/frenetic/test-429,0.08316825330257416,0.25963274717337553,0.28571428571428575,0.2835451254529199,PASS
mt/set_13/frenetic/test-46,0.6578753590583801,0.7642859127149484,0.14285714285714285,0.5516798179565541,PASS
mt/set_11/frenetic/test-300,0.7564406991004944,0.9148817957051977,0.14285714285714285,0.7268480109803419,PASS
mt/set_16/frenetic/test-720,0.06900562345981598,0.02075172931077591,0.14285714285714285,0.13443118479629446,PASS
mt/set_13/frenetic/test-888,0.39969855546951294,0.8240686723893658,0.14285714285714285,0.41513640718034983,PASS
mt/set_7/frenetic/odr/test-617,0.49568405747413635,0.4007833986165513,0.14285714285714285,0.2707070800985529,PASS
mt/set_17/frenetic/test-322,0.023739995434880257,0.31460955079589964,0.14285714285714285,0.1469345445036308,PASS
mt/set_18/frenetic/test-700,0.8461467027664185,0.6987804539267162,0.14285714285714285,0.6132498195096523,PASS
mt_set5/frenetic/test-753,0.0787237212061882,0.08056226907797864,0.14285714285714285,0.13795305751680859,PASS
mt/set_13/frenetic/test-568,0.6421709060668945,0.7414228963524737,0.14285714285714285,0.5272386551198529,PASS
mt/set_9/frenetic/test-538,0.11192413419485092,0.051254271189265684,0.14285714285714285,0.13260457394905964,PASS
mt/set_12/frenetic/test-748,0.2976031005382538,0.26046614995694084,0.14285714285714285,0.1778579437637936,PASS
mt/set_17/frenetic/test-160,0.2755292057991028,0.6706392199349945,0.14285714285714285,0.2882765193894042,PASS
mt/set_13/frenetic/test-686,0.8660857677459717,0.14176181348445702,0.14285714285714285,0.14190849367646552,PASS
mt/set_14/frenetic/test-79,0.1543206423521042,0.02200183348612375,0.14285714285714285,0.12420667175460759,PASS
mt/set_10/frenetic/test-316,0.20853404700756073,0.4669833597244215,0.14285714285714285,0.21044849247298944,PASS
mt/set_17/frenetic/test-841,0.1515827625989914,0.1492346584437591,0.14285714285714285,0.14382386215954296,PASS
mt/set_16/frenetic/test-666,0.10691309720277786,0.5214045614912354,0.14285714285714285,0.18332882088579888,PASS
mt/set_7/frenetic/odr/test-562,0.7465146780014038,0.41795149595799647,0.14285714285714285,0.3482191152822311,PASS
mt/set_7/frenetic/odr/test-390,0.04773304983973503,0.0399477734255632,0.14285714285714285,0.13794496213616791,PASS
mt_set5/frenetic/test-113,0.3900305926799774,0.13715031808206232,0.14285714285714285,0.14063130235032278,PASS
mt/set_12/frenetic/test-636,0.6196578145027161,0.7906770008611829,0.14285714285714285,0.5442837802593862,PASS
mt/set_7/frenetic/odr/test-710,0.5450319051742554,0.8998249854154512,0.14285714285714285,0.5554287682423434,PASS
mt/set_7/frenetic/odr/test-237,0.9817554950714111,0.6803900325027086,0.14285714285714285,0.6705830110482914,PASS
mt/set_11/frenetic/test-336,0.032387640327215195,0.30558102064060894,0.14285714285714285,0.14812738900873376,PASS
mt/set_12/frenetic/test-120,0.8640984296798706,0.5872711614856794,0.14285714285714285,0.5268745984817821,PASS
mt_set6/frenetic/test-173,0.038476016372442245,0.42989693585576566,0.14285714285714285,0.1539012943573906,PASS
mt/set_18/frenetic/test-258,0.7786589860916138,0.6966413867822318,0.14285714285714285,0.5740662207453635,PASS
mt/set_10/frenetic/test-207,0.1773609071969986,0.06992249354112841,0.14285714285714285,0.12992138941709688,PASS
mt/set_10/frenetic/test-284,0.5363743305206299,0.9104647609523016,0.14285714285714285,0.554582165115469,PASS
mt/set_16/frenetic/test-540,0.01622927561402321,0.16790288079562185,0.14285714285714285,0.14326361757328734,PASS
mt/set_8/frenetic/odr/test-518,0.6591827869415283,0.7191154818457093,0.14285714285714285,0.522716720749922,PASS
mt/set_11/frenetic/test-65,0.5288637280464172,0.2425479901102869,0.14285714285714285,0.19558001598754654,PASS
mt_set6/frenetic/test-679,0.15415328741073608,0.10014723449176315,0.14285714285714285,0.13627327007760828,PASS
mt/set_11/frenetic/test-202,0.17809739708900452,0.10798122065727693,0.14285714285714285,0.13664583614974274,PASS
mt/set_8/frenetic/odr/test-222,0.17715060710906982,0.5756035225157652,0.14285714285714285,0.21951842673791983,PASS
mt/set_11/frenetic/test-815,0.24650128185749054,0.2833847265049865,0.14285714285714285,0.17749737449140934,PASS
mt/set_16/frenetic/test-361,0.7413375973701477,0.1582354085062644,0.14285714285714285,0.1542576293651825,PASS
mt/set_8/frenetic/odr/test-523,0.588103175163269,0.42556324138122625,0.14285714285714285,0.3091174970371763,PASS
mt/set_16/frenetic/test-91,0.2147940993309021,0.47859543850876457,0.28571428571428575,0.32714401920668196,PASS
mt/set_11/frenetic/test-704,0.741553544998169,0.05344889851932103,0.14285714285714285,0.07655614231636862,PASS
mt/set_13/frenetic/test-668,0.2339162677526474,0.6921410117509793,0.14285714285714285,0.27134357327678627,PASS
mt/set_7/frenetic/odr/test-124,0.782823383808136,0.9948329027418951,0.14285714285714285,0.8098036901326325,PASS
mt/set_8/frenetic/odr/test-715,0.8845990896224976,0.8889074089507459,0.14285714285714285,0.8028125290561662,PASS
mt/set_9/frenetic/test-316,0.2062576562166214,0.18468205683806976,0.14285714285714285,0.15148385371504794,PASS
mt/set_13/frenetic/test-149,0.36653438210487366,0.25354890685334885,0.14285714285714285,0.18342948443506535,PASS
mt/set_7/frenetic/odr/test-483,0.12475526332855225,0.3387504514265077,0.14285714285714285,0.1672958641520153,PASS
mt/set_14/frenetic/test-68,0.47835513949394226,0.24243686973914486,0.14285714285714285,0.19049161274307697,PASS
mt_set6/frenetic/test-807,0.20121051371097565,0.6458593771703197,0.14285714285714285,0.24406648294980304,PASS
mt/set_12/frenetic/test-182,0.3341749310493469,0.5311275939661638,0.14285714285714285,0.2726073940849988,PASS
mt/set_10/frenetic/test-570,0.05334411934018135,0.5845487123926995,0.14285714285714285,0.1664187890574466,PASS
mt/set_7/frenetic/odr/test-801,0.641364336013794,0.4974859016029113,0.14285714285714285,0.3703033812415185,PASS
mt/set_16/frenetic/test-327,0.08869677782058716,0.48912409367447285,0.14285714285714285,0.17356990566039976,PASS
mt/set_17/frenetic/test-696,0.23635713756084442,0.40450593104980964,0.14285714285714285,0.20469969935188792,PASS
mt/set_11/frenetic/test-419,0.590626060962677,0.7141428452371031,0.14285714285714285,0.480273366938115,PASS
mt/set_7/frenetic/odr/test-948,0.44442155957221985,0.8273467233380559,0.14285714285714285,0.44705907398287936,PASS
mt/set_10/frenetic/test-283,0.16685783863067627,0.6319693307775647,0.14285714285714285,0.2244693453814656,PASS
mt/set_10/frenetic/test-486,0.1493898630142212,0.5785482123510293,0.14285714285714285,0.20794497204535406,PASS
mt/set_8/frenetic/odr/test-238,0.26339030265808105,0.8242353529460789,0.14285714285714285,0.3223255558370892,PASS
mt/set_8/frenetic/odr/test-46,0.43253785371780396,0.25860488374031165,0.14285714285714285,0.1929224222714332,PASS
mt_set6/frenetic/test-159,0.36469969153404236,0.415312387143373,0.14285714285714285,0.24222148214768852,PASS
mt/set_12/frenetic/test-921,0.32213813066482544,0.22957468677945386,0.14285714285714285,0.17079217035212102,PASS
mt/set_16/frenetic/test-518,0.21878214180469513,0.5520737839264384,0.14285714285714285,0.2323864381811438,PASS
mt/set_14/frenetic/test-433,0.269770085811615,0.10992582715226265,0.14285714285714285,0.13397325899354795,PASS
mt/set_16/frenetic/test-42,0.7648525238037109,0.6030224740950635,0.14285714285714285,0.49481575782143705,PASS
mt/set_12/frenetic/test-231,0.4128725528717041,0.34689001861266217,0.14285714285714285,0.22709671714007934,PASS
mt/set_13/frenetic/test-877,0.660912275314331,0.39564408145123203,0.14285714285714285,0.3099271336131064,PASS
mt/set_13/frenetic/test-133,0.6661640405654907,0.27349501347334493,0.14285714285714285,0.22988339459770382,PASS
mt/set_16/frenetic/test-302,0.32728835940361023,0.07683973664472031,0.14285714285714285,0.12125041002832275,PASS
mt/set_18/frenetic/test-174,0.8458815217018127,0.36700280578937133,0.14285714285714285,0.3324578173011179,PASS
mt/set_12/frenetic/test-184,0.17960697412490845,0.5075422951912659,0.14285714285714285,0.20835713957615598,PASS
mt/set_12/frenetic/test-687,0.17940250039100647,0.18829346890018606,0.14285714285714285,0.15100853761532043,PASS
mt/set_9/frenetic/test-297,0.5357683300971985,0.7514237297552573,0.14285714285714285,0.46890784687249726,PASS
mt/set_14/frenetic/test-830,0.9673474431037903,0.9043253604467039,0.14285714285714285,0.8794614761472053,PASS
mt/set_12/frenetic/test-859,0.35860440135002136,0.5655193488346252,0.14285714285714285,0.2944256659475027,PASS
mt/set_8/frenetic/odr/test-410,0.17761000990867615,0.15067922326860567,0.14285714285714285,0.1442464183790546,PASS
mt/set_10/frenetic/test-666,0.2149980515241623,0.043920326693891065,0.14285714285714285,0.12158591802930216,PASS
mt_set5/frenetic/test-743,0.06261125952005386,0.0737283662527433,0.14285714285714285,0.138528899891755,PASS
mt/set_10/frenetic/test-853,0.20861831307411194,0.8654332305469901,0.14285714285714285,0.29359975159616497,PASS
mt/set_7/frenetic/odr/test-145,0.6130034327507019,0.43689751923771425,0.14285714285714285,0.3231049029457415,PASS
mt/set_14/frenetic/test-711,0.24479958415031433,0.2866627774536767,0.14285714285714285,0.17806069814737174,PASS
mt/set_14/frenetic/test-457,0.21476136147975922,0.15748534600105563,0.14285714285714285,0.14599871355159474,PASS
mt/set_11/frenetic/test-264,0.3215149939060211,0.13181654026724446,0.14285714285714285,0.1393074278402075,PASS
mt/set_16/frenetic/test-108,0.30700019001960754,0.13184432036002997,0.14285714285714285,0.1394762085153516,PASS
mt/set_10/frenetic/test-293,0.13043852150440216,0.15887435064033115,0.14285714285714285,0.14494640588774804,PASS
mt/set_10/frenetic/test-282,0.4811251163482666,0.405394894018946,0.14285714285714285,0.26917064893067766,PASS
mt/set_18/frenetic/test-228,0.08260150253772736,0.026502208517376398,0.14285714285714285,0.13324605258173686,PASS
mt_set5/frenetic/test-105,0.7602552175521851,0.3882545767702864,0.14285714285714285,0.32942182236352774,PASS
mt/set_11/frenetic/test-781,0.682460367679596,0.5713253882267967,0.14285714285714285,0.4352697391311481,PASS
mt/set_7/frenetic/odr/test-355,0.671359658241272,0.6818345973275551,0.14285714285714285,0.5047048624901496,PASS
mt_set5/frenetic/test-180,0.5368494987487793,0.3847820651720977,0.14285714285714285,0.27273441613676375,PASS
mt_set6/frenetic/test-301,0.4594077467918396,0.37953162763563625,0.14285714285714285,0.25158723463235005,PASS
mt/set_11/frenetic/test-524,0.4450259208679199,0.6908631274828458,0.14285714285714285,0.38673401080632747,PASS
mt_set5/frenetic/test-372,0.29932186007499695,0.6169125204878185,0.14285714285714285,0.2847522760106372,PASS
mt/set_12/frenetic/test-790,0.18732568621635437,0.23679751090368642,0.14285714285714285,0.16045458250740388,PASS
mt/set_18/frenetic/test-177,0.5349923372268677,0.8096508042336862,0.14285714285714285,0.49958664220504034,PASS
mt/set_12/frenetic/test-298,0.2144586443901062,0.3021918493207767,0.14285714285714285,0.17702784800962926,PASS
mt/set_18/frenetic/test-648,0.606677234172821,0.17970942022946348,0.14285714285714285,0.16521458056635197,PASS
mt/set_13/frenetic/test-32,0.3126976788043976,0.7152818290413089,0.14285714285714285,0.3218530177747419,PASS
mt/set_9/frenetic/test-19,0.48251399397850037,0.13217768147345613,0.14285714285714285,0.1377041490338864,PASS
mt/set_17/frenetic/test-15,0.09921260923147202,0.18562657999277718,0.14285714285714285,0.1471004135038365,PASS
mt/set_14/frenetic/test-154,0.31566959619522095,0.5140706169958608,0.28571428571428575,0.3577994365985626,PASS
mt/set_10/frenetic/test-611,0.20566202700138092,0.01936272467150038,0.14285714285714285,0.11745903261846473,PASS
mt/set_9/frenetic/test-406,0.37168723344802856,0.0858404867072256,0.14285714285714285,0.12166477967232259,PASS
mt/set_14/frenetic/test-544,0.23266878724098206,0.25504903186376643,0.14285714285714285,0.16896069786806345,PASS
mt_set6/frenetic/test-263,0.4792541563510895,0.07897880378920463,0.14285714285714285,0.1122431876155039,PASS
mt/set_17/frenetic/test-494,0.369455486536026,0.3010528655165708,0.14285714285714285,0.20130342479767466,PASS
mt/set_13/frenetic/test-617,0.2329881489276886,0.7269216879184376,0.14285714285714285,0.27893726432274113,PASS
mt/set_10/frenetic/test-739,0.2749089002609253,0.7844264799844431,0.14285714285714285,0.31923026376793984,PASS
mt/set_13/frenetic/test-519,0.46146851778030396,0.11278717670917013,0.14285714285714285,0.12898080014913396,PASS
mt/set_16/frenetic/test-336,0.4560636281967163,0.4237575353501681,0.14285714285714285,0.2709655950193936,PASS
mt/set_16/frenetic/test-667,0.9367904663085938,0.701225102091841,0.14285714285714285,0.6659309237603936,PASS
mt/set_7/frenetic/odr/test-947,0.37213945388793945,0.7523960330027503,0.14285714285714285,0.36969061255938995,PASS
mt/set_9/frenetic/test-422,0.28005707263946533,0.8636553046087174,0.14285714285714285,0.34472176600119664,PASS
mt/set_16/frenetic/test-488,0.6999968886375427,0.5366836125232658,0.14285714285714285,0.4185344462865365,PASS
mt_set6/frenetic/test-358,0.3115711212158203,0.4770675334055616,0.14285714285714285,0.24698744896229086,PASS
mt_set6/frenetic/test-146,0.10838010162115097,0.3840320026668889,0.14285714285714285,0.16899570186489593,PASS
mt/set_13/frenetic/test-533,0.8824687600135803,0.2541878489874156,0.14285714285714285,0.24110301304736095,PASS
mt/set_14/frenetic/test-335,0.6249573230743408,0.4543434175070144,0.14285714285714285,0.3375227712367255,PASS
mt/set_18/frenetic/test-526,0.4150947630405426,0.24371475400727832,0.14285714285714285,0.18472261331581813,PASS
mt_set6/frenetic/test-859,0.28460368514060974,0.001889046309414685,0.14285714285714285,0.10273709883492753,PASS
mt/set_16/frenetic/test-462,0.15971100330352783,0.48792954968469593,0.14285714285714285,0.19796900316393448,PASS
mt/set_8/frenetic/odr/test-856,0.4444015920162201,0.020612828846848334,0.14285714285714285,0.08853157083856263,PASS
mt/set_9/frenetic/test-483,0.2038436084985733,0.016334694557879805,0.14285714285714285,0.11706635256848422,PASS
mt/set_13/frenetic/test-611,0.07520901411771774,0.2614662332972192,0.14285714285714285,0.15177761455017155,PASS
mt/set_13/frenetic/test-886,0.0338849201798439,0.43334166736116897,0.14285714285714285,0.1527001845903357,PASS
mt/set_10/frenetic/test-388,0.626838743686676,0.018529321887935043,0.14285714285714285,0.06492364775550265,PASS
mt/set_13/frenetic/test-210,0.03757737576961517,0.10703669750256964,0.14285714285714285,0.14151110239308176,PASS
mt/set_16/frenetic/test-498,0.12869231402873993,0.5416284690390866,0.14285714285714285,0.19417594546306932,PASS
mt_set5/frenetic/test-59,0.6574773192405701,0.9075756313026085,0.14285714285714285,0.6456422046139685,PASS
mt/set_17/frenetic/test-541,0.1512751281261444,0.22740783954218402,0.14285714285714285,0.1556475560738526,PASS
mt/set_7/frenetic/odr/test-618,0.2779378890991211,0.7991499291607634,0.14285714285714285,0.3252657745133517,PASS
mt/set_11/frenetic/test-766,0.5463503003120422,0.7342834125065978,0.14285714285714285,0.4659830628925534,PASS
mt/set_16/frenetic/test-331,0.8018360733985901,0.3074145067644526,0.14285714285714285,0.274805173381403,PASS
mt/set_8/frenetic/odr/test-354,0.15987063944339752,0.04708725727143922,0.14285714285714285,0.12754635213787271,PASS
mt/set_9/frenetic/test-712,0.5155003070831299,0.5733533350001389,0.14285714285714285,0.3647780621049754,PASS
mt_set5/frenetic/test-818,0.9787321090698242,0.7235325165986054,0.14285714285714285,0.7111827760840329,PASS
mt/set_7/frenetic/odr/test-173,0.18481068313121796,0.4978748229019085,0.14285714285714285,0.20846820070113886,PASS
mt/set_17/frenetic/test-236,0.2322966605424881,0.5270439203266939,0.14285714285714285,0.23210245041663688,PASS
mt/set_12/frenetic/test-410,0.2261883169412613,0.11453732255465725,0.14285714285714285,0.13645153249558198,PASS
mt/set_11/frenetic/test-596,0.459190309047699,0.8314859571630969,0.14285714285714285,0.4590688209174444,PASS
mt/set_7/frenetic/odr/test-700,0.052328821271657944,0.025891046476095178,0.14285714285714285,0.13673644437259116,PASS
mt_set5/frenetic/test-843,0.08810076117515564,0.3891990999249937,0.14285714285714285,0.1645600525267234,PASS
mt/set_13/frenetic/test-354,0.21697281301021576,0.012195460732838852,0.14285714285714285,0.11450710800524867,PASS
mt/set_14/frenetic/test-363,0.09685482829809189,0.16915298497096978,0.14285714285714285,0.14540402532313726,PASS
mt/set_17/frenetic/test-7,0.8203325271606445,0.6376642497985943,0.14285714285714285,0.5487635073514711,PASS
mt/set_16/frenetic/test-600,0.7564799189567566,0.8062616329138539,0.14285714285714285,0.644709317730792,PASS
mt/set_13/frenetic/test-835,0.1488662213087082,0.03941995166263853,0.14285714285714285,0.1274588369324933,PASS
mt/set_11/frenetic/test-554,0.6564991474151611,0.35936328027335607,0.14285714285714285,0.28499323748103655,PASS
mt/set_13/frenetic/test-0,0.6828605532646179,0.4623718643220268,0.14285714285714285,0.3610411423328438,PASS
mt/set_7/frenetic/odr/test-572,0.43612563610076904,0.8012056560268911,0.14285714285714285,0.42997980693929483,PASS
mt/set_13/frenetic/test-939,0.022537749260663986,0.6598883240270023,0.14285714285714285,0.15450985931737243,PASS
mt/set_17/frenetic/test-441,0.3502061665058136,0.6983359724421478,0.14285714285714285,0.3373892585987182,PASS
mt/set_18/frenetic/test-278,0.12119317799806595,0.3003861432897185,0.14285714285714285,0.16194858411079405,PASS
mt/set_14/frenetic/test-768,0.3272416889667511,0.15106814456760276,0.14285714285714285,0.14554412918245727,PASS
mt_set5/frenetic/test-24,0.35879015922546387,0.6133844487040586,0.14285714285714285,0.31167770984188625,PASS
mt/set_16/frenetic/test-261,0.3814032971858978,0.02577992610495312,0.14285714285714285,0.09820350210503503,PASS
mt_set5/frenetic/test-423,0.22944147884845734,0.21187876767508404,0.14285714285714285,0.15869356865663198,PASS
mt/set_17/frenetic/test-552,0.822450578212738,0.6636941967386171,0.14285714285714285,0.5712198789765803,PASS
mt/set_17/frenetic/test-490,0.411757230758667,0.40636719726643883,0.14285714285714285,0.25135931313778026,PASS
mt_set6/frenetic/test-57,0.3729605972766876,0.109453565574909,0.14285714285714285,0.13039892898025754,PASS
mt/set_13/frenetic/test-898,0.037383969873189926,0.39331055365724926,0.14285714285714285,0.15222008508894735,PASS
mt/set_13/frenetic/test-175,0.31479620933532715,0.20062783009695248,0.14285714285714285,0.1610431362109317,PASS
mt/set_14/frenetic/test-50,0.4887971580028534,0.10934244520376694,0.14285714285714285,0.12647524963537318,PASS
mt/set_12/frenetic/test-461,0.023332761600613594,0.5234602883573631,0.14285714285714285,0.151737663452898,PASS
mt/set_9/frenetic/test-96,0.15930096805095673,0.501819596077451,0.14285714285714285,0.2000402070203469,PASS
mt/set_9/frenetic/test-12,0.062059417366981506,0.45170430869239103,0.14285714285714285,0.1620240201530592,PASS
mt/set_8/frenetic/odr/test-837,0.4310494661331177,0.31755424063116366,0.14285714285714285,0.21816023358763958,PASS
mt/set_14/frenetic/test-660,0.27156591415405273,0.7468400144456483,0.14285714285714285,0.3068783035134652,PASS
mt_set6/frenetic/test-939,0.8592877984046936,0.3371392060449482,0.14285714285714285,0.30980134920331365,PASS
mt_set6/frenetic/test-839,0.4835825562477112,0.26582770786454424,0.14285714285714285,0.20232356302664736,PASS
mt/set_18/frenetic/test-797,0.0472513884305954,0.4677056421368447,0.14285714285714285,0.15820668334896673,PASS
mt_set5/frenetic/test-437,0.6007015109062195,0.5957163096924744,0.14285714285714285,0.41489032860285824,PASS
mt/set_9/frenetic/test-860,0.5686793327331543,0.20935077923160264,0.14285714285714285,0.18067069962157165,PASS
mt_set5/frenetic/test-213,0.049607835710048676,0.07028363474733999,0.14285714285714285,0.13925693138303583,PASS
mt/set_13/frenetic/test-553,0.3720785677433014,0.07531183154151731,0.14285714285714285,0.1177249844225241,PASS
mt_set6/frenetic/test-366,0.3272666335105896,0.1534016723615857,0.14285714285714285,0.14630801553001493,PASS
mt/set_16/frenetic/test-583,0.2546306550502777,0.0180570603105814,0.14285714285714285,0.11107921183050855,PASS
mt/set_10/frenetic/test-519,0.15959808230400085,0.36353029419118255,0.14285714285714285,0.17807615036856153,PASS
mt/set_12/frenetic/test-434,0.2216423749923706,0.04067005583798648,0.14285714285714285,0.12020815419666499,PASS
mt/set_12/frenetic/test-824,0.595452606678009,0.6206072728282912,0.14285714285714285,0.4273347030892207,PASS
mt/set_9/frenetic/test-278,0.5076020359992981,0.042392421590688074,0.14285714285714285,0.09186104579618842,PASS
mt/set_18/frenetic/test-463,0.3353832960128784,0.626635552962747,0.14285714285714285,0.3051083405782304,PASS
mt/set_8/frenetic/odr/test-252,0.896093487739563,0.9591354835125149,0.14285714285714285,0.8743188481012784,PASS
mt/set_10/frenetic/test-912,0.6251647472381592,0.7573964497041421,0.14285714285714285,0.5270454532900607,PASS
mt/set_16/frenetic/test-780,0.3841710388660431,0.7121148984637609,0.14285714285714285,0.361549490468564,PASS
mt/set_10/frenetic/test-47,0.3728359043598175,0.07839542184070893,0.14285714285714285,0.11882350306286509,PASS
mt/set_12/frenetic/test-900,0.2758826017379761,0.021696252465483196,0.14285714285714285,0.10943096118700203,PASS
mt/set_9/frenetic/test-532,0.6893958449363708,0.5436008556268577,0.14285714285714285,0.4191281933249587,PASS
mt/set_11/frenetic/test-243,0.4658523499965668,0.08747951218157066,0.14285714285714285,0.11705933921221096,PASS
mt_set5/frenetic/test-496,0.589989185333252,0.23010250854237854,0.14285714285714285,0.19433096508187672,PASS
mt/set_9/frenetic/test-752,0.17075583338737488,0.1887935105703253,0.14285714285714285,0.1507010413513216,PASS
mt/set_11/frenetic/test-822,0.2180146723985672,0.5961330110842571,0.14285714285714285,0.2416779349035906,PASS
mt/set_7/frenetic/odr/test-214,0.467354416847229,0.32827735644637046,0.14285714285714285,0.22951409865082495,PASS
mt/set_17/frenetic/test-634,0.28540247678756714,0.023724199238825454,0.14285714285714285,0.10885630568148147,PASS
mt/set_8/frenetic/odr/test-475,0.1295832246541977,0.181042864683168,0.14285714285714285,0.14780536969837005,PASS
mt/set_17/frenetic/test-486,0.6634140014648438,0.17237547573408887,0.14285714285714285,0.16244001818760886,PASS
mt/set_7/frenetic/odr/test-646,0.03515226021409035,0.32344362030169177,0.14285714285714285,0.14920516623560393,PASS
mt/set_17/frenetic/test-304,0.4096163511276245,0.31213712253798925,0.14285714285714285,0.21219699045296958,PASS
mt/set_8/frenetic/odr/test-169,0.18392117321491241,0.11975997999833317,0.14285714285714285,0.138609087694952,PASS
mt/set_9/frenetic/test-511,0.08977541327476501,0.5415729088535155,0.14285714285714285,0.17865201127115707,PASS
mt_set6/frenetic/test-125,0.3038581311702728,0.02030724782620767,0.14285714285714285,0.10561935652045515,PASS
mt/set_13/frenetic/test-15,0.07305461913347244,0.409811928771842,0.14285714285714285,0.1623594241323675,PASS
mt/set_7/frenetic/odr/test-434,0.2579214572906494,0.44445370447537297,0.14285714285714285,0.2206453675435659,PASS
mt/set_18/frenetic/test-828,0.5911056399345398,0.6259688307358946,0.14285714285714285,0.4284271862805681,PASS
mt/set_11/frenetic/test-894,0.03840332105755806,0.32291579853876706,0.14285714285714285,0.14977199162392357,PASS
mt/set_13/frenetic/test-338,0.40501829981803894,0.10573103314165067,0.14285714285714285,0.1278203847638416,PASS
mt/set_10/frenetic/test-113,0.3576675057411194,0.12934411200933404,0.14285714285714285,0.13802397081880427,PASS
mt/set_9/frenetic/test-371,0.5271396040916443,0.8263188599049921,0.14285714285714285,0.5031368817935415,PASS
mt/set_9/frenetic/test-318,0.34385988116264343,0.0608661832930522,0.14285714285714285,0.1146637369875489,PASS
mt/set_7/frenetic/odr/test-312,0.2187114655971527,0.6051337611467621,0.14285714285714285,0.24396233529708639,PASS
mt_set5/frenetic/test-381,0.6392494440078735,0.7498402644664833,0.14285714285714285,0.5308707658680772,PASS
mt_set5/frenetic/test-827,0.13377024233341217,0.255132372142123,0.14285714285714285,0.15787622961537137,PASS
mt/set_8/frenetic/odr/test-111,0.5576210021972656,0.31269272439369944,0.14285714285714285,0.23756103004231294,PASS
mt/set_12/frenetic/test-582,0.286962628364563,0.7930938689335223,0.14285714285714285,0.32945078283118906,PASS
mt/set_14/frenetic/test-264,0.19551877677440643,0.053782259632747104,0.14285714285714285,0.12544132851904857,PASS
mt/set_18/frenetic/test-7,0.019349759444594383,0.3523071367058366,0.14285714285714285,0.14690995065206333,PASS
mt/set_11/frenetic/test-395,0.02741551399230957,0.3527238380976192,0.14285714285714285,0.1486107461770279,PASS
mt/set_8/frenetic/odr/test-142,0.2762836217880249,0.0987304497597021,0.28571428571428575,0.23405371430093547,PASS
mt/set_10/frenetic/test-516,0.32588621973991394,0.09609134094507875,0.14285714285714285,0.12761680820144,PASS
mt_set6/frenetic/test-696,0.5357267260551453,0.1665138761563463,0.14285714285714285,0.15553068713668486,PASS
mt/set_8/frenetic/odr/test-336,0.7936925292015076,0.5291274272856071,0.14285714285714285,0.44943698186055636,PASS
mt/set_11/frenetic/test-66,0.3718566596508026,0.24621496235797422,0.14285714285714285,0.18129143210803794,PASS
mt_set6/frenetic/test-110,0.21363602578639984,0.09723032474928464,0.14285714285714285,0.13310960863856378,PASS
mt/set_17/frenetic/test-848,0.13744570314884186,0.6080228907964552,0.14285714285714285,0.2067921782921559,PASS
mt_set5/frenetic/test-433,0.624078094959259,0.7597021974053394,0.14285714285714285,0.5278166293846216,PASS
mt/set_17/frenetic/test-83,0.45941615104675293,0.09811928771842089,0.14285714285714285,0.12230384964322402,PASS
mt/set_13/frenetic/test-710,0.2832871675491333,0.4736783620857294,0.14285714285714285,0.23657454901756,PASS
mt/set_14/frenetic/test-477,0.1583479940891266,0.6716115231824874,0.14285714285714285,0.22658434260497493,PASS
mt/set_7/frenetic/odr/test-605,0.18337401747703552,0.020807289496346828,0.14285714285714285,0.12047636665641599,PASS
mt/set_12/frenetic/test-180,0.04788781702518463,0.5047920660055005,0.14285714285714285,0.16018941836063297,PASS
mt/set_14/frenetic/test-384,0.1893490105867386,0.540017223657527,0.14285714285714285,0.21805901332998207,PASS
mt/set_11/frenetic/test-72,0.6625088453292847,0.16515265160985632,0.14285714285714285,0.157628114616932,PASS
mt/set_13/frenetic/test-49,0.18474282324314117,0.6439425507681196,0.14285714285714285,0.23542907792929502,PASS
mt/set_11/frenetic/test-124,0.056880999356508255,0.48595716309692466,0.14285714285714285,0.16237301329106685,PASS
mt/set_14/frenetic/test-724,0.10014636814594269,0.5492402144623162,0.14285714285714285,0.18355493368313083,PASS
mt/set_11/frenetic/test-608,0.5732404589653015,0.6619440508931299,0.14285714285714285,0.4404187602625713,PASS
mt_set6/frenetic/test-67,0.4256191551685333,0.26707781203989217,0.14285714285714285,0.19572784338664911,PASS
mt/set_13/frenetic/test-737,0.07884988188743591,0.4291190932577715,0.14285714285714285,0.16542885957762482,PASS
mt/set_11/frenetic/test-892,0.1525808870792389,0.015001250104175308,0.14285714285714285,0.12334878158006166,PASS
mt/set_11/frenetic/test-220,0.44266146421432495,0.13476123010250848,0.14285714285714285,0.13927339426302496,PASS
mt/set_7/frenetic/odr/test-372,0.21960079669952393,0.4419812762174626,0.14285714285714285,0.2085450408551237,PASS
mt/set_17/frenetic/test-595,0.10677913576364517,0.1457065866599994,0.14285714285714285,0.14316140081071296,PASS
mt/set_8/frenetic/odr/test-98,0.33440855145454407,0.30919243270272523,0.14285714285714285,0.19848109044765042,PASS
mt/set_16/frenetic/test-925,0.6363108158111572,0.7817873711698198,0.14285714285714285,0.5494153576811913,PASS
mt/set_8/frenetic/odr/test-614,0.2413824051618576,0.8051504292024335,0.14285714285714285,0.30272308710898266,PASS
mt/set_11/frenetic/test-516,0.5966314077377319,0.6300802844681501,0.14285714285714285,0.43354977171891845,PASS
mt/set_13/frenetic/test-932,0.38448143005371094,0.010917576464705385,0.14285714285714285,0.09212882968991196,PASS
mt/set_7/frenetic/odr/test-129,0.35498812794685364,0.09661916270800341,0.14285714285714285,0.1264432131014307,PASS
mt/set_11/frenetic/test-735,0.16613997519016266,0.2892741061755145,0.14285714285714285,0.1671828556390134,PASS
mt/set_7/frenetic/odr/test-150,0.49588295817375183,0.8658221518459871,0.14285714285714285,0.5013631659131694,PASS
mt/set_16/frenetic/test-929,0.29547929763793945,0.22668555712976074,0.14285714285714285,0.1676267038285182,PASS
mt_set6/frenetic/test-809,0.6550999879837036,0.13537239214378968,0.14285714285714285,0.13795388275476417,PASS
mt/set_7/frenetic/odr/test-21,0.09135265648365021,0.5424063116370809,0.14285714285714285,0.1793570229497618,PASS
mt/set_13/frenetic/test-773,0.49606218934059143,0.1511237047531738,0.14285714285714285,0.1469578759070821,PASS
mt/set_12/frenetic/test-755,0.3119768500328064,0.0767841764591494,0.14285714285714285,0.12224390692797338,PASS
mt/set_14/frenetic/test-929,0.1734214723110199,0.062144067561185665,0.14285714285714285,0.12885975824709311,PASS
mt/set_10/frenetic/test-353,0.40817791223526,0.01252882184626492,0.14285714285714285,0.08966000088179593,PASS
mt/set_8/frenetic/odr/test-84,0.25048208236694336,0.5327943995332944,0.14285714285714285,0.2405294389018386,PASS
mt/set_10/frenetic/test-92,0.5490813255310059,0.11539850543100809,0.14285714285714285,0.1277801178219255,PASS
mt/set_12/frenetic/test-645,0.20311877131462097,0.3629469122426868,0.14285714285714285,0.1875615021361782,PASS
mt/set_18/frenetic/test-195,0.45566272735595703,0.34344528710725886,0.14285714285714285,0.23425768374142086,PASS
mt/set_18/frenetic/test-233,0.5331587195396423,0.9147151151484846,0.14285714285714285,0.5543799510304593,PASS
mt/set_10/frenetic/test-535,0.036119043827056885,0.38564324804844846,0.14285714285714285,0.15162634483114806,PASS
mt_set5/frenetic/test-29,0.20893391966819763,0.8128177348112343,0.14285714285714285,0.2828346310998625,PASS
mt/set_7/frenetic/odr/test-72,0.23023006319999695,0.4514265077645359,0.14285714285714285,0.21389908298388025,PASS
mt/set_12/frenetic/test-323,0.32066720724105835,0.5867155596299691,0.14285714285714285,0.28518798177412275,PASS
mt/set_8/frenetic/odr/test-704,0.3248641788959503,0.22768564047003917,0.14285714285714285,0.17041488733860813,PASS
mt/set_18/frenetic/test-397,0.20169638097286224,0.46690001944606496,0.14285714285714285,0.20821541621642697,PASS
mt/set_12/frenetic/test-799,0.2335643321275711,0.3755035141817374,0.14285714285714285,0.19719503932621202,PASS
mt/set_7/frenetic/odr/test-950,0.3261081576347351,0.3341111759313276,0.14285714285714285,0.20522664322317793,PASS
mt/set_11/frenetic/test-940,0.30729106068611145,0.4550934800122232,0.14285714285714285,0.2388045823437484,PASS
mt/set_13/frenetic/test-739,0.423495888710022,0.3554740672833847,0.14285714285714285,0.23289953622182574,PASS
mt_set6/frenetic/test-40,0.11214452981948853,0.19882212406589433,0.14285714285714285,0.1491333093611548,PASS
mt/set_13/frenetic/test-171,0.7512935996055603,0.7133650026391088,0.14285714285714285,0.5714760464360003,PASS
mt/set_11/frenetic/test-465,0.1256745308637619,0.5058199294385644,0.14285714285714285,0.18847231865302944,PASS
mt/set_7/frenetic/odr/test-202,0.677399754524231,0.9317443120260022,0.14285714285714285,0.6772491175994436,PASS
mt/set_9/frenetic/test-810,0.6080760359764099,0.21015640192238233,0.14285714285714285,0.18378020953368313,PASS
mt/set_13/frenetic/test-852,0.1576070636510849,0.042003500291690976,0.14285714285714285,0.1269618942651486,PASS
mt/set_12/frenetic/test-331,0.3318076729774475,0.06250520876739725,0.14285714285714285,0.11619575458758712,PASS
mt/set_13/frenetic/test-64,0.07572434097528458,0.48956857515904095,0.14285714285714285,0.16911163438369511,PASS
mt/set_8/frenetic/odr/test-229,0.035043880343437195,0.18921021196210794,0.14285714285714285,0.144481532135671,PASS
mt/set_17/frenetic/test-511,0.25771206617355347,0.1679862210739784,0.14285714285714285,0.14933320952544038,PASS
mt/set_8/frenetic/odr/test-178,0.46412086486816406,0.7405894935689085,0.14285714285714285,0.4202771984291683,PASS
mt/set_13/frenetic/test-846,0.1561654955148697,0.4098952690501986,0.14285714285714285,0.184559286284181,PASS
mt/set_11/frenetic/test-631,0.35501089692115784,0.6912798288746285,0.14285714285714285,0.33755317676959556,PASS
mt/set_12/frenetic/test-289,0.2674896717071533,0.6399977775925771,0.14285714285714285,0.27583712803481,PASS
mt/set_13/frenetic/test-804,0.28516295552253723,0.04467038919909986,0.14285714285714285,0.11485792224832665,PASS
mt/set_14/frenetic/test-646,0.07569761574268341,0.5302386309970275,0.14285714285714285,0.17218100002092201,PASS
mt/set_11/frenetic/test-384,0.8996010422706604,0.6909742478539879,0.14285714285714285,0.6359438617986817,PASS
mt/set_8/frenetic/odr/test-848,0.1710064560174942,0.15923549184654273,0.14285714285714285,0.14565794840197516,PASS
mt_set5/frenetic/test-243,0.4460485279560089,0.8030669222435203,0.14285714285714285,0.43734274735207257,PASS
mt/set_18/frenetic/test-690,0.8397273421287537,0.20535044587048915,0.14285714285714285,0.19533447809738697,PASS
mt/set_13/frenetic/test-734,0.7160938382148743,0.9496902519654417,0.14285714285714285,0.720625360757345,PASS
mt/set_17/frenetic/test-933,0.5083715915679932,0.8055115704086451,0.14285714285714285,0.47973182885107746,PASS
mt/set_16/frenetic/test-730,0.39779239892959595,0.602883573631136,0.14285714285714285,0.32585216032574926,PASS
mt/set_12/frenetic/test-862,0.2698752284049988,0.12914965135983544,0.14285714285714285,0.13915783045844743,PASS
mt_set6/frenetic/test-865,0.48861926794052124,0.3218045948273467,0.14285714285714285,0.23029431583864546,PASS
mt/set_12/frenetic/test-9,0.09861842542886734,0.37717031974886794,0.14285714285714285,0.16596473622633445,PASS
mt/set_12/frenetic/test-436,0.22526438534259796,0.0063338611550961925,0.14285714285714285,0.11210331184831428,PASS
mt/set_8/frenetic/odr/test-841,0.04819339141249657,0.09956385254326745,0.14285714285714285,0.14077069183932706,PASS
mt/set_7/frenetic/odr/test-548,0.6201713681221008,0.6424702058504876,0.14285714285714285,0.4527028596653988,PASS
mt/set_8/frenetic/odr/test-663,0.5950542688369751,0.7743700863960886,0.14285714285714285,0.5186416157357961,PASS
mt/set_13/frenetic/test-808,0.1388167291879654,0.6069950273633913,0.14285714285714285,0.20728724800525922,PASS
mt/set_16/frenetic/test-687,0.06304290145635605,0.527210600883407,0.14285714285714285,0.1670879032290083,PASS
mt_set6/frenetic/test-762,0.45470115542411804,0.13259438286523875,0.14285714285714285,0.13819064977350903,PASS
mt/set_18/frenetic/test-744,0.9509509205818176,0.5826041058977136,0.14285714285714285,0.5610349221836322,PASS
mt/set_18/frenetic/test-52,0.23787784576416016,0.5424340917298663,0.14285714285714285,0.2379076466720023,PASS
mt/set_17/frenetic/test-914,0.17794175446033478,0.8717948717948718,0.14285714285714285,0.2725656033653916,PASS
mt/set_18/frenetic/test-550,0.557213544845581,0.08803511403728084,0.14285714285714285,0.11230956584280094,PASS
mt/set_10/frenetic/test-649,0.5080236792564392,0.7833708364585937,0.14285714285714285,0.46825326609468354,PASS
mt/set_14/frenetic/test-560,0.15040172636508942,0.3707808984082007,0.14285714285714285,0.1771372713003739,PASS
mt/set_8/frenetic/odr/test-685,0.3965548872947693,0.4241742367419507,0.14285714285714285,0.25441481131672483,PASS
mt/set_8/frenetic/odr/test-3,0.9274011850357056,0.08161791260382811,0.14285714285714285,0.08606380814954433,PASS
mt/set_13/frenetic/test-179,0.16843828558921814,0.704114231741534,0.14285714285714285,0.2373943204261505,PASS
mt/set_8/frenetic/odr/test-785,0.27892693877220154,0.03711420396144123,0.14285714285714285,0.11336258435671422,PASS
mt/set_13/frenetic/test-750,0.19033850729465485,0.11909325777148091,0.14285714285714285,0.13833396257115357,PASS
mt/set_18/frenetic/test-844,0.04295508190989494,0.4723171375392394,0.14285714285714285,0.1570091212538242,PASS
mt/set_17/frenetic/test-793,0.330551415681839,0.7080590049170763,0.14285714285714285,0.32968542276453994,PASS
mt/set_8/frenetic/odr/test-416,0.2563663125038147,0.7950384754285079,0.14285714285714285,0.3100544661722877,PASS
mt/set_7/frenetic/odr/test-216,0.2714711129665375,0.023501958496541336,0.14285714285714285,0.11045565386296946,PASS
mt/set_14/frenetic/test-298,0.26817190647125244,0.013139983887546138,0.14285714285714285,0.10807064503423157,PASS
mt/set_7/frenetic/odr/test-99,0.18458127975463867,0.07095035697419225,0.14285714285714285,0.12958449629582505,PASS
mt/set_17/frenetic/test-84,0.40293240547180176,0.2431035919659971,0.14285714285714285,0.18324968573658004,PASS
mt_set5/frenetic/test-669,0.4331873953342438,0.08511820429480232,0.14285714285714285,0.11784536670943326,PASS
mt/set_9/frenetic/test-710,0.8265973925590515,0.8665166541656248,0.14285714285714285,0.7410322080052915,PASS
mt/set_14/frenetic/test-937,0.06408646702766418,0.04328138455982444,0.14285714285714285,0.1364756885637417,PASS
mt/set_8/frenetic/odr/test-366,0.7394099831581116,0.8589604689279663,0.14285714285714285,0.672351091126638,PASS
mt/set_18/frenetic/test-930,0.7290427088737488,0.7330333083312498,0.14285714285714285,0.5731207732471075,PASS
mt/set_10/frenetic/test-108,0.32317349314689636,0.0028613495569074867,0.14285714285714285,0.0976142090529603,PASS
mt/set_12/frenetic/test-125,0.06377383321523666,0.1374836791954885,0.14285714285714285,0.14251445967490234,PASS
mt/set_11/frenetic/test-186,0.3516625761985779,0.013890046392754932,0.14285714285714285,0.09750424146962569,PASS
mt/set_17/frenetic/test-802,0.6229594945907593,0.7610356418590437,0.14285714285714285,0.5279573081622412,PASS
mt/set_18/frenetic/test-865,0.27485859394073486,0.1470678112064894,0.14285714285714285,0.144014481239195,PASS
mt/set_7/frenetic/odr/test-957,0.13283903896808624,0.4402589104647609,0.14285714285714285,0.18236370998228627,PASS
mt/set_11/frenetic/test-864,0.3366359770298004,0.06825568797399785,0.14285714285714285,0.11774361346218538,PASS
mt_set6/frenetic/test-453,0.3511638045310974,0.48567936216906965,0.14285714285714285,0.2632438976685133,PASS
mt/set_17/frenetic/test-396,0.20606285333633423,0.17059754979581623,0.14285714285714285,0.14857341026363693,PASS
mt/set_13/frenetic/test-866,0.439788281917572,0.6219962774675667,0.14285714285714285,0.35357691966693344,PASS
mt/set_8/frenetic/odr/test-657,0.4082724452018738,0.9276050782009612,0.28571428571428575,0.5477806091153893,PASS
mt/set_17/frenetic/test-40,0.4725249111652374,0.3622524099230492,0.14285714285714285,0.2465268761950084,PASS
mt_set5/frenetic/test-435,0.5167175531387329,0.2561602355751868,0.14285714285714285,0.2014028396894615,PASS
mt/set_16/frenetic/test-461,0.6429625153541565,0.9442175736866961,0.14285714285714285,0.6581018611686029,PASS
mt/set_14/frenetic/test-736,0.35436752438545227,0.13726143845320438,0.14285714285714285,0.14087421119780102,PASS
mt/set_11/frenetic/test-64,0.08529333770275116,0.5479623301941827,0.14285714285714285,0.17740991427707994,PASS
mt/set_8/frenetic/odr/test-281,0.20895972847938538,0.5376559157707586,0.14285714285714285,0.22535419150664115,PASS
mt/set_11/frenetic/test-488,0.22931557893753052,0.5927438397644248,0.14285714285714285,0.24602317121472952,PASS
mt_set5/frenetic/test-258,0.19547727704048157,0.24202016834736223,0.14285714285714285,0.16224126532054142,PASS
mt/set_7/frenetic/odr/test-79,0.21364876627922058,0.5837430897019196,0.14285714285714285,0.23705187721290077,PASS
mt/set_18/frenetic/test-893,0.919244110584259,0.6256354696224685,0.14285714285714285,0.5866482764538914,PASS
mt/set_14/frenetic/test-493,0.1664186418056488,0.7216990304747618,0.14285714285714285,0.23918721935721038,PASS
mt/set_14/frenetic/test-497,0.09029305726289749,0.38647665083201377,0.14285714285714285,0.16485429410544544,PASS
mt/set_11/frenetic/test-640,0.0799630656838417,0.5405450454204517,0.14285714285714285,0.17465748353837598,PASS
mt/set_7/frenetic/odr/test-889,0.639750063419342,0.27846765008195123,0.14285714285714285,0.22961397345454315,PASS
mt/set_7/frenetic/odr/test-396,0.14637541770935059,0.10728671833763917,0.14285714285714285,0.13765050711000157,PASS
mt/set_18/frenetic/test-454,0.14194758236408234,0.6916687501736256,0.14285714285714285,0.220759625817801,PASS
mt_set6/frenetic/test-414,0.3156098425388336,0.42584104230908126,0.14285714285714285,0.23216965106166887,PASS
mt/set_16/frenetic/test-378,0.12551982700824738,0.775759091035364,0.14285714285714285,0.22229888803439324,PASS
mt/set_11/frenetic/test-760,0.302317351102829,0.006500541711809282,0.14285714285714285,0.10163417213602599,PASS
mt/set_14/frenetic/test-729,0.19978022575378418,0.04900408367363942,0.14285714285714285,0.12410715750577926,PASS
mt/set_16/frenetic/test-633,0.539519190788269,0.813678917687585,0.14285714285714285,0.5047783639768135,PASS
mt/set_7/frenetic/odr/test-492,0.25646764039993286,0.5752423813095536,0.14285714285714285,0.25374996470679495,PASS
mt/set_18/frenetic/test-101,0.8927347660064697,0.7094480095563519,0.14285714285714285,0.6486725076612642,PASS
mt/set_17/frenetic/test-878,0.04537254944443703,0.24085340445037084,0.14285714285714285,0.14730348361383588,PASS
mt/set_11/frenetic/test-830,0.1261533945798874,0.06475539628302351,0.14285714285714285,0.1330043402754623,PASS
mt/set_11/frenetic/test-55,0.10481148213148117,0.6126066061060644,0.14285714285714285,0.1920922792663614,PASS
mt/set_12/frenetic/test-301,0.043678123503923416,0.14992916076339688,0.14285714285714285,0.1431660379895958,PASS
mt_set6/frenetic/test-327,0.4561088979244232,0.4414812345473233,0.14285714285714285,0.27906224395415835,PASS
mt/set_10/frenetic/test-322,0.3279052674770355,0.021751812651054227,0.14285714285714285,0.10314606290554601,PASS
mt/set_7/frenetic/odr/test-530,0.6502891778945923,0.8628219018251521,0.14285714285714285,0.6110424340795279,PASS
mt/set_7/frenetic/odr/test-686,0.48117595911026,0.7390060282801345,0.14285714285714285,0.42970965457306337,PASS
mt/set_11/frenetic/test-739,0.12930938601493835,0.17162541322888017,0.14285714285714285,0.1465771459781493,PASS
mt/set_8/frenetic/odr/test-386,0.2548503577709198,0.06703336389143541,0.14285714285714285,0.12353342140271453,PASS
mt/set_8/frenetic/odr/test-723,0.02072213403880596,0.4652332138789343,0.14285714285714285,0.14953746061693057,PASS
mt/set_8/frenetic/odr/test-574,0.02296128310263157,0.26599438842125733,0.14285714285714285,0.14568453547221688,PASS
mt/set_18/frenetic/test-425,0.20546916127204895,0.4998472094896797,0.14285714285714285,0.2162075966880577,PASS
mt/set_13/frenetic/test-555,0.37671491503715515,0.8666555546295525,0.14285714285714285,0.4155227957945393,PASS
mt/set_16/frenetic/test-589,0.8378300070762634,0.2883851432063783,0.14285714285714285,0.26478486841953724,PASS
mt/set_11/frenetic/test-664,0.0673321783542633,0.1505403228046781,0.14285714285714285,0.14337447235717282,PASS
mt/set_12/frenetic/test-300,0.23235894739627838,0.29544128677389775,0.14285714285714285,0.1783114360557396,PASS
mt/set_8/frenetic/odr/test-95,0.4076327085494995,0.4737617023640858,0.14285714285714285,0.27774466472033704,PASS
mt/set_8/frenetic/odr/test-526,0.533087968826294,0.13409450787565622,0.14285714285714285,0.13818588757329592,PASS
mt/set_9/frenetic/test-5,0.37044721841812134,0.10611995444064776,0.14285714285714285,0.1292479535957498,PASS
mt/set_12/frenetic/test-680,0.6050798296928406,0.9750256965858266,0.14285714285714285,0.6463855496230323,PASS
mt_set5/frenetic/test-457,0.5560250282287598,0.08567380615051251,0.14285714285714285,0.11106177645062404,PASS
mt/set_9/frenetic/test-242,0.8360405564308167,0.8197905381003973,0.14285714285714285,0.7088009152829152,PASS
mt/set_7/frenetic/odr/test-607,0.3206404745578766,0.34241742367419503,0.14285714285714285,0.20684425025870018,PASS
mt/set_12/frenetic/test-71,0.31489458680152893,0.65513792816068,0.14285714285714285,0.30417159332913757,PASS
mt/set_17/frenetic/test-744,0.5885732769966125,0.5038475428507931,0.14285714285714285,0.35532644554572357,PASS
mt/set_16/frenetic/test-620,0.6399996876716614,0.6233019418284858,0.14285714285714285,0.45034166414227644,PASS
mt/set_16/frenetic/test-457,0.4697935879230499,0.41561796816401364,0.14285714285714285,0.2709984338803845,PASS
mt/set_11/frenetic/test-155,0.04886971041560173,0.05486568325138207,0.14285714285714285,0.13855702304624154,PASS
mt/set_7/frenetic/odr/test-257,0.39930760860443115,0.05172653276661944,0.14285714285714285,0.10646799687123311,PASS
mt/set_14/frenetic/test-224,0.04256303980946541,0.2204628163458065,0.14285714285714285,0.14616027888820288,PASS
mt/set_14/frenetic/test-571,0.7062536478042603,0.3874767341722921,0.14285714285714285,0.31562062154785436,PASS
mt/set_13/frenetic/test-832,0.03412574529647827,0.17601466788899078,0.14285714285714285,0.1439886681110413,PASS
mt/set_7/frenetic/odr/test-766,0.035736557096242905,0.1302052948856849,0.14285714285714285,0.14240500883755353,PASS
mt_set5/frenetic/test-110,0.3120432198047638,0.6491374281190099,0.14285714285714285,0.3008384774514048,PASS
mt/set_11/frenetic/test-910,0.26557809114456177,0.676167458399311,0.14285714285714285,0.2844926784465358,PASS
mt_set6/frenetic/test-31,0.12250369042158127,0.46131622079617746,0.14285714285714285,0.18186955408855993,PASS
mt/set_18/frenetic/test-806,0.9111412763595581,0.736366919465511,0.14285714285714285,0.6836283982479676,PASS
mt_set6/frenetic/test-133,0.24618375301361084,0.05575464622051833,0.14285714285714285,0.1214139233382832,PASS
mt/set_16/frenetic/test-443,0.1437452882528305,0.40745062088507367,0.14285714285714285,0.18089120649734944,PASS
mt/set_13/frenetic/test-329,0.24562950432300568,0.6880295580187237,0.14285714285714285,0.27676757509259514,PASS
mt/set_18/frenetic/test-193,0.5389209985733032,0.18926577214767898,0.14285714285714285,0.16786772769681682,PASS
mt/set_11/frenetic/test-725,0.061774563044309616,0.6491652082117955,0.14285714285714285,0.17413410395678924,PASS
mt/set_18/frenetic/test-609,0.09540461748838425,0.005778259299386004,0.14285714285714285,0.12977918334121163,PASS
mt/set_13/frenetic/test-145,0.2661805748939514,0.03136372475484063,0.14285714285714285,0.11317976072978035,PASS
mt/set_16/frenetic/test-592,0.25443127751350403,0.05767147262271853,0.14285714285714285,0.12118324821102883,PASS
mt/set_17/frenetic/test-32,0.9548035264015198,0.5443231380392811,0.14285714285714285,0.526178290787344,PASS
mt/set_13/frenetic/test-156,0.3268078863620758,0.24974303414173396,0.14285714285714285,0.1777882993272613,PASS
mt_set5/frenetic/test-107,0.06394770741462708,0.14331749868044552,0.14285714285714285,0.14288658581411265,PASS
mt/set_17/frenetic/test-482,0.5805176496505737,0.7095035697419229,0.14285714285714285,0.471805394775191,PASS
mt_set5/frenetic/test-722,0.28585508465766907,0.06975581298441533,0.14285714285714285,0.12196076027526076,PASS
mt/set_14/frenetic/test-831,0.7123310565948486,0.5672139344945412,0.14285714285714285,0.44513966461741084,PASS
mt/set_11/frenetic/test-95,0.15667660534381866,0.26627218934911234,0.14285714285714285,0.16219339551859152,PASS
mt/set_17/frenetic/test-751,0.39381176233291626,0.5942161846820568,0.14285714285714285,0.3206076425631087,PASS
mt/set_18/frenetic/test-500,0.3368895351886749,0.048754062838569895,0.14285714285714285,0.11115480422733776,PASS
mt/set_8/frenetic/odr/test-466,0.22289374470710754,0.053476678612106546,0.14285714285714285,0.1229348007353816,PASS
mt/set_11/frenetic/test-132,0.5013912320137024,0.1524571492068783,0.14285714285714285,0.14767050186817607,PASS
mt/set_14/frenetic/test-827,0.14592906832695007,0.6683334722337972,0.14285714285714285,0.21953940977346895,PASS
mt/set_16/frenetic/test-473,0.08351311832666397,0.3093313331666528,0.14285714285714285,0.15675991841769057,PASS
mt/set_16/frenetic/test-930,0.3091250956058502,0.23432508264577603,0.14285714285714285,0.17113218274664888,PASS
mt/set_13/frenetic/test-281,0.3919174075126648,0.0041947940106119835,0.14285714285714285,0.08851295457759373,PASS
mt_set6/frenetic/test-361,0.41060519218444824,0.35008472928299583,0.14285714285714285,0.22794586580744958,PASS
mt/set_11/frenetic/test-593,0.16413064301013947,0.3720587826763341,0.14285714285714285,0.18047615750838242,PASS
mt/set_14/frenetic/test-233,0.5764410495758057,0.1996833069422452,0.14285714285714285,0.1756140765257262,PASS
mt/set_17/frenetic/test-115,0.5747138261795044,0.09081312331583179,0.14285714285714285,0.11294672525679508,PASS
mt/set_13/frenetic/test-162,0.45951297879219055,0.4343139706086618,0.28571428571428575,0.35399777808263067,PASS
mt/set_14/frenetic/test-828,0.7957409024238586,0.6934466761118981,0.14285714285714285,0.580983754914413,PASS
mt/set_13/frenetic/test-308,0.7106543779373169,0.0906464427591188,0.14285714285714285,0.10575338025730976,PASS
mt/set_14/frenetic/test-403,0.8489892482757568,0.7782592993860599,0.14285714285714285,0.6823067420814228,PASS
mt/set_13/frenetic/test-319,0.0932660847902298,0.10442536878073168,0.14285714285714285,0.13927276388623064,PASS
mt/set_13/frenetic/test-910,0.07364649325609207,0.3134150068061227,0.14285714285714285,0.1554181324986035,PASS
mt/set_8/frenetic/odr/test-394,0.10735113173723221,0.1551518182070728,0.14285714285714285,0.14417699123466832,PASS
mt/set_12/frenetic/test-644,0.37758225202560425,0.00880628941300658,0.14285714285714285,0.09224191972775166,PASS
mt/set_13/frenetic/test-628,0.6114159822463989,0.8740450593104981,0.14285714285714285,0.5899171210021689,PASS
mt/set_14/frenetic/test-258,0.887087881565094,0.7289774147845653,0.14285714285714285,0.6627973332235969,PASS
mt/set_16/frenetic/test-878,0.3818274140357971,0.6747506736672501,0.14285714285714285,0.34594867426873566,PASS
mt/set_17/frenetic/test-946,0.5658319592475891,0.6475817429230214,0.14285714285714285,0.42844645219287475,PASS
mt/set_18/frenetic/test-46,0.05192432925105095,0.11812095452398812,0.14285714285714285,0.14157273020879446,PASS
mt/set_7/frenetic/odr/test-12,0.24870532751083374,0.6342195182931911,0.14285714285714285,0.26506158336646646,PASS
mt/set_17/frenetic/test-334,0.9069815278053284,0.35016806956135227,0.14285714285714285,0.33088432389006517,PASS
mt_set5/frenetic/test-134,0.16064681112766266,0.021918493207767314,0.14285714285714285,0.12342873657762236,PASS
mt/set_7/frenetic/odr/test-422,0.17198972404003143,0.42692446592771616,0.14285714285714285,0.1917138012321039,PASS
mt/set_18/frenetic/test-80,0.419717401266098,0.09100758396533039,0.14285714285714285,0.12109497648480319,PASS
mt/set_11/frenetic/test-669,0.11035484075546265,0.6202183515292942,0.14285714285714285,0.19553626302299326,PASS
mt/set_18/frenetic/test-215,0.40555277466773987,0.7623968664055337,0.14285714285714285,0.3941132010165519,PASS
mt/set_16/frenetic/test-581,0.02237873338162899,0.1380948412367697,0.14285714285714285,0.1427505672484368,PASS
mt/set_18/frenetic/test-346,0.4345683753490448,0.14909575797983166,0.14285714285714285,0.14556824343796307,PASS
mt/set_8/frenetic/odr/test-60,0.11600430309772491,0.6603883656971414,0.14285714285714285,0.20289299382274759,PASS
mt/set_18/frenetic/test-681,0.522092878818512,0.06756118565436009,0.14285714285714285,0.10354565979774652,PASS
mt/set_7/frenetic/odr/test-167,0.1216668039560318,0.18943245270439193,0.14285714285714285,0.14852381407825685,PASS
mt/set_18/frenetic/test-563,0.16715703904628754,0.5907992332694391,0.14285714285714285,0.2177338142259294,PASS
mt/set_13/frenetic/test-75,0.019016314297914505,0.09184098674889574,0.14285714285714285,0.14188700200176396,PASS
mt/set_9/frenetic/test-243,0.10222960263490677,0.43339722754674004,0.14285714285714285,0.17255894132884117,PASS
mt/set_7/frenetic/odr/test-154,0.4198993742465973,0.027335611300941736,0.14285714285714285,0.09434972830216008,PASS
mt_set5/frenetic/test-668,0.3257090449333191,0.40042225741033977,0.14285714285714285,0.22674843032640554,PASS
mt/set_9/frenetic/test-513,0.05230950191617012,0.1459288274022835,0.14285714285714285,0.14301781954918977,PASS
mt_set6/frenetic/test-775,0.1693761795759201,0.10998138733783368,0.14285714285714285,0.13728877085787297,PASS
mt_set5/frenetic/test-763,0.40243470668792725,0.022557435341834048,0.14285714285714285,0.09444436534857611,PASS
mt/set_9/frenetic/test-456,0.24761489033699036,0.13709475789649128,0.14285714285714285,0.1414302947945062,PASS
mt/set_18/frenetic/test-774,0.07223179936408997,0.094091174264522,0.14285714285714285,0.13933469345543978,PASS
mt/set_16/frenetic/test-104,0.5662360787391663,0.6816401366780565,0.14285714285714285,0.44793551256964537,PASS
mt/set_12/frenetic/test-907,0.28369903564453125,0.3391115926327194,0.14285714285714285,0.19853434099942202,PASS
mt/set_14/frenetic/test-600,0.14008083939552307,0.3046642775786871,0.14285714285714285,0.1655232263665959,PASS
mt_set6/frenetic/test-613,0.16069334745407104,0.031835986332194276,0.14285714285714285,0.12501678157692647,PASS
mt/set_18/frenetic/test-761,0.3565080165863037,0.37814262299636076,0.14285714285714285,0.22673830271313156,PASS
mt/set_17/frenetic/test-785,0.420194149017334,0.15331833208322915,0.14285714285714285,0.14725287336170748,PASS
mt_set6/frenetic/test-659,0.24499431252479553,0.11439842209072978,0.14285714285714285,0.135884922385115,PASS
mt/set_7/frenetic/odr/test-842,0.3725567162036896,0.24832624940967302,0.14285714285714285,0.18215037111276516,PASS
mt/set_14/frenetic/test-211,0.8009821176528931,0.9700530599772204,0.14285714285714285,0.8054262802658096,PASS
mt/set_9/frenetic/test-847,0.13948827981948853,0.04486484984859846,0.14285714285714285,0.12918836646981371,PASS
mt_set5/frenetic/test-160,0.03657497838139534,0.06583881990165838,0.14285714285714285,0.14004020202099632,PASS
mt/set_7/frenetic/odr/test-566,0.677220344543457,0.22451870989249104,0.14285714285714285,0.19816001742077996,PASS
mt/set_10/frenetic/test-348,0.6957164406776428,0.8599605522682445,0.14285714285714285,0.641757774450437,PASS
mt/set_18/frenetic/test-888,0.7017756700515747,0.7688974081173431,0.14285714285714285,0.5821969694893855,PASS
mt/set_12/frenetic/test-98,0.31853187084198,0.20646164958190952,0.14285714285714285,0.16311720537816407,PASS
mt/set_9/frenetic/test-497,0.12221145629882812,0.7256993638358752,0.14285714285714285,0.21408713947539715,PASS
mt/set_10/frenetic/test-600,0.04221632331609726,0.471372614384532,0.14285714285714285,0.15672586141058922,PASS
mt/set_14/frenetic/test-909,0.13131177425384521,0.12723282495763535,0.14285714285714285,0.14080548595225242,PASS
mt/set_12/frenetic/test-217,0.8550022840499878,0.4853182209628579,0.14285714285714285,0.43566214683575055,PASS
mt/set_10/frenetic/test-425,0.5632687211036682,0.780009445231547,0.14285714285714285,0.5017451053638312,PASS
mt/set_7/frenetic/odr/test-159,0.7269299030303955,0.38358752118232076,0.14285714285714285,0.31785125342953485,PASS
mt/set_8/frenetic/odr/test-422,0.25189465284347534,0.3725310442536878,0.14285714285714285,0.20071077051663214,PASS
mt/set_17/frenetic/test-311,0.9277890920639038,0.9227157818707115,0.14285714285714285,0.8664014814857335,PASS
mt/set_9/frenetic/test-488,0.4227958619594574,0.29274661777370337,0.14285714285714285,0.2062297883456659,PASS
mt_set5/frenetic/test-708,0.2412286102771759,0.09122982470761451,0.14285714285714285,0.13040316090506912,PASS
mt/set_16/frenetic/test-453,0.2251773625612259,0.4882906908909076,0.14285714285714285,0.22064096027228985,PASS
mt/set_14/frenetic/test-473,0.37722718715667725,0.013778926021612872,0.14285714285714285,0.09416533019707622,PASS
mt/set_14/frenetic/test-803,0.5282530188560486,0.11334277856488031,0.14285714285714285,0.127266090820138,PASS
mt_set5/frenetic/test-133,0.42012453079223633,0.010556435258493691,0.14285714285714285,0.08727437015377952,PASS
mt/set_14/frenetic/test-376,0.5872675180435181,0.8852959968886296,0.14285714285714285,0.5788673659632878,PASS
mt/set_10/frenetic/test-339,0.6227532625198364,0.03758646553879487,0.14285714285714285,0.0772994851094687,PASS
mt/set_12/frenetic/test-8,0.13515028357505798,0.33786148845737146,0.14285714285714285,0.16921203120590772,PASS
mt/set_13/frenetic/test-787,0.767892599105835,0.9815262382976359,0.14285714285714285,0.7868649343446825,PASS
mt/set_16/frenetic/test-685,0.4716564416885376,0.266522210184182,0.14285714285714285,0.20118456847378757,PASS
mt_set5/frenetic/test-569,0.255084365606308,0.12889963052476594,0.14285714285714285,0.13929679542092163,PASS
mt/set_11/frenetic/test-35,0.3895186483860016,0.07617301441786817,0.14285714285714285,0.11688243553615267,PASS
mt/set_16/frenetic/test-548,0.15327288210391998,0.35241825707697866,0.14285714285714285,0.17497718093926318,PASS
mt/set_8/frenetic/odr/test-118,0.296491414308548,0.04961524571492063,0.14285714285714285,0.11521172515810785,PASS
mt/set_16/frenetic/test-8,0.7100110054016113,0.44362030169180766,0.14285714285714285,0.35640229564910775,PASS
mt/set_7/frenetic/odr/test-451,0.2920396327972412,0.2142956357474234,0.14285714285714285,0.1637200140884087,PASS
mt/set_14/frenetic/test-367,0.23720137774944305,0.37553129427452286,0.14285714285714285,0.1980477700112906,PASS
mt/set_12/frenetic/test-764,0.5000132322311401,0.39978331527627303,0.14285714285714285,0.2713236287732073,PASS
mt/set_13/frenetic/test-242,0.8725417852401733,0.5400727838430981,0.14285714285714285,0.489444387368348,PASS
mt/set_17/frenetic/test-822,0.3096183240413666,0.8384587604522599,0.14285714285714285,0.35822814563993194,PASS
mt/set_11/frenetic/test-566,0.35460782051086426,0.5114870683668084,0.14285714285714285,0.2735761973172076,PASS
mt_set6/frenetic/test-951,0.6166026592254639,0.40833958385421004,0.14285714285714285,0.3065543219536018,PASS
mt/set_17/frenetic/test-763,0.27014288306236267,0.841236769730811,0.14285714285714285,0.331519424475338,PASS
mt/set_11/frenetic/test-106,0.1914006769657135,0.0637553129427452,0.14285714285714285,0.12771700331977504,PASS
mt/set_9/frenetic/test-327,0.8121674656867981,0.7133372225463233,0.14285714285714285,0.6061825034031071,PASS
mt/set_7/frenetic/odr/test-208,0.5674991011619568,0.6180515042920243,0.14285714285714285,0.41252951584866804,PASS
mt/set_13/frenetic/test-209,0.3416045904159546,0.5100702836347474,0.14285714285714285,0.2682988374078327,PASS
mt_set5/frenetic/test-53,0.6489771604537964,0.24554824013112198,0.14285714285714285,0.20950131956989443,PASS
mt/set_10/frenetic/test-601,0.0548214316368103,0.3699197155318498,0.14285714285714285,0.15530503816230756,PASS
mt_set6/frenetic/test-690,0.0400160513818264,0.3477512014890129,0.14285714285714285,0.15105619350300237,PASS
mt/set_18/frenetic/test-243,0.7039792537689209,0.8200405589354669,0.14285714285714285,0.6195802187726501,PASS
mt/set_14/frenetic/test-721,0.5954329967498779,0.05375447953996159,0.14285714285714285,0.0898024770197982,PASS
mt_set6/frenetic/test-187,0.02127455174922943,0.21721254548990193,0.14285714285714285,0.14443901858955097,PASS
mt/set_9/frenetic/test-650,0.18155956268310547,0.5642970247520627,0.14285714285714285,0.21937358351120412,PASS
mt/set_8/frenetic/odr/test-248,0.786887526512146,0.4767897324777064,0.14285714285714285,0.4056245323254636,PASS
mt/set_13/frenetic/test-498,0.7530840635299683,0.31635969664138675,0.14285714285714285,0.2735191510938081,PASS
mt_set6/frenetic/test-643,0.18074670433998108,0.5915770758674334,0.14285714285714285,0.2239617961778846,PASS
mt/set_7/frenetic/odr/test-850,0.3824516236782074,0.2081284551490402,0.14285714285714285,0.1678202579653117,PASS
mt/set_13/frenetic/test-114,0.7471242547035217,0.493874489540795,0.14285714285714285,0.4051107163861742,PASS
mt/set_9/frenetic/test-803,0.39446941018104553,0.4162569102980804,0.14285714285714285,0.2507049921206791,PASS
mt/set_18/frenetic/test-410,0.12612015008926392,0.10328638497652579,0.14285714285714285,0.13786647293409351,PASS
mt/set_10/frenetic/test-563,0.5826649069786072,0.22882462427424508,0.14285714285714285,0.19294737742022383,PASS
mt/set_14/frenetic/test-262,0.5663814544677734,0.20021112870516988,0.14285714285714285,0.17534137678127248,PASS
mt/set_18/frenetic/test-745,0.9231469035148621,0.8328471817095869,0.14285714285714285,0.779819310679876,PASS
mt/set_16/frenetic/test-868,0.693777859210968,0.9356613051087591,0.14285714285714285,0.6928871173176142,PASS
mt/set_17/frenetic/test-762,0.021029986441135406,0.1668472372697725,0.14285714285714285,0.14336165102425605,PASS
mt_set6/frenetic/test-261,0.11768659204244614,0.006528321804594797,0.14285714285714285,0.12681307170340997,PASS
mt/set_12/frenetic/test-505,0.1040409579873085,0.7643970330860905,0.14285714285714285,0.20752274527078318,PASS
mt/set_10/frenetic/test-517,0.31427010893821716,0.03958663221935162,0.14285714285714285,0.11040230397142425,PASS
mt_set5/frenetic/test-738,0.6513975858688354,0.2749395782981915,0.14285714285714285,0.22889532243911825,PASS
mt/set_7/frenetic/odr/test-538,0.4721512794494629,0.7221435119593299,0.14285714285714285,0.41636794319637427,PASS
mt/set_13/frenetic/test-184,0.2949058711528778,0.22454648998527654,0.14285714285714285,0.1669478066784003,PASS
mt/set_8/frenetic/odr/test-787,0.547585129737854,0.9034363974775677,0.14285714285714285,0.5593390326743884,PASS
mt/set_8/frenetic/odr/test-865,0.5430697798728943,0.8367086146067727,0.14285714285714285,0.5196669088846981,PASS
mt/set_8/frenetic/odr/test-677,0.4790990650653839,0.2687446176070228,0.14285714285714285,0.20316971857072708,PASS
mt/set_12/frenetic/test-56,0.6244912147521973,0.22632441592354915,0.14285714285714285,0.1949817216064363,PASS
mt/set_7/frenetic/odr/test-651,0.44971439242362976,0.20643386948912412,0.14285714285714285,0.1714485075892529,PASS
mt_set5/frenetic/test-426,0.536427915096283,0.1806817234769564,0.14285714285714285,0.16314730377842068,PASS
mt/set_13/frenetic/test-110,0.016624711453914642,0.20012778842681334,0.14285714285714285,0.143809254007624,PASS
mt/set_7/frenetic/odr/test-896,0.19719824194908142,0.5544906519987777,0.14285714285714285,0.22403054292972974,PASS
mt/set_7/frenetic/odr/test-190,0.1489836722612381,0.11687085034864017,0.14285714285714285,0.13898561169950874,PASS
mt/set_13/frenetic/test-504,0.7333360910415649,0.8480706725560463,0.14285714285714285,0.6600156760761613,PASS
mt/set_13/frenetic/test-711,0.1602727323770523,0.006444981526238252,0.14285714285714285,0.12099399515991681,PASS
mt/set_13/frenetic/test-484,0.25539255142211914,0.29733033308331247,0.14285714285714285,0.18230844503531868,PASS
mt/set_9/frenetic/test-196,0.5292440056800842,0.41911825985498785,0.14285714285714285,0.28906668303073674,PASS
mt/set_16/frenetic/test-869,0.06352593749761581,0.19371058699336047,0.14285714285714285,0.14608765876398466,PASS
mt/set_10/frenetic/test-861,0.4873247742652893,0.3595021807372836,0.14285714285714285,0.2484336370377775,PASS
mt/set_14/frenetic/test-225,0.00931556522846222,0.11575964663721967,0.14285714285714285,0.14260471649231546,PASS
mt/set_7/frenetic/odr/test-179,0.2899872064590454,0.7875100702836347,0.14285714285714285,0.32979824441719696,PASS
mt_set5/frenetic/test-174,0.11588599532842636,0.2620773953385004,0.14285714285714285,0.15667310367235723,PASS
mt/set_13/frenetic/test-714,0.10190965980291367,0.28252354362863574,0.14285714285714285,0.15709050143876904,PASS
mt/set_11/frenetic/test-129,0.04934201017022133,0.21837930938689332,0.14285714285714285,0.14658355464084064,PASS
mt/set_8/frenetic/odr/test-152,0.08372538536787033,0.3698085951607078,0.14285714285714285,0.161858739596688,PASS
mt/set_10/frenetic/test-793,0.6942755579948425,0.08225685473789485,0.14285714285714285,0.10078384400850371,PASS
mt/set_16/frenetic/test-459,0.21091923117637634,0.165513792816068,0.14285714285714285,0.147635861790037,PASS
mt/set_12/frenetic/test-949,0.23860353231430054,0.8127621746256632,0.14285714285714285,0.30269884975223554,PASS
mt/set_18/frenetic/test-447,0.043537382036447525,0.16362474650665332,0.14285714285714285,0.14376131048339744,PASS
mt_set5/frenetic/test-529,0.4890829622745514,0.5736866961135649,0.14285714285714285,0.35356854125669,PASS
mt/set_17/frenetic/test-430,0.7366188764572144,0.190849237436453,0.14285714285714285,0.17820902564498267,PASS
mt/set_14/frenetic/test-783,0.11002626270055771,0.49126316081895716,0.14285714285714285,0.18119095810897062,PASS
mt/set_8/frenetic/odr/test-738,0.6844117045402527,0.834541767369503,0.14285714285714285,0.6162541957239319,PASS
mt/set_7/frenetic/odr/test-924,0.4717666208744049,0.24754840681167872,0.14285714285714285,0.19224699094551925,PASS
mt/set_10/frenetic/test-126,0.2094554603099823,0.6843070255854654,0.14285714285714285,0.25626677302131495,PASS
mt/set_16/frenetic/test-864,0.15386588871479034,0.045726032724949316,0.14285714285714285,0.12791198040353602,PASS
mt/set_10/frenetic/test-247,0.7580650448799133,0.4395088479595522,0.14285714285714285,0.3677384309993036,PASS
mt/set_17/frenetic/test-209,0.24891139566898346,0.23121371225379891,0.14285714285714285,0.16485010199092523,PASS
mt/set_7/frenetic/odr/test-778,0.14608366787433624,0.5620746173292219,0.14285714285714285,0.20409797129377738,PASS
mt/set_12/frenetic/test-440,0.30515506863594055,0.9267716754173959,0.14285714285714285,0.38207264010275277,PASS
mt/set_9/frenetic/test-476,0.31817105412483215,0.0030280301136205766,0.14285714285714285,0.098367570915671,PASS
mt/set_14/frenetic/test-303,0.1058788150548935,0.18290413089979715,0.14285714285714285,0.14709726836887926,PASS
mt_set5/frenetic/test-823,0.6497491002082825,0.0033058310414756154,0.14285714285714285,0.05218380357202761,PASS
mt/set_18/frenetic/test-600,0.08850443363189697,0.022474095063477504,0.14285714285714285,0.1322027093932829,PASS
mt/set_9/frenetic/test-643,0.04258837550878525,0.02461316220796171,0.14285714285714285,0.13782132700070795,PASS
mt/set_11/frenetic/test-714,0.23152491450309753,0.06986693335555738,0.14285714285714285,0.12595808658525048,PASS
mt/set_10/frenetic/test-175,0.09013934433460236,0.723838097619246,0.14285714285714285,0.19522638731902742,PASS
mt_set5/frenetic/test-146,0.023785913363099098,0.6686112731616524,0.14285714285714285,0.15536268851005558,PASS
mt_set5/frenetic/test-718,0.26074814796447754,0.43236936411367605,0.14285714285714285,0.21834691836286593,PASS
mt/set_13/frenetic/test-390,0.18587754666805267,0.22938022612995526,0.14285714285714285,0.15893983917731153,PASS
mt/set_9/frenetic/test-468,0.4157695770263672,0.8194293968941856,0.14285714285714285,0.42415530274589996,PASS
mt/set_13/frenetic/test-624,0.40376120805740356,0.12620496152457142,0.14285714285714285,0.13613363800551287,PASS
mt/set_14/frenetic/test-825,0.43159934878349304,0.048642942467427834,0.14285714285714285,0.1021943510653097,PASS
mt/set_13/frenetic/test-689,0.2431708127260208,0.8762396866405533,0.14285714285714285,0.3211943741967686,PASS
mt_set5/frenetic/test-244,0.4992836117744446,0.20732283245826036,0.14285714285714285,0.17504380519671905,PASS
mt/set_10/frenetic/test-518,0.9176921844482422,0.9991665972164346,0.14285714285714285,0.9286856365918036,PASS
mt/set_16/frenetic/test-292,0.021920915693044662,0.5976886962802456,0.14285714285714285,0.1528274664620829,PASS
mt/set_18/frenetic/test-632,0.6446021199226379,0.027446731672083797,0.14285714285714285,0.06846334714611046,PASS
mt/set_14/frenetic/test-506,0.9099451899528503,0.6736950301414006,0.14285714285714285,0.6258905250361866,PASS
mt/set_14/frenetic/test-0,0.8491249084472656,0.047865099869433526,0.14285714285714285,0.06219703305198545,PASS
mt/set_9/frenetic/test-592,0.3185618221759796,0.45306553323888094,0.14285714285714285,0.2416776972089016,PASS
mt/set_7/frenetic/odr/test-225,0.4649726450443268,0.20454482317970943,0.14285714285714285,0.17154023100085014,PASS
mt/set_11/frenetic/test-207,0.4285687804222107,0.5037642025724366,0.14285714285714285,0.29753064128509227,PASS
mt/set_13/frenetic/test-690,0.16201168298721313,0.42561880156679716,0.14285714285714285,0.1886678350689499,PASS
mt_set6/frenetic/test-238,0.12476050853729248,0.26002166847237274,0.14285714285714285,0.15747464865542957,PASS
mt/set_13/frenetic/test-762,0.08737389743328094,0.38155957440897853,0.14285714285714285,0.1637135024998904,PASS
mt/set_10/frenetic/test-215,0.6587238907814026,0.7789260216129121,0.14285714285714285,0.5618509094761074,PASS
mt/set_11/frenetic/test-824,0.7975689768791199,0.5179042698002612,0.14285714285714285,0.4419830961746191,PASS
mt/set_7/frenetic/odr/test-247,0.6095772385597229,0.20090563102480763,0.14285714285714285,0.17824217997695468,PASS
mt/set_17/frenetic/test-268,0.2981308400630951,0.13851154262855234,0.14285714285714285,0.14156158115294015,PASS
mt/set_16/frenetic/test-130,0.4633408486843109,0.2072394921799038,0.14285714285714285,0.17268811097516606,PASS
mt/set_12/frenetic/test-247,0.48858195543289185,0.040864516487485084,0.14285714285714285,0.09302538602571914,PASS
mt/set_13/frenetic/test-509,0.19778993725776672,0.3100258354862905,0.14285714285714285,0.17592143234119947,PASS
mt/set_17/frenetic/test-928,0.32465893030166626,0.05180987304497598,0.14285714285714285,0.11329783363303755,PASS
mt/set_7/frenetic/odr/test-467,0.219419926404953,0.31305386559991105,0.14285714285714285,0.18020169097825062,PASS
mt/set_7/frenetic/odr/test-642,0.510718047618866,0.3794205072644942,0.14285714285714285,0.26367432246541567,PASS
mt/set_18/frenetic/test-649,0.09644142538309097,0.19737755924104777,0.14285714285714285,0.1481151663325803,PASS
mt/set_16/frenetic/test-648,0.2432299256324768,0.14826235519626632,0.14285714285714285,0.1441718522524156,PASS
mt/set_17/frenetic/test-221,0.4545583128929138,0.28657943717532014,0.14285714285714285,0.20818730648751232,PASS
mt/set_18/frenetic/test-164,0.27426719665527344,0.0203628080117787,0.14285714285714285,0.10926096503295245,PASS
mt/set_13/frenetic/test-836,0.7717233300209045,0.8413201100091675,0.14285714285714285,0.681877309763985,PASS
mt_set6/frenetic/test-183,0.22963860630989075,0.37147540072783836,0.14285714285714285,0.1953567252290392,PASS
mt_set6/frenetic/test-725,0.5453909635543823,0.045920493374447806,0.14285714285714285,0.08998877019204238,PASS
mt/set_16/frenetic/test-213,0.22716161608695984,0.22971358724338134,0.14285714285714285,0.1625875888740133,PASS
mt/set_18/frenetic/test-409,0.16445058584213257,0.42842459093813373,0.14285714285714285,0.18981887699150457,PASS
mt/set_8/frenetic/odr/test-406,0.8291858434677124,0.485262660777287,0.14285714285714285,0.4267749510417565,PASS
mt/set_10/frenetic/test-774,0.01404092088341713,0.15012362141289548,0.14285714285714285,0.14295916718235493,PASS
mt_set6/frenetic/test-934,0.3468918204307556,0.3662527432841625,0.14285714285714285,0.22035124936549338,PASS
mt_set6/frenetic/test-837,0.08725591003894806,0.15812428813512236,0.14285714285714285,0.1441892936408071,PASS
mt/set_7/frenetic/odr/test-470,0.17621110379695892,0.24993749479123256,0.14285714285714285,0.16172588773767832,PASS
mt/set_7/frenetic/odr/test-490,0.05158089101314545,0.39036586382198507,0.14285714285714285,0.15562386108929607,PASS
mt_set5/frenetic/test-318,0.6356759071350098,0.26407756201905713,0.14285714285714285,0.21991404277117885,PASS
mt_set6/frenetic/test-788,0.47504690289497375,0.3828652387698975,0.14285714285714285,0.25687224974769135,PASS
mt/set_14/frenetic/test-558,0.4633394181728363,0.6200794510653665,0.14285714285714285,0.36397304522396456,PASS
mt/set_10/frenetic/test-370,0.16720862686634064,0.1275106258854904,0.28571428571428575,0.25926127324655784,PASS
mt/set_12/frenetic/test-932,0.8287187814712524,0.4835680751173708,0.14285714285714285,0.4252106914737734,PASS
mt/set_18/frenetic/test-882,0.43830496072769165,0.5089868600161125,0.14285714285714285,0.3033336141577459,PASS
mt/set_13/frenetic/test-547,0.16124989092350006,0.120787843431397,0.14285714285714285,0.13929847286072058,PASS
mt/set_14/frenetic/test-488,0.506967306137085,0.800927855099036,0.14285714285714285,0.4764774790901282,PASS
mt_set5/frenetic/test-156,0.7184287905693054,0.46859460510598105,0.14285714285714285,0.3768763139036904,PASS
mt/set_10/frenetic/test-354,0.4320208728313446,0.11903769758590989,0.14285714285714285,0.1325666410632317,PASS
mt/set_14/frenetic/test-650,0.15126164257526398,0.5744645387115592,0.14285714285714285,0.20814278863045138,PASS
mt/set_18/frenetic/test-256,0.05151890218257904,0.19718309859154928,0.14285714285714285,0.14565595432786155,PASS
mt/set_9/frenetic/test-865,0.13080161809921265,0.11795427396727502,0.14285714285714285,0.1395998073110356,PASS
mt/set_14/frenetic/test-119,0.43683040142059326,0.5685751590410311,0.14285714285714285,0.3288237147587294,PASS
mt_set5/frenetic/test-816,0.6395982503890991,0.9341611800983415,0.14285714285714285,0.6489738206024441,PASS
mt/set_10/frenetic/test-712,0.3485109210014343,0.5750201405672695,0.14285714285714285,0.29347066721183984,PASS
mt/set_18/frenetic/test-138,0.29189684987068176,0.7550907020029446,0.14285714285714285,0.3215661944143927,PASS
mt/set_16/frenetic/test-738,0.8683122396469116,0.7024474261744035,0.14285714285714285,0.6287562350490032,PASS
mt_set5/frenetic/test-811,0.15948420763015747,0.2997472011556518,0.14285714285714285,0.16787862948992976,PASS
mt/set_12/frenetic/test-506,0.29789045453071594,0.03164152568269578,0.14285714285714285,0.10972707636360733,PASS
mt/set_9/frenetic/test-372,0.1701171100139618,0.2501875156263022,0.14285714285714285,0.16111587143187883,PASS
mt/set_9/frenetic/test-99,0.21739421784877777,0.3412228796844181,0.14285714285714285,0.18598070493396754,PASS
mt/set_13/frenetic/test-74,0.028752390295267105,0.35094591215934656,0.14285714285714285,0.14884019290036593,PASS
mt/set_10/frenetic/test-596,0.2524186968803406,0.35744645387115587,0.14285714285714285,0.19702349710775013,PASS
mt/set_16/frenetic/test-922,0.9751104712486267,0.898824902075173,0.14285714285714285,0.8800092207970045,PASS
mt/set_16/frenetic/test-171,0.5279390215873718,0.7776481373447787,0.14285714285714285,0.47798807939942006,PASS
mt/set_16/frenetic/test-149,0.05495530366897583,0.15409617468122347,0.14285714285714285,0.14347478726398047,PASS
mt/set_10/frenetic/test-265,0.5122626423835754,0.6417479234380642,0.14285714285714285,0.3984202523783302,PASS
mt/set_7/frenetic/odr/test-818,0.11135004460811615,0.1403728088451815,0.14285714285714285,0.1425805100253522,PASS
mt/set_16/frenetic/test-162,0.676633894443512,0.7092813289996388,0.14285714285714285,0.5261189458337366,PASS
mt_set5/frenetic/test-170,0.4322636127471924,0.7328388476817512,0.14285714285714285,0.3978847660393757,PASS
mt/set_13/frenetic/test-748,0.7814921140670776,0.7179209378559325,0.14285714285714285,0.5922649637341835,PASS
mt/set_10/frenetic/test-813,0.23894895613193512,0.7150595882990249,0.14285714285714285,0.27958432202035843,PASS
mt/set_11/frenetic/test-198,0.483588844537735,0.36183570853126645,0.14285714285714285,0.24875273866749742,PASS
mt/set_14/frenetic/test-52,0.15106076002120972,0.19443286940578375,0.14285714285714285,0.15064821130822664,PASS
mt/set_16/frenetic/test-165,0.26856425404548645,0.768564047003917,0.14285714285714285,0.31089965507790657,PASS
mt/set_18/frenetic/test-847,0.22526879608631134,0.07400616718059834,0.14285714285714285,0.12734716858585707,PASS
mt/set_8/frenetic/odr/test-811,0.23939090967178345,0.25838264299802755,0.14285714285714285,0.170512897426157,PASS
mt/set_13/frenetic/test-641,0.3992179036140442,0.13984498708225682,0.14285714285714285,0.14165463634333392,PASS
mt/set_9/frenetic/test-26,0.8497775793075562,0.36053004417034745,0.14285714285714285,0.3278306940159304,PASS
mt/set_8/frenetic/odr/test-127,0.2128988653421402,0.1534294524543712,0.14285714285714285,0.1451079777031759,PASS
mt/set_8/frenetic/odr/test-755,0.6317740678787231,0.3502791899324943,0.14285714285714285,0.2739010133056696,PASS
mt/set_11/frenetic/test-579,0.4964683949947357,0.8759896658054838,0.14285714285714285,0.5068342655862723,PASS
mt/set_17/frenetic/test-86,0.02465186081826687,0.10111953773925607,0.14285714285714285,0.14182822976569076,PASS
mt_set5/frenetic/test-676,0.5726312398910522,0.5742145178764897,0.14285714285714285,0.389865851350621,PASS
mt/set_16/frenetic/test-867,0.18194349110126495,0.15751312609384113,0.14285714285714285,0.14552370574148668,PASS
mt_set6/frenetic/test-428,0.32891368865966797,0.09828596827513399,0.14285714285714285,0.12819707341748027,PASS
mt/set_13/frenetic/test-214,0.3134803771972656,0.22001833486123837,0.14285714285714285,0.16704566243157737,PASS
mt/set_10/frenetic/test-484,0.8835805654525757,0.8147345612134345,0.14285714285714285,0.7365149720832118,PASS
mt/set_11/frenetic/test-949,0.41681811213493347,0.4501764035891879,0.14285714285714285,0.27095337268070263,PASS
mt_set6/frenetic/test-776,0.3066922426223755,0.5545184320915632,0.14285714285714285,0.26911046685326556,PASS
mt/set_16/frenetic/test-21,0.22376614809036255,0.31360946745562124,0.14285714285714285,0.18106573281001961,PASS
mt/set_9/frenetic/test-255,0.224161297082901,0.7694530099730533,0.14285714285714285,0.283315689434105,PASS
mt/set_8/frenetic/odr/test-136,0.3676120340824127,0.5987443398060949,0.14285714285714285,0.3104467668971512,PASS
mt/set_9/frenetic/test-365,0.3478270471096039,0.6706947801205656,0.14285714285714285,0.3264533453223148,PASS
mt/set_7/frenetic/odr/test-53,0.10354834794998169,0.21343445287107254,0.14285714285714285,0.15016530671183898,PASS
mt/set_8/frenetic/odr/test-5,0.5490493178367615,0.4075339611634302,0.14285714285714285,0.2881777693954144,PASS
mt/set_7/frenetic/odr/test-423,0.9689792990684509,0.6089396338583771,0.14285714285714285,0.5944814282955965,PASS
mt/set_18/frenetic/test-1,0.5537154674530029,0.4790677000861183,0.14285714285714285,0.3290221287158196,PASS
mt/set_11/frenetic/test-896,0.2800717055797577,0.07378392643831422,0.14285714285714285,0.12351168506736716,PASS
mt/set_7/frenetic/odr/test-479,0.05258672684431076,0.7773981165097091,0.14285714285714285,0.1762255746457647,PASS
mt/set_11/frenetic/test-118,0.363384872674942,0.19518293191099254,0.14285714285714285,0.16187154730756653,PASS
mt/set_13/frenetic/test-753,0.3079262375831604,0.37400338917131976,0.14285714285714285,0.21403313681613778,PASS
mt/set_17/frenetic/test-504,0.33783966302871704,0.7064755396283023,0.14285714285714285,0.33326979209909713,PASS
mt_set5/frenetic/test-324,0.08433305472135544,0.07433952829402452,0.14285714285714285,0.13707884205444598,PASS
mt_set6/frenetic/test-519,0.1291089653968811,0.3311664860960636,0.14285714285714285,0.16716956733728608,PASS
mt/set_16/frenetic/test-483,0.7036628723144531,0.6938633775036809,0.14285714285714285,0.5305797725916973,PASS
mt/set_14/frenetic/test-637,0.030733495950698853,0.07792316026335529,0.14285714285714285,0.14086149882350854,PASS
mt/set_10/frenetic/test-731,0.4721989035606384,0.5807706197738701,0.14285714285714285,0.34963940651164843,PASS
mt/set_11/frenetic/test-444,0.04121968895196915,0.10461982943023028,0.14285714285714285,0.1412810094982206,PASS
mt/set_17/frenetic/test-726,0.2405574768781662,0.13970608661832926,0.14285714285714285,0.14209913059009532,PASS
mt/set_18/frenetic/test-254,0.5404425263404846,0.583826429980276,0.14285714285714285,0.38117569842853144,PASS
mt/set_7/frenetic/odr/test-592,0.11120224744081497,0.2185182098508209,0.14285714285714285,0.15127082461497857,PASS
mt/set_14/frenetic/test-277,0.8560927510261536,0.3152484929299664,0.14285714285714285,0.290440127994099,PASS
mt/set_13/frenetic/test-608,0.8191304802894592,0.7560630052504376,0.14285714285714285,0.6451527554356744,PASS
mt/set_18/frenetic/test-71,0.45103466510772705,0.7333111092591049,0.14285714285714285,0.40917234985478096,PASS
mt/set_7/frenetic/odr/test-205,0.14076469838619232,0.012223240825624367,0.14285714285714285,0.12446849890992745,PASS
mt_set5/frenetic/test-724,0.24277649819850922,0.026141067311164813,0.14285714285714285,0.11452122062388033,PASS
mt/set_13/frenetic/test-905,0.48093053698539734,0.339528294024502,0.14285714285714285,0.23744230094012253,PASS
mt/set_7/frenetic/odr/test-323,0.9628376960754395,0.9889990832569381,0.14285714285714285,0.9575544993044834,PASS
mt/set_14/frenetic/test-889,0.030407235026359558,0.1962385754368419,0.14285714285714285,0.1444803224949002,PASS
mt/set_14/frenetic/test-87,0.18743520975112915,0.0506986693335555,0.14285714285714285,0.12558340004190538,PASS
mt_set6/frenetic/test-618,0.38817623257637024,0.23582520765619353,0.14285714285714285,0.17894514025822883,PASS
mt/set_16/frenetic/test-917,0.9548609256744385,0.3932549934716782,0.14285714285714285,0.3819522662818278,PASS
mt/set_8/frenetic/odr/test-209,0.34324270486831665,0.5614078951023695,0.14285714285714285,0.2865216351824631,PASS
mt/set_14/frenetic/test-767,0.19813194870948792,0.5494902352973858,0.14285714285714285,0.22342415412956815,PASS
mt_set6/frenetic/test-932,0.3581022620201111,0.2522154623996444,0.14285714285714285,0.18201860445603077,PASS
mt_set6/frenetic/test-517,0.3789653480052948,0.18557101980720614,0.14285714285714285,0.1590442178427043,PASS
mt/set_17/frenetic/test-617,0.5299749374389648,0.5505180987304497,0.14285714285714285,0.35890723244240724,PASS
mt/set_8/frenetic/odr/test-561,0.25522756576538086,0.004583715309609082,0.14285714285714285,0.10756595253415005,PASS
mt/set_9/frenetic/test-340,0.25958219170570374,0.4677612023224157,0.14285714285714285,0.22719645496469332,PASS
mt/set_13/frenetic/test-387,0.40884798765182495,0.25568797399783316,0.14285714285714285,0.18898780111409696,PASS
mt/set_9/frenetic/test-211,0.028620094060897827,0.1766536100230574,0.14285714285714285,0.14382439666888275,PASS
mt/set_11/frenetic/test-100,0.34788742661476135,0.3850876461927383,0.14285714285714285,0.22712609356763613,PASS
mt_set5/frenetic/test-758,0.41525352001190186,0.3751145928827401,0.14285714285714285,0.23930286652926053,PASS
mt/set_8/frenetic/odr/test-598,0.45558756589889526,0.5352668277912047,0.14285714285714285,0.32163411605140446,PASS
mt_set5/frenetic/test-771,0.5981093645095825,0.3416673611689862,0.14285714285714285,0.26176739618965084,PASS
mt/set_17/frenetic/test-414,0.09911748766899109,0.057699252715504044,0.14285714285714285,0.13441650247363704,PASS
mt/set_16/frenetic/test-326,0.7862340211868286,0.2148234575103481,0.14285714285714285,0.19943950781692898,PASS
mt/set_9/frenetic/test-162,0.20945610105991364,0.5619912770508653,0.14285714285714285,0.2306473465552199,PASS
mt/set_11/frenetic/test-787,0.3548123240470886,0.227352279356613,0.14285714285714285,0.17283705860919585,PASS
mt/set_13/frenetic/test-903,0.23387031257152557,0.6795566297191433,0.14285714285714285,0.26837521747779897,PASS
mt/set_13/frenetic/test-320,0.28684285283088684,0.5584909853598911,0.14285714285714285,0.2620787442311693,PASS
mt_set5/frenetic/test-745,0.47056278586387634,0.6035225157652028,0.14285714285714285,0.35962911982630635,PASS
mt_set5/frenetic/test-78,0.4691908061504364,0.8127066144400923,0.14285714285714285,0.4571443521711161,PASS
mt/set_14/frenetic/test-670,0.33944493532180786,0.1567075034030613,0.14285714285714285,0.14755857759683585,PASS
mt/set_14/frenetic/test-226,0.4208742380142212,0.27232824957635354,0.14285714285714285,0.19734819624244856,PASS
mt/set_10/frenetic/test-588,0.8998030424118042,0.5303497513681696,0.14285714285714285,0.49152417090745093,PASS
mt/set_13/frenetic/test-782,0.8155368566513062,0.39808872961635694,0.14285714285714285,0.35100790884087746,PASS
mt/set_9/frenetic/test-246,0.609585702419281,0.03844764841514561,0.14285714285714285,0.07921060784847594,PASS
mt/set_16/frenetic/test-843,0.09018440544605255,0.2950245853821151,0.14285714285714285,0.15658027531824115,PASS
mt/set_11/frenetic/test-743,0.056892432272434235,0.28580159457732585,0.14285714285714285,0.15098959720224764,PASS
mt/set_7/frenetic/odr/test-382,0.19449174404144287,0.22685223768647383,0.14285714285714285,0.15919349534142582,PASS
mt/set_11/frenetic/test-97,0.38224396109580994,0.3452509931383171,0.14285714285714285,0.2202209656325766,PASS
mt/set_10/frenetic/test-770,0.20200389623641968,0.7916215240158901,0.14285714285714285,0.2739100755906195,PASS
mt/set_13/frenetic/test-383,0.260039746761322,0.06456093563352502,0.14285714285714285,0.12249701695834128,PASS
mt_set6/frenetic/test-708,0.12927548587322235,0.5562130177514792,0.14285714285714285,0.19629392229392179,PASS
mt/set_10/frenetic/test-211,0.03446688503026962,0.2548545712142678,0.14285714285714285,0.14671734853711968,PASS
mt/set_10/frenetic/test-614,0.2794661521911621,0.6571936550268077,0.14285714285714285,0.2865967888446219,PASS
mt/set_18/frenetic/test-594,0.1397702842950821,0.3782815234602883,0.14285714285714285,0.1757624775927754,PASS
mt/set_18/frenetic/test-178,0.19100376963615417,0.34091729866377757,0.14285714285714285,0.1806873749734595,PASS
mt/set_7/frenetic/odr/test-178,0.1437297910451889,0.07281162319082142,0.14285714285714285,0.1327895128231135,PASS
mt/set_7/frenetic/odr/test-121,0.19869394600391388,0.02500208350695892,0.14285714285714285,0.11944005818706664,PASS
mt/set_16/frenetic/test-513,0.37383756041526794,0.1584020890629774,0.14285714285714285,0.14866842336604397,PASS
mt/set_13/frenetic/test-107,0.6885892748832703,0.2577992610495319,0.14285714285714285,0.22200505267678716,PASS
mt/set_10/frenetic/test-147,0.1531006097793579,0.22032391588187905,0.14285714285714285,0.15471735304486908,PASS
mt/set_18/frenetic/test-850,0.17492033541202545,0.6668889074089507,0.14285714285714285,0.23452095700783793,PASS
mt/set_9/frenetic/test-125,0.14592429995536804,0.3917548684612606,0.14285714285714285,0.17917736496893238,PASS
mt/set_13/frenetic/test-176,0.5940695405006409,0.7371447620635053,0.14285714285714285,0.4959053157242864,PASS
mt/set_13/frenetic/test-253,0.23032499849796295,0.05881045642692442,0.14285714285714285,0.12349909206008133,PASS
mt/set_10/frenetic/test-788,0.07644553482532501,0.1780148345695474,0.14285714285714285,0.14554479353205882,PASS
mt/set_16/frenetic/test-813,0.10105859488248825,0.5110425868822401,0.14285714285714285,0.18006544542213557,PASS
mt/set_14/frenetic/test-591,0.41851574182510376,0.2510209184098674,0.14285714285714285,0.1881253856211954,PASS
mt/set_12/frenetic/test-629,0.36158186197280884,0.49237436453037753,0.14285714285714285,0.269236230661314,PASS
mt/set_9/frenetic/test-626,0.1632474660873413,0.7017807039475512,0.14285714285714285,0.23409999794166533,PASS
mt/set_14/frenetic/test-900,0.46513989567756653,0.12926077173097753,0.14285714285714285,0.13653293246739945,PASS
mt_set5/frenetic/test-245,0.15681959688663483,0.538544878739895,0.14285714285714285,0.20490873621999858,PASS
mt/set_7/frenetic/odr/test-425,0.23605354130268097,0.7312276023001916,0.14285714285714285,0.28174407553529723,PASS
mt/set_16/frenetic/test-834,0.1953285187482834,0.03778092618829348,0.14285714285714285,0.1223327589708055,PASS
mt/set_11/frenetic/test-594,0.10472693294286728,0.6403866988915743,0.14285714285714285,0.19496189050216126,PASS
mt/set_8/frenetic/odr/test-74,0.5261666178703308,0.24946523321387892,0.14285714285714285,0.19895076119776128,PASS
mt/set_18/frenetic/test-365,0.6236635446548462,0.07245048198460984,0.14285714285714285,0.09894707517006723,PASS
mt/set_16/frenetic/test-688,0.15104487538337708,0.6946134400088896,0.14285714285714285,0.22619710825989664,PASS
mt_set6/frenetic/test-469,0.8236789703369141,0.2656332472150456,0.14285714285714285,0.2439852380766377,PASS
mt/set_16/frenetic/test-722,0.2179311215877533,0.7395338500430592,0.14285714285714285,0.27289156262198244,PASS
mt/set_11/frenetic/test-723,0.22248640656471252,0.32702725227102253,0.14285714285714285,0.18383249295474152,PASS
mt_set6/frenetic/test-395,0.17655672132968903,0.07492291024252022,0.14285714285714285,0.13086289960939396,PASS
mt/set_16/frenetic/test-86,0.30510348081588745,0.6352751618190404,0.14285714285714285,0.29309559445888145,PASS
mt/set_16/frenetic/test-197,0.38392385840415955,0.043809206322749115,0.14285714285714285,0.10483027263841346,PASS
mt/set_10/frenetic/test-710,0.05130361393094063,0.08256243575853539,0.14285714285714285,0.13976380488552378,PASS
mt/set_17/frenetic/test-454,0.14282232522964478,0.3591965997166431,0.14285714285714285,0.17375524712473508,PASS
mt/set_18/frenetic/test-400,0.453747421503067,0.35933550018057053,0.14285714285714285,0.24108364356134238,PASS
mt/set_10/frenetic/test-258,0.6493442058563232,0.6336639164374809,0.14285714285714285,0.4615596774765717,PASS
mt/set_7/frenetic/odr/test-11,0.05830623209476471,0.1315387393393894,0.14285714285714285,0.14219721152343184,PASS
mt/set_9/frenetic/test-842,0.19601990282535553,0.15095702419646082,0.14285714285714285,0.14444488293891017,PASS
mt_set6/frenetic/test-227,0.6161016225814819,0.34755674083951443,0.14285714285714285,0.26897289731585905,PASS
mt/set_16/frenetic/test-109,0.4167793095111847,0.5288774064505375,0.14285714285714285,0.303742406032398,PASS
mt_set5/frenetic/test-147,0.33864834904670715,0.8681278995471845,0.14285714285714285,0.3884688914795561,PASS
mt/set_18/frenetic/test-159,0.15159691870212555,0.571075367391727,0.14285714285714285,0.20777370835741807,PASS
mt/set_12/frenetic/test-659,0.8373897671699524,0.6166347195599633,0.14285714285714285,0.5395936375026619,PASS
mt/set_9/frenetic/test-454,0.4465259611606598,0.4989582465205434,0.14285714285714285,0.30186553469828914,PASS
mt/set_10/frenetic/test-749,0.2659509479999542,0.3611689863044142,0.14285714285714285,0.20091738883903687,PASS
mt_set6/frenetic/test-773,0.7835091948509216,0.7200877850932023,0.14285714285714285,0.5951226585987981,FAIL
mt/set_11/frenetic/test-51,0.8079894781112671,0.899324943745312,0.14285714285714285,0.7540751665047526,FAIL
mt/set_17/frenetic/test-818,0.7372286319732666,0.4358418757118649,0.14285714285714285,0.35885387664868257,FAIL
mt/set_8/frenetic/odr/test-720,0.5936992764472961,0.6153846153846154,0.14285714285714285,0.4233963613981729,FAIL
mt/set_11/frenetic/test-813,0.7150821685791016,0.6685279328832958,0.14285714285714285,0.5187549513477339,FAIL
mt_set6/frenetic/test-445,0.9817913770675659,0.8785454343417507,0.14285714285714285,0.8651495636463008,FAIL
mt/set_10/frenetic/test-689,0.5473744869232178,0.38489318554323965,0.14285714285714285,0.2753414975393711,FAIL
mt/set_16/frenetic/test-568,0.554917573928833,0.8881295663527516,0.14285714285714285,0.556421908019388,FAIL
mt/set_11/frenetic/test-255,0.5956482291221619,0.994388421257327,0.14285714285714285,0.6500702408783432,FAIL
mt/set_13/frenetic/test-785,0.8182288408279419,0.7173931160930077,0.14285714285714285,0.612959046251878,FAIL
mt/set_17/frenetic/test-852,0.6173701286315918,0.7696474706225518,0.14285714285714285,0.529818768134711,FAIL
mt_set6/frenetic/test-72,0.6144629120826721,0.9510514765119314,0.14285714285714285,0.6394625866433791,FAIL
mt/set_10/frenetic/test-857,0.11575103551149368,0.21779592743839762,0.14285714285714285,0.1515313858367645,FAIL
mt/set_9/frenetic/test-498,0.18941570818424225,0.31485957163096917,0.14285714285714285,0.17543710684148417,FAIL
mt/set_18/frenetic/test-910,0.4218394458293915,0.22421312887185035,0.14285714285714285,0.17717630265501616,FAIL
mt/set_13/frenetic/test-535,0.6970688700675964,0.9400783398616551,0.14285714285714285,0.6985752218470149,FAIL
mt/set_13/frenetic/test-223,0.9538447856903076,0.8395144039781092,0.14285714285714285,0.8073600387906676,FAIL
mt/set_7/frenetic/odr/test-822,0.44192957878112793,0.7384504264244242,0.14285714285714285,0.40606743178890037,FAIL
mt/set_7/frenetic/odr/test-519,0.8925758600234985,0.45826041058977135,0.14285714285714285,0.4243784858078155,FAIL
mt/set_8/frenetic/odr/test-390,0.6913437843322754,0.9829708031224824,0.14285714285714285,0.7236645000142222,FAIL
mt/set_10/frenetic/test-636,0.2983296811580658,0.3275550740339473,0.14285714285714285,0.19795801351819867,FAIL
mt_set5/frenetic/test-736,0.13305167853832245,0.06906131066477757,0.14285714285714285,0.13303848138607896,FAIL
mt/set_17/frenetic/test-402,0.727127730846405,0.6618607106147735,0.14285714285714285,0.5202390293819372,FAIL
mt_set5/frenetic/test-283,0.4136291742324829,0.6047448398477652,0.14285714285714285,0.33390736955151723,FAIL
mt/set_12/frenetic/test-746,0.6148204803466797,0.8652387698974914,0.14285714285714285,0.586992161787706,FAIL
mt/set_12/frenetic/test-116,0.5240582823753357,0.3303886434980693,0.14285714285714285,0.24113457897429594,FAIL
mt/set_14/frenetic/test-297,0.7416284680366516,0.5446009389671361,0.14285714285714285,0.4408017789094261,FAIL
mt_set5/frenetic/test-595,0.5321193933486938,0.597549795816318,0.14285714285714285,0.3848079215098873,FAIL
mt/set_14/frenetic/test-485,0.7810434103012085,0.8245964941522904,0.14285714285714285,0.6753251707292386,FAIL
mt/set_12/frenetic/test-447,0.668903112411499,0.7625635469622468,0.14285714285714285,0.557380685344385,FAIL
mt_set6/frenetic/test-667,0.9754106998443604,0.827457843709198,0.14285714285714285,0.8106239915891855,FAIL
mt/set_16/frenetic/test-294,0.981338381767273,0.7177542572992194,0.14285714285714285,0.707025746826405,FAIL
mt/set_17/frenetic/test-800,0.3973639905452728,0.5272939411617634,0.14285714285714285,0.29561847888644044,FAIL
mt/set_17/frenetic/test-90,0.3118653893470764,0.7303108592382699,0.14285714285714285,0.32606362483973006,FAIL
mt/set_17/frenetic/test-59,0.8661137819290161,0.7809817484790399,0.14285714285714285,0.6955456583742861,FAIL
mt_set5/frenetic/test-140,0.7476035356521606,0.3419451620968414,0.14285714285714285,0.2916960499467269,FAIL
mt/set_16/frenetic/test-625,0.7864677309989929,0.18062616329138537,0.14285714285714285,0.17256125866011618,FAIL
mt_set5/frenetic/test-220,0.6805412769317627,0.9610800900075006,0.14285714285714285,0.6996916321257175,FAIL
mt/set_16/frenetic/test-888,0.25199174880981445,0.6848348473483901,0.14285714285714285,0.27943105242782107,FAIL
mt/set_17/frenetic/test-651,0.6707989573478699,0.6313859488290691,0.14285714285714285,0.47056175653751076,FAIL
mt/set_13/frenetic/test-88,0.16041867434978485,0.6788065672139345,0.14285714285714285,0.22883343690225233,FAIL
mt/set_10/frenetic/test-465,0.9018688797950745,0.5550462538544879,0.14285714285714285,0.514597674656046,FAIL
mt_set5/frenetic/test-749,0.7492603063583374,0.18696002444648166,0.14285714285714285,0.17590168142805632,FAIL
mt/set_11/frenetic/test-925,0.776597797870636,0.3988387921215656,0.14285714285714285,0.34165192797118704,FAIL
mt/set_12/frenetic/test-165,0.6785777807235718,0.9903603078034281,0.14285714285714285,0.7179539596825963,FAIL
mt/set_17/frenetic/test-565,0.31790927052497864,0.2361863488624052,0.14285714285714285,0.17252736691442588,FAIL
mt/set_9/frenetic/test-435,0.9122262001037598,0.9630524765952718,0.14285714285714285,0.8910608154959113,FAIL
mt/set_8/frenetic/odr/test-817,0.383981317281723,0.9732199905547685,0.14285714285714285,0.4617009586804053,FAIL
mt/set_14/frenetic/test-377,0.3577108681201935,0.8506264410923132,0.14285714285714285,0.39603391721514036,FAIL
mt/set_9/frenetic/test-245,0.962679922580719,0.9943050809789704,0.14285714285714285,0.9625289780097767,FAIL
mt/set_11/frenetic/test-116,0.4155338704586029,0.7615634636219685,0.14285714285714285,0.3999505707442781,FAIL
mt/set_10/frenetic/test-275,0.2540888488292694,0.20287801761257876,0.14285714285714285,0.15810777357200267,FAIL
mt/set_11/frenetic/test-688,0.9644877314567566,0.6530544212017668,0.14285714285714285,0.6349361584431605,FAIL
mt/set_11/frenetic/test-492,0.5229849815368652,0.16712503819762753,0.14285714285714285,0.15554888765372482,FAIL
mt_set6/frenetic/test-808,0.3514743149280548,0.7397560907853433,0.14285714285714285,0.3526517959189584,FAIL
mt_set5/frenetic/test-837,0.9264385104179382,0.8176792510486984,0.14285714285714285,0.7680383315672205,FAIL
mt/set_17/frenetic/test-690,0.8885209560394287,0.9587743423063033,0.14285714285714285,0.8678166729607241,FAIL
mt/set_9/frenetic/test-323,0.6715511083602905,0.9405228213462233,0.14285714285714285,0.678530413347448,FAIL
mt_set5/frenetic/test-497,0.2725321650505066,0.3166652776620273,0.14285714285714285,0.19022545013890832,FAIL
mt_set5/frenetic/test-710,0.39555487036705017,0.062477428674611736,0.14285714285714285,0.11106255117605658,FAIL
mt/set_16/frenetic/test-900,0.6219251155853271,0.11642636886407193,0.14285714285714285,0.12641918068649255,FAIL
mt/set_12/frenetic/test-502,0.9258070588111877,0.7913715031808206,0.14285714285714285,0.7432563153852257,FAIL
mt/set_11/frenetic/test-286,0.8717074394226074,0.718170958691002,0.14285714285714285,0.6443624761221257,FAIL
mt/set_16/frenetic/test-960,0.13254685699939728,0.5554629552462704,0.14285714285714285,0.19754674859774202,FAIL
mt/set_17/frenetic/test-313,0.798304557800293,0.9885268216795844,0.14285714285714285,0.8179591018546077,FAIL
mt/set_16/frenetic/test-669,0.42097294330596924,0.4161735700197238,0.14285714285714285,0.2579159636536461,FAIL
mt/set_18/frenetic/test-186,0.7612637877464294,0.7595632969414118,0.14285714285714285,0.6123332056418666,FAIL
mt/set_12/frenetic/test-846,0.951945424079895,0.9989999166597217,0.14285714285714285,0.9578583387375763,FAIL
mt/set_13/frenetic/test-913,0.3522231876850128,0.15212378809345223,0.14285714285714285,0.1461210744388965,FAIL
mt/set_10/frenetic/test-580,0.8075383901596069,0.8229019084923743,0.14285714285714285,0.6920193981346849,FAIL
mt/set_11/frenetic/test-806,0.6763119697570801,0.9332999972219908,0.14285714285714285,0.677443106673042,FAIL
mt/set_10/frenetic/test-725,0.9595672488212585,0.9492735505736589,0.14285714285714285,0.9166679166140025,FAIL
mt/set_16/frenetic/test-322,0.2616240680217743,0.5169875267383393,0.28571428571428575,0.34622092334062965,FAIL
mt/set_11/frenetic/test-947,0.8119570016860962,0.6676945300997306,0.14285714285714285,0.569002534175399,FAIL
mt_set6/frenetic/test-426,0.7090991139411926,0.8248742950801456,0.14285714285714285,0.6264749011911697,FAIL
mt/set_12/frenetic/test-137,0.7611067295074463,0.9812206572769954,0.14285714285714285,0.7809412554556056,FAIL
mt/set_10/frenetic/test-23,0.9905333518981934,0.7441175653526684,0.14285714285714285,0.7384256445153597,FAIL
mt/set_16/frenetic/test-306,0.8731878995895386,0.3780315026252188,0.14285714285714285,0.3482085481003435,FAIL
mt/set_17/frenetic/test-938,0.5299073457717896,0.4425924382587438,0.14285714285714285,0.3016890776775285,FAIL
mt/set_8/frenetic/odr/test-862,0.17607052624225616,0.41775703530849784,0.14285714285714285,0.19125891371372988,FAIL
mt/set_16/frenetic/test-418,0.8826496601104736,0.9250493096646942,0.14285714285714285,0.8332587930309029,FAIL
mt_set6/frenetic/test-674,0.910799503326416,0.9822207406172736,0.14285714285714285,0.9073490908073435,FAIL
mt/set_8/frenetic/odr/test-624,0.6115983724594116,0.09803594744006446,0.14285714285714285,0.11544457268837247,FAIL
mt/set_18/frenetic/test-328,0.39211782813072205,0.6419423840875628,0.14285714285714285,0.338557359443038,FAIL
mt/set_16/frenetic/test-964,0.9227981567382812,0.805178209295219,0.14285714285714285,0.7540458021351323,FAIL
mt/set_9/frenetic/test-466,0.4936428964138031,0.5895769091868767,0.14285714285714285,0.36337717793597535,FAIL
mt/set_12/frenetic/test-926,0.7622538805007935,0.4957913159429952,0.14285714285714285,0.4118825858531725,FAIL
mt_set6/frenetic/test-850,0.2328214794397354,0.6088285134872351,0.14285714285714285,0.2513452888725395,FAIL
mt/set_13/frenetic/test-934,0.8022591471672058,0.9556074117287552,0.14285714285714285,0.7948934804219998,FAIL
mt/set_17/frenetic/test-823,0.31991857290267944,0.7236436369697474,0.14285714285714285,0.32866152921479774,FAIL
mt/set_10/frenetic/test-192,0.7977010011672974,0.9523293607800649,0.14285714285714285,0.7885739415113705,FAIL
mt/set_12/frenetic/test-850,0.7595379948616028,0.9531905436564159,0.14285714285714285,0.7583361492696062,FAIL
mt/set_13/frenetic/test-402,0.3812524378299713,0.1939328277356446,0.14285714285714285,0.16232987648838168,FAIL
mt/set_8/frenetic/odr/test-786,0.9223861694335938,0.28888518487651743,0.28571428571428575,0.2886390792461968,FAIL
mt_set6/frenetic/test-873,0.6674531698226929,0.8565436008556269,0.14285714285714285,0.6192094315077612,FAIL
mt/set_9/frenetic/test-95,0.83967125415802,0.3387226713337222,0.14285714285714285,0.3073197967993956,FAIL
mt/set_16/frenetic/test-931,0.4932332932949066,0.21862933022196296,0.14285714285714285,0.18023050411377717,FAIL
mt/set_16/frenetic/test-593,0.664739191532135,0.9431897102536322,0.14285714285714285,0.6748695666651231,FAIL
mt/set_18/frenetic/test-720,0.254268616437912,0.8219018251520961,0.14285714285714285,0.31551689046632747,FAIL
mt/set_16/frenetic/test-891,0.6463061571121216,0.8227630080284468,0.14285714285714285,0.5822844897740006,FAIL
mt/set_11/frenetic/test-392,0.20001497864723206,0.6917243103591967,0.14285714285714285,0.25263880190270754,FAIL
mt/set_9/frenetic/test-308,0.6885804533958435,0.290274189515793,0.14285714285714285,0.2443656396836324,FAIL
mt/set_13/frenetic/test-101,0.854878306388855,0.8813234436203017,0.14285714285714285,0.7741559633787949,FAIL
mt/set_13/frenetic/test-601,0.8565444946289062,0.4395644081451232,0.14285714285714285,0.3970001174559608,FAIL
mt/set_17/frenetic/test-665,0.8156331181526184,0.7440342250743117,0.14285714285714285,0.6331970809878253,FAIL
mt_set6/frenetic/test-295,0.47077417373657227,0.9143817540350585,0.14285714285714285,0.5060710042018562,FAIL
mt/set_8/frenetic/odr/test-567,0.05149875208735466,0.675834097285885,0.14285714285714285,0.17030478824062031,FAIL
mt/set_17/frenetic/test-466,0.6233289241790771,0.3370280856738061,0.14285714285714285,0.2638895077498907,FAIL
mt/set_17/frenetic/test-888,0.8371370434761047,0.7667305608800733,0.14285714285714285,0.6651246915241908,FAIL
mt/set_9/frenetic/test-682,0.33029553294181824,0.7957329777481457,0.14285714285714285,0.3584991104298265,FAIL
mt_set5/frenetic/test-475,0.7869370579719543,0.9882490207517293,0.14285714285714285,0.8081273400808944,FAIL
mt/set_18/frenetic/test-817,0.9505841135978699,0.7745923271383726,0.14285714285714285,0.7433745730357025,FAIL
mt/set_13/frenetic/test-842,0.8383145332336426,0.9541906269966941,0.14285714285714285,0.8230097939104156,FAIL
mt/set_11/frenetic/test-845,0.19237931072711945,0.18640442259077136,0.14285714285714285,0.1512347406450767,FAIL
mt_set5/frenetic/test-386,0.4683355391025543,0.14142845237103085,0.14285714285714285,0.14218804058559353,FAIL
mt/set_11/frenetic/test-633,0.6993992924690247,0.9187987887879545,0.14285714285714285,0.6855501810184029,FAIL
mt/set_7/frenetic/odr/test-715,0.7558560967445374,0.977387004472595,0.14285714285714285,0.7736416266745574,FAIL
mt/set_17/frenetic/test-629,0.4270572066307068,0.3130260855071255,0.14285714285714285,0.21552901616054537,FAIL
mt/set_12/frenetic/test-741,0.3844970166683197,0.12648276245242657,0.14285714285714285,0.13656123818426263,FAIL
mt/set_13/frenetic/test-542,0.38015562295913696,0.22210184182015166,0.14285714285714285,0.17298246075763474,FAIL
mt/set_7/frenetic/odr/test-900,0.6062827110290527,0.8802678000944524,0.14285714285714285,0.5899364752686944,FAIL
mt/set_10/frenetic/test-781,0.7165225744247437,0.8634052837736479,0.14285714285714285,0.6591461517836,FAIL
mt/set_18/frenetic/test-26,0.9862242937088013,0.7007250604217017,0.14285714285714285,0.6930400358400496,FAIL
mt/set_7/frenetic/odr/test-827,0.8802115321159363,0.8238464316470816,0.14285714285714285,0.7422717680974766,FAIL
mt/set_13/frenetic/test-860,0.2258983850479126,0.10698113731699861,0.14285714285714285,0.1347528111436543,FAIL
mt/set_16/frenetic/test-145,0.86114102602005,0.9648859627191155,0.14285714285714285,0.8507398842111329,FAIL
mt/set_11/frenetic/test-147,0.9566778540611267,0.9925271550406978,0.14285714285714285,0.9557176267729977,FAIL
mt/set_7/frenetic/odr/test-170,0.7523552775382996,0.9719143261938494,0.14285714285714285,0.7666026901215516,FAIL
mt/set_14/frenetic/test-921,0.9656888842582703,0.9542184070894797,0.14285714285714285,0.9263796968440479,FAIL
mt/set_12/frenetic/test-501,0.05782115459442139,0.7755090702002945,0.14285714285714285,0.17943780775250986,FAIL
mt/set_18/frenetic/test-366,0.07126113772392273,0.66058282634664,0.14285714285714285,0.1797508598340253,FAIL
mt/set_17/frenetic/test-781,0.4765498638153076,0.14951245937161425,0.14285714285714285,0.14602873303576197,FAIL
mt/set_17/frenetic/test-877,0.6672760844230652,0.9373281106758896,0.14285714285714285,0.6729886194510393,FAIL
mt/set_11/frenetic/test-748,0.6779795289039612,0.9288551823763092,0.14285714285714285,0.6757477234097843,FAIL
mt/set_11/frenetic/test-906,0.35917767882347107,0.4412034336194683,0.14285714285714285,0.25001646680127265,FAIL
mt_set5/frenetic/test-36,0.7260816693305969,0.9093813373336667,0.14285714285714285,0.6994163095649484,FAIL
mt/set_7/frenetic/odr/test-840,0.2545216977596283,0.19668305692141014,0.14285714285714285,0.15655700163076938,FAIL
mt_set6/frenetic/test-791,0.9473071098327637,0.9342167402839126,0.14285714285714285,0.8925177159339155,FAIL
mt_set6/frenetic/test-242,0.5376149415969849,0.8450704225352114,0.14285714285714285,0.5203774941998949,FAIL
mt/set_9/frenetic/test-319,0.6265883445739746,0.23076923076923078,0.14285714285714285,0.19794183249001976,FAIL
mt/set_18/frenetic/test-854,0.663101315498352,0.7441453454454537,0.14285714285714285,0.5415721409870914,FAIL
mt/set_8/frenetic/odr/test-246,0.844148576259613,0.4611773203322499,0.14285714285714285,0.4115666674674618,FAIL
mt/set_12/frenetic/test-536,0.8204331994056702,0.7915937439231047,0.14285714285714285,0.6751021880412498,FAIL
mt/set_16/frenetic/test-363,0.767591655254364,0.5490735339056031,0.14285714285714285,0.4546654548534844,FAIL
mt/set_7/frenetic/odr/test-219,0.8698976039886475,0.9813317776481374,0.14285714285714285,0.8722442186670852,FAIL
mt/set_12/frenetic/test-518,0.8626381158828735,0.4500652832180459,0.14285714285714285,0.4078665942419536,FAIL
mt/set_7/frenetic/odr/test-891,0.4726831018924713,0.5966608328471817,0.14285714285714285,0.35736248294935846,FAIL
mt/set_10/frenetic/test-660,0.9332125782966614,0.9003250270855905,0.14285714285714285,0.8497357000748895,FAIL
mt/set_12/frenetic/test-15,0.3527296185493469,0.8013167763980331,0.14285714285714285,0.3751153582261638,FAIL
mt/set_16/frenetic/test-675,0.772162675857544,0.987526738339306,0.14285714285714285,0.7950794779201592,FAIL
mt/set_18/frenetic/test-723,0.06778884679079056,0.16945856599161035,0.14285714285714285,0.14466042371879093,FAIL
mt/set_11/frenetic/test-380,0.3161289393901825,0.4690668666833347,0.14285714285714285,0.2459814726116066,FAIL
mt/set_16/frenetic/test-310,0.26990777254104614,0.900463927549518,0.14285714285714285,0.34734110257544576,FAIL
mt/set_9/frenetic/test-90,0.3579459488391876,0.7831485957163097,0.14285714285714285,0.37204687874191394,FAIL
mt/set_17/frenetic/test-576,0.9245772361755371,0.7739256049115204,0.14285714285714285,0.7263286773409261,FAIL
mt/set_10/frenetic/test-554,0.7925455570220947,0.5384615384615384,0.14285714285714285,0.45639164893181766,FAIL
mt/set_14/frenetic/test-688,0.5015377998352051,0.2239075478512098,0.14285714285714285,0.1835069846536195,FAIL
mt_set5/frenetic/test-858,0.6602429151535034,0.5684918187626746,0.14285714285714285,0.4238794220674278,FAIL
mt/set_9/frenetic/test-273,0.693246066570282,0.9754423979776092,0.14285714285714285,0.7200435960538208,FAIL
mt/set_17/frenetic/test-643,0.7539384961128235,0.11037030863683077,0.14285714285714285,0.11836406792161414,FAIL
mt/set_18/frenetic/test-877,0.9183952808380127,0.8808234019501625,0.14285714285714285,0.8206018726258543,FAIL
mt/set_7/frenetic/odr/test-714,0.6807331442832947,0.47992888296246905,0.14285714285714285,0.37231304834808304,FAIL
mt/set_8/frenetic/odr/test-166,0.4733140766620636,0.20918409867488955,0.14285714285714285,0.17425062896529975,FAIL
mt_set5/frenetic/test-22,0.8952288627624512,0.9502458538211518,0.14285714285714285,0.865654820380694,FAIL
mt/set_17/frenetic/test-138,0.9765415191650391,0.9036308581270661,0.28571428571428575,0.8891354740555162,FAIL
mt/set_11/frenetic/test-16,0.5858390927314758,0.8303469733588911,0.14285714285714285,0.5456155614204031,FAIL
mt/set_18/frenetic/test-420,0.34005770087242126,0.8531822096285802,0.14285714285714285,0.3844086476780123,FAIL
mt/set_7/frenetic/odr/test-784,0.7336227893829346,0.9231047031697085,0.14285714285714285,0.7152645344628767,FAIL
mt/set_7/frenetic/odr/test-377,0.9463403820991516,0.774120065561019,0.14285714285714285,0.7402467383337562,FAIL
mt/set_10/frenetic/test-332,0.9671526551246643,0.8059282718004278,0.14285714285714285,0.7841481457511496,FAIL
mt/set_17/frenetic/test-825,0.25609806180000305,0.26913353890602,0.14285714285714285,0.17519628739382448,FAIL
mt/set_11/frenetic/test-744,0.33553197979927063,0.4849848598494319,0.14285714285714285,0.2576519373412448,FAIL
mt/set_14/frenetic/test-548,0.5809913277626038,0.7371169819707198,0.14285714285714285,0.48811695581973125,FAIL
mt/set_11/frenetic/test-538,0.34547463059425354,0.475622968580715,0.14285714285714285,0.25781929783086033,FAIL
mt/set_16/frenetic/test-837,0.8086000084877014,0.4836791954885129,0.14285714285714285,0.4184458575076645,FAIL
mt_set5/frenetic/test-661,0.08588588982820511,0.2692446592771619,0.14285714285714285,0.15371204823242174,FAIL
mt/set_7/frenetic/odr/test-601,0.19423167407512665,0.6504708725727144,0.14285714285714285,0.24145180523457987,FAIL
mt/set_17/frenetic/test-723,0.7283205389976501,0.8692391032586049,0.14285714285714285,0.6718960437749054,FAIL
mt/set_14/frenetic/test-361,0.70095294713974,0.8997416451370948,0.14285714285714285,0.6733975653746703,FAIL
mt/set_13/frenetic/test-35,0.21229471266269684,0.858349306886685,0.14285714285714285,0.29475234836094294,FAIL
mt/set_13/frenetic/test-788,0.7835109233856201,0.8684057004750395,0.14285714285714285,0.7113323631974459,FAIL
mt/set_7/frenetic/odr/test-140,0.5258523225784302,0.8648220685057088,0.14285714285714285,0.5225040758296049,FAIL
mt/set_16/frenetic/test-798,0.06829730421304703,0.3835597410895353,0.14285714285714285,0.1592964782403854,FAIL
mt/set_14/frenetic/test-199,0.6921021938323975,0.9686362752451593,0.14285714285714285,0.7143806920039028,FAIL
mt/set_12/frenetic/test-76,0.3663982152938843,0.5017918159846654,0.14285714285714285,0.2743701664981608,FAIL
mt/set_12/frenetic/test-23,0.8348450064659119,0.5688807400616718,0.14285714285714285,0.4985208156199888,FAIL
mt/set_16/frenetic/test-519,0.11325007677078247,0.38089285218212626,0.14285714285714285,0.1698147052123849,FAIL
mt/set_18/frenetic/test-935,0.8261977434158325,0.8103175264605385,0.28571428571428575,0.7191402994074725,FAIL
mt_set6/frenetic/test-35,0.11955767124891281,0.7368669611356502,0.14285714285714285,0.2138755723651424,FAIL
mt/set_17/frenetic/test-218,0.023153550922870636,0.29619134927910656,0.14285714285714285,0.14640737527812042,FAIL
mt/set_14/frenetic/test-829,0.9154225587844849,0.9322165736033557,0.14285714285714285,0.8654545727515054,FAIL
mt/set_9/frenetic/test-604,0.6021963953971863,0.7065033197210878,0.14285714285714285,0.48228283884401546,FAIL
mt/set_9/frenetic/test-747,0.6640037894248962,0.6566658332638831,0.14285714285714285,0.4840280603266617,FAIL
mt_set6/frenetic/test-101,0.8888610005378723,0.7778425979942774,0.14285714285714285,0.7072709498373324,FAIL
mt/set_10/frenetic/test-231,0.7608396410942078,0.789760257799261,0.14285714285714285,0.6350466766524291,FAIL
mt/set_14/frenetic/test-129,0.7382340431213379,0.8652943300830624,0.14285714285714285,0.6761848684841404,FAIL
mt_set6/frenetic/test-893,0.870052695274353,0.8325693807817318,0.14285714285714285,0.7429431344271373,FAIL
mt/set_17/frenetic/test-616,0.2849651873111725,0.2607995110703669,0.14285714285714285,0.17646661616442216,FAIL
mt_set5/frenetic/test-346,0.8598964214324951,0.3033586132177681,0.14285714285714285,0.28087178285489817,FAIL
mt/set_11/frenetic/test-790,0.7730429768562317,0.845709364669278,0.14285714285714285,0.6861921166968123,FAIL
mt_set5/frenetic/test-838,0.5838828682899475,0.8575159041031197,0.14285714285714285,0.5601341502219847,FAIL
mt/set_13/frenetic/test-56,0.6922109723091125,0.6658332638831014,0.14285714285714285,0.5048669520869697,FAIL
mt_set5/frenetic/test-526,0.37387019395828247,0.3108036780842848,0.14285714285714285,0.2056473465571359,FAIL
mt/set_9/frenetic/test-531,0.8409783244132996,0.9824707614523432,0.14285714285714285,0.8489539969779217,FAIL
mt/set_8/frenetic/odr/test-714,0.5638726353645325,0.6602494652332138,0.14285714285714285,0.43460051519271375,FAIL
mt/set_11/frenetic/test-14,0.5775439739227295,0.26799455510181397,0.14285714285714285,0.21512950121133703,FAIL
mt/set_10/frenetic/test-82,0.09492825716733932,0.49926382754118404,0.14285714285714285,0.17669020721261966,FAIL
mt/set_14/frenetic/test-534,0.8812919855117798,0.7702308525710475,0.14285714285714285,0.6957565651488008,FAIL
mt/set_10/frenetic/test-618,0.368701696395874,0.11178709336889181,0.14285714285714285,0.13140156290372093,FAIL
mt/set_11/frenetic/test-36,0.5758207440376282,0.2574936800288913,0.14285714285714285,0.20886723898527626,FAIL
mt/set_18/frenetic/test-487,0.7613418698310852,0.9636080784509821,0.14285714285714285,0.767729194827769,FAIL
mt/set_13/frenetic/test-565,0.04030560702085495,0.5029863599744424,0.14285714285714285,0.1573723684946322,FAIL
mt/set_18/frenetic/test-509,0.5248844027519226,0.9356335250159736,0.14285714285714285,0.5589731007224107,FAIL
mt/set_10/frenetic/test-66,0.9192243814468384,0.9086590549212434,0.14285714285714285,0.8468009317850718,FAIL
mt/set_8/frenetic/odr/test-311,0.2087215632200241,0.32191571519848877,0.14285714285714285,0.18023052585543703,FAIL
mt/set_11/frenetic/test-620,0.869749128818512,0.6820012778842682,0.14285714285714285,0.6117772846045954,FAIL
mt_set6/frenetic/test-824,0.5201355218887329,0.845987165597133,0.14285714285714285,0.5085800441906443,FAIL
mt/set_12/frenetic/test-314,0.29219427704811096,0.015806872794955133,0.14285714285714285,0.10573378530502929,FAIL
mt/set_11/frenetic/test-447,0.4813351035118103,0.8182348529044088,0.14285714285714285,0.467940142832313,FAIL
mt/set_10/frenetic/test-658,0.9426367282867432,0.9490790899241603,0.14285714285714285,0.9028315613133641,FAIL
mt/set_8/frenetic/odr/test-161,0.8005335927009583,0.9733311109259105,0.14285714285714285,0.8076794521598544,FAIL
mt/set_11/frenetic/test-517,0.41121917963027954,0.38528210684223685,0.14285714285714285,0.24254693766899327,FAIL
mt/set_11/frenetic/test-195,0.9902616143226624,0.8941022863016362,0.14285714285714285,0.8867863713565469,FAIL
mt/set_17/frenetic/test-508,0.7557870745658875,0.9331055365724922,0.14285714285714285,0.7401166645236584,FAIL
mt/set_11/frenetic/test-922,0.7717828154563904,0.6526932799955552,0.14285714285714285,0.536339912199237,FAIL
mt/set_12/frenetic/test-545,0.7094902396202087,0.9476623051920994,0.14285714285714285,0.7138585503297521,FAIL
mt/set_17/frenetic/test-301,0.16348758339881897,0.7377003639192155,0.14285714285714285,0.2401066278272252,FAIL
mt/set_10/frenetic/test-718,0.7372557520866394,0.8045392671611523,0.14285714285714285,0.6306860950531805,FAIL
mt/set_12/frenetic/test-431,0.11756881326436996,0.04022557435341835,0.14285714285714285,0.13079087433780504,FAIL
mt/set_8/frenetic/odr/test-242,0.7495811581611633,0.755868544600939,0.14285714285714285,0.6023589393422558,FAIL
mt_set6/frenetic/test-235,0.6846895217895508,0.88776842514654,0.14285714285714285,0.6528900925035112,FAIL
mt_set5/frenetic/test-502,0.3033747673034668,0.8122899130483096,0.14285714285714285,0.34594615373920323,FAIL
mt_set6/frenetic/test-804,0.5832589864730835,0.8723226935577965,0.14285714285714285,0.5683244806258357,FAIL
mt/set_14/frenetic/test-400,0.6031412482261658,0.8450982026279967,0.14285714285714285,0.5664076922030011,FAIL
mt_set5/frenetic/test-599,0.4813179671764374,0.7116704169791926,0.14285714285714285,0.4166371874030669,FAIL
mt/set_7/frenetic/odr/test-561,0.7435429692268372,0.6346362196849737,0.14285714285714285,0.5085160178453412,FAIL
mt/set_8/frenetic/odr/test-302,0.8382825255393982,0.5808261799594411,0.14285714285714285,0.5099989333873158,FAIL
mt/set_14/frenetic/test-928,0.7135547995567322,0.6485818262632997,0.14285714285714285,0.503719417955915,FAIL
mt_set6/frenetic/test-275,0.8840774893760681,0.7985665472122677,0.14285714285714285,0.7225550668196987,FAIL
mt/set_13/frenetic/test-435,0.6640832424163818,0.9794149512459371,0.14285714285714285,0.6984011647207156,FAIL
mt/set_9/frenetic/test-800,0.7343556880950928,0.4191460399477734,0.14285714285714285,0.34575146599316714,FAIL
mt/set_18/frenetic/test-638,0.4284364879131317,0.974608995194044,0.14285714285714285,0.49920998103013187,FAIL
mt/set_8/frenetic/odr/test-122,0.56749427318573,0.21329555240714498,0.14285714285714285,0.18283053688908008,FAIL
mt/set_16/frenetic/test-98,0.8234743475914001,0.3212489929716365,0.14285714285714285,0.28975825524579835,FAIL
mt/set_12/frenetic/test-598,0.8981778025627136,0.6839736644720393,0.14285714285714285,0.6288759911715897,FAIL
mt_set5/frenetic/test-263,0.9766075611114502,0.997333111092591,0.14285714285714285,0.9773448342239089,FAIL
mt/set_7/frenetic/odr/test-499,0.4166133403778076,0.4249242992471595,0.14285714285714285,0.26037008309165716,FAIL
mt/set_11/frenetic/test-636,0.5688897967338562,0.9640247798427647,0.14285714285714285,0.6100110329463143,FAIL
mt/set_16/frenetic/test-901,0.2530442178249359,0.5268772397699808,0.14285714285714285,0.2400312036520334,FAIL
mt/set_18/frenetic/test-439,0.054718825966119766,0.08414590104730942,0.28571428571428575,0.27468469290284103,FAIL
mt/set_8/frenetic/odr/test-799,0.6271905303001404,0.30344195349612463,0.14285714285714285,0.24357441539995345,FAIL
mt/set_14/frenetic/test-618,0.2947673499584198,0.8465149873600578,0.14285714285714285,0.35027249670124627,FAIL
mt/set_14/frenetic/test-584,0.08431773632764816,0.38414312303803094,0.14285714285714285,0.16320182944922446,FAIL
mt/set_18/frenetic/test-384,0.7260212302207947,0.9343278606550546,0.14285714285714285,0.7174816870765182,FAIL
mt/set_17/frenetic/test-286,0.717620313167572,0.9914159513292774,0.14285714285714285,0.7518001807340179,FAIL
mt/set_7/frenetic/odr/test-848,0.8303378820419312,0.677806483873656,0.14285714285714285,0.5870458456765212,FAIL
mt/set_13/frenetic/test-317,0.41333693265914917,0.0727560630052504,0.14285714285714285,0.11388177753506754,FAIL
mt/set_13/frenetic/test-544,0.07625073194503784,0.511959329944162,0.14285714285714285,0.17100145478504236,FAIL
mt/set_13/frenetic/test-305,0.413223534822464,0.7131983220823958,0.14285714285714285,0.37853554524888894,FAIL
mt/set_11/frenetic/test-143,0.6297712326049805,0.3636691946551101,0.14285714285714285,0.2819182208919835,FAIL
mt_set6/frenetic/test-911,0.9851973652839661,0.7724532599938884,0.14285714285714285,0.7631335786532799,FAIL
mt/set_12/frenetic/test-91,0.9633886218070984,0.828819068255688,0.14285714285714285,0.803705056778991,FAIL
mt/set_7/frenetic/odr/test-297,0.6241122484207153,0.9874711781537351,0.14285714285714285,0.6699911074737925,FAIL
mt/set_16/frenetic/test-132,0.6422122716903687,0.5402394643998111,0.14285714285714285,0.39806094630465233,FAIL
mt/set_18/frenetic/test-589,0.5740935802459717,0.4099786093285551,0.14285714285714285,0.29620986190427023,FAIL
mt/set_18/frenetic/test-593,0.3209720551967621,0.8137900380587271,0.28571428571428575,0.4552118367289082,FAIL
mt/set_12/frenetic/test-368,0.8422077298164368,0.9400505597688695,0.14285714285714285,0.8142596007389763,FAIL
mt/set_7/frenetic/odr/test-398,0.9253662824630737,0.3751701530683112,0.14285714285714285,0.3578317694840578,FAIL
mt_set6/frenetic/test-540,0.16272136569023132,0.8171236491929884,0.14285714285714285,0.252574705349818,FAIL
mt/set_16/frenetic/test-805,0.11124546825885773,0.8800733394449537,0.14285714285714285,0.22486910598330528,FAIL
mt/set_14/frenetic/test-73,0.4249127507209778,0.38122621329555234,0.14285714285714285,0.24414320026392994,FAIL
mt/set_13/frenetic/test-825,0.5116788148880005,0.9031308164569269,0.14285714285714285,0.5318730751552269,FAIL
mt/set_9/frenetic/test-641,0.6261405348777771,0.29405228213462237,0.14285714285714285,0.23752654823526387,FAIL
mt/set_12/frenetic/test-425,0.32438790798187256,0.5547406728338473,0.14285714285714285,0.2764671794784749,FAIL
mt/set_10/frenetic/test-711,0.7461221218109131,0.8370141956274134,0.14285714285714285,0.6607830759401071,FAIL
mt_set5/frenetic/test-474,0.583323061466217,0.9374114509542462,0.14285714285714285,0.606338994357517,FAIL
mt/set_13/frenetic/test-854,0.9151983857154846,0.9596077450898686,0.14285714285714285,0.8903459755526832,FAIL
mt/set_8/frenetic/odr/test-387,0.8389946818351746,0.9386893352223796,0.14285714285714285,0.8105561198848041,FAIL
mt/set_18/frenetic/test-687,0.7975233197212219,0.41039531072033786,0.14285714285714285,0.35622507064353165,FAIL
mt/set_11/frenetic/test-496,0.720673680305481,0.8217073645025974,0.14285714285714285,0.6320866304665641,FAIL
mt_set6/frenetic/test-919,0.22539035975933075,0.6182181848487374,0.14285714285714285,0.24999893699846137,FAIL
mt_set6/frenetic/test-614,0.831793487071991,0.7395060699502737,0.14285714285714285,0.6391458344817003,FAIL
mt/set_7/frenetic/odr/test-209,0.39058011770248413,0.8469872489374114,0.14285714285714285,0.4178763625678368,FAIL
mt_set6/frenetic/test-456,0.714643120765686,0.8174847903992,0.14285714285714285,0.6249751502514118,FAIL
mt/set_18/frenetic/test-40,0.48339441418647766,0.6760007778425979,0.14285714285714285,0.4005758022256608,FAIL
mt/set_12/frenetic/test-682,0.673770010471344,0.9344667611189822,0.14285714285714285,0.676219963642639,FAIL
mt/set_8/frenetic/odr/test-846,0.7946584224700928,0.984693168875184,0.14285714285714285,0.8118292312711314,FAIL
mt/set_14/frenetic/test-489,0.4982387125492096,0.16115231824874293,0.14285714285714285,0.1519725117475903,FAIL
mt/set_13/frenetic/test-586,0.9374493360519409,0.7061143984220908,0.14285714285714285,0.6708822831129417,FAIL
mt/set_11/frenetic/test-753,0.7847136855125427,0.9609411895435731,0.14285714285714285,0.7848188901914667,FAIL
mt/set_8/frenetic/odr/test-701,0.0707610473036766,0.5578242631330389,0.14285714285714285,0.17222065407756196,FAIL
mt_set6/frenetic/test-589,0.5962134599685669,0.9927216156901965,0.14285714285714285,0.6495577807092999,FAIL
mt/set_10/frenetic/test-57,0.936876118183136,0.9357168652943302,0.14285714285714285,0.8856684818778535,FAIL
mt/set_11/frenetic/test-544,0.3921070396900177,0.9477734255632414,0.14285714285714285,0.45847048792479916,FAIL
mt/set_7/frenetic/odr/test-488,0.1691720336675644,0.6193571686529433,0.14285714285714285,0.223467619134928,FAIL
mt/set_13/frenetic/test-927,0.9441598057746887,0.9074089507458954,0.14285714285714285,0.8647162292980747,FAIL
mt/set_9/frenetic/test-423,0.9758963584899902,0.4042003500291691,0.14285714285714285,0.39790102705241837,FAIL
mt_set5/frenetic/test-290,0.7800804376602173,0.7251715420729504,0.14285714285714285,0.5971092142532566,FAIL
mt/set_10/frenetic/test-866,0.8985710144042969,0.4554824013112203,0.14285714285714285,0.4237731384746287,FAIL
mt/set_11/frenetic/test-343,0.7201342582702637,0.8064560935633525,0.14285714285714285,0.6207374810128843,FAIL
mt/set_18/frenetic/test-363,0.5288196802139282,0.169764147012251,0.14285714285714285,0.157086096189962,FAIL
mt/set_13/frenetic/test-564,0.1578383445739746,0.05967163930327528,0.14285714285714285,0.12972728068364792,FAIL
mt/set_8/frenetic/odr/test-619,0.9315410256385803,0.8712948301247325,0.14285714285714285,0.8214267331681888,FAIL
mt/set_17/frenetic/test-31,0.9112067222595215,0.7169486346084396,0.14285714285714285,0.6659731693329211,FAIL
mt/set_8/frenetic/odr/test-705,0.7740403413772583,0.667444509264661,0.14285714285714285,0.5489089270334151,FAIL
mt/set_13/frenetic/test-374,0.6606733798980713,0.13678917687585074,0.14285714285714285,0.13884819926317607,FAIL
mt/set_18/frenetic/test-353,0.6150540113449097,0.7647859543850876,0.14285714285714285,0.5253769531583775,FAIL
mt/set_7/frenetic/odr/test-286,0.5181996822357178,0.26916131899880547,0.14285714285714285,0.20830792679879653,FAIL
mt/set_14/frenetic/test-366,0.9524737596511841,0.6881128982970803,0.14285714285714285,0.6621989422124667,FAIL
mt/set_7/frenetic/odr/test-90,0.060829047113657,0.018751562630219164,0.14285714285714285,0.1353079192026359,FAIL
mt/set_18/frenetic/test-68,0.11892227828502655,0.7481456788065672,0.14285714285714285,0.21483943244331927,FAIL
mt/set_14/frenetic/test-69,0.8214015960693359,0.949829152429369,0.14285714285714285,0.8057052395030488,FAIL
mt/set_18/frenetic/test-577,0.8079515099525452,0.9389115759646637,0.14285714285714285,0.7860305240907817,FAIL
mt/set_7/frenetic/odr/test-610,0.8747945427894592,0.5265716587493402,0.14285714285714285,0.47852850734873636,FAIL
mt/set_9/frenetic/test-666,0.7226897478103638,0.2396310803678084,0.14285714285714285,0.21279467535134164,FAIL
mt_set5/frenetic/test-19,0.8866784572601318,0.7584798733227769,0.14285714285714285,0.6887165557606811,FAIL
mt/set_14/frenetic/test-40,0.7116346955299377,0.8024557602022391,0.14285714285714285,0.6122504040834884,FAIL
mt/set_17/frenetic/test-127,0.520054042339325,0.5840764508153456,0.14285714285714285,0.3723150275189657,FAIL
mt_set6/frenetic/test-36,0.9491429328918457,0.8889629691363169,0.14285714285714285,0.8510182150594521,FAIL
mt/set_9/frenetic/test-780,0.6370707750320435,0.6273300552823846,0.14285714285714285,0.45150067665792293,FAIL
mt/set_9/frenetic/test-119,0.6579172611236572,0.6864183126371641,0.14285714285714285,0.5004754189319857,FAIL
mt/set_11/frenetic/test-563,0.3429182767868042,0.6582770786454426,0.14285714285714285,0.3196040590592319,FAIL
mt/set_9/frenetic/test-708,0.18458843231201172,0.4252854404533711,0.14285714285714285,0.19499013955098093,FAIL
mt/set_13/frenetic/test-503,0.8542226552963257,0.9936383587521181,0.14285714285714285,0.8696137321751852,FAIL
mt/set_9/frenetic/test-835,0.37155234813690186,0.950801455676862,0.14285714285714285,0.4430507494491651,FAIL
mt/set_16/frenetic/test-357,0.34663018584251404,0.20901741811817645,0.28571428571428575,0.2591288277309584,FAIL
mt/set_9/frenetic/test-598,0.07854883372783661,0.00019446064949849376,0.14285714285714285,0.1316511534245101,FAIL
mt/set_16/frenetic/test-449,0.5217873454093933,0.9560796733061089,0.14285714285714285,0.5671863682472184,FAIL
mt/set_9/frenetic/test-45,0.6683074831962585,0.03289162985804373,0.14285714285714285,0.06936636762632947,FAIL
mt/set_17/frenetic/test-95,0.6884891390800476,0.37439231047031696,0.14285714285714285,0.3022665910738916,FAIL
mt/set_18/frenetic/test-6,0.8136699795722961,0.9666083284718171,0.14285714285714285,0.8131187532288896,FAIL
mt_set6/frenetic/test-99,0.8262711763381958,0.8921854598994361,0.28571428571428575,0.7868239362234568,FAIL
mt/set_10/frenetic/test-616,0.9670946598052979,0.7925104869850266,0.14285714285714285,0.7711334226878727,FAIL
mt/set_16/frenetic/test-18,0.8003489971160889,0.9649970830902576,0.14285714285714285,0.8008560195117974,FAIL
mt/set_16/frenetic/test-166,0.7821646332740784,0.4331472067116704,0.14285714285714285,0.3699117641950282,FAIL
mt_set6/frenetic/test-587,0.38051438331604004,0.6779176042447982,0.14285714285714285,0.3464553443588624,FAIL
mt_set6/frenetic/test-542,0.7020030617713928,0.9458565991610413,0.14285714285714285,0.7065652197832433,FAIL
mt/set_11/frenetic/test-551,0.6001169085502625,0.9076311914881796,0.14285714285714285,0.6018109806610686,FAIL
mt/set_11/frenetic/test-812,0.7956468462944031,0.49448565158207625,0.14285714285714285,0.42262925689134007,FAIL
mt/set_14/frenetic/test-813,0.7675824761390686,0.9237714253965608,0.14285714285714285,0.7422732615011135,FAIL
mt/set_14/frenetic/test-176,0.6836936473846436,0.9456621385115426,0.28571428571428575,0.7369164402769062,FAIL
mt/set_17/frenetic/test-681,0.9651483297348022,0.837319776648054,0.14285714285714285,0.8131165939236724,FAIL
mt/set_17/frenetic/test-310,0.7846667766571045,0.8740728394032836,0.14285714285714285,0.7166178065070825,FAIL
mt/set_17/frenetic/test-164,0.5250406265258789,0.3390838125399339,0.14285714285714285,0.24588411644848215,FAIL
mt/set_12/frenetic/test-731,0.17949169874191284,0.670500319471067,0.14285714285714285,0.23756471295715526,FAIL
mt/set_11/frenetic/test-481,0.42546555399894714,0.08389588021223988,0.14285714285714285,0.11777115232397715,FAIL
mt/set_14/frenetic/test-334,0.8280045986175537,0.9184932077673139,0.14285714285714285,0.785087371456388,FAIL
mt/set_13/frenetic/test-151,0.8115546703338623,0.7662027391171486,0.14285714285714285,0.6487361727339968,FAIL
mt/set_10/frenetic/test-61,0.8695085644721985,0.5494624552046004,0.14285714285714285,0.49640394430315055,FAIL
mt/set_16/frenetic/test-777,0.5324522256851196,0.43786982248520706,0.28571428571428575,0.3667298399182769,FAIL
mt/set_11/frenetic/test-499,0.19905038177967072,0.6537211434286191,0.14285714285714285,0.24454481933712244,FAIL
mt_set6/frenetic/test-536,0.632603108882904,0.9513570575325722,0.14285714285714285,0.6543167024123822,FAIL
mt/set_10/frenetic/test-630,0.5933773517608643,0.6934188960191128,0.14285714285714285,0.4695480179292112,FAIL
mt/set_8/frenetic/odr/test-499,0.9667673110961914,0.9378281523460288,0.14285714285714285,0.911409128100138,FAIL
mt/set_16/frenetic/test-717,0.9585603475570679,0.9647192821624024,0.14285714285714285,0.9306616007535878,FAIL
mt/set_9/frenetic/test-91,0.8579398989677429,0.9617190321415674,0.14285714285714285,0.8453914294183571,FAIL
mt/set_18/frenetic/test-109,0.6751238107681274,0.8466816679167709,0.14285714285714285,0.6180258383274664,FAIL
mt_set5/frenetic/test-331,0.9861526489257812,0.9726643886990582,0.14285714285714285,0.9611737564419547,FAIL
mt/set_11/frenetic/test-389,0.7435740232467651,0.681723476956413,0.14285714285714285,0.5435441508955727,FAIL
mt/set_17/frenetic/test-335,0.8993098139762878,0.9499958329860821,0.14285714285714285,0.8687248881300639,FAIL
mt_set6/frenetic/test-376,0.9895658493041992,0.9525793816151346,0.14285714285714285,0.9441306177541925,FAIL
mt/set_14/frenetic/test-583,0.7935885787010193,0.7513403894769008,0.14285714285714285,0.6257424977054984,FAIL
mt_set6/frenetic/test-203,0.8342998623847961,0.9229658027057811,0.14285714285714285,0.7937016904140495,FAIL
mt/set_9/frenetic/test-625,0.4548799693584442,0.05092091007583962,0.14285714285714285,0.10103718784917823,FAIL
mt/set_14/frenetic/test-241,0.8561913371086121,0.7247826207739534,0.14285714285714285,0.641096695892305,FAIL
mt/set_10/frenetic/test-367,0.5858973860740662,0.9819707197822041,0.14285714285714285,0.6344915941967961,FAIL
mt/set_10/frenetic/test-902,0.5789536833763123,0.9099369391893769,0.14285714285714285,0.5869608163872412,FAIL
mt_set6/frenetic/test-452,0.1359446793794632,0.803816984748729,0.14285714285714285,0.23271111877453252,FAIL
mt/set_11/frenetic/test-250,0.828932523727417,0.7797594243964775,0.14285714285714285,0.6708061584612934,FAIL
mt_set6/frenetic/test-243,0.7588885426521301,0.8316248576270245,0.14285714285714285,0.6655550701446964,FAIL
mt_set5/frenetic/test-337,0.4905010461807251,0.9550795899658305,0.14285714285714285,0.5412531028954228,FAIL
mt/set_11/frenetic/test-691,0.39119482040405273,0.7315887435064033,0.14285714285714285,0.37316589563932084,FAIL
mt/set_13/frenetic/test-92,0.8332430720329285,0.6938911575964664,0.14285714285714285,0.6020024180931747,FAIL
mt/set_18/frenetic/test-448,0.7007059454917908,0.5762424646498319,0.14285714285714285,0.446532814526153,FAIL
mt/set_10/frenetic/test-150,0.9435956478118896,0.8319582187404506,0.14285714285714285,0.7930899189631228,FAIL
mt/set_10/frenetic/test-476,0.3151577115058899,0.26643886990582544,0.14285714285714285,0.18180487713775118,FAIL
mt/set_9/frenetic/test-444,0.376817524433136,0.9269105758813234,0.14285714285714285,0.43830221651261614,FAIL
mt/set_7/frenetic/odr/test-296,0.6635258197784424,0.8396255243492513,0.14285714285714285,0.6051809543823925,FAIL
mt/set_16/frenetic/test-136,0.7015580534934998,0.31880434480651165,0.14285714285714285,0.26629431937436976,FAIL
mt/set_12/frenetic/test-766,0.783229410648346,0.9463844209239659,0.14285714285714285,0.7722033392972902,FAIL
mt/set_11/frenetic/test-99,0.26939743757247925,0.18732116565269324,0.28571428571428575,0.25920743129493146,FAIL
mt/set_8/frenetic/odr/test-596,0.998580813407898,0.9838597660916188,0.14285714285714285,0.9826662264448018,FAIL
mt/set_16/frenetic/test-758,0.48688897490501404,0.7766202739117148,0.14285714285714285,0.4514294198114208,FAIL
mt/set_16/frenetic/test-63,0.7370722889900208,0.6745562130177515,0.14285714285714285,0.5347577935542883,FAIL
mt/set_12/frenetic/test-511,0.16222944855690002,0.3623635302941911,0.28571428571428575,0.298149058909736,FAIL
mt/set_9/frenetic/test-430,0.9587002396583557,0.28246798344306473,0.14285714285714285,0.27670208918577066,FAIL
mt_set6/frenetic/test-653,0.8814907670021057,0.9787760091118705,0.14285714285714285,0.8797119054235534,FAIL
mt/set_11/frenetic/test-927,0.8909017443656921,0.6985304330916465,0.14285714285714285,0.6379074464244857,FAIL
mt/set_7/frenetic/odr/test-688,0.5990217328071594,0.9742200738950467,0.14285714285714285,0.640861606399107,FAIL
mt/set_11/frenetic/test-227,0.15389718115329742,0.17820929521904602,0.14285714285714285,0.14829774158207895,FAIL
mt/set_12/frenetic/test-337,0.08051968365907669,0.4731227602300191,0.14285714285714285,0.16945002695584516,FAIL
mt_set6/frenetic/test-46,0.5436272621154785,0.8311803761424563,0.14285714285714285,0.5170484176185116,FAIL
mt/set_13/frenetic/test-857,0.8241806030273438,0.9843598077617579,0.14285714285714285,0.8364073166673452,FAIL
mt/set_11/frenetic/test-231,0.660390317440033,0.37225324332583265,0.14285714285714285,0.29434810646516657,FAIL
mt/set_16/frenetic/test-499,0.6629811525344849,0.963830319193266,0.14285714285714285,0.6871468855043626,FAIL
mt/set_13/frenetic/test-445,0.7620100975036621,0.6391365947162264,0.14285714285714285,0.5210270963573471,FAIL
mt/set_13/frenetic/test-844,0.474721759557724,0.14315081812373245,0.14285714285714285,0.14299655263896222,FAIL
mt/set_9/frenetic/test-645,0.7894930243492126,0.6468594605105981,0.14285714285714285,0.5407634569003817,FAIL
mt/set_13/frenetic/test-597,0.8935646414756775,0.955107370058616,0.14285714285714285,0.8686552259149648,FAIL
mt/set_14/frenetic/test-714,0.15367867052555084,0.5431285940495041,0.14285714285714285,0.20437032945445516,FAIL
mt/set_12/frenetic/test-444,0.7609914541244507,0.9711364835958551,0.14285714285714285,0.7731706427871369,FAIL
mt/set_14/frenetic/test-372,0.5115143060684204,0.0524488151790426,0.14285714285714285,0.09661198986207303,FAIL
mt/set_10/frenetic/test-896,0.5826092958450317,0.9160207795094035,0.14285714285714285,0.5933094647801005,FAIL
mt_set6/frenetic/test-545,0.8130556344985962,0.8026224407589521,0.14285714285714285,0.6792830357628536,FAIL
mt_set6/frenetic/test-94,0.158248171210289,0.8452371030919243,0.14285714285714285,0.2540074849303152,FAIL
mt/set_9/frenetic/test-391,0.6015371680259705,0.8180403922549101,0.14285714285714285,0.5490049625984482,FAIL
mt/set_17/frenetic/test-937,0.517927348613739,0.8165958274300635,0.14285714285714285,0.4918048334165039,FAIL
mt/set_13/frenetic/test-941,0.4528658092021942,0.5240714503986443,0.14285714285714285,0.31549606446390444,FAIL
mt_set5/frenetic/test-438,0.4832346737384796,0.9768314026168847,0.14285714285714285,0.5458624264359063,FAIL
mt/set_9/frenetic/test-696,0.35738635063171387,0.035141817373669997,0.14285714285714285,0.10436115577549723,FAIL
mt/set_12/frenetic/test-291,0.40125277638435364,0.0653109981387337,0.14285714285714285,0.11174154124845292,FAIL
mt/set_10/frenetic/test-489,0.15539385378360748,0.39967219490513095,0.14285714285714285,0.18276462563325477,FAIL
mt/set_11/frenetic/test-832,0.4185244143009186,0.9724977081423452,0.14285714285714285,0.49008197878088977,FAIL
mt/set_16/frenetic/test-841,0.23949533700942993,0.3956996416368031,0.14285714285714285,0.20341174231268394,FAIL
mt/set_18/frenetic/test-214,0.9147182703018188,0.8014278967691751,0.14285714285714285,0.7452638437469218,FAIL
mt/set_16/frenetic/test-810,0.9253185987472534,0.6609995277384226,0.14285714285714285,0.6223039283870487,FAIL
mt/set_11/frenetic/test-292,0.458925724029541,0.11612078784343137,0.14285714285714285,0.13058714177456446,FAIL
mt/set_10/frenetic/test-772,0.4219464361667633,0.7268939078256522,0.14285714285714285,0.38928937868344554,FAIL
mt/set_17/frenetic/test-883,0.5500697493553162,0.8339861655137928,0.14285714285714285,0.5230263111220709,FAIL
mt/set_17/frenetic/test-148,0.820699155330658,0.9809428563491401,0.14285714285714285,0.8306733800147169,FAIL
mt/set_9/frenetic/test-774,0.8751082420349121,0.5536850293079979,0.14285714285714285,0.5023760123480691,FAIL
mt/set_11/frenetic/test-365,0.8888894319534302,0.7786204405922716,0.14285714285714285,0.707980419437761,FAIL
mt/set_18/frenetic/test-477,0.8936247229576111,0.16126343861988499,0.14285714285714285,0.15930546380879915,FAIL
mt/set_18/frenetic/test-523,0.8147899508476257,0.9850820901741812,0.14285714285714285,0.8290935662842367,FAIL
mt/set_13/frenetic/test-585,0.6865105032920837,0.5042920243353612,0.14285714285714285,0.39098598524806916,FAIL
mt/set_12/frenetic/test-243,0.26811647415161133,0.7318109842486873,0.14285714285714285,0.30076537024909106,FAIL
mt/set_10/frenetic/test-76,0.7407507300376892,0.45003750312526036,0.14285714285714285,0.37040121897899125,FAIL
mt/set_12/frenetic/test-618,0.7385458946228027,0.594994027280051,0.14285714285714285,0.47678098265522634,FAIL
mt/set_13/frenetic/test-45,0.6494725942611694,0.6867238936578048,0.14285714285714285,0.49608369243204176,FAIL
mt/set_13/frenetic/test-368,0.8940758109092712,0.704336472483818,0.14285714285714285,0.6448622298019064,FAIL
mt/set_9/frenetic/test-36,0.9060762524604797,0.9424952079339944,0.14285714285714285,0.8673902041867257,FAIL
mt/set_16/frenetic/test-874,0.527089536190033,0.44314804011445397,0.14285714285714285,0.3011373326145878,FAIL
mt/set_8/frenetic/odr/test-501,0.1926407516002655,0.40395032919409946,0.14285714285714285,0.19315432625332773,FAIL
mt/set_7/frenetic/odr/test-771,0.9803670644760132,0.7908436814178958,0.14285714285714285,0.7781218034859212,FAIL
mt/set_8/frenetic/odr/test-219,0.9637793302536011,0.9837208656276912,0.14285714285714285,0.9532642184234916,FAIL
mt/set_13/frenetic/test-837,0.8372697234153748,0.8175681306775565,0.14285714285714285,0.7077722250148549,FAIL
mt/set_17/frenetic/test-693,0.663054347038269,0.280467816762508,0.14285714285714285,0.2341004983889609,FAIL
mt/set_8/frenetic/odr/test-519,0.5587835311889648,0.03039142150734783,0.14285714285714285,0.08001314994359023,FAIL
mt/set_7/frenetic/odr/test-224,0.7324942946434021,0.9242436869739146,0.14285714285714285,0.7152183283338032,FAIL
mt/set_17/frenetic/test-220,0.5684347748756409,0.8817957051976554,0.14285714285714285,0.5628955181881018,FAIL
mt/set_16/frenetic/test-893,0.9007622599601746,0.7120593382781898,0.28571428571428575,0.6697498187845874,FAIL
mt/set_18/frenetic/test-726,0.8811486959457397,0.8758785454343417,0.14285714285714285,0.7887579958383587,FAIL
mt/set_10/frenetic/test-245,0.4784766137599945,0.10264744284245905,0.14285714285714285,0.12361773749633712,FAIL
mt/set_14/frenetic/test-390,0.5993285775184631,0.23610300858404867,0.14285714285714285,0.19874205492272695,FAIL
mt/set_14/frenetic/test-445,0.49108001589775085,0.8661555129594133,0.14285714285714285,0.49805451368830844,FAIL
mt/set_14/frenetic/test-680,0.7289185523986816,0.6565824929855265,0.14285714285714285,0.5173210814032302,FAIL
mt_set5/frenetic/test-491,0.3696797788143158,0.7423951995999666,0.14285714285714285,0.36449423480712,FAIL
mt/set_7/frenetic/odr/test-926,0.7729039788246155,0.8792121565686029,0.14285714285714285,0.7119888627821845,FAIL
mt/set_11/frenetic/test-212,0.948117196559906,0.9196599716643054,0.14285714285714285,0.8793572631855943,FAIL
mt/set_17/frenetic/test-69,0.9430286884307861,0.6768064005333778,0.14285714285714285,0.6463866110121546,FAIL
mt/set_12/frenetic/test-614,0.8171369433403015,0.5174042281301219,0.14285714285714285,0.4489134032541242,FAIL
mt/set_11/frenetic/test-165,0.8851688504219055,0.8479873322776899,0.14285714285714285,0.767016422024309,FAIL
mt/set_14/frenetic/test-453,0.8052698373794556,0.9926660555046254,0.14285714285714285,0.827182627748393,FAIL
mt_set5/frenetic/test-222,0.7215484976768494,0.8205683806983916,0.14285714285714285,0.6318586683802138,FAIL
mt/set_18/frenetic/test-307,0.6745064854621887,0.9854987915659639,0.14285714285714285,0.711224399831794,FAIL
mt/set_17/frenetic/test-342,0.9238013625144958,0.4582881906825569,0.14285714285714285,0.43425277461763545,FAIL
mt_set6/frenetic/test-30,0.707870602607727,0.4878462094063394,0.14285714285714285,0.3870647612883999,FAIL
mt_set6/frenetic/test-87,0.9831529259681702,0.8690446426091063,0.14285714285714285,0.8568105080397956,FAIL
mt_set5/frenetic/test-320,0.5870885848999023,0.7330055282384643,0.14285714285714285,0.4893265233116251,FAIL
mt/set_12/frenetic/test-590,0.9079990983009338,0.9856376920298914,0.14285714285714285,0.9081011215715643,FAIL
mt/set_18/frenetic/test-89,0.9392750263214111,0.26752229352446033,0.14285714285714285,0.2599520055315501,FAIL
mt/set_14/frenetic/test-826,0.3326857089996338,0.24854849015195704,0.14285714285714285,0.17801914366704463,FAIL
mt/set_11/frenetic/test-900,0.5595080256462097,0.8510153623913104,0.14285714285714285,0.5390773501138401,FAIL
mt/set_17/frenetic/test-869,0.5373287796974182,0.9257160318915465,0.14285714285714285,0.5635097543772756,FAIL
mt/set_11/frenetic/test-851,0.11393198370933533,0.2781065088757396,0.14285714285714285,0.15826636716559692,FAIL
mt/set_14/frenetic/test-654,0.730730414390564,0.5343778648220685,0.14285714285714285,0.4289532422610658,FAIL
mt/set_14/frenetic/test-106,0.20199768245220184,0.07092257688140673,0.14285714285714285,0.12832652511310183,FAIL
mt/set_12/frenetic/test-36,0.6878626942634583,0.7487846209406339,0.14285714285714285,0.5596520504599155,FAIL
mt/set_16/frenetic/test-832,0.0367860272526741,0.25777148095674635,0.14285714285714285,0.14708438589456654,FAIL
mt_set5/frenetic/test-650,0.9614759087562561,0.8987137817040308,0.28571428571428575,0.8750985331881528,FAIL
mt_set6/frenetic/test-474,0.6053122878074646,0.7712031558185405,0.14285714285714285,0.5232027054975052,FAIL
mt/set_17/frenetic/test-380,0.8067334294319153,0.18273745034308406,0.14285714285714285,0.17502992008207546,FAIL
mt_set6/frenetic/test-382,0.29098254442214966,0.7505903269716921,0.14285714285714285,0.31969689110056915,FAIL
mt/set_13/frenetic/test-864,0.934485912322998,0.7725366002722449,0.14285714285714285,0.7312837250907449,FAIL
mt_set5/frenetic/test-154,0.46034225821495056,0.7026141067311166,0.14285714285714285,0.4005369234009578,FAIL
mt_set5/frenetic/test-198,0.16414397954940796,0.0990638108731283,0.14285714285714285,0.13566873106755833,FAIL
mt/set_10/frenetic/test-820,0.4215928316116333,0.8973525571575409,0.14285714285714285,0.46094700101004005,FAIL
mt/set_13/frenetic/test-38,0.6898695230484009,0.3133594466205517,0.14285714285714285,0.2604814858330593,FAIL
mt/set_9/frenetic/test-426,0.766466498374939,0.23363058032613826,0.14285714285714285,0.21243194161946022,FAIL
mt_set6/frenetic/test-632,0.9048728346824646,0.5625190988137899,0.14285714285714285,0.5225978465520217,FAIL
mt_set6/frenetic/test-840,0.3476017117500305,0.8025391004805955,0.14285714285714285,0.37216372053766605,FAIL
mt/set_11/frenetic/test-174,0.35843226313591003,0.8595160707836764,0.14285714285714285,0.3997308200329307,FAIL
mt/set_8/frenetic/odr/test-528,0.17840741574764252,0.14862349640247802,0.14285714285714285,0.14388590096271606,FAIL
mt/set_17/frenetic/test-549,0.3348556458950043,0.45578798233186096,0.14285714285714285,0.24764379697244088,FAIL
mt/set_8/frenetic/odr/test-12,0.6465739011764526,0.610189738033725,0.14285714285714285,0.4450222020673814,FAIL
mt/set_12/frenetic/test-604,0.3788968026638031,0.39372725504903183,0.14285714285714285,0.23791102199308453,FAIL
mt/set_14/frenetic/test-681,0.9557925462722778,0.9296885851598744,0.14285714285714285,0.8949047705827595,FAIL
mt/set_13/frenetic/test-136,0.8135102987289429,0.8679334388976859,0.14285714285714285,0.7327141770503605,FAIL
mt/set_17/frenetic/test-874,0.2929892838001251,0.03716976414701226,0.14285714285714285,0.11189187771962372,FAIL
mt_set5/frenetic/test-824,0.8135451674461365,0.7239214378976027,0.14285714285714285,0.615579192062805,FAIL
mt/set_17/frenetic/test-377,0.5943658351898193,0.6950023613078867,0.14285714285714285,0.4710333967676845,FAIL
mt_set5/frenetic/test-188,0.25030550360679626,0.4935411284273689,0.14285714285714285,0.23063527021466212,FAIL
mt/set_11/frenetic/test-512,0.43014460802078247,0.4299247159485512,0.14285714285714285,0.266337711560024,FAIL
mt/set_18/frenetic/test-596,0.11334224045276642,0.8121787926771676,0.14285714285714285,0.2187195603600237,FAIL
mt/set_12/frenetic/test-847,0.9398722648620605,0.9994443981442898,0.14285714285714285,0.9479397465358497,FAIL
mt/set_18/frenetic/test-656,0.1885019689798355,0.4082006833902825,0.14285714285714285,0.19287492483245777,FAIL
mt/set_12/frenetic/test-126,0.8992248773574829,0.7815651304275356,0.14285714285714285,0.717199254647374,FAIL
mt/set_7/frenetic/odr/test-692,0.7390267848968506,0.7815929105203212,0.14285714285714285,0.6148999836318833,FAIL
mt/set_18/frenetic/test-330,0.9773069024085999,0.8714615106814456,0.14285714285714285,0.8549272206568883,FAIL
mt/set_14/frenetic/test-231,0.7308592796325684,0.13573353335000138,0.14285714285714285,0.1376507867443697,FAIL
mt/set_11/frenetic/test-585,0.8333716988563538,0.18420979526071612,0.14285714285714285,0.177319273042925,FAIL
mt_set6/frenetic/test-283,0.20925801992416382,0.8804067005583799,0.14285714285714285,0.2971953028976465,FAIL
mt/set_14/frenetic/test-713,0.16566279530525208,0.29769147428952414,0.14285714285714285,0.16850743526892561,FAIL
mt/set_18/frenetic/test-141,0.5664854645729065,0.23115815206822787,0.14285714285714285,0.19287838108234084,FAIL
mt/set_16/frenetic/test-570,0.22471804916858673,0.1697363669194655,0.14285714285714285,0.14889739178033065,FAIL
mt/set_14/frenetic/test-695,0.7041008472442627,0.6931966552768286,0.14285714285714285,0.530351659823838,FAIL
mt/set_17/frenetic/test-278,0.693609356880188,0.9434952912742729,0.14285714285714285,0.6981872540744929,FAIL
mt_set6/frenetic/test-861,0.9825484752655029,0.9210211962107954,0.14285714285714285,0.9074410469861975,FAIL
mt/set_12/frenetic/test-902,0.2849603295326233,0.001666805567130565,0.14285714285714285,0.10262349781615872,FAIL
mt_set6/frenetic/test-578,0.9660326242446899,0.8843514737339223,0.14285714285714285,0.8591648571765986,FAIL
mt/set_14/frenetic/test-520,0.3003043830394745,0.04322582437425341,0.14285714285714285,0.11293741697125473,FAIL
mt/set_9/frenetic/test-649,0.8950611352920532,0.7065310998138734,0.14285714285714285,0.6473797947053981,FAIL
mt/set_8/frenetic/odr/test-622,0.6328399777412415,0.8510709225768814,0.14285714285714285,0.5910431354510227,FAIL
mt/set_12/frenetic/test-18,0.2147945761680603,0.8615717976498041,0.14285714285714285,0.2972331525191063,FAIL
mt_set6/frenetic/test-325,0.9750081300735474,0.9946940022779677,0.14285714285714285,0.9734050062887646,FAIL
mt/set_13/frenetic/test-239,0.9927862286567688,0.74720115565186,0.14285714285714285,0.7428415561309081,FAIL
mt/set_11/frenetic/test-855,0.659031331539154,0.4745395449620801,0.14285714285714285,0.3614462379644648,FAIL
mt/set_11/frenetic/test-427,0.9571529626846313,0.7902880795621858,0.14285714285714285,0.7625475820580608,FAIL
mt_set5/frenetic/test-63,0.6870226263999939,0.4731783204155901,0.14285714285714285,0.369795265818886,FAIL
mt/set_7/frenetic/odr/test-886,0.4728541672229767,0.8321804594827347,0.14285714285714285,0.468806549944992,FAIL
mt_set6/frenetic/test-276,0.9170052409172058,0.7378670444759284,0.14285714285714285,0.6884843410392002,FAIL
mt/set_17/frenetic/test-801,0.8214713931083679,0.8764619273828375,0.14285714285714285,0.7454924871924292,FAIL
mt_set6/frenetic/test-595,0.8370477557182312,0.9180487262827458,0.14285714285714285,0.7917295180152057,FAIL
mt/set_7/frenetic/odr/test-659,0.6006069183349609,0.4664833180542822,0.28571428571428575,0.39428541715840393,FAIL
mt/set_13/frenetic/test-925,0.30077463388442993,0.4287301719587743,0.14285714285714285,0.22884049852261903,FAIL
mt/set_18/frenetic/test-429,0.199746772646904,0.19401616801400115,0.14285714285714285,0.15307599089524976,FAIL
mt_set5/frenetic/test-698,0.8819095492362976,0.9294663444175904,0.28571428571428575,0.8534453736252557,FAIL
mt/set_14/frenetic/test-565,0.7298622727394104,0.9568297358113176,0.28571428571428575,0.7755361333926377,FAIL
mt/set_14/frenetic/test-673,0.5463734269142151,0.9466900019446065,0.14285714285714285,0.5820500567430117,FAIL
mt/set_9/frenetic/test-622,0.9296993017196655,0.1918493207767313,0.14285714285714285,0.18840513645870988,FAIL
mt/set_14/frenetic/test-332,0.3092727065086365,0.4548990193627246,0.14285714285714285,0.23936317854805783,FAIL
mt/set_18/frenetic/test-920,0.8589537739753723,0.8152623829763592,0.14285714285714285,0.7204221614983601,FAIL
mt/set_7/frenetic/odr/test-762,0.3621399402618408,0.13887268383476403,0.14285714285714285,0.14141421110480284,FAIL
mt/set_13/frenetic/test-137,0.9908888339996338,0.5477400894518988,0.14285714285714285,0.5440511337147566,FAIL
mt/set_8/frenetic/odr/test-724,0.481642484664917,0.059754979581631715,0.14285714285714285,0.10283161045609604,FAIL
mt/set_10/frenetic/test-542,0.4942033588886261,0.3080534488985193,0.28571428571428575,0.29675438370964435,FAIL
mt/set_14/frenetic/test-441,0.46358123421669006,0.991499291607634,0.14285714285714285,0.5362717218406741,FAIL
mt/set_8/frenetic/odr/test-349,0.6691051125526428,0.27585632136011334,0.14285714285714285,0.23184757315878193,FAIL
mt/set_18/frenetic/test-494,0.643826425075531,0.6392477150873683,0.14285714285714285,0.46244651041732604,FAIL
mt_set5/frenetic/test-178,0.02451944351196289,0.28832958302080725,0.14285714285714285,0.1464240461362832,FAIL
mt/set_12/frenetic/test-132,0.3301200270652771,0.6739172708836848,0.14285714285714285,0.3181707266945544,FAIL
mt/set_18/frenetic/test-705,0.7585628032684326,0.7943995332944412,0.14285714285714285,0.6370929649954756,FAIL
mt/set_7/frenetic/odr/test-611,0.46719011664390564,0.6237464233130539,0.14285714285714285,0.3675238576286691,FAIL
mt/set_10/frenetic/test-3,0.13974596560001373,0.5577409228546822,0.14285714285714285,0.20083547943341995,FAIL
mt/set_17/frenetic/test-282,0.8788300156593323,0.8574047837319776,0.14285714285714285,0.7708230572765128,FAIL
mt/set_9/frenetic/test-574,0.4391029179096222,0.5294330083062477,0.14285714285714285,0.3126037376267569,FAIL
mt/set_13/frenetic/test-741,0.885692298412323,0.23460288357363107,0.14285714285714285,0.22411563882187036,FAIL
mt/set_8/frenetic/odr/test-844,0.5407542586326599,0.6729727477289774,0.14285714285714285,0.4295194137592158,FAIL
mt/set_9/frenetic/test-595,0.2206435352563858,0.1449843042475761,0.14285714285714285,0.14332648939512624,FAIL
mt/set_10/frenetic/test-401,0.4136168956756592,0.5624913187210046,0.14285714285714285,0.31642492799736693,FAIL
mt_set6/frenetic/test-63,0.6908658146858215,0.8055671305942161,0.14285714285714285,0.6007008184355468,FAIL
mt/set_16/frenetic/test-937,0.6697705388069153,0.6609717476456372,0.14285714285714285,0.48987504087006467,FAIL
mt/set_12/frenetic/test-264,0.6346775889396667,0.3379170486429425,0.14285714285714285,0.26665729356007273,FAIL
mt/set_17/frenetic/test-879,0.5214686393737793,0.3897824818734894,0.14285714285714285,0.27162096342090625,FAIL
mt/set_17/frenetic/test-188,0.8295278549194336,0.6546101063977553,0.14285714285714285,0.5673704809516502,FAIL
mt/set_13/frenetic/test-778,0.5469031929969788,0.8211517626468873,0.14285714285714285,0.5138186362128258,FAIL
mt/set_11/frenetic/test-480,0.7702968120574951,0.9802483540295024,0.14285714285714285,0.7878969232681761,FAIL
mt/set_8/frenetic/odr/test-517,0.3690899908542633,0.5462677445342667,0.14285714285714285,0.29175196239814,FAIL
mt_set5/frenetic/test-607,0.8049660921096802,0.9326332749951385,0.14285714285714285,0.7786001495857635,FAIL
mt/set_16/frenetic/test-957,0.9031444787979126,0.18084840403366947,0.14285714285714285,0.17716874063129237,FAIL
mt/set_8/frenetic/odr/test-767,0.6087724566459656,0.44964858182626327,0.14285714285714285,0.3296233208363251,FAIL
mt/set_16/frenetic/test-276,0.022332068532705307,0.07214490096396917,0.14285714285714285,0.14127799169289892,FAIL
mt/set_17/frenetic/test-861,0.9881038069725037,0.4370364197016418,0.14285714285714285,0.4335368062396104,FAIL
mt/set_8/frenetic/odr/test-182,0.33942151069641113,0.6262188515709642,0.14285714285714285,0.30692050424158673,FAIL
mt/set_11/frenetic/test-693,0.9070848226547241,0.9139928327360614,0.14285714285714285,0.84234262335369,FAIL
mt/set_8/frenetic/odr/test-650,0.7428332567214966,0.582187404505931,0.14285714285714285,0.46920627189401937,FAIL
mt/set_7/frenetic/odr/test-750,0.46508315205574036,0.7758979914992916,0.14285714285714285,0.43727378038114884,FAIL
mt/set_9/frenetic/test-503,0.5441413521766663,0.9022418534877907,0.14285714285714285,0.55606976612199,FAIL
mt/set_17/frenetic/test-374,0.570186197757721,0.06511653748923521,0.14285714285714285,0.09853052267103213,FAIL
mt/set_18/frenetic/test-320,0.7222370505332947,0.8579048254021168,0.14285714285714285,0.6592910720890924,FAIL
mt/set_16/frenetic/test-943,0.3066200315952301,0.1981831819318276,0.14285714285714285,0.15982121896373624,FAIL
mt/set_16/frenetic/test-574,0.8845885396003723,0.9473289440786732,0.14285714285714285,0.8544836786493774,FAIL
mt/set_7/frenetic/odr/test-798,0.3855428993701935,0.5068200127788427,0.14285714285714285,0.2831804472473262,FAIL
mt/set_18/frenetic/test-522,0.6000081896781921,0.9940828402366865,0.14285714285714285,0.6535995325493995,FAIL
mt_set5/frenetic/test-614,0.4030933082103729,0.8508486818345973,0.14285714285714285,0.42824379023104353,FAIL
mt/set_10/frenetic/test-663,0.9763837456703186,0.981804039225491,0.14285714285714285,0.9619912559517593,FAIL
mt/set_18/frenetic/test-362,0.38030916452407837,0.43098035947440066,0.14285714285714285,0.25243304264884225,FAIL
mt/set_10/frenetic/test-804,0.6067086458206177,0.2129899713865044,0.14285714285714285,0.18540733628176137,FAIL
mt/set_14/frenetic/test-562,0.8017531037330627,0.8392643831430396,0.14285714285714285,0.7012038092185374,FAIL
mt/set_13/frenetic/test-188,0.8575372695922852,0.45359335500180575,0.14285714285714285,0.4093250257831262,FAIL
mt/set_16/frenetic/test-476,0.07484397292137146,0.55162930244187,0.14285714285714285,0.17345127104263808,FAIL
mt/set_18/frenetic/test-375,0.9159920811653137,0.8238186515542962,0.14285714285714285,0.7666124924021203,FAIL
mt/set_10/frenetic/test-253,0.9606707692146301,0.8531266494430091,0.14285714285714285,0.8251922960986828,FAIL
mt_set6/frenetic/test-879,0.9488552212715149,0.8761007861766259,0.14285714285714285,0.8385992022849826,FAIL
mt/set_18/frenetic/test-861,0.7414292693138123,0.8741283995888547,0.14285714285714285,0.6850430564059292,FAIL
mt/set_7/frenetic/odr/test-241,0.7671065926551819,0.5644637053087758,0.14285714285714285,0.4662743164204791,FAIL
mt_set6/frenetic/test-640,0.5882676243782043,0.8535711309275773,0.14285714285714285,0.5609471722316968,FAIL
mt/set_7/frenetic/odr/test-394,0.6897113919258118,0.6753618357085314,0.14285714285714285,0.5101316957707008,FAIL
mt/set_9/frenetic/test-317,0.8891279101371765,0.9556351918215407,0.14285714285714285,0.8655207909382296,FAIL
mt/set_8/frenetic/odr/test-549,0.9803040623664856,0.9301052865516571,0.14285714285714285,0.9145996962113501,FAIL
mt/set_16/frenetic/test-424,0.42707568407058716,0.8164291468733506,0.14285714285714285,0.430523367243161,FAIL
mt/set_14/frenetic/test-809,0.6317315101623535,0.9009361891268717,0.14285714285714285,0.6217595635795553,FAIL
mt/set_17/frenetic/test-520,0.6020787358283997,0.9083812539933883,0.14285714285714285,0.6037629319362128,FAIL
mt_set6/frenetic/test-575,0.9155592322349548,0.959357724254799,0.14285714285714285,0.8904117882809752,FAIL
mt/set_12/frenetic/test-51,0.14821909368038177,0.5244603716976415,0.14285714285714285,0.19941802545265158,FAIL
mt/set_14/frenetic/test-295,0.3302970230579376,0.044198127621746214,0.14285714285714285,0.11027036808453825,FAIL
mt/set_11/frenetic/test-25,0.7661905288696289,0.9340500597271995,0.14285714285714285,0.7490616622717159,FAIL
mt/set_16/frenetic/test-347,0.40635520219802856,0.5890768675167375,0.14285714285714285,0.32418084929594104,FAIL
mt/set_18/frenetic/test-846,0.13172927498817444,0.19923882545767696,0.14285714285714285,0.1502842652861992,FAIL
mt/set_7/frenetic/odr/test-779,0.6037247180938721,0.8034280634497319,0.14285714285714285,0.5416601356729133,FAIL
mt/set_10/frenetic/test-374,0.6058464646339417,0.1733755590743673,0.14285714285714285,0.16134661742857542,FAIL
mt_set6/frenetic/test-73,0.972663402557373,0.8884907075589632,0.14285714285714285,0.8681076229609985,FAIL
mt/set_16/frenetic/test-547,0.48856788873672485,0.6393588354585104,0.14285714285714285,0.3854319265656033,FAIL
mt_set6/frenetic/test-487,0.9254192113876343,0.9281884601494569,0.14285714285714285,0.8696178311838082,FAIL
mt/set_17/frenetic/test-538,0.8193910717964172,0.9247715087368392,0.14285714285714285,0.7835507931683232,FAIL
mt/set_7/frenetic/odr/test-586,0.896009624004364,0.7962052393254994,0.14285714285714285,0.728263325117722,FAIL
mt_set6/frenetic/test-918,0.8250781893730164,0.9164374809011862,0.14285714285714285,0.7811214075050881,FAIL
mt/set_14/frenetic/test-165,0.8851459622383118,0.914298413756702,0.14285714285714285,0.8256952688978791,FAIL
mt/set_9/frenetic/test-66,0.9644825458526611,0.7495069033530571,0.14285714285714285,0.7279602483011494,FAIL
mt/set_10/frenetic/test-880,0.3882497251033783,0.06639442175736868,0.14285714285714285,0.11317050815202462,FAIL
mt/set_18/frenetic/test-760,0.5065561532974243,0.37936494707892315,0.14285714285714285,0.2626616263885482,FAIL
mt/set_10/frenetic/test-686,0.39020952582359314,0.3442786898908242,0.14285714285714285,0.22145374495833559,FAIL
mt/set_7/frenetic/odr/test-400,0.829734206199646,0.5180153901714032,0.14285714285714285,0.4541387733916911,FAIL
mt/set_17/frenetic/test-639,0.8937007784843445,0.5893546684445925,0.14285714285714285,0.5418923290659802,FAIL
mt/set_17/frenetic/test-146,0.7257981896400452,0.4994582881906825,0.14285714285714285,0.4016776085637926,FAIL
mt/set_9/frenetic/test-277,0.5053007006645203,0.4510098063727533,0.14285714285714285,0.2985668996432189,FAIL
mt_set5/frenetic/test-788,0.8656277656555176,0.6649443009139651,0.14285714285714285,0.5947902829633089,FAIL
mt/set_8/frenetic/odr/test-744,0.8813840746879578,0.8043170264188683,0.14285714285714285,0.7258573502733985,FAIL
mt/set_8/frenetic/odr/test-276,0.5046927332878113,0.4056726949468011,0.14285714285714285,0.2754982421918176,FAIL
mt/set_13/frenetic/test-496,0.16011059284210205,0.525738255965775,0.14285714285714285,0.20416046486500988,FAIL
mt/set_7/frenetic/odr/test-309,0.9382615685462952,0.39544962080173346,0.14285714285714285,0.3798549574164299,FAIL
mt/set_9/frenetic/test-155,0.40583130717277527,0.293218879351057,0.14285714285714285,0.2038786386697618,FAIL
mt/set_13/frenetic/test-427,0.5652941465377808,0.5489346334416757,0.14285714285714285,0.37241037132533006,FAIL
mt/set_8/frenetic/odr/test-262,0.9549186825752258,0.39222713003861426,0.14285714285714285,0.38098520249027445,FAIL
mt/set_12/frenetic/test-895,0.169563427567482,0.009334111175931253,0.14285714285714285,0.12021652207481244,FAIL
mt_set5/frenetic/test-278,0.785790741443634,0.6998916576381365,0.14285714285714285,0.5805697072365948,FAIL
mt_set5/frenetic/test-590,0.92868572473526,0.9854710114731783,0.14285714285714285,0.9253806141048069,FAIL
mt/set_18/frenetic/test-205,0.5939337611198425,0.5209322999138817,0.14285714285714285,0.3674087428738269,FAIL
mt_set6/frenetic/test-756,0.9701783061027527,0.9369114092841071,0.14285714285714285,0.9132313660129189,FAIL
mt/set_16/frenetic/test-231,0.27481934428215027,0.5072089340778397,0.14285714285714285,0.24298805895096706,FAIL
mt/set_17/frenetic/test-499,0.43100255727767944,0.7324777064755397,0.14285714285714285,0.3969851136001786,FAIL
mt/set_18/frenetic/test-911,0.8983740210533142,0.8727949551351502,0.14285714285714285,0.7986143103921954,FAIL
mt/set_12/frenetic/test-684,0.8407642841339111,0.7653415562407978,0.14285714285714285,0.6662198050601692,FAIL
mt_set5/frenetic/test-725,0.8277527093887329,0.977775925771592,0.14285714285714285,0.8339634275341214,FAIL
mt_set5/frenetic/test-279,0.41875678300857544,0.9658860460593939,0.14285714285714285,0.48750607868519374,FAIL
mt/set_18/frenetic/test-270,0.8468639254570007,0.9304664277578687,0.14285714285714285,0.8098550335945528,FAIL
mt/set_10/frenetic/test-342,0.4617346227169037,0.7917882045726032,0.14285714285714285,0.44249107755013606,FAIL
mt/set_13/frenetic/test-908,0.3353312015533447,0.7893713365002639,0.14285714285714285,0.3596535242327824,FAIL
mt/set_10/frenetic/test-399,0.7708693742752075,0.4247576186904464,0.14285714285714285,0.3601655862706449,FAIL
mt/set_11/frenetic/test-450,0.7485254406929016,0.9624690946467761,0.14285714285714285,0.7563575402676473,FAIL
mt/set_11/frenetic/test-776,0.6329290270805359,0.6319415506847793,0.14285714285714285,0.4524128612637488,FAIL
mt/set_10/frenetic/test-152,0.5300548076629639,0.9651637636469705,0.14285714285714285,0.5787247205798767,FAIL
mt/set_17/frenetic/test-555,0.8823367953300476,0.7659804983748645,0.14285714285714285,0.6926618074599553,FAIL
mt/set_9/frenetic/test-529,0.18441805243492126,0.11831541517348661,0.14285714285714285,0.13833120097686016,FAIL
mt/set_13/frenetic/test-385,0.5141617059707642,0.42053504458704893,0.14285714285714285,0.28562848652097356,FAIL
mt/set_17/frenetic/test-497,0.8132672905921936,0.856932522154624,0.14285714285714285,0.7235912918569983,FAIL
mt/set_18/frenetic/test-311,0.29328906536102295,0.6976414701225101,0.14285714285714285,0.3055693196777463,FAIL
mt/set_18/frenetic/test-478,0.05622927471995354,0.9238547656749173,0.14285714285714285,0.1867720700852725,FAIL
mt/set_16/frenetic/test-200,0.3196457326412201,0.007917326443870323,0.14285714285714285,0.09972420211977598,FAIL
mt/set_12/frenetic/test-732,0.4817606806755066,0.2350195849654138,0.14285714285714285,0.18725738369994044,FAIL
mt/set_9/frenetic/test-330,0.7429617643356323,0.9506625552129344,0.14285714285714285,0.7430256772608748,FAIL
mt_set5/frenetic/test-168,0.8576859831809998,0.9062977470344751,0.14285714285714285,0.7976494480512746,FAIL
mt_set6/frenetic/test-350,0.3969358205795288,0.6577214767897325,0.14285714285714285,0.34722523973380787,FAIL
mt/set_7/frenetic/odr/test-86,0.701338529586792,0.7296719171042031,0.14285714285714285,0.5544129537673814,FAIL
mt/set_18/frenetic/test-102,0.6749095916748047,0.8826013278884351,0.14285714285714285,0.6421175887204235,FAIL
mt/set_17/frenetic/test-679,0.08554355800151825,0.831930438647665,0.14285714285714285,0.2018029221741594,FAIL
mt/set_10/frenetic/test-410,0.8743964433670044,0.6896685834930689,0.14285714285714285,0.6209871217415844,FAIL
mt/set_18/frenetic/test-147,0.5722129344940186,0.35222379642748003,0.14285714285714285,0.26265945008181807,FAIL
mt_set6/frenetic/test-120,0.06344233453273773,0.8330416423590854,0.14285714285714285,0.18664405663511793,FAIL
mt/set_16/frenetic/test-527,0.8515392541885376,0.9678306525543795,0.14285714285714285,0.8453544700300281,FAIL
mt/set_8/frenetic/odr/test-548,0.9384263157844543,0.8333472233797261,0.14285714285714285,0.7908312052076619,FAIL
mt/set_17/frenetic/test-787,0.19365611672401428,0.47342834125065975,0.14285714285714285,0.20687428169630967,FAIL
mt/set_13/frenetic/test-862,0.8298560976982117,0.8699613856710281,0.14285714285714285,0.7462490324184866,FAIL
mt/set_11/frenetic/test-569,0.7480411529541016,0.7130038614328972,0.14285714285714285,0.5693503515735479,FAIL
mt/set_17/frenetic/test-819,0.73322993516922,0.7483956996416368,0.14285714285714285,0.5868561395907003,FAIL
mt/set_8/frenetic/odr/test-507,0.8835573792457581,0.9359946662221852,0.14285714285714285,0.8436396543830308,FAIL
mt/set_11/frenetic/test-942,0.773347795009613,0.7728144012001,0.14285714285714285,0.6300331995469699,FAIL
mt_set6/frenetic/test-315,0.6426756978034973,0.8053726699447177,0.14285714285714285,0.5686397715338019,FAIL
mt/set_18/frenetic/test-796,0.6845089793205261,0.7033086090507543,0.14285714285714285,0.5264912039400241,FAIL
mt/set_17/frenetic/test-266,0.460107684135437,0.11337055865766583,0.14285714285714285,0.1292901388880569,FAIL
mt/set_7/frenetic/odr/test-697,0.5710737705230713,0.5452676611939884,0.14285714285714285,0.3726632348619088,FAIL
mt_set5/frenetic/test-765,0.6016188859939575,0.5765480456704725,0.14285714285714285,0.4037737806734119,FAIL
mt/set_11/frenetic/test-696,0.4695083498954773,0.4831235936328027,0.14285714285714285,0.30261508268561355,FAIL
mt/set_9/frenetic/test-286,0.08023209124803543,0.8124010334194516,0.14285714285714285,0.1965760504436713,FAIL
mt/set_9/frenetic/test-241,0.7818201184272766,0.8774897908159013,0.14285714285714285,0.7172077266848031,FAIL
mt/set_13/frenetic/test-84,0.26807278394699097,0.3314720671167041,0.14285714285714285,0.19341967069735427,FAIL
mt_set5/frenetic/test-223,0.39352115988731384,0.9514403978109287,0.14285714285714285,0.46105175895454165,FAIL
mt/set_11/frenetic/test-188,0.8219265937805176,0.20318359863321941,0.14285714285714285,0.19244106116802448,FAIL
mt/set_7/frenetic/odr/test-39,0.2588171064853668,0.5838542100730617,0.14285714285714285,0.2569947320199744,FAIL
mt/set_8/frenetic/odr/test-830,0.6993746757507324,0.7188376809178543,0.14285714285714285,0.5456833449020853,FAIL
mt/set_8/frenetic/odr/test-750,0.2729286551475525,0.22749117982054057,0.14285714285714285,0.16595619674527123,FAIL
mt/set_7/frenetic/odr/test-619,0.1460377275943756,0.0161402339083812,0.14285714285714285,0.12435169768395693,FAIL
mt/set_10/frenetic/test-140,0.32235872745513916,0.16123565852709948,0.14285714285714285,0.1487816177810244,FAIL
mt/set_8/frenetic/odr/test-103,0.8092469573020935,0.3637247548406811,0.14285714285714285,0.3215935858214006,FAIL
mt/set_18/frenetic/test-892,0.9249182343482971,0.7722032391588187,0.14285714285714285,0.7249508230424823,FAIL
mt/set_9/frenetic/test-258,0.9176254272460938,0.9530794232852737,0.14285714285714285,0.8863377090993108,FAIL
mt/set_14/frenetic/test-698,0.6235249638557434,0.9125204878184293,0.14285714285714285,0.6227614522052196,FAIL
mt/set_10/frenetic/test-897,0.5065191984176636,0.7097535905769925,0.14285714285714285,0.430001077142022,FAIL
mt/set_11/frenetic/test-784,0.7834433317184448,0.9813595577409229,0.14285714285714285,0.7997762684276533,FAIL
mt_set5/frenetic/test-74,0.743575930595398,0.373031085923827,0.14285714285714285,0.31400894677176466,FAIL
mt/set_13/frenetic/test-870,0.8658994436264038,0.9013528905186543,0.14285714285714285,0.7996381887502387,FAIL
mt/set_14/frenetic/test-189,0.536852240562439,0.9277717587576743,0.14285714285714285,0.5642403130535494,FAIL
mt/set_18/frenetic/test-533,0.7356128096580505,0.28744062005167087,0.14285714285714285,0.24921460074634028,FAIL
mt/set_12/frenetic/test-617,0.4418843984603882,0.8158457649248549,0.14285714285714285,0.44024031529021934,FAIL
mt/set_12/frenetic/test-75,0.8106086850166321,0.8638775453510015,0.14285714285714285,0.7273225431928524,FAIL
mt/set_11/frenetic/test-893,0.24963414669036865,0.8102341861821819,0.14285714285714285,0.30945724158833016,FAIL
mt/set_18/frenetic/test-887,0.7028264403343201,0.4652887740645053,0.14285714285714285,0.36947061846980167,FAIL
mt/set_10/frenetic/test-884,0.36763402819633484,0.6201627913437231,0.14285714285714285,0.31833093683365354,FAIL
mt/set_7/frenetic/odr/test-383,0.6650562882423401,0.7716476373031086,0.14285714285714285,0.5610382151754426,FAIL
mt/set_17/frenetic/test-474,0.7353060245513916,0.697030308081229,0.14285714285714285,0.5503440098911272,FAIL
mt/set_7/frenetic/odr/test-56,0.038784369826316833,0.6714726227185599,0.28571428571428575,0.30067567546276985,FAIL
mt/set_10/frenetic/test-21,0.35765135288238525,0.7129205211545407,0.14285714285714285,0.3467410813339102,FAIL
mt_set6/frenetic/test-239,0.41868266463279724,0.7086701669583577,0.14285714285714285,0.379753243214306,FAIL
mt/set_14/frenetic/test-383,0.6069282293319702,0.6155512959413284,0.14285714285714285,0.42974856820410284,FAIL
mt/set_10/frenetic/test-144,0.23669280111789703,0.74911798205406,0.14285714285714285,0.28635472122348543,FAIL
mt/set_8/frenetic/odr/test-19,0.8050320148468018,0.99183265272106,0.14285714285714285,0.8263096081184829,FAIL
mt/set_7/frenetic/odr/test-726,0.4892856180667877,0.2019890546434425,0.14285714285714285,0.17178954112044786,FAIL
mt_set6/frenetic/test-435,0.1030459776520729,0.8335972442147956,0.14285714285714285,0.21403512871192815,FAIL
mt/set_17/frenetic/test-214,0.873152494430542,0.8368475150707003,0.14285714285714285,0.7488165674661909,FAIL
mt/set_14/frenetic/test-845,0.7381623387336731,0.8391532627718976,0.14285714285714285,0.6568367151846004,FAIL
mt/set_12/frenetic/test-738,0.16557244956493378,0.7381726254965691,0.14285714285714285,0.24142498345294616,FAIL
mt/set_16/frenetic/test-953,0.9152082204818726,0.42903575297941493,0.14285714285714285,0.4047701593671231,FAIL
mt/set_9/frenetic/test-234,0.855021059513092,0.9935550184737617,0.14285714285714285,0.8702217417924009,FAIL
mt/set_10/frenetic/test-637,0.7853378057479858,0.8908242353529461,0.14285714285714285,0.7302639780494977,FAIL
mt_set5/frenetic/test-371,0.6644802093505859,0.3094980137233658,0.14285714285714285,0.2535867036166946,FAIL
mt/set_7/frenetic/odr/test-571,0.061350300908088684,0.3562241297885934,0.14285714285714285,0.15594727383797688,FAIL
mt/set_16/frenetic/test-496,0.19939024746418,0.000833402783565227,0.14285714285714285,0.11453899630682114,FAIL
mt/set_11/frenetic/test-346,0.26535478234291077,0.39328277356446373,0.14285714285714285,0.20930878584404475,FAIL
mt_set5/frenetic/test-159,0.9500429034233093,0.9422174070061394,0.14285714285714285,0.9022836890904791,FAIL
mt/set_14/frenetic/test-817,0.8174362182617188,0.3219990554768453,0.14285714285714285,0.2892942304411637,FAIL
mt/set_8/frenetic/odr/test-661,0.8086636662483215,0.47012251020918405,0.14285714285714285,0.4075047546561482,FAIL
mt/set_18/frenetic/test-631,0.7742383480072021,0.7023918659888324,0.14285714285714285,0.5760703825472895,FAIL
mt_set5/frenetic/test-611,0.4284760355949402,0.3329444120343362,0.14285714285714285,0.22430498237125496,FAIL
mt/set_7/frenetic/odr/test-728,0.24336941540241241,0.32616606939467174,0.14285714285714285,0.18746893127536232,FAIL
mt/set_18/frenetic/test-77,0.9592832922935486,0.770036391921549,0.14285714285714285,0.7444997177578419,FAIL
mt/set_9/frenetic/test-73,0.46700596809387207,0.6347751201489013,0.14285714285714285,0.3725857740650599,FAIL
mt_set6/frenetic/test-492,0.22929970920085907,0.8980192793843931,0.14285714285714285,0.31601559903360343,FAIL
mt/set_16/frenetic/test-919,0.9830276966094971,0.8414867905658805,0.14285714285714285,0.8296294362273676,FAIL
mt/set_8/frenetic/odr/test-602,0.9916489124298096,0.7488679612189904,0.14285714285714285,0.7438071118063678,FAIL
mt_set5/frenetic/test-821,0.571088969707489,0.8433758368752952,0.14285714285714285,0.5429156420848053,FAIL
mt/set_16/frenetic/test-448,0.018645035102963448,0.22701891824318693,0.14285714285714285,0.1444263402508982,FAIL
mt/set_7/frenetic/odr/test-94,0.3794928193092346,0.7323665861043976,0.14285714285714285,0.36657174348446087,FAIL
mt/set_17/frenetic/test-838,0.3272845447063446,0.7459232713837265,0.14285714285714285,0.34023136190230907,FAIL
mt/set_12/frenetic/test-676,0.11717545986175537,0.7961774592327139,0.14285714285714285,0.2194102513654779,FAIL
mt/set_14/frenetic/test-62,0.3448531925678253,0.5771314276189682,0.14285714285714285,0.2926180206648419,FAIL
mt/set_10/frenetic/test-290,0.40335699915885925,0.31969330777564786,0.14285714285714285,0.21418524342395753,FAIL
mt/set_14/frenetic/test-878,0.4148372709751129,0.1751257049198544,0.14285714285714285,0.1562433493390038,FAIL
mt/set_9/frenetic/test-695,0.8313648104667664,0.2573547795649637,0.14285714285714285,0.23804644889763302,FAIL
mt_set5/frenetic/test-167,0.17814074456691742,0.40317248659610516,0.14285714285714285,0.1892299098842573,FAIL
mt/set_17/frenetic/test-509,0.893849790096283,0.5760202239075478,0.14285714285714285,0.5300398719315065,FAIL
mt/set_7/frenetic/odr/test-401,0.781328022480011,0.9332444370364197,0.14285714285714285,0.760408884411564,FAIL
mt/set_17/frenetic/test-173,0.7966548204421997,0.5530738672667166,0.14285714285714285,0.4696582737840392,FAIL
mt/set_11/frenetic/test-308,0.9089549779891968,0.7723421396227463,0.14285714285714285,0.7150306642367515,FAIL
mt/set_12/frenetic/test-820,0.6082367300987244,0.3076089674139511,0.14285714285714285,0.2430652539033746,FAIL
mt/set_17/frenetic/test-457,0.4293002188205719,0.4708725727143928,0.14285714285714285,0.28367424292885884,FAIL
mt/set_12/frenetic/test-703,0.5802292227745056,0.7923438064283135,0.14285714285714285,0.51970828486345,FAIL
mt/set_9/frenetic/test-39,0.925363302230835,0.7782037392004889,0.14285714285714285,0.730783567310543,FAIL
mt_set6/frenetic/test-158,0.6446961164474487,0.7509792482706892,0.14285714285714285,0.5349111025431021,FAIL
mt/set_8/frenetic/odr/test-312,0.6376169919967651,0.8329305219879434,0.14285714285714285,0.5828596551155671,FAIL
mt/set_16/frenetic/test-286,0.17206761240959167,0.7372558824346473,0.14285714285714285,0.24513391053804007,FAIL
mt/set_8/frenetic/odr/test-729,0.6044245362281799,0.7823985332111009,0.14285714285714285,0.5294116511205593,FAIL
mt_set5/frenetic/test-224,0.8507814407348633,0.7571186487762869,0.14285714285714285,0.6654594318509989,FAIL
mt_set5/frenetic/test-742,0.4015498161315918,0.6270522543545296,0.14285714285714285,0.3372856008507341,FAIL
mt_set6/frenetic/test-482,0.930366039276123,0.9321610134177848,0.14285714285714285,0.8771986586959609,FAIL
mt/set_9/frenetic/test-635,0.7650519013404846,0.9503569741922938,0.14285714285714285,0.7606364241522208,FAIL
mt_set5/frenetic/test-782,0.7828123569488525,0.9429674695113482,0.14285714285714285,0.7691933934844377,FAIL
mt/set_14/frenetic/test-74,0.6671803593635559,0.9630246965024863,0.14285714285714285,0.6900568260365716,FAIL
mt/set_7/frenetic/odr/test-66,0.1118156909942627,0.5015417951495958,0.14285714285714285,0.18296371510226034,FAIL
mt/set_9/frenetic/test-567,0.9135209321975708,0.7804817068089007,0.14285714285714285,0.7253405289104223,FAIL
mt/set_11/frenetic/test-899,0.11198300868272781,0.28935744645387107,0.14285714285714285,0.1592626886912062,FAIL
mt/set_16/frenetic/test-66,0.23700794577598572,0.42211850987582294,0.14285714285714285,0.2090443015313592,FAIL
mt/set_8/frenetic/odr/test-639,0.9515703916549683,0.9817206989471344,0.14285714285714285,0.9410948654707756,FAIL
mt/set_9/frenetic/test-438,0.815959095954895,0.9034086173847821,0.14285714285714285,0.7634360364398778,FAIL
mt/set_12/frenetic/test-237,0.882469654083252,0.5606578325971607,0.14285714285714285,0.5115535730077605,FAIL
mt/set_9/frenetic/test-668,0.9503980875015259,0.7942606328305136,0.14285714285714285,0.7619497739196539,FAIL
mt/set_8/frenetic/odr/test-291,0.7964411377906799,0.9120760063338611,0.28571428571428575,0.7845745271530683,FAIL
mt/set_12/frenetic/test-92,0.6302413940429688,0.7276439703308609,0.14285714285714285,0.511414008222144,FAIL
mt/set_17/frenetic/test-419,0.6945521831512451,0.47276161902380753,0.14285714285714285,0.3719930170100677,FAIL
mt/set_18/frenetic/test-88,0.9787541031837463,0.8075395171819874,0.14285714285714285,0.7934177440414992,FAIL
mt_set6/frenetic/test-867,0.9259682893753052,0.8247909548017891,0.14285714285714285,0.774306228170708,FAIL
mt/set_16/frenetic/test-906,0.8242003321647644,0.584798733227769,0.14285714285714285,0.5071055484380371,FAIL
mt/set_7/frenetic/odr/test-295,0.9443493485450745,0.7131427618968247,0.14285714285714285,0.681405995681891,FAIL
mt/set_18/frenetic/test-660,0.6749431490898132,0.2984693168875183,0.14285714285714285,0.24788651363391653,FAIL
mt/set_11/frenetic/test-799,0.21849216520786285,0.2144900963969219,0.14285714285714285,0.15850838410502072,FAIL
mt/set_10/frenetic/test-135,0.9758707284927368,0.9323832541600688,0.14285714285714285,0.9133325642583668,FAIL
mt/set_7/frenetic/odr/test-518,0.8022433519363403,0.788454593438342,0.14285714285714285,0.6607834056129599,FAIL
mt/set_12/frenetic/test-135,0.6276445388793945,0.11609300775064586,0.14285714285714285,0.12605877961971973,FAIL
mt/set_11/frenetic/test-887,0.9122323989868164,0.9468566825013195,0.14285714285714285,0.8762915716910461,FAIL
mt/set_7/frenetic/odr/test-83,0.5424941778182983,0.9728310692557713,0.14285714285714285,0.5931131656693917,FAIL
mt_set5/frenetic/test-0,0.7462129592895508,0.868100119454399,0.14285714285714285,0.6840428506277437,FAIL
mt/set_17/frenetic/test-8,0.6445807218551636,0.7668139011584298,0.14285714285714285,0.5450476405293943,FAIL
mt_set6/frenetic/test-566,0.14883168041706085,0.5825763258049282,0.14285714285714285,0.20830128989561608,FAIL
mt_set5/frenetic/test-839,0.9684467315673828,0.9899713865044308,0.14285714285714285,0.9632421633815346,FAIL
mt/set_16/frenetic/test-595,0.2787548899650574,0.2125454899019363,0.14285714285714285,0.16228311036946097,FAIL
mt/set_11/frenetic/test-604,0.48042479157447815,0.9849709698030392,0.14285714285714285,0.5474295069070859,FAIL
mt/set_7/frenetic/odr/test-955,0.811633288860321,0.9401616801400117,0.14285714285714285,0.7899760466752941,FAIL
mt/set_17/frenetic/test-391,0.8605740070343018,0.7608411812095452,0.14285714285714285,0.6746781430253094,FAIL
mt/set_16/frenetic/test-684,0.37603819370269775,0.3290829791371503,0.14285714285714285,0.21288516995265117,FAIL
mt/set_14/frenetic/test-761,0.4713795483112335,0.022807456176903572,0.14285714285714285,0.08626818003238118,FAIL
mt/set_7/frenetic/odr/test-951,0.5050040483474731,0.9433286107175598,0.14285714285714285,0.5470984747132976,FAIL
mt/set_12/frenetic/test-889,0.7544810771942139,0.47084479262160733,0.14285714285714285,0.39031761815783456,FAIL
mt_set5/frenetic/test-175,0.6246028542518616,0.8800455593521682,0.14285714285714285,0.6033071319213458,FAIL
mt/set_7/frenetic/odr/test-135,0.3832363784313202,0.8527099480512265,0.14285714285714285,0.41489855688156224,FAIL
mt/set_9/frenetic/test-702,0.8284334540367126,0.9669972497708142,0.14285714285714285,0.8256023782378212,FAIL
mt/set_12/frenetic/test-743,0.048730332404375076,0.8909075756313026,0.14285714285714285,0.17930989176238593,FAIL
mt/set_10/frenetic/test-551,0.8743610978126526,0.7130872017112538,0.14285714285714285,0.6414441231225969,FAIL
mt/set_7/frenetic/odr/test-813,0.6151427626609802,0.8550434758452093,0.14285714285714285,0.5809534112608149,FAIL
mt/set_13/frenetic/test-198,0.3466883599758148,0.565297108092341,0.14285714285714285,0.2893121573352993,FAIL
mt/set_16/frenetic/test-209,0.012498971074819565,0.26138289301886264,0.14285714285714285,0.14433859224785114,FAIL
mt/set_11/frenetic/test-63,0.3750539720058441,0.7516459704975414,0.14285714285714285,0.3711858065189809,FAIL
mt/set_8/frenetic/odr/test-460,0.9611421227455139,0.36633608356251907,0.14285714285714285,0.35765216631562696,FAIL
mt/set_10/frenetic/test-444,0.45411163568496704,0.6136900297246992,0.14285714285714285,0.3566678352468439,FAIL
mt/set_17/frenetic/test-130,0.8673248291015625,0.6895019029363558,0.28571428571428575,0.6359293118147449,FAIL
mt/set_8/frenetic/odr/test-718,0.2654693126678467,0.29510792566047167,0.14285714285714285,0.18327505352108417,FAIL
mt/set_14/frenetic/test-738,0.5201040506362915,0.6370808678500985,0.14285714285714285,0.3999049041465357,FAIL
mt/set_11/frenetic/test-597,0.5791096687316895,0.27907881212323243,0.14285714285714285,0.22174442861990573,FAIL
mt/set_7/frenetic/odr/test-272,0.683603823184967,0.6014945689918605,0.14285714285714285,0.45638344081854876,FAIL
mt/set_9/frenetic/test-237,0.7201918959617615,0.7258104842070172,0.14285714285714285,0.5626954150211528,FAIL
mt/set_17/frenetic/test-904,0.6935492157936096,0.45228769064088675,0.14285714285714285,0.3574624566151455,FAIL
mt/set_11/frenetic/test-865,0.6942934989929199,0.7782870794788455,0.14285714285714285,0.584032016919074,FAIL
mt/set_7/frenetic/odr/test-322,0.6174655556678772,0.2774397866488874,0.14285714285714285,0.22595728978926438,FAIL
mt/set_10/frenetic/test-513,0.8736684322357178,0.8215684640386699,0.14285714285714285,0.7358257987744402,FAIL
mt/set_18/frenetic/test-122,0.6101208329200745,0.6096063560852293,0.14285714285714285,0.42763056159665236,FAIL
mt/set_13/frenetic/test-79,0.9285933971405029,0.883518070950357,0.14285714285714285,0.8306299902044584,FAIL
mt/set_13/frenetic/test-587,0.8749148845672607,0.952162680223352,0.14285714285714285,0.8509306036615447,FAIL
mt/set_13/frenetic/test-479,0.9594405889511108,0.8757674250631997,0.14285714285714285,0.8460410156652469,FAIL
mt/set_17/frenetic/test-531,0.837343692779541,0.5892157679806651,0.14285714285714285,0.5166127223220718,FAIL
mt_set5/frenetic/test-2,0.8070792555809021,0.14192849404117,0.14285714285714285,0.1421076496620514,FAIL
mt/set_10/frenetic/test-767,0.16060419380664825,0.5440731172042115,0.14285714285714285,0.20729411308823997,FAIL
mt/set_8/frenetic/odr/test-373,0.3960171639919281,0.47953996166347196,0.14285714285714285,0.27618931366815885,FAIL
mt/set_12/frenetic/test-543,0.3157513737678528,0.5173486679445509,0.14285714285714285,0.26110335636791027,FAIL
mt/set_7/frenetic/odr/test-649,0.30061227083206177,0.8377642581326221,0.14285714285714285,0.351754748797462,FAIL
mt/set_11/frenetic/test-381,0.6926653385162354,0.29505236547490066,0.14285714285714285,0.24827749825222586,FAIL
mt/set_14/frenetic/test-529,0.7399423718452454,0.9172153234991804,0.14285714285714285,0.715837571699181,FAIL
mt/set_7/frenetic/odr/test-162,0.8216629028320312,0.998694335639081,0.14285714285714285,0.846066815029967,FAIL
mt/set_17/frenetic/test-846,0.8299608826637268,0.8146512209350779,0.14285714285714285,0.7004199488669705,FAIL
mt/set_17/frenetic/test-542,0.904632568359375,0.5712420479484401,0.14285714285714285,0.5303880797962702,FAIL
mt/set_16/frenetic/test-948,0.175127312541008,0.4924854849015196,0.14285714285714285,0.20408661265880557,FAIL
mt/set_16/frenetic/test-654,0.5112613439559937,0.733422229630247,0.14285714285714285,0.44479024281424806,FAIL
mt/set_11/frenetic/test-506,0.6050305366516113,0.20960080006667214,0.14285714285714285,0.18323909359671553,FAIL
mt/set_13/frenetic/test-735,0.22758404910564423,0.7720087785093203,0.14285714285714285,0.2860420174715671,FAIL
mt_set5/frenetic/test-20,0.9064283967018127,0.7479789982498541,0.14285714285714285,0.6913567760499844,FAIL
mt/set_17/frenetic/test-156,0.8510444164276123,0.5273495013473345,0.14285714285714285,0.47007721770930433,FAIL
mt_set6/frenetic/test-901,0.6559313535690308,0.9889157429785815,0.14285714285714285,0.6978135056335174,FAIL
mt/set_12/frenetic/test-762,0.7010982036590576,0.896269133538906,0.14285714285714285,0.6710729361393217,FAIL
mt/set_16/frenetic/test-83,0.5834218859672546,0.7753979498291524,0.14285714285714285,0.5118952934120019,FAIL
mt/set_7/frenetic/odr/test-633,0.8806480765342712,0.7985109870266967,0.14285714285714285,0.7202574395973612,FAIL
mt/set_12/frenetic/test-550,0.9430258274078369,0.804789287996222,0.14285714285714285,0.7670762517147673,FAIL
mt/set_11/frenetic/test-289,0.717985987663269,0.8645442675778536,0.14285714285714285,0.6610183858836072,FAIL
mt/set_14/frenetic/test-555,0.12055975943803787,0.3665861043975886,0.14285714285714285,0.16982985370414966,FAIL
mt/set_10/frenetic/test-2,0.721156120300293,0.44364808178459314,0.14285714285714285,0.3597743693955453,FAIL
mt/set_11/frenetic/test-816,0.7402252554893494,0.844125899380504,0.14285714285714285,0.6619539873213461,FAIL
mt/set_18/frenetic/test-241,0.8809503316879272,0.7326166069394672,0.14285714285714285,0.6624059383565607,FAIL
mt/set_10/frenetic/test-806,0.5027161240577698,0.3598911020362807,0.14285714285714285,0.2519636136045913,FAIL
mt/set_11/frenetic/test-158,0.5987061858177185,0.4437314220629497,0.14285714285714285,0.32299243497110675,FAIL
mt_set5/frenetic/test-130,0.7375823259353638,0.9229935827985665,0.14285714285714285,0.7182719927760723,FAIL
mt/set_7/frenetic/odr/test-577,0.9145684242248535,0.904547601188988,0.14285714285714285,0.839475185080805,FAIL
mt/set_12/frenetic/test-375,0.4489518105983734,0.5168764063671972,0.14285714285714285,0.3107737641511773,FAIL
mt/set_9/frenetic/test-140,0.9413721561431885,0.8814901241770148,0.14285714285714285,0.8381856650807021,FAIL
mt/set_16/frenetic/test-607,0.9175050258636475,0.8534600105564353,0.14285714285714285,0.7948388453643642,FAIL
mt/set_10/frenetic/test-814,0.8696554899215698,0.5681584576492484,0.28571428571428575,0.5313434104338779,FAIL
mt/set_17/frenetic/test-527,0.05722856521606445,0.5616579159374392,0.14285714285714285,0.16682451021190678,FAIL
mt/set_16/frenetic/test-652,0.9466490149497986,0.8656832513820597,0.14285714285714285,0.8271197664722516,FAIL
mt/set_8/frenetic/odr/test-447,0.19380712509155273,0.43361946828902403,0.14285714285714285,0.1992089532340302,FAIL
mt/set_14/frenetic/test-805,0.9114088416099548,0.9984998749895824,0.28571428571428575,0.9353533739519528,FAIL
mt/set_14/frenetic/test-128,0.8834685683250427,0.8188460149456899,0.14285714285714285,0.740072063884872,FAIL
mt/set_12/frenetic/test-338,0.9064558744430542,0.9193543906436648,0.14285714285714285,0.8467176346020995,FAIL
mt/set_11/frenetic/test-897,0.6989734172821045,0.537239214378976,0.14285714285714285,0.41851972710355395,FAIL
mt_set5/frenetic/test-568,0.23375006020069122,0.8970747562296858,0.14285714285714285,0.3191555575161337,FAIL
mt/set_14/frenetic/test-304,0.96159428358078,0.9061032863849765,0.14285714285714285,0.8767902714385832,FAIL
mt/set_13/frenetic/test-679,0.9580812454223633,0.8020390588104565,0.14285714285714285,0.7744069738535931,FAIL
mt/set_11/frenetic/test-510,0.10955580323934555,0.6644164791510403,0.14285714285714285,0.19999699807490667,FAIL
mt/set_10/frenetic/test-925,0.48400431871414185,0.7601466788899075,0.14285714285714285,0.4416279441940498,FAIL
mt/set_12/frenetic/test-709,0.5446822047233582,0.49470789232436035,0.14285714285714285,0.33450398481051286,FAIL
mt_set5/frenetic_v/test-271,0.6463496685028076,0.7579798316526377,0.14285714285714285,0.5404414888486666,PASS
mt/set_13/frenetic_v/test-687,0.6585485339164734,0.14426202183515294,0.14285714285714285,0.14378232384844147,PASS
mt/set_11/frenetic_v/test-262,0.5847179293632507,0.24796510820346132,0.14285714285714285,0.20431565471402652,PASS
mt/set_7/frenetic_v/odr/test-282,0.14252907037734985,0.10059171597633128,0.14285714285714285,0.13683309085471893,PASS
mt/set_17/frenetic_v/test-601,0.08712740987539291,0.4781231769314109,0.14285714285714285,0.17206800721833504,PASS
mt_set5/frenetic_v/test-319,0.09615779668092728,0.15395727421729588,0.14285714285714285,0.1439245080959727,PASS
mt/set_14/frenetic_v/test-614,0.6750229001045227,0.5469066866683334,0.14285714285714285,0.4155998377064821,PASS
mt/set_8/frenetic_v/odr/test-653,0.08312693983316422,0.40831180376142456,0.14285714285714285,0.1649235732894601,PASS
mt/set_16/frenetic_v/test-74,0.1604713499546051,0.17543128594049495,0.14285714285714285,0.14808436382881746,PASS
mt/set_11/frenetic_v/test-336,0.808860182762146,0.21951829319109922,0.14285714285714285,0.20486529492702316,PASS
mt/set_10/frenetic_v/test-548,0.3744053840637207,0.40242242409089646,0.14285714285714285,0.24003978166707407,PASS
mt/set_16/frenetic_v/test-413,0.2518704831600189,0.34722337972608824,0.14285714285714285,0.19433096142144435,PASS
mt_set5/frenetic_v/test-213,0.467414528131485,0.4872350473650581,0.14285714285714285,0.3038243828490943,PASS
mt/set_17/frenetic_v/test-95,0.19082754850387573,0.16148567936216898,0.14285714285714285,0.14641198081061194,PASS
mt/set_6/frenetic_v/test-913,0.595514178276062,0.21071200377809265,0.14285714285714285,0.18326567460051876,PASS
mt/set_6/frenetic_v/test-908,0.7395142912864685,0.5262660777286996,0.14285714285714285,0.4263935296015819,PASS
mt/set_8/frenetic_v/odr/test-299,0.2772970497608185,0.8174292302136289,0.14285714285714285,0.3299139967895682,PASS
mt/set_13/frenetic_v/test-158,0.20255020260810852,0.12426035502958582,0.14285714285714285,0.1390903639722858,PASS
mt/set_7/frenetic_v/odr/test-828,0.5853972434997559,0.08570158624329803,0.14285714285714285,0.10939843756470385,PASS
mt/set_17/frenetic_v/test-202,0.2083006054162979,0.5032641609022974,0.14285714285714285,0.21793014504096847,PASS
mt/set_9/frenetic_v/test-499,0.21119149029254913,0.47631747090035276,0.14285714285714285,0.21328112861876797,PASS
mt/set_6/frenetic_v/test-887,0.32231807708740234,0.03830874795121815,0.14285714285714285,0.10915930524849082,PASS
mt/set_10/frenetic_v/test-163,0.22152891755104065,0.013501125093757723,0.14285714285714285,0.11420104852078158,PASS
mt/set_10/frenetic_v/test-393,0.43554767966270447,0.13859488290690888,0.14285714285714285,0.14100072116822454,PASS
mt_set5/frenetic_v/test-475,0.7179300785064697,0.4833458343750868,0.14285714285714285,0.38730421588918557,PASS
mt/set_6/frenetic_v/test-224,0.12213652580976486,0.2879128816290246,0.14285714285714285,0.16057374577514066,PASS
mt/set_11/frenetic_v/test-26,0.4991941452026367,0.2860516154123955,0.14285714285714285,0.21433898518210462,PASS
mt/set_8/frenetic_v/odr/test-570,0.2754369378089905,0.07822874128399583,0.14285714285714285,0.1250560938323455,PASS
mt/set_9/frenetic_v/test-212,0.8104108572006226,0.5176542489651916,0.14285714285714285,0.44659678689447935,PASS
mt/set_9/frenetic_v/test-268,0.1844930797815323,0.4644275911881546,0.14285714285714285,0.20218466736519664,PASS
mt/set_11/frenetic_v/test-337,0.18921415507793427,0.01930716448592935,0.14285714285714285,0.11947973596099933,PASS
mt_set5/frenetic_v/test-829,0.08267669379711151,0.40486707225602137,0.14285714285714285,0.1645192554331194,PASS
mt/set_8/frenetic_v/odr/test-29,0.4696747362613678,0.20685057088090672,0.14285714285714285,0.1729132435441396,PASS
mt_set5/frenetic_v/test-500,0.5230793356895447,0.8027057810373086,0.14285714285714285,0.4880103301720747,PASS
mt/set_12/frenetic_v/test-615,0.5394386053085327,0.16634719559963324,0.14285714285714285,0.15552858414717574,PASS
mt/set_8/frenetic_v/odr/test-883,0.6353482604026794,0.22010167513959492,0.14285714285714285,0.19193432206841737,PASS
mt/set_10/frenetic_v/test-640,0.2545671761035919,0.082756896408034,0.14285714285714285,0.1275575970929379,PASS
mt/set_16/frenetic_v/test-36,0.16453972458839417,0.5628246798344306,0.14285714285714285,0.21195848998492664,PASS
mt/set_17/frenetic_v/test-573,0.36275625228881836,0.2615217934827902,0.14285714285714285,0.18590348679726465,PASS
mt/set_11/frenetic_v/test-284,0.1828477531671524,0.5185154318415424,0.14285714285714285,0.21154541908529445,PASS
mt/set_11/frenetic_v/test-801,0.8779004812240601,0.41945162096841404,0.14285714285714285,0.38567956829494554,PASS
mt/set_9/frenetic_v/test-729,0.04409041255712509,0.49401339000472255,0.14285714285714285,0.1583397698589974,PASS
mt/set_7/frenetic_v/odr/test-218,0.9159063100814819,0.9309664694280079,0.14285714285714285,0.8646914480974655,PASS
mt/set_10/frenetic_v/test-54,0.38824471831321716,0.4991249270772564,0.14285714285714285,0.28117622412828025,PASS
mt/set_16/frenetic_v/test-530,0.6748350858688354,0.3266105508792399,0.14285714285714285,0.26686038973842585,PASS
mt/set_18/frenetic_v/test-115,0.6932511329650879,0.3160541156207461,0.14285714285714285,0.26292614045163426,PASS
mt_set5/frenetic_v/test-331,0.6792157888412476,0.05200433369447448,0.14285714285714285,0.08114848041327773,PASS
mt/set_10/frenetic_v/test-618,0.11332962661981583,0.23213045531572069,0.14285714285714285,0.15297445083208164,PASS
mt/set_8/frenetic_v/odr/test-248,0.6625360250473022,0.3672806067172264,0.14285714285714285,0.2915457725303495,PASS
mt/set_11/frenetic_v/test-493,0.498964786529541,0.5635747423396394,0.14285714285714285,0.3527804100721477,PASS
mt/set_7/frenetic_v/odr/test-10,0.23134025931358337,0.01044531488735163,0.14285714285714285,0.11222495198095113,PASS
mt/set_13/frenetic_v/test-226,0.8837775588035583,0.35708531266494425,0.14285714285714285,0.33218719179683576,PASS
mt/set_9/frenetic_v/test-442,0.11122217774391174,0.002750229185765427,0.14285714285714285,0.12727415105910864,PASS
mt/set_9/frenetic_v/test-579,0.15525569021701813,0.4258688224018668,0.14285714285714285,0.18679631863307383,PASS
mt/set_13/frenetic_v/test-618,0.6640413999557495,0.7074756229685807,0.14285714285714285,0.5177871888312295,PASS
mt/set_12/frenetic_v/test-523,0.5213982462882996,0.053698919354390556,0.14285714285714285,0.09637020148062754,PASS
mt/set_14/frenetic_v/test-71,0.431520938873291,0.10539767202822459,0.14285714285714285,0.1266925968353514,PASS
mt/set_9/frenetic_v/test-931,0.10880052298307419,0.4789287996221907,0.14285714285714285,0.17942191380859962,PASS
mt/set_12/frenetic_v/test-83,0.715948760509491,0.7420062783009695,0.14285714285714285,0.5718172237384838,PASS
mt/set_11/frenetic_v/test-175,0.07689083367586136,0.4700113898380421,0.14285714285714285,0.1680123067124715,PASS
mt/set_6/frenetic_v/test-653,0.30540668964385986,0.16726393866155512,0.14285714285714285,0.15031114156858205,PASS
mt/set_10/frenetic_v/test-522,0.5198359489440918,0.7082256854737894,0.14285714285714285,0.43675603571140553,PASS
mt/set_11/frenetic_v/test-286,0.7076698541641235,0.08475706308859063,0.14285714285714285,0.10174146788040755,PASS
mt/set_11/frenetic_v/test-259,0.17350371181964874,0.08561824596494148,0.14285714285714285,0.13292598391462107,PASS
mt/set_9/frenetic_v/test-540,0.07082724571228027,0.4129510792566047,0.14285714285714285,0.16198715245590453,PASS
mt/set_10/frenetic_v/test-222,0.07301274687051773,0.3905047642859127,0.14285714285714285,0.16093857276050144,PASS
mt/set_13/frenetic_v/test-387,0.24824084341526031,0.22624107564519264,0.14285714285714285,0.163556442788467,PASS
mt/set_9/frenetic_v/test-763,0.619821310043335,0.12598272078228742,0.14285714285714285,0.1323980164604818,PASS
mt/set_16/frenetic_v/test-297,0.10268127173185349,0.1824318693224435,0.14285714285714285,0.1469207250346715,PASS
mt/set_10/frenetic_v/test-286,0.5139598846435547,0.3204711503736422,0.14285714285714285,0.2341436176714023,PASS
mt/set_9/frenetic_v/test-888,0.14663341641426086,0.4536766952801622,0.14285714285714285,0.18843367997475624,PASS
mt/set_8/frenetic_v/odr/test-123,0.45429205894470215,0.9635247381726255,0.14285714285714285,0.5156799144422111,PASS
mt_set5/frenetic_v/test-790,0.7699345350265503,0.7824818734894574,0.14285714285714285,0.6353263124280164,PASS
mt/set_17/frenetic_v/test-718,0.20198848843574524,0.5242659110481428,0.14285714285714285,0.21989732767765713,PASS
mt/set_18/frenetic_v/test-118,0.03977504000067711,0.3715031808206239,0.14285714285714285,0.15195155188842696,PASS
mt/set_10/frenetic_v/test-791,0.2774129807949066,0.5353223879767758,0.14285714285714285,0.25173209210670927,PASS
mt/set_12/frenetic_v/test-296,0.0626162588596344,0.06172736616940294,0.14285714285714285,0.13777710401631363,PASS
mt/set_7/frenetic_v/odr/test-251,0.25333452224731445,0.4113676139678306,0.14285714285714285,0.21088011477437027,PASS
mt/set_17/frenetic_v/test-509,0.3998790681362152,0.042586882240186676,0.14285714285714285,0.10276116022238435,PASS
mt/set_7/frenetic_v/odr/test-56,0.4769211411476135,0.8842681334555658,0.14285714285714285,0.4964517185527253,PASS
mt/set_9/frenetic_v/test-103,0.04944125935435295,0.5551018140400589,0.14285714285714285,0.16323903590162572,PASS
mt/set_12/frenetic_v/test-905,0.4898587763309479,0.760396699724977,0.14285714285714285,0.44536431877785054,PASS
mt/set_14/frenetic_v/test-20,0.7162119150161743,0.5519071033697253,0.14285714285714285,0.43582359841315,PASS
mt/set_13/frenetic_v/test-69,0.6993931531906128,0.7794538433758368,0.14285714285714285,0.5880885165436525,PASS
mt/set_16/frenetic_v/test-590,0.207987442612648,0.2448259577186987,0.14285714285714285,0.16406537801517773,PASS
mt/set_10/frenetic_v/test-32,0.6712148785591125,0.13103869766925014,0.14285714285714285,0.13492442660559392,PASS
mt/set_7/frenetic_v/odr/test-394,0.7622836828231812,0.08836847515070691,0.14285714285714285,0.10132132056575233,PASS
mt/set_6/frenetic_v/test-859,0.7994118928909302,0.07483956996416367,0.14285714285714285,0.08848308616091954,PASS
mt/set_11/frenetic_v/test-859,0.2761312425136566,0.2738005944939856,0.14285714285714285,0.1790147165991765,PASS
mt/set_18/frenetic_v/test-158,0.2091422826051712,0.04428146790010276,0.14285714285714285,0.12224080331601939,PASS
mt/set_11/frenetic_v/test-27,0.9048424363136292,0.8268189015751312,0.14285714285714285,0.761734766960882,PASS
mt_set5/frenetic_v/test-706,0.3238569498062134,0.5981053976720282,0.14285714285714285,0.2902924540660934,PASS
mt_set5/frenetic_v/test-116,0.09103310108184814,0.40428369030752564,0.14285714285714285,0.16665561217667213,PASS
mt/set_12/frenetic_v/test-518,0.6844474673271179,0.06394977359224381,0.14285714285714285,0.08884919381033704,PASS
mt/set_17/frenetic_v/test-423,0.653940737247467,0.2183515292941078,0.14285714285714285,0.1922259975817769,PASS
mt/set_11/frenetic_v/test-290,0.8129781484603882,0.08381253993388335,0.14285714285714285,0.09485517089601252,PASS
mt/set_11/frenetic_v/test-553,0.4126620888710022,0.2207961774592327,0.14285714285714285,0.17501962768063056,PASS
mt/set_11/frenetic_v/test-128,0.14530737698078156,0.8626830013612244,0.14285714285714285,0.2474531523680475,PASS
mt/set_13/frenetic_v/test-663,0.5730078220367432,0.18651554296191344,0.14285714285714285,0.16787374761478616,PASS
mt/set_13/frenetic_v/test-585,0.08952649682760239,0.5819651637636469,0.14285714285714285,0.18216894889090973,PASS
mt/set_16/frenetic_v/test-224,0.1916552633047104,0.30555324054782346,0.14285714285714285,0.1740387041699618,PASS
mt/set_8/frenetic_v/odr/test-683,0.6125863790512085,0.597494235630747,0.14285714285714285,0.4213616333016934,PASS
mt/set_12/frenetic_v/test-215,0.04795301705598831,0.09484123676973079,0.14285714285714285,0.1405546363579431,PASS
mt/set_6/frenetic_v/test-169,0.5278498530387878,0.3431397060866183,0.14285714285714285,0.2485762644240532,PASS
mt/set_14/frenetic_v/test-636,0.08857831358909607,0.37105869933605573,0.14285714285714285,0.1630708476309772,PASS
mt/set_12/frenetic_v/test-111,0.3204374313354492,0.2526599438842126,0.14285714285714285,0.1780420703716945,PASS
mt/set_7/frenetic_v/odr/test-145,0.2411722093820572,0.1436508597938717,0.14285714285714285,0.14304856745313502,PASS
mt/set_13/frenetic_v/test-300,0.10689794272184372,0.5756868627941217,0.14285714285714285,0.18912574840290902,PASS
mt/set_9/frenetic_v/test-160,0.23422910273075104,0.5627691196488596,0.14285714285714285,0.2412127505356999,PASS
mt/set_7/frenetic_v/odr/test-945,0.9336819052696228,0.8063449731922104,0.14285714285714285,0.762343724407597,PASS
mt/set_11/frenetic_v/test-118,0.15815377235412598,0.7398949912492707,0.14285714285714285,0.23728093081854862,PASS
mt/set_11/frenetic_v/test-909,0.13386155664920807,0.2764674834013945,0.14285714285714285,0.16074243315556447,PASS
mt/set_6/frenetic_v/test-77,0.18688741326332092,0.688696280245576,0.14285714285714285,0.2448676115590242,PASS
mt/set_7/frenetic_v/odr/test-905,0.09112668037414551,0.3707531183154152,0.14285714285714285,0.16362454657128295,PASS
mt_set5/frenetic_v/test-810,0.6188191175460815,0.2601605689363002,0.14285714285714285,0.215446745468579,PASS
mt/set_14/frenetic_v/test-900,0.7948287129402161,0.24343695307942328,0.14285714285714285,0.2228008639638892,PASS
mt/set_6/frenetic_v/test-321,0.008563191629946232,0.1833208322915799,0.14285714285714285,0.143203637059396,PASS
mt/set_14/frenetic_v/test-26,0.2524581253528595,0.543017473678362,0.14285714285714285,0.24388087407432252,PASS
mt_set5/frenetic_v/test-709,0.3968769609928131,0.7344500930633108,0.14285714285714285,0.377646759337214,PASS
mt/set_14/frenetic_v/test-29,0.4151117503643036,0.35977998166513875,0.14285714285714285,0.23290435791124908,PASS
mt/set_12/frenetic_v/test-691,0.18337461352348328,0.24996527488401807,0.14285714285714285,0.1624980509153187,PASS
mt/set_13/frenetic_v/test-536,0.14263935387134552,0.22732449926382747,0.14285714285714285,0.1549055141269503,PASS
mt/set_8/frenetic_v/odr/test-432,0.508752703666687,0.8435147373392227,0.14285714285714285,0.49931858839449816,PASS
mt/set_13/frenetic_v/test-90,0.07012956589460373,0.3229435786315526,0.14285714285714285,0.15548652535714,PASS
mt/set_11/frenetic_v/test-573,0.30316153168678284,0.12312137122537982,0.14285714285714285,0.13687402035771165,PASS
mt/set_11/frenetic_v/test-846,0.2586384117603302,0.014556768619607181,0.14285714285714285,0.10967374209356527,PASS
mt/set_9/frenetic_v/test-201,0.8661275506019592,0.12356585270994805,0.14285714285714285,0.1261484249740013,PASS
mt/set_17/frenetic_v/test-292,0.4586271643638611,0.9253548906853349,0.14285714285714285,0.5017318660646942,PASS
mt_set5/frenetic_v/test-342,0.19989842176437378,0.029613578909353518,0.14285714285714285,0.12021993314900682,PASS
mt/set_9/frenetic_v/test-264,0.1770632565021515,0.27924549267994553,0.14285714285714285,0.16700651248319753,PASS
mt/set_13/frenetic_v/test-909,0.04191948100924492,0.2121843486957246,0.14285714285714285,0.14576330494227027,PASS
mt/set_17/frenetic_v/test-643,0.4566475450992584,0.15717976498041494,0.14285714285714285,0.149397537346594,PASS
mt/set_11/frenetic_v/test-380,0.870703935623169,0.6472761619023807,0.14285714285714285,0.5820567679430096,PASS
mt/set_9/frenetic_v/test-187,0.20989543199539185,0.10520321137872599,0.14285714285714285,0.13495375464315568,PASS
mt/set_10/frenetic_v/test-442,0.17135441303253174,0.5288218462649665,0.14285714285714285,0.20899389806086568,PASS
mt/set_10/frenetic_v/test-182,0.5076059699058533,0.5198210962024613,0.14285714285714285,0.33420629601453805,PASS
mt/set_14/frenetic_v/test-694,0.47032973170280457,0.6890018612662167,0.14285714285714285,0.3997252374799116,PASS
mt/set_6/frenetic_v/test-834,0.04085588827729225,0.5804928188460149,0.14285714285714285,0.1607371376736858,PASS
mt/set_10/frenetic_v/test-734,0.7820315361022949,0.9893324443703643,0.14285714285714285,0.8048275231721806,PASS
mt/set_6/frenetic_v/test-386,0.04681429639458656,0.2845792704947634,0.14285714285714285,0.14949176082075155,PASS
mt/set_8/frenetic_v/odr/test-382,0.6688781976699829,0.9435508514598439,0.14285714285714285,0.678423707553012,PASS
mt/set_7/frenetic_v/odr/test-833,0.1516638845205307,0.6863627524515932,0.14285714285714285,0.2252873127381989,PASS
mt/set_17/frenetic_v/test-183,0.32719686627388,0.5647970664222018,0.14285714285714285,0.28091456786094526,PASS
mt/set_13/frenetic_v/test-788,0.2790595591068268,0.3775870211406505,0.14285714285714285,0.20836076345761223,PASS
mt/set_6/frenetic_v/test-520,0.37404757738113403,0.7183376392477151,0.14285714285714285,0.3581142283621288,PASS
mt/set_17/frenetic_v/test-648,0.3331596851348877,0.2974414534544545,0.14285714285714285,0.19435840310253688,PASS
mt_set5/frenetic_v/test-471,0.34348469972610474,0.5590465872156014,0.14285714285714285,0.2858118491817824,PASS
mt_set5/frenetic_v/test-105,0.8169311285018921,0.9481623468622385,0.14285714285714285,0.8007360319534721,PASS
mt/set_16/frenetic_v/test-340,0.40248891711235046,0.21957385337667026,0.14285714285714285,0.17373476434109447,PASS
mt/set_16/frenetic_v/test-736,0.3183596730232239,0.5065699919437731,0.14285714285714285,0.2586486465667076,PASS
mt/set_6/frenetic_v/test-619,0.0377236008644104,0.09411895435730751,0.14285714285714285,0.14101856288732065,PASS
mt/set_13/frenetic_v/test-582,0.2950569987297058,0.7968164013667806,0.14285714285714285,0.3358123989645004,PASS
mt/set_11/frenetic_v/test-632,0.5454890131950378,0.4011167597299775,0.14285714285714285,0.28373492641323395,PASS
mt/set_11/frenetic_v/test-927,0.1922806203365326,0.45939939439397726,0.14285714285714285,0.20372207908789347,PASS
mt/set_7/frenetic_v/odr/test-625,0.1611616462469101,0.5880212239908881,0.14285714285714285,0.21460051689391296,PASS
mt/set_14/frenetic_v/test-567,0.4731912612915039,0.7035586298858238,0.14285714285714285,0.40817618671226624,PASS
mt/set_7/frenetic_v/odr/test-542,0.8017091155052185,0.7833152762730228,0.14285714285714285,0.6563182665161111,PASS
mt/set_16/frenetic_v/test-460,0.335466206073761,0.03147484512598269,0.14285714285714285,0.10549214601349247,PASS
mt/set_16/frenetic_v/test-120,0.8862681984901428,0.2972469928049559,0.14285714285714285,0.2796879570355546,PASS
mt/set_6/frenetic_v/test-207,0.5175546407699585,0.22479651082034607,0.14285714285714285,0.18526524300825592,PASS
mt/set_7/frenetic_v/odr/test-715,0.3407903015613556,0.32905519904436475,0.14285714285714285,0.20631163883279907,PASS
mt/set_16/frenetic_v/test-867,0.39906561374664307,0.30847015029030195,0.14285714285714285,0.20894759931288384,PASS
mt/set_8/frenetic_v/odr/test-636,0.4689118564128876,0.29924715948551267,0.14285714285714285,0.21619027162131949,PASS
mt/set_6/frenetic_v/test-343,0.6409613490104675,0.30227518959913324,0.14285714285714285,0.24503794915350277,PASS
mt/set_16/frenetic_v/test-931,0.8202093839645386,0.7353390560324472,0.14285714285714285,0.6288163678727905,PASS
mt/set_11/frenetic_v/test-581,0.35915133357048035,0.8601827930105287,0.14285714285714285,0.4004856024565686,PASS
mt/set_7/frenetic_v/odr/test-154,0.435020387172699,0.03869766925021525,0.14285714285714285,0.09754564832095268,PASS
mt/set_14/frenetic_v/test-153,0.8118100762367249,0.14376198016501365,0.14285714285714285,0.1435916989010273,PASS
mt/set_8/frenetic_v/odr/test-151,0.1190231516957283,0.4097841486790566,0.14285714285714285,0.17462763742713971,PASS
mt/set_12/frenetic_v/test-180,0.38223496079444885,0.6395255160152234,0.14285714285714285,0.3327011632565391,PASS
mt/set_9/frenetic_v/test-608,0.577682614326477,0.07800650054171171,0.14285714285714285,0.10539405426361334,PASS
mt/set_6/frenetic_v/test-639,0.5495622754096985,0.3761424563158041,0.14285714285714285,0.2710619505411495,PASS
mt/set_17/frenetic_v/test-396,0.42828747630119324,0.3821429563574742,0.14285714285714285,0.24534025577840313,PASS
mt/set_11/frenetic_v/test-66,0.305693119764328,0.06569991943773092,0.14285714285714285,0.11927070626023492,PASS
mt/set_6/frenetic_v/test-645,0.8810955882072449,0.8605717143095258,0.14285714285714285,0.7752322853558908,PASS
mt_set5/frenetic_v/test-255,0.23903341591358185,0.8233463899769425,0.14285714285714285,0.3055168142173874,PASS
mt/set_14/frenetic_v/test-553,0.02778751216828823,0.21604578159291052,0.14285714285714285,0.14489087384486993,PASS
mt/set_8/frenetic_v/odr/test-48,0.03200574219226837,0.41997944273133875,0.14285714285714285,0.15172664987138218,PASS
mt/set_13/frenetic_v/test-385,0.5358527302742004,0.11112037114203957,0.14285714285714285,0.12585090708351573,PASS
mt/set_11/frenetic_v/test-880,0.4411073923110962,0.012001000083340247,0.14285714285714285,0.08513553095030228,PASS
mt/set_9/frenetic_v/test-872,0.670152485370636,0.11445398227630081,0.14285714285714285,0.12382269420151029,PASS
mt/set_9/frenetic_v/test-510,0.0962807685136795,0.4291746534433425,0.14285714285714285,0.17042401494404302,PASS
mt/set_12/frenetic_v/test-638,0.2444847673177719,0.19954440647831762,0.14285714285714285,0.15671631318470963,PASS
mt/set_17/frenetic_v/test-496,0.3966718912124634,0.9433841709031309,0.14285714285714285,0.46040371303883765,PASS
mt/set_14/frenetic_v/test-740,0.7699453830718994,0.9664138678223185,0.14285714285714285,0.7769508409418939,PASS
mt/set_9/frenetic_v/test-522,0.7535075545310974,0.8162069061310665,0.14285714285714285,0.6502312763257704,PASS
mt/set_13/frenetic_v/test-103,0.47964197397232056,0.9567186154401756,0.14285714285714285,0.5332192661068883,PASS
mt/set_14/frenetic_v/test-343,0.08275755494832993,0.3402505764369253,0.14285714285714285,0.15919294397616718,PASS
mt/set_11/frenetic_v/test-130,0.18285773694515228,0.01855710198072056,0.14285714285714285,0.12012791655155303,PASS
mt/set_11/frenetic_v/test-363,0.15351957082748413,0.14081729032974963,0.14285714285714285,0.14254398557258607,PASS
mt/set_10/frenetic_v/test-304,0.15499193966388702,0.6699447176153568,0.14285714285714285,0.22455147057038982,PASS
mt/set_16/frenetic_v/test-4,0.11310319602489471,0.3403616968080674,0.14285714285714285,0.16519553700972633,PASS
mt/set_13/frenetic_v/test-864,0.2856738269329071,0.03700308359029917,0.14285714285714285,0.11261740439252622,PASS
mt/set_12/frenetic_v/test-815,0.2735441327095032,0.3321387893435564,0.14285714285714285,0.19463402668309562,PASS
mt/set_7/frenetic_v/odr/test-820,0.5770390033721924,0.46373308886851683,0.14285714285714285,0.32801507894965554,PASS
mt/set_16/frenetic_v/test-702,0.4781627357006073,0.6372753284995972,0.14285714285714285,0.37926949082659495,PASS
mt/set_8/frenetic_v/odr/test-506,0.7412199974060059,0.8519043253604467,0.14285714285714285,0.6684170936329775,PASS
mt/set_8/frenetic_v/odr/test-216,0.1885332614183426,0.516265244325916,0.14285714285714285,0.2132569921958194,PASS
mt/set_6/frenetic_v/test-309,0.6177735328674316,0.6783898658221519,0.14285714285714285,0.473695085089352,PASS
mt/set_7/frenetic_v/odr/test-558,0.547509491443634,0.4801233436119676,0.14285714285714285,0.32751358891354354,PASS
mt/set_14/frenetic_v/test-932,0.5609745383262634,0.1288718504319804,0.14285714285714285,0.13501174989557957,PASS
mt/set_14/frenetic_v/test-83,0.14381973445415497,0.18623774203405838,0.14285714285714285,0.14909612698249167,PASS
mt/set_7/frenetic_v/odr/test-411,0.40532878041267395,0.07858988249020753,0.14285714285714285,0.11680777684962379,PASS
mt/set_8/frenetic_v/odr/test-433,0.745329737663269,0.8520987860099453,0.14285714285714285,0.6714760306880869,PASS
mt/set_14/frenetic_v/test-244,0.09383757412433624,0.41500680612273244,0.14285714285714285,0.1683950091854781,PASS
mt/set_9/frenetic_v/test-505,0.6700677275657654,0.24015890213073307,0.14285714285714285,0.20805591158174858,PASS
mt/set_16/frenetic_v/test-594,0.6089470386505127,0.7195321832374919,0.14285714285714285,0.49402170096042125,PASS
mt/set_17/frenetic_v/test-479,0.35593700408935547,0.02150179181598459,0.14285714285714285,0.09966228277734093,PASS
mt/set_10/frenetic_v/test-146,0.6506334543228149,0.4986526654999028,0.14285714285714285,0.374349612786793,PASS
mt/set_7/frenetic_v/odr/test-453,0.1978066861629486,0.5657138094841236,0.14285714285714285,0.226501014547062,PASS
mt/set_18/frenetic_v/test-174,0.5402157306671143,0.8231797094202296,0.14285714285714285,0.5103780952423472,PASS
mt_set5/frenetic_v/test-607,0.4956534802913666,0.4433425007639525,0.14285714285714285,0.29179375202277535,PASS
mt/set_7/frenetic_v/odr/test-412,0.31878721714019775,0.6137455899102703,0.14285714285714285,0.2929703604766787,PASS
mt/set_11/frenetic_v/test-567,0.24200694262981415,0.04142011834319527,0.14285714285714285,0.11830867655631958,PASS
mt/set_11/frenetic_v/test-147,0.5610409379005432,0.7380892852182126,0.14285714285714285,0.4768067422759471,PASS
mt/set_14/frenetic_v/test-564,0.014769509434700012,0.3077756479706642,0.14285714285714285,0.14529291040311096,PASS
mt/set_6/frenetic_v/test-621,0.1330253928899765,0.10870350306970021,0.14285714285714285,0.13831383937705824,PASS
mt/set_8/frenetic_v/odr/test-416,0.6852163076400757,0.9665805483790316,0.14285714285714285,0.7072858533055602,PASS
mt_set5/frenetic_v/test-367,0.1563936173915863,0.11628746840014446,0.14285714285714285,0.13870181109842142,PASS
mt/set_11/frenetic_v/test-597,0.5527265071868896,0.16595827430063612,0.14285714285714285,0.15562575055197012,PASS
mt/set_12/frenetic_v/test-584,0.9177294373512268,0.33358335416840296,0.14285714285714285,0.3178922014519568,PASS
mt/set_12/frenetic_v/test-256,0.8164393305778503,0.3708086785009862,0.14285714285714285,0.3289657420223953,PASS
mt/set_9/frenetic_v/test-691,0.31653350591659546,0.5221824040892297,0.14285714285714285,0.26292629767766373,PASS
mt/set_10/frenetic_v/test-362,0.05862738564610481,0.5470178070394754,0.14285714285714285,0.16655202864006796,PASS
mt/set_11/frenetic_v/test-116,0.21104314923286438,0.5984943189710253,0.14285714285714285,0.2390162516692605,PASS
mt/set_7/frenetic_v/odr/test-668,0.7350761294364929,0.41834041725699356,0.14285714285714285,0.3453583219274764,PASS
mt/set_11/frenetic_v/test-815,0.39895567297935486,0.2337139206044948,0.14285714285714285,0.1791049655105987,PASS
mt/set_9/frenetic_v/test-241,0.43624240159988403,0.31869322443536957,0.14285714285714285,0.21956429737274158,PASS
mt/set_9/frenetic_v/test-900,0.034619055688381195,0.12156568602939131,0.14285714285714285,0.1421200559206421,PASS
mt_set5/frenetic_v/test-298,0.3009583652019501,0.566769453009973,0.14285714285714285,0.27043709445224595,PASS
mt/set_6/frenetic_v/test-433,0.2375597506761551,0.7530627552296025,0.14285714285714285,0.28781743812227223,PASS
mt/set_11/frenetic_v/test-102,0.05889478325843811,0.2208239575520182,0.14285714285714285,0.147448985767423,PASS
mt/set_6/frenetic_v/test-164,0.21998123824596405,0.08397922049059643,0.14285714285714285,0.1299051024608629,PASS
mt/set_9/frenetic_v/test-539,0.33218061923980713,0.7592299358279856,0.14285714285714285,0.34760423890876685,PASS
mt/set_16/frenetic_v/test-334,0.7123075127601624,0.17101425118759897,0.14285714285714285,0.1629136626585285,PASS
mt/set_16/frenetic_v/test-563,0.0882309228181839,0.6523876989749146,0.14285714285714285,0.1878134961562136,PASS
mt/set_9/frenetic_v/test-887,0.15099425613880157,0.42064616495819096,0.14285714285714285,0.18480169174155303,PASS
mt/set_10/frenetic_v/test-670,0.47216445207595825,0.10975914659554956,0.14285714285714285,0.12722944558747554,PASS
mt/set_12/frenetic_v/test-817,0.2739807665348053,0.0956190793677251,0.14285714285714285,0.12991482627016698,PASS
mt/set_8/frenetic_v/odr/test-269,0.362642377614975,0.17457010306414422,0.14285714285714285,0.15435760189034428,PASS
mt/set_6/frenetic_v/test-821,0.07297377288341522,0.8030947023363059,0.14285714285714285,0.19103716644293833,PASS
mt/set_10/frenetic_v/test-744,0.780247151851654,0.8104842070172514,0.14285714285714285,0.663771258167149,PASS
mt/set_10/frenetic_v/test-385,0.5637859106063843,0.3371669861377337,0.14285714285714285,0.2524062947908746,PASS
mt/set_11/frenetic_v/test-447,0.3813920319080353,0.5445175986887796,0.14285714285714285,0.29604724450135306,PASS
mt/set_7/frenetic_v/odr/test-125,0.37710103392601013,0.05000416701391773,0.14285714285714285,0.10784218540608119,PASS
mt/set_9/frenetic_v/test-821,0.4190192222595215,0.850015279051032,0.14285714285714285,0.4391699950995991,PASS
mt/set_10/frenetic_v/test-219,0.3865617513656616,0.36897519237714255,0.14285714285714285,0.23026573209498133,PASS
mt/set_6/frenetic_v/test-226,0.2620728611946106,0.6176903630858127,0.14285714285714285,0.267298043472721,PASS
mt/set_14/frenetic_v/test-499,0.6656879782676697,0.8827124482595772,0.14285714285714285,0.6353699253210987,PASS
mt/set_8/frenetic_v/odr/test-199,0.02324937842786312,0.22904686501652907,0.14285714285714285,0.14486099899375798,PASS
mt/set_12/frenetic_v/test-266,0.37537598609924316,0.13226102175181256,0.14285714285714285,0.1388796134484025,PASS
mt/set_10/frenetic_v/test-851,0.012173283845186234,0.25985498791565964,0.14285714285714285,0.1442813892377623,PASS
mt/set_16/frenetic_v/test-467,0.6461073160171509,0.39375503514181737,0.14285714285714285,0.3049641066355542,PASS
mt/set_11/frenetic_v/test-466,0.09256135672330856,0.36775286829458015,0.14285714285714285,0.16367379526053608,PASS
mt_set5/frenetic_v/test-146,0.7145087122917175,0.6607772869961386,0.14285714285714285,0.5129155981158374,PASS
mt/set_11/frenetic_v/test-364,0.08203832060098648,0.5393227213378893,0.14285714285714285,0.17538250989869592,PASS
mt/set_14/frenetic_v/test-329,0.7007158398628235,0.6264966524988193,0.14285714285714285,0.48175100804655424,PASS
mt_set5/frenetic_v/test-178,0.4635622799396515,0.34494541211767643,0.14285714285714285,0.23653764596208862,PASS
mt/set_11/frenetic_v/test-763,0.163628950715065,0.09970275300719503,0.14285714285714285,0.13579583745598436,PASS
mt/set_6/frenetic_v/test-495,0.10250125825405121,0.6488318470983693,0.14285714285714285,0.19472018455785267,PASS
mt/set_11/frenetic_v/test-214,0.07055806368589401,0.663471955996333,0.14285714285714285,0.179590714934069,PASS
mt/set_8/frenetic_v/odr/test-850,0.8180821537971497,0.12526043836986414,0.14285714285714285,0.12846159295045792,PASS
mt/set_11/frenetic_v/test-121,0.19319584965705872,0.005111537072533755,0.14285714285714285,0.11624526776853367,PASS
mt/set_13/frenetic_v/test-802,0.5842592716217041,0.5816873628357918,0.14285714285714285,0.3992477675474605,PASS
mt/set_10/frenetic_v/test-110,0.08203655481338501,0.09648026224407584,0.14285714285714285,0.1390525433486552,PASS
mt/set_10/frenetic_v/test-215,0.4929216802120209,0.4709836930855349,0.14285714285714285,0.30459782906042127,PASS
mt/set_8/frenetic_v/odr/test-518,0.11443083733320236,0.27638414312303805,0.14285714285714285,0.15813674823979132,PASS
mt/set_14/frenetic_v/test-481,0.5924286246299744,0.3588076784176459,0.14285714285714285,0.27079242162735806,PASS
mt/set_7/frenetic_v/odr/test-232,0.6174434423446655,0.7181987387837875,0.14285714285714285,0.49809803837016386,PASS
mt/set_12/frenetic_v/test-72,0.13143499195575714,0.6933077756479706,0.14285714285714285,0.21520561947878403,PASS
mt/set_14/frenetic_v/test-79,0.6793520450592041,0.7463399727755091,0.14285714285714285,0.5528344375203008,PASS
mt/set_16/frenetic_v/test-369,0.1309344470500946,0.031002583548629045,0.14285714285714285,0.12821152372657596,PASS
mt/set_9/frenetic_v/test-194,0.5912445783615112,0.954023946439981,0.14285714285714285,0.6224551176223327,PASS
mt/set_14/frenetic_v/test-655,0.3950466215610504,0.7357835375170153,0.14285714285714285,0.3770907161593741,PASS
mt/set_8/frenetic_v/odr/test-709,0.8435821533203125,0.17131983220823951,0.14285714285714285,0.1668677596292281,PASS
mt/set_17/frenetic_v/test-110,0.41645365953445435,0.19332166569436338,0.14285714285714285,0.1638732780693634,PASS
mt/set_9/frenetic_v/test-694,0.22953294217586517,0.0347528960746729,0.14285714285714285,0.1180436549027194,PASS
mt/set_7/frenetic_v/odr/test-325,0.7803893685340881,0.848709614690113,0.14285714285714285,0.6936969076290996,PASS
mt/set_6/frenetic_v/test-424,0.3195624351501465,0.46537211434286185,0.14285714285714285,0.24592081251749925,PASS
mt/set_8/frenetic_v/odr/test-495,0.44533348083496094,0.5824652054337861,0.14285714285714285,0.3386293315675127,PASS
mt/set_10/frenetic_v/test-857,0.2902553975582123,0.019251604300358324,0.14285714285714285,0.10697996386547179,PASS
mt/set_17/frenetic_v/test-513,0.0881456732749939,0.6288024002000167,0.14285714285714285,0.18569111474042066,PASS
mt/set_8/frenetic_v/odr/test-586,0.7232120633125305,0.8132622162958024,0.14285714285714285,0.6277021792739045,PASS
mt/set_7/frenetic_v/odr/test-504,0.14815491437911987,0.35572408811845424,0.14285714285714285,0.17439442690647725,PASS
mt/set_10/frenetic_v/test-404,0.771015465259552,0.6394143956440814,0.14285714285714285,0.5257104641426693,PASS
mt/set_11/frenetic_v/test-781,0.7618953585624695,0.20312803844764837,0.14285714285714285,0.1887772584639522,PASS
mt/set_16/frenetic_v/test-106,0.534916341304779,0.018029280217795887,0.14285714285714285,0.07608467928120785,PASS
mt/set_11/frenetic_v/test-886,0.48962104320526123,0.04125343778648218,0.14285714285714285,0.09310983078692628,PASS
mt/set_9/frenetic_v/test-518,0.1551026701927185,0.49142984137567014,0.14285714285714285,0.19692169915364788,PASS
mt/set_7/frenetic_v/odr/test-669,0.06795763224363327,0.6052448815179042,0.14285714285714285,0.17427991769064743,PASS
mt/set_16/frenetic_v/test-793,0.7897398471832275,0.8141511792649387,0.14285714285714285,0.6730047925848476,PASS
mt/set_17/frenetic_v/test-680,0.3699382245540619,0.542795232936078,0.14285714285714285,0.29080952557501194,PASS
mt/set_8/frenetic_v/odr/test-920,0.2788067162036896,0.6967802872461594,0.14285714285714285,0.29729464003094136,PASS
mt/set_11/frenetic_v/test-737,0.5746278166770935,0.1265383226379976,0.14285714285714285,0.1334798948238694,PASS
mt/set_11/frenetic_v/test-922,0.22957177460193634,0.5388782398533211,0.14285714285714285,0.23377241100309837,PASS
mt/set_17/frenetic_v/test-598,0.8324422836303711,0.7677306442203516,0.14285714285714285,0.6630282673120382,PASS
mt/set_11/frenetic_v/test-182,0.15945658087730408,0.7146984470928132,0.14285714285714285,0.23404099777750642,PASS
mt_set5/frenetic_v/test-13,0.5570262670516968,0.6531377614801234,0.14285714285714285,0.42709685099753225,PASS
mt/set_11/frenetic_v/test-756,0.09996944665908813,0.09989721365669363,0.14285714285714285,0.13856246250646032,PASS
mt/set_10/frenetic_v/test-195,0.3652303218841553,0.1793204989304664,0.14285714285714285,0.15617466613277936,PASS
mt/set_13/frenetic_v/test-479,0.23007681965827942,0.4209517459788315,0.14285714285714285,0.20684026896498703,PASS
mt/set_11/frenetic_v/test-742,0.8172454833984375,0.34541767369503007,0.14285714285714285,0.3083988217991961,PASS
mt_set5/frenetic_v/test-162,0.5602371096611023,0.011417618134844544,0.14285714285714285,0.06921984343149344,PASS
mt/set_9/frenetic_v/test-875,0.46816542744636536,0.5970219740533933,0.14285714285714285,0.35548141944271644,PASS
mt/set_11/frenetic_v/test-224,0.5416879057884216,0.4585104314248409,0.14285714285714285,0.31384271169660755,PASS
mt/set_10/frenetic_v/test-653,0.21636848151683807,0.07200600050004159,0.14285714285714285,0.12752718664286622,PASS
mt/set_11/frenetic_v/test-871,0.1185440719127655,0.3876711948217907,0.14285714285714285,0.17187839318102094,PASS
mt/set_16/frenetic_v/test-728,0.21554699540138245,0.08178459316054108,0.14285714285714285,0.12969314252601336,PASS
mt/set_8/frenetic_v/odr/test-540,0.7867422103881836,0.8899630524765952,0.14285714285714285,0.7306368975852253,PASS
mt/set_16/frenetic_v/test-285,0.10233460366725922,0.5019029363558074,0.14285714285714285,0.17959994970448798,PASS
mt/set_13/frenetic_v/test-553,0.6976718306541443,0.11028696835847424,0.14285714285714285,0.12013384958993178,PASS
mt_set5/frenetic_v/test-826,0.986289918422699,0.8271244825957719,0.14285714285714285,0.8177431215472725,PASS
mt/set_6/frenetic_v/test-759,0.7199289798736572,0.7478956579714976,0.14285714285714285,0.5784419038276926,PASS
mt/set_13/frenetic_v/test-267,0.2933739125728607,0.19079367725088195,0.14285714285714285,0.15692046724994296,PASS
mt/set_7/frenetic_v/odr/test-783,0.20314960181713104,0.3550851459843875,0.14285714285714285,0.18597117505815014,PASS
mt/set_14/frenetic_v/test-860,0.5241537690162659,0.8824624274245075,0.14285714285714285,0.5305240403474749,PASS
mt/set_14/frenetic_v/test-196,0.739119291305542,0.7620635052921076,0.14285714285714285,0.6005245106319566,PASS
mt/set_8/frenetic_v/odr/test-126,0.6273959875106812,0.1924327027252271,0.14285714285714285,0.17396065019697446,PASS
mt/set_7/frenetic_v/odr/test-416,0.04609381780028343,0.3076367475067366,0.14285714285714285,0.15045246339887963,PASS
mt/set_16/frenetic_v/test-364,0.3932133615016937,0.8254854571214268,0.14285714285714285,0.4112757127077619,PASS
mt/set_16/frenetic_v/test-384,0.3145007789134979,0.31630413645581573,0.14285714285714285,0.19740635318665534,PASS
mt/set_13/frenetic_v/test-603,0.42250651121139526,0.28466261077311994,0.14285714285714285,0.2027708763770218,PASS
mt/set_13/frenetic_v/test-138,0.67290860414505,0.24163124704836514,0.14285714285714285,0.20932308743413597,PASS
mt/set_9/frenetic_v/test-842,0.4171062707901001,0.050170847570630825,0.14285714285714285,0.1041971078768358,PASS
mt/set_12/frenetic_v/test-622,0.21082159876823425,0.012112120454482306,0.14285714285714285,0.11529326394575072,PASS
mt/set_14/frenetic_v/test-710,0.29627278447151184,0.27430063616412476,0.14285714285714285,0.18180027687733952,PASS
mt/set_6/frenetic_v/test-174,0.8722859025001526,0.18265411006472762,0.14285714285714285,0.1775714763145799,PASS
mt/set_9/frenetic_v/test-594,0.5682174563407898,0.11998222074061729,0.14285714285714285,0.129859212798097,PASS
mt/set_13/frenetic_v/test-388,0.2471172958612442,0.506514431758202,0.14285714285714285,0.23272315083934117,PASS
mt/set_9/frenetic_v/test-74,0.26296567916870117,0.01416784732060997,0.14285714285714285,0.10901627485463677,PASS
mt_set5/frenetic_v/test-878,0.05853730067610741,0.507708975747979,0.14285714285714285,0.1642145837691183,PASS
mt/set_11/frenetic_v/test-896,0.4016152620315552,0.5902714115065144,0.14285714285714285,0.32254554159741683,PASS
mt/set_14/frenetic_v/test-43,0.3246977925300598,0.6000222240742283,0.14285714285714285,0.29129763555015603,PASS
mt_set5/frenetic_v/test-434,0.620804488658905,0.7572019890546434,0.14285714285714285,0.5242451809610158,PASS
mt/set_11/frenetic_v/test-793,0.4107409417629242,0.20171125371558735,0.14285714285714285,0.16703093152028525,PASS
mt/set_17/frenetic_v/test-521,0.6383683681488037,0.08170125288218454,0.14285714285714285,0.10381715717114093,PASS
mt/set_14/frenetic_v/test-303,0.17981956899166107,0.028919076589715757,0.14285714285714285,0.12236884676045348,PASS
mt/set_13/frenetic_v/test-380,0.1952061653137207,0.7178098174847904,0.14285714285714285,0.2550914497080733,PASS
mt/set_14/frenetic_v/test-794,0.9117023348808289,0.8802122399088813,0.14285714285714285,0.815105506475493,PASS
mt_set5/frenetic_v/test-217,0.015082832425832748,0.1877934272300469,0.14285714285714285,0.14353490877199462,PASS
mt/set_11/frenetic_v/test-191,0.4958120286464691,0.3770869794705114,0.14285714285714285,0.2589911090604735,PASS
mt/set_8/frenetic_v/odr/test-541,0.5175745487213135,0.9227435619634969,0.14285714285714285,0.5465065042799953,PASS
mt/set_11/frenetic_v/test-101,0.8709287643432617,0.6961135650193071,0.14285714285714285,0.6247040749758105,PASS
mt/set_6/frenetic_v/test-900,0.5430878400802612,0.7787037808706282,0.14285714285714285,0.48817772011818233,PASS
mt/set_9/frenetic_v/test-697,0.18779829144477844,0.008834069505792096,0.14285714285714285,0.11768784292505559,PASS
mt/set_11/frenetic_v/test-55,0.5008732080459595,0.6865849931938772,0.14285714285714285,0.4151958555592363,PASS
mt/set_16/frenetic_v/test-781,0.03407241776585579,0.3673361669027974,0.14285714285714285,0.15050568860501962,PASS
mt/set_8/frenetic_v/odr/test-53,0.4621228873729706,0.2703836430813678,0.14285714285714285,0.20179005309985684,PASS
mt/set_11/frenetic_v/test-241,0.21043750643730164,0.7155318498763786,0.14285714285714285,0.2633693759445085,PASS
mt/set_8/frenetic_v/odr/test-184,0.2695502042770386,0.23913103869766925,0.14285714285714285,0.16880779114750308,PASS
mt/set_16/frenetic_v/test-649,0.8649823069572449,0.8466538878239853,0.14285714285714285,0.7516288749475619,PASS
mt/set_7/frenetic_v/odr/test-362,0.22997614741325378,0.23529738589326885,0.14285714285714285,0.16411618955906135,PASS
mt/set_12/frenetic_v/test-818,0.3818085193634033,0.25546573325554905,0.14285714285714285,0.1858520620247583,PASS
mt/set_13/frenetic_v/test-596,0.39083588123321533,0.08509042420201682,0.14285714285714285,0.12027983646561544,PASS
mt/set_17/frenetic_v/test-697,0.148126021027565,0.6131066477762035,0.14285714285714285,0.21251333303972297,PASS
mt_set5/frenetic_v/test-640,0.1661762297153473,0.4455093480012223,0.14285714285714285,0.19315074948049643,PASS
mt_set5/frenetic_v/test-730,0.7319959998130798,0.6469705808817401,0.14285714285714285,0.511866162943167,PASS
mt/set_9/frenetic_v/test-465,0.5454434156417847,0.4418701558463205,0.14285714285714285,0.30595182198330123,PASS
mt/set_10/frenetic_v/test-611,0.20741254091262817,0.5107370058615996,0.14285714285714285,0.2191600399934868,PASS
mt/set_10/frenetic_v/test-484,0.24438291788101196,0.5981331777648137,0.14285714285714285,0.2541188287091769,PASS
mt/set_7/frenetic_v/odr/test-737,0.34050634503364563,0.8623218601550129,0.14285714285714285,0.3878394483823803,PASS
mt/set_16/frenetic_v/test-78,0.021907944232225418,0.36511375947995667,0.14285714285714285,0.14772633108028022,PASS
mt/set_13/frenetic_v/test-367,0.3035118281841278,0.4043670305858821,0.14285714285714285,0.2222284827124439,PASS
mt/set_17/frenetic_v/test-256,0.8620812892913818,0.5362946912242686,0.14285714285714285,0.48203229180911505,PASS
mt/set_8/frenetic_v/odr/test-427,0.2298223376274109,0.09172986637775367,0.14285714285714285,0.13110695266012667,PASS
mt_set5/frenetic_v/test-128,0.9825069308280945,0.7999277717587577,0.14285714285714285,0.7884335897965543,PASS
mt/set_8/frenetic_v/odr/test-96,0.2202777862548828,0.06006056060227238,0.14285714285714285,0.12461889500856967,PASS
mt/set_8/frenetic_v/odr/test-79,0.20655645430088043,0.6397477567575076,0.14285714285714285,0.24549310836852728,PASS
mt/set_7/frenetic_v/odr/test-252,0.5437167882919312,0.44581492902186287,0.14285714285714285,0.30758037733865806,PASS
mt/set_14/frenetic_v/test-391,0.9479816555976868,0.4685668250131955,0.14285714285714285,0.451623946591634,PASS
mt_set5/frenetic_v/test-44,0.13514390587806702,0.22721337889268542,0.14285714285714285,0.15425737833763284,PASS
mt/set_10/frenetic_v/test-119,0.3071620762348175,0.29138539322721335,0.14285714285714285,0.18847939287781312,PASS
mt/set_8/frenetic_v/odr/test-220,0.5695779323577881,0.8546267744534267,0.14285714285714285,0.5482654179368187,PASS
mt/set_10/frenetic_v/test-535,0.16534434258937836,0.24304803178042608,0.14285714285714285,0.15942313739087122,PASS
mt/set_16/frenetic_v/test-945,0.48056092858314514,0.06556101897380334,0.14285714285714285,0.10571165004536201,PASS
mt_set5/frenetic_v/test-483,0.22904863953590393,0.23915881879045475,0.14285714285714285,0.1649149149721701,PASS
mt/set_9/frenetic_v/test-330,0.367007851600647,0.012501041753479405,0.14285714285714285,0.0950154302480506,PASS
mt/set_8/frenetic_v/odr/test-539,0.6509333848953247,0.675778537100314,0.14285714285714285,0.4897534698949861,PASS
mt/set_16/frenetic_v/test-909,0.15076997876167297,0.15567963996999748,0.14285714285714285,0.14479039473199418,PASS
mt_set5/frenetic_v/test-947,0.7186325788497925,0.707003361391227,0.14285714285714285,0.5482709947306503,PASS
mt/set_17/frenetic_v/test-437,0.33866938948631287,0.2748840181126205,0.14285714285714285,0.18757059983822644,PASS
mt/set_11/frenetic_v/test-751,0.4044623076915741,0.0016390254743450501,0.14285714285714285,0.08573973295516224,PASS
mt/set_8/frenetic_v/odr/test-751,0.9258338212966919,0.8745173208878517,0.14285714285714285,0.8202528813739319,PASS
mt/set_11/frenetic_v/test-923,0.8314235210418701,0.6565269327999556,0.14285714285714285,0.569934288264234,PASS
mt_set5/frenetic_v/test-365,0.3426508903503418,0.3083868100119454,0.14285714285714285,0.19957603068713167,PASS
mt/set_7/frenetic_v/odr/test-787,0.5027955174446106,0.27649526349417997,0.14285714285714285,0.21004979087316722,PASS
mt/set_11/frenetic_v/test-189,0.5360809564590454,0.901825152096008,0.14285714285714285,0.5497254391717313,PASS
mt_set5/frenetic_v/test-511,0.09572843462228775,0.0917854265633247,0.14285714285714285,0.1379681242097561,PASS
mt/set_6/frenetic_v/test-437,0.12494203448295593,0.43486957246437197,0.14285714285714285,0.17934176564910637,PASS
mt/set_10/frenetic_v/test-33,0.570530116558075,0.10542545212101,0.14285714285714285,0.12150123597849116,PASS
mt/set_16/frenetic_v/test-308,0.4511719346046448,0.07114481762369085,0.14285714285714285,0.11050255434656883,PASS
mt/set_7/frenetic_v/odr/test-257,0.6745879650115967,0.8524599272161568,0.14285714285714285,0.621546641124453,PASS
mt/set_13/frenetic_v/test-288,0.6905155777931213,0.571130927577298,0.14285714285714285,0.4385868627668276,PASS
mt/set_6/frenetic_v/test-785,0.04047269746661186,0.45059310498097055,0.14285714285714285,0.15531204894833026,PASS
mt/set_8/frenetic_v/odr/test-130,0.7124630212783813,0.8497096980303914,0.14285714285714285,0.6464634499142192,PASS
mt_set5/frenetic_v/test-371,0.7247059941291809,0.23285273772814397,0.14285714285714285,0.20807748990537872,PASS
mt/set_9/frenetic_v/test-589,0.12988127768039703,0.34975136816956964,0.14285714285714285,0.1697288313141541,PASS
mt/set_18/frenetic_v/test-45,0.19737550616264343,0.6224407589521349,0.14285714285714285,0.23751519757372816,PASS
mt/set_17/frenetic_v/test-709,0.16100995242595673,0.6736116898630441,0.14285714285714285,0.22831390509168592,PASS
mt/set_7/frenetic_v/odr/test-363,0.6531196236610413,0.6775842431313721,0.14285714285714285,0.49209790534960735,PASS
mt/set_10/frenetic_v/test-63,0.03585095703601837,0.05478234297302553,0.14285714285714285,0.13969957911927877,PASS
mt/set_11/frenetic_v/test-409,0.746791422367096,0.3347778981581799,0.14285714285714285,0.2861819166901716,PASS
mt_set5/frenetic_v/test-691,0.5326875448226929,0.14929021862933015,0.14285714285714285,0.14628396219588763,PASS
mt/set_13/frenetic_v/test-139,0.050983935594558716,0.34227852321026747,0.14285714285714285,0.15302443392671916,PASS
mt/set_16/frenetic_v/test-871,0.1147371456027031,0.042892463260827234,0.14285714285714285,0.13138747979480417,PASS
mt/set_7/frenetic_v/odr/test-552,0.2725672125816345,0.21932383254160062,0.14285714285714285,0.16369945531978033,PASS
mt/set_13/frenetic_v/test-772,0.42687657475471497,0.33174986804455925,0.14285714285714285,0.22349102663870546,PASS
mt/set_9/frenetic_v/test-33,0.11160551756620407,0.02916909742478539,0.14285714285714285,0.13016892864120583,PASS
mt/set_7/frenetic_v/odr/test-795,0.46897268295288086,0.06075506292191014,0.14285714285714285,0.10435351015390487,PASS
mt/set_7/frenetic_v/odr/test-667,0.014404118061065674,0.2901630691446509,0.14285714285714285,0.14497895481048276,PASS
mt_set5/frenetic_v/test-141,0.7597681283950806,0.4030058060393922,0.14285714285714285,0.3405098057876026,PASS
mt/set_7/frenetic_v/odr/test-620,0.28430500626564026,0.07014473428341242,0.14285714285714285,0.12218464533947325,PASS
mt/set_10/frenetic_v/test-253,0.22250765562057495,0.45245437119759974,0.14285714285714285,0.21174489632180576,PASS
mt/set_6/frenetic_v/test-756,0.6889517307281494,0.24704836514153955,0.14285714285714285,0.2146398657766593,PASS
mt/set_10/frenetic_v/test-28,0.5902402400970459,0.06267188932411034,0.14285714285714285,0.09552857955956325,PASS
mt/set_12/frenetic_v/test-803,0.24520717561244965,0.914631774870128,0.14285714285714285,0.3321018184536473,PASS
mt/set_7/frenetic_v/odr/test-913,0.8426263928413391,0.2135177931494291,0.14285714285714285,0.20239767172875534,PASS
mt/set_8/frenetic_v/odr/test-483,0.8284821510314941,0.9461344000888964,0.14285714285714285,0.8083580128031849,PASS
mt/set_9/frenetic_v/test-570,0.11354465037584305,0.753090535322388,0.14285714285714285,0.2121458811166424,PASS
mt/set_14/frenetic_v/test-667,0.3784084916114807,0.7889824152012667,0.14285714285714285,0.3873564325569399,PASS
mt/set_7/frenetic_v/odr/test-570,0.4065503478050232,0.8397922049059644,0.14285714285714285,0.4261963347306067,PASS
mt/set_8/frenetic_v/odr/test-660,0.2544088363647461,0.4725115981887379,0.14285714285714285,0.2267241492405081,PASS
mt/set_6/frenetic_v/test-870,0.33830201625823975,0.049448565158207544,0.14285714285714285,0.11125683268577859,PASS
mt/set_12/frenetic_v/test-569,0.43993160128593445,0.038336528044003663,0.14285714285714285,0.09687521715753354,PASS
mt/set_12/frenetic_v/test-143,0.020030951127409935,0.8239575520182237,0.14285714285714285,0.15650022840670924,PASS
mt/set_10/frenetic_v/test-804,0.2853972911834717,0.49240214462316306,0.14285714285714285,0.24261633950788686,PASS
mt/set_8/frenetic_v/odr/test-80,0.1002902016043663,0.01827930105286552,0.14285714285714285,0.13036320918026098,PASS
mt/set_6/frenetic_v/test-44,0.11976196616888046,0.5102369641914604,0.14285714285714285,0.1868552757840187,PASS
mt/set_11/frenetic_v/test-869,0.5369737148284912,0.9196877517570908,0.14285714285714285,0.5599947607106267,PASS
mt/set_12/frenetic_v/test-409,0.16321122646331787,0.01566797233102756,0.14285714285714285,0.12209844234272349,PASS
mt/set_16/frenetic_v/test-622,0.11496683955192566,0.4130621996277467,0.14285714285714285,0.17392176000753318,PASS
mt/set_13/frenetic_v/test-564,0.0910300612449646,0.2818568214017835,0.14285714285714285,0.15551029210809186,PASS
mt/set_8/frenetic_v/odr/test-885,0.19809632003307343,0.6010778676000779,0.14285714285714285,0.23362898006286884,PASS
mt/set_16/frenetic_v/test-355,0.1324373334646225,0.22118509875822978,0.14285714285714285,0.15323068634368003,PASS
mt/set_18/frenetic_v/test-113,0.628328263759613,0.5149873600577826,0.14285714285714285,0.3766770761233085,PASS
mt/set_7/frenetic_v/odr/test-721,0.35415682196617126,0.062032947190043604,0.14285714285714285,0.11423269832423635,PASS
mt/set_12/frenetic_v/test-891,0.3821102976799011,0.9109092424368697,0.14285714285714285,0.4363377592612253,PASS
mt/set_11/frenetic_v/test-477,0.14777006208896637,0.37508681278995476,0.14285714285714285,0.17717373773075196,PASS
mt/set_12/frenetic_v/test-46,0.3638572692871094,0.0691168708503486,0.14285714285714285,0.11602620884826202,PASS
mt/set_17/frenetic_v/test-558,0.10550452023744583,0.583270828124566,0.14285714285714285,0.18932277849165643,PASS
mt/set_7/frenetic_v/odr/test-628,0.7404517531394958,0.8664055337944828,0.14285714285714285,0.6786098174079576,PASS
mt/set_16/frenetic_v/test-820,0.34273236989974976,0.6130510875906324,0.14285714285714285,0.3040078278481637,PASS
mt/set_13/frenetic_v/test-518,0.5406420826911926,0.9134650109731366,0.14285714285714285,0.5594801856135936,PASS
mt/set_7/frenetic_v/odr/test-392,0.44815561175346375,0.7831763758090952,0.14285714285714285,0.42981979616075905,PASS
mt/set_17/frenetic_v/test-636,0.545307993888855,0.22626885573797814,0.14285714285714285,0.18834221667502432,PASS
mt/set_13/frenetic_v/test-503,0.3714968264102936,0.28546823346389977,0.14285714285714285,0.1958367146859385,PASS
mt/set_7/frenetic_v/odr/test-63,0.335974782705307,0.12278801011195374,0.14285714285714285,0.13611441608651936,PASS
mt/set_13/frenetic_v/test-613,0.1378551423549652,0.08914631774870121,0.14285714285714285,0.13545282515834137,PASS
mt/set_13/frenetic_v/test-35,0.40020063519477844,0.023001916826402177,0.14285714285714285,0.09489100952570131,PASS
mt/set_14/frenetic_v/test-252,0.20999592542648315,0.026891129816373496,0.14285714285714285,0.11850475263062688,PASS
mt/set_8/frenetic_v/odr/test-815,0.14360539615154266,0.042197960941189466,0.14285714285714285,0.12840193903307484,PASS
mt/set_11/frenetic_v/test-605,0.49951446056365967,0.34000055560185566,0.14285714285714285,0.24133312832799697,PASS
mt_set5/frenetic_v/test-877,0.7451021671295166,0.5498513765035976,0.14285714285714285,0.4461094283563331,PASS
mt/set_16/frenetic_v/test-130,0.5709506273269653,0.16159679973331106,0.14285714285714285,0.15355656170648319,PASS
mt/set_12/frenetic_v/test-599,0.6235359907150269,0.13359446620551707,0.14285714285714285,0.1370815305944984,PASS
mt/set_8/frenetic_v/odr/test-83,0.8928675055503845,0.6661110648109565,0.14285714285714285,0.6100535669215,PASS
mt/set_6/frenetic_v/test-266,0.5563715696334839,0.4070894796788621,0.14285714285714285,0.2898685028425662,PASS
mt/set_16/frenetic_v/test-276,0.8920555114746094,0.9809984165347112,0.14285714285714285,0.8905256854355666,PASS
mt/set_10/frenetic_v/test-606,0.8548954725265503,0.9398838792121565,0.14285714285714285,0.8242316912496565,PASS
mt/set_8/frenetic_v/odr/test-291,0.28667744994163513,0.08917409784148674,0.14285714285714285,0.12746742014947793,PASS
mt/set_13/frenetic_v/test-875,0.13744105398654938,0.13712253798927682,0.14285714285714285,0.14206897484864428,PASS
mt/set_16/frenetic_v/test-676,0.6265603303909302,0.08014556768619603,0.14285714285714285,0.10356455759869876,PASS
mt/set_11/frenetic_v/test-106,0.7413359880447388,0.185070978137067,0.14285714285714285,0.17415177814354327,PASS
mt/set_11/frenetic_v/test-641,0.08578255772590637,0.2029891379837208,0.14285714285714285,0.14801542345773705,PASS
mt/set_8/frenetic_v/odr/test-391,0.024255871772766113,0.40503375281273435,0.14285714285714285,0.14921646509004421,PASS
mt/set_13/frenetic_v/test-771,0.26255497336387634,0.2446314970692002,0.14285714285714285,0.16957850145894066,PASS
mt/set_17/frenetic_v/test-391,0.27737417817115784,0.077200877850932,0.14285714285714285,0.124645794566732,PASS
mt/set_10/frenetic_v/test-394,0.5059942007064819,0.7782315192932744,0.14285714285714285,0.4643528926113226,PASS
mt_set5/frenetic_v/test-416,0.37366747856140137,0.11914881795705196,0.14285714285714285,0.1339981128708114,PASS
mt/set_11/frenetic_v/test-389,0.8588758707046509,0.5263771980998416,0.14285714285714285,0.4722532642364116,PASS
mt/set_7/frenetic_v/odr/test-147,0.30581071972846985,0.5803539183820875,0.14285714285714285,0.27664835091678563,PASS
mt/set_11/frenetic_v/test-134,0.4422965943813324,0.18193182765230434,0.14285714285714285,0.16013973861109218,PASS
mt_set5/frenetic_v/test-241,0.5847362875938416,0.15545739922771334,0.14285714285714285,0.1502249699900009,PASS
mt/set_7/frenetic_v/odr/test-531,0.695494532585144,0.3563352501597355,0.14285714285714285,0.29132999931272074,PASS
mt/set_8/frenetic_v/odr/test-765,0.3580666482448578,0.07272828291246487,0.14285714285714285,0.11774633277404431,PASS
mt/set_17/frenetic_v/test-654,0.493360698223114,0.015334611217601378,0.14285714285714285,0.07994253760827952,PASS
mt/set_10/frenetic_v/test-289,0.08490767329931259,0.008667388949079006,0.14285714285714285,0.13146340626530778,PASS
mt/set_13/frenetic_v/test-378,0.6664592623710632,0.09097980387254488,0.14285714285714285,0.1082830097836941,PASS
mt/set_8/frenetic_v/odr/test-798,0.8176442980766296,0.9657193655026808,0.14285714285714285,0.8156657473059291,PASS
mt/set_14/frenetic_v/test-82,0.42956551909446716,0.2964413701141762,0.14285714285714285,0.20883162690605836,PASS
mt/set_7/frenetic_v/odr/test-278,0.6914091110229492,0.4980415034586216,0.14285714285714285,0.38843484586986593,PASS
mt/set_18/frenetic_v/test-90,0.23453977704048157,0.13189988054560098,0.14285714285714285,0.14028723325509437,PASS
mt/set_17/frenetic_v/test-507,0.17046527564525604,0.1632080451148707,0.14285714285714285,0.14632626289139877,PASS
mt/set_10/frenetic_v/test-127,0.3774672746658325,0.1794871794871795,0.14285714285714285,0.1566837829547924,PASS
mt/set_10/frenetic_v/test-713,0.46773669123649597,0.001027863433063832,0.14285714285714285,0.07651838072139305,PASS
mt/set_14/frenetic_v/test-909,0.6635598540306091,0.2182959691085368,0.14285714285714285,0.1929153193927583,PASS
mt/set_17/frenetic_v/test-50,0.03760412335395813,0.34130621996277466,0.14285714285714285,0.1503196506895768,PASS
mt/set_6/frenetic_v/test-324,0.6742172241210938,0.3967275050698669,0.14285714285714285,0.3140209137548223,PASS
mt/set_11/frenetic_v/test-594,0.6253184080123901,0.1253437786482207,0.14285714285714285,0.13190571383107846,PASS
mt/set_7/frenetic_v/odr/test-224,0.27397316694259644,0.40464483151373726,0.14285714285714285,0.21457994498497246,PASS
mt/set_8/frenetic_v/odr/test-101,0.7196352481842041,0.6935855765758259,0.14285714285714285,0.5391807359383853,PASS
mt/set_16/frenetic_v/test-577,0.5726401805877686,0.21965719365502678,0.14285714285714285,0.1868359378151929,PASS
mt_set5/frenetic_v/test-223,0.2713512182235718,0.08292357696474698,0.14285714285714285,0.12659409673975852,PASS
mt/set_9/frenetic_v/test-206,0.10260079056024551,0.02652998861016191,0.14285714285714285,0.130921881674673,PASS
mt/set_13/frenetic_v/test-330,0.09474305808544159,0.02091840986748889,0.14285714285714285,0.1313042922659016,PASS
mt/set_8/frenetic_v/odr/test-711,0.22965671122074127,0.16706947801205652,0.14285714285714285,0.14841767024853197,PASS
mt/set_8/frenetic_v/odr/test-395,0.886067807674408,0.18609884157013082,0.14285714285714285,0.18117222003587738,PASS
mt_set5/frenetic_v/test-862,0.08240877091884613,0.10917576464705385,0.14285714285714285,0.14008149974725928,PASS
mt/set_13/frenetic_v/test-695,0.5218408107757568,0.0045559352168235675,0.14285714285714285,0.07068592853085234,PASS
mt/set_16/frenetic_v/test-286,0.2743717133998871,0.5705197655360169,0.14285714285714285,0.2601956651411603,PASS
mt/set_6/frenetic_v/test-934,0.6131829619407654,0.5048476261910715,0.14285714285714285,0.3648235396222105,PASS
mt/set_16/frenetic_v/test-600,0.21021859347820282,0.2581881823485291,0.14285714285714285,0.1671018696346638,PASS
mt/set_9/frenetic_v/test-585,0.03247227519750595,0.08759063255271271,0.14285714285714285,0.14106251671843759,PASS
mt/set_8/frenetic_v/odr/test-729,0.10031956434249878,0.11228713503903097,0.14285714285714285,0.13979037299088307,PASS
mt/set_7/frenetic_v/odr/test-661,0.06574316322803497,0.12062116287468391,0.14285714285714285,0.14139528132435805,PASS
mt/set_18/frenetic_v/test-235,0.042334653437137604,0.1766813901158429,0.14285714285714285,0.144289077449506,PASS
mt/set_14/frenetic_v/test-175,0.2970905601978302,0.18429313553907267,0.14285714285714285,0.1551673893928452,PASS
mt/set_11/frenetic_v/test-397,0.03745514526963234,0.5043753646137178,0.14285714285714285,0.15639786090283886,PASS
mt_set5/frenetic_v/test-454,0.3115129768848419,0.9442731338722672,0.14285714285714285,0.39250862819885457,PASS
mt/set_11/frenetic_v/test-350,0.06345074623823166,0.48515154040614494,0.14285714285714285,0.1645759767504243,PASS
mt/set_11/frenetic_v/test-345,0.18560536205768585,0.1480678945467677,0.14285714285714285,0.14382428843982567,PASS
mt/set_11/frenetic_v/test-652,0.20051267743110657,0.6681945717698697,0.14285714285714285,0.24819396154068196,PASS
mt/set_10/frenetic_v/test-451,0.5255201458930969,0.33475011806539434,0.14285714285714285,0.2437007671844436,PASS
mt/set_9/frenetic_v/test-575,0.02684733457863331,0.2264077562019057,0.14285714285714285,0.14510025013647726,PASS
mt/set_11/frenetic_v/test-418,0.4124947190284729,0.4542322971358724,0.14285714285714285,0.27129774963379477,PASS
mt/set_14/frenetic_v/test-563,0.25856518745422363,0.3901436230797011,0.14285714285714285,0.20679681797078378,PASS
mt_set5/frenetic_v/test-29,0.5290288925170898,0.7552573825596577,0.14285714285714285,0.46683456344416463,PASS
mt/set_7/frenetic_v/odr/test-654,0.517962634563446,0.14306747784537602,0.14285714285714285,0.142966088521789,PASS
mt/set_14/frenetic_v/test-665,0.29123222827911377,0.6057449231880435,0.14285714285714285,0.27766498256608396,PASS
mt/set_7/frenetic_v/odr/test-556,0.3271541893482208,0.29652471039253275,0.14285714285714285,0.19313013560077094,PASS
mt/set_13/frenetic_v/test-517,0.1016881912946701,0.04483706975581295,0.14285714285714285,0.13288965678415995,PASS
mt/set_6/frenetic_v/test-406,0.18308062851428986,0.2090729783037475,0.14285714285714285,0.15497998175704333,PASS
mt/set_10/frenetic_v/test-293,0.46651360392570496,0.28049559685529346,0.14285714285714285,0.20706734981310781,PASS
mt_set5/frenetic_v/test-236,0.4175116717815399,0.5458232630496985,0.14285714285714285,0.3111001971125831,PASS
mt/set_13/frenetic_v/test-867,0.2627190053462982,0.0906186626663333,0.14285714285714285,0.12913309704313644,PASS
mt_set5/frenetic_v/test-813,0.015076740644872189,0.07328388476817506,0.14285714285714285,0.14180820262733335,PASS
mt/set_8/frenetic_v/odr/test-277,0.06241032853722572,0.3964774842347973,0.14285714285714285,0.15868566796095532,PASS
mt/set_6/frenetic_v/test-814,0.272634893655777,0.29235769647470616,0.14285714285714285,0.18361621465162165,PASS
mt/set_16/frenetic_v/test-344,0.309910386800766,0.8422090729783037,0.14285714285714285,0.3595935657733795,PASS
mt/set_9/frenetic_v/test-454,0.14880256354808807,0.12531599855543515,0.14285714285714285,0.1402469734887445,PASS
mt/set_11/frenetic_v/test-639,0.5774484276771545,0.8594882906908909,0.14285714285714285,0.5566746723982152,PASS
mt/set_12/frenetic_v/test-898,0.5257185697555542,0.4432313803928105,0.14285714285714285,0.3007694574058092,PASS
mt/set_8/frenetic_v/odr/test-270,0.5299623608589172,0.1687918437647581,0.14285714285714285,0.1566015581783125,PASS
mt/set_8/frenetic_v/odr/test-353,0.26727327704429626,0.25107647859543847,0.14285714285714285,0.17178127510199942,PASS
mt/set_14/frenetic_v/test-592,0.6277535557746887,0.2632719393282773,0.14285714285714285,0.21844795950978296,PASS
mt/set_16/frenetic_v/test-490,0.728428304195404,0.8802955801872379,0.14285714285714285,0.6800281732100127,PASS
mt/set_12/frenetic_v/test-346,0.5537699460983276,0.3319998888796288,0.14285714285714285,0.24759871112690457,PASS
mt/set_12/frenetic_v/test-675,0.23987576365470886,0.655082367975109,0.14285714285714285,0.2657275556380455,PASS
mt/set_9/frenetic_v/test-876,0.7877064943313599,0.5832986082173514,0.14285714285714285,0.48979574549419974,PASS
mt/set_6/frenetic_v/test-46,0.3016243577003479,0.5194321749034642,0.14285714285714285,0.25644134502410243,PASS
mt/set_14/frenetic_v/test-867,0.09523288160562515,0.04172569936383583,0.14285714285714285,0.1332261008792328,PASS
mt/set_9/frenetic_v/test-720,0.20736779272556305,0.09170208628496815,0.14285714285714285,0.132249233817757,PASS
mt/set_7/frenetic_v/odr/test-208,0.4762851893901825,0.013445564908186804,0.14285714285714285,0.08122032068696733,PASS
mt/set_16/frenetic_v/test-786,0.7864153981208801,0.7197544239797761,0.14285714285714285,0.5965380478660517,PASS
mt/set_6/frenetic_v/test-483,0.8920612931251526,0.8849626357752035,0.14285714285714285,0.8048607285049068,PASS
mt/set_9/frenetic_v/test-882,0.49557003378868103,0.34947356724171463,0.14285714285714285,0.24525004701322692,PASS
mt_set5/frenetic_v/test-559,0.6860783100128174,0.7863710864794289,0.14285714285714285,0.5843581017672043,PASS
mt/set_10/frenetic_v/test-211,0.4982675313949585,0.2031558185404339,0.14285714285714285,0.17290201513624148,PASS
mt/set_11/frenetic_v/test-798,0.5342589616775513,0.47473400561157875,0.14285714285714285,0.32016533095713096,PASS
mt/set_11/frenetic_v/test-54,0.016795944422483444,0.27199488846292746,0.14285714285714285,0.1450261348517354,PASS
mt/set_13/frenetic_v/test-512,0.2624134421348572,0.012167680640053337,0.14285714285714285,0.10856247122600303,PASS
mt/set_7/frenetic_v/odr/test-114,0.3442034423351288,0.10600883406950581,0.14285714285714285,0.13017382387073578,PASS
mt/set_12/frenetic_v/test-753,0.8930929899215698,0.6522765786037725,0.14285714285714285,0.5978160698522593,PASS
mt/set_12/frenetic_v/test-321,0.03558478131890297,0.23471400394477313,0.14285714285714285,0.14612584544629673,PASS
mt/set_14/frenetic_v/test-456,0.2316102385520935,0.4345362113509459,0.14285714285714285,0.210413001491645,PASS
mt/set_6/frenetic_v/test-332,0.11262723803520203,0.4767619523849209,0.14285714285714285,0.18046391506345205,PASS
mt/set_10/frenetic_v/test-186,0.5988702178001404,0.8145956607495068,0.14285714285714285,0.5451413353720863,PASS
mt/set_8/frenetic_v/odr/test-417,0.08658945560455322,0.5463788649054088,0.14285714285714285,0.17779786909391404,PASS
mt/set_11/frenetic_v/test-195,0.3415762782096863,0.01269550240297801,0.14285714285714285,0.09839701414514188,PASS
mt/set_7/frenetic_v/odr/test-499,0.030638135969638824,0.5934661221768481,0.14285714285714285,0.15666295884157416,PASS
mt/set_9/frenetic_v/test-78,0.8312296271324158,0.29871933772258796,0.14285714285714285,0.2724144169791867,PASS
mt/set_12/frenetic_v/test-361,0.11663667857646942,0.6734172292135455,0.14285714285714285,0.20473990698626113,PASS
mt/set_8/frenetic_v/odr/test-744,0.7979862093925476,0.5538794899574965,0.14285714285714285,0.47084730759538207,PASS
mt/set_13/frenetic_v/test-786,0.2617335915565491,0.023474178403755822,0.14285714285714285,0.11161061080009002,PASS
mt/set_13/frenetic_v/test-890,0.010204699821770191,0.1046476095230158,0.14285714285714285,0.14246722989747454,PASS
mt/set_8/frenetic_v/odr/test-558,0.3862541913986206,0.2682445759368836,0.14285714285714285,0.19128856443290676,PASS
mt/set_9/frenetic_v/test-550,0.39553043246269226,0.10548101230658102,0.14285714285714285,0.12807374151922246,PASS
mt/set_10/frenetic_v/test-654,0.48131564259529114,0.7288940745062088,0.14285714285714285,0.42492588945586035,PASS
mt/set_16/frenetic_v/test-319,0.16106222569942474,0.23404728171792089,0.14285714285714285,0.15754442745516206,PASS
mt/set_13/frenetic_v/test-204,0.05783762410283089,0.3413895602411312,0.14285714285714285,0.15433978884694594,PASS
mt/set_14/frenetic_v/test-12,0.4303349256515503,0.4900408367363947,0.14285714285714285,0.2922624119501013,PASS
mt/set_13/frenetic_v/test-351,0.6627806425094604,0.648109564685946,0.14285714285714285,0.477728667626298,PASS
mt/set_16/frenetic_v/test-885,0.6479485630989075,0.8881851265383227,0.14285714285714285,0.6257913389207692,PASS
mt/set_7/frenetic_v/odr/test-854,0.10255064070224762,0.36550268077895376,0.14285714285714285,0.16568958754925844,PASS
mt/set_17/frenetic_v/test-189,0.41983088850975037,0.0008056226907797121,0.14285714285714285,0.08321952267406325,PASS
mt/set_10/frenetic_v/test-837,0.7256534695625305,0.6119676639719978,0.14285714285714285,0.48326882011242406,PASS
mt/set_9/frenetic_v/test-732,0.5736699104309082,0.14353973942272966,0.14285714285714285,0.14324872796778348,PASS
mt/set_12/frenetic_v/test-152,0.03367847576737404,0.06364419257160314,0.14285714285714285,0.14018937196267345,PASS
mt/set_7/frenetic_v/odr/test-518,0.0793575793504715,0.038892129899713856,0.14285714285714285,0.13460673322043817,PASS
mt/set_8/frenetic_v/odr/test-97,0.7707239985466003,0.8113453898936023,0.14285714285714285,0.6580770775944904,PASS
mt/set_6/frenetic_v/test-334,0.07765386998653412,0.5980220573936716,0.14285714285714285,0.17820245782425706,PASS
mt/set_6/frenetic_v/test-516,0.20900163054466248,0.4702058504875406,0.14285714285714285,0.21127355225110933,PASS
mt/set_8/frenetic_v/odr/test-0,0.3396131098270416,0.44225907714531765,0.14285714285714285,0.2445379691064561,PASS
mt/set_13/frenetic_v/test-621,0.5527510643005371,0.335222379642748,0.14285714285714285,0.24918723222481093,PASS
mt/set_14/frenetic_v/test-136,0.13874422013759613,0.6489707475622968,0.14285714285714285,0.2130774781142497,PASS
mt/set_13/frenetic_v/test-313,0.11494211852550507,0.18796010778675998,0.14285714285714285,0.1480413710691973,PASS
mt/set_10/frenetic_v/test-301,0.843783438205719,0.33149984720948966,0.14285714285714285,0.30203073252799095,PASS
mt/set_11/frenetic_v/test-513,0.6341931223869324,0.6721671250381976,0.14285714285714285,0.47854189316711754,PASS
mt/set_12/frenetic_v/test-386,0.5875279903411865,0.47112259354946245,0.14285714285714285,0.33572228340084526,PASS
mt/set_11/frenetic_v/test-807,0.37533482909202576,0.017279217712587093,0.14285714285714285,0.09572336952780518,PASS
mt/set_17/frenetic_v/test-453,0.10875877737998962,0.7113370558657666,0.14285714285714285,0.204684318903569,PASS
mt/set_6/frenetic_v/test-352,0.546561598777771,0.9506069950273633,0.14285714285714285,0.5843421934718067,PASS
mt/set_10/frenetic_v/test-920,0.08841323107481003,0.057727032808289565,0.14285714285714285,0.13533051370160093,PASS
mt/set_9/frenetic_v/test-182,0.38325920701026917,0.4047559518848793,0.14285714285714285,0.24323227697952166,PASS
mt/set_17/frenetic_v/test-632,0.16789425909519196,0.5968275134038948,0.14285714285714285,0.21907616399999685,PASS
mt/set_7/frenetic_v/odr/test-593,0.2899918556213379,0.22849126316081889,0.14285714285714285,0.16769034030850677,PASS
mt/set_9/frenetic_v/test-657,0.49373123049736023,0.6819734977914825,0.14285714285714285,0.40903571990265136,PASS
mt/set_14/frenetic_v/test-922,0.7232885360717773,0.5859377170319748,0.14285714285714285,0.46333224271389967,PASS
mt/set_7/frenetic_v/odr/test-900,0.14852887392044067,0.22896352473817264,0.14285714285714285,0.15564642679529564,PASS
mt/set_7/frenetic_v/odr/test-776,0.06481093913316727,0.21724032558268744,0.14285714285714285,0.147677987849668,PASS
mt/set_11/frenetic_v/test-383,0.3202512264251709,0.34964024779842756,0.14285714285714285,0.2090796858185941,PASS
mt/set_11/frenetic_v/test-203,0.3946470022201538,0.09667472289357444,0.14285714285714285,0.12463138926324839,PASS
mt/set_12/frenetic_v/test-76,0.6574710011482239,0.42486873906158845,0.14285714285714285,0.32827158934908834,PASS
mt/set_12/frenetic_v/test-210,0.13565181195735931,0.24324249242992468,0.14285714285714285,0.1564745952919263,PASS
mt/set_16/frenetic_v/test-846,0.03246582671999931,0.3817540350584771,0.14285714285714285,0.1506131295598507,PASS
mt/set_10/frenetic_v/test-416,0.40045812726020813,0.017334777898158123,0.14285714285714285,0.09259069591387008,PASS
mt/set_8/frenetic_v/odr/test-430,0.20768292248249054,0.4383698641553463,0.14285714285714285,0.2042300905758448,PASS
mt/set_6/frenetic_v/test-830,0.5254960060119629,0.06306081062310744,0.14285714285714285,0.10092448897375358,PASS
mt/set_9/frenetic_v/test-125,0.5900328159332275,0.4937633691696531,0.14285714285714285,0.3499033316968157,PASS
mt/set_6/frenetic_v/test-25,0.6535762548446655,0.3161096758063171,0.14285714285714285,0.2560908844844162,PASS
mt/set_12/frenetic_v/test-779,0.3829963803291321,0.21921271217045868,0.14285714285714285,0.17210104952211297,PASS
mt/set_17/frenetic_v/test-13,0.06549324840307236,0.14320637830930347,0.14285714285714285,0.14288001861446833,PASS
mt/set_10/frenetic_v/test-316,0.48238152265548706,0.012612162124621466,0.14285714285714285,0.08002937073315461,PASS
mt/set_10/frenetic_v/test-152,0.045423414558172226,0.37664249798594324,0.14285714285714285,0.15347647568607814,PASS
mt/set_9/frenetic_v/test-530,0.5894548296928406,0.5412395477400895,0.14285714285714285,0.37768557548004444,PASS
mt/set_14/frenetic_v/test-349,0.6881051659584045,0.25349334666777784,0.14285714285714285,0.2189864862412677,PASS
mt/set_7/frenetic_v/odr/test-115,0.16861596703529358,0.4490374197849821,0.14285714285714285,0.19448403059593905,PASS
mt/set_6/frenetic_v/test-784,0.16586363315582275,0.45520460038336524,0.14285714285714285,0.19466422696942615,PASS
mt/set_17/frenetic_v/test-445,0.7256208062171936,0.5722976914742894,0.14285714285714285,0.4544681399670707,PASS
mt/set_11/frenetic_v/test-228,0.11788681894540787,0.2221296219129372,0.14285714285714285,0.15220232004984097,PASS
mt/set_10/frenetic_v/test-730,0.03788325935602188,0.31672083784759836,0.14285714285714285,0.1494436631139566,PASS
mt/set_10/frenetic_v/test-365,0.5693531036376953,0.6403589187987888,0.14285714285714285,0.4261113230547843,PASS
mt/set_6/frenetic_v/test-825,0.1981554627418518,0.3181931827652304,0.14285714285714285,0.17760093698045373,PASS
mt/set_7/frenetic_v/odr/test-645,0.6637988090515137,0.9278550990360308,0.14285714285714285,0.6639378512765609,PASS
mt/set_17/frenetic_v/test-212,0.7588324546813965,0.8560435591854876,0.14285714285714285,0.6840461418050091,PASS
mt/set_17/frenetic_v/test-65,0.4085116684436798,0.05142095174597877,0.14285714285714285,0.10550439612766067,PASS
mt/set_14/frenetic_v/test-416,0.07466109097003937,0.09936939189376884,0.14285714285714285,0.1396103020551213,PASS
mt/set_7/frenetic_v/odr/test-639,0.4319724142551422,0.28952412701058416,0.14285714285714285,0.20621323835090022,PASS
mt/set_7/frenetic_v/odr/test-496,0.15014420449733734,0.08047892879962211,0.14285714285714285,0.13349141340077444,PASS
mt_set5/frenetic_v/test-560,0.4308250844478607,0.04161457899269377,0.14285714285714285,0.09923930247304902,PASS
mt_set5/frenetic_v/test-67,0.9629634618759155,0.9144928744062004,0.14285714285714285,0.885914158216778,PASS
mt/set_16/frenetic_v/test-347,0.10330817103385925,0.6882517987610078,0.14285714285714285,0.19920086299273754,PASS
mt/set_6/frenetic_v/test-501,0.3127824068069458,0.12114898463760869,0.14285714285714285,0.13606721288189097,PASS
mt/set_14/frenetic_v/test-678,0.16029301285743713,0.7115870767008362,0.14285714285714285,0.23402058171263398,PASS
mt_set5/frenetic_v/test-409,0.5934852957725525,0.5548795732977748,0.14285714285714285,0.3873863968521272,PASS
mt/set_10/frenetic_v/test-858,0.03410450369119644,0.17862599661082862,0.14285714285714285,0.14407701866890932,PASS
mt/set_11/frenetic_v/test-708,0.13156424462795258,0.3256382476317471,0.14285714285714285,0.166904598710339,PASS
mt/set_8/frenetic_v/odr/test-406,0.6065558791160583,0.2256299136039114,0.14285714285714285,0.19306345358432103,PASS
mt/set_16/frenetic_v/test-105,0.4849131107330322,0.9098813790038058,0.14285714285714285,0.514797251214649,PASS
mt/set_13/frenetic_v/test-101,0.08980072289705276,0.4602327971775426,0.14285714285714285,0.17135770710940854,PASS
mt/set_8/frenetic_v/odr/test-318,0.04064565524458885,0.19248826291079804,0.14285714285714285,0.14487443172006217,PASS
mt/set_6/frenetic_v/test-646,0.1104249358177185,0.3706419979442731,0.14285714285714285,0.1680102708603875,PASS
mt/set_10/frenetic_v/test-386,0.03757832199335098,0.29596910853682246,0.14285714285714285,0.1486108304113828,PASS
mt/set_6/frenetic_v/test-486,0.20876361429691315,0.20404478150957014,0.14285714285714285,0.1556308975812544,PASS
mt/set_11/frenetic_v/test-914,0.4153508245944977,0.0868127899547184,0.14285714285714285,0.11957907892273045,PASS
mt/set_8/frenetic_v/odr/test-768,0.18926756083965302,0.5346834458427091,0.14285714285714285,0.21701714936730251,PASS
mt/set_12/frenetic_v/test-186,0.046822723001241684,0.47131705419896097,0.14285714285714285,0.15823652977072888,PASS
mt/set_7/frenetic_v/odr/test-296,0.9267484545707703,0.719143261938495,0.14285714285714285,0.6769294131063728,PASS
mt/set_8/frenetic_v/odr/test-190,0.007973596453666687,0.18112620496152454,0.14285714285714285,0.1431622827862862,PASS
mt_set5/frenetic_v/test-110,0.47060704231262207,0.041475678528766304,0.14285714285714285,0.09514631178424296,PASS
mt/set_7/frenetic_v/odr/test-569,0.06722650676965714,0.7240325582687447,0.14285714285714285,0.18192753266256323,PASS
mt/set_10/frenetic_v/test-150,0.02340584248304367,0.07197822040725607,0.14285714285714285,0.14119816089854426,PASS
mt/set_7/frenetic_v/odr/test-54,0.5931289792060852,0.5037919826652221,0.14285714285714285,0.3569380559524208,PASS
mt/set_10/frenetic_v/test-604,0.16899162530899048,0.7077812039892213,0.14285714285714285,0.23832457812400829,PASS
mt/set_6/frenetic_v/test-387,0.22733330726623535,0.23238047615079033,0.14285714285714285,0.1632087782922852,PASS
mt/set_7/frenetic_v/odr/test-133,0.6995922923088074,0.8644053671139262,0.14285714285714285,0.6476467190762953,PASS
mt/set_7/frenetic_v/odr/test-904,0.5674576163291931,0.1941272883851432,0.14285714285714285,0.17195077742731277,PASS
mt/set_16/frenetic_v/test-621,0.6341434717178345,0.22918576548045666,0.14285714285714285,0.19760187531610984,PASS
mt/set_9/frenetic_v/test-281,0.7057381272315979,0.8394310636997527,0.14285714285714285,0.6344559172309777,PASS
mt/set_14/frenetic_v/test-942,0.34343957901000977,0.0781731810984248,0.14285714285714285,0.12064211026202916,PASS
mt/set_14/frenetic_v/test-1,0.47248125076293945,0.7664249798594328,0.14285714285714285,0.43748125441952557,PASS
mt/set_12/frenetic_v/test-478,0.2984544634819031,0.020668389032419365,0.14285714285714285,0.10638936389086268,PASS
mt/set_10/frenetic_v/test-428,0.6983321905136108,0.34422312970525315,0.14285714285714285,0.2834774935477187,PASS
mt/set_10/frenetic_v/test-625,0.3753056526184082,0.02425202100175013,0.14285714285714285,0.09834397019531885,PASS
mt/set_6/frenetic_v/test-101,0.20847328007221222,0.1328999638858793,0.14285714285714285,0.14078133922547478,PASS
mt/set_18/frenetic_v/test-191,0.11157530546188354,0.24035336278023167,0.14285714285714285,0.15373531337644047,PASS
mt/set_8/frenetic_v/odr/test-828,0.1604783535003662,0.5686029391338168,0.14285714285714285,0.2111801272533258,PASS
mt/set_6/frenetic_v/test-389,0.06706605851650238,0.08853515570742,0.14285714285714285,0.13921397915948952,PASS
mt/set_16/frenetic_v/test-474,0.2947157621383667,0.328138455982443,0.14285714285714285,0.19746246626486305,PASS
mt/set_12/frenetic_v/test-221,0.0770661011338234,0.18412645498235958,0.14285714285714285,0.14603760464600216,PASS
mt/set_12/frenetic_v/test-744,0.5042852163314819,0.5266827791204823,0.14285714285714285,0.3364147368737697,PASS
mt/set_9/frenetic_v/test-468,0.1369921714067459,0.5270161402339084,0.14285714285714285,0.1954839202019617,PASS
mt/set_6/frenetic_v/test-454,0.026739036664366722,0.19782204072561602,0.14285714285714285,0.144326847817303,PASS
mt/set_13/frenetic_v/test-749,0.5859023928642273,0.5241825707697864,0.14285714285714285,0.36627662353113605,PASS
mt/set_12/frenetic_v/test-385,0.24695143103599548,0.24765952718282078,0.14285714285714285,0.16873823738487875,PASS
mt/set_11/frenetic_v/test-825,0.16872258484363556,0.6840292246576103,0.14285714285714285,0.23416509747246642,PASS
mt/set_9/frenetic_v/test-342,0.2654353082180023,0.5155707420062783,0.14285714285714285,0.24178848766685995,PASS
mt/set_17/frenetic_v/test-456,0.04815717041492462,0.21962941356224128,0.14285714285714285,0.14655428030936632,PASS
mt/set_9/frenetic_v/test-597,0.24785374104976654,0.005222657443675815,0.14285714285714285,0.10874391862121821,PASS
mt/set_14/frenetic_v/test-841,0.37205153703689575,0.06150512542711893,0.14285714285714285,0.11258999973125011,PASS
mt/set_12/frenetic_v/test-275,0.33702102303504944,0.6524154790677,0.14285714285714285,0.31458901888033713,PASS
mt/set_12/frenetic_v/test-357,0.2608003616333008,0.37241992388254574,0.14285714285714285,0.20272719916611415,PASS
mt/set_9/frenetic_v/test-47,0.35312619805336,0.10528655165708253,0.14285714285714285,0.12958998708552316,PASS
mt/set_16/frenetic_v/test-318,0.2787514925003052,0.6404144789843598,0.14285714285714285,0.28155199290708055,PASS
mt_set5/frenetic_v/test-446,0.7455896139144897,0.7992610495319055,0.14285714285714285,0.6322650782067418,PASS
mt/set_13/frenetic_v/test-339,0.630156397819519,0.1200100008334028,0.14285714285714285,0.12845987013899185,PASS
mt/set_8/frenetic_v/odr/test-545,0.12625038623809814,0.29005194877350887,0.14285714285714285,0.16144054395632595,PASS
mt/set_8/frenetic_v/odr/test-556,0.48212918639183044,0.8584604272578271,0.14285714285714285,0.48787036788709176,PASS
mt/set_17/frenetic_v/test-199,0.22783800959587097,0.10164735950218073,0.14285714285714285,0.1334679835841966,PASS
mt_set5/frenetic_v/test-250,0.22182868421077728,0.43620301691807645,0.14285714285714285,0.20792966999000284,PASS
mt_set5/frenetic_v/test-616,0.3374424874782562,0.474095063477512,0.14285714285714285,0.2546308864809308,PASS
mt/set_9/frenetic_v/test-709,0.43064120411872864,0.006639442175736857,0.14285714285714285,0.08419619247089224,PASS
mt/set_17/frenetic_v/test-79,0.6026789546012878,0.19212712170458646,0.14285714285714285,0.17255112220214774,PASS
mt/set_8/frenetic_v/odr/test-65,0.3757378160953522,0.6838625441008973,0.14285714285714285,0.3461333350737355,PASS
mt/set_13/frenetic_v/test-591,0.4524657726287842,0.858571547628969,0.14285714285714285,0.46669341399377756,PASS
mt/set_11/frenetic_v/test-827,0.14988738298416138,0.3907825652137678,0.14285714285714285,0.18001803558942026,PASS
mt/set_11/frenetic_v/test-830,0.2887730300426483,0.21554573992277135,0.14285714285714285,0.1638476450238589,PASS
mt/set_6/frenetic_v/test-252,0.5565858483314514,0.7372003222490764,0.14285714285714285,0.4736601455590142,PASS
mt/set_11/frenetic_v/test-264,0.41674500703811646,0.03316943078589877,0.14285714285714285,0.09714533651801735,PASS
mt/set_9/frenetic_v/test-492,0.6045423746109009,0.8344028669055754,0.14285714285714285,0.5609258370253971,PASS
mt/set_6/frenetic_v/test-37,0.7369629144668579,0.3068589049087424,0.14285714285714285,0.26372035939638977,PASS
mt/set_17/frenetic_v/test-286,0.1393832415342331,0.542850793121649,0.14285714285714285,0.19860955229538274,PASS
mt/set_6/frenetic_v/test-95,0.03565087541937828,0.25793816151345944,0.14285714285714285,0.14695988564168463,PASS
mt/set_10/frenetic_v/test-727,0.890753984451294,0.8210406422757452,0.14285714285714285,0.7469517971533847,PASS
mt/set_7/frenetic_v/odr/test-937,0.8981600403785706,0.14120621162874683,0.14285714285714285,0.14137434239838445,PASS
mt/set_7/frenetic_v/odr/test-816,0.5745311975479126,0.3624746506653332,0.14285714285714285,0.2690342526206705,PASS
mt_set5/frenetic_v/test-165,0.2266164869070053,0.5657971497624802,0.14285714285714285,0.23870231926571764,PASS
mt/set_13/frenetic_v/test-152,0.5953841805458069,0.7954273967275051,0.14285714285714285,0.5313871487063176,PASS
mt/set_14/frenetic_v/test-817,0.07735957205295563,0.4162291302052949,0.14285714285714285,0.16400508493839921,PASS
mt/set_7/frenetic_v/odr/test-341,0.3140164911746979,0.8464594271744867,0.14285714285714285,0.36379986761845196,PASS
mt/set_12/frenetic_v/test-71,0.21405023336410522,0.19521071200377807,0.14285714285714285,0.15406343655042393,PASS
mt/set_12/frenetic_v/test-764,0.46345552802085876,0.38669889157429777,0.14285714285714285,0.2558669450049068,PASS
mt/set_9/frenetic_v/test-446,0.13522355258464813,0.5698252632163792,0.14285714285714285,0.2005932868037711,PASS
mt/set_8/frenetic_v/odr/test-603,0.9288288354873657,0.546823346389977,0.14285714285714285,0.5180726012607973,PASS
mt/set_13/frenetic_v/test-538,0.7946751713752747,0.04797622024057559,0.14285714285714285,0.0674576294165781,PASS
mt_set5/frenetic_v/test-663,0.13919775187969208,0.38050393088312917,0.14285714285714285,0.17593703936305255,PASS
mt/set_7/frenetic_v/odr/test-344,0.7086400389671326,0.7636191904880962,0.14285714285714285,0.5827539844796586,PASS
mt/set_10/frenetic_v/test-685,0.49841004610061646,0.7056143567519515,0.14285714285714285,0.4233409917779089,PASS
mt/set_10/frenetic_v/test-243,0.3026891350746155,0.2409645248215129,0.14285714285714285,0.17255318144837295,PASS
mt/set_10/frenetic_v/test-807,0.10666948556900024,0.20773953385004298,0.14285714285714285,0.14977811412684225,PASS
mt/set_13/frenetic_v/test-622,0.08312959223985672,0.33694474539544955,0.14285714285714285,0.15899156717933233,PASS
mt/set_13/frenetic_v/test-498,0.23730380833148956,0.6564435925215991,0.14285714285714285,0.2647331653987045,PASS
mt/set_10/frenetic_v/test-97,0.08869346231222153,0.7690085284884851,0.14285714285714285,0.19839268037348756,PASS
mt/set_6/frenetic_v/test-659,0.012066181749105453,0.32802733561130093,0.14285714285714285,0.14509143952524708,PASS
mt/set_6/frenetic_v/test-614,0.22906190156936646,0.5948551268161236,0.14285714285714285,0.24639266056830697,PASS
mt/set_16/frenetic_v/test-833,0.6210461258888245,0.778370419757202,0.14285714285714285,0.5375402014268363,PASS
mt/set_14/frenetic_v/test-627,0.16565747559070587,0.6768619607189488,0.14285714285714285,0.2313190350661416,PASS
mt/set_10/frenetic_v/test-422,0.3000480532646179,0.40214462316304134,0.14285714285714285,0.22065584655881565,PASS
mt/set_7/frenetic_v/odr/test-438,0.23766912519931793,0.1202044614829013,0.14285714285714285,0.1374733020202453,PASS
mt/set_9/frenetic_v/test-71,0.07508447021245956,0.29910825902158505,0.14285714285714285,0.15458917832756142,PASS
mt/set_6/frenetic_v/test-450,0.26266101002693176,0.13781704030891456,0.14285714285714285,0.14153330868866051,PASS
mt/set_9/frenetic_v/test-937,0.7016599178314209,0.5328777398116509,0.14285714285714285,0.4165189628688047,PASS
mt/set_10/frenetic_v/test-827,0.504366397857666,0.04336472483818088,0.14285714285714285,0.09267651036676985,PASS
mt/set_7/frenetic_v/odr/test-105,0.13033375144004822,0.17081979053810037,0.14285714285714285,0.14650161537212378,PASS
mt/set_10/frenetic_v/test-473,0.22404339909553528,0.5196266355529627,0.14285714285714285,0.22726986493368942,PASS
mt/set_12/frenetic_v/test-148,0.7546656727790833,0.8254298969358558,0.14285714285714285,0.6579713695346264,PASS
mt/set_13/frenetic_v/test-443,0.23786818981170654,0.4398422090729783,0.14285714285714285,0.21350044295901344,PASS
mt/set_7/frenetic_v/odr/test-901,0.1854379028081894,0.2730505319887768,0.14285714285714285,0.16699992976846625,PASS
mt/set_11/frenetic_v/test-673,0.36551961302757263,0.8858793788371254,0.14285714285714285,0.41444633876595316,PASS
mt/set_16/frenetic_v/test-165,0.48065128922462463,0.21376781398449862,0.14285714285714285,0.1769404526117644,PASS
mt/set_7/frenetic_v/odr/test-359,0.18954560160636902,0.46823346389976933,0.14285714285714285,0.20453078912015993,PASS
mt_set5/frenetic_v/test-94,0.4189385175704956,0.10109175764647055,0.14285714285714285,0.1253600142912231,PASS
mt/set_8/frenetic_v/odr/test-605,0.21180325746536255,0.1910714781787371,0.14285714285714285,0.1530690961347838,PASS
mt/set_10/frenetic_v/test-285,0.3036746680736542,0.13431674861794035,0.14285714285714285,0.14026363721386026,PASS
mt/set_16/frenetic_v/test-473,0.49171340465545654,0.07403394727338385,0.14285714285714285,0.10901585503738431,PASS
mt/set_9/frenetic_v/test-557,0.48341724276542664,0.8016501375114593,0.14285714285714285,0.4613290316286363,PASS
mt/set_17/frenetic_v/test-671,0.2061409205198288,0.7073922826902242,0.14285714285714285,0.2592309341193872,PASS
mt/set_12/frenetic_v/test-483,0.8415708541870117,0.7860655054587882,0.14285714285714285,0.6841625539920386,PASS
mt/set_9/frenetic_v/test-537,0.041382644325494766,0.46498319304386476,0.14285714285714285,0.15618756689470614,PASS
mt/set_8/frenetic_v/odr/test-145,0.4241780638694763,0.20623940883962552,0.14285714285714285,0.1697425097252525,PASS
mt/set_9/frenetic_v/test-704,0.21310856938362122,0.010167513959496593,0.14285714285714285,0.11457985012819648,PASS
mt/set_10/frenetic_v/test-155,0.5424306988716125,0.1538183737533683,0.14285714285714285,0.14880285099267554,PASS
mt_set5/frenetic_v/test-838,0.3909510672092438,0.8516820846181626,0.14285714285714285,0.41997301456061825,PASS
mt/set_8/frenetic_v/odr/test-246,0.15665359795093536,0.31535961330110845,0.14285714285714285,0.16988027763635227,PASS
mt/set_8/frenetic_v/odr/test-343,0.03298467770218849,0.27446731672083785,0.14285714285714285,0.14719826255655014,PASS
mt/set_11/frenetic_v/test-211,0.2854287028312683,0.3104703169708587,0.14285714285714285,0.1906987537218523,PASS
mt/set_13/frenetic_v/test-274,0.4914948046207428,0.18865461010639775,0.14285714285714285,0.16536636433241486,PASS
mt/set_10/frenetic_v/test-169,0.8182557225227356,0.8971025363224713,0.14285714285714285,0.7600227522465601,PASS
mt/set_16/frenetic_v/test-825,0.6349222660064697,0.7166986137733701,0.14285714285714285,0.5072018698997596,PASS
mt/set_17/frenetic_v/test-203,0.10523857176303864,0.005889379670528064,0.14285714285714285,0.12844285321054272,PASS
mt/set_13/frenetic_v/test-678,0.5390189290046692,0.1435952996083007,0.14285714285714285,0.14325502331858952,PASS
mt/set_16/frenetic_v/test-291,0.5668710470199585,0.869628024557602,0.14285714285714285,0.5548425135103006,PASS
mt/set_12/frenetic_v/test-751,0.28282487392425537,0.2301858488207351,0.14285714285714285,0.1675558731112642,PASS
mt/set_13/frenetic_v/test-77,0.8652737140655518,0.8455704642053504,0.14285714285714285,0.750896508343446,PASS
mt/set_12/frenetic_v/test-869,0.43748781085014343,0.7800372253243325,0.14285714285714285,0.4216156579955529,PASS
mt/set_17/frenetic_v/test-662,0.35993674397468567,0.5573520015556852,0.14285714285714285,0.2920490769488182,PASS
mt/set_14/frenetic_v/test-666,0.7064672708511353,0.3614190071394838,0.14285714285714285,0.2972639466288245,PASS
mt/set_16/frenetic_v/test-750,0.24393141269683838,0.027807872878295378,0.14285714285714285,0.11479301190146263,PASS
mt/set_17/frenetic_v/test-137,0.8765125274658203,0.8667111148151235,0.14285714285714285,0.7773242173342055,PASS
mt_set5/frenetic_v/test-138,0.8276364803314209,0.2390476984193127,0.14285714285714285,0.2224679557037411,PASS
mt/set_12/frenetic_v/test-644,0.3463597595691681,0.30346973358891016,0.14285714285714285,0.19848688542425358,PASS
mt/set_17/frenetic_v/test-427,0.6673155426979065,0.7145039864433147,0.14285714285714285,0.5243259665163944,PASS
mt/set_7/frenetic_v/odr/test-771,0.23664240539073944,0.6521932383254161,0.14285714285714285,0.263387659512345,PASS
mt/set_10/frenetic_v/test-793,0.2619439363479614,0.16723615856876958,0.14285714285714285,0.14924307819693516,PASS
mt/set_18/frenetic_v/test-65,0.32709088921546936,0.023557518682112366,0.14285714285714285,0.10383532696013545,PASS
mt/set_17/frenetic_v/test-552,0.5238928198814392,0.5776314692891075,0.14285714285714285,0.3706322907436381,PASS
mt_set5/frenetic_v/test-654,0.021591944620013237,0.2277689807483956,0.14285714285714285,0.14469055216364485,PASS
mt/set_12/frenetic_v/test-676,0.19610024988651276,0.13534461205100418,0.14285714285714285,0.14138393581751624,PASS
mt/set_7/frenetic_v/odr/test-589,0.7269704937934875,0.7329499680528934,0.14285714285714285,0.5718372153736918,PASS
mt/set_9/frenetic_v/test-582,0.2690754234790802,0.474039503291941,0.14285714285714285,0.23197018099741218,PASS
mt/set_10/frenetic_v/test-424,0.42724213004112244,0.1497347001138984,0.14285714285714285,0.14579552081152425,PASS
mt/set_8/frenetic_v/odr/test-457,0.6895295977592468,0.6700002778009279,0.14285714285714285,0.5063379366564793,PASS
mt/set_16/frenetic_v/test-20,0.7470019459724426,0.7137261438453204,0.14285714285714285,0.5692973974906557,PASS
mt/set_11/frenetic_v/test-344,0.7039734125137329,0.5851043142484095,0.14285714285714285,0.4541873932759985,PASS
mt/set_11/frenetic_v/test-511,0.28079482913017273,0.6225240992304915,0.14285714285714285,0.27754513965391264,PASS
mt_set5/frenetic_v/test-276,0.1326151043176651,0.5319054365641581,0.14285714285714285,0.1944508250404456,PASS
mt/set_8/frenetic_v/odr/test-584,0.9091876745223999,0.8065672139344946,0.14285714285714285,0.7462941589370571,PASS
mt/set_7/frenetic_v/odr/test-144,0.41340652108192444,0.21704586493318884,0.14285714285714285,0.1735272486115894,PASS
mt/set_8/frenetic_v/odr/test-771,0.5083028078079224,0.2594105064310915,0.14285714285714285,0.20210154482123854,PASS
mt/set_10/frenetic_v/test-260,0.2526013255119324,0.4015056810289746,0.14285714285714285,0.20819210644107117,PASS
mt/set_12/frenetic_v/test-533,0.28779396414756775,0.11514848459593846,0.14285714285714285,0.13488275399746597,PASS
mt/set_6/frenetic_v/test-912,0.042005352675914764,0.3747812317693141,0.14285714285714285,0.15259919494157018,PASS
mt/set_16/frenetic_v/test-872,0.6684727668762207,0.03466955579631636,0.14285714285714285,0.07053668719293016,PASS
mt/set_11/frenetic_v/test-549,0.7485413551330566,0.5716865294330084,0.14285714285714285,0.4638536730055186,PASS
mt/set_17/frenetic_v/test-393,0.5265474915504456,0.2534377864822068,0.14285714285714285,0.20108310337195404,PASS
mt/set_11/frenetic_v/test-710,0.2825468182563782,0.6161346778898241,0.14285714285714285,0.2765802045328485,PASS
mt/set_16/frenetic_v/test-873,0.7298349738121033,0.5716031891546517,0.14285714285714285,0.455771002328728,PASS
mt/set_18/frenetic_v/test-242,0.12309104204177856,0.5892713281662361,0.14285714285714285,0.19780673010907077,PASS
mt/set_6/frenetic_v/test-914,0.20792792737483978,0.7495624635386282,0.14285714285714285,0.2690081205849943,PASS
mt/set_13/frenetic_v/test-109,0.6644263863563538,0.7011139817206989,0.14285714285714285,0.5137777169619767,PASS
mt/set_9/frenetic_v/test-188,0.4739720821380615,0.4808456260243909,0.14285714285714285,0.30305424796260855,PASS
mt/set_14/frenetic_v/test-562,0.5453430414199829,0.9106870016945857,0.14285714285714285,0.5615878133686301,PASS
mt/set_14/frenetic_v/test-177,0.02716417983174324,0.369058532655499,0.14285714285714285,0.1490017207487373,PASS
mt/set_9/frenetic_v/test-233,0.06947782635688782,0.4954023946439981,0.14285714285714285,0.1673512249012099,PASS
mt/set_16/frenetic_v/test-878,0.6470010876655579,0.20129455232380472,0.14285714285714285,0.18066621034243066,PASS
mt/set_6/frenetic_v/test-576,0.2387002557516098,0.577881490124177,0.14285714285714285,0.24669756367922369,PASS
mt_set5/frenetic_v/test-952,0.5277835130691528,0.33188876850848675,0.14285714285714285,0.24262491832458213,PASS
mt/set_13/frenetic_v/test-610,0.016049828380346298,0.19076589715809644,0.14285714285714285,0.14362607386687962,PASS
mt/set_8/frenetic_v/odr/test-880,0.3597146272659302,0.5299330499763869,0.14285714285714285,0.28209400851016353,PASS
mt/set_7/frenetic_v/odr/test-946,0.3225759267807007,0.008389588021223967,0.14285714285714285,0.09948114673401162,PASS
mt/set_12/frenetic_v/test-229,0.4407055377960205,0.5529349668027892,0.14285714285714285,0.32358071079733075,PASS
mt/set_12/frenetic_v/test-235,0.2966570258140564,0.5501291774314526,0.14285714285714285,0.2636772533311971,PASS
mt_set5/frenetic_v/test-391,0.5141823291778564,0.32477706475539625,0.14285714285714285,0.2363971520226405,PASS
mt/set_10/frenetic_v/test-46,0.5429789423942566,0.2876906408867405,0.14285714285714285,0.22149868244051443,PASS
mt/set_6/frenetic_v/test-710,0.08942016959190369,0.5166819457176987,0.14285714285714285,0.1762846158691191,PASS
mt_set5/frenetic_v/test-865,0.15337307751178741,0.7091702086284968,0.14285714285714285,0.229714322718368,PASS
mt/set_13/frenetic_v/test-394,0.6498421430587769,0.7199488846292746,0.14285714285714285,0.5178756770718672,PASS
mt/set_16/frenetic_v/test-257,0.19193315505981445,0.7185876600827846,0.14285714285714285,0.25335891749247913,PASS
mt/set_17/frenetic_v/test-448,0.3022851049900055,0.5378225963274716,0.14285714285714285,0.26224932068432094,PASS
mt/set_8/frenetic_v/odr/test-580,0.10461290925741196,0.14251187598966583,0.14285714285714285,0.14282102667877186,PASS
mt/set_10/frenetic_v/test-537,0.4371163547039032,0.02086284968191786,0.14285714285714285,0.08953143787223462,PASS
mt/set_8/frenetic_v/odr/test-642,0.6499027609825134,0.17904269800261136,0.14285714285714285,0.16637423505386784,PASS
mt/set_16/frenetic_v/test-371,0.18166787922382355,0.17698697113648357,0.14285714285714285,0.1490574385076613,PASS
mt/set_8/frenetic_v/odr/test-111,0.179131418466568,0.03519737755924103,0.14285714285714285,0.12357190064502653,PASS
mt/set_10/frenetic_v/test-263,0.2759661376476288,0.07347834541767366,0.14285714285714285,0.12371093983566071,PASS
mt/set_12/frenetic_v/test-710,0.39705735445022583,0.607689529683029,0.14285714285714285,0.3274222606330132,PASS
mt/set_14/frenetic_v/test-144,0.6135843396186829,0.6683056921410118,0.14285714285714285,0.4652641439730805,PASS
mt_set5/frenetic_v/test-666,0.6003081202507019,0.08995194043948104,0.14285714285714285,0.1110977202423134,PASS
mt/set_13/frenetic_v/test-27,0.11335336416959763,0.38697669250215294,0.14285714285714285,0.17052891400460318,PASS
mt_set5/frenetic_v/test-506,0.33050060272216797,0.6437758702114065,0.14285714285714285,0.3084110841625483,PASS
mt/set_7/frenetic_v/odr/test-93,0.7173635363578796,0.25946606661666244,0.14285714285714285,0.2265081327761582,PASS
mt/set_11/frenetic_v/test-465,0.2671891450881958,0.3974220073895047,0.14285714285714285,0.21087411138103698,PASS
mt/set_16/frenetic_v/test-869,0.1988830715417862,0.3771980998416534,0.14285714285714285,0.18946359429900123,PASS
mt/set_7/frenetic_v/odr/test-613,0.9951552152633667,0.8073172764397032,0.14285714285714285,0.8040981101264211,PASS
mt/set_8/frenetic_v/odr/test-315,0.12581954896450043,0.6718893241103425,0.14285714285714285,0.20941973116138896,PASS
mt/set_6/frenetic_v/test-242,0.12437983602285385,0.46176070228074556,0.14285714285714285,0.18252231847846095,PASS
mt/set_13/frenetic_v/test-429,0.3208799660205841,0.02314081729032975,0.14285714285714285,0.1044425766346293,PASS
mt/set_11/frenetic_v/test-307,0.38844358921051025,0.5008195127371725,0.14285714285714285,0.2819053306156418,PASS
mt/set_7/frenetic_v/odr/test-690,0.7011238932609558,0.2985248770730894,0.14285714285714285,0.251999510725739,PASS
mt/set_11/frenetic_v/test-691,0.6287750005722046,0.08925743811984328,0.14285714285714285,0.10915498848027731,PASS
mt/set_8/frenetic_v/odr/test-862,0.194845050573349,0.7035308497930383,0.14285714285714285,0.25210163538273983,PASS
mt/set_12/frenetic_v/test-680,0.22139647603034973,0.09806372753284998,0.14285714285714285,0.13294004281245517,PASS
mt/set_9/frenetic_v/test-489,0.020615605637431145,0.2054615662416312,0.14285714285714285,0.14414777495217868,PASS
mt/set_17/frenetic_v/test-334,0.6661629676818848,0.579242714670667,0.14285714285714285,0.4335610504299963,PASS
mt/set_8/frenetic_v/odr/test-853,0.24173888564109802,0.017251437619801576,0.14285714285714285,0.11249335538542912,PASS
mt/set_13/frenetic_v/test-436,0.36896252632141113,0.312776064672056,0.14285714285714285,0.20555085751978353,PASS
mt/set_10/frenetic_v/test-109,0.024228835478425026,0.18245964941522902,0.14285714285714285,0.14381666893227008,PASS
mt/set_12/frenetic_v/test-746,0.7828494310379028,0.5974664555379614,0.14285714285714285,0.4987477846338537,PASS
mt/set_17/frenetic_v/test-389,0.7359275221824646,0.5490179737200322,0.14285714285714285,0.44176207672164014,PASS
mt/set_11/frenetic_v/test-705,0.3425714671611786,0.10962024613162209,0.14285714285714285,0.131471126124522,PASS
mt/set_10/frenetic_v/test-16,0.16523586213588715,0.6294969025196544,0.14285714285714285,0.22326748096584154,PASS
mt_set5/frenetic_v/test-118,0.7972084283828735,0.6824457593688362,0.14285714285714285,0.5730217357997189,PASS
mt/set_6/frenetic_v/test-838,0.6840760111808777,0.11717643136928071,0.14285714285714285,0.12528958417823918,PASS
mt/set_12/frenetic_v/test-429,0.6640945076942444,0.48706836680834514,0.14285714285714285,0.37144592616984984,PASS
mt/set_7/frenetic_v/odr/test-211,0.6372024416923523,0.3423896435814095,0.14285714285714285,0.2699997395156266,PASS
mt/set_11/frenetic_v/test-561,0.023728465661406517,0.1497902602994694,0.14285714285714285,0.14302165163710145,PASS
mt/set_8/frenetic_v/odr/test-717,0.4474126994609833,0.2519376614717893,0.14285714285714285,0.19166114789165123,PASS
mt/set_9/frenetic_v/test-164,0.31723663210868835,0.48901297330333077,0.14285714285714285,0.25267044843520303,PASS
mt/set_13/frenetic_v/test-458,0.5846126079559326,0.3569464122010167,0.14285714285714285,0.268016428943645,PASS
mt/set_7/frenetic_v/odr/test-61,0.9018339514732361,0.7831208156235241,0.14285714285714285,0.7202686608528154,PASS
mt/set_13/frenetic_v/test-862,0.5240148901939392,0.21846264966524986,0.14285714285714285,0.1824755542052502,PASS
mt/set_8/frenetic_v/odr/test-327,0.49023860692977905,0.6440814512320471,0.14285714285714285,0.3885766495541979,PASS
mt/set_18/frenetic_v/test-216,0.6525158286094666,0.8560991193710586,0.14285714285714285,0.6082588221611743,PASS
mt/set_14/frenetic_v/test-359,0.8009607791900635,0.22446314970692,0.14285714285714285,0.20822035369013003,PASS
mt/set_9/frenetic_v/test-785,0.22024638950824738,0.3822540767286163,0.14285714285714285,0.19558345533041682,PASS
mt/set_6/frenetic_v/test-257,0.9651136994361877,0.8855460177236992,0.14285714285714285,0.859636350409705,PASS
mt/set_14/frenetic_v/test-221,0.7734225988388062,0.7875656304692058,0.14285714285714285,0.6414892568395009,PASS
mt/set_17/frenetic_v/test-19,0.7669565677642822,0.8244575936883629,0.14285714285714285,0.6656150852132429,PASS
mt/set_9/frenetic_v/test-181,0.18339592218399048,0.7273939494957913,0.14285714285714285,0.2500588095611227,PASS
mt/set_6/frenetic_v/test-897,0.43205198645591736,0.35505736589160203,0.14285714285714285,0.23453866648809502,PASS
mt/set_7/frenetic_v/odr/test-497,0.17268739640712738,0.22310192516042998,0.14285714285714285,0.1567144032596169,PASS
mt/set_10/frenetic_v/test-928,0.30785873532295227,0.08134011167597296,0.14285714285714285,0.1239185916943599,PASS
mt/set_16/frenetic_v/test-375,0.5012193918228149,0.8296802511320388,0.14285714285714285,0.4871062034765416,PASS
mt/set_7/frenetic_v/odr/test-221,0.2642563283443451,0.3765869378003722,0.14285714285714285,0.2046217160360427,PASS
mt/set_13/frenetic_v/test-346,0.01392710953950882,0.20079451065366558,0.14285714285714285,0.1436640439892445,PASS
mt/set_7/frenetic_v/odr/test-705,0.4192493259906769,0.06417201433452781,0.14285714285714285,0.10986846001602132,PASS
mt/set_14/frenetic_v/test-895,0.7641388177871704,0.8599883323610301,0.14285714285714285,0.6908449222029506,PASS
mt/set_11/frenetic_v/test-53,0.9811437129974365,0.7357001972386588,0.14285714285714285,0.7245213784577645,PASS
mt/set_7/frenetic_v/odr/test-216,0.47218582034111023,0.020001666805567114,0.14285714285714285,0.08484652485685731,PASS
mt/set_7/frenetic_v/odr/test-933,0.07024454325437546,0.703836430813679,0.14285714285714285,0.18226287565044583,PASS
mt/set_13/frenetic_v/test-805,0.8891282677650452,0.6933911159263271,0.14285714285714285,0.6323524606779546,PASS
mt/set_13/frenetic_v/test-249,0.4411183297634125,0.28230130288635163,0.14285714285714285,0.2043685135670148,PASS
mt/set_14/frenetic_v/test-468,0.695155680179596,0.872517154207295,0.14285714285714285,0.6500844443471097,PASS
mt/set_10/frenetic_v/test-62,0.1669580489397049,0.056615829096869186,0.14285714285714285,0.12845846350246795,PASS
mt/set_8/frenetic_v/odr/test-86,0.4694029986858368,0.6861405117093091,0.14285714285714285,0.39787598107501865,PASS
mt/set_14/frenetic_v/test-899,0.5352141857147217,0.8463205267105591,0.14285714285714285,0.5193607250263717,PASS
mt/set_6/frenetic_v/test-452,0.775296151638031,0.6947523404728172,0.14285714285714285,0.5707393656760857,PASS
mt/set_16/frenetic_v/test-503,0.49195706844329834,0.0726171625413228,0.14285714285714285,0.10830208805345704,PASS
mt_set5/frenetic_v/test-704,0.12921392917633057,0.7114759563296942,0.14285714285714285,0.21633061394951422,PASS
mt/set_9/frenetic_v/test-509,0.287472128868103,0.10075839653304437,0.14285714285714285,0.13075492662867602,PASS
mt/set_12/frenetic_v/test-54,0.521588146686554,0.45376003555851874,0.14285714285714285,0.305020406460742,PASS
mt/set_10/frenetic_v/test-346,0.5406801700592041,0.33711142595216265,0.14285714285714285,0.24788658167568692,PASS
mt/set_16/frenetic_v/test-911,0.2684001326560974,0.6007167263938662,0.14285714285714285,0.2657467158162649,PASS
mt/set_8/frenetic_v/odr/test-419,0.5941207408905029,0.8851570964247021,0.14285714285714285,0.5838729412336872,PASS
mt/set_17/frenetic_v/test-325,0.4538114368915558,0.6973914492874406,0.14285714285714285,0.3945111575214132,PASS
mt/set_17/frenetic_v/test-157,0.857681155204773,0.7373392227130038,0.14285714285714285,0.6527332198564537,PASS
mt/set_13/frenetic_v/test-149,0.094113290309906,0.6621385115426286,0.14285714285714285,0.19172842106076532,PASS
mt/set_7/frenetic_v/odr/test-935,0.05740465223789215,0.19304386476650834,0.14285714285714285,0.14573809630404708,PASS
mt/set_11/frenetic_v/test-684,0.6041713953018188,0.45706586659999443,0.14285714285714285,0.3326930658968652,PASS
mt/set_8/frenetic_v/odr/test-33,0.3550609350204468,0.5305164319248826,0.14285714285714285,0.2804998125028962,PASS
mt/set_8/frenetic_v/odr/test-221,0.05285284295678139,0.29719143261938485,0.14285714285714285,0.1510141451115027,PASS
mt_set5/frenetic_v/test-949,0.675392746925354,0.7228935744645387,0.14285714285714285,0.5346095417172422,PASS
mt/set_16/frenetic_v/test-128,0.9008914232254028,0.48256799177709253,0.14285714285714285,0.4488997330257461,PASS
mt/set_13/frenetic_v/test-218,0.885581910610199,0.8165402672444926,0.14285714285714285,0.7394587312979404,PASS
mt/set_13/frenetic_v/test-756,0.29506486654281616,0.21532349918048724,0.14285714285714285,0.16423941861453462,PASS
mt/set_14/frenetic_v/test-915,0.26263147592544556,0.2793566130510876,0.14285714285714285,0.17870620017721994,PASS
mt/set_11/frenetic_v/test-292,0.31815358996391296,0.4850404200350029,0.14285714285714285,0.2517239766594211,PASS
mt/set_7/frenetic_v/odr/test-305,0.7328887581825256,0.6888074006167181,0.14285714285714285,0.5429779492959876,PASS
mt/set_14/frenetic_v/test-510,0.14159561693668365,0.5155985220990638,0.14285714285714285,0.19563569053747032,PASS
mt/set_14/frenetic_v/test-638,0.8188031315803528,0.5804372586604439,0.14285714285714285,0.5011491119941792,PASS
mt/set_12/frenetic_v/test-389,0.8003152012825012,0.8997694252298803,0.14285714285714285,0.7486255484774776,PASS
mt_set5/frenetic_v/test-370,0.4003816545009613,0.1029252437703142,0.14285714285714285,0.12686913877591835,PASS
mt/set_17/frenetic_v/test-347,0.014975911937654018,0.05253215545739915,0.14285714285714285,0.14150444473139714,PASS
mt_set5/frenetic_v/test-582,0.2802264094352722,0.12220462816345805,0.14285714285714285,0.13706976281872235,PASS
mt/set_13/frenetic_v/test-140,0.2048996239900589,0.16531933216656938,0.14285714285714285,0.14745963912937518,PASS
mt/set_14/frenetic_v/test-864,0.06174440681934357,0.1460955079589966,0.14285714285714285,0.1430570959181586,PASS
mt/set_16/frenetic_v/test-46,0.12705416977405548,0.6704169791927106,0.14285714285714285,0.2098858219976323,PASS
mt/set_14/frenetic_v/test-355,0.48811212182044983,0.021585132094341136,0.14285714285714285,0.0836628086237539,PASS
mt/set_7/frenetic_v/odr/test-869,0.06118012219667435,0.32249909714698444,0.14285714285714285,0.1538476606366134,PASS
mt/set_8/frenetic_v/odr/test-599,0.3081592917442322,0.701558463205267,0.14285714285714285,0.31502614603218815,PASS
mt/set_13/frenetic_v/test-219,0.5521479845046997,0.2200738950468094,0.14285714285714285,0.18549221694866608,PASS
mt/set_7/frenetic_v/odr/test-594,0.42966902256011963,0.39714420646164955,0.14285714285714285,0.25211641692577424,PASS
mt/set_16/frenetic_v/test-834,0.7094416618347168,0.9082979137150319,0.14285714285714285,0.6858927153706103,PASS
mt/set_13/frenetic_v/test-774,0.5012507438659668,0.6568602939133817,0.14285714285714285,0.4005016046735335,PASS
mt/set_6/frenetic_v/test-232,0.051955677568912506,0.5916326360530044,0.14285714285714285,0.16617357448935074,PASS
mt/set_14/frenetic_v/test-756,0.23986196517944336,0.06350529210767557,0.14285714285714285,0.12382365199574974,PASS
mt/set_11/frenetic_v/test-161,0.20676268637180328,0.3676695280162236,0.14285714285714285,0.1893399576710242,PASS
mt/set_9/frenetic_v/test-90,0.759785532951355,0.5573242214628996,0.14285714285714285,0.4577632330664089,PASS
mt/set_8/frenetic_v/odr/test-60,0.5883411169052124,0.8768786287746201,0.14285714285714285,0.574712163714255,PASS
mt_set5/frenetic_v/test-81,0.6689573526382446,0.2166013834486207,0.14285714285714285,0.19218889481553564,PASS
mt/set_14/frenetic_v/test-352,0.9163752198219299,0.36622496319137704,0.14285714285714285,0.34754587831707207,PASS
mt/set_6/frenetic_v/test-159,0.9022130370140076,0.6279967775092369,0.14285714285714285,0.5805564460124747,PASS
mt/set_10/frenetic_v/test-96,0.22659160196781158,0.14334527877323106,0.14285714285714285,0.14296775248508461,PASS
mt/set_10/frenetic_v/test-736,0.3818662166595459,0.6724449259660527,0.14285714285714285,0.3450888259820584,PASS
mt/set_7/frenetic_v/odr/test-720,0.3661915063858032,0.046920576714726235,0.14285714285714285,0.10772598718397006,PASS
mt/set_13/frenetic_v/test-172,0.0798226073384285,0.4840125566019391,0.14285714285714285,0.1700890585542415,PASS
mt/set_14/frenetic_v/test-593,0.9271882772445679,0.5098480428924632,0.14285714285714285,0.483126803225325,PASS
mt/set_12/frenetic_v/test-684,0.1613384187221527,0.7374503430841458,0.14285714285714285,0.23878786530723722,PASS
mt/set_13/frenetic_v/test-208,0.4928151071071625,0.21551795982998584,0.14285714285714285,0.17866548689863376,PASS
mt/set_8/frenetic_v/odr/test-137,0.0370464101433754,0.4028113453898936,0.14285714285714285,0.15248750966955923,PASS
mt/set_9/frenetic_v/test-500,0.71193927526474,0.48917965386004386,0.14285714285714285,0.38941774034841314,PASS
mt_set5/frenetic_v/test-773,0.489228755235672,0.38014278967691745,0.14285714285714285,0.2589441087435471,PASS
mt/set_17/frenetic_v/test-635,0.21133361756801605,0.347973442231297,0.14285714285714285,0.18620511029730974,PASS
mt/set_9/frenetic_v/test-351,0.5065787434577942,0.6572769953051643,0.14285714285714285,0.40345130532000545,PASS
mt/set_8/frenetic_v/odr/test-146,0.2848072648048401,0.23626968914076174,0.14285714285714285,0.16946171466263588,PASS
mt/set_9/frenetic_v/test-88,0.8910430669784546,0.2538544878739895,0.14285714285714285,0.24176055758741957,PASS
mt/set_16/frenetic_v/test-703,0.6161037087440491,0.6906964469261327,0.14285714285714285,0.48038296988980633,PASS
mt/set_11/frenetic_v/test-770,0.7393359541893005,0.31322054615662415,0.14285714285714285,0.2688129321945015,PASS
mt/set_16/frenetic_v/test-256,0.13863344490528107,0.4592604939300497,0.14285714285714285,0.18672123152469228,PASS
mt/set_14/frenetic_v/test-907,0.8696520328521729,0.4261466233297219,0.14285714285714285,0.3892204154357572,PASS
mt/set_12/frenetic_v/test-645,0.025010161101818085,0.14587326721671245,0.14285714285714285,0.14293257554891015,PASS
mt/set_9/frenetic_v/test-698,0.215336874127388,0.5630191404839292,0.14285714285714285,0.23333351618195136,PASS
mt/set_8/frenetic_v/odr/test-596,0.1766425371170044,0.17037530905353224,0.14285714285714285,0.14771802155088046,PASS
mt/set_9/frenetic_v/test-43,0.5803274512290955,0.4217018084840403,0.14285714285714285,0.3046783569492296,PASS
mt/set_10/frenetic_v/test-853,0.3215870261192322,0.1278717670917021,0.14285714285714285,0.13803804042945556,PASS
mt/set_16/frenetic_v/test-233,0.5748289823532104,0.817707031141484,0.14285714285714285,0.5307804173808084,PASS
mt/set_12/frenetic_v/test-660,0.7156364917755127,0.33324999305497677,0.14285714285714285,0.2791092142318614,PASS
mt/set_17/frenetic_v/test-6,0.6136236786842346,0.4612051004250354,0.14285714285714285,0.33820298768156565,PASS
mt/set_12/frenetic_v/test-723,0.6523689031600952,0.7716198572103231,0.14285714285714285,0.5530423851676913,PASS
mt/set_13/frenetic_v/test-860,0.33930930495262146,0.22915798538767115,0.14285714285714285,0.17213981749552743,PASS
mt/set_9/frenetic_v/test-36,0.6015432476997375,0.04908742395199596,0.14285714285714285,0.08645060161104931,PASS
mt/set_10/frenetic_v/test-746,0.2715335488319397,0.6231352612717727,0.14285714285714285,0.27326876477659384,PASS
mt/set_7/frenetic_v/odr/test-302,0.24739569425582886,0.80795621857377,0.14285714285714285,0.3073997904429679,PASS
mt/set_13/frenetic_v/test-668,0.260465532541275,0.3340833958385421,0.14285714285714285,0.1926649949332902,PASS
mt/set_10/frenetic_v/test-509,0.5272703170776367,0.21232324915965217,0.14285714285714285,0.17948455875341576,PASS
mt/set_11/frenetic_v/test-547,0.5238603949546814,0.28369030752562713,0.14285714285714285,0.21663406012309272,PASS
mt/set_8/frenetic_v/odr/test-469,0.5596903562545776,0.15401283440286692,0.14285714285714285,0.14910087583263534,PASS
mt/set_11/frenetic_v/test-288,0.12111890316009521,0.11728755174042278,0.14285714285714285,0.1397601820268336,PASS
mt/set_7/frenetic_v/odr/test-206,0.38074448704719543,0.4834847348390143,0.14285714285714285,0.2725492248978765,PASS
mt/set_14/frenetic_v/test-278,0.09832346439361572,0.08717393116092999,0.14285714285714285,0.13738217657460808,PASS
mt/set_18/frenetic_v/test-157,0.4972740709781647,0.9907770091952107,0.14285714285714285,0.5645057109118097,PASS
mt/set_10/frenetic_v/test-718,0.7638400197029114,0.22510209184098673,0.14285714285714285,0.20567912630942708,PASS
mt/set_8/frenetic_v/odr/test-289,0.19680151343345642,0.7545628802400199,0.14285714285714285,0.26324175349254686,PASS
mt/set_10/frenetic_v/test-503,0.312241792678833,0.43045253771147596,0.14285714285714285,0.23265644451263665,PASS
mt/set_9/frenetic_v/test-378,0.6581053733825684,0.39769980831735974,0.14285714285714285,0.3105704703636478,PASS
mt/set_13/frenetic_v/test-188,0.4440557658672333,0.8689613023307498,0.14285714285714285,0.4652878772341045,PASS
mt/set_9/frenetic_v/test-324,0.03320133686065674,0.10853682251298712,0.14285714285714285,0.1417176623402309,PASS
mt/set_14/frenetic_v/test-551,0.6438316702842712,0.09272994971803199,0.14285714285714285,0.11058366837172684,PASS
mt/set_14/frenetic_v/test-126,0.5613300204277039,0.941050643109148,0.14285714285714285,0.5909071166588613,PASS
mt/set_8/frenetic_v/odr/test-308,0.5470096468925476,0.3233324999305498,0.14285714285714285,0.24157890420267364,PASS
mt/set_8/frenetic_v/odr/test-833,0.16222956776618958,0.06489429674695109,0.14285714285714285,0.13020926828833912,PASS
mt/set_9/frenetic_v/test-334,0.09106367081403732,0.27560630052504376,0.14285714285714285,0.15494576738748467,PASS
mt/set_17/frenetic_v/test-194,0.3102262318134308,0.08900741728477364,0.14285714285714285,0.12615154966611403,PASS
mt_set5/frenetic_v/test-437,0.27044060826301575,0.8164847070589216,0.14285714285714285,0.32503339532008024,PASS
mt/set_9/frenetic_v/test-175,0.10496185719966888,0.2659666083284718,0.14285714285714285,0.1557789388631347,PASS
mt/set_18/frenetic_v/test-176,0.22058537602424622,0.26560546712226013,0.14285714285714285,0.16993363237898448,PASS
mt/set_13/frenetic_v/test-242,0.6205036640167236,0.8790454760118899,0.14285714285714285,0.5996647009860278,PASS
mt/set_10/frenetic_v/test-135,0.5625080466270447,0.157290885351557,0.14285714285714285,0.15097623915319353,PASS
mt/set_7/frenetic_v/odr/test-181,0.19707348942756653,0.0802566880573381,0.14285714285714285,0.1305202570474673,PASS
mt_set5/frenetic_v/test-579,0.21970915794372559,0.525849376336917,0.14285714285714285,0.22700404397397078,PASS
mt/set_13/frenetic_v/test-163,0.0991489589214325,0.5014862349640248,0.14285714285714285,0.17841483972100408,PASS
mt/set_7/frenetic_v/odr/test-112,0.48167356848716736,0.18134844570380865,0.14285714285714285,0.16139738179754198,PASS
mt/set_11/frenetic_v/test-534,0.3478025197982788,0.12920521154540648,0.14285714285714285,0.13810896674680792,PASS
mt/set_11/frenetic_v/test-530,0.43242350220680237,0.5421007306164403,0.14285714285714285,0.31549945756710174,PASS
mt/set_8/frenetic_v/odr/test-94,0.4837256669998169,0.2257965941606245,0.14285714285714285,0.18297708425951836,PASS
mt/set_16/frenetic_v/test-148,0.12518654763698578,0.5441842375753534,0.14285714285714285,0.1930978941893599,PASS
mt/set_9/frenetic_v/test-761,0.7425514459609985,0.5603244714837348,0.14285714285714285,0.452848111370294,PASS
mt/set_11/frenetic_v/test-585,0.24423237144947052,0.9209100758396533,0.14285714285714285,0.33288285792141464,PASS
mt/set_12/frenetic_v/test-510,0.5979228615760803,0.23957552018223738,0.14285714285714285,0.20068727179435847,PASS
mt/set_9/frenetic_v/test-790,0.11012899875640869,0.5884101452898852,0.14285714285714285,0.1919254489079725,PASS
mt/set_6/frenetic_v/test-674,0.30388393998146057,0.17962607995110705,0.14285714285714285,0.1540306365876618,PASS
mt/set_10/frenetic_v/test-149,0.41637513041496277,0.9358002055726865,0.14285714285714285,0.47301890974949273,PASS
mt/set_8/frenetic_v/odr/test-456,0.04534910246729851,0.314137289218546,0.14285714285714285,0.15062454110417836,PASS
mt/set_10/frenetic_v/test-254,0.605127215385437,0.34739006028280134,0.14285714285714285,0.26662557763359107,PASS
mt_set5/frenetic_v/test-7,0.6213851571083069,0.7719532183237492,0.14285714285714285,0.5337681065471793,PASS
mt/set_17/frenetic_v/test-564,0.7117732763290405,0.5831319276606384,0.14285714285714285,0.4562329689217901,PASS
mt/set_14/frenetic_v/test-99,0.5990596413612366,0.0902575214601216,0.14285714285714285,0.11134683252730647,PASS
mt/set_6/frenetic_v/test-532,0.7511578798294067,0.41675695196821955,0.14285714285714285,0.34859914275469844,PASS
mt/set_9/frenetic_v/test-101,0.13407264649868011,0.24757618690446423,0.14285714285714285,0.15689710010264177,PASS
mt/set_11/frenetic_v/test-145,0.011981300078332424,0.2838014278967691,0.14285714285714285,0.1445458374331139,PASS
mt/set_14/frenetic_v/test-846,0.45486557483673096,0.5594632886073839,0.14285714285714285,0.33235693682434114,PASS
mt/set_12/frenetic_v/test-846,0.16356351971626282,0.44748173458899354,0.14285714285714285,0.19268261753040855,PASS
mt/set_12/frenetic_v/test-671,0.030554253607988358,0.07428396810845349,0.14285714285714285,0.14076194334608816,PASS
mt_set5/frenetic_v/test-585,0.23610152304172516,0.12992749395782976,0.14285714285714285,0.13980443518835758,PASS
mt/set_16/frenetic_v/test-519,0.32857584953308105,0.38467094480095565,0.14285714285714285,0.22231131825965536,PASS
mt/set_16/frenetic_v/test-544,0.08533095568418503,0.5466844459260493,0.14285714285714285,0.177316111495011,PASS
mt/set_9/frenetic_v/test-944,0.22439873218536377,0.1887657304775398,0.0,0.04235879059920401,PASS
mt/set_11/frenetic_v/test-867,0.48705151677131653,0.4607883990332528,0.14285714285714285,0.29770604766420183,PASS
mt/set_14/frenetic_v/test-131,0.6860307455062866,0.06767230602550203,0.14285714285714285,0.09127803319476378,PASS
mt/set_14/frenetic_v/test-809,0.6729490756988525,0.936800288912965,0.14285714285714285,0.6771404491528474,PASS
mt/set_9/frenetic_v/test-360,0.25127971172332764,0.05194877350890345,0.14285714285714285,0.12001371401407945,PASS
mt_set5/frenetic_v/test-482,0.7917827367782593,0.7342556324138122,0.14285714285714285,0.6111162574448513,PASS
mt/set_17/frenetic_v/test-115,0.2801714241504669,0.7834541767369503,0.14285714285714285,0.32233413040328807,PASS
mt/set_16/frenetic_v/test-778,0.18088112771511078,0.4747062255187932,0.14285714285714285,0.20288237703146988,PASS
mt/set_11/frenetic_v/test-340,0.09305360168218613,0.5265994388421257,0.14285714285714285,0.17856574880944298,PASS
mt/set_12/frenetic_v/test-149,0.058928754180669785,0.38758785454343414,0.14285714285714285,0.157278822531855,PASS
mt/set_9/frenetic_v/test-191,0.4977405071258545,0.9289385226546657,0.14285714285714285,0.5341216874797533,PASS
mt_set5/frenetic_v/test-426,0.7506681084632874,0.7512570491985443,0.14285714285714285,0.5995635497396838,PASS
mt/set_6/frenetic_v/test-529,0.15914615988731384,0.35283495846876123,0.14285714285714285,0.17627430161578375,PASS
mt/set_8/frenetic_v/odr/test-548,0.24794229865074158,0.5082367975109037,0.14285714285714285,0.23345021005473582,PASS
mt/set_10/frenetic_v/test-279,0.13898009061813354,0.12837180876184126,0.14285714285714285,0.14084396981194391,PASS
mt/set_10/frenetic_v/test-145,0.692358672618866,0.0971747645637136,0.14285714285714285,0.11122855205983129,PASS
mt_set5/frenetic_v/test-477,0.3464263677597046,0.8212628830180293,0.14285714285714285,0.3778747792884127,PASS
mt/set_8/frenetic_v/odr/test-67,0.24098949134349823,0.038169847487290576,0.14285714285714285,0.11762860266709828,PASS
mt/set_13/frenetic_v/test-573,0.1352503001689911,0.06342195182931902,0.14285714285714285,0.13211350516917392,PASS
mt/set_11/frenetic_v/test-22,0.2923957407474518,0.6538044837069755,0.14285714285714285,0.29225597332534503,PASS
mt/set_7/frenetic_v/odr/test-6,0.960012674331665,0.627191154818457,0.14285714285714285,0.6078239329499088,PASS
mt/set_17/frenetic_v/test-406,0.07354731857776642,0.7702586326638332,0.14285714285714285,0.1890008422328581,PASS
mt_set5/frenetic_v/test-902,0.1743130087852478,0.2845514904019779,0.14285714285714285,0.16755631090554565,PASS
mt/set_13/frenetic_v/test-212,0.6654070019721985,0.8733227768980748,0.14285714285714285,0.6289140904480405,PASS
mt_set5/frenetic_v/test-494,0.4874843955039978,0.19654415645748255,0.14285714285714285,0.16902872422851936,PASS
mt/set_6/frenetic_v/test-927,0.06242338940501213,0.4153401672361585,0.14285714285714285,0.15986645413328793,PASS
mt/set_7/frenetic_v/odr/test-940,0.47006040811538696,0.2617440342250743,0.14285714285714285,0.19874116353312238,PASS
mt/set_18/frenetic_v/test-228,0.5332427024841309,0.28827402283523623,0.14285714285714285,0.22039963292347187,PASS
mt/set_16/frenetic_v/test-648,0.6862109899520874,0.6722226852237687,0.14285714285714285,0.5061135957310688,PASS
mt/set_14/frenetic_v/test-450,0.055129971355199814,0.5153485012639942,0.14285714285714285,0.16339258450146232,PASS
mt/set_17/frenetic_v/test-539,0.576349675655365,0.7321443453621135,0.14285714285714285,0.48249263088874006,PASS
mt/set_18/frenetic_v/test-117,0.9148740172386169,0.8522376864738729,0.14285714285714285,0.7918509705466945,PASS
mt/set_7/frenetic_v/odr/test-118,0.18403658270835876,0.4665388782398533,0.14285714285714285,0.2024264190646135,PASS
mt/set_10/frenetic_v/test-363,0.22111208736896515,0.11025918826568883,0.14285714285714285,0.135649343202205,PASS
mt/set_8/frenetic_v/odr/test-208,0.36614230275154114,0.6709170208628497,0.14285714285714285,0.33620220683832486,PASS
mt/set_12/frenetic_v/test-799,0.7458059787750244,0.32405478234297297,0.14285714285714285,0.2779954257255964,PASS
mt/set_8/frenetic_v/odr/test-916,0.33697497844696045,0.5156818623774204,0.14285714285714285,0.2684897446819825,PASS
mt/set_11/frenetic_v/test-65,0.9155434966087341,0.45342667444509266,0.14285714285714285,0.42719705774731115,PASS
mt/set_8/frenetic_v/odr/test-731,0.20783640444278717,0.47573408895185704,0.14285714285714285,0.21204109258410103,PASS
mt/set_18/frenetic_v/test-70,0.4754270613193512,0.3296385809928605,0.14285714285714285,0.2316580973564839,PASS
mt/set_16/frenetic_v/test-110,0.4142600893974304,0.11745423229713586,0.14285714285714285,0.13233373085759942,PASS
mt/set_18/frenetic_v/test-68,0.20941975712776184,0.4802900241686807,0.14285714285714285,0.21352225916580062,PASS
mt/set_12/frenetic_v/test-73,0.09628406167030334,0.20440592271578184,0.14285714285714285,0.1487833136302586,PASS
mt/set_9/frenetic_v/test-503,0.5653717517852783,0.9342723004694836,0.14285714285714285,0.5903009169058542,PASS
mt/set_7/frenetic_v/odr/test-430,0.9529240131378174,0.4466761118982137,0.14285714285714285,0.4323735341031544,PASS
mt/set_12/frenetic_v/test-649,0.28520816564559937,0.48167902880795616,0.14285714285714285,0.2394919114297568,PASS
mt/set_13/frenetic_v/test-465,0.3771457374095917,0.24777064755396283,0.14285714285714285,0.18242481969277505,PASS
mt/set_11/frenetic_v/test-265,0.4543442130088806,0.8042892463260827,0.14285714285714285,0.44337499136654684,PASS
mt/set_14/frenetic_v/test-289,0.24543054401874542,0.37066977803705864,0.14285714285714285,0.19876932397243086,PASS
mt/set_13/frenetic_v/test-424,0.0577777735888958,0.5564074784009778,0.14285714285714285,0.1667511621083594,PASS
mt/set_6/frenetic_v/test-938,0.18955416977405548,0.11892657721476783,0.14285714285714285,0.13832100648331622,PASS
mt/set_8/frenetic_v/odr/test-169,0.32694992423057556,0.4692335472400478,0.14285714285714285,0.2495658792833067,PASS
mt/set_7/frenetic_v/odr/test-253,0.38849321007728577,0.08772953301664028,0.14285714285714285,0.12144044500379247,PASS
mt/set_9/frenetic_v/test-266,0.42426782846450806,0.6329971942106286,0.14285714285714285,0.3508077980883687,PASS
mt/set_10/frenetic_v/test-172,0.412542462348938,0.44020335027918994,0.14285714285714285,0.2655250794371522,PASS
mt/set_7/frenetic_v/odr/test-676,0.3548818528652191,0.025085423785315357,0.14285714285714285,0.101062092720336,PASS
mt/set_11/frenetic_v/test-51,0.9200721383094788,0.5772703280828958,0.14285714285714285,0.5425486110976331,PASS
mt/set_16/frenetic_v/test-853,0.1041547879576683,0.6235797427563408,0.14285714285714285,0.1929267065092088,PASS
mt_set5/frenetic_v/test-882,0.024714142084121704,0.10148067894546765,0.14285714285714285,0.1418345633065658,PASS
mt/set_6/frenetic_v/test-319,0.07941478490829468,0.5006250520876739,0.14285714285714285,0.17126920441577576,PASS
mt/set_12/frenetic_v/test-410,0.5838680267333984,0.4096174681223435,0.14285714285714285,0.2986099675804951,PASS
mt_set5/frenetic_v/test-33,0.437568724155426,0.2127677306442203,0.14285714285714285,0.17344782956009025,PASS
mt/set_7/frenetic_v/odr/test-331,0.3167322874069214,0.7612856626941134,0.14285714285714285,0.33873342254278316,PASS
mt/set_13/frenetic_v/test-854,0.8194619417190552,0.37455899102702994,0.14285714285714285,0.33272798925833225,PASS
mt/set_11/frenetic_v/test-736,0.8199437260627747,0.6496652498819345,0.14285714285714285,0.558411270529872,PASS
mt/set_10/frenetic_v/test-905,0.46574828028678894,0.6544989860266133,0.14285714285714285,0.38115344717861205,PASS
mt/set_7/frenetic_v/odr/test-939,0.4508723318576813,0.1367058365974942,0.14285714285714285,0.14008369331735893,PASS
mt/set_6/frenetic_v/test-599,0.10965185612440109,0.5597133094424535,0.14285714285714285,0.18856619419575604,PASS
mt/set_6/frenetic_v/test-577,0.5137863755226135,0.15992999416618048,0.14285714285714285,0.1516289412510498,PASS
mt_set5/frenetic_v/test-894,0.09839091449975967,0.039364391477067495,0.14285714285714285,0.132674393211655,PASS
mt_set5/frenetic_v/test-10,0.8961295485496521,0.43673083868100115,0.14285714285714285,0.40620604522639475,PASS
mt/set_9/frenetic_v/test-386,0.22406116127967834,0.03753090535322384,0.14285714285714285,0.11925762802627017,PASS
mt_set5/frenetic_v/test-565,0.803469717502594,0.2630774786787787,0.14285714285714285,0.23945054211781958,PASS
mt/set_16/frenetic_v/test-721,0.07921259105205536,0.06331083145817708,0.14285714285714285,0.1365560712938598,PASS
mt/set_10/frenetic_v/test-872,0.607761800289154,0.5223213045531572,0.14285714285714285,0.37348096491472715,PASS
mt/set_11/frenetic_v/test-817,0.1181710883975029,0.5480456704725394,0.14285714285714285,0.19073871110726726,PASS
mt/set_7/frenetic_v/odr/test-614,0.27290982007980347,0.019723865877711966,0.14285714285714285,0.10925286239084976,PASS
mt/set_10/frenetic_v/test-623,0.07228118181228638,0.16518043170264182,0.14285714285714285,0.14447069655683253,PASS
mt_set5/frenetic_v/test-669,0.19124935567378998,0.6077450898686001,0.14285714285714285,0.23176666105485777,PASS
mt/set_11/frenetic_v/test-408,0.41438227891921997,0.10745339889435225,0.14285714285714285,0.1281864587515691,PASS
mt/set_18/frenetic_v/test-7,0.5326914191246033,0.19015473511681522,0.14285714285714285,0.16805216439912457,PASS
mt/set_11/frenetic_v/test-583,0.4779989421367645,0.040308914631774787,0.14285714285714285,0.09383919398994278,PASS
mt/set_18/frenetic_v/test-28,0.4176170527935028,0.03080812289913044,0.14285714285714285,0.0960635571164027,PASS
mt/set_14/frenetic_v/test-535,0.31081801652908325,0.7481178987137818,0.14285714285714285,0.3309830904753971,PASS
mt/set_7/frenetic_v/odr/test-697,0.26336753368377686,0.22015723532516596,0.14285714285714285,0.163215477563974,PASS
mt/set_6/frenetic_v/test-261,0.4259876608848572,0.2801900158346528,0.14285714285714285,0.20135925217942952,PASS
mt/set_14/frenetic_v/test-286,0.07452113926410675,0.17468122343528628,0.14285714285714285,0.14522871172659615,PASS
mt/set_17/frenetic_v/test-388,0.5056949853897095,0.24302025168764055,0.14285714285714285,0.19350912471376924,PASS
mt/set_9/frenetic_v/test-411,0.6149616837501526,0.3846153846153846,0.14285714285714285,0.29152919826926765,PASS
mt_set5/frenetic_v/test-293,0.8608059883117676,0.3135816873628358,0.14285714285714285,0.28981785311944225,PASS
mt/set_8/frenetic_v/odr/test-669,0.513725996017456,0.04828180126121614,0.14285714285714285,0.09427133129708426,PASS
mt/set_16/frenetic_v/test-686,0.4370681047439575,0.7722310192516043,0.14285714285714285,0.41793639018822787,PASS
mt/set_14/frenetic_v/test-811,0.12040200084447861,0.47823429730255296,0.14285714285714285,0.18323722648300392,PASS
mt/set_8/frenetic_v/odr/test-879,0.525518000125885,0.7301163985887712,0.14285714285714285,0.45147245248464385,PASS
mt/set_16/frenetic_v/test-923,0.11407259851694107,0.4875128482929133,0.14285714285714285,0.1821729115767846,PASS
mt/set_8/frenetic_v/odr/test-127,0.7619731426239014,0.699697196988638,0.14285714285714285,0.5671543088425816,PASS
mt/set_6/frenetic_v/test-687,0.1786898970603943,0.31947106703336386,0.14285714285714285,0.17441626678762406,PASS
mt/set_6/frenetic_v/test-69,0.35690662264823914,0.24299247159485504,0.14285714285714285,0.17859610058721626,PASS
mt/set_8/frenetic_v/odr/test-630,0.5795111656188965,0.2782731894324527,0.14285714285714285,0.22133225385150346,PASS
mt/set_17/frenetic_v/test-717,0.518073320388794,0.7522293524460372,0.14285714285714285,0.4585566268315174,PASS
mt/set_17/frenetic_v/test-693,0.8895731568336487,0.6195794093952274,0.14285714285714285,0.5669364744343188,PASS
mt/set_13/frenetic_v/test-590,0.3109622299671173,0.43717532016556937,0.14285714285714285,0.23437898385030323,PASS
mt/set_16/frenetic_v/test-95,0.5608938932418823,0.7630080284468149,0.14285714285714285,0.49069598747293514,PASS
mt/set_7/frenetic_v/odr/test-415,0.8527796268463135,0.5719643303608634,0.14285714285714285,0.5087910100936367,PASS
mt/set_6/frenetic_v/test-457,0.3479112684726715,0.7709253548906853,0.14285714285714285,0.36136915545057,PASS
mt/set_12/frenetic_v/test-189,0.02536187320947647,0.60446703891991,0.14285714285714285,0.15456443132022038,PASS
mt/set_13/frenetic_v/test-713,0.6149697303771973,0.11856543600855625,0.14285714285714285,0.12791847844606563,PASS
mt/set_13/frenetic_v/test-758,0.3494842052459717,0.11239825541017304,0.14285714285714285,0.1322122427850621,PASS
mt/set_18/frenetic_v/test-56,0.09013289213180542,0.2591882656888074,0.14285714285714285,0.1533424034029011,PASS
mt/set_6/frenetic_v/test-610,0.6593312621116638,0.6211906547767869,0.14285714285714285,0.45823738098142636,PASS
mt/set_16/frenetic_v/test-350,0.061643086373806,0.44850959802205737,0.14285714285714285,0.16169850674434552,PASS
mt_set5/frenetic_v/test-702,0.7403421401977539,0.9217990388087897,0.14285714285714285,0.7195406531956812,PASS
mt_set5/frenetic_v/test-31,0.20210839807987213,0.6101063977553686,0.14285714285714285,0.23729214339737442,PASS
mt/set_11/frenetic_v/test-100,0.47525298595428467,0.8972136566936134,0.14285714285714285,0.5013673285319902,PASS
mt/set_11/frenetic_v/test-219,0.8091917634010315,0.3872267133372226,0.14285714285714285,0.3405989865154712,PASS
mt/set_12/frenetic_v/test-112,0.5501537322998047,0.28855182376309135,0.14285714285714285,0.2230116153337795,PASS
mt/set_14/frenetic_v/test-436,0.10380608588457108,0.5996888629608024,0.14285714285714285,0.19027905669338835,PASS
mt/set_6/frenetic_v/test-863,0.5537992715835571,0.7872600494485652,0.14285714285714285,0.49972700313379953,PASS
mt/set_13/frenetic_v/test-76,0.6803779006004333,0.9588299024918744,0.14285714285714285,0.6980269760045635,PASS
mt/set_18/frenetic_v/test-159,0.6639561653137207,0.5763813651137595,0.14285714285714285,0.4306982230372592,PASS
mt/set_9/frenetic_v/test-754,0.6136542558670044,0.14848459593855043,0.14285714285714285,0.1463104533902405,PASS
mt_set5/frenetic_v/test-485,0.1742033213376999,0.6251354279523293,0.14285714285714285,0.22687161980103715,PASS
mt/set_12/frenetic_v/test-936,0.3711133897304535,0.9404672611606523,0.14285714285714285,0.43886093328659165,PASS
mt/set_17/frenetic_v/test-252,0.29181304574012756,0.06211628746840015,0.14285714285714285,0.11929591218796527,PASS
mt/set_14/frenetic_v/test-434,0.9573472738265991,0.7015029030196962,0.14285714285714285,0.6776751383835514,PASS
mt/set_7/frenetic_v/odr/test-328,0.662504255771637,0.3242770230852571,0.14285714285714285,0.26304858558984917,PASS
mt_set5/frenetic_v/test-714,0.42681267857551575,0.30563658082618,0.14285714285714285,0.21233347505119923,PASS
mt/set_18/frenetic_v/test-173,0.766118049621582,0.7893157763146929,0.14285714285714285,0.6381207702826743,PASS
mt/set_10/frenetic_v/test-583,0.10735159367322922,0.16218018168180676,0.14285714285714285,0.14493150080521155,PASS
mt/set_7/frenetic_v/odr/test-259,0.08833037316799164,0.30424757618690446,0.14285714285714285,0.15711281793016724,PASS
mt/set_10/frenetic_v/test-450,0.19573120772838593,0.06753340556157457,0.14285714285714285,0.1281139346569283,PASS
mt/set_6/frenetic_v/test-937,0.29427459836006165,0.2745506569991944,0.14285714285714285,0.1816112030953948,PASS
mt/set_8/frenetic_v/odr/test-749,0.11267891526222229,0.1397894268966858,0.14285714285714285,0.14251148020786059,PASS
mt_set5/frenetic_v/test-597,0.5394002199172974,0.11187043364724836,0.14285714285714285,0.1261429050948124,PASS
mt_set5/frenetic_v/test-456,0.9344784021377563,0.7422007389504681,0.14285714285714285,0.7029307888659302,PASS
mt_set5/frenetic_v/test-618,0.562970757484436,0.04208684057004752,0.14285714285714285,0.0861264094466412,PASS
mt/set_8/frenetic_v/odr/test-865,0.2503373324871063,0.5351001472344916,0.14285714285714285,0.2410502060022221,PASS
mt/set_10/frenetic_v/test-638,0.5731050968170166,0.7825374336750285,0.14285714285714285,0.5094611778582645,PASS
mt/set_14/frenetic_v/test-448,0.25987058877944946,0.018084840403366914,0.14285714285714285,0.11043249115511256,PASS
mt/set_13/frenetic_v/test-419,0.5784551501274109,0.6549434675111815,0.14285714285714285,0.4390761146630888,PASS
mt/set_9/frenetic_v/test-679,0.5929701328277588,0.30116398588771287,0.14285714285714285,0.23672837259652313,PASS
mt/set_7/frenetic_v/odr/test-860,0.38171061873435974,0.37908714615106814,0.14285714285714285,0.2330286393206123,PASS
mt/set_14/frenetic_v/test-870,0.40799903869628906,0.06717226435536287,0.14285714285714285,0.11197778518457119,PASS
mt/set_9/frenetic_v/test-469,0.6080600619316101,0.75320165569353,0.14285714285714285,0.5139832651320548,PASS
mt/set_9/frenetic_v/test-249,0.3029199540615082,0.209156318582104,0.14285714285714285,0.16294048186458931,PASS
mt/set_8/frenetic_v/odr/test-375,0.9401970505714417,0.7456732505486569,0.14285714285714285,0.7096230693456609,PASS
mt/set_8/frenetic_v/odr/test-551,0.1326887011528015,0.10995360724504816,0.14285714285714285,0.13849121545343906,PASS
mt/set_7/frenetic_v/odr/test-747,0.13091938197612762,0.4535655749090202,0.14285714285714285,0.18353489662740896,PASS
mt/set_8/frenetic_v/odr/test-64,0.31876140832901,0.09395227380059443,0.14285714285714285,0.12726815792253166,PASS
mt/set_12/frenetic_v/test-694,0.5477266907691956,0.9058810456426925,0.14285714285714285,0.5607857001076683,PASS
mt/set_8/frenetic_v/odr/test-287,0.3512577414512634,0.17854265633247207,0.14285714285714285,0.15539195572301562,PASS
mt/set_14/frenetic_v/test-63,0.6010457277297974,0.1052309914715115,0.14285714285714285,0.12024210531589452,PASS
mt/set_10/frenetic_v/test-796,0.042976461350917816,0.037336444703725234,0.14285714285714285,0.13832223984433661,PASS
mt/set_9/frenetic_v/test-450,0.7538478970527649,0.1595410728671834,0.14285714285714285,0.15543428840978743,PASS
mt/set_16/frenetic_v/test-182,0.3598145544528961,0.9180209461899603,0.14285714285714285,0.4217723656388276,PASS
mt/set_8/frenetic_v/odr/test-366,0.16941146552562714,0.298774897908159,0.14285714285714285,0.16927139611306394,PASS
mt/set_7/frenetic_v/odr/test-768,0.13482624292373657,0.3630302525210434,0.14285714285714285,0.1725422560259624,PASS
mt/set_14/frenetic_v/test-904,0.633529007434845,0.4326193849487457,0.14285714285714285,0.3264299284815313,PASS
mt/set_16/frenetic_v/test-745,0.6596134901046753,0.3055254604550379,0.14285714285714285,0.2501553595573462,PASS
mt/set_17/frenetic_v/test-248,0.7198923230171204,0.7063366391643748,0.14285714285714285,0.548501706426273,PASS
mt/set_11/frenetic_v/test-125,0.7258309721946716,0.28716281912381586,0.14285714285714285,0.24759867215499165,PASS
mt/set_17/frenetic_v/test-461,0.6862850785255432,0.7451732088785177,0.14285714285714285,0.5562176715238184,PASS
mt/set_9/frenetic_v/test-156,0.015704099088907242,0.13956718615440167,0.14285714285714285,0.1428054775832691,PASS
mt/set_13/frenetic_v/test-620,0.5911527276039124,0.7091979887212824,0.14285714285714285,0.47765107864323586,PASS
mt/set_13/frenetic_v/test-779,0.16587698459625244,0.1465122093507792,0.14285714285714285,0.14346343426560604,PASS
mt/set_12/frenetic_v/test-416,0.8178197741508484,0.3953662805233769,0.14285714285714285,0.3493641087943679,PASS
mt/set_8/frenetic_v/odr/test-786,0.39293357729911804,0.5431563741422897,0.14285714285714285,0.300148147538628,PASS
mt/set_7/frenetic_v/odr/test-700,0.19036397337913513,0.023168597383115268,0.14285714285714285,0.12007275151526303,PASS
mt/set_16/frenetic_v/test-540,0.6948110461235046,0.44370364197016415,0.14285714285714285,0.3518886136284552,PASS
mt/set_9/frenetic_v/test-116,0.033902764320373535,0.14348417923715862,0.14285714285714285,0.1428784011237548,PASS
mt/set_11/frenetic_v/test-365,0.16757042706012726,0.2108509042420201,0.14285714285714285,0.15425088861856845,PASS
mt/set_8/frenetic_v/odr/test-32,0.8385859131813049,0.8440981192877184,0.14285714285714285,0.730907947437327,PASS
mt/set_7/frenetic_v/odr/test-159,0.5049925446510315,0.6655276828624608,0.14285714285714285,0.4068018688685571,PASS
mt/set_11/frenetic_v/test-296,0.4143134653568268,0.5214323415840209,0.14285714285714285,0.2997059495972997,PASS
mt/set_8/frenetic_v/odr/test-575,0.1233530044555664,0.11756535266827793,0.14285714285714285,0.13973732454928656,PASS
mt/set_17/frenetic_v/test-661,0.6751295328140259,0.9220212795510737,0.14285714285714285,0.6688938624487603,PASS
mt/set_17/frenetic_v/test-285,0.2092251479625702,0.7557296441370114,0.14285714285714285,0.2710854783621392,PASS
mt/set_9/frenetic_v/test-297,0.7088283896446228,0.39333833375003474,0.14285714285714285,0.3204053220340188,PASS
mt/set_14/frenetic_v/test-271,0.6309311985969543,0.6945578798233185,0.14285714285714285,0.4909423500980351,PASS
mt/set_12/frenetic_v/test-729,0.06027878448367119,0.2277134205628247,0.14285714285714285,0.14797217772960317,PASS
mt/set_6/frenetic_v/test-585,0.12224379926919937,0.370197516459705,0.14285714285714285,0.17064809066049327,PASS
mt/set_7/frenetic_v/odr/test-638,0.9069316387176514,0.8334305636580827,0.14285714285714285,0.7691600270389934,PASS
mt/set_8/frenetic_v/odr/test-333,0.2305903136730194,0.20937855932438815,0.14285714285714285,0.15819633288882387,PASS
mt/set_14/frenetic_v/test-5,0.5101979970932007,0.578103730866461,0.14285714285714285,0.3649190803011465,PASS
mt/set_7/frenetic_v/odr/test-18,0.5503146052360535,0.4819846098285968,0.14285714285714285,0.3294839409682413,PASS
mt/set_16/frenetic_v/test-776,0.5388131737709045,0.25757702030724783,0.14285714285714285,0.20466972412064316,PASS
mt/set_11/frenetic_v/test-537,0.7130964994430542,0.8373475567408395,0.14285714285714285,0.6380958258943648,PASS
mt/set_12/frenetic_v/test-330,0.6978535056114197,0.7966497208100675,0.14285714285714285,0.5991085853243188,PASS
mt/set_14/frenetic_v/test-103,0.35058510303497314,0.5834097285884934,0.14285714285714285,0.2973083165180922,PASS
mt/set_10/frenetic_v/test-766,0.2321016788482666,0.3641136761396783,0.14285714285714285,0.19421115568816671,PASS
mt/set_6/frenetic_v/test-868,0.012579505331814289,0.3073589465788816,0.14285714285714285,0.14492649483938394,PASS
mt/set_7/frenetic_v/odr/test-648,0.6679303646087646,0.855626857793705,0.14285714285714285,0.618937678436806,PASS
mt/set_12/frenetic_v/test-366,0.3557514548301697,0.8236241909047977,0.14285714285714285,0.3850410106005361,PASS
mt/set_16/frenetic_v/test-652,0.3627847135066986,0.5683529182987471,0.14285714285714285,0.2972205015915612,PASS
mt_set5/frenetic_v/test-214,0.056254468858242035,0.30277523126927236,0.14285714285714285,0.15185325317469855,PASS
mt/set_13/frenetic_v/test-690,0.3145439922809601,0.25027085590465875,0.14285714285714285,0.17664348524230455,PASS
mt/set_10/frenetic_v/test-126,0.13949421048164368,0.9055754646220519,0.14285714285714285,0.24925193722909772,PASS
mt/set_12/frenetic_v/test-527,0.35629627108573914,0.024724282579103772,0.14285714285714285,0.10076684098991026,PASS
mt/set_7/frenetic_v/odr/test-734,0.7925221920013428,0.4272022668555713,0.14285714285714285,0.36820696381327095,PASS
mt_set5/frenetic_v/test-61,0.47014039754867554,0.11092591049254096,0.14285714285714285,0.12784498057902977,PASS
mt/set_9/frenetic_v/test-523,0.6487523317337036,0.7142539656082452,0.14285714285714285,0.5135521639621502,PASS
mt/set_12/frenetic_v/test-241,0.3128969967365265,0.5717420896185794,0.14285714285714285,0.27705395890177603,PASS
mt/set_14/frenetic_v/test-588,0.7409546971321106,0.07872878295413499,0.14285714285714285,0.09534093336763066,PASS
mt/set_10/frenetic_v/test-836,0.4836716055870056,0.31208156235241824,0.14285714285714285,0.22470618953895166,PASS
mt_set5/frenetic_v/test-232,0.11278124898672104,0.2204072561602356,0.14285714285714285,0.15160334468763334,PASS
mt/set_12/frenetic_v/test-251,0.21239298582077026,0.06928355140706167,0.14285714285714285,0.12723062809150262,PASS
mt/set_18/frenetic_v/test-210,0.3566456735134125,0.6669722476873072,0.14285714285714285,0.329780523160375,PASS
mt/set_17/frenetic_v/test-583,0.27705591917037964,0.18248742950801453,0.14285714285714285,0.15383694835218573,PASS
mt/set_17/frenetic_v/test-195,0.2914195656776428,0.09789704697613688,0.14285714285714285,0.12975489124267492,PASS
mt/set_17/frenetic_v/test-676,0.6108976602554321,0.25760480040003325,0.14285714285714285,0.21295621836988618,PASS
mt/set_10/frenetic_v/test-454,0.12350674718618393,0.05314331749868037,0.14285714285714285,0.13177688330259574,PASS
mt/set_16/frenetic_v/test-568,0.09869436174631119,0.9215212378809345,0.14285714285714285,0.21970689553717898,PASS
mt/set_12/frenetic_v/test-337,0.6260090470314026,0.1436230797010862,0.14285714285714285,0.14333662625090607,PASS
mt_set5/frenetic_v/test-789,0.609166145324707,0.025529905269883597,0.14285714285714285,0.07138536179451604,PASS
mt/set_18/frenetic_v/test-46,0.7045797109603882,0.6673611689863044,0.14285714285714285,0.5124120379847874,PASS
mt/set_6/frenetic_v/test-384,0.8129839301109314,0.863849765258216,0.14285714285714285,0.729012558597754,PASS
mt/set_13/frenetic_v/test-142,0.13996201753616333,0.28699613856710277,0.14285714285714285,0.16303112750234522,PASS
mt/set_8/frenetic_v/odr/test-848,0.31393611431121826,0.4144234241742367,0.14285714285714285,0.2281116059917785,PASS
mt/set_8/frenetic_v/odr/test-585,0.12243946641683578,0.5829930271967109,0.14285714285714285,0.1967471488796877,PASS
mt/set_10/frenetic_v/test-839,0.3495449125766754,0.07845098202627995,0.14285714285714285,0.12034430125759421,PASS
mt/set_11/frenetic_v/test-67,0.28938573598861694,0.15317943161930156,0.14285714285714285,0.14584426598766717,PASS
mt/set_16/frenetic_v/test-495,0.17174768447875977,0.19554407311720412,0.14285714285714285,0.15190600113160227,PASS
mt/set_8/frenetic_v/odr/test-178,0.12229552119970322,0.21974053393338333,0.14285714285714285,0.15225964043351828,PASS
mt/set_18/frenetic_v/test-141,0.348296195268631,0.030474761785704373,0.14285714285714285,0.10371479137220604,PASS
mt/set_11/frenetic_v/test-564,0.32288649678230286,0.2392421590688113,0.14285714285714285,0.17397856734150857,PASS
mt/set_9/frenetic_v/test-487,0.7473568320274353,0.9152429369114092,0.14285714285714285,0.7201049430045344,PASS
mt/set_12/frenetic_v/test-865,0.1756494641304016,0.6332749951384838,0.14285714285714285,0.22899877581034284,PASS
mt/set_10/frenetic_v/test-368,0.3822435736656189,0.05139317165319326,0.14285714285714285,0.10789562764249591,PASS
mt/set_8/frenetic_v/odr/test-300,0.039015572518110275,0.07628413478901012,0.14285714285714285,0.14025975617219022,PASS
mt/set_17/frenetic_v/test-647,0.10119915008544922,0.5876600827846764,0.14285714285714285,0.18787082233331837,PASS
mt/set_17/frenetic_v/test-361,0.4333130717277527,0.12120454482317973,0.14285714285714285,0.13347478909215998,PASS
mt/set_9/frenetic_v/test-639,0.08902981132268906,0.1601522349084646,0.14285714285714285,0.14439692483238656,PASS
mt/set_9/frenetic_v/test-124,0.08292025327682495,0.06169958607661743,0.14285714285714285,0.13612753769357339,PASS
mt/set_10/frenetic_v/test-443,0.019037220627069473,0.4423701975164597,0.14285714285714285,0.14855903523408948,PASS
mt/set_12/frenetic_v/test-620,0.2775876820087433,0.1685973831152596,0.14285714285714285,0.15000232074221626,PASS
mt_set5/frenetic_v/test-816,0.518898069858551,0.09089646359418833,0.14285714285714285,0.11589484667905653,PASS
mt/set_13/frenetic_v/test-746,0.6874480247497559,0.6187182265188766,0.14285714285714285,0.46998690487568007,PASS
mt/set_13/frenetic_v/test-392,0.03394788131117821,0.3184154235075145,0.14285714285714285,0.14881697399967184,PASS
mt/set_12/frenetic_v/test-570,0.4565151333808899,0.9300497263660861,0.14285714285714285,0.5022224701141753,PASS
mt/set_16/frenetic_v/test-940,0.16411949694156647,0.4137567019473845,0.14285714285714285,0.18731704434546279,PASS
mt_set5/frenetic_v/test-407,0.9038281440734863,0.781148429035753,0.14285714285714285,0.7197627714222347,PASS
mt/set_7/frenetic_v/odr/test-142,0.04766421765089035,0.39797760924521486,0.14285714285714285,0.1550172592298919,PASS
mt/set_13/frenetic_v/test-868,0.4092283248901367,0.0605050420868405,0.14285714285714285,0.10915633060772828,PASS
mt_set5/frenetic_v/test-523,0.0265004001557827,0.5336278023168597,0.14285714285714285,0.15321272116978013,PASS
mt/set_14/frenetic_v/test-631,0.5097240209579468,0.3851709864710948,0.14285714285714285,0.2663703295578216,PASS
mt/set_11/frenetic_v/test-502,0.9241207242012024,0.7586743339722756,0.14285714285714285,0.7119465714860096,PASS
mt/set_17/frenetic_v/test-12,0.46203380823135376,0.5930772008778509,0.14285714285714285,0.35087403080659163,PASS
mt/set_11/frenetic_v/test-419,0.47020047903060913,0.1040642275745201,0.14285714285714285,0.1246166955082598,PASS
mt/set_13/frenetic_v/test-816,0.03946705535054207,0.3915326277189765,0.14285714285714285,0.15267163464342937,PASS
mt/set_18/frenetic_v/test-125,0.7242856025695801,0.15426285523793642,0.14285714285714285,0.15111813612160124,PASS
mt/set_16/frenetic_v/test-690,0.17485131323337555,0.4907353390560325,0.14285714285714285,0.20368410443651389,PASS
mt/set_13/frenetic_v/test-833,0.8916915655136108,0.6904742061838486,0.14285714285714285,0.6311626593568993,PASS
mt/set_11/frenetic_v/test-789,0.33718129992485046,0.7203655860210574,0.14285714285714285,0.33758218618325353,PASS
mt/set_14/frenetic_v/test-634,0.017603177577257156,0.07306164402589105,0.14285714285714285,0.1416285229580447,PASS
mt/set_12/frenetic_v/test-756,0.08052442222833633,0.4550379198266522,0.14285714285714285,0.16799531636029974,PASS
mt/set_6/frenetic_v/test-311,0.5607306361198425,0.772981081756813,0.14285714285714285,0.4961869399506957,PASS
mt/set_14/frenetic_v/test-745,0.26431214809417725,0.0625885490457538,0.14285714285714285,0.12164117840235564,PASS
mt/set_13/frenetic_v/test-32,0.41687190532684326,0.04817068089007419,0.14285714285714285,0.10338501704827326,PASS
mt/set_17/frenetic_v/test-159,0.02081543579697609,0.6025224324249243,0.14285714285714285,0.15242527671242373,PASS
mt/set_13/frenetic_v/test-505,0.5015469789505005,0.3298330416423591,0.14285714285714285,0.23663434002942263,PASS
mt/set_7/frenetic_v/odr/test-406,0.16196414828300476,0.8632108231241493,0.14285714285714285,0.25952860888664187,PASS
mt/set_9/frenetic_v/test-277,0.40954336524009705,0.004639275495180112,0.14285714285714285,0.08625092806394064,PASS
mt/set_7/frenetic_v/odr/test-777,0.9873205423355103,0.8699058254854571,0.14285714285714285,0.8606872424940484,PASS
mt/set_8/frenetic_v/odr/test-756,0.6423342227935791,0.448648498485985,0.14285714285714285,0.3392773956119901,PASS
mt/set_11/frenetic_v/test-193,0.33768752217292786,0.1570408645164875,0.14285714285714285,0.14764681293695206,PASS
mt_set5/frenetic_v/test-771,0.7827010750770569,0.3526682779120482,0.14285714285714285,0.30707654382775484,PASS
mt/set_14/frenetic_v/test-39,0.05919533595442772,0.3848654054504541,0.14285714285714285,0.15718290273291696,PASS
mt/set_14/frenetic_v/test-713,0.45376890897750854,0.6728616273578354,0.14285714285714285,0.38335669954220897,PASS
mt/set_8/frenetic_v/odr/test-598,0.48281657695770264,0.49976386921132315,0.14285714285714285,0.31517762676864763,PASS
mt/set_6/frenetic_v/test-280,0.4398329257965088,0.21651804317026416,0.14285714285714285,0.17525563215866796,PASS
mt/set_18/frenetic_v/test-130,0.9003013372421265,0.6039114370641997,0.14285714285714285,0.5579449404729809,PASS
mt/set_10/frenetic_v/test-633,0.6062699556350708,0.8674056171347613,0.14285714285714285,0.5821291142128928,PASS
mt/set_14/frenetic_v/test-374,0.3600405156612396,0.4553157207545073,0.14285714285714285,0.2553548861086129,PASS
mt/set_10/frenetic_v/test-664,0.8228847980499268,0.40936744728727387,0.14285714285714285,0.3621644208963557,PASS
mt/set_10/frenetic_v/test-811,0.43950626254081726,0.4335916881962385,0.14285714285714285,0.27063679201315793,PASS
mt/set_16/frenetic_v/test-816,0.8090958595275879,0.8731560963413617,0.14285714285714285,0.7337390023385548,PASS
mt/set_11/frenetic_v/test-78,0.11676569283008575,0.2927743978664889,0.07142857142857144,0.09727417127201143,PASS
mt/set_6/frenetic_v/test-19,0.48252949118614197,0.9952496041336778,0.14285714285714285,0.5541616392303378,PASS
mt/set_14/frenetic_v/test-775,0.6005539894104004,0.09559129927493959,0.14285714285714285,0.11447145193100272,PASS
mt/set_17/frenetic_v/test-374,0.5222151875495911,0.2573269994721782,0.14285714285714285,0.2026350404981383,PASS
mt/set_14/frenetic_v/test-275,0.7696486711502075,0.6146623329721921,0.14285714285714285,0.5059813804709615,PASS
mt/set_17/frenetic_v/test-534,0.1628306359052658,0.22651887657304778,0.14285714285714285,0.15647983403030336,PASS
mt/set_11/frenetic_v/test-460,0.5157605409622192,0.31399838875461844,0.14285714285714285,0.23112504442217305,PASS
mt/set_7/frenetic_v/odr/test-878,0.28862711787223816,0.25991054810123065,0.14285714285714285,0.1766419255924004,PASS
mt/set_11/frenetic_v/test-294,0.21704767644405365,0.41450676445259327,0.14285714285714285,0.20181805990260449,PASS
mt/set_14/frenetic_v/test-93,0.03654823824763298,0.5984387587854543,0.14285714285714285,0.15950784563641074,PASS
mt/set_7/frenetic_v/odr/test-267,0.8724508285522461,0.659110481429008,0.14285714285714285,0.5932627958370298,PASS
mt/set_11/frenetic_v/test-771,0.8575539588928223,0.46998360974525655,0.14285714285714285,0.4233857395956665,PASS
mt/set_14/frenetic_v/test-504,0.6707532405853271,0.40258910464760944,0.14285714285714285,0.31707319791168265,PASS
mt/set_6/frenetic_v/test-831,0.3351193368434906,0.007472844959302084,0.14285714285714285,0.09748724246912224,PASS
mt/set_12/frenetic_v/test-191,0.4495305120944977,0.25471567075034024,0.14285714285714285,0.19314096844058315,PASS
mt/set_13/frenetic_v/test-937,0.630537211894989,0.6961691252048782,0.14285714285714285,0.49174093751477327,PASS
mt/set_6/frenetic_v/test-672,0.29216212034225464,0.2757729810817568,0.14285714285714285,0.18169011597991416,PASS
mt_set5/frenetic_v/test-577,0.24051475524902344,0.06870016945856598,0.14285714285714285,0.1250212965501758,PASS
mt/set_12/frenetic_v/test-319,0.20952430367469788,0.7830096952523822,0.14285714285714285,0.27698466490081053,PASS
mt/set_8/frenetic_v/odr/test-185,0.059728045016527176,0.65649915270717,0.14285714285714285,0.17353597860476638,PASS
mt/set_14/frenetic_v/test-240,0.5477125644683838,0.49490235297385893,0.14285714285714285,0.33567672769898044,PASS
mt_set5/frenetic_v/test-206,0.1652931272983551,0.7411450954246187,0.14285714285714285,0.2417500338194255,PASS
mt/set_14/frenetic_v/test-192,0.1980518102645874,0.28141233991721526,0.14285714285714285,0.17029825045645683,PASS
mt/set_6/frenetic_v/test-755,0.007992378436028957,0.3735866877795372,0.14285714285714285,0.14470121949912065,PASS
mt/set_7/frenetic_v/odr/test-261,0.5746204257011414,0.7444231463733089,0.14285714285714285,0.48852925588493645,PASS
mt/set_9/frenetic_v/test-738,0.9263994097709656,0.5893824485373782,0.14285714285714285,0.5565179224871128,PASS
mt_set5/frenetic_v/test-221,0.4492434561252594,0.7789815817984832,0.14285714285714285,0.42863188859036677,PASS
mt/set_14/frenetic_v/test-507,0.25094425678253174,0.9086868350140289,0.14285714285714285,0.3350377057774477,PASS
mt/set_6/frenetic_v/test-50,0.3359900414943695,0.8049281884601494,0.14285714285714285,0.36530641668404296,PASS
mt/set_13/frenetic_v/test-220,0.29601678252220154,0.5224602050170847,0.14285714285714285,0.2552260156958295,PASS
mt_set5/frenetic_v/test-103,0.1990262120962143,0.7163096924743728,0.14285714285714285,0.2569892294956392,PASS
mt/set_9/frenetic_v/test-338,0.9111072421073914,0.995749645803817,0.14285714285714285,0.9199336790309572,PASS
mt/set_18/frenetic_v/test-223,0.03741699084639549,0.27971775425729917,0.14285714285714285,0.14797805456895025,PASS
mt/set_13/frenetic_v/test-521,0.9840961694717407,0.892241020085007,0.14285714285714285,0.8803229459009653,PASS
mt/set_16/frenetic_v/test-550,0.26734015345573425,0.6489985276550824,0.14285714285714285,0.2781690540818472,PASS
mt/set_8/frenetic_v/odr/test-282,0.6383362412452698,0.5722699113815041,0.14285714285714285,0.4169668754597087,PASS
mt/set_17/frenetic_v/test-442,0.259974867105484,0.017612578826013272,0.14285714285714285,0.11029670822494028,PASS
mt/set_8/frenetic_v/odr/test-338,0.6645684838294983,0.17287551740422813,0.14285714285714285,0.1628064085169253,PASS
mt/set_6/frenetic_v/test-237,0.06163208559155464,0.7635358502097397,0.14285714285714285,0.1811108644770006,PASS
mt/set_11/frenetic_v/test-813,0.15320318937301636,0.548406811678751,0.14285714285714285,0.20498864556978375,PASS
mt/set_9/frenetic_v/test-529,0.4587353467941284,0.3206656110231408,0.14285714285714285,0.22442417216420463,PASS
mt/set_13/frenetic_v/test-105,0.40330204367637634,0.5845209322999139,0.14285714285714285,0.32098104749979056,PASS
mt/set_17/frenetic_v/test-169,0.2570478618144989,0.13356668611273156,0.14285714285714285,0.14046904655823722,PASS
mt/set_7/frenetic_v/odr/test-317,0.6227841377258301,0.1405672694946801,0.14285714285714285,0.14143104604960013,PASS
mt/set_10/frenetic_v/test-829,0.8819766044616699,0.7324499263827541,0.14285714285714285,0.6628641840861659,PASS
mt/set_9/frenetic_v/test-747,0.49100980162620544,0.7633691696530267,0.14285714285714285,0.44753462578338987,PASS
mt/set_9/frenetic_v/test-726,0.43101832270622253,0.7981220657276995,0.14285714285714285,0.4252883265835578,PASS
mt/set_6/frenetic_v/test-546,0.41468626260757446,0.7874545100980637,0.14285714285714285,0.41016281596496246,PASS
mt/set_11/frenetic_v/test-604,0.03409635275602341,0.28830180292802177,0.14285714285714285,0.1478162742290308,PASS
mt/set_16/frenetic_v/test-145,0.6564744710922241,0.19121037864266469,0.14285714285714285,0.17459980774504089,PASS
mt/set_8/frenetic_v/odr/test-620,0.198499858379364,0.6874183959774426,0.14285714285714285,0.25095247448041136,PASS
mt/set_10/frenetic_v/test-39,0.4736689031124115,0.5025140983970886,0.14285714285714285,0.3132154542270237,PASS
mt/set_10/frenetic_v/test-682,0.671822190284729,0.8194849570797565,0.14285714285714285,0.5974307230157478,PASS
mt_set5/frenetic_v/test-719,0.019523555412888527,0.20093341111759314,0.14285714285714285,0.14399099730042303,PASS
mt/set_7/frenetic_v/odr/test-797,0.9415618181228638,0.7588965747145595,0.14285714285714285,0.7228963503521881,PASS
mt/set_8/frenetic_v/odr/test-453,0.8887898325920105,0.5493235547406728,0.14285714285714285,0.5041203570293806,PASS
mt/set_8/frenetic_v/odr/test-701,0.31252965331077576,0.24282579103814206,0.14285714285714285,0.17410030555762282,PASS
mt/set_12/frenetic_v/test-807,0.07566695660352707,0.607133927827319,0.14285714285714285,0.17798755313313758,PASS
mt/set_9/frenetic_v/test-198,0.7924582362174988,0.5569353001639026,0.14285714285714285,0.4709967890526497,PASS
mt/set_14/frenetic_v/test-344,0.2701546847820282,0.15201266772231017,0.14285714285714285,0.14533054653363153,PASS
mt/set_13/frenetic_v/test-712,0.40013784170150757,0.553907270050282,0.14285714285714285,0.3073338535833357,PASS
mt/set_9/frenetic_v/test-719,0.1622648537158966,0.13448342917465345,0.14285714285714285,0.14149838768886952,PASS
mt/set_11/frenetic_v/test-48,0.08746182918548584,0.38072617162541317,0.14285714285714285,0.16366160321979073,PASS
mt/set_17/frenetic_v/test-369,0.05232357233762741,0.5405172653276662,0.14285714285714285,0.16366413997665039,PASS
mt/set_10/frenetic_v/test-85,0.09429749101400375,0.3229713587243381,0.14285714285714285,0.15984146470248,PASS
mt/set_14/frenetic_v/test-90,0.25231701135635376,0.3008861849598577,0.14285714285714285,0.18273055846800726,PASS
mt/set_12/frenetic_v/test-904,0.11982669681310654,0.33152762730227514,0.14285714285714285,0.16546490698743763,PASS
mt/set_18/frenetic_v/test-200,0.9151769280433655,0.17929271883768086,0.14285714285714285,0.17620214135450227,PASS
mt/set_13/frenetic_v/test-46,0.6512601971626282,0.32727727310609217,0.14285714285714285,0.2629626332438311,PASS
mt/set_8/frenetic_v/odr/test-62,0.9090811610221863,0.9701364002555768,0.14285714285714285,0.8949211306624832,PASS
mt/set_12/frenetic_v/test-195,0.6021729707717896,0.3445009306331083,0.14285714285714285,0.26428158157987225,PASS
mt/set_14/frenetic_v/test-254,0.23295769095420837,0.23204711503736414,0.14285714285714285,0.16363462857504266,PASS
mt/set_16/frenetic_v/test-675,0.031907301396131516,0.37755924104786504,0.14285714285714285,0.15034585078149704,PASS
mt/set_8/frenetic_v/odr/test-682,0.06621476262807846,0.9512737172542156,0.14285714285714285,0.19638625762855533,PASS
mt/set_9/frenetic_v/test-59,0.5921326875686646,0.6149956940856183,0.14285714285714285,0.42242581210083563,PASS
mt_set5/frenetic_v/test-740,0.4463060200214386,0.5019307164485929,0.14285714285714285,0.3031138446390927,PASS
mt/set_7/frenetic_v/odr/test-482,0.43255114555358887,0.5224879851098703,0.14285714285714285,0.30706689856103386,PASS
mt/set_14/frenetic_v/test-249,0.8312216401100159,0.3441397894268966,0.14285714285714285,0.31016763446453827,PASS
mt/set_6/frenetic_v/test-872,0.29836562275886536,0.43350834791788206,0.14285714285714285,0.2295774749181796,PASS
mt/set_13/frenetic_v/test-727,0.4706548750400543,0.22110175847987323,0.14285714285714285,0.17968335690309073,PASS
mt_set5/frenetic_v/test-39,0.06004197895526886,0.17695919104369806,0.14285714285714285,0.14490469944542886,PASS
mt/set_13/frenetic_v/test-912,0.5397564172744751,0.028057893713365013,0.14285714285714285,0.08089351143349748,PASS
mt/set_16/frenetic_v/test-81,0.1322275549173355,0.11664860960635605,0.14285714285714285,0.13939165471615894,PASS
mt/set_8/frenetic_v/odr/test-206,0.5447227358818054,0.3678362085729366,0.14285714285714285,0.2654083550499825,PASS
mt/set_14/frenetic_v/test-27,0.12378262728452682,0.48298469316887516,0.14285714285714285,0.1849590235822105,PASS
mt/set_17/frenetic_v/test-494,0.09243343770503998,0.6393032752729394,0.14285714285714285,0.1887453633829691,PASS
mt/set_13/frenetic_v/test-376,0.5032311081886292,0.6468039003250271,0.14285714285714285,0.39645882808577254,PASS
mt/set_10/frenetic_v/test-360,0.5509755611419678,0.19676639719976657,0.14285714285714285,0.172559824519315,PASS
mt/set_16/frenetic_v/test-701,0.41621893644332886,0.9507181153985055,0.14285714285714285,0.47910417764238206,PASS
mt/set_13/frenetic_v/test-804,0.7735633850097656,0.42120176681390115,0.14285714285714285,0.3581743523644031,PASS
mt/set_6/frenetic_v/test-566,0.6881805062294006,0.4124510375864655,0.14285714285714285,0.32838640580832384,PASS
mt/set_6/frenetic_v/test-425,0.2091660499572754,0.3371947662305192,0.14285714285714285,0.18350597589623666,PASS
mt/set_6/frenetic_v/test-265,0.38760972023010254,0.749062421868489,0.14285714285714285,0.37782820145674195,PASS
mt/set_8/frenetic_v/odr/test-827,0.6464542746543884,0.21968497374781232,0.14285714285714285,0.1925228225488406,PASS
mt/set_13/frenetic_v/test-95,0.058298323303461075,0.3702530766452759,0.14285714285714285,0.15611394079772556,PASS
mt/set_14/frenetic_v/test-327,0.20805054903030396,0.6450815345723254,0.14285714285714285,0.24734520328989704,PASS
mt/set_10/frenetic_v/test-102,0.36904647946357727,0.3680584493152207,0.14285714285714285,0.22596689643356926,PASS
mt_set5/frenetic_v/test-889,0.17936022579669952,0.6006889463010806,0.14285714285714285,0.224973960628495,PASS
mt/set_11/frenetic_v/test-566,0.1962902843952179,0.723726977248104,0.14285714285714285,0.25687625210382237,PASS
mt/set_12/frenetic_v/test-318,0.41280025243759155,0.35116815290163067,0.14285714285714285,0.2288479803890371,PASS
mt/set_12/frenetic_v/test-369,0.49417051672935486,0.09147984554268404,0.14285714285714285,0.11746799303762442,PASS
mt/set_12/frenetic_v/test-286,0.2905746400356293,0.22282412423257494,0.14285714285714285,0.16609351542757028,PASS
mt/set_16/frenetic_v/test-549,0.5967420339584351,0.27541183987554513,0.14285714285714285,0.22195810236664834,PASS
mt/set_14/frenetic_v/test-129,0.7568992376327515,0.07747867877878704,0.14285714285714285,0.09337223323863511,PASS
mt/set_11/frenetic_v/test-725,0.5420281887054443,0.13898380420590598,0.14285714285714285,0.14075768412377015,PASS
mt/set_17/frenetic_v/test-229,0.3193148076534271,0.7856210239742201,0.14285714285714285,0.34810116366513805,PASS
mt/set_16/frenetic_v/test-666,0.12663114070892334,0.19637747590076948,0.14285714285714285,0.14963448368157878,PASS
mt_set5/frenetic_v/test-741,0.22580040991306305,0.15540183904214233,0.14285714285714285,0.14568974252668787,PASS
mt_set5/frenetic_v/test-922,0.059894029051065445,0.23682529099647193,0.14285714285714285,0.148485274383859,PASS
mt/set_14/frenetic_v/test-478,0.6174706816673279,0.41884045892713284,0.14285714285714285,0.31326874915968916,PASS
mt/set_14/frenetic_v/test-223,0.3091045916080475,0.3853654471205934,0.14285714285714285,0.2178175774655315,PASS
mt/set_11/frenetic_v/test-474,0.2701035141944885,0.586159957774259,0.14285714285714285,0.26259479101856487,PASS
mt/set_11/frenetic_v/test-577,0.38349419832229614,0.47015029030196953,0.14285714285714285,0.2683721660528777,PASS
mt/set_8/frenetic_v/odr/test-376,0.8883731365203857,0.82348529044087,0.14285714285714285,0.7475089051301587,PASS
mt/set_14/frenetic_v/test-896,0.1523793786764145,0.2591049254104508,0.14285714285714285,0.16057090560638954,PASS
mt/set_10/frenetic_v/test-466,0.4038027226924896,0.06269966941689585,0.14285714285714285,0.11048933258034556,PASS
mt/set_13/frenetic_v/test-876,0.701671302318573,0.3143317498680445,0.14285714285714285,0.26317595367304775,PASS
mt/set_12/frenetic_v/test-126,0.2211245447397232,0.22551879323276935,0.14285714285714285,0.16113566479262476,PASS
mt/set_8/frenetic_v/odr/test-451,0.21305477619171143,2.7780092785514974e-05,0.14285714285714285,0.11242666493977793,PASS
mt/set_16/frenetic_v/test-237,0.5240649580955505,0.8410700891740979,0.14285714285714285,0.5087660813105088,PASS
mt_set5/frenetic_v/test-262,0.07100939750671387,0.3503903103036364,0.14285714285714285,0.15759394804017832,PASS
mt/set_16/frenetic_v/test-504,0.8062084913253784,0.39944995416284684,0.14285714285714285,0.349724446144852,PASS
mt/set_14/frenetic_v/test-467,0.19171208143234253,0.06550545878823232,0.14285714285714285,0.12802789050199503,PASS
mt/set_6/frenetic_v/test-630,0.661418080329895,0.3625302108509042,0.14285714285714285,0.28815288178975496,PASS
mt/set_13/frenetic_v/test-563,0.3466264009475708,0.9501069533572242,0.14285714285714285,0.4226712393363946,PASS
mt/set_17/frenetic_v/test-297,0.8969020247459412,0.8592938300413924,0.14285714285714285,0.7854306581949707,PASS
mt/set_16/frenetic_v/test-133,0.14548207819461823,0.5770203072478262,0.14285714285714285,0.20602010441698843,PASS
mt/set_10/frenetic_v/test-517,0.39950355887413025,0.20146123288051782,0.14285714285714285,0.16626968112858642,PASS
mt/set_9/frenetic_v/test-681,0.022808922454714775,0.4638164291468734,0.14285714285714285,0.15017788019189107,PASS
mt_set5/frenetic_v/test-796,0.11331243813037872,0.11634302858571549,0.14285714285714285,0.13985276605291724,PASS
mt/set_11/frenetic_v/test-653,0.8344779014587402,0.8951301497347001,0.14285714285714285,0.7706123429603833,PASS
mt/set_13/frenetic_v/test-287,0.07148049026727676,0.05372669944717607,0.14285714285714285,0.13648605187135268,PASS
mt/set_13/frenetic_v/test-906,0.05792631953954697,0.06178292635497397,0.14285714285714285,0.13816081507872577,PASS
mt/set_13/frenetic_v/test-813,0.18935899436473846,0.6173014417868155,0.14285714285714285,0.2326974360558117,PASS
mt/set_13/frenetic_v/test-529,0.5531657338142395,0.5169597466455539,0.14285714285714285,0.34979788420357694,PASS
mt/set_13/frenetic_v/test-39,0.24193376302719116,0.00897296996971967,0.14285714285714285,0.11046604110070551,PASS
mt/set_10/frenetic_v/test-573,0.2101001888513565,0.40570047503958656,0.14285714285714285,0.19808057871573143,PASS
mt/set_8/frenetic_v/odr/test-802,0.5725234746932983,0.0783676417479234,0.14285714285714285,0.10593538960085522,PASS
mt/set_6/frenetic_v/test-916,0.5141000747680664,0.03608634052837729,0.14285714285714285,0.08796626539687803,PASS
mt/set_14/frenetic_v/test-831,0.09633946418762207,0.19612745506569984,0.14285714285714285,0.14798917619242258,PASS
mt/set_16/frenetic_v/test-573,0.35702744126319885,0.7110870350306969,0.14285714285714285,0.34573081156660485,PASS
mt/set_9/frenetic_v/test-130,0.32536906003952026,0.22346306636664168,0.14285714285714285,0.16908381642304593,PASS
mt/set_6/frenetic_v/test-215,0.16223391890525818,0.5265438786565546,0.14285714285714285,0.2051041413803732,PASS
mt/set_8/frenetic_v/odr/test-505,0.710647463798523,0.6590271411506514,0.14285714285714285,0.5096720430333126,PASS
mt/set_10/frenetic_v/test-380,0.20847485959529877,0.5731310942578548,0.14285714285714285,0.23255844233418338,PASS
mt/set_10/frenetic_v/test-423,0.057134050875902176,0.21896269133538904,0.14285714285714285,0.14720536379675905,PASS
mt/set_6/frenetic_v/test-367,0.10216935724020004,0.012473261660693891,0.14285714285714285,0.129535908713925,PASS
mt/set_16/frenetic_v/test-406,0.5635516047477722,0.830069172431036,0.14285714285714285,0.5301365849254838,PASS
mt/set_12/frenetic_v/test-96,0.16917406022548676,0.5163763646970582,0.14285714285714285,0.20604690405932832,PASS
mt/set_17/frenetic_v/test-165,0.8638545274734497,0.2855515737422563,0.14285714285714285,0.26612437302249536,PASS
mt/set_8/frenetic_v/odr/test-238,0.29060184955596924,0.8397088646276079,0.14285714285714285,0.34536354206990166,PASS
mt/set_11/frenetic_v/test-490,0.25312528014183044,0.8464872072672722,0.14285714285714285,0.3209636957696964,PASS
mt/set_6/frenetic_v/test-493,0.1610463559627533,0.5016806956135232,0.14285714285714285,0.20064436420469206,PASS
mt/set_10/frenetic_v/test-241,0.3838261365890503,0.39108814623440835,0.14285714285714285,0.23813468986506214,PASS
mt/set_7/frenetic_v/odr/test-352,0.2609628438949585,0.8529877489790817,0.14285714285714285,0.32817484536757463,PASS
mt/set_17/frenetic_v/test-253,0.15713034570217133,0.23860321693474457,0.14285714285714285,0.1579017544478448,PASS
mt/set_17/frenetic_v/test-538,0.47383853793144226,0.1098424868739061,0.14285714285714285,0.12721352227826177,PASS
mt/set_10/frenetic_v/test-627,0.1264973282814026,0.2823290829791371,0.14285714285714285,0.1604999706527989,PASS
mt/set_9/frenetic_v/test-753,0.008455827832221985,0.3420562824679834,0.14285714285714285,0.1445415386147562,PASS
mt/set_16/frenetic_v/test-818,0.7285019159317017,0.04972636608606269,0.14285714285714285,0.07501119354720334,PASS
mt/set_8/frenetic_v/odr/test-89,0.11507146805524826,0.23574186737783698,0.14285714285714285,0.1535455234032778,PASS
mt/set_13/frenetic_v/test-796,0.17508673667907715,0.9190210295302387,0.14285714285714285,0.2787531449028843,PASS
mt/set_9/frenetic_v/test-935,0.254136860370636,0.19465511014806788,0.14285714285714285,0.15602091563803944,PASS
mt_set5/frenetic_v/test-40,0.24950435757637024,0.07975664638719894,0.14285714285714285,0.1271132982801341,PASS
mt/set_16/frenetic_v/test-689,0.4090743660926819,0.5054865683251383,0.14285714285714285,0.2911995452070165,PASS
mt/set_12/frenetic_v/test-468,0.050087060779333115,0.6389143539739423,0.14285714285714285,0.16770319426566677,PASS
mt_set5/frenetic_v/test-340,0.4207587242126465,0.7050031947106704,0.14285714285714285,0.3793849984562093,PASS
mt/set_9/frenetic_v/test-80,0.2602115571498871,0.04711503736422473,0.14285714285714285,0.11794393624454724,PASS
mt_set5/frenetic_v/test-249,0.11682778596878052,0.5338778231519292,0.14285714285714285,0.1885392232039891,PASS
mt/set_8/frenetic_v/odr/test-737,0.6884977221488953,0.7056699169375225,0.14285714285714285,0.530352455807785,PASS
mt/set_9/frenetic_v/test-234,0.08284314721822739,0.305914381754035,0.14285714285714285,0.15636532089718172,PASS
mt/set_16/frenetic_v/test-67,0.9135743975639343,0.878184293135539,0.14285714285714285,0.8146332011851333,PASS
mt/set_14/frenetic_v/test-641,0.8225535154342651,0.6942800788954635,0.14285714285714285,0.5964320173865474,PASS
mt/set_10/frenetic_v/test-213,0.7015201449394226,0.32533266661110644,0.14285714285714285,0.27086739872892046,PASS
mt/set_12/frenetic_v/test-621,0.45811665058135986,0.1605133761146762,0.14285714285714285,0.15094575729896725,PASS
mt/set_6/frenetic_v/test-390,0.38438886404037476,0.04919854432313802,0.14285714285714285,0.10685582055904323,PASS
mt/set_14/frenetic_v/test-625,0.1825876533985138,0.12431591521515674,0.14285714285714285,0.13947174786833957,PASS
mt_set5/frenetic_v/test-727,0.3294960856437683,0.15451287607300607,0.14285714285714285,0.14669766132707784,PASS
mt_set5/frenetic_v/test-668,0.35281938314437866,0.17451454287857318,0.14285714285714285,0.15402648720465875,PASS
mt/set_11/frenetic_v/test-300,0.20699185132980347,0.4608439592188238,0.14285714285714285,0.20867782267431745,PASS
mt/set_16/frenetic_v/test-269,0.6471841931343079,0.877795371836542,0.14285714285714285,0.6184975475827325,PASS
mt/set_6/frenetic_v/test-805,0.41273972392082214,0.4186459982776342,0.14285714285714285,0.25668615464636135,PASS
mt/set_16/frenetic_v/test-100,0.8513942360877991,0.9301330666444426,0.14285714285714285,0.8131393265803473,PASS
mt/set_8/frenetic_v/odr/test-336,0.5662366151809692,0.1968219573853376,0.14285714285714285,0.17341399677445662,PASS
mt/set_14/frenetic_v/test-486,0.4739764630794525,0.3726143845320444,0.14285714285714285,0.251756663375629,PASS
mt/set_6/frenetic_v/test-815,0.5402856469154358,0.11259271605967164,0.14285714285714285,0.12650570744634626,PASS
mt/set_10/frenetic_v/test-552,0.4656774699687958,0.31710975914659556,0.14285714285714285,0.22400265608878395,PASS
mt/set_12/frenetic_v/test-730,0.23492290079593658,0.2999138817123649,0.14285714285714285,0.17975336966729882,PASS
mt/set_10/frenetic_v/test-10,0.771073579788208,0.6646664999861099,0.14285714285714285,0.545210551825559,PASS
mt/set_10/frenetic_v/test-567,0.2422361820936203,0.5941328444037002,0.14285714285714285,0.2521724437426637,PASS
mt/set_10/frenetic_v/test-158,0.09369464218616486,0.15140150568102895,0.14285714285714285,0.14365770600337294,PASS
mt/set_9/frenetic_v/test-185,0.3608536720275879,0.5538239297719254,0.14285714285714285,0.2911560169967214,PASS
mt/set_16/frenetic_v/test-796,0.3550075590610504,0.564047003916993,0.14285714285714285,0.29238273159073785,PASS
mt/set_11/frenetic_v/test-887,0.19191110134124756,0.4015612412145456,0.14285714285714285,0.19250533129440645,PASS
mt/set_10/frenetic_v/test-175,0.07575809210538864,0.43592521599022144,0.14285714285714285,0.16505941987033873,PASS
mt/set_13/frenetic_v/test-102,0.2292013019323349,0.8499319387726755,0.14285714285714285,0.3049196045157856,PASS
mt/set_8/frenetic_v/odr/test-582,0.26780325174331665,0.4522043503625302,0.14285714285714285,0.2257013309448001,PASS
mt/set_9/frenetic_v/test-473,0.16726872324943542,0.5003194710670333,0.14285714285714285,0.20264940584910723,PASS
mt/set_7/frenetic_v/odr/test-714,0.6371884346008301,0.4461760702280746,0.14285714285714285,0.3361284553734297,PASS
mt/set_11/frenetic_v/test-348,0.3178476393222809,0.1380392810511987,0.14285714285714285,0.14132580111301715,PASS
mt/set_13/frenetic_v/test-418,0.4896894693374634,0.5192377142539656,0.14285714285714285,0.32716674513338423,PASS
mt/set_17/frenetic_v/test-186,0.7025241851806641,0.013973386671111476,0.14285714285714285,0.05231318705952778,PASS
mt/set_7/frenetic_v/odr/test-545,0.6182251572608948,0.12764952634941798,0.14285714285714285,0.13345541175009126,PASS
mt_set5/frenetic_v/test-708,0.6445261240005493,0.14809567463955323,0.14285714285714285,0.1462335134423135,PASS
mt/set_6/frenetic_v/test-66,0.2729085385799408,0.04878184293135541,0.14285714285714285,0.11718318598045196,PASS
mt/set_13/frenetic_v/test-107,0.28872400522232056,0.8150957024196461,0.14285714285714285,0.3369485522389123,PASS
mt_set5/frenetic_v/test-167,0.5383132100105286,0.3581131760980081,0.14285714285714285,0.2587323090851661,PASS
mt_set5/frenetic_v/test-36,0.31947222352027893,0.49434675111814874,0.14285714285714285,0.25514831381003283,PASS
mt/set_6/frenetic_v/test-652,0.6846155524253845,0.31044253687807316,0.14285714285714285,0.2575887099632078,PASS
mt/set_13/frenetic_v/test-935,0.3529839515686035,0.6868350140289469,0.14285714285714285,0.33487260138924296,PASS
mt/set_17/frenetic_v/test-283,0.19603295624256134,0.2742728560713392,0.14285714285714285,0.16861895574398372,PASS
mt/set_9/frenetic_v/test-757,0.01614725962281227,0.3056643609189655,0.14285714285714285,0.14548603380783923,PASS
mt/set_10/frenetic_v/test-490,0.15894019603729248,0.4529266327749535,0.14285714285714285,0.19213964836986297,PASS
mt/set_6/frenetic_v/test-637,0.6825052499771118,0.8766008278467651,0.14285714285714285,0.6436410600001121,PASS
mt/set_12/frenetic_v/test-443,0.352247029542923,0.0361141206211628,0.14285714285714285,0.10525723460755933,PASS
mt_set5/frenetic_v/test-220,0.36881476640701294,0.7093091090924244,0.14285714285714285,0.3517729924650014,PASS
mt_set5/frenetic_v/test-433,0.10070754587650299,0.5527405061532905,0.14285714285714285,0.18413549259904227,PASS
mt/set_8/frenetic_v/odr/test-480,0.5222667455673218,0.7341167319498847,0.14285714285714285,0.4516523642380811,PASS
mt_set5/frenetic_v/test-228,0.0423399992287159,0.09114648442925796,0.14285714285714285,0.14066771628011146,PASS
mt/set_9/frenetic_v/test-721,0.7481129765510559,0.37453121093424446,0.14285714285714285,0.3161755195159953,PASS
mt/set_12/frenetic_v/test-857,0.8675044178962708,0.8439314387310053,0.14285714285714285,0.7510421918012359,PASS
mt/set_11/frenetic_v/test-332,0.45924919843673706,0.5691585409895268,0.14285714285714285,0.3386357182419005,PASS
mt/set_18/frenetic_v/test-29,0.11745836585760117,0.7449787482290191,0.14285714285714285,0.21358136586478482,PASS
mt/set_14/frenetic_v/test-656,0.4090559184551239,0.5631580409478567,0.14285714285714285,0.3147837084956786,PASS
mt/set_13/frenetic_v/test-298,0.46139776706695557,0.0580048337361446,0.14285714285714285,0.1037064768982392,PASS
mt/set_18/frenetic_v/test-205,0.7198020815849304,0.8765174875684085,0.14285714285714285,0.6709473861566295,PASS
mt/set_13/frenetic_v/test-520,0.09560492634773254,0.42567436175236817,0.14285714285714285,0.16989586649696606,PASS
mt/set_12/frenetic_v/test-300,0.885238528251648,0.24938189293552238,0.14285714285714285,0.23715695583890217,PASS
mt_set5/frenetic_v/test-77,0.6426735520362854,0.825013195544073,0.14285714285714285,0.5812607962805038,PASS
mt/set_9/frenetic_v/test-718,0.18977148830890656,0.1553184987637859,0.14285714285714285,0.1452219550426308,PASS
mt/set_9/frenetic_v/test-219,0.23021067678928375,0.4612328805178209,0.14285714285714285,0.21615063902603232,PASS
mt/set_12/frenetic_v/test-912,0.7702112793922424,0.941272883851432,0.14285714285714285,0.7578059522152596,FAIL
mt/set_13/frenetic_v/test-361,0.45518776774406433,0.36086340528377364,0.14285714285714285,0.24209092254787298,FAIL
mt/set_9/frenetic_v/test-695,0.6582049131393433,0.8560157790927022,0.14285714285714285,0.6122616610751417,FAIL
mt/set_9/frenetic_v/test-778,0.7022295594215393,0.3031363724754841,0.14285714285714285,0.25540995565645436,FAIL
mt/set_10/frenetic_v/test-810,0.637538731098175,0.42272967191710414,0.14285714285714285,0.3212867199032677,FAIL
mt/set_9/frenetic_v/test-404,0.5746451020240784,0.859932772175459,0.14285714285714285,0.5549211410257469,FAIL
mt_set5/frenetic_v/test-80,0.18145446479320526,0.14312303803094703,0.14285714285714285,0.14290538859485927,FAIL
mt/set_9/frenetic_v/test-660,0.883359432220459,0.792538267077812,0.14285714285714285,0.7167590918730627,FAIL
mt/set_9/frenetic_v/test-53,0.664438784122467,0.8169569686362753,0.14285714285714285,0.5907552114749965,FAIL
mt/set_11/frenetic_v/test-222,0.5242553353309631,0.9421340667277829,0.14285714285714285,0.5618823346032459,FAIL
mt/set_9/frenetic_v/test-596,0.5702093243598938,0.29194099508292354,0.14285714285714285,0.2278661455077755,FAIL
mt_set5/frenetic_v/test-531,0.6466715335845947,0.4890407533961163,0.14285714285714285,0.3667242291862329,FAIL
mt/set_14/frenetic_v/test-398,0.04053913429379463,0.7972331027585632,0.14285714285714285,0.16938497617766432,FAIL
mt/set_7/frenetic_v/odr/test-53,0.9576895833015442,0.8269022418534877,0.14285714285714285,0.7979600086744159,FAIL
mt_set5/frenetic_v/test-108,0.6832351684570312,0.7612301025085424,0.14285714285714285,0.5653512961138398,FAIL
mt/set_11/frenetic_v/test-715,0.8252108097076416,0.8580992860516155,0.14285714285714285,0.7330826909796826,FAIL
mt/set_10/frenetic_v/test-504,0.21596042811870575,0.06564435925215989,0.14285714285714285,0.12618223492483643,FAIL
mt/set_14/frenetic_v/test-533,0.42871132493019104,0.929994166180515,0.14285714285714285,0.480311703285187,FAIL
mt/set_7/frenetic_v/odr/test-521,0.7587416768074036,0.8665999944439814,0.14285714285714285,0.6919910076475125,FAIL
mt/set_14/frenetic_v/test-502,0.42323949933052063,0.5571853209989722,0.14285714285714285,0.3182171977898921,FAIL
mt/set_6/frenetic_v/test-183,0.8197425007820129,0.761535683529183,0.14285714285714285,0.6500142369678074,FAIL
mt/set_11/frenetic_v/test-762,0.6275426149368286,0.8281245659360502,0.14285714285714285,0.5728916534671025,FAIL
mt/set_8/frenetic_v/odr/test-493,0.8406417965888977,0.3765035975220157,0.14285714285714285,0.339270118273248,FAIL
mt/set_10/frenetic_v/test-786,0.3487645089626312,0.8548767952884962,0.14285714285714285,0.39118432305163253,FAIL
mt_set5/frenetic_v/test-927,0.8964424133300781,0.6543323054699003,0.14285714285714285,0.6013651719881173,FAIL
mt/set_13/frenetic_v/test-72,0.48809757828712463,0.783926438314304,0.14285714285714285,0.45576151774149104,FAIL
mt/set_10/frenetic_v/test-52,0.5983549356460571,0.9142706336639165,0.14285714285714285,0.6044362125053301,FAIL
mt/set_8/frenetic_v/odr/test-647,0.6879847645759583,0.9649415229046866,0.14285714285714285,0.7084386715257248,FAIL
mt_set5/frenetic_v/test-603,0.9650977253913879,0.9864988749062422,0.14285714285714285,0.9570538595029794,FAIL
mt/set_8/frenetic_v/odr/test-538,0.404359370470047,0.1280940078339861,0.14285714285714285,0.1368875351304895,FAIL
mt/set_6/frenetic_v/test-391,0.9676921963691711,0.998360974525655,0.14285714285714285,0.9707215247266869,FAIL
mt/set_17/frenetic_v/test-315,0.24940401315689087,0.32133233324999305,0.14285714285714285,0.18736957159005987,FAIL
mt_set5/frenetic_v/test-513,0.5033918619155884,0.7788704614273412,0.14285714285714285,0.46302107149530725,FAIL
mt/set_16/frenetic_v/test-735,0.831084668636322,0.12778842681334554,0.14285714285714285,0.13033376397710872,FAIL
mt/set_17/frenetic_v/test-37,0.7824439406394958,0.9685251548740174,0.14285714285714285,0.7888960758396047,FAIL
mt/set_10/frenetic_v/test-582,0.9072380661964417,0.9926104953190543,0.14285714285714285,0.9137857310886307,FAIL
mt_set5/frenetic_v/test-568,0.6928788423538208,0.9898602661332889,0.14285714285714285,0.7297276863827895,FAIL
mt/set_12/frenetic_v/test-231,0.0694895088672638,0.28066227741200656,0.14285714285714285,0.15243315823422215,FAIL
mt/set_13/frenetic_v/test-560,0.9729823470115662,0.7958440981192877,0.14285714285714285,0.7782019231560411,FAIL
mt/set_7/frenetic_v/odr/test-562,0.6889609694480896,0.9412451037586466,0.14285714285714285,0.6929152863955262,FAIL
mt/set_6/frenetic_v/test-71,0.9669827222824097,0.8502375197933161,0.14285714285714285,0.8268817454360408,FAIL
mt/set_10/frenetic_v/test-646,0.9675987362861633,0.7938717115315165,0.14285714285714285,0.7727780168103484,FAIL
mt/set_10/frenetic_v/test-79,0.6387507915496826,0.7298663777537017,0.14285714285714285,0.5178097562942934,FAIL
mt/set_12/frenetic_v/test-154,0.34191933274269104,0.11912103786426644,0.14285714285714285,0.13474131393354272,FAIL
mt/set_17/frenetic_v/test-8,0.055956415832042694,0.5452954412867739,0.14285714285714285,0.1653761465664423,FAIL
mt/set_16/frenetic_v/test-187,0.32890838384628296,0.8603216934744563,0.14285714285714285,0.3788372486676831,FAIL
mt/set_13/frenetic_v/test-413,0.8441833853721619,0.8481817929271883,0.14285714285714285,0.7382804937397093,FAIL
mt_set5/frenetic_v/test-944,0.4043695032596588,0.5683806983915326,0.14285714285714285,0.3149258958913425,FAIL
mt/set_12/frenetic_v/test-277,0.3324984610080719,0.2154346195516293,0.14285714285714285,0.16698904641938342,FAIL
mt/set_9/frenetic_v/test-947,0.3266390860080719,0.5195432952746062,0.14285714285714285,0.265897567652155,FAIL
mt/set_14/frenetic_v/test-613,0.3156067132949829,0.7549795816318026,0.14285714285714285,0.3360470938929226,FAIL
mt/set_10/frenetic_v/test-742,0.9849492907524109,0.6719726643886991,0.14285714285714285,0.6640091005157411,FAIL
mt/set_14/frenetic_v/test-100,0.8412722945213318,0.30194182848570716,0.14285714285714285,0.2766906813590899,FAIL
mt/set_13/frenetic_v/test-889,0.6857000589370728,0.08461816262466317,0.14285714285714285,0.1029226706792965,FAIL
mt/set_10/frenetic_v/test-303,0.17558054625988007,0.7870100286134956,0.14285714285714285,0.25595785628438406,FAIL
mt_set5/frenetic_v/test-934,0.05111121013760567,0.629913603911437,0.14285714285714285,0.16775118639041445,FAIL
mt/set_10/frenetic_v/test-406,0.5882363319396973,0.889185209878601,0.14285714285714285,0.5818744274254899,FAIL
mt_set5/frenetic_v/test-759,0.13889659941196442,0.197766480540045,0.14285714285714285,0.1504838652659985,FAIL
mt/set_14/frenetic_v/test-324,0.9821751713752747,0.8227352279356612,0.14285714285714285,0.8106165175834301,FAIL
mt/set_16/frenetic_v/test-507,0.8731371760368347,0.8396533044420369,0.14285714285714285,0.7512557756566831,FAIL
mt_set5/frenetic_v/test-242,0.5346953272819519,0.9699419396060782,0.14285714285714285,0.5850955189447415,FAIL
mt/set_13/frenetic_v/test-841,0.2530795633792877,0.06786676667500063,0.14285714285714285,0.12387861545279238,FAIL
mt/set_13/frenetic_v/test-213,0.46466755867004395,0.11384282023501958,0.14285714285714285,0.1293751283978558,FAIL
mt/set_12/frenetic_v/test-761,0.9781834483146667,0.7114481762369086,0.14285714285714285,0.6990434805693619,FAIL
mt_set5/frenetic_v/test-496,0.7265442609786987,0.48492929966386084,0.14285714285714285,0.39138770522566935,FAIL
mt/set_16/frenetic_v/test-247,0.9285035729408264,0.42950801455676857,0.14285714285714285,0.4090135014168478,FAIL
mt/set_12/frenetic_v/test-60,0.8326635360717773,0.9457454787898991,0.14285714285714285,0.8113929837256967,FAIL
mt/set_6/frenetic_v/test-655,0.6068789958953857,0.3930605328221796,0.14285714285714285,0.294700324928746,FAIL
mt/set_13/frenetic_v/test-714,0.7161692380905151,0.9009917493124427,0.14285714285714285,0.6858098263322875,FAIL
mt/set_17/frenetic_v/test-517,0.1509183794260025,0.5238214295635747,0.14285714285714285,0.20035165775479785,FAIL
mt/set_8/frenetic_v/odr/test-567,0.8820680975914001,0.6923632524932634,0.14285714285714285,0.627558951598727,FAIL
mt/set_17/frenetic_v/test-72,0.7243618369102478,0.9855821318443204,0.14285714285714285,0.7532949638900632,FAIL
mt/set_17/frenetic_v/test-703,0.8409244418144226,0.9644137011417617,0.14285714285714285,0.8337241330516141,FAIL
mt/set_6/frenetic_v/test-395,0.909329354763031,0.9561352334916798,0.14285714285714285,0.8823947842567562,FAIL
mt/set_17/frenetic_v/test-90,0.5666755437850952,0.977498124843737,0.14285714285714285,0.615827775189722,FAIL
mt/set_16/frenetic_v/test-922,0.13521458208560944,0.8462649665249882,0.14285714285714285,0.23796813989887594,FAIL
mt_set5/frenetic_v/test-710,0.8213395476341248,0.9654137844820402,0.14285714285714285,0.8184554427927808,FAIL
mt/set_12/frenetic_v/test-1,0.8533437252044678,0.9877489790815901,0.14285714285714285,0.8638402897757558,FAIL
mt/set_13/frenetic_v/test-56,0.9181956648826599,0.8676834180626163,0.14285714285714285,0.8083894865438545,FAIL
mt/set_14/frenetic_v/test-30,0.6741340160369873,0.9772481040086674,0.14285714285714285,0.7053484724431819,FAIL
mt/set_17/frenetic_v/test-617,0.5011256337165833,0.7609245214879018,0.14285714285714285,0.45258654965302936,FAIL
mt/set_13/frenetic_v/test-826,0.8722931742668152,0.4097285884934856,0.14285714285714285,0.37564728329244207,FAIL
mt/set_16/frenetic_v/test-57,0.8217095732688904,0.7727866211073144,0.14285714285714285,0.6604762256195861,FAIL
mt/set_16/frenetic_v/test-548,0.9312962293624878,0.8812401033419451,0.14285714285714285,0.8305104097821501,FAIL
mt/set_12/frenetic_v/test-742,0.7180572748184204,0.9671083701419563,0.14285714285714285,0.7347167328870143,FAIL
mt/set_17/frenetic_v/test-351,0.37403926253318787,0.038364308136789184,0.14285714285714285,0.10377271576086486,FAIL
mt/set_16/frenetic_v/test-336,0.08226281404495239,0.5371558741006196,0.14285714285714285,0.17529326606358564,FAIL
mt/set_9/frenetic_v/test-230,0.5394341945648193,0.5430452537711477,0.14285714285714285,0.3587322941424556,FAIL
mt/set_8/frenetic_v/odr/test-400,0.5124010443687439,0.700086118287635,0.14285714285714285,0.4283818518202521,FAIL
mt/set_9/frenetic_v/test-166,0.4340575635433197,0.1422618551545962,0.14285714285714285,0.14259874946989354,FAIL
mt/set_8/frenetic_v/odr/test-716,0.6661605834960938,0.9277995388504598,0.14285714285714285,0.6657548273828728,FAIL
mt/set_12/frenetic_v/test-859,0.7621779441833496,0.970358640997861,0.14285714285714285,0.7735605335186773,FAIL
mt_set5/frenetic_v/test-169,0.7787668108940125,0.622940800622274,0.14285714285714285,0.5167303619772265,FAIL
mt/set_13/frenetic_v/test-783,0.17887230217456818,0.737561463455288,0.14285714285714285,0.24923327592443284,FAIL
mt/set_6/frenetic_v/test-890,0.6138677000999451,0.4204517043086924,0.14285714285714285,0.31326347785565845,FAIL
mt/set_17/frenetic_v/test-498,0.7026864886283875,0.878073172764397,0.14285714285714285,0.6594835132959748,FAIL
mt/set_9/frenetic_v/test-463,0.6607527732849121,0.28196794177292545,0.14285714285714285,0.23477498903462593,FAIL
mt/set_12/frenetic_v/test-529,0.060465484857559204,0.3470289190765897,0.14285714285714285,0.1552024925579554,FAIL
mt/set_9/frenetic_v/test-441,0.41586077213287354,0.3136928077339778,0.14285714285714285,0.21390099436065624,FAIL
mt/set_9/frenetic_v/test-435,0.9966314435005188,0.9546351084812624,0.14285714285714285,0.9519005885390236,FAIL
mt/set_8/frenetic_v/odr/test-524,0.6435094475746155,0.29944162013501124,0.14285714285714285,0.24362073332898387,FAIL
mt/set_18/frenetic_v/test-131,0.7127496004104614,0.541434008389588,0.14285714285714285,0.42694264449824737,FAIL
mt/set_6/frenetic_v/test-742,0.9787040948867798,0.9175486846126065,0.14285714285714285,0.9010509270473679,FAIL
mt/set_9/frenetic_v/test-91,0.30276989936828613,0.5174597883156928,0.14285714285714285,0.2562755481257218,FAIL
mt/set_14/frenetic_v/test-856,0.9557952880859375,0.7595355168486263,0.14285714285714285,0.7322754269827003,FAIL
mt/set_13/frenetic_v/test-565,0.6319624781608582,0.8760174458982694,0.14285714285714285,0.606186944856179,FAIL
mt/set_7/frenetic_v/odr/test-366,0.9784291386604309,0.9001583465288774,0.14285714285714285,0.8838227072721856,FAIL
mt/set_7/frenetic_v/odr/test-169,0.9419764280319214,0.7454510098063727,0.14285714285714285,0.7104863611999213,FAIL
mt/set_13/frenetic_v/test-252,0.8771844506263733,0.30255299052698836,0.14285714285714285,0.2829398572627293,FAIL
mt/set_12/frenetic_v/test-770,0.08083971589803696,0.0023613078867683285,0.14285714285714285,0.13149950266638627,FAIL
mt/set_14/frenetic_v/test-761,0.5258036255836487,0.9212156568602938,0.14285714285714285,0.5521208715239008,FAIL
mt/set_8/frenetic_v/odr/test-25,0.717768132686615,0.9181042864683168,0.14285714285714285,0.6993048374975671,FAIL
mt/set_13/frenetic_v/test-877,0.5163251757621765,0.8505431008139568,0.14285714285714285,0.5082532194836191,FAIL
mt/set_9/frenetic_v/test-159,0.8733486533164978,0.9883323610300858,0.14285714285714285,0.8812517860609548,FAIL
mt/set_7/frenetic_v/odr/test-778,0.8858948349952698,0.34877906492207683,0.14285714285714285,0.32528231002676633,FAIL
mt/set_17/frenetic_v/test-340,0.7215123772621155,0.9239936661388449,0.14285714285714285,0.7064568127363875,FAIL
mt/set_18/frenetic_v/test-198,0.9363334774971008,0.6148845737144762,0.14285714285714285,0.5848322286658122,FAIL
mt/set_14/frenetic_v/test-853,0.8343823552131653,0.9293274439536628,0.14285714285714285,0.7990740849912644,FAIL
mt_set5/frenetic_v/test-578,0.5135290622711182,0.13795594077284215,0.14285714285714285,0.14034023314679067,FAIL
mt/set_13/frenetic_v/test-266,0.8783819079399109,0.702753007195044,0.14285714285714285,0.634659540421934,FAIL
mt/set_7/frenetic_v/odr/test-506,0.9121391177177429,0.20673945050976467,0.14285714285714285,0.20112669459717872,FAIL
mt/set_7/frenetic_v/odr/test-293,0.5529254674911499,0.13128871850431978,0.14285714285714285,0.13646066641372218,FAIL
mt/set_8/frenetic_v/odr/test-566,0.710326611995697,0.16045781592910516,0.14285714285714285,0.15535936932919375,FAIL
mt/set_16/frenetic_v/test-47,0.8464169502258301,0.18671000361141205,0.14285714285714285,0.17997494751544937,FAIL
mt/set_13/frenetic_v/test-886,0.647728681564331,0.8983804205906047,0.14285714285714285,0.6322312394346,FAIL
mt/set_13/frenetic_v/test-514,0.7508676648139954,0.9328555157374225,0.14285714285714285,0.7360413763086144,FAIL
mt/set_11/frenetic_v/test-187,0.6996520161628723,0.804955968552935,0.14285714285714285,0.606095921154274,FAIL
mt/set_6/frenetic_v/test-411,0.9392660856246948,0.827291163152485,0.14285714285714285,0.7857228059683218,FAIL
mt/set_14/frenetic_v/test-201,0.2763568162918091,0.06850570880906737,0.14285714285714285,0.1223096172568863,FAIL
mt/set_6/frenetic_v/test-118,0.808725893497467,0.8465705475456288,0.14285714285714285,0.7119683948299832,FAIL
mt/set_13/frenetic_v/test-670,0.9166735410690308,0.921326777231436,0.14285714285714285,0.8564596592137398,FAIL
mt/set_7/frenetic_v/odr/test-486,0.5880898237228394,0.18515431841542343,0.14285714285714285,0.16773168137518607,FAIL
mt/set_9/frenetic_v/test-837,0.7342673540115356,0.20204461482901354,0.14285714285714285,0.18631657129256027,FAIL
mt/set_14/frenetic_v/test-646,0.38903436064720154,0.5033752812734394,0.14285714285714285,0.2831110820801715,FAIL
mt/set_7/frenetic_v/odr/test-944,0.7606924772262573,0.8375697974831237,0.14285714285714285,0.6713198330650095,FAIL
mt_set5/frenetic_v/test-332,0.8403429985046387,0.8158179848320692,0.14285714285714285,0.7083750746785589,FAIL
mt/set_8/frenetic_v/odr/test-888,0.7566869854927063,0.9577186987804539,0.14285714285714285,0.7594522772026494,FAIL
mt/set_6/frenetic_v/test-806,0.573185384273529,0.7340056115787427,0.14285714285714285,0.48169480506404133,FAIL
mt/set_16/frenetic_v/test-428,0.5674700736999512,0.6109953607245048,0.14285714285714285,0.4085115718520985,FAIL
mt/set_7/frenetic_v/odr/test-656,0.6159899830818176,0.6198572103230824,0.14285714285714285,0.4366844063455128,FAIL
mt/set_12/frenetic_v/test-238,0.5049405694007874,0.3236658610439759,0.14285714285714285,0.23415479997102884,FAIL
mt/set_6/frenetic_v/test-634,0.41325104236602783,0.9170486429424674,0.14285714285714285,0.46279258725832195,FAIL
mt/set_11/frenetic_v/test-747,0.9032185673713684,0.9823040808956301,0.14285714285714285,0.9010612036165473,FAIL
mt/set_10/frenetic_v/test-240,0.8301165103912354,0.9634136178014835,0.14285714285714285,0.8240146204168721,FAIL
mt/set_12/frenetic_v/test-495,0.6024312973022461,0.29269105758813235,0.14285714285714285,0.23312178248840698,FAIL
mt/set_17/frenetic_v/test-397,0.7470111846923828,0.9777203655860212,0.14285714285714285,0.7665093079239429,FAIL
mt/set_10/frenetic_v/test-173,0.6887142062187195,0.842764674834014,0.14285714285714285,0.6248934031690967,FAIL
mt/set_10/frenetic_v/test-541,0.5906941294670105,0.94116176348029,0.14285714285714285,0.6144109957856247,FAIL
mt/set_12/frenetic_v/test-190,0.9573871493339539,0.41828485707142266,0.14285714285714285,0.4065480970163191,FAIL
mt/set_6/frenetic_v/test-453,0.9806895852088928,0.5167930660888408,0.14285714285714285,0.5095722083059412,FAIL
mt/set_10/frenetic_v/test-196,0.969222366809845,0.7030030280301136,0.14285714285714285,0.6857630634432853,FAIL
mt_set5/frenetic_v/test-159,0.9641448855400085,0.8704892074339529,0.14285714285714285,0.8443998764737914,FAIL
mt/set_11/frenetic_v/test-570,0.6743054389953613,0.9077423118593215,0.14285714285714285,0.658623372522198,FAIL
mt/set_12/frenetic_v/test-677,0.6190556883811951,0.8254576770286413,0.14285714285714285,0.5654248864280513,FAIL
mt/set_9/frenetic_v/test-167,0.7931681275367737,0.9588021223990888,0.14285714285714285,0.7900386944534592,FAIL
mt/set_12/frenetic_v/test-426,0.02666606195271015,0.47034475095146816,0.14285714285714285,0.15158995009816048,FAIL
mt/set_12/frenetic_v/test-849,0.7676690220832825,0.8882962469094646,0.14285714285714285,0.715107650887627,FAIL
mt/set_12/frenetic_v/test-107,0.30089229345321655,0.05603244714837348,0.14285714285714285,0.11673226103695358,FAIL
mt/set_9/frenetic_v/test-804,0.318634569644928,0.034947356724171395,0.14285714285714285,0.10847335459218728,FAIL
mt/set_11/frenetic_v/test-897,0.704569399356842,0.500791732644387,0.14285714285714285,0.3950469017925791,FAIL
mt/set_8/frenetic_v/odr/test-878,0.356298565864563,0.6908909075756313,0.14285714285714285,0.33812078727169764,FAIL
mt_set5/frenetic_v/test-854,0.7934336066246033,0.07320054448981851,0.14285714285714285,0.08758925678935525,FAIL
mt/set_10/frenetic_v/test-281,0.9438300728797913,0.9688862960802289,0.14285714285714285,0.9224882987445204,FAIL
mt/set_9/frenetic_v/test-455,0.850470244884491,0.4103397505347668,0.14285714285714285,0.3703431417110739,FAIL
mt/set_12/frenetic_v/test-217,0.8473246693611145,0.18498763785871045,0.14285714285714285,0.1785553506043662,FAIL
mt/set_13/frenetic_v/test-489,0.9098938703536987,0.8082895796871962,0.14285714285714285,0.7483300382633332,FAIL
mt/set_17/frenetic_v/test-341,0.038179438561201096,0.7841208989638025,0.14285714285714285,0.16734023037402046,FAIL
mt/set_7/frenetic_v/odr/test-508,0.9313974380493164,0.9587465622135178,0.14285714285714285,0.9027744577772148,FAIL
mt/set_7/frenetic_v/odr/test-757,0.9277956485748291,0.9982220740617274,0.14285714285714285,0.9364610039722644,FAIL
mt/set_17/frenetic_v/test-505,0.8646175861358643,0.8276523043586965,0.14285714285714285,0.7349430823921356,FAIL
mt/set_9/frenetic_v/test-638,0.37706106901168823,0.6922521321221213,0.14285714285714285,0.3500126048190606,FAIL
mt/set_8/frenetic_v/odr/test-210,0.6870309710502625,0.8731283162485763,0.14285714285714285,0.644576056242274,FAIL
mt/set_7/frenetic_v/odr/test-646,0.9892066717147827,0.8357640914520654,0.14285714285714285,0.8282853192847722,FAIL
mt/set_7/frenetic_v/odr/test-268,0.37107086181640625,0.9524682612439925,0.14285714285714285,0.4432802382930957,FAIL
mt/set_11/frenetic_v/test-321,0.6409544944763184,0.8151790426980026,0.14285714285714285,0.573784886294999,FAIL
mt/set_11/frenetic_v/test-618,0.9700103998184204,0.90738117065311,0.14285714285714285,0.8844534007302981,FAIL
mt/set_10/frenetic_v/test-224,0.8844554424285889,0.9701919604411479,0.14285714285714285,0.8745979249799798,FAIL
mt/set_6/frenetic_v/test-690,0.07836013287305832,0.3394449537461455,0.14285714285714285,0.1582617887752601,FAIL
mt_set5/frenetic_v/test-529,0.568602979183197,0.3819207156151901,0.14285714285714285,0.2787894025415475,FAIL
mt/set_8/frenetic_v/odr/test-449,0.8589746952056885,0.4508431258160402,0.14285714285714285,0.4074093086968861,FAIL
mt/set_10/frenetic_v/test-204,0.8672828674316406,0.9979442731338722,0.14285714285714285,0.8844595611074376,FAIL
mt/set_12/frenetic_v/test-916,0.9883434176445007,0.9763035808539601,0.14285714285714285,0.9665884438105526,FAIL
mt/set_8/frenetic_v/odr/test-285,0.287483274936676,0.21037864266466647,0.14285714285714285,0.16226844475044588,FAIL
mt/set_17/frenetic_v/test-1,0.6666778922080994,0.6945856599161041,0.14285714285714285,0.5106823476811115,FAIL
mt/set_14/frenetic_v/test-479,0.6857163906097412,0.2406033836153012,0.14285714285714285,0.20988334226549796,FAIL
mt/set_17/frenetic_v/test-327,0.651009202003479,0.7162541322888019,0.14285714285714285,0.5161438593782445,FAIL
mt_set5/frenetic_v/test-161,0.8833597898483276,0.2785509903603078,0.14285714285714285,0.26272363147124966,FAIL
mt/set_6/frenetic_v/test-802,0.8725629448890686,0.8216240242242409,0.14285714285714285,0.735123971755987,FAIL
mt/set_17/frenetic_v/test-675,0.904040515422821,0.3824485373781148,0.14285714285714285,0.3594574706507548,FAIL
mt/set_12/frenetic_v/test-344,0.6523559093475342,0.7370892018779343,0.14285714285714285,0.5305079380831088,FAIL
mt_set5/frenetic_v/test-574,0.9546544551849365,0.9954162846903909,0.14285714285714285,0.9567565259168993,FAIL
mt/set_8/frenetic_v/odr/test-159,0.6929269433021545,0.9698585993277217,0.14285714285714285,0.7159087341957308,FAIL
mt/set_13/frenetic_v/test-333,0.5450966358184814,0.8648776286912798,0.14285714285714285,0.5364280806773565,FAIL
mt/set_9/frenetic_v/test-501,0.2914436459541321,0.6288579603855877,0.14285714285714285,0.2844989930543217,FAIL
mt/set_7/frenetic_v/odr/test-150,0.8927050828933716,0.9154373975609078,0.14285714285714285,0.8325434631742494,FAIL
mt/set_10/frenetic_v/test-556,0.5318426489830017,0.4663444175903548,0.14285714285714285,0.31490147196354634,FAIL
mt/set_14/frenetic_v/test-612,0.7027345895767212,0.30333083312498255,0.14285714285714285,0.25562755572537504,FAIL
mt/set_9/frenetic_v/test-236,0.6435285210609436,0.7946495541295108,0.14285714285714285,0.562304149321996,FAIL
mt/set_6/frenetic_v/test-348,0.7566995024681091,0.9494124510375864,0.14285714285714285,0.753177143270297,FAIL
mt/set_16/frenetic_v/test-477,0.302907258272171,0.0810623107481178,0.14285714285714285,0.12413904394508357,FAIL
mt/set_17/frenetic_v/test-715,0.7940958142280579,0.7057254771230935,0.14285714285714285,0.5898285310592536,FAIL
mt/set_9/frenetic_v/test-379,0.20108939707279205,0.007306164402589105,0.14285714285714285,0.11559928045582692,FAIL
mt/set_6/frenetic_v/test-622,0.910123884677887,0.23571408728505144,0.14285714285714285,0.22736846583918968,FAIL
mt/set_9/frenetic_v/test-286,0.3714713752269745,0.6483040253354446,0.14285714285714285,0.33061618713806995,FAIL
mt/set_8/frenetic_v/odr/test-602,0.5433111786842346,0.7157818707114482,0.14285714285714285,0.4541335520450098,FAIL
mt/set_18/frenetic_v/test-58,0.7682100534439087,0.6856960302247409,0.14285714285714285,0.5598714335332373,FAIL
mt/set_18/frenetic_v/test-100,0.5902475714683533,0.15009584132010997,0.14285714285714285,0.1471297670455009,FAIL
mt/set_11/frenetic_v/test-201,0.9184586405754089,0.8862683001361225,0.14285714285714285,0.825649543760186,FAIL
mt/set_14/frenetic_v/test-500,0.2595955431461334,0.6381642914687335,0.14285714285714285,0.27143667538260596,FAIL
mt/set_16/frenetic_v/test-116,0.7412347197532654,0.9849987498958247,0.14285714285714285,0.7670817409430247,FAIL
mt/set_14/frenetic_v/test-515,0.9160392880439758,0.8730171958774343,0.14285714285714285,0.8117124379840023,FAIL
mt_set5/frenetic_v/test-532,0.7908250093460083,0.6528599605522682,0.14285714285714285,0.546180125927381,FAIL
mt/set_11/frenetic_v/test-772,0.3679687976837158,0.28755174042281295,0.14285714285714285,0.1961002399547116,FAIL
mt/set_10/frenetic_v/test-867,0.6693697571754456,0.9409673028307914,0.14285714285714285,0.67708794683796,FAIL
mt_set5/frenetic_v/test-291,0.7529275417327881,0.439119926660555,0.14285714285714285,0.36592155237315843,FAIL
mt/set_12/frenetic_v/test-423,0.5954616069793701,0.4948190126955024,0.14285714285714285,0.3524369234665563,FAIL
mt/set_6/frenetic_v/test-780,0.2594897449016571,0.6528877406450537,0.14285714285714285,0.2752048483116929,FAIL
mt_set5/frenetic_v/test-64,0.9800541400909424,0.9883045809373003,0.14285714285714285,0.9714414047768819,FAIL
mt/set_17/frenetic_v/test-196,0.7961386442184448,0.5028474595105147,0.14285714285714285,0.42945934548932696,FAIL
mt/set_14/frenetic_v/test-233,0.642189085483551,0.42200738950468086,0.14285714285714285,0.32212438446423297,FAIL
mt/set_16/frenetic_v/test-11,0.11146927624940872,0.47281717920937855,0.14285714285714285,0.1796375503649238,FAIL
mt/set_11/frenetic_v/test-428,0.30287280678749084,0.5584632052671057,0.14285714285714285,0.26873292175462,FAIL
mt/set_8/frenetic_v/odr/test-438,0.5919263362884521,0.5850765341556241,0.14285714285714285,0.40461844698416227,FAIL
mt/set_6/frenetic_v/test-2,0.8325281143188477,0.8749062421868489,0.14285714285714285,0.7523085991109139,FAIL
mt/set_13/frenetic_v/test-715,0.700384795665741,0.5600744506486651,0.14285714285714285,0.4350698017229187,FAIL
mt/set_10/frenetic_v/test-900,0.6617860794067383,0.9563019140483929,0.14285714285714285,0.6811835687977115,FAIL
mt/set_10/frenetic_v/test-370,0.5705646872520447,0.8682390199183266,0.14285714285714285,0.5567344266808583,FAIL
mt/set_14/frenetic_v/test-76,0.7909353971481323,0.7733144428702391,0.14285714285714285,0.6415081378279404,FAIL
mt/set_9/frenetic_v/test-818,0.8618185520172119,0.9811373169986388,0.14285714285714285,0.8653025487205032,FAIL
mt/set_18/frenetic_v/test-49,0.31372666358947754,0.40356140789510236,0.14285714285714285,0.22464702211104876,FAIL
mt/set_14/frenetic_v/test-727,0.9392427206039429,0.9597744256465817,0.14285714285714285,0.9101407540526759,FAIL
mt_set5/frenetic_v/test-109,0.8252854347229004,0.7035030697002528,0.14285714285714285,0.6055500603174823,FAIL
mt/set_9/frenetic_v/test-834,0.8692321181297302,0.6192460482818013,0.14285714285714285,0.5569496801729225,FAIL
mt/set_7/frenetic_v/odr/test-511,0.07236532121896744,0.49993054976803614,0.14285714285714285,0.16869687145389473,FAIL
mt/set_10/frenetic_v/test-312,0.8154932260513306,0.7512014890129733,0.14285714285714285,0.6389578362538484,FAIL
mt/set_13/frenetic_v/test-768,0.31592869758605957,0.016890296413589995,0.14285714285714285,0.10306060112120803,FAIL
mt/set_14/frenetic_v/test-847,0.4973054528236389,0.4095619079367725,0.14285714285714285,0.27549087682529033,FAIL
mt/set_17/frenetic_v/test-370,0.7046506404876709,0.869683584743173,0.14285714285714285,0.655015860655509,FAIL
mt_set5/frenetic_v/test-682,0.6910039186477661,0.9680251132038782,0.14285714285714285,0.7130514439093606,FAIL
mt/set_14/frenetic_v/test-152,0.4030567705631256,0.574992360474484,0.14285714285714285,0.3170321723740565,FAIL
mt/set_16/frenetic_v/test-545,0.8093660473823547,0.9780815067922327,0.14285714285714285,0.8188593849727279,FAIL
mt/set_6/frenetic_v/test-706,0.40111950039863586,0.9646081617912604,0.14285714285714285,0.4724775052815407,FAIL
mt/set_17/frenetic_v/test-22,0.839212954044342,0.6329694141178431,0.14285714285714285,0.554165709835217,FAIL
mt/set_17/frenetic_v/test-168,0.5388079881668091,0.23413062199627743,0.14285714285714285,0.19203602252508517,FAIL
mt/set_9/frenetic_v/test-210,0.8303685188293457,0.5953829485790483,0.14285714285714285,0.5186203258864978,FAIL
mt/set_14/frenetic_v/test-384,0.9278446435928345,0.8453482234630664,0.14285714285714285,0.7946597291690911,FAIL
mt/set_14/frenetic_v/test-156,0.8159738779067993,0.9661360668944635,0.14285714285714285,0.8146312391028127,FAIL
mt/set_11/frenetic_v/test-741,0.8865434527397156,0.4380365030419201,0.14285714285714285,0.4045464720128554,FAIL
mt/set_11/frenetic_v/test-386,0.6870453357696533,0.9544128677389783,0.14285714285714285,0.7004327183543678,FAIL
mt/set_18/frenetic_v/test-124,0.7712268829345703,0.04942078506542203,0.14285714285714285,0.07079651188467476,FAIL
mt_set5/frenetic_v/test-227,0.968992292881012,0.988665722143512,0.14285714285714285,0.9624391374382729,FAIL
mt/set_14/frenetic_v/test-91,0.3979295492172241,0.6008000666722227,0.14285714285714285,0.3250861640980952,FAIL
mt/set_13/frenetic_v/test-73,0.9595828652381897,0.7528127343945329,0.14285714285714285,0.7281600770526464,FAIL
mt_set5/frenetic_v/test-455,0.42946356534957886,0.7812317693141094,0.14285714285714285,0.4170157859640573,FAIL
mt_set5/frenetic_v/test-420,0.7894975543022156,0.8622385198766563,0.14285714285714285,0.7108069806246088,FAIL
mt/set_8/frenetic_v/odr/test-272,0.5464509129524231,0.5632136011334277,0.14285714285714285,0.37256131324766584,FAIL
mt/set_8/frenetic_v/odr/test-283,0.6457316279411316,0.0241964608161791,0.14285714285714285,0.06623418747022633,FAIL
mt/set_10/frenetic_v/test-7,0.525877058506012,0.4505653248881852,0.14285714285714285,0.3046738165018599,FAIL
mt_set5/frenetic_v/test-748,0.30939438939094543,0.7215045698252631,0.14285714285714285,0.32188741445406077,FAIL
mt/set_9/frenetic_v/test-781,0.9413232803344727,0.8471539294941245,0.14285714285714285,0.8058281043832947,FAIL
mt_set5/frenetic_v/test-677,0.21633532643318176,0.47590076950857013,0.14285714285714285,0.21490624880274473,FAIL
mt_set5/frenetic_v/test-55,0.8296518921852112,0.7224490929799705,0.14285714285714285,0.6237167009718634,FAIL
mt/set_12/frenetic_v/test-411,0.7751466631889343,0.6768341806261633,0.14285714285714285,0.5567676619033106,FAIL
mt/set_12/frenetic_v/test-200,0.4429900646209717,0.35089035197377555,0.14285714285714285,0.23501378760702807,FAIL
mt/set_14/frenetic_v/test-181,0.4997914731502533,0.033141650693113256,0.14285714285714285,0.08802227114360281,FAIL
mt/set_16/frenetic_v/test-107,0.9528635740280151,0.9469122426868906,0.14285714285714285,0.9090119589963688,FAIL
mt/set_11/frenetic_v/test-112,0.6579388976097107,0.5020418368197349,0.14285714285714285,0.37917872444117195,FAIL
mt/set_16/frenetic_v/test-135,0.43423372507095337,0.20957301997388664,0.14285714285714285,0.17182742669892248,FAIL
mt/set_16/frenetic_v/test-744,0.43175986409187317,0.9428841292329917,0.14285714285714285,0.48827669002208485,FAIL
mt/set_7/frenetic_v/odr/test-629,0.3141464591026306,0.8437369780815068,0.14285714285714285,0.363036061349312,FAIL
mt_set5/frenetic_v/test-272,0.8891026377677917,0.9961663471955996,0.14285714285714285,0.9015366072660004,FAIL
mt/set_10/frenetic_v/test-116,0.8351321220397949,0.9045198210962024,0.14285714285714285,0.7789461116134422,FAIL
mt_set5/frenetic_v/test-835,0.5855463743209839,0.11062032947190041,0.14285714285714285,0.12398099365975199,FAIL
mt/set_17/frenetic_v/test-590,0.7179325222969055,0.6519709975831319,0.14285714285714285,0.5083665367168725,FAIL
mt/set_9/frenetic_v/test-319,0.8873222470283508,0.2987471178153735,0.14285714285714285,0.2811817857262734,FAIL
mt/set_7/frenetic_v/odr/test-859,0.7761403322219849,0.9968608495152373,0.14285714285714285,0.8056838634615628,FAIL
mt/set_16/frenetic_v/test-521,0.7406572103500366,0.7402283523626969,0.14285714285714285,0.5853044364329537,FAIL
mt/set_16/frenetic_v/test-444,0.6101034879684448,0.7370058615995777,0.14285714285714285,0.5053493485338849,FAIL
mt/set_8/frenetic_v/odr/test-693,0.4641917645931244,0.4723449176320249,0.14285714285714285,0.29580265018428265,FAIL
mt/set_12/frenetic_v/test-58,0.8884076476097107,0.5444620385032085,0.14285714285714285,0.49964600346660737,FAIL
mt/set_8/frenetic_v/odr/test-820,0.939593493938446,0.19709975831319274,0.14285714285714285,0.19382315143385231,FAIL
mt/set_12/frenetic_v/test-230,0.9083228707313538,0.8859627191154819,0.14285714285714285,0.8178369331405942,FAIL
mt/set_16/frenetic_v/test-190,0.17217183113098145,0.43306386643331385,0.14285714285714285,0.19282256586177476,FAIL
mt/set_16/frenetic_v/test-913,0.3321109712123871,0.49887490624218683,0.14285714285714285,0.261094543766337,FAIL
mt/set_6/frenetic_v/test-704,0.20535039901733398,0.16556935300163902,0.14285714285714285,0.14752110427288068,FAIL
mt/set_16/frenetic_v/test-123,0.6595308184623718,0.6409145206544989,0.14285714285714285,0.4713413328770559,FAIL
mt/set_11/frenetic_v/test-149,0.9500812292098999,0.8784898741561797,0.14285714285714285,0.8417679924567678,FAIL
mt/set_10/frenetic_v/test-308,0.9016929268836975,0.5650193071644859,0.14285714285714285,0.5235177804109874,FAIL
mt/set_14/frenetic_v/test-573,0.8597007393836975,0.9872489374114509,0.14285714285714285,0.8687813929650087,FAIL
mt/set_17/frenetic_v/test-728,0.7899098992347717,0.19857210323082472,0.14285714285714285,0.1868669415917872,FAIL
mt/set_18/frenetic_v/test-218,0.981691300868988,0.840264466483318,0.14285714285714285,0.827495845623282,FAIL
mt/set_16/frenetic_v/test-527,0.5206584930419922,0.8489874156179682,0.14285714285714285,0.5105098665641251,FAIL
mt/set_13/frenetic_v/test-13,0.5522299408912659,0.8683501402894686,0.14285714285714285,0.5434960979462233,FAIL
mt/set_16/frenetic_v/test-253,0.6927233934402466,0.429202433536128,0.14285714285714285,0.3412152243119233,FAIL
mt/set_6/frenetic_v/test-840,0.33231231570243835,0.03616968080673383,0.14285714285714285,0.10740358102928078,FAIL
mt/set_18/frenetic_v/test-197,0.3696550130844116,0.8220407256160235,0.14285714285714285,0.3939207590285944,FAIL
mt/set_18/frenetic_v/test-39,0.4388103783130646,0.5136816956968636,0.14285714285714285,0.30557880943398835,FAIL
mt/set_11/frenetic_v/test-637,0.5695697069168091,0.967802872461594,0.14285714285714285,0.6127212402902233,FAIL
mt/set_16/frenetic_v/test-146,0.21986982226371765,0.4744284245909381,0.14285714285714285,0.21575965738223085,FAIL
mt/set_8/frenetic_v/odr/test-840,0.8726659417152405,0.8304303136372475,0.14285714285714285,0.7428788314340967,FAIL
mt/set_17/frenetic_v/test-358,0.7767460346221924,0.9659138261521794,0.14285714285714285,0.7821631578758561,FAIL
mt/set_7/frenetic_v/odr/test-226,0.449465274810791,0.7987887879545518,0.14285714285714285,0.43767563997794395,FAIL
mt/set_8/frenetic_v/odr/test-763,0.07571868598461151,0.2386865572131011,0.14285714285714285,0.15011321806211356,FAIL
mt/set_7/frenetic_v/odr/test-116,0.4691850244998932,0.8715448509598022,0.14285714285714285,0.4847465072935347,FAIL
mt/set_7/frenetic_v/odr/test-467,0.9111935496330261,0.9663027474511764,0.14285714285714285,0.8931754662368936,FAIL
mt/set_17/frenetic_v/test-242,0.8730092644691467,0.8314581770703114,0.14285714285714285,0.7440122252482749,FAIL
mt/set_7/frenetic_v/odr/test-670,0.9245546460151672,0.5536572492152123,0.14285714285714285,0.5226642897740208,FAIL
mt/set_11/frenetic_v/test-353,0.6108578443527222,0.17043086923910325,0.14285714285714285,0.15970076991559895,FAIL
mt/set_9/frenetic_v/test-873,0.8007060885429382,0.7843709197988721,0.14285714285714285,0.6565211299385618,FAIL
mt/set_14/frenetic_v/test-548,0.7796341776847839,0.9111870433647249,0.14285714285714285,0.7418733930300034,FAIL
mt/set_16/frenetic_v/test-243,0.5154293179512024,0.7289496346917799,0.14285714285714285,0.4449463961797904,FAIL
mt/set_17/frenetic_v/test-103,0.5045908689498901,0.5175431285940495,0.14285714285714285,0.3319202699834747,FAIL
mt/set_12/frenetic_v/test-913,0.3174762725830078,0.519321054532322,0.14285714285714285,0.2623755022977974,FAIL
mt/set_7/frenetic_v/odr/test-489,0.7437807321548462,0.9804705947717866,0.14285714285714285,0.7658578893849646,FAIL
mt/set_16/frenetic_v/test-414,0.855445146560669,0.8897963719198823,0.14285714285714285,0.781822681134631,FAIL
mt/set_11/frenetic_v/test-782,0.7280652523040771,0.9275217379226046,0.14285714285714285,0.7141441692375547,FAIL
mt/set_13/frenetic_v/test-924,0.8715215921401978,0.4338139289385226,0.14285714285714285,0.39643226430678186,FAIL
mt/set_11/frenetic_v/test-634,0.6374694108963013,0.7762313526127177,0.14285714285714285,0.5466138272269395,FAIL
mt_set5/frenetic_v/test-463,0.9515806436538696,0.31197044198127616,0.14285714285714285,0.30378208488811503,FAIL
mt_set5/frenetic_v/test-117,0.6556363701820374,0.16387476734172285,0.14285714285714285,0.15663706188406198,FAIL
mt/set_11/frenetic_v/test-226,0.9399638772010803,0.8728782954135067,0.14285714285714285,0.829050655852824,FAIL
mt/set_8/frenetic_v/odr/test-777,0.7556048035621643,0.920132233241659,0.14285714285714285,0.7301699348408988,FAIL
mt/set_6/frenetic_v/test-353,0.49444130063056946,0.5152651609856377,0.14285714285714285,0.3269910519633231,FAIL
mt/set_17/frenetic_v/test-469,0.9888104200363159,0.9862766341639582,0.14285714285714285,0.9768391243230508,FAIL
mt_set5/frenetic_v/test-848,0.7096295952796936,0.9775536850293081,0.14285714285714285,0.7351825122601361,FAIL
mt/set_16/frenetic_v/test-749,0.9812641143798828,0.9027974553435009,0.14285714285714285,0.8885593005706404,FAIL
mt_set5/frenetic_v/test-695,0.31918564438819885,0.3553629469122427,0.14285714285714285,0.21068594911817684,FAIL
mt/set_12/frenetic_v/test-571,0.8201642632484436,0.9571353168319582,0.14285714285714285,0.8106990014944853,FAIL
mt/set_17/frenetic_v/test-377,0.5827091336250305,0.37153096091340937,0.14285714285714285,0.27610746525943775,FAIL
mt/set_16/frenetic_v/test-529,0.9508817195892334,0.7708142345195432,0.14285714285714285,0.73997006200534,FAIL
mt_set5/frenetic_v/test-781,0.14326591789722443,0.5276273022751896,0.14285714285714285,0.19798159505436802,FAIL
mt/set_10/frenetic_v/test-82,0.5918887853622437,0.9550240297802595,0.14285714285714285,0.623569615069501,FAIL
mt/set_13/frenetic_v/test-113,0.8854542970657349,0.708253465566575,0.14285714285714285,0.6434897463453744,FAIL
mt/set_12/frenetic_v/test-698,0.718533456325531,0.5783815317943162,0.14285714285714285,0.4557959873542349,FAIL
mt_set5/frenetic_v/test-19,0.4937454164028168,0.2800788954635109,0.14285714285714285,0.2106097499798237,FAIL
mt/set_6/frenetic_v/test-100,0.48067641258239746,0.7473956163013584,0.14285714285714285,0.43344452754034735,FAIL
mt/set_10/frenetic_v/test-460,0.3349338471889496,0.9403561407895102,0.14285714285714285,0.4099665461064882,FAIL
mt/set_6/frenetic_v/test-670,0.7298194766044617,0.5200711170375308,0.14285714285714285,0.41815524806136256,FAIL
mt/set_10/frenetic_v/test-932,0.5652918219566345,0.8845181542906354,0.14285714285714285,0.5621120472845822,FAIL
mt/set_9/frenetic_v/test-93,0.9148463606834412,0.7878434313970609,0.14285714285714285,0.7329205016186068,FAIL
mt/set_14/frenetic_v/test-454,0.6833768486976624,0.9820540600605605,0.14285714285714285,0.7163448875724074,FAIL
mt/set_10/frenetic_v/test-44,0.9578409194946289,0.7383948662388532,0.14285714285714285,0.7132875434148183,FAIL
mt/set_16/frenetic_v/test-889,0.5228027701377869,0.5665194321749034,0.14285714285714285,0.3643489613153846,FAIL
mt/set_13/frenetic_v/test-277,0.7633832693099976,0.7928160680056671,0.14285714285714285,0.6390249120542353,FAIL
mt/set_6/frenetic_v/test-688,0.6945853233337402,0.6471094813456676,0.14285714285714285,0.49310341642798944,FAIL
mt/set_13/frenetic_v/test-869,0.8768466711044312,0.11853765591577073,0.14285714285714285,0.12153268168963302,FAIL
mt_set5/frenetic_v/test-297,0.5628367066383362,0.9853043309164653,0.14285714285714285,0.617017343701179,FAIL
mt/set_6/frenetic_v/test-553,0.895233690738678,0.4013945606578325,0.14285714285714285,0.37430854958890186,FAIL
mt/set_10/frenetic_v/test-830,0.8716223835945129,0.8598494318971025,0.14285714285714285,0.7678036708490384,FAIL
mt/set_17/frenetic_v/test-638,0.8931326270103455,0.45348223463066367,0.14285714285714285,0.42028654708815716,FAIL
mt/set_16/frenetic_v/test-487,0.7005476951599121,0.9214656776953635,0.14285714285714285,0.6883095573698944,FAIL
mt/set_6/frenetic_v/test-80,0.5610460638999939,0.8570992027113371,0.14285714285714285,0.5435798392101624,FAIL
mt/set_11/frenetic_v/test-758,0.9494393467903137,0.33575020140567263,0.14285714285714285,0.3259974023658447,FAIL
mt/set_6/frenetic_v/test-906,0.14575034379959106,0.015195710753673914,0.14285714285714285,0.1242504452381141,FAIL
mt/set_11/frenetic_v/test-83,0.6404140591621399,0.9631913770591993,0.14285714285714285,0.6682107196521473,FAIL
mt/set_17/frenetic_v/test-559,0.8359131217002869,0.1643748090118621,0.14285714285714285,0.16084404234423882,FAIL
mt/set_10/frenetic_v/test-311,0.9832615256309509,0.5331833208322916,0.14285714285714285,0.5266498561066856,FAIL
mt/set_8/frenetic_v/odr/test-511,0.986088216304779,0.9182987471178153,0.14285714285714285,0.9075109712510657,FAIL
mt/set_12/frenetic_v/test-212,0.038091789931058884,0.12476039669972498,0.14285714285714285,0.14216780700063175,FAIL
mt/set_16/frenetic_v/test-88,0.785143256187439,0.526127177264772,0.14285714285714285,0.44377902567102057,FAIL
mt/set_16/frenetic_v/test-358,0.8731421828269958,0.7879823318609884,0.14285714285714285,0.7061431585806388,FAIL
mt/set_6/frenetic_v/test-448,0.8588140606880188,0.2874128399588855,0.14285714285714285,0.26700360808067775,FAIL
mt/set_11/frenetic_v/test-157,0.9356454610824585,0.9692196571936551,0.14285714285714285,0.9160394786047886,FAIL
mt/set_16/frenetic_v/test-439,0.03314141184091568,0.481234547323388,0.14285714285714285,0.1540714445831128,FAIL
mt/set_16/frenetic_v/test-343,0.914667010307312,0.5139039364391477,0.14285714285714285,0.4822414042269095,FAIL
mt/set_7/frenetic_v/odr/test-483,0.8829309940338135,0.9810261966274967,0.14285714285714285,0.8829025786709822,FAIL
mt/set_6/frenetic_v/test-60,0.9383248090744019,0.7668416812512153,0.14285714285714285,0.7283573157111397,FAIL
mt/set_9/frenetic_v/test-284,0.9372649192810059,0.9693029974720115,0.14285714285714285,0.9174558500728697,FAIL
mt/set_13/frenetic_v/test-337,0.8597794771194458,0.7814540100563936,0.14285714285714285,0.6919096234278308,FAIL
mt/set_10/frenetic_v/test-621,0.6538338661193848,0.7394782898574881,0.14285714285714285,0.5329482540089603,FAIL
mt/set_8/frenetic_v/odr/test-239,0.9381157159805298,0.9759146595549629,0.14285714285714285,0.9243614915870805,FAIL
mt/set_7/frenetic_v/odr/test-802,0.8008999228477478,0.8228185682140178,0.14285714285714285,0.6874381959649086,FAIL
mt/set_10/frenetic_v/test-641,0.8468161225318909,0.6848626274411757,0.14285714285714285,0.6018361257036121,FAIL
mt/set_9/frenetic_v/test-193,0.8295976519584656,0.8468483484734838,0.14285714285714285,0.7268865940358686,FAIL
mt/set_12/frenetic_v/test-333,0.9010463356971741,0.8489596355251826,0.14285714285714285,0.7790882065023208,FAIL
mt/set_6/frenetic_v/test-489,0.15764476358890533,0.14820679501069528,0.14285714285714285,0.1437004896349098,FAIL
mt/set_18/frenetic_v/test-207,0.8954876065254211,0.7143928660721727,0.14285714285714285,0.6546602996827454,FAIL
mt/set_7/frenetic_v/odr/test-186,0.5376293063163757,0.5004583715309608,0.14285714285714285,0.3351140433669313,FAIL
mt/set_10/frenetic_v/test-808,0.9618256688117981,0.385726588326805,0.14285714285714285,0.37645520967995116,FAIL
mt/set_6/frenetic_v/test-853,0.515522301197052,0.7654804567047253,0.14285714285714285,0.4638333463907829,FAIL
mt/set_14/frenetic_v/test-307,0.889086902141571,0.9607467288940745,0.14285714285714285,0.8700320612005704,FAIL
mt/set_9/frenetic_v/test-628,0.6657026410102844,0.7589521349001306,0.14285714285714285,0.5529932061733699,FAIL
mt/set_9/frenetic_v/test-424,0.4269857406616211,0.8229574686779454,0.14285714285714285,0.43325028420194805,FAIL
mt/set_17/frenetic_v/test-731,0.8724063038825989,0.966163846987249,0.14285714285714285,0.8611151015690531,FAIL
mt/set_12/frenetic_v/test-262,0.9097154140472412,0.73631135927994,0.28571428571428575,0.69562938906154,FAIL
mt/set_10/frenetic_v/test-572,0.8118424415588379,0.8747673417229214,0.14285714285714285,0.7370529057061511,FAIL
mt/set_9/frenetic_v/test-617,0.9609951376914978,0.901658471539295,0.14285714285714285,0.8720615301945391,FAIL
mt/set_13/frenetic_v/test-936,0.8248070478439331,0.9662471872656054,0.14285714285714285,0.8219950546097718,FAIL
mt/set_10/frenetic_v/test-42,0.7977054715156555,0.37355890768675165,0.14285714285714285,0.3268892029500398,FAIL
mt/set_9/frenetic_v/test-170,0.7602826952934265,0.9976942522988027,0.14285714285714285,0.7927750044602898,FAIL
mt/set_17/frenetic_v/test-652,0.14007388055324554,0.9051032030446982,0.14285714285714285,0.24962790431529916,FAIL
mt/set_16/frenetic_v/test-708,0.3335855007171631,0.284773731144262,0.14285714285714285,0.190198459020973,FAIL
mt_set5/frenetic_v/test-79,0.6155897974967957,0.9626079951107036,0.14285714285714285,0.6474874039937379,FAIL
mt/set_10/frenetic_v/test-823,0.731900155544281,0.09675806317193099,0.14285714285714285,0.10911721926508809,FAIL
mt/set_12/frenetic_v/test-932,0.7571537494659424,0.16393032752729386,0.14285714285714285,0.1588127836433359,FAIL
mt/set_9/frenetic_v/test-414,0.56757652759552,0.029863599744423153,0.14285714285714285,0.07872466001651071,FAIL
mt_set5/frenetic_v/test-581,0.2916620075702667,0.8000111120371143,0.14285714285714285,0.3345239930484171,FAIL
mt/set_17/frenetic_v/test-729,0.978849470615387,0.8569047420618384,0.14285714285714285,0.8418022573328472,FAIL
mt/set_10/frenetic_v/test-658,0.9845294952392578,0.9693585576575825,0.14285714285714285,0.9565721635851521,FAIL
mt/set_7/frenetic_v/odr/test-610,0.6526442766189575,0.9379670528099564,0.14285714285714285,0.6617810748708614,FAIL
mt/set_10/frenetic_v/test-492,0.9540207386016846,0.7099202711337055,0.14285714285714285,0.683847127329331,FAIL
mt/set_10/frenetic_v/test-715,0.8540290594100952,0.7003639192154901,0.14285714285714285,0.6189841306852165,FAIL
mt/set_9/frenetic_v/test-508,0.22063857316970825,0.2690224185348779,0.14285714285714285,0.1706940692662412,FAIL
mt/set_11/frenetic_v/test-163,0.5835230946540833,0.42517432008222905,0.14285714285714285,0.30759573578553046,FAIL
mt/set_9/frenetic_v/test-317,0.811286211013794,0.915826318859905,0.14285714285714285,0.7699563768868781,FAIL
mt/set_12/frenetic_v/test-547,0.7673555612564087,0.9623301941828486,0.14285714285714285,0.7716843460916816,FAIL
mt_set5/frenetic_v/test-614,0.6847895979881287,0.8576270244742618,0.14285714285714285,0.632324122743752,FAIL
mt/set_7/frenetic_v/odr/test-526,0.9385387897491455,0.7979553851709865,0.14285714285714285,0.7576922543651701,FAIL
mt/set_7/frenetic_v/odr/test-595,0.6887996792793274,0.9958885462677446,0.14285714285714285,0.7304248999415598,FAIL
mt/set_9/frenetic_v/test-269,0.5419061183929443,0.5267938994916244,0.14285714285714285,0.35091482035331123,FAIL
mt/set_14/frenetic_v/test-113,0.9248529076576233,0.8470983693085534,0.14285714285714285,0.7941766888331007,FAIL
mt/set_6/frenetic_v/test-737,0.5619513988494873,0.9668305692141012,0.14285714285714285,0.6058901624132406,FAIL
mt/set_12/frenetic_v/test-525,0.9418994188308716,0.5589632469372448,0.14285714285714285,0.534787240462169,FAIL
mt/set_6/frenetic_v/test-206,0.41206806898117065,0.879545517682029,0.14285714285714285,0.44642289891211057,FAIL
mt/set_10/frenetic_v/test-716,0.5044053792953491,0.5136261355112925,0.14285714285714285,0.32987501722781376,FAIL
mt/set_12/frenetic_v/test-574,0.9031426310539246,0.979248270689224,0.14285714285714285,0.898237626637568,FAIL
mt/set_6/frenetic_v/test-291,0.6853014826774597,0.4194794010611996,0.14285714285714285,0.33242678654597,FAIL
mt/set_16/frenetic_v/test-183,0.9571747779846191,0.9430785898824902,0.14285714285714285,0.9088089287521603,FAIL
mt/set_11/frenetic_v/test-500,0.8011343479156494,0.7506458871572631,0.14285714285714285,0.629777582192491,FAIL
mt/set_17/frenetic_v/test-364,0.49852609634399414,0.4977359224379809,0.14285714285714285,0.31977347551689883,FAIL
mt/set_8/frenetic_v/odr/test-893,0.7930697202682495,0.2806344973192211,0.14285714285714285,0.2521241908196827,FAIL
mt/set_12/frenetic_v/test-643,0.4443967938423157,0.8897130316415257,0.14285714285714285,0.4747575052951757,FAIL
mt/set_7/frenetic_v/odr/test-839,0.8179420828819275,0.9095757979831653,0.14285714285714285,0.7699885966153519,FAIL
mt/set_9/frenetic_v/test-815,0.5542300343513489,0.9414951245937161,0.14285714285714285,0.5854862989092958,FAIL
mt/set_7/frenetic_v/odr/test-354,0.67887282371521,0.622662999694419,0.14285714285714285,0.46858429972336024,FAIL
mt/set_7/frenetic_v/odr/test-847,0.8102791905403137,0.6388310136955857,0.14285714285714285,0.5447344494492624,FAIL
mt_set5/frenetic_v/test-524,0.9685036540031433,0.8690168625163208,0.14285714285714285,0.846145484736955,FAIL
mt/set_11/frenetic_v/test-129,0.4706878364086151,0.7861210656443592,0.14285714285714285,0.44563364265610156,FAIL
mt/set_7/frenetic_v/odr/test-579,0.8918068408966064,0.9694974581215101,0.14285714285714285,0.8800606309708331,FAIL
mt/set_6/frenetic_v/test-722,0.8125947117805481,0.5133483345834375,0.14285714285714285,0.4439163260152031,FAIL
mt/set_14/frenetic_v/test-804,0.2943173348903656,0.736422479651082,0.14285714285714285,0.3175537066081626,FAIL
mt/set_13/frenetic_v/test-878,0.6102660894393921,0.7327832874961803,0.14285714285714285,0.5028690642040654,FAIL
mt/set_11/frenetic_v/test-139,0.3781220018863678,0.8554323971442065,0.14285714285714285,0.41229752876032955,FAIL
mt/set_10/frenetic_v/test-630,0.5778213739395142,0.7472844959302164,0.14285714285714285,0.49210818645645005,FAIL
mt/set_16/frenetic_v/test-51,0.5665910840034485,0.47359502180737284,0.14285714285714285,0.330250276212555,FAIL
mt/set_18/frenetic_v/test-234,0.7727253437042236,0.8472094896796956,0.14285714285714285,0.6871280521444765,FAIL
mt/set_10/frenetic_v/test-258,0.7078171968460083,0.9897491457621469,0.14285714285714285,0.7423018663846643,FAIL
mt/set_11/frenetic_v/test-796,0.8770929574966431,0.9467455621301775,0.14285714285714285,0.8479420140146301,FAIL
mt/set_10/frenetic_v/test-433,0.6912128329277039,0.9746367752868295,0.14285714285714285,0.7177938989604308,FAIL
mt/set_10/frenetic_v/test-512,0.709623396396637,0.7295885768258465,0.14285714285714285,0.5592154958026835,FAIL
mt/set_9/frenetic_v/test-426,0.2685190737247467,0.6586104397588688,0.14285714285714285,0.2813467446691532,FAIL
mt/set_6/frenetic_v/test-844,0.8890084028244019,0.19826652221018415,0.14285714285714285,0.19211654669728148,FAIL
mt/set_11/frenetic_v/test-674,0.6324233412742615,0.8869628024557602,0.14285714285714285,0.6134469303615886,FAIL
mt/set_17/frenetic_v/test-394,0.6228189468383789,0.44381476234130623,0.14285714285714285,0.33029925046725506,FAIL
mt/set_7/frenetic_v/odr/test-924,0.6546992659568787,0.671639303275273,0.14285714285714285,0.4890504351339851,FAIL
mt_set5/frenetic_v/test-556,0.14240793883800507,0.6815567963996999,0.14285714285714285,0.21957224804214853,FAIL
mt/set_13/frenetic_v/test-353,0.8994579315185547,0.9359391060366141,0.14285714285714285,0.8562010049832246,FAIL
mt/set_14/frenetic_v/test-281,0.6279693245887756,0.5704919854432313,0.14285714285714285,0.4113987061265562,FAIL
mt/set_18/frenetic_v/test-155,0.8725553154945374,0.9934994582881908,0.14285714285714285,0.8850896167710847,FAIL
mt/set_8/frenetic_v/odr/test-698,0.6751737594604492,0.9413562241297886,0.14285714285714285,0.6819827694857099,FAIL
mt/set_14/frenetic_v/test-2,0.8027383685112,0.45403783648637386,0.14285714285714285,0.3926538251732553,FAIL
mt/set_7/frenetic_v/odr/test-194,0.966320812702179,0.9768591827096702,0.14285714285714285,0.9487706718027121,FAIL
mt/set_17/frenetic_v/test-621,0.735120415687561,0.3741978498208184,0.14285714285714285,0.31292041952573424,FAIL
mt/set_6/frenetic_v/test-873,0.874089241027832,0.6266633330555323,0.14285714285714285,0.5657469284522201,FAIL
mt/set_7/frenetic_v/odr/test-740,0.8293149471282959,0.8062338528210684,0.14285714285714285,0.6930053640070186,FAIL
mt/set_16/frenetic_v/test-427,0.49383610486984253,0.71533738922688,0.14285714285714285,0.42556855783930164,FAIL
mt/set_16/frenetic_v/test-238,0.28706690669059753,0.7628691279828875,0.14285714285714285,0.3208420612808125,FAIL
mt/set_6/frenetic_v/test-346,0.9401349425315857,0.262271855987999,0.14285714285714285,0.2551230873238461,FAIL
mt/set_9/frenetic_v/test-711,0.2193203866481781,0.5836875295163486,0.14285714285714285,0.23954022944803108,FAIL
mt/set_17/frenetic_v/test-354,0.8773505091667175,0.8646831680417812,0.14285714285714285,0.7761515735826732,FAIL
mt/set_11/frenetic_v/test-181,0.5995092988014221,0.36430813678917684,0.14285714285714285,0.2756190729482145,FAIL
mt/set_12/frenetic_v/test-632,0.9353238344192505,0.9335777981498458,0.14285714285714285,0.8824370181200162,FAIL
mt/set_7/frenetic_v/odr/test-929,0.4612017273902893,0.22396310803678085,0.14285714285714285,0.18026335409964855,FAIL
mt/set_9/frenetic_v/test-186,0.885208010673523,0.7988999083256938,0.14285714285714285,0.7235914541943155,FAIL
mt/set_13/frenetic_v/test-52,0.9597500562667847,0.4234241742367419,0.14285714285714285,0.4121313670103178,FAIL
mt/set_6/frenetic_v/test-477,0.20595234632492065,0.606050504208684,0.14285714285714285,0.23825290242961955,FAIL
mt/set_16/frenetic_v/test-10,0.05431840568780899,0.060949523571408745,0.14285714285714285,0.13840804837075177,FAIL
mt/set_6/frenetic_v/test-63,0.8602968454360962,0.8693224435369614,0.14285714285714285,0.7678329493507758,FAIL
mt/set_8/frenetic_v/odr/test-531,0.5796363353729248,0.8383476400811178,0.14285714285714285,0.545988705954741,FAIL
mt/set_17/frenetic_v/test-478,0.5680375695228577,0.3498902686334972,0.14285714285714285,0.2604597364338633,FAIL
mt/set_13/frenetic_v/test-83,0.829251766204834,0.9586076617495902,0.14285714285714285,0.8193197014312146,FAIL
mt/set_14/frenetic_v/test-910,0.8599561452865601,0.2166291635414062,0.14285714285714285,0.20629784539478235,FAIL
mt/set_13/frenetic_v/test-216,0.19669482111930847,0.7941772925521571,0.14285714285714285,0.2709684389353303,FAIL
mt/set_7/frenetic_v/odr/test-507,0.7813328504562378,0.9704975414617885,0.14285714285714285,0.7895197746516475,FAIL
mt/set_8/frenetic_v/odr/test-796,0.9414789080619812,0.21112870516987525,0.14285714285714285,0.20713337879501964,FAIL
mt/set_17/frenetic_v/test-84,0.564448893070221,0.7921215656860293,0.14285714285714285,0.5093337276327837,FAIL
mt/set_16/frenetic_v/test-201,0.48546871542930603,0.2816623607522849,0.14285714285714285,0.21024272942610778,FAIL
mt_set5/frenetic_v/test-278,0.620353639125824,0.5821596244131456,0.14285714285714285,0.41538003596741435,FAIL
mt/set_13/frenetic_v/test-605,0.9765532612800598,0.844514820679501,0.14285714285714285,0.8280632364367602,FAIL
mt/set_11/frenetic_v/test-405,0.6496374011039734,0.9386337750368087,0.14285714285714285,0.6598234060456135,FAIL
mt/set_12/frenetic_v/test-405,0.2770223021507263,0.23307497847042807,0.14285714285714285,0.1678494953737909,FAIL
mt/set_9/frenetic_v/test-712,0.4886845350265503,0.8942411867655639,0.14285714285714285,0.5100469049808986,FAIL
mt/set_11/frenetic_v/test-162,0.6119334101676941,0.8777398116509709,0.14285714285714285,0.5925564004452861,FAIL
mt/set_17/frenetic_v/test-331,0.7581355571746826,0.8175403505847709,0.14285714285714285,0.6543584724641304,FAIL
mt/set_9/frenetic_v/test-604,0.6472600102424622,0.9898047059477179,0.14285714285714285,0.6910524312179768,FAIL
mt/set_7/frenetic_v/odr/test-877,0.7625061273574829,0.9626913353890602,0.14285714285714285,0.7679857380799041,FAIL
mt/set_17/frenetic_v/test-411,0.47986283898353577,0.8885462677445343,0.14285714285714285,0.5006856475822294,FAIL
mt/set_17/frenetic_v/test-514,0.7103825807571411,0.4109231324832625,0.14285714285714285,0.3332865523809627,FAIL
mt/set_13/frenetic_v/test-677,0.385968416929245,0.5814929021862932,0.14285714285714285,0.31215668823649767,FAIL
mt/set_14/frenetic_v/test-96,0.9880610704421997,0.789926938355974,0.14285714285714285,0.7822016176485332,FAIL
mt/set_8/frenetic_v/odr/test-643,0.9013391137123108,0.8514042836903075,0.14285714285714285,0.7814983947990993,FAIL
mt/set_12/frenetic_v/test-575,0.5809914469718933,0.09197988721282331,0.14285714285714285,0.11329789248239072,FAIL
mt_set5/frenetic_v/test-100,0.8779301643371582,0.9672194905130983,0.14285714285714285,0.8665897142081014,FAIL
mt/set_16/frenetic_v/test-852,0.882804811000824,0.7554518432091564,0.14285714285714285,0.6836586915215085,FAIL
mt_set5/frenetic_v/test-612,0.7286073565483093,0.6141900713948385,0.14285714285714285,0.48627378197316645,FAIL
mt/set_14/frenetic_v/test-310,0.8775410652160645,0.7635080701169542,0.14285714285714285,0.6875038186920558,FAIL
mt/set_9/frenetic_v/test-374,0.8789150714874268,0.8784620940633943,0.14285714285714285,0.7893914211330904,FAIL
mt/set_7/frenetic_v/odr/test-815,0.777344822883606,0.5191265938828236,0.14285714285714285,0.4353482526212123,FAIL
mt/set_6/frenetic_v/test-506,0.7872657775878906,0.42939689418562654,0.14285714285714285,0.3684400829966024,FAIL
mt/set_12/frenetic_v/test-653,0.871577799320221,0.9836930855349058,0.14285714285714285,0.8757110833655709,FAIL
mt_set5/frenetic_v/test-292,0.6530470848083496,0.3295274606217184,0.14285714285714285,0.2647616496935472,FAIL
mt_set5/frenetic_v/test-149,0.5444726347923279,0.7608689613023307,0.14285714285714285,0.4793476659787921,FAIL
mt/set_6/frenetic_v/test-826,0.7991928458213806,0.9766925021529571,0.14285714285714285,0.809252396599258,FAIL
mt/set_16/frenetic_v/test-189,0.38802823424339294,0.7733977831485956,0.14285714285714285,0.387524709870659,FAIL
mt/set_11/frenetic_v/test-733,0.915078341960907,0.5377948162346862,0.14285714285714285,0.5042560541893634,FAIL
mt/set_10/frenetic_v/test-417,0.1966143101453781,0.020057226991138145,0.14285714285714285,0.11871291998450054,FAIL
mt/set_6/frenetic_v/test-896,0.7149516940116882,0.036864183126371596,0.14285714285714285,0.06707729674431528,FAIL
mt/set_10/frenetic_v/test-381,0.8051063418388367,0.7300886184959858,0.14285714285714285,0.6156409280213537,FAIL
mt/set_10/frenetic_v/test-91,0.5156682729721069,0.4815401283440287,0.14285714285714285,0.31750521306820245,FAIL
mt/set_16/frenetic_v/test-381,0.587358832359314,0.0791177042531322,0.14285714285714285,0.10541922062345298,FAIL
mt/set_8/frenetic_v/odr/test-77,0.1344582438468933,0.10031391504847624,0.14285714285714285,0.13713685515841123,FAIL
mt/set_16/frenetic_v/test-129,0.13006040453910828,0.055782426313303844,0.14285714285714285,0.13153216574084833,FAIL
mt/set_9/frenetic_v/test-173,0.7184289693832397,0.4707614523432508,0.14285714285714285,0.37843309797757024,FAIL
mt/set_10/frenetic_v/test-559,0.9655535817146301,0.909020196127455,0.14285714285714285,0.8826286231197097,FAIL
mt/set_11/frenetic_v/test-244,0.3671330213546753,0.6731949884712615,0.14285714285714285,0.33756167845618357,FAIL
mt/set_7/frenetic_v/odr/test-501,0.39862728118896484,0.12164902630774785,0.14285714285714285,0.13440300901791882,FAIL
mt/set_14/frenetic_v/test-229,0.9407094120979309,0.967691752090452,0.14285714285714285,0.9187868231870358,FAIL
mt/set_9/frenetic_v/test-797,0.29806235432624817,0.6091896546934467,0.14285714285714285,0.2818533134914192,FAIL
mt/set_11/frenetic_v/test-498,0.8976365327835083,0.6539433841709031,0.14285714285714285,0.6016268244633821,FAIL
mt_set5/frenetic_v/test-489,0.725753128528595,0.11798205406006054,0.14285714285714285,0.12480396934023377,FAIL
mt/set_6/frenetic_v/test-152,0.8338466882705688,0.5919104369808594,0.14285714285714285,0.5172987450191936,FAIL
mt/set_8/frenetic_v/odr/test-295,0.8856831192970276,0.911853765591577,0.14285714285714285,0.8239444704094561,FAIL
mt/set_14/frenetic_v/test-295,0.9249088764190674,0.9718032058227074,0.14285714285714285,0.9095567145666327,FAIL
mt/set_11/frenetic_v/test-497,0.7827306389808655,0.9752757174208962,0.14285714285714285,0.7944166656249707,FAIL
mt/set_10/frenetic_v/test-632,0.7439271807670593,0.6341083979220491,0.14285714285714285,0.5083123040858581,FAIL
mt/set_16/frenetic_v/test-404,0.8793789744377136,0.34283412506597766,0.14285714285714285,0.3187126963830969,FAIL
mt/set_8/frenetic_v/odr/test-919,0.7648722529411316,0.8946023279717754,0.14285714285714285,0.7178461762334198,FAIL
mt/set_6/frenetic_v/test-545,0.8015514016151428,0.782676334138956,0.14285714285714285,0.6557051124093474,FAIL
mt/set_17/frenetic_v/test-143,0.5668999552726746,0.8921576798066505,0.14285714285714285,0.5676355837396098,FAIL
mt/set_9/frenetic_v/test-83,0.7035201191902161,0.10403644748173459,0.14285714285714285,0.11554600261958856,FAIL
mt/set_14/frenetic_v/test-629,0.15489529073238373,0.6005222657443675,0.14285714285714285,0.21374731299609434,FAIL
mt/set_10/frenetic_v/test-267,0.10375268757343292,0.0199738867127816,0.14285714285714285,0.13010767690312813,FAIL
mt/set_9/frenetic_v/test-880,0.5876219272613525,0.35166819457176984,0.14285714285714285,0.2655590954991619,FAIL
mt/set_10/frenetic_v/test-161,0.8340787887573242,0.9952773842264634,0.14285714285714285,0.8538427852906917,FAIL
mt_set5/frenetic_v/test-905,0.43470731377601624,0.43248048448481813,0.14285714285714285,0.26875853196041766,FAIL
mt/set_13/frenetic_v/test-108,0.7832130193710327,0.5810762007945106,0.14285714285714285,0.48607601437019815,FAIL
mt/set_13/frenetic_v/test-295,0.6836082935333252,0.6037725366002722,0.14285714285714285,0.45794272863712415,FAIL
mt/set_11/frenetic_v/test-14,0.3249194025993347,0.06264410923132482,0.14285714285714285,0.11679437189076171,FAIL
mt/set_9/frenetic_v/test-422,0.1553555428981781,0.49415229046865017,0.14285714285714285,0.19743278697434957,FAIL
mt/set_11/frenetic_v/test-153,0.9418584108352661,0.9047420618384866,0.14285714285714285,0.8604448618882667,FAIL
mt/set_11/frenetic_v/test-655,0.672002911567688,0.624357585354335,0.14285714285714285,0.46642684213638613,FAIL
mt/set_12/frenetic_v/test-353,0.7133645415306091,0.8438758785454343,0.14285714285714285,0.6429390518457883,FAIL
mt/set_12/frenetic_v/test-541,0.38733476400375366,0.12898297080312246,0.14285714285714285,0.13748319369885137,FAIL
mt_set5/frenetic_v/test-913,0.646396279335022,0.9905269883601412,0.14285714285714285,0.6907877770947739,FAIL
mt/set_8/frenetic_v/odr/test-250,0.41893330216407776,0.2511875989665805,0.14285714285714285,0.1882403828174849,FAIL
mt/set_12/frenetic_v/test-502,0.8689277768135071,0.5643525849376337,0.14285714285714285,0.5091062402811701,FAIL
mt/set_7/frenetic_v/odr/test-254,0.9366282224655151,0.9857488124010334,0.14285714285714285,0.9323332690330275,FAIL
mt/set_6/frenetic_v/test-677,0.7550657391548157,0.4377031419284941,0.14285714285714285,0.3654852550827928,FAIL
mt/set_14/frenetic_v/test-834,0.6662437915802002,0.8572381031752646,0.14285714285714285,0.6188090224921928,FAIL
mt/set_6/frenetic_v/test-570,0.42956793308258057,0.6717226435536294,0.14285714285714285,0.37004080287001667,FAIL
mt/set_8/frenetic_v/odr/test-82,0.53444904088974,0.42409089646359416,0.14285714285714285,0.29316225273793217,FAIL
mt/set_13/frenetic_v/test-586,0.2970629036426544,0.6178292635497402,0.14285714285714285,0.2839537444368697,FAIL
mt/set_12/frenetic_v/test-90,0.7203284502029419,0.9842764674834014,0.14285714285714285,0.7489554209359818,FAIL
mt/set_9/frenetic_v/test-56,0.8700984716415405,0.9825818818234854,0.14285714285714285,0.873500354831349,FAIL
mt/set_14/frenetic_v/test-689,0.5944541692733765,0.9173542239631081,0.14285714285714285,0.6032601618106442,FAIL
mt_set5/frenetic_v/test-808,0.195378839969635,0.5818818234852905,0.14285714285714285,0.2286332756763098,FAIL
mt/set_10/frenetic_v/test-210,0.6099340915679932,0.06858904908742391,0.14285714285714285,0.0975585005512228,FAIL
mt/set_10/frenetic_v/test-201,0.3795585036277771,0.7647303941995167,0.14285714285714285,0.3788944235827948,FAIL
mt/set_13/frenetic_v/test-374,0.8595631122589111,0.9967219490513098,0.14285714285714285,0.876807833117753,FAIL
mt/set_13/frenetic_v/test-664,0.7263751029968262,0.7425896602494653,0.14285714285714285,0.578487911948537,FAIL
mt/set_12/frenetic_v/test-490,0.915431797504425,0.7850932022112954,0.14285714285714285,0.7307804530938734,FAIL
mt/set_12/frenetic_v/test-930,0.9471778869628906,0.8890185293218879,0.14285714285714285,0.8496047082221209,FAIL
mt/set_17/frenetic_v/test-698,0.8920082449913025,0.9723032474928466,0.14285714285714285,0.8827299069681092,FAIL
mt/set_14/frenetic_v/test-808,0.9323031306266785,0.9484957079756646,0.14285714285714285,0.893956499270726,FAIL
mt/set_7/frenetic_v/odr/test-172,0.9397239089012146,0.9816373586687779,0.14285714285714285,0.9310789659686569,FAIL
mt_set5/frenetic_v/test-750,0.9912858605384827,0.8761563463621967,0.14285714285714285,0.8697662748358341,FAIL
mt_set5/frenetic_v/test-729,0.2847263514995575,0.18923799205489344,0.14285714285714285,0.15606298857119494,FAIL
mt/set_10/frenetic_v/test-525,0.1475113034248352,0.42156290802011276,0.14285714285714285,0.18396939354834857,FAIL
mt/set_13/frenetic_v/test-762,0.904705822467804,0.9898880462260744,0.14285714285714285,0.909170932945179,FAIL
mt/set_16/frenetic_v/test-227,0.23771783709526062,0.43095257938161513,0.14285714285714285,0.21134256264728074,FAIL
mt/set_16/frenetic_v/test-849,0.7725455164909363,0.4339250493096647,0.14285714285714285,0.36772034898144185,FAIL
mt/set_16/frenetic_v/test-199,0.8299065828323364,0.938217073645026,0.14285714285714285,0.8029315851390786,FAIL
mt/set_16/frenetic_v/test-152,0.7106088399887085,0.8836569714142845,0.14285714285714285,0.6692760496919673,FAIL
mt/set_14/frenetic_v/test-487,0.8898797631263733,0.9024085340445037,0.14285714285714285,0.8187665549292589,FAIL
mt/set_16/frenetic_v/test-552,0.8168366551399231,0.9707475622968581,0.14285714285714285,0.8191083838946678,FAIL
mt_set5/frenetic_v/test-752,0.19447028636932373,0.050865349890268585,0.14285714285714285,0.12496747253524726,FAIL
mt/set_14/frenetic_v/test-663,0.3358575999736786,0.303025252104342,0.14285714285714285,0.1966508153637545,FAIL
mt/set_14/frenetic_v/test-793,0.7900686264038086,0.6836403033586133,0.14285714285714285,0.5701129516568499,FAIL
mt/set_9/frenetic_v/test-244,0.24610595405101776,0.11084257021418453,0.14285714285714285,0.13497816378457467,FAIL
mt/set_9/frenetic_v/test-659,0.3002077043056488,0.8984082006833903,0.14285714285714285,0.3696793871553905,FAIL
mt/set_6/frenetic_v/test-29,0.4400838017463684,0.043003583631969294,0.14285714285714285,0.09891320889542231,FAIL
mt_set5/frenetic_v/test-443,0.4100477695465088,0.30441425674361755,0.14285714285714285,0.20910327706066312,FAIL
mt_set5/frenetic_v/test-403,0.4140224754810333,0.14090063060810618,0.14285714285714285,0.14204710706996235,FAIL
mt/set_6/frenetic_v/test-833,0.9490758180618286,0.5792704947634525,0.14285714285714285,0.5570465018307283,FAIL
mt/set_8/frenetic_v/odr/test-562,0.5404336452484131,0.30521987943439727,0.14285714285714285,0.23060342843809628,FAIL
mt/set_16/frenetic_v/test-461,0.6661313772201538,0.8985748812401034,0.14285714285714285,0.6462644407158843,FAIL
mt/set_9/frenetic_v/test-552,0.27452510595321655,0.3832819401616801,0.14285714285714285,0.20885978581095155,FAIL
mt/set_11/frenetic_v/test-221,0.8079888224601746,0.8004000333361113,0.14285714285714285,0.674144448652304,FAIL
mt/set_17/frenetic_v/test-59,0.28859633207321167,0.9403283606967248,0.14285714285714285,0.3730044112596033,FAIL
mt/set_16/frenetic_v/test-738,0.14273500442504883,0.5999388837958718,0.14285714285714285,0.20809870717264134,FAIL
mt/set_9/frenetic_v/test-202,0.8359332084655762,0.9106314415090146,0.14285714285714285,0.7846651757066095,FAIL
mt/set_6/frenetic_v/test-774,0.9779720306396484,0.45645470455871323,0.14285714285714285,0.44954678707807005,FAIL
mt/set_17/frenetic_v/test-201,0.6570730209350586,0.4034780676167458,0.14285714285714285,0.3141041212078238,FAIL
mt/set_6/frenetic_v/test-358,0.6524346470832825,0.7437286440536711,0.14285714285714285,0.5348865286827019,FAIL
mt/set_14/frenetic_v/test-464,0.35538944602012634,0.20510042503541961,0.14285714285714285,0.16497774417148042,FAIL
mt/set_7/frenetic_v/odr/test-835,0.7545501589775085,0.8187626746673334,0.14285714285714285,0.6528617693382996,FAIL
mt/set_6/frenetic_v/test-618,0.2926137447357178,0.023418618218184792,0.14285714285714285,0.10790778889682803,FAIL
mt/set_7/frenetic_v/odr/test-723,0.8650940656661987,0.9865266549990277,0.14285714285714285,0.8727106311945845,FAIL
mt/set_8/frenetic_v/odr/test-633,0.8478619456291199,0.6470817012528822,0.14285714285714285,0.5703699579725382,FAIL
mt/set_13/frenetic_v/test-698,0.24123041331768036,0.4377587021140651,0.14285714285714285,0.2139963657559813,FAIL
mt/set_9/frenetic_v/test-172,0.7010767459869385,0.34761230102508545,0.14285714285714285,0.28640622286956496,FAIL
mt/set_13/frenetic_v/test-753,0.4212085008621216,0.07422840792288246,0.14285714285714285,0.11395013629941914,FAIL
mt/set_12/frenetic_v/test-470,0.25483909249305725,0.04722615773536679,0.14285714285714285,0.118486633651967,FAIL
mt/set_11/frenetic_v/test-787,0.7174382209777832,0.9864433147206711,0.14285714285714285,0.748078105240371,FAIL
mt/set_8/frenetic_v/odr/test-579,0.8211995959281921,0.9602466872239352,0.14285714285714285,0.8140971064070819,FAIL
mt/set_11/frenetic_v/test-797,0.3359866142272949,0.8316804178125955,0.14285714285714285,0.37429254281038243,FAIL
mt/set_10/frenetic_v/test-612,0.8879163265228271,0.9886379420507265,0.14285714285714285,0.8938397231206506,FAIL
mt/set_8/frenetic_v/odr/test-904,0.20184041559696198,0.4444814845681585,0.14285714285714285,0.20373712747099165,FAIL
mt/set_11/frenetic_v/test-855,0.5663628578186035,0.27791204822624105,0.14285714285714285,0.21934722502440634,FAIL
mt/set_9/frenetic_v/test-382,0.1608041673898697,0.798094285634914,0.14285714285714285,0.24822200817317683,FAIL
mt/set_9/frenetic_v/test-733,0.7515128254890442,0.900297246992805,0.14285714285714285,0.7120830956548502,FAIL
mt/set_7/frenetic_v/odr/test-872,0.44720420241355896,0.24332583270828123,0.14285714285714285,0.1877871589120818,FAIL
mt/set_8/frenetic_v/odr/test-930,0.583250880241394,0.8790732561046755,0.14285714285714285,0.5722558389566641,FAIL
mt_set5/frenetic_v/test-680,0.339214026927948,0.13081645692696614,0.14285714285714285,0.13877277329579293,FAIL
mt/set_10/frenetic_v/test-9,0.7415680885314941,0.4979303830874795,0.14285714285714285,0.4061681269034376,FAIL
mt/set_9/frenetic_v/test-119,0.3007906973361969,0.08303469733588904,0.14285714285714285,0.1248631120099229,FAIL
mt/set_16/frenetic_v/test-38,0.9843584299087524,0.8754618440425591,0.14285714285714285,0.86400275625979,FAIL
mt/set_17/frenetic_v/test-470,0.2928909361362457,0.36266911131483176,0.14285714285714285,0.2072380803301409,FAIL
mt/set_6/frenetic_v/test-298,0.9395412802696228,0.7554240631163708,0.14285714285714285,0.7183890513683179,FAIL
mt/set_17/frenetic_v/test-173,0.687714695930481,0.6853071089257438,0.14285714285714285,0.5159079563295105,FAIL
mt/set_6/frenetic_v/test-793,0.1828397810459137,0.728032891629858,0.14285714285714285,0.2498505528935993,FAIL
mt/set_11/frenetic_v/test-672,0.30673930048942566,0.3660305025418784,0.14285714285714285,0.211313178837239,FAIL
mt/set_14/frenetic_v/test-97,0.2097139060497284,0.5200433369447455,0.14285714285714285,0.22195832866981036,FAIL
mt/set_11/frenetic_v/test-785,0.4672985374927521,0.8555157374225629,0.14285714285714285,0.4758814660866785,FAIL
mt/set_8/frenetic_v/odr/test-218,0.451755166053772,0.6186904464260911,0.14285714285714285,0.35781729592484796,FAIL
mt/set_17/frenetic_v/test-431,0.9292094111442566,0.07561741256215787,0.14285714285714285,0.08037735266424123,FAIL
mt/set_11/frenetic_v/test-589,0.4894356429576874,0.39267161152318253,0.14285714285714285,0.26512524369136437,FAIL
mt/set_11/frenetic_v/test-512,0.7994844317436218,0.693918937689252,0.14285714285714285,0.583422468754112,FAIL
mt/set_16/frenetic_v/test-854,0.8977065682411194,0.844292579937217,0.14285714285714285,0.7725403419210057,FAIL
mt/set_17/frenetic_v/test-53,0.8537616729736328,0.9085201544573158,0.14285714285714285,0.7965508765749365,FAIL
mt/set_7/frenetic_v/odr/test-749,0.6679099202156067,0.6342750784787621,0.14285714285714285,0.47108005703069666,FAIL
mt/set_7/frenetic_v/odr/test-469,0.7216247916221619,0.9242714670666999,0.14285714285714285,0.706745091735437,FAIL
mt/set_12/frenetic_v/test-169,0.4981098473072052,0.534350084729283,0.14285714285714285,0.33786363661239777,FAIL
mt/set_8/frenetic_v/odr/test-215,0.9376703500747681,0.7090590882573548,0.14285714285714285,0.6737679192135743,FAIL
mt/set_12/frenetic_v/test-819,0.3909720778465271,0.7353668361252326,0.14285714285714285,0.3745118887783763,FAIL
mt/set_16/frenetic_v/test-863,0.28753942251205444,0.05292107675639636,0.14285714285714285,0.11699697834752824,FAIL
mt/set_6/frenetic_v/test-136,0.7323540449142456,0.7596744173125538,0.14285714285714285,0.5945857687775435,FAIL
mt/set_10/frenetic_v/test-76,0.6443617343902588,0.1850987582298525,0.14285714285714285,0.17007602340214825,FAIL
mt/set_9/frenetic_v/test-238,0.8618851900100708,0.852404367030586,0.14285714285714285,0.7544053869849892,FAIL
mt/set_17/frenetic_v/test-78,0.949748694896698,0.8677389782481874,0.14285714285714285,0.8313127199741104,FAIL
mt_set5/frenetic_v/test-202,0.7114231586456299,0.7534794566213852,0.14285714285714285,0.577267998054803,FAIL
mt/set_9/frenetic_v/test-760,0.9627776741981506,0.9992221574020057,0.14285714285714285,0.9673462598253114,FAIL
mt/set_9/frenetic_v/test-601,0.8007097840309143,0.4397310887018362,0.14285714285714285,0.3805670159188526,FAIL
mt/set_12/frenetic_v/test-446,0.8920372724533081,0.8241797927605078,0.14285714285714285,0.7506223411376007,FAIL
mt/set_17/frenetic_v/test-35,0.5738272070884705,0.980165013751146,0.14285714285714285,0.6233271798854422,FAIL
mt/set_18/frenetic_v/test-211,0.6286278963088989,0.8437925382670779,0.14285714285714285,0.5834846859221365,FAIL
mt/set_10/frenetic_v/test-51,0.9362918138504028,0.882379087146151,0.14285714285714285,0.8352654854576748,FAIL
mt/set_13/frenetic_v/test-29,0.5164936184883118,0.4653998944356474,0.14285714285714285,0.3094484157371013,FAIL
mt/set_11/frenetic_v/test-391,0.8649033904075623,0.7338389310220296,0.14285714285714285,0.6539992951100772,FAIL
mt/set_8/frenetic_v/odr/test-105,0.8337240815162659,0.9951384837625358,0.14285714285714285,0.853424620996943,FAIL
mt/set_13/frenetic_v/test-834,0.9382357001304626,0.8253465566574992,0.14285714285714285,0.7831930758457493,FAIL
mt/set_14/frenetic_v/test-746,0.7275660037994385,0.7228657943717531,0.14285714285714285,0.5648517196087289,FAIL
mt/set_8/frenetic_v/odr/test-51,0.8527124524116516,0.8430702558546546,0.14285714285714285,0.739937583652048,FAIL
mt/set_11/frenetic_v/test-642,0.45588189363479614,0.7484790399199933,0.14285714285714285,0.41894920011685266,FAIL
mt/set_14/frenetic_v/test-111,0.7253678441047668,0.5994944023113037,0.14285714285714285,0.47408712728531655,FAIL
mt/set_8/frenetic_v/odr/test-581,0.24662332236766815,0.6194405089312998,0.14285714285714285,0.2603937138547807,FAIL
mt/set_9/frenetic_v/test-11,0.7697280049324036,0.9756646387198933,0.14285714285714285,0.7838923951403287,FAIL
mt/set_7/frenetic_v/odr/test-71,0.9773207902908325,0.9182709670250299,0.14285714285714285,0.9006851942953388,FAIL
mt/set_14/frenetic_v/test-750,0.8459782004356384,0.5324888185126538,0.14285714285714285,0.4724770466609144,FAIL
mt/set_7/frenetic_v/odr/test-687,0.3240385055541992,0.8335694641220102,0.14285714285714285,0.3666745312076824,FAIL
mt/set_10/frenetic_v/test-866,0.2186935544013977,0.08184015334611211,0.14285714285714285,0.12951312054210273,FAIL
mt/set_8/frenetic_v/odr/test-387,0.6196691393852234,0.6962802455760202,0.14285714285714285,0.48579636063484966,FAIL
mt/set_13/frenetic_v/test-260,0.7034834623336792,0.8870183626413313,0.14285714285714285,0.6663622542853777,FAIL
mt/set_12/frenetic_v/test-795,0.45754775404930115,0.7041975720198905,0.14285714285714285,0.3996971912201543,FAIL
mt/set_6/frenetic_v/test-246,0.9198369979858398,0.33030530321971274,0.14285714285714285,0.31527889596301745,FAIL
mt_set5/frenetic_v/test-144,0.9835512042045593,0.9759979998333194,0.14285714285714285,0.9622938360080797,FAIL
mt_set5/frenetic_v/test-557,0.8161483407020569,0.1426785565463788,0.14285714285714285,0.14271138993594065,FAIL
mt/set_16/frenetic_v/test-498,0.8426647782325745,0.72133788926855,0.14285714285714285,0.6303224927437254,FAIL
mt/set_9/frenetic_v/test-870,0.9778708219528198,0.8159568852959969,0.14285714285714285,0.8010617412520563,FAIL
mt/set_17/frenetic_v/test-147,0.5911710858345032,0.9005472678278745,0.14285714285714285,0.5907816367621708,FAIL
mt/set_12/frenetic_v/test-323,0.3740955889225006,0.3732811067588965,0.14285714285714285,0.22905773559230103,FAIL
mt/set_16/frenetic_v/test-942,0.13934023678302765,0.06875572964413701,0.14285714285714285,0.13253183652282297,FAIL
mt/set_12/frenetic_v/test-42,0.926156222820282,0.6659721643470289,0.14285714285714285,0.6273433752607663,FAIL
mt/set_9/frenetic_v/test-131,0.9792512655258179,0.9824152012667723,0.14285714285714285,0.964995434037171,FAIL
mt/set_8/frenetic_v/odr/test-790,0.3530827760696411,0.8883795871878212,0.14285714285714285,0.40608827712364326,FAIL
mt/set_17/frenetic_v/test-595,0.36391282081604004,0.2271578187071144,0.14285714285714285,0.17353523960240463,FAIL
mt/set_11/frenetic_v/test-928,0.5076999068260193,0.8998805456010223,0.14285714285714285,0.5271978538953265,FAIL
mt/set_10/frenetic_v/test-68,0.7189546227455139,0.33530571992110453,0.14285714285714285,0.2812189369780744,FAIL
mt/set_12/frenetic_v/test-566,0.9789792895317078,0.8854348973525571,0.14285714285714285,0.8698253853751143,FAIL
mt/set_8/frenetic_v/odr/test-431,0.5919267535209656,0.8944356474150623,0.14285714285714285,0.5877365670762543,FAIL
mt/set_12/frenetic_v/test-641,0.8362763524055481,0.47873433897269213,0.14285714285714285,0.42374329928085736,FAIL
mt_set5/frenetic_v/test-697,0.8423711061477661,0.9835541850709781,0.14285714285714285,0.8510360402419664,FAIL
mt/set_17/frenetic_v/test-234,0.902535617351532,0.6191349279106593,0.14285714285714285,0.5727148076212385,FAIL
mt_set5/frenetic_v/test-16,0.9376187920570374,0.7610078617662583,0.14285714285714285,0.7224468732298969,FAIL
mt/set_8/frenetic_v/odr/test-699,0.5136541128158569,0.9262438536544711,0.14285714285714285,0.5452469487834768,FAIL
mt/set_16/frenetic_v/test-445,0.7582588195800781,0.6315248492929967,0.14285714285714285,0.5133937411060976,FAIL
mt/set_13/frenetic_v/test-395,0.2964213192462921,0.9378837125315999,0.14285714285714285,0.3785199717333742,FAIL
mt/set_18/frenetic_v/test-166,0.881190836429596,0.9614967913992832,0.14285714285714285,0.864234899490422,FAIL
mt/set_7/frenetic_v/odr/test-619,0.7492374777793884,0.7297274772897742,0.14285714285714285,0.5825623920109937,FAIL
mt/set_6/frenetic_v/test-660,0.8336384892463684,0.9988054560102231,0.14285714285714285,0.8564086015070541,FAIL
mt/set_10/frenetic_v/test-828,0.7490289807319641,0.8268744617607022,0.14285714285714285,0.6552059380384867,FAIL
mt/set_10/frenetic_v/test-555,0.738004744052887,0.9674972914409534,0.14285714285714285,0.7514454846484726,FAIL
mt_set5/frenetic_v/test-137,0.4670867919921875,0.7896213573353335,0.14285714285714285,0.444952164973108,FAIL
mt/set_14/frenetic_v/test-300,0.9661620259284973,0.9709975831319277,0.14285714285714285,0.9429749883863467,FAIL
mt/set_17/frenetic_v/test-188,0.8739581108093262,0.5925215990221407,0.14285714285714285,0.5358450414652075,FAIL
mt/set_8/frenetic_v/odr/test-708,0.6136542558670044,0.7730088618495986,0.14285714285714285,0.5295524270587719,FAIL
mt/set_17/frenetic_v/test-41,0.5499017834663391,0.8336250243075811,0.14285714285714285,0.5227116328280036,FAIL
mt/set_8/frenetic_v/odr/test-764,0.003888537874445319,0.3330833124982638,0.14285714285714285,0.14359684315878066,FAIL
mt/set_11/frenetic_v/test-803,0.10702027380466461,0.8532933299997222,0.14285714285714285,0.21888822025462096,FAIL
mt/set_6/frenetic_v/test-376,0.9963507652282715,0.956746395532961,0.14285714285714285,0.9537763225717603,FAIL
mt/set_8/frenetic_v/odr/test-134,0.9846124053001404,0.9812762174625663,0.14285714285714285,0.9683749645539067,FAIL
mt/set_8/frenetic_v/odr/test-203,0.7613048553466797,0.7793427230046949,0.14285714285714285,0.6274167053816225,FAIL
mt/set_12/frenetic_v/test-63,0.7741636633872986,0.9057143650859794,0.14285714285714285,0.7334334846592775,FAIL
mt/set_13/frenetic_v/test-595,0.5828086733818054,0.9363280273356114,0.14285714285714285,0.6052988564071269,FAIL
mt/set_12/frenetic_v/test-125,0.24735011160373688,0.6066894463427508,0.14285714285714285,0.2575861170184637,FAIL
mt/set_17/frenetic_v/test-532,0.8246583938598633,0.9100758396533045,0.14285714285714285,0.775550481096323,FAIL
mt_set5/frenetic_v/test-567,0.08135475963354111,0.37761480123343605,0.14285714285714285,0.16195579891958511,FAIL
mt/set_6/frenetic_v/test-337,0.44662752747535706,0.8737394782898574,0.14285714285714285,0.4692893174643454,FAIL
mt/set_8/frenetic_v/odr/test-530,0.545687735080719,0.8000388921298996,0.14285714285714285,0.5014731631541784,FAIL
mt/set_13/frenetic_v/test-145,0.7982916235923767,0.8378198183181931,0.14285714285714285,0.6976400253870466,FAIL
mt/set_9/frenetic_v/test-562,0.7772689461708069,0.15523515848542935,0.14285714285714285,0.1524781900202269,FAIL
mt/set_14/frenetic_v/test-661,0.27499693632125854,0.47976220240575607,0.14285714285714285,0.23550500206414265,FAIL
mt/set_13/frenetic_v/test-143,0.04320766404271126,0.5138483762535766,0.14285714285714285,0.15888681009344868,FAIL
mt/set_7/frenetic_v/odr/test-800,0.8388980627059937,0.3732255465733256,0.14285714285714285,0.33611275044332073,FAIL
mt/set_18/frenetic_v/test-226,0.8206096887588501,0.6492207683973664,0.14285714285714285,0.5583840400105086,FAIL
mt/set_11/frenetic_v/test-902,0.9526969194412231,0.9191599299941662,0.14285714285714285,0.8824384167162206,FAIL
mt/set_7/frenetic_v/odr/test-1,0.9397321939468384,0.9226046614995694,0.14285714285714285,0.8756109892755937,FAIL
mt/set_16/frenetic_v/test-629,0.5550989508628845,0.7261160652276578,0.14285714285714285,0.4666235587464323,FAIL
mt/set_14/frenetic_v/test-207,0.22308669984340668,0.7184209795260715,0.14285714285714285,0.2712577776000864,FAIL
mt/set_16/frenetic_v/test-411,0.5685206651687622,0.3038030947023363,0.14285714285714285,0.2343582424563918,FAIL
mt/set_14/frenetic_v/test-458,0.35729411244392395,0.6505819929438564,0.14285714285714285,0.32426424679207416,FAIL
mt_set5/frenetic_v/test-503,0.541365921497345,0.8576825846598328,0.14285714285714285,0.5298392768684028,FAIL
mt/set_9/frenetic_v/test-240,0.6211879849433899,0.43614745673250543,0.14285714285714285,0.3250455619367937,FAIL
mt/set_9/frenetic_v/test-109,0.6076918840408325,0.37103091924327025,0.14285714285714285,0.28151649491794023,FAIL
mt/set_6/frenetic_v/test-194,0.8269452452659607,0.9315220712837181,0.14285714285714285,0.7950398555275185,FAIL
mt/set_14/frenetic_v/test-552,0.9631620645523071,0.23043586965580462,0.14285714285714285,0.22720965017140438,FAIL
mt/set_13/frenetic_v/test-264,0.644067108631134,0.9751090368641832,0.14285714285714285,0.6788832138830424,FAIL
mt/set_12/frenetic_v/test-431,0.6062785983085632,0.3892268800177792,0.14285714285714285,0.2922258417685426,FAIL
mt/set_14/frenetic_v/test-784,0.7345898151397705,0.9776925854932356,0.14285714285714285,0.7561187563353187,FAIL
mt/set_12/frenetic_v/test-628,0.3530087172985077,0.9133261105092091,0.14285714285714285,0.4148394005888295,FAIL
mt/set_18/frenetic_v/test-128,0.8207480907440186,0.9287440620051671,0.14285714285714285,0.7878723312885827,FAIL
mt/set_14/frenetic_v/test-280,0.6894527673721313,0.991443731422063,0.14285714285714285,0.7279175146981033,FAIL
mt/set_10/frenetic_v/test-345,0.602303147315979,0.4164791510403645,0.14285714285714285,0.3076605395608158,FAIL
mt/set_14/frenetic_v/test-120,0.8352304697036743,0.8832680501152874,0.14285714285714285,0.7612708927000865,FAIL
mt/set_7/frenetic_v/odr/test-182,0.6608676910400391,0.32286023835319605,0.14285714285714285,0.2618153729576792,FAIL
mt/set_10/frenetic_v/test-539,0.947924017906189,0.9988332361030086,0.14285714285714285,0.9542574403984064,FAIL
mt/set_17/frenetic_v/test-120,0.6155439019203186,0.8165680473372781,0.14285714285714285,0.5575557817671123,FAIL
mt/set_10/frenetic_v/test-820,0.3302321135997772,0.9184098674889574,0.14285714285714285,0.39896955406289836,FAIL
mt/set_16/frenetic_v/test-306,0.9753881096839905,0.30155290718670996,0.14285714285714285,0.29764710444141534,FAIL
mt/set_8/frenetic_v/odr/test-583,0.38968518376350403,0.9470233630580326,0.14285714285714285,0.45622880841000363,FAIL
mt/set_12/frenetic_v/test-532,0.5609442591667175,0.35358502097397004,0.14285714285714285,0.2610637363331608,FAIL
mt/set_6/frenetic_v/test-423,0.591856062412262,0.9189654693446676,0.14285714285714285,0.6022015609774195,FAIL
mt/set_12/frenetic_v/test-564,0.6961289048194885,0.8736839181042864,0.14285714285714285,0.6516067855226954,FAIL
mt/set_17/frenetic_v/test-658,0.9505037665367126,0.9268550156957523,0.14285714285714285,0.8880500739470119,FAIL
mt/set_7/frenetic_v/odr/test-97,0.9925746917724609,0.8005111537072535,0.14285714285714285,0.795627869969614,FAIL
mt_set5/frenetic_v/test-394,0.15615962445735931,0.7877600911187044,0.14285714285714285,0.2435649429403748,FAIL
mt/set_14/frenetic_v/test-549,0.42531833052635193,0.8409589688029557,0.14285714285714285,0.43977264174833924,FAIL
mt/set_16/frenetic_v/test-608,0.6814873814582825,0.273606133844487,0.14285714285714285,0.2319609303534206,FAIL
mt/set_14/frenetic_v/test-936,0.580590009689331,0.012778842681334555,0.14285714285714285,0.06733498129769859,FAIL
mt/set_17/frenetic_v/test-66,0.6537550687789917,0.6980581715142928,0.14285714285714285,0.5058226295330649,FAIL
mt_set5/frenetic_v/test-287,0.8224358558654785,0.47298385976609164,0.14285714285714285,0.4143651918222147,FAIL
