scenario_id,start_time,end_time,latency_sec,status,retry_count,finish_reason,input_tokens,output_tokens,total_tokens,risk_score,error
mt/set_14/frenetic_v/test-196,2026-08-29T17:49:34.799874+00:00,2026-08-29T17:49:38.466950+00:00,3.6669,ok,0,stop,350,92,442,0.4,
mt/set_18/ambiegen/test-412,2026-08-29T17:49:38.466990+00:00,2026-08-29T17:49:43.298413+00:00,4.8314,ok,0,stop,348,102,450,0.3,
mt/set_8/ambiegen/odr/test-951,2026-08-29T17:49:43.298455+00:00,2026-08-29T17:49:46.319875+00:00,3.0214,ok,0,stop,348,92,440,0.4,
mt/set_8/frenetic_v/odr/test-865,2026-08-29T17:49:46.319934+00:00,2026-08-29T17:49:48.804367+00:00,2.4844,ok,0,stop,350,68,418,0.6,
mt/set_17/ambiegen/test-934,2026-08-29T17:49:48.804426+00:00,2026-08-29T17:49:52.083337+00:00,3.2789,ok,0,stop,348,100,448,0.75,
mt/set_17/ambiegen/test-312,2026-08-29T17:49:52.083380+00:00,2026-08-29T17:49:55.445787+00:00,3.3624,ok,0,stop,348,102,450,0.3,
mt/set_14/ambiegen/test-98,2026-08-29T17:49:55.445829+00:00,2026-08-29T17:49:58.531745+00:00,3.0859,ok,0,stop,348,98,446,0.6,
mt/set_18/ambiegen/test-70,2026-08-29T17:49:58.531786+00:00,2026-08-29T17:50:01.123476+00:00,2.5916,ok,0,stop,348,72,420,0.75,
mt/set_8/frenetic_v/odr/test-127,2026-08-29T17:50:01.123541+00:00,2026-08-29T17:50:05.511010+00:00,4.3874,ok,0,stop,350,96,446,0.5,
mt/set_7/ambiegen/odr/test-767,2026-08-29T17:50:05.511061+00:00,2026-08-29T17:50:07.929455+00:00,2.4184,ok,0,stop,348,72,420,0.2,
mt/set_10/frenetic_v/test-365,2026-08-29T17:50:07.929518+00:00,2026-08-29T17:50:11.142029+00:00,3.2125,ok,0,stop,350,98,448,0.6,
mt/set_7/frenetic_v/odr/test-259,2026-08-29T17:50:11.142102+00:00,2026-08-29T17:50:14.460563+00:00,3.3184,ok,0,stop,349,117,466,0.75,
mt/set_9/frenetic/test-696,2026-08-29T17:50:14.460604+00:00,2026-08-29T17:50:18.065655+00:00,3.605,ok,0,stop,349,120,469,0.75,
mt/set_16/ambiegen/test-552,2026-08-29T17:50:18.065717+00:00,2026-08-29T17:50:22.120724+00:00,4.055,ok,0,stop,348,97,445,0.6,
mt_set5/frenetic/test-0,2026-08-29T17:50:22.120783+00:00,2026-08-29T17:50:25.928686+00:00,3.8079,ok,0,stop,349,132,481,0.75,
mt/set_10/frenetic/test-47,2026-08-29T17:50:25.928747+00:00,2026-08-29T17:50:29.180850+00:00,3.2521,ok,0,stop,348,105,453,0.75,
mt/set_9/ambiegen/test-647,2026-08-29T17:50:29.180910+00:00,2026-08-29T17:50:32.245145+00:00,3.0642,ok,0,stop,348,98,446,0.6,
mt_set5/ambiegen/test-275,2026-08-29T17:50:32.245187+00:00,2026-08-29T17:50:35.371246+00:00,3.126,ok,0,stop,348,97,445,0.6,
mt/set_12/ambiegen/test-92,2026-08-29T17:50:35.371287+00:00,2026-08-29T17:50:39.286141+00:00,3.9148,ok,0,stop,349,103,452,0.4,
mt/set_7/ambiegen/odr/test-237,2026-08-29T17:50:39.286201+00:00,2026-08-29T17:50:42.450871+00:00,3.1646,ok,0,stop,348,102,450,0.4,
mt/set_11/ambiegen/test-746,2026-08-29T17:50:42.450917+00:00,2026-08-29T17:50:45.286640+00:00,2.8357,ok,0,stop,348,85,433,0.5,
mt_set6/frenetic/test-674,2026-08-29T17:50:45.286682+00:00,2026-08-29T17:50:48.595515+00:00,3.3088,ok,0,stop,349,118,467,0.75,
mt/set_11/frenetic_v/test-336,2026-08-29T17:50:48.595557+00:00,2026-08-29T17:50:52.226358+00:00,3.6308,ok,0,stop,349,120,469,0.75,
mt/set_8/ambiegen/odr/test-198,2026-08-29T17:50:52.226413+00:00,2026-08-29T17:50:54.890621+00:00,2.6642,ok,0,stop,347,72,419,0.2,
mt_set5/frenetic/test-178,2026-08-29T17:50:54.890662+00:00,2026-08-29T17:50:58.244788+00:00,3.3541,ok,0,stop,349,117,466,0.75,
mt/set_7/ambiegen/odr/test-859,2026-08-29T17:50:58.244835+00:00,2026-08-29T17:51:00.983202+00:00,2.7383,ok,0,stop,349,84,433,0.3,
mt/set_9/frenetic_v/test-351,2026-08-29T17:51:00.983246+00:00,2026-08-29T17:51:06.679252+00:00,5.696,ok,0,stop,350,103,453,0.4,
mt/set_11/frenetic_v/test-409,2026-08-29T17:51:06.679309+00:00,2026-08-29T17:51:10.127704+00:00,3.4483,ok,0,stop,350,118,468,0.75,
mt/set_8/frenetic_v/odr/test-111,2026-08-29T17:51:10.127775+00:00,2026-08-29T17:51:13.358070+00:00,3.2303,ok,0,stop,350,103,453,0.6,
mt/set_17/frenetic/test-937,2026-08-29T17:51:13.358116+00:00,2026-08-29T17:51:16.868449+00:00,3.5103,ok,0,stop,349,118,467,0.75,
mt/set_9/frenetic/test-12,2026-08-29T17:51:16.868494+00:00,2026-08-29T17:51:20.590163+00:00,3.7216,ok,0,stop,349,128,477,0.75,
mt/set_10/ambiegen/test-192,2026-08-29T17:51:20.590209+00:00,2026-08-29T17:51:23.733661+00:00,3.1434,ok,0,stop,348,97,445,0.4,
mt/set_17/frenetic/test-32,2026-08-29T17:51:23.733708+00:00,2026-08-29T17:51:27.372510+00:00,3.6387,ok,0,stop,348,118,466,0.75,
mt_set6/frenetic/test-867,2026-08-29T17:51:27.372606+00:00,2026-08-29T17:51:31.096651+00:00,3.724,ok,0,stop,349,129,478,0.75,
mt/set_17/ambiegen/test-733,2026-08-29T17:51:31.096695+00:00,2026-08-29T17:51:35.304653+00:00,4.2079,ok,0,stop,348,92,440,0.4,
mt/set_17/frenetic_v/test-327,2026-08-29T17:51:35.304699+00:00,2026-08-29T17:51:38.581288+00:00,3.2766,ok,0,stop,350,97,447,0.6,
mt/set_11/frenetic_v/test-928,2026-08-29T17:51:38.581329+00:00,2026-08-29T17:51:41.563200+00:00,2.9818,ok,0,stop,350,93,443,0.4,
mt/set_14/ambiegen/test-675,2026-08-29T17:51:41.563249+00:00,2026-08-29T17:51:44.825268+00:00,3.262,ok,0,stop,348,101,449,0.3,
mt/set_14/frenetic_v/test-775,2026-08-29T17:51:44.825313+00:00,2026-08-29T17:51:47.863838+00:00,3.0385,ok,0,stop,350,102,452,0.5,
mt/set_12/frenetic_v/test-849,2026-08-29T17:51:47.863880+00:00,2026-08-29T17:51:52.074047+00:00,4.2101,ok,0,stop,350,97,447,0.6,
mt/set_2/ambiegen/odr/test-457,2026-08-29T17:51:52.074091+00:00,2026-08-29T17:51:55.165879+00:00,3.0917,ok,0,stop,348,84,432,0.3,
mt/set_18/frenetic_v/test-242,2026-08-29T17:51:55.165925+00:00,2026-08-29T17:51:58.264542+00:00,3.0986,ok,0,stop,349,98,447,0.6,
mt/set_11/frenetic/test-822,2026-08-29T17:51:58.264588+00:00,2026-08-29T17:52:01.347838+00:00,3.0832,ok,0,stop,349,96,445,0.6,
mt_set6/frenetic/test-147,2026-08-29T17:52:01.347885+00:00,2026-08-29T17:52:04.326081+00:00,2.9782,ok,0,stop,349,97,446,0.75,
mt/set_17/ambiegen/test-653,2026-08-29T17:52:04.326140+00:00,2026-08-29T17:52:06.894511+00:00,2.5683,ok,0,stop,348,72,420,0.75,
mt/set_2/ambiegen/odr/test-465,2026-08-29T17:52:06.894570+00:00,2026-08-29T17:52:09.413344+00:00,2.5187,ok,0,stop,348,68,416,0.65,
mt/set_7/ambiegen/odr/test-750,2026-08-29T17:52:09.413384+00:00,2026-08-29T17:52:12.666811+00:00,3.2534,ok,0,stop,348,98,446,0.6,
mt/set_9/frenetic_v/test-529,2026-08-29T17:52:12.666853+00:00,2026-08-29T17:52:15.834310+00:00,3.1674,ok,0,stop,349,98,447,0.6,
mt/set_8/frenetic/odr/test-644,2026-08-29T17:52:15.834372+00:00,2026-08-29T17:52:19.315205+00:00,3.4808,ok,0,stop,349,118,467,0.75,
mt/set_12/ambiegen/test-339,2026-08-29T17:52:19.315264+00:00,2026-08-29T17:52:21.841683+00:00,2.5264,ok,0,stop,348,72,420,0.75,
mt/set_12/ambiegen/test-257,2026-08-29T17:52:21.841765+00:00,2026-08-29T17:52:24.870162+00:00,3.0284,ok,0,stop,348,98,446,0.6,
mt/set_9/frenetic/test-421,2026-08-29T17:52:24.870201+00:00,2026-08-29T17:52:28.604785+00:00,3.7346,ok,0,stop,349,118,467,0.75,
mt/set_17/ambiegen/test-785,2026-08-29T17:52:28.604825+00:00,2026-08-29T17:52:31.497625+00:00,2.8928,ok,0,stop,348,84,432,0.3,
mt_set5/frenetic/test-416,2026-08-29T17:52:31.497665+00:00,2026-08-29T17:52:36.984241+00:00,5.4865,ok,0,stop,349,97,446,0.75,
mt/set_7/frenetic_v/odr/test-815,2026-08-29T17:52:36.984294+00:00,2026-08-29T17:52:40.528131+00:00,3.5438,ok,0,stop,350,118,468,0.75,
mt_set6/frenetic/test-530,2026-08-29T17:52:40.528192+00:00,2026-08-29T17:52:44.147768+00:00,3.6195,ok,0,stop,348,117,465,0.75,
mt/set_10/frenetic_v/test-393,2026-08-29T17:52:44.147865+00:00,2026-08-29T17:52:47.306049+00:00,3.1582,ok,0,stop,350,104,454,0.6,
mt/set_17/ambiegen/test-820,2026-08-29T17:52:47.306088+00:00,2026-08-29T17:52:50.388264+00:00,3.0821,ok,0,stop,349,92,441,0.4,
mt/set_17/frenetic_v/test-341,2026-08-29T17:52:50.388322+00:00,2026-08-29T17:52:53.832315+00:00,3.444,ok,0,stop,350,118,468,0.75,
mt/set_18/ambiegen/test-350,2026-08-29T17:52:53.832357+00:00,2026-08-29T17:52:56.667035+00:00,2.8346,ok,0,stop,348,84,432,0.3,
mt/set_18/frenetic_v/test-70,2026-08-29T17:52:56.667078+00:00,2026-08-29T17:53:00.111558+00:00,3.4444,ok,0,stop,350,118,468,0.75,
mt/set_10/frenetic/test-339,2026-08-29T17:53:00.111601+00:00,2026-08-29T17:53:03.804007+00:00,3.6924,ok,0,stop,349,118,467,0.75,
mt/set_16/frenetic/test-166,2026-08-29T17:53:03.804048+00:00,2026-08-29T17:53:07.344192+00:00,3.5401,ok,0,stop,349,118,467,0.75,
mt/set_14/ambiegen/test-466,2026-08-29T17:53:07.344252+00:00,2026-08-29T17:53:10.406039+00:00,3.0617,ok,0,stop,349,96,445,0.5,
mt_set5/frenetic/test-565,2026-08-29T17:53:10.406099+00:00,2026-08-29T17:53:13.855065+00:00,3.4489,ok,0,stop,349,118,467,0.75,
mt/set_17/ambiegen/test-890,2026-08-29T17:53:13.855104+00:00,2026-08-29T17:53:17.678314+00:00,3.8232,ok,0,stop,349,129,478,0.6,
mt/set_11/frenetic/test-851,2026-08-29T17:53:17.678354+00:00,2026-08-29T17:53:21.379072+00:00,3.7007,ok,0,stop,349,118,467,0.75,
mt/set_16/ambiegen/test-397,2026-08-29T17:53:21.379132+00:00,2026-08-29T17:53:24.636719+00:00,3.2576,ok,0,stop,348,98,446,0.6,
mt/set_17/frenetic_v/test-638,2026-08-29T17:53:24.636762+00:00,2026-08-29T17:53:27.846814+00:00,3.21,ok,0,stop,349,96,445,0.6,
mt/set_9/frenetic_v/test-241,2026-08-29T17:53:27.846857+00:00,2026-08-29T17:53:31.057087+00:00,3.2102,ok,0,stop,350,104,454,0.5,
mt/set_6/frenetic_v/test-520,2026-08-29T17:53:31.057150+00:00,2026-08-29T17:53:34.472812+00:00,3.4156,ok,0,stop,350,117,467,0.75,
mt/set_10/frenetic_v/test-9,2026-08-29T17:53:34.472875+00:00,2026-08-29T17:53:37.875778+00:00,3.4029,ok,0,stop,350,109,459,0.75,
mt/set_18/frenetic/test-286,2026-08-29T17:53:37.875837+00:00,2026-08-29T17:53:41.367396+00:00,3.4915,ok,0,stop,349,117,466,0.75,
mt_set5/frenetic/test-765,2026-08-29T17:53:41.367455+00:00,2026-08-29T17:53:44.658665+00:00,3.2912,ok,0,stop,349,105,454,0.75,
mt/set_11/ambiegen/test-876,2026-08-29T17:53:44.658736+00:00,2026-08-29T17:53:48.307358+00:00,3.6486,ok,0,stop,348,127,475,0.4,
mt/set_11/frenetic_v/test-705,2026-08-29T17:53:48.307417+00:00,2026-08-29T17:53:51.235684+00:00,2.9282,ok,0,stop,350,97,447,0.6,
mt_set5/ambiegen/test-674,2026-08-29T17:53:51.235723+00:00,2026-08-29T17:53:54.527471+00:00,3.2917,ok,0,stop,348,99,447,0.5,
mt/set_8/ambiegen/odr/test-930,2026-08-29T17:53:54.527512+00:00,2026-08-29T17:53:57.329783+00:00,2.8022,ok,0,stop,349,92,441,0.4,
mt/set_8/frenetic_v/odr/test-711,2026-08-29T17:53:57.329843+00:00,2026-08-29T17:54:00.724026+00:00,3.3941,ok,0,stop,350,101,451,0.6,
mt_set5/ambiegen/test-802,2026-08-29T17:54:00.724125+00:00,2026-08-29T17:54:03.995928+00:00,3.2718,ok,0,stop,348,116,464,0.6,
mt/set_8/frenetic_v/odr/test-451,2026-08-29T17:54:03.995987+00:00,2026-08-29T17:54:07.853531+00:00,3.8575,ok,0,stop,350,129,479,0.6,
mt_set5/ambiegen/test-57,2026-08-29T17:54:07.853573+00:00,2026-08-29T17:54:10.976632+00:00,3.123,ok,0,stop,348,98,446,0.6,
mt/set_8/ambiegen/odr/test-330,2026-08-29T17:54:10.976678+00:00,2026-08-29T17:54:13.610672+00:00,2.634,ok,0,stop,348,84,432,0.3,
mt/set_12/frenetic_v/test-930,2026-08-29T17:54:13.610726+00:00,2026-08-29T17:54:16.846048+00:00,3.2353,ok,0,stop,350,100,450,0.3,
mt/set_7/ambiegen/odr/test-361,2026-08-29T17:54:16.846094+00:00,2026-08-29T17:54:19.470729+00:00,2.6246,ok,0,stop,348,72,420,0.65,
mt/set_11/frenetic_v/test-642,2026-08-29T17:54:19.470771+00:00,2026-08-29T17:54:22.687524+00:00,3.2167,ok,0,stop,350,98,448,0.6,
mt/set_9/ambiegen/test-140,2026-08-29T17:54:22.687574+00:00,2026-08-29T17:54:25.691987+00:00,3.0044,ok,0,stop,348,94,442,0.5,
mt/set_10/frenetic/test-201,2026-08-29T17:54:25.692037+00:00,2026-08-29T17:54:29.547145+00:00,3.8551,ok,0,stop,349,118,467,0.75,
mt/set_18/ambiegen/test-774,2026-08-29T17:54:29.547185+00:00,2026-08-29T17:54:32.461347+00:00,2.9141,ok,0,stop,347,84,431,0.3,
mt/set_7/frenetic/odr/test-422,2026-08-29T17:54:32.461409+00:00,2026-08-29T17:54:35.927768+00:00,3.4663,ok,0,stop,348,118,466,0.75,
mt/set_11/frenetic_v/test-781,2026-08-29T17:54:35.927828+00:00,2026-08-29T17:54:38.999240+00:00,3.0714,ok,0,stop,350,98,448,0.6,
mt/set_10/frenetic_v/test-42,2026-08-29T17:54:38.999280+00:00,2026-08-29T17:54:42.262853+00:00,3.2635,ok,0,stop,349,105,454,0.75,
mt/set_10/frenetic/test-775,2026-08-29T17:54:42.262895+00:00,2026-08-29T17:54:45.964102+00:00,3.7012,ok,0,stop,349,118,467,0.75,
mt/set_12/ambiegen/test-665,2026-08-29T17:54:45.964148+00:00,2026-08-29T17:54:48.997911+00:00,3.0337,ok,0,stop,348,98,446,0.6,
mt/set_8/frenetic/odr/test-590,2026-08-29T17:54:48.997971+00:00,2026-08-29T17:54:52.465582+00:00,3.4676,ok,0,stop,348,118,466,0.75,
mt/set_8/frenetic/odr/test-667,2026-08-29T17:54:52.465641+00:00,2026-08-29T17:54:55.922496+00:00,3.4568,ok,0,stop,348,118,466,0.75,
mt/set_13/ambiegen/test-438,2026-08-29T17:54:55.922540+00:00,2026-08-29T17:54:58.988313+00:00,3.0657,ok,0,stop,348,100,448,0.3,
mt/set_16/frenetic_v/test-319,2026-08-29T17:54:58.988354+00:00,2026-08-29T17:55:01.797299+00:00,2.8089,ok,0,stop,350,70,420,0.6,
mt/set_7/ambiegen/odr/test-446,2026-08-29T17:55:01.797341+00:00,2026-08-29T17:55:04.616514+00:00,2.8191,ok,0,stop,348,84,432,0.3,
mt_set5/frenetic_v/test-666,2026-08-29T17:55:04.616576+00:00,2026-08-29T17:55:08.111523+00:00,3.4949,ok,0,stop,350,118,468,0.6,
mt/set_17/frenetic_v/test-456,2026-08-29T17:55:08.111612+00:00,2026-08-29T17:55:11.725853+00:00,3.6142,ok,0,stop,349,120,469,0.75,
mt/set_11/frenetic_v/test-189,2026-08-29T17:55:11.725894+00:00,2026-08-29T17:55:15.383521+00:00,3.6576,ok,0,stop,349,117,466,0.75,
mt/set_16/ambiegen/test-405,2026-08-29T17:55:15.383583+00:00,2026-08-29T17:55:18.657633+00:00,3.274,ok,0,stop,348,94,442,0.4,
mt/set_16/frenetic_v/test-297,2026-08-29T17:55:18.657693+00:00,2026-08-29T17:55:22.026429+00:00,3.3687,ok,0,stop,350,117,467,0.75,
mt/set_8/frenetic_v/odr/test-495,2026-08-29T17:55:22.026470+00:00,2026-08-29T17:55:25.285622+00:00,3.2591,ok,0,stop,350,104,454,0.6,
mt/set_11/ambiegen/test-484,2026-08-29T17:55:25.285701+00:00,2026-08-29T17:55:28.274417+00:00,2.9887,ok,0,stop,348,92,440,0.4,
mt/set_17/frenetic/test-127,2026-08-29T17:55:28.274461+00:00,2026-08-29T17:55:31.672587+00:00,3.3981,ok,0,stop,348,117,465,0.75,
mt/set_12/frenetic_v/test-799,2026-08-29T17:55:31.672631+00:00,2026-08-29T17:55:35.331232+00:00,3.6586,ok,0,stop,350,117,467,0.75,
mt/set_13/ambiegen/test-150,2026-08-29T17:55:35.331272+00:00,2026-08-29T17:55:38.538039+00:00,3.2067,ok,0,stop,348,105,453,0.4,
mt/set_9/ambiegen/test-798,2026-08-29T17:55:38.538086+00:00,2026-08-29T17:55:41.258518+00:00,2.7204,ok,0,stop,348,85,433,0.4,
mt_set6/frenetic/test-690,2026-08-29T17:55:41.258563+00:00,2026-08-29T17:55:44.466598+00:00,3.208,ok,0,stop,349,104,453,0.5,
mt/set_18/frenetic/test-801,2026-08-29T17:55:44.466639+00:00,2026-08-29T17:55:47.915044+00:00,3.4484,ok,0,stop,348,118,466,0.75,
mt/set_11/ambiegen/test-527,2026-08-29T17:55:47.915086+00:00,2026-08-29T17:55:51.135509+00:00,3.2204,ok,0,stop,348,100,448,0.75,
mt/set_16/frenetic_v/test-384,2026-08-29T17:55:51.135580+00:00,2026-08-29T17:55:54.167259+00:00,3.0316,ok,0,stop,350,98,448,0.6,
mt_set5/frenetic_v/test-663,2026-08-29T17:55:54.167301+00:00,2026-08-29T17:55:57.307262+00:00,3.1399,ok,0,stop,350,98,448,0.6,
mt/set_16/frenetic/test-570,2026-08-29T17:55:57.307304+00:00,2026-08-29T17:56:00.928590+00:00,3.6213,ok,0,stop,349,118,467,0.75,
mt/set_16/ambiegen/test-595,2026-08-29T17:56:00.928631+00:00,2026-08-29T17:56:03.846175+00:00,2.9175,ok,0,stop,348,92,440,0.4,
mt/set_8/frenetic_v/odr/test-545,2026-08-29T17:56:03.846217+00:00,2026-08-29T17:56:07.409514+00:00,3.5633,ok,0,stop,349,118,467,0.75,
mt/set_11/frenetic/test-136,2026-08-29T17:56:07.409554+00:00,2026-08-29T17:56:11.110444+00:00,3.7008,ok,0,stop,349,118,467,0.75,
mt/set_17/frenetic_v/test-354,2026-08-29T17:56:11.110493+00:00,2026-08-29T17:56:14.730496+00:00,3.62,ok,0,stop,350,117,467,0.75,
mt_set5/frenetic_v/test-39,2026-08-29T17:56:14.730538+00:00,2026-08-29T17:56:18.296193+00:00,3.5656,ok,0,stop,349,118,467,0.75,
mt/set_6/frenetic_v/test-215,2026-08-29T17:56:18.296255+00:00,2026-08-29T17:56:21.770741+00:00,3.4744,ok,0,stop,349,118,467,0.75,
mt/set_2/ambiegen/odr/test-115,2026-08-29T17:56:21.770803+00:00,2026-08-29T17:56:25.234516+00:00,3.4637,ok,0,stop,349,106,455,0.75,
mt/set_17/ambiegen/test-768,2026-08-29T17:56:25.234558+00:00,2026-08-29T17:56:28.421456+00:00,3.1869,ok,0,stop,348,111,459,0.4,
mt/set_10/frenetic_v/test-308,2026-08-29T17:56:28.421496+00:00,2026-08-29T17:56:31.872047+00:00,3.4505,ok,0,stop,350,118,468,0.75,
mt/set_12/ambiegen/test-33,2026-08-29T17:56:31.872089+00:00,2026-08-29T17:56:34.865705+00:00,2.9936,ok,0,stop,348,92,440,0.4,
mt/set_6/frenetic_v/test-453,2026-08-29T17:56:34.865768+00:00,2026-08-29T17:56:38.068426+00:00,3.2026,ok,0,stop,349,103,452,0.75,
mt/set_12/frenetic/test-500,2026-08-29T17:56:38.068477+00:00,2026-08-29T17:56:41.491438+00:00,3.4229,ok,0,stop,349,103,452,0.5,
mt/set_17/frenetic/test-841,2026-08-29T17:56:41.491511+00:00,2026-08-29T17:56:45.061704+00:00,3.5702,ok,0,stop,348,117,465,0.75,
mt/set_12/ambiegen/test-349,2026-08-29T17:56:45.061748+00:00,2026-08-29T17:56:48.097598+00:00,3.0358,ok,0,stop,348,93,441,0.4,
mt/set_11/ambiegen/test-903,2026-08-29T17:56:48.097639+00:00,2026-08-29T17:56:51.113319+00:00,3.0156,ok,0,stop,348,92,440,0.4,
mt/set_16/ambiegen/test-105,2026-08-29T17:56:51.113377+00:00,2026-08-29T17:56:54.129050+00:00,3.0156,ok,0,stop,349,97,446,0.4,
mt/set_9/frenetic/test-317,2026-08-29T17:56:54.129089+00:00,2026-08-29T17:56:57.554470+00:00,3.4253,ok,0,stop,348,118,466,0.75,
mt/set_7/frenetic_v/odr/test-182,2026-08-29T17:56:57.554514+00:00,2026-08-29T17:57:01.350241+00:00,3.7957,ok,0,stop,350,128,478,0.75,
mt/set_13/frenetic_v/test-860,2026-08-29T17:57:01.350300+00:00,2026-08-29T17:57:04.661419+00:00,3.3111,ok,0,stop,350,103,453,0.6,
mt/set_7/frenetic/odr/test-365,2026-08-29T17:57:04.661478+00:00,2026-08-29T17:57:08.116500+00:00,3.455,ok,0,stop,348,118,466,0.75,
mt/set_8/ambiegen/odr/test-702,2026-08-29T17:57:08.116539+00:00,2026-08-29T17:57:11.031905+00:00,2.9153,ok,0,stop,348,94,442,0.4,
mt/set_13/frenetic_v/test-613,2026-08-29T17:57:11.031970+00:00,2026-08-29T17:57:14.283663+00:00,3.2517,ok,0,stop,349,109,458,0.75,
mt/set_16/frenetic/test-294,2026-08-29T17:57:14.283704+00:00,2026-08-29T17:57:18.118010+00:00,3.8343,ok,0,stop,348,133,481,0.75,
mt/set_9/frenetic/test-268,2026-08-29T17:57:18.118051+00:00,2026-08-29T17:57:21.479318+00:00,3.3612,ok,0,stop,349,109,458,0.75,
mt/set_9/frenetic_v/test-697,2026-08-29T17:57:21.479364+00:00,2026-08-29T17:57:24.738495+00:00,3.2591,ok,0,stop,350,104,454,0.6,
mt/set_16/frenetic/test-453,2026-08-29T17:57:24.738536+00:00,2026-08-29T17:57:28.026541+00:00,3.288,ok,0,stop,348,118,466,0.75,
mt_set5/ambiegen/test-623,2026-08-29T17:57:28.026603+00:00,2026-08-29T17:57:31.077431+00:00,3.0508,ok,0,stop,348,100,448,0.3,
mt/set_14/ambiegen/test-23,2026-08-29T17:57:31.077500+00:00,2026-08-29T17:57:33.877306+00:00,2.7998,ok,0,stop,348,84,432,0.3,
mt/set_7/ambiegen/odr/test-516,2026-08-29T17:57:33.877345+00:00,2026-08-29T17:57:36.204631+00:00,2.3273,ok,0,stop,349,65,414,0.3,
mt/set_13/frenetic_v/test-779,2026-08-29T17:57:36.204675+00:00,2026-08-29T17:57:39.422334+00:00,3.2176,ok,0,stop,350,104,454,0.5,
mt/set_12/frenetic/test-132,2026-08-29T17:57:39.422394+00:00,2026-08-29T17:57:42.652232+00:00,3.2298,ok,0,stop,349,94,443,0.5,
mt_set5/frenetic/test-331,2026-08-29T17:57:42.652273+00:00,2026-08-29T17:57:46.208702+00:00,3.5564,ok,0,stop,348,120,468,0.75,
mt/set_9/ambiegen/test-892,2026-08-29T17:57:46.208742+00:00,2026-08-29T17:57:49.642683+00:00,3.4339,ok,0,stop,348,113,461,0.4,
mt/set_7/frenetic_v/odr/test-638,2026-08-29T17:57:49.642780+00:00,2026-08-29T17:57:52.912346+00:00,3.2695,ok,0,stop,350,108,458,0.75,
mt/set_16/frenetic/test-448,2026-08-29T17:57:52.912400+00:00,2026-08-29T17:57:56.328256+00:00,3.4158,ok,0,stop,349,118,467,0.75,
mt/set_11/frenetic/test-892,2026-08-29T17:57:56.328298+00:00,2026-08-29T17:57:59.718722+00:00,3.3904,ok,0,stop,349,109,458,0.75,
mt_set5/frenetic/test-611,2026-08-29T17:57:59.718762+00:00,2026-08-29T17:58:03.272358+00:00,3.5536,ok,0,stop,348,120,468,0.75,
mt/set_13/frenetic/test-46,2026-08-29T17:58:03.272398+00:00,2026-08-29T17:58:06.437627+00:00,3.1652,ok,0,stop,348,93,441,0.6,
mt/set_7/frenetic/odr/test-349,2026-08-29T17:58:06.437693+00:00,2026-08-29T17:58:10.294746+00:00,3.857,ok,0,stop,349,128,477,0.75,
mt/set_10/ambiegen/test-593,2026-08-29T17:58:10.294810+00:00,2026-08-29T17:58:13.220407+00:00,2.9256,ok,0,stop,348,93,441,0.4,
mt/set_18/ambiegen/test-394,2026-08-29T17:58:13.220473+00:00,2026-08-29T17:58:16.230662+00:00,3.0101,ok,0,stop,348,88,436,0.3,
mt/set_7/frenetic/odr/test-715,2026-08-29T17:58:16.230760+00:00,2026-08-29T17:58:21.471976+00:00,5.2412,ok,0,stop,348,88,436,0.75,
mt_set6/frenetic/test-395,2026-08-29T17:58:21.472016+00:00,2026-08-29T17:58:25.005874+00:00,3.5338,ok,0,stop,348,118,466,0.75,
mt/set_18/ambiegen/test-823,2026-08-29T17:58:25.005934+00:00,2026-08-29T17:58:28.037306+00:00,3.0313,ok,0,stop,348,92,440,0.4,
mt/set_14/frenetic_v/test-634,2026-08-29T17:58:28.037348+00:00,2026-08-29T17:58:31.500400+00:00,3.463,ok,0,stop,349,118,467,0.75,
mt/set_18/ambiegen/test-399,2026-08-29T17:58:31.500459+00:00,2026-08-29T17:58:34.494506+00:00,2.994,ok,0,stop,348,97,445,0.4,
mt/set_9/frenetic_v/test-382,2026-08-29T17:58:34.494545+00:00,2026-08-29T17:58:37.850789+00:00,3.3562,ok,0,stop,349,111,460,0.5,
mt/set_2/ambiegen/odr/test-260,2026-08-29T17:58:37.850834+00:00,2026-08-29T17:58:40.901930+00:00,3.051,ok,0,stop,348,97,445,0.4,
mt/set_16/ambiegen/test-629,2026-08-29T17:58:40.902000+00:00,2026-08-29T17:58:44.060442+00:00,3.1584,ok,0,stop,348,100,448,0.3,
mt_set5/frenetic_v/test-367,2026-08-29T17:58:44.060482+00:00,2026-08-29T17:58:47.060491+00:00,3.0,ok,0,stop,350,102,452,0.5,
mt/set_17/ambiegen/test-131,2026-08-29T17:58:47.060530+00:00,2026-08-29T17:58:51.319643+00:00,4.2591,ok,0,stop,349,97,446,0.4,
mt/set_12/frenetic_v/test-154,2026-08-29T17:58:51.319684+00:00,2026-08-29T17:58:54.358754+00:00,3.039,ok,0,stop,349,98,447,0.6,
mt/set_7/frenetic_v/odr/test-54,2026-08-29T17:58:54.358796+00:00,2026-08-29T17:58:57.490865+00:00,3.132,ok,0,stop,350,101,451,0.6,
mt/set_9/frenetic/test-532,2026-08-29T17:58:57.490909+00:00,2026-08-29T17:59:01.039855+00:00,3.5489,ok,0,stop,349,118,467,0.75,
mt/set_16/frenetic/test-948,2026-08-29T17:59:01.039916+00:00,2026-08-29T17:59:06.604933+00:00,5.565,ok,0,stop,348,96,444,0.6,
mt/set_2/ambiegen/odr/test-395,2026-08-29T17:59:06.604974+00:00,2026-08-29T17:59:09.488410+00:00,2.8834,ok,0,stop,347,100,447,0.3,
mt/set_8/frenetic/odr/test-218,2026-08-29T17:59:09.488450+00:00,2026-08-29T17:59:13.182385+00:00,3.6939,ok,0,stop,349,118,467,0.75,
mt/set_11/frenetic/test-326,2026-08-29T17:59:13.182435+00:00,2026-08-29T17:59:16.853225+00:00,3.6707,ok,0,stop,348,120,468,0.75,
mt/set_14/frenetic/test-529,2026-08-29T17:59:16.853287+00:00,2026-08-29T17:59:20.245400+00:00,3.3921,ok,0,stop,349,118,467,0.75,
mt_set5/frenetic/test-529,2026-08-29T17:59:20.245446+00:00,2026-08-29T17:59:23.807834+00:00,3.5624,ok,0,stop,348,118,466,0.75,
mt/set_13/frenetic/test-854,2026-08-29T17:59:23.807874+00:00,2026-08-29T17:59:27.093057+00:00,3.2852,ok,0,stop,348,109,457,0.75,
mt/set_2/ambiegen/odr/test-350,2026-08-29T17:59:27.093101+00:00,2026-08-29T17:59:30.151749+00:00,3.0586,ok,0,stop,348,92,440,0.4,
mt_set5/frenetic/test-154,2026-08-29T17:59:30.151786+00:00,2026-08-29T17:59:33.067018+00:00,2.9152,ok,0,stop,349,88,437,0.75,
mt/set_10/frenetic_v/test-612,2026-08-29T17:59:33.067059+00:00,2026-08-29T17:59:36.994713+00:00,3.9276,ok,0,stop,349,118,467,0.75,
mt/set_18/ambiegen/test-746,2026-08-29T17:59:36.994751+00:00,2026-08-29T17:59:39.859674+00:00,2.8649,ok,0,stop,348,92,440,0.3,
mt/set_7/frenetic_v/odr/test-569,2026-08-29T17:59:39.859748+00:00,2026-08-29T17:59:42.729273+00:00,2.8695,ok,0,stop,350,88,438,0.75,
mt/set_17/frenetic_v/test-194,2026-08-29T17:59:42.729315+00:00,2026-08-29T17:59:45.684714+00:00,2.9554,ok,0,stop,350,94,444,0.5,
mt_set5/ambiegen/test-358,2026-08-29T17:59:45.684760+00:00,2026-08-29T17:59:50.684096+00:00,4.9993,ok,0,stop,348,72,420,0.65,
mt/set_10/frenetic_v/test-428,2026-08-29T17:59:50.684155+00:00,2026-08-29T17:59:54.159903+00:00,3.4757,ok,0,stop,349,114,463,0.6,
mt/set_14/frenetic/test-176,2026-08-29T17:59:54.159943+00:00,2026-08-29T17:59:57.025473+00:00,2.8655,ok,0,stop,349,88,437,0.75,
mt_set5/frenetic_v/test-789,2026-08-29T17:59:57.025516+00:00,2026-08-29T18:00:00.711462+00:00,3.6859,ok,0,stop,350,129,479,0.6,
mt/set_16/ambiegen/test-186,2026-08-29T18:00:00.711501+00:00,2026-08-29T18:00:03.969299+00:00,3.2578,ok,0,stop,348,99,447,0.75,
mt/set_16/frenetic_v/test-81,2026-08-29T18:00:03.969340+00:00,2026-08-29T18:00:07.336909+00:00,3.3675,ok,0,stop,349,109,458,0.75,
mt/set_13/frenetic_v/test-388,2026-08-29T18:00:07.336950+00:00,2026-08-29T18:00:10.313606+00:00,2.9766,ok,0,stop,350,98,448,0.6,
mt/set_18/frenetic/test-591,2026-08-29T18:00:10.313646+00:00,2026-08-29T18:00:13.839436+00:00,3.5257,ok,0,stop,348,118,466,0.75,
mt_set5/ambiegen/test-568,2026-08-29T18:00:13.839505+00:00,2026-08-29T18:00:16.941637+00:00,3.1021,ok,0,stop,348,102,450,0.3,
mt/set_17/ambiegen/test-189,2026-08-29T18:00:16.941677+00:00,2026-08-29T18:00:21.176027+00:00,4.2343,ok,0,stop,348,85,433,0.4,
mt_set5/frenetic/test-243,2026-08-29T18:00:21.176066+00:00,2026-08-29T18:00:24.810959+00:00,3.6349,ok,0,stop,348,118,466,0.75,
mt/set_10/ambiegen/test-353,2026-08-29T18:00:24.811019+00:00,2026-08-29T18:00:27.421923+00:00,2.6109,ok,0,stop,347,72,419,0.2,
mt/set_11/frenetic/test-669,2026-08-29T18:00:27.421983+00:00,2026-08-29T18:00:31.305547+00:00,3.8835,ok,0,stop,349,132,481,0.75,
mt/set_7/ambiegen/odr/test-223,2026-08-29T18:00:31.305592+00:00,2026-08-29T18:00:36.678480+00:00,5.3729,ok,0,stop,348,100,448,0.3,
mt/set_11/frenetic_v/test-530,2026-08-29T18:00:36.678519+00:00,2026-08-29T18:00:40.347959+00:00,3.6694,ok,0,stop,349,117,466,0.75,
mt/set_12/frenetic_v/test-628,2026-08-29T18:00:40.348005+00:00,2026-08-29T18:00:43.777597+00:00,3.4295,ok,0,stop,349,118,467,0.75,
mt/set_10/frenetic_v/test-503,2026-08-29T18:00:43.777667+00:00,2026-08-29T18:00:46.978177+00:00,3.2005,ok,0,stop,350,101,451,0.6,
mt_set5/ambiegen/test-438,2026-08-29T18:00:46.978232+00:00,2026-08-29T18:00:50.045091+00:00,3.0668,ok,0,stop,348,92,440,0.4,
mt_set5/frenetic/test-749,2026-08-29T18:00:50.045133+00:00,2026-08-29T18:00:53.606711+00:00,3.5615,ok,0,stop,348,120,468,0.75,
mt/set_14/frenetic_v/test-507,2026-08-29T18:00:53.606753+00:00,2026-08-29T18:00:56.190020+00:00,2.5832,ok,0,stop,350,70,420,0.6,
mt/set_14/ambiegen/test-416,2026-08-29T18:00:56.190056+00:00,2026-08-29T18:00:59.463057+00:00,3.273,ok,0,stop,348,98,446,0.6,
mt/set_11/frenetic/test-392,2026-08-29T18:00:59.463097+00:00,2026-08-29T18:01:02.968848+00:00,3.5057,ok,0,stop,349,118,467,0.75,
mt/set_11/ambiegen/test-902,2026-08-29T18:01:02.968886+00:00,2026-08-29T18:01:05.512119+00:00,2.5432,ok,0,stop,349,72,421,0.3,
mt/set_13/frenetic_v/test-395,2026-08-29T18:01:05.512162+00:00,2026-08-29T18:01:08.737390+00:00,3.2252,ok,0,stop,350,103,453,0.75,
mt/set_14/frenetic_v/test-932,2026-08-29T18:01:08.737458+00:00,2026-08-29T18:01:11.785330+00:00,3.0478,ok,0,stop,350,101,451,0.4,
mt/set_2/ambiegen/odr/test-431,2026-08-29T18:01:11.785373+00:00,2026-08-29T18:01:14.847388+00:00,3.062,ok,0,stop,349,93,442,0.5,
mt/set_8/frenetic_v/odr/test-698,2026-08-29T18:01:14.847429+00:00,2026-08-29T18:01:18.295969+00:00,3.4485,ok,0,stop,350,117,467,0.75,
mt/set_6/frenetic_v/test-759,2026-08-29T18:01:18.296009+00:00,2026-08-29T18:01:21.226676+00:00,2.9306,ok,0,stop,350,93,443,0.4,
mt/set_13/frenetic_v/test-387,2026-08-29T18:01:21.227219+00:00,2026-08-29T18:01:24.448827+00:00,3.2216,ok,0,stop,350,97,447,0.6,
mt/set_7/ambiegen/odr/test-456,2026-08-29T18:01:24.448867+00:00,2026-08-29T18:01:27.605848+00:00,3.1569,ok,0,stop,348,100,448,0.75,
mt/set_7/frenetic/odr/test-274,2026-08-29T18:01:27.605888+00:00,2026-08-29T18:01:30.932182+00:00,3.3263,ok,0,stop,349,102,451,0.6,
mt/set_18/frenetic_v/test-223,2026-08-29T18:01:30.932224+00:00,2026-08-29T18:01:34.161866+00:00,3.2296,ok,0,stop,350,102,452,0.5,
mt/set_13/ambiegen/test-939,2026-08-29T18:01:34.161911+00:00,2026-08-29T18:01:36.538614+00:00,2.3767,ok,0,stop,349,72,421,0.75,
mt_set6/frenetic/test-376,2026-08-29T18:01:36.538658+00:00,2026-08-29T18:01:40.052811+00:00,3.5141,ok,0,stop,349,118,467,0.75,
mt/set_16/frenetic_v/test-689,2026-08-29T18:01:40.052854+00:00,2026-08-29T18:01:43.755691+00:00,3.7028,ok,0,stop,350,129,479,0.6,
mt/set_8/frenetic/odr/test-846,2026-08-29T18:01:43.755733+00:00,2026-08-29T18:01:47.564304+00:00,3.8085,ok,0,stop,348,133,481,0.75,
mt/set_14/ambiegen/test-505,2026-08-29T18:01:47.564403+00:00,2026-08-29T18:01:50.613334+00:00,3.0489,ok,0,stop,349,99,448,0.75,
mt/set_9/frenetic/test-140,2026-08-29T18:01:50.613376+00:00,2026-08-29T18:01:53.655688+00:00,3.0423,ok,0,stop,349,97,446,0.75,
mt/set_7/frenetic/odr/test-9,2026-08-29T18:01:53.655731+00:00,2026-08-29T18:01:57.190258+00:00,3.5345,ok,0,stop,348,118,466,0.75,
mt/set_14/frenetic/test-226,2026-08-29T18:01:57.190319+00:00,2026-08-29T18:02:00.731471+00:00,3.5411,ok,0,stop,349,118,467,0.75,
mt_set5/ambiegen/test-615,2026-08-29T18:02:00.731523+00:00,2026-08-29T18:02:03.084797+00:00,2.3532,ok,0,stop,348,67,415,0.3,
mt_set5/ambiegen/test-19,2026-08-29T18:02:03.084858+00:00,2026-08-29T18:02:05.648595+00:00,2.5637,ok,0,stop,349,67,416,0.3,
mt/set_12/frenetic/test-138,2026-08-29T18:02:05.648642+00:00,2026-08-29T18:02:08.573127+00:00,2.9244,ok,0,stop,349,88,437,0.75,
mt/set_13/frenetic_v/test-337,2026-08-29T18:02:08.573175+00:00,2026-08-29T18:02:11.955674+00:00,3.3825,ok,0,stop,350,118,468,0.75,
mt/set_12/frenetic_v/test-217,2026-08-29T18:02:11.955721+00:00,2026-08-29T18:02:15.497850+00:00,3.5421,ok,0,stop,350,118,468,0.75,
mt/set_13/frenetic/test-457,2026-08-29T18:02:15.497890+00:00,2026-08-29T18:02:19.068863+00:00,3.5709,ok,0,stop,348,118,466,0.75,
mt/set_7/ambiegen/odr/test-838,2026-08-29T18:02:19.068902+00:00,2026-08-29T18:02:22.169147+00:00,3.1002,ok,0,stop,348,98,446,0.6,
mt/set_14/ambiegen/test-134,2026-08-29T18:02:22.169187+00:00,2026-08-29T18:02:25.818339+00:00,3.6491,ok,0,stop,348,128,476,0.4,
mt/set_17/ambiegen/test-236,2026-08-29T18:02:25.818380+00:00,2026-08-29T18:02:29.150464+00:00,3.3321,ok,0,stop,348,111,459,0.75,
mt/set_16/frenetic_v/test-608,2026-08-29T18:02:29.150504+00:00,2026-08-29T18:02:32.796939+00:00,3.6464,ok,0,stop,350,118,468,0.75,
mt/set_8/frenetic/odr/test-549,2026-08-29T18:02:32.796982+00:00,2026-08-29T18:02:36.216113+00:00,3.4191,ok,0,stop,349,117,466,0.75,
mt/set_7/ambiegen/odr/test-538,2026-08-29T18:02:36.216154+00:00,2026-08-29T18:02:39.122994+00:00,2.9068,ok,0,stop,347,84,431,0.3,
mt/set_16/frenetic_v/test-853,2026-08-29T18:02:39.123035+00:00,2026-08-29T18:02:42.588541+00:00,3.4655,ok,0,stop,349,118,467,0.75,
mt/set_14/frenetic/test-767,2026-08-29T18:02:42.588583+00:00,2026-08-29T18:02:46.136464+00:00,3.5479,ok,0,stop,348,118,466,0.75,
mt/set_14/frenetic_v/test-152,2026-08-29T18:02:46.136503+00:00,2026-08-29T18:02:49.426023+00:00,3.2895,ok,0,stop,350,105,455,0.75,
mt/set_2/ambiegen/odr/test-716,2026-08-29T18:02:49.426062+00:00,2026-08-29T18:02:52.465459+00:00,3.0394,ok,0,stop,348,97,445,0.4,
mt/set_6/frenetic_v/test-672,2026-08-29T18:02:52.465498+00:00,2026-08-29T18:02:56.021428+00:00,3.5559,ok,0,stop,349,120,469,0.75,
mt/set_13/frenetic/test-374,2026-08-29T18:02:56.021471+00:00,2026-08-29T18:02:59.514036+00:00,3.4925,ok,0,stop,349,120,469,0.75,
mt/set_14/frenetic_v/test-344,2026-08-29T18:02:59.514083+00:00,2026-08-29T18:03:02.670805+00:00,3.1567,ok,0,stop,350,96,446,0.6,
mt_set5/ambiegen/test-497,2026-08-29T18:03:02.670844+00:00,2026-08-29T18:03:05.449180+00:00,2.7783,ok,0,stop,348,85,433,0.3,
mt/set_17/ambiegen/test-876,2026-08-29T18:03:05.449222+00:00,2026-08-29T18:03:08.443296+00:00,2.994,ok,0,stop,348,92,440,0.4,
mt/set_17/frenetic_v/test-507,2026-08-29T18:03:08.443337+00:00,2026-08-29T18:03:11.998932+00:00,3.5556,ok,0,stop,349,121,470,0.6,
mt_set6/frenetic/test-837,2026-08-29T18:03:11.998977+00:00,2026-08-29T18:03:15.679887+00:00,3.6809,ok,0,stop,348,120,468,0.75,
mt/set_14/frenetic/test-680,2026-08-29T18:03:15.679929+00:00,2026-08-29T18:03:19.284237+00:00,3.6043,ok,0,stop,349,118,467,0.75,
mt/set_2/ambiegen/odr/test-87,2026-08-29T18:03:19.284279+00:00,2026-08-29T18:03:22.314507+00:00,3.0302,ok,0,stop,348,98,446,0.6,
mt/set_7/ambiegen/odr/test-106,2026-08-29T18:03:22.314549+00:00,2026-08-29T18:03:25.206520+00:00,2.8919,ok,0,stop,348,97,445,0.4,
mt/set_18/frenetic/test-589,2026-08-29T18:03:25.206564+00:00,2026-08-29T18:03:28.364124+00:00,3.1575,ok,0,stop,349,103,452,0.6,
mt/set_8/frenetic_v/odr/test-203,2026-08-29T18:03:28.364180+00:00,2026-08-29T18:03:32.076870+00:00,3.7127,ok,0,stop,349,117,466,0.75,
mt/set_10/frenetic_v/test-618,2026-08-29T18:03:32.076916+00:00,2026-08-29T18:03:35.209626+00:00,3.1327,ok,0,stop,350,100,450,0.3,
mt/set_17/frenetic/test-486,2026-08-29T18:03:35.209677+00:00,2026-08-29T18:03:38.693104+00:00,3.4834,ok,0,stop,349,118,467,0.75,
mt/set_10/ambiegen/test-520,2026-08-29T18:03:38.693154+00:00,2026-08-29T18:03:41.538737+00:00,2.8455,ok,0,stop,348,92,440,0.4,
mt/set_17/frenetic/test-335,2026-08-29T18:03:41.538787+00:00,2026-08-29T18:03:44.620771+00:00,3.0819,ok,0,stop,348,97,445,0.75,
mt/set_18/frenetic_v/test-125,2026-08-29T18:03:44.620834+00:00,2026-08-29T18:03:47.819216+00:00,3.1983,ok,0,stop,350,103,453,0.4,
mt/set_18/frenetic_v/test-68,2026-08-29T18:03:47.819259+00:00,2026-08-29T18:03:50.975703+00:00,3.1564,ok,0,stop,349,96,445,0.6,
mt/set_9/frenetic_v/test-71,2026-08-29T18:03:50.975745+00:00,2026-08-29T18:03:54.761598+00:00,3.7858,ok,0,stop,350,132,482,0.65,
mt/set_13/ambiegen/test-832,2026-08-29T18:03:54.761694+00:00,2026-08-29T18:03:57.686483+00:00,2.9248,ok,0,stop,349,96,445,0.4,
mt/set_7/frenetic_v/odr/test-869,2026-08-29T18:03:57.686524+00:00,2026-08-29T18:04:01.152860+00:00,3.4663,ok,0,stop,350,114,464,0.6,
mt/set_16/frenetic/test-531,2026-08-29T18:04:01.152902+00:00,2026-08-29T18:04:05.011411+00:00,3.8585,ok,0,stop,349,125,474,0.75,
mt/set_9/frenetic/test-154,2026-08-29T18:04:05.011454+00:00,2026-08-29T18:04:08.196881+00:00,3.1854,ok,0,stop,348,108,456,0.75,
mt/set_6/frenetic_v/test-334,2026-08-29T18:04:08.196925+00:00,2026-08-29T18:04:11.236306+00:00,3.0394,ok,0,stop,349,98,447,0.6,
mt/set_16/frenetic/test-668,2026-08-29T18:04:11.236348+00:00,2026-08-29T18:04:14.697438+00:00,3.461,ok,0,stop,349,115,464,0.75,
mt/set_17/frenetic/test-793,2026-08-29T18:04:14.697498+00:00,2026-08-29T18:04:18.119378+00:00,3.4218,ok,0,stop,348,118,466,0.75,
mt/set_7/frenetic/odr/test-140,2026-08-29T18:04:18.119420+00:00,2026-08-29T18:04:21.707343+00:00,3.5879,ok,0,stop,348,120,468,0.75,
mt/set_13/frenetic/test-162,2026-08-29T18:04:21.707387+00:00,2026-08-29T18:04:25.289567+00:00,3.5821,ok,0,stop,349,118,467,0.75,
mt/set_16/ambiegen/test-62,2026-08-29T18:04:25.289612+00:00,2026-08-29T18:04:27.756097+00:00,2.4665,ok,0,stop,349,65,414,0.3,
mt/set_8/ambiegen/odr/test-549,2026-08-29T18:04:27.756140+00:00,2026-08-29T18:04:30.542631+00:00,2.7865,ok,0,stop,349,73,422,0.2,
mt/set_7/ambiegen/odr/test-388,2026-08-29T18:04:30.542675+00:00,2026-08-29T18:04:33.551235+00:00,3.0085,ok,0,stop,349,97,446,0.4,
mt/set_9/ambiegen/test-626,2026-08-29T18:04:33.551279+00:00,2026-08-29T18:04:36.302217+00:00,2.7509,ok,0,stop,348,80,428,0.6,
mt/set_14/frenetic/test-66,2026-08-29T18:04:36.302258+00:00,2026-08-29T18:04:39.949534+00:00,3.6472,ok,0,stop,349,117,466,0.75,
mt/set_17/ambiegen/test-152,2026-08-29T18:04:39.949576+00:00,2026-08-29T18:04:42.575344+00:00,2.6257,ok,0,stop,348,73,421,0.2,
mt/set_8/frenetic/odr/test-639,2026-08-29T18:04:42.575386+00:00,2026-08-29T18:04:46.380801+00:00,3.8054,ok,0,stop,348,133,481,0.75,
mt_set6/frenetic/test-632,2026-08-29T18:04:46.380844+00:00,2026-08-29T18:04:49.439304+00:00,3.0584,ok,0,stop,348,105,453,0.75,
mt/set_8/ambiegen/odr/test-137,2026-08-29T18:04:49.439343+00:00,2026-08-29T18:04:52.531123+00:00,3.0917,ok,0,stop,348,97,445,0.4,
mt/set_9/frenetic/test-438,2026-08-29T18:04:52.531185+00:00,2026-08-29T18:04:56.109759+00:00,3.5785,ok,0,stop,348,120,468,0.75,
mt/set_10/ambiegen/test-516,2026-08-29T18:04:56.109801+00:00,2026-08-29T18:04:58.967329+00:00,2.8575,ok,0,stop,348,87,435,0.6,
mt/set_12/ambiegen/test-896,2026-08-29T18:04:58.967371+00:00,2026-08-29T18:05:01.604246+00:00,2.6368,ok,0,stop,349,84,433,0.3,
mt/set_9/ambiegen/test-256,2026-08-29T18:05:01.604288+00:00,2026-08-29T18:05:04.927494+00:00,3.3232,ok,0,stop,348,103,451,0.5,
mt/set_14/frenetic_v/test-895,2026-08-29T18:05:04.927536+00:00,2026-08-29T18:05:08.308427+00:00,3.3808,ok,0,stop,349,117,466,0.75,
mt/set_6/frenetic_v/test-226,2026-08-29T18:05:08.308489+00:00,2026-08-29T18:05:11.422674+00:00,3.1141,ok,0,stop,349,98,447,0.6,
mt/set_9/ambiegen/test-69,2026-08-29T18:05:11.422801+00:00,2026-08-29T18:05:14.361902+00:00,2.9391,ok,0,stop,348,92,440,0.4,
mt/set_16/ambiegen/test-804,2026-08-29T18:05:14.361941+00:00,2026-08-29T18:05:17.187010+00:00,2.825,ok,0,stop,348,92,440,0.4,
mt/set_11/ambiegen/test-845,2026-08-29T18:05:17.187052+00:00,2026-08-29T18:05:20.377720+00:00,3.1906,ok,0,stop,348,100,448,0.3,
mt/set_11/ambiegen/test-647,2026-08-29T18:05:20.377769+00:00,2026-08-29T18:05:23.242646+00:00,2.8648,ok,0,stop,349,98,447,0.75,
mt/set_7/frenetic_v/odr/test-723,2026-08-29T18:05:23.242703+00:00,2026-08-29T18:05:26.822108+00:00,3.5794,ok,0,stop,349,118,467,0.75,
mt_set6/frenetic/test-494,2026-08-29T18:05:26.822152+00:00,2026-08-29T18:05:30.332306+00:00,3.5101,ok,0,stop,348,118,466,0.75,
mt/set_14/ambiegen/test-476,2026-08-29T18:05:30.332354+00:00,2026-08-29T18:05:33.306678+00:00,2.9743,ok,0,stop,348,97,445,0.4,
mt/set_9/frenetic/test-90,2026-08-29T18:05:33.306733+00:00,2026-08-29T18:05:36.723050+00:00,3.4162,ok,0,stop,348,109,457,0.75,
mt/set_13/ambiegen/test-747,2026-08-29T18:05:36.723162+00:00,2026-08-29T18:05:39.596899+00:00,2.8737,ok,0,stop,348,92,440,0.4,
mt/set_13/ambiegen/test-22,2026-08-29T18:05:39.596944+00:00,2026-08-29T18:05:42.612401+00:00,3.0154,ok,0,stop,348,97,445,0.4,
mt/set_11/frenetic_v/test-195,2026-08-29T18:05:42.612446+00:00,2026-08-29T18:05:46.162712+00:00,3.5502,ok,0,stop,349,117,466,0.75,
mt/set_14/frenetic/test-889,2026-08-29T18:05:46.162761+00:00,2026-08-29T18:05:49.398185+00:00,3.2354,ok,0,stop,348,109,457,0.75,
mt/set_16/ambiegen/test-438,2026-08-29T18:05:49.398229+00:00,2026-08-29T18:05:52.581850+00:00,3.1836,ok,0,stop,348,97,445,0.4,
mt/set_14/ambiegen/test-754,2026-08-29T18:05:52.581894+00:00,2026-08-29T18:05:55.531582+00:00,2.9496,ok,0,stop,348,84,432,0.3,
mt/set_10/frenetic_v/test-254,2026-08-29T18:05:55.531629+00:00,2026-08-29T18:05:59.150904+00:00,3.6192,ok,0,stop,349,118,467,0.75,
mt/set_13/frenetic/test-496,2026-08-29T18:05:59.150967+00:00,2026-08-29T18:06:02.684372+00:00,3.5334,ok,0,stop,349,117,466,0.75,
mt/set_13/frenetic/test-862,2026-08-29T18:06:02.684418+00:00,2026-08-29T18:06:06.677210+00:00,3.9928,ok,0,stop,349,112,461,0.6,
mt/set_11/frenetic/test-824,2026-08-29T18:06:06.677254+00:00,2026-08-29T18:06:10.044342+00:00,3.367,ok,0,stop,349,118,467,0.75,
mt/set_13/ambiegen/test-537,2026-08-29T18:06:10.044429+00:00,2026-08-29T18:06:13.263561+00:00,3.2191,ok,0,stop,348,99,447,0.75,
mt/set_6/frenetic_v/test-637,2026-08-29T18:06:13.263605+00:00,2026-08-29T18:06:16.750551+00:00,3.4869,ok,0,stop,349,118,467,0.75,
mt/set_17/frenetic/test-268,2026-08-29T18:06:16.750609+00:00,2026-08-29T18:06:22.658376+00:00,5.9077,ok,0,stop,349,118,467,0.75,
mt/set_9/frenetic_v/test-638,2026-08-29T18:06:22.658423+00:00,2026-08-29T18:06:26.142626+00:00,3.4842,ok,0,stop,349,118,467,0.75,
mt/set_16/frenetic/test-42,2026-08-29T18:06:26.142702+00:00,2026-08-29T18:06:29.998477+00:00,3.8557,ok,0,stop,348,133,481,0.75,
mt/set_16/ambiegen/test-674,2026-08-29T18:06:29.998540+00:00,2026-08-29T18:06:32.997283+00:00,2.9987,ok,0,stop,348,93,441,0.5,
mt/set_12/ambiegen/test-195,2026-08-29T18:06:32.997327+00:00,2026-08-29T18:06:35.970273+00:00,2.9729,ok,0,stop,349,88,437,0.75,
mt/set_2/ambiegen/odr/test-96,2026-08-29T18:06:35.970348+00:00,2026-08-29T18:06:39.948486+00:00,3.9781,ok,0,stop,349,130,479,0.65,
mt/set_10/frenetic_v/test-289,2026-08-29T18:06:39.948530+00:00,2026-08-29T18:06:42.929897+00:00,2.9813,ok,0,stop,350,98,448,0.6,
mt/set_18/frenetic/test-195,2026-08-29T18:06:42.929947+00:00,2026-08-29T18:06:46.602099+00:00,3.6721,ok,0,stop,348,118,466,0.75,
mt/set_11/frenetic/test-837,2026-08-29T18:06:46.602160+00:00,2026-08-29T18:06:51.497780+00:00,4.8956,ok,0,stop,349,117,466,0.75,
mt/set_8/frenetic/odr/test-169,2026-08-29T18:06:51.497822+00:00,2026-08-29T18:06:55.030575+00:00,3.5327,ok,0,stop,349,118,467,0.75,
mt/set_18/frenetic/test-648,2026-08-29T18:06:55.030615+00:00,2026-08-29T18:06:58.538254+00:00,3.5076,ok,0,stop,349,118,467,0.75,
mt/set_7/frenetic/odr/test-179,2026-08-29T18:06:58.538298+00:00,2026-08-29T18:07:01.526220+00:00,2.9879,ok,0,stop,349,88,437,0.75,
mt/set_7/frenetic_v/odr/test-469,2026-08-29T18:07:01.526265+00:00,2026-08-29T18:07:07.960309+00:00,6.434,ok,0,stop,350,118,468,0.75,
mt/set_8/frenetic_v/odr/test-208,2026-08-29T18:07:07.960371+00:00,2026-08-29T18:07:11.568232+00:00,3.6078,ok,0,stop,350,117,467,0.75,
mt/set_14/ambiegen/test-330,2026-08-29T18:07:11.568287+00:00,2026-08-29T18:07:14.713393+00:00,3.1451,ok,0,stop,348,97,445,0.6,
mt/set_17/frenetic_v/test-632,2026-08-29T18:07:14.713431+00:00,2026-08-29T18:07:17.873184+00:00,3.1597,ok,0,stop,350,104,454,0.6,
mt/set_13/frenetic_v/test-564,2026-08-29T18:07:17.873222+00:00,2026-08-29T18:07:21.527702+00:00,3.6544,ok,0,stop,349,118,467,0.75,
mt/set_10/frenetic_v/test-119,2026-08-29T18:07:21.527761+00:00,2026-08-29T18:07:24.614882+00:00,3.0871,ok,0,stop,349,98,447,0.6,
mt/set_10/ambiegen/test-756,2026-08-29T18:07:24.614940+00:00,2026-08-29T18:07:27.733729+00:00,3.1188,ok,0,stop,349,99,448,0.75,
mt/set_11/ambiegen/test-57,2026-08-29T18:07:27.733773+00:00,2026-08-29T18:07:30.804307+00:00,3.0705,ok,0,stop,348,100,448,0.3,
mt/set_10/frenetic/test-207,2026-08-29T18:07:30.804356+00:00,2026-08-29T18:07:34.386007+00:00,3.5816,ok,0,stop,349,125,474,0.75,
mt/set_18/frenetic_v/test-228,2026-08-29T18:07:34.386045+00:00,2026-08-29T18:07:37.870064+00:00,3.484,ok,0,stop,349,118,467,0.75,
mt/set_11/frenetic/test-944,2026-08-29T18:07:37.870120+00:00,2026-08-29T18:07:41.058187+00:00,3.188,ok,0,stop,348,108,456,0.75,
mt/set_9/frenetic_v/test-159,2026-08-29T18:07:41.058245+00:00,2026-08-29T18:07:44.713497+00:00,3.6552,ok,0,stop,350,118,468,0.75,
mt_set5/frenetic_v/test-680,2026-08-29T18:07:44.713539+00:00,2026-08-29T18:07:47.903694+00:00,3.1901,ok,0,stop,349,109,458,0.75,
mt/set_16/ambiegen/test-662,2026-08-29T18:07:47.903754+00:00,2026-08-29T18:07:52.101950+00:00,4.1982,ok,0,stop,348,99,447,0.75,
mt/set_14/ambiegen/test-901,2026-08-29T18:07:52.101989+00:00,2026-08-29T18:07:55.209368+00:00,3.1073,ok,0,stop,349,95,444,0.4,
mt/set_2/ambiegen/odr/test-127,2026-08-29T18:07:55.209407+00:00,2026-08-29T18:07:58.184513+00:00,2.9751,ok,0,stop,348,98,446,0.6,
mt/set_8/ambiegen/odr/test-325,2026-08-29T18:07:58.184573+00:00,2026-08-29T18:08:01.159973+00:00,2.9753,ok,0,stop,348,92,440,0.4,
mt_set6/frenetic/test-587,2026-08-29T18:08:01.160043+00:00,2026-08-29T18:08:04.276671+00:00,3.1166,ok,0,stop,348,104,452,0.85,
mt/set_11/frenetic/test-725,2026-08-29T18:08:04.276731+00:00,2026-08-29T18:08:07.709365+00:00,3.4326,ok,0,stop,348,118,466,0.75,
mt/set_17/ambiegen/test-661,2026-08-29T18:08:07.709404+00:00,2026-08-29T18:08:10.575043+00:00,2.8656,ok,0,stop,348,92,440,0.4,
mt/set_9/ambiegen/test-912,2026-08-29T18:08:10.575088+00:00,2026-08-29T18:08:13.780153+00:00,3.205,ok,0,stop,348,99,447,0.75,
mt_set6/frenetic/test-187,2026-08-29T18:08:13.780190+00:00,2026-08-29T18:08:17.153456+00:00,3.3732,ok,0,stop,348,118,466,0.75,
mt/set_8/ambiegen/odr/test-606,2026-08-29T18:08:17.153492+00:00,2026-08-29T18:08:20.683681+00:00,3.5302,ok,0,stop,347,72,419,0.2,
mt/set_14/frenetic_v/test-207,2026-08-29T18:08:20.683721+00:00,2026-08-29T18:08:24.130708+00:00,3.4469,ok,0,stop,350,117,467,0.75,
mt/set_16/ambiegen/test-792,2026-08-29T18:08:24.130750+00:00,2026-08-29T18:08:27.075454+00:00,2.9447,ok,0,stop,348,92,440,0.4,
mt/set_16/frenetic/test-633,2026-08-29T18:08:27.075497+00:00,2026-08-29T18:08:30.472930+00:00,3.3974,ok,0,stop,348,120,468,0.75,
mt/set_11/frenetic_v/test-321,2026-08-29T18:08:30.472973+00:00,2026-08-29T18:08:33.957684+00:00,3.4847,ok,0,stop,350,117,467,0.75,
mt/set_7/frenetic_v/odr/test-872,2026-08-29T18:08:33.957727+00:00,2026-08-29T18:08:37.230735+00:00,3.273,ok,0,stop,350,91,441,0.65,
mt/set_10/frenetic_v/test-525,2026-08-29T18:08:37.230777+00:00,2026-08-29T18:08:40.648763+00:00,3.418,ok,0,stop,349,118,467,0.75,
mt/set_12/frenetic/test-614,2026-08-29T18:08:40.648804+00:00,2026-08-29T18:08:43.904453+00:00,3.2556,ok,0,stop,348,108,456,0.75,
mt/set_9/ambiegen/test-816,2026-08-29T18:08:43.904494+00:00,2026-08-29T18:08:46.958036+00:00,3.0535,ok,0,stop,348,100,448,0.3,
mt_set5/ambiegen/test-102,2026-08-29T18:08:46.958076+00:00,2026-08-29T18:08:49.927017+00:00,2.9689,ok,0,stop,348,96,444,0.5,
mt/set_7/frenetic_v/odr/test-570,2026-08-29T18:08:49.927058+00:00,2026-08-29T18:08:53.522455+00:00,3.5954,ok,0,stop,350,118,468,0.75,
mt_set5/frenetic/test-337,2026-08-29T18:08:53.522497+00:00,2026-08-29T18:08:57.117843+00:00,3.5953,ok,0,stop,348,120,468,0.75,
mt/set_11/frenetic_v/test-163,2026-08-29T18:08:57.117884+00:00,2026-08-29T18:09:00.454394+00:00,3.3365,ok,0,stop,349,105,454,0.75,
mt/set_10/ambiegen/test-485,2026-08-29T18:09:00.454464+00:00,2026-08-29T18:09:03.355270+00:00,2.9008,ok,0,stop,348,92,440,0.4,
mt/set_10/ambiegen/test-78,2026-08-29T18:09:03.355328+00:00,2026-08-29T18:09:06.216329+00:00,2.861,ok,0,stop,348,87,435,0.6,
mt_set5/frenetic_v/test-816,2026-08-29T18:09:06.216368+00:00,2026-08-29T18:09:09.696498+00:00,3.4801,ok,0,stop,350,118,468,0.75,
mt/set_10/frenetic_v/test-381,2026-08-29T18:09:09.696541+00:00,2026-08-29T18:09:13.100730+00:00,3.4042,ok,0,stop,349,117,466,0.75,
mt/set_12/ambiegen/test-561,2026-08-29T18:09:13.100772+00:00,2026-08-29T18:09:15.707784+00:00,2.607,ok,0,stop,348,72,420,0.2,
mt_set5/ambiegen/test-32,2026-08-29T18:09:15.707826+00:00,2026-08-29T18:09:18.734929+00:00,3.0271,ok,0,stop,348,93,441,0.4,
mt/set_8/frenetic/odr/test-46,2026-08-29T18:09:18.734970+00:00,2026-08-29T18:09:21.931650+00:00,3.1966,ok,0,stop,348,105,453,0.75,
mt_set6/frenetic/test-618,2026-08-29T18:09:21.931691+00:00,2026-08-29T18:09:25.201092+00:00,3.2694,ok,0,stop,348,108,456,0.75,
mt/set_13/frenetic/test-214,2026-08-29T18:09:25.201140+00:00,2026-08-29T18:09:28.932535+00:00,3.7314,ok,0,stop,349,118,467,0.75,
mt/set_9/ambiegen/test-386,2026-08-29T18:09:28.932582+00:00,2026-08-29T18:09:31.491795+00:00,2.5592,ok,0,stop,348,72,420,0.75,
mt/set_9/frenetic_v/test-238,2026-08-29T18:09:31.491858+00:00,2026-08-29T18:09:34.963789+00:00,3.4719,ok,0,stop,350,118,468,0.75,
mt/set_10/frenetic/test-316,2026-08-29T18:09:34.963831+00:00,2026-08-29T18:09:38.366287+00:00,3.4024,ok,0,stop,348,120,468,0.75,
mt/set_2/ambiegen/odr/test-119,2026-08-29T18:09:38.366346+00:00,2026-08-29T18:09:41.542074+00:00,3.1757,ok,0,stop,347,102,449,0.3,
mt/set_12/ambiegen/test-63,2026-08-29T18:09:41.542135+00:00,2026-08-29T18:09:44.723559+00:00,3.1814,ok,0,stop,348,100,448,0.3,
mt/set_16/frenetic/test-387,2026-08-29T18:09:44.723624+00:00,2026-08-29T18:09:47.828773+00:00,3.1051,ok,0,stop,348,103,451,0.75,
mt/set_12/ambiegen/test-847,2026-08-29T18:09:47.828816+00:00,2026-08-29T18:09:50.983752+00:00,3.1549,ok,0,stop,349,97,446,0.4,
mt/set_17/frenetic/test-870,2026-08-29T18:09:50.983796+00:00,2026-08-29T18:09:54.627772+00:00,3.6439,ok,0,stop,348,118,466,0.75,
mt/set_13/ambiegen/test-201,2026-08-29T18:09:54.627815+00:00,2026-08-29T18:09:57.534095+00:00,2.9062,ok,0,stop,348,93,441,0.4,
mt/set_13/frenetic_v/test-935,2026-08-29T18:09:57.534152+00:00,2026-08-29T18:10:00.556138+00:00,3.022,ok,0,stop,350,92,442,0.4,
mt/set_8/frenetic_v/odr/test-480,2026-08-29T18:10:00.556184+00:00,2026-08-29T18:10:03.616062+00:00,3.0598,ok,0,stop,349,103,452,0.6,
mt_set5/frenetic/test-668,2026-08-29T18:10:03.616104+00:00,2026-08-29T18:10:07.060590+00:00,3.4445,ok,0,stop,349,118,467,0.75,
mt/set_9/ambiegen/test-22,2026-08-29T18:10:07.060629+00:00,2026-08-29T18:10:10.547015+00:00,3.4863,ok,0,stop,348,118,466,0.75,
mt/set_8/frenetic/odr/test-475,2026-08-29T18:10:10.547062+00:00,2026-08-29T18:10:14.064114+00:00,3.517,ok,0,stop,348,120,468,0.75,
mt/set_11/frenetic_v/test-511,2026-08-29T18:10:14.064160+00:00,2026-08-29T18:10:17.220529+00:00,3.1563,ok,0,stop,350,98,448,0.6,
mt/set_13/frenetic_v/test-465,2026-08-29T18:10:17.220624+00:00,2026-08-29T18:10:20.092535+00:00,2.8719,ok,0,stop,349,93,442,0.4,
mt_set5/frenetic_v/test-708,2026-08-29T18:10:20.092576+00:00,2026-08-29T18:10:22.946025+00:00,2.8534,ok,0,stop,350,85,435,0.3,
mt/set_12/frenetic/test-847,2026-08-29T18:10:22.946067+00:00,2026-08-29T18:10:26.150231+00:00,3.2041,ok,0,stop,349,110,459,0.75,
mt/set_6/frenetic_v/test-934,2026-08-29T18:10:26.150274+00:00,2026-08-29T18:10:29.200752+00:00,3.0504,ok,0,stop,350,103,453,0.4,
mt/set_13/frenetic_v/test-668,2026-08-29T18:10:29.200814+00:00,2026-08-29T18:10:32.354596+00:00,3.1537,ok,0,stop,350,103,453,0.5,
mt/set_9/frenetic/test-340,2026-08-29T18:10:32.354656+00:00,2026-08-29T18:10:35.719281+00:00,3.3646,ok,0,stop,348,118,466,0.75,
mt/set_2/ambiegen/odr/test-519,2026-08-29T18:10:35.719344+00:00,2026-08-29T18:10:38.651219+00:00,2.9318,ok,0,stop,348,92,440,0.4,
mt/set_8/ambiegen/odr/test-936,2026-08-29T18:10:38.651262+00:00,2026-08-29T18:10:41.726022+00:00,3.0747,ok,0,stop,348,100,448,0.3,
mt/set_2/ambiegen/odr/test-182,2026-08-29T18:10:41.726064+00:00,2026-08-29T18:10:45.024176+00:00,3.2981,ok,0,stop,348,100,448,0.75,
mt/set_18/ambiegen/test-794,2026-08-29T18:10:45.024238+00:00,2026-08-29T18:10:47.901897+00:00,2.8776,ok,0,stop,349,99,448,0.75,
mt/set_11/ambiegen/test-544,2026-08-29T18:10:47.901939+00:00,2026-08-29T18:10:51.005180+00:00,3.1032,ok,0,stop,349,97,446,0.4,
mt/set_14/frenetic/test-698,2026-08-29T18:10:51.005254+00:00,2026-08-29T18:10:54.476351+00:00,3.4711,ok,0,stop,348,120,468,0.75,
mt_set5/frenetic_v/test-293,2026-08-29T18:10:54.476392+00:00,2026-08-29T18:10:57.659821+00:00,3.1834,ok,0,stop,350,104,454,0.5,
mt/set_16/frenetic/test-63,2026-08-29T18:10:57.659882+00:00,2026-08-29T18:11:01.198649+00:00,3.5387,ok,0,stop,348,120,468,0.75,
mt/set_9/ambiegen/test-587,2026-08-29T18:11:01.198747+00:00,2026-08-29T18:11:03.800241+00:00,2.6014,ok,0,stop,348,72,420,0.75,
mt/set_10/frenetic_v/test-766,2026-08-29T18:11:03.800291+00:00,2026-08-29T18:11:06.994374+00:00,3.1941,ok,0,stop,350,103,453,0.6,
mt/set_17/frenetic/test-341,2026-08-29T18:11:06.994417+00:00,2026-08-29T18:11:10.461985+00:00,3.4675,ok,0,stop,349,102,451,0.4,
mt/set_14/ambiegen/test-475,2026-08-29T18:11:10.462028+00:00,2026-08-29T18:11:13.347640+00:00,2.8856,ok,0,stop,348,92,440,0.4,
mt/set_2/ambiegen/odr/test-39,2026-08-29T18:11:13.347681+00:00,2026-08-29T18:11:16.473807+00:00,3.126,ok,0,stop,348,97,445,0.6,
mt/set_16/frenetic/test-919,2026-08-29T18:11:16.473908+00:00,2026-08-29T18:11:19.893593+00:00,3.4196,ok,0,stop,348,118,466,0.75,
mt/set_10/frenetic/test-354,2026-08-29T18:11:19.893653+00:00,2026-08-29T18:11:23.654929+00:00,3.7612,ok,0,stop,349,129,478,0.6,
mt/set_12/frenetic/test-502,2026-08-29T18:11:23.654989+00:00,2026-08-29T18:11:27.346140+00:00,3.6911,ok,0,stop,348,120,468,0.75,
mt/set_11/frenetic_v/test-655,2026-08-29T18:11:27.346203+00:00,2026-08-29T18:11:30.903518+00:00,3.5573,ok,0,stop,349,118,467,0.75,
mt/set_10/frenetic/test-57,2026-08-29T18:11:30.903581+00:00,2026-08-29T18:11:33.980513+00:00,3.0769,ok,0,stop,349,97,446,0.75,
mt/set_7/ambiegen/odr/test-952,2026-08-29T18:11:33.980555+00:00,2026-08-29T18:11:36.978219+00:00,2.9976,ok,0,stop,348,98,446,0.6,
mt/set_9/ambiegen/test-901,2026-08-29T18:11:36.978260+00:00,2026-08-29T18:11:39.934656+00:00,2.9564,ok,0,stop,348,93,441,0.4,
mt/set_13/frenetic/test-101,2026-08-29T18:11:39.934709+00:00,2026-08-29T18:11:43.467534+00:00,3.5328,ok,0,stop,348,118,466,0.75,
mt/set_2/ambiegen/odr/test-593,2026-08-29T18:11:43.467591+00:00,2026-08-29T18:11:46.535997+00:00,3.0684,ok,0,stop,348,92,440,0.3,
mt/set_9/frenetic_v/test-83,2026-08-29T18:11:46.536041+00:00,2026-08-29T18:11:50.032575+00:00,3.4965,ok,0,stop,349,120,469,0.75,
mt/set_2/ambiegen/odr/test-417,2026-08-29T18:11:50.032615+00:00,2026-08-29T18:11:52.579281+00:00,2.5466,ok,0,stop,347,72,419,0.2,
mt/set_11/ambiegen/test-269,2026-08-29T18:11:52.579325+00:00,2026-08-29T18:11:55.037829+00:00,2.4585,ok,0,stop,348,72,420,0.75,
mt/set_17/frenetic/test-531,2026-08-29T18:11:55.037871+00:00,2026-08-29T18:11:58.004688+00:00,2.9668,ok,0,stop,349,98,447,0.6,
mt/set_2/ambiegen/odr/test-276,2026-08-29T18:11:58.004731+00:00,2026-08-29T18:12:01.544687+00:00,3.5399,ok,0,stop,349,113,462,0.5,
mt/set_6/frenetic_v/test-25,2026-08-29T18:12:01.544729+00:00,2026-08-29T18:12:05.050191+00:00,3.5054,ok,0,stop,350,117,467,0.75,
mt/set_9/frenetic_v/test-119,2026-08-29T18:12:05.050230+00:00,2026-08-29T18:12:08.229110+00:00,3.1788,ok,0,stop,350,97,447,0.75,
mt/set_10/ambiegen/test-721,2026-08-29T18:12:08.229149+00:00,2026-08-29T18:12:11.342206+00:00,3.113,ok,0,stop,348,102,450,0.3,
mt/set_16/frenetic/test-361,2026-08-29T18:12:11.342247+00:00,2026-08-29T18:12:14.848916+00:00,3.5066,ok,0,stop,348,118,466,0.75,
mt_set5/ambiegen/test-335,2026-08-29T18:12:14.848954+00:00,2026-08-29T18:12:17.988424+00:00,3.1394,ok,0,stop,348,93,441,0.4,
mt/set_9/frenetic/test-66,2026-08-29T18:12:17.988465+00:00,2026-08-29T18:12:21.497705+00:00,3.5092,ok,0,stop,349,118,467,0.75,
mt/set_17/ambiegen/test-584,2026-08-29T18:12:21.497744+00:00,2026-08-29T18:12:24.613916+00:00,3.1161,ok,0,stop,348,95,443,0.75,
mt/set_18/frenetic/test-892,2026-08-29T18:12:24.613959+00:00,2026-08-29T18:12:28.463953+00:00,3.85,ok,0,stop,348,133,481,0.75,
mt/set_18/frenetic/test-122,2026-08-29T18:12:28.463993+00:00,2026-08-29T18:12:31.868654+00:00,3.4046,ok,0,stop,349,117,466,0.75,
mt/set_14/ambiegen/test-442,2026-08-29T18:12:31.868692+00:00,2026-08-29T18:12:34.932593+00:00,3.0639,ok,0,stop,348,84,432,0.3,
mt/set_13/frenetic_v/test-582,2026-08-29T18:12:34.932641+00:00,2026-08-29T18:12:38.556523+00:00,3.6238,ok,0,stop,349,127,476,0.75,
mt/set_17/ambiegen/test-222,2026-08-29T18:12:38.556570+00:00,2026-08-29T18:12:41.676944+00:00,3.1203,ok,0,stop,349,101,450,0.6,
mt/set_12/frenetic/test-461,2026-08-29T18:12:41.676990+00:00,2026-08-29T18:12:45.074995+00:00,3.398,ok,0,stop,348,118,466,0.75,
mt/set_11/frenetic_v/test-641,2026-08-29T18:12:45.075042+00:00,2026-08-29T18:12:48.554955+00:00,3.4799,ok,0,stop,349,117,466,0.75,
mt/set_7/frenetic/odr/test-728,2026-08-29T18:12:48.554996+00:00,2026-08-29T18:12:51.771562+00:00,3.2165,ok,0,stop,349,97,446,0.6,
mt/set_7/frenetic/odr/test-798,2026-08-29T18:12:51.771608+00:00,2026-08-29T18:12:55.276999+00:00,3.5054,ok,0,stop,349,118,467,0.75,
mt/set_11/frenetic/test-922,2026-08-29T18:12:55.277042+00:00,2026-08-29T18:12:58.793005+00:00,3.5159,ok,0,stop,349,118,467,0.75,
mt/set_9/frenetic/test-109,2026-08-29T18:12:58.793050+00:00,2026-08-29T18:13:02.553118+00:00,3.76,ok,0,stop,349,129,478,0.75,
mt/set_7/ambiegen/odr/test-251,2026-08-29T18:13:02.553158+00:00,2026-08-29T18:13:05.336933+00:00,2.7837,ok,0,stop,348,87,435,0.6,
mt/set_18/ambiegen/test-97,2026-08-29T18:13:05.336973+00:00,2026-08-29T18:13:07.886746+00:00,2.5497,ok,0,stop,348,72,420,0.75,
mt/set_13/frenetic_v/test-890,2026-08-29T18:13:07.886786+00:00,2026-08-29T18:13:11.299168+00:00,3.4124,ok,0,stop,349,118,467,0.75,
mt/set_9/frenetic_v/test-88,2026-08-29T18:13:11.299207+00:00,2026-08-29T18:13:14.046291+00:00,2.7471,ok,0,stop,350,85,435,0.3,
mt/set_13/frenetic/test-314,2026-08-29T18:13:14.046327+00:00,2026-08-29T18:13:17.491138+00:00,3.4448,ok,0,stop,348,118,466,0.75,
mt/set_9/ambiegen/test-79,2026-08-29T18:13:17.491180+00:00,2026-08-29T18:13:20.526256+00:00,3.035,ok,0,stop,348,97,445,0.4,
mt/set_14/ambiegen/test-85,2026-08-29T18:13:20.526298+00:00,2026-08-29T18:13:23.540406+00:00,3.0141,ok,0,stop,348,98,446,0.6,
mt/set_14/frenetic/test-444,2026-08-29T18:13:23.540462+00:00,2026-08-29T18:13:26.831485+00:00,3.291,ok,0,stop,349,103,452,0.5,
mt/set_11/ambiegen/test-339,2026-08-29T18:13:26.831525+00:00,2026-08-29T18:13:29.319559+00:00,2.488,ok,0,stop,348,72,420,0.2,
mt_set5/frenetic_v/test-128,2026-08-29T18:13:29.319601+00:00,2026-08-29T18:13:32.911831+00:00,3.5922,ok,0,stop,349,118,467,0.75,
mt/set_16/ambiegen/test-646,2026-08-29T18:13:32.911873+00:00,2026-08-29T18:13:35.917589+00:00,3.0057,ok,0,stop,348,102,450,0.3,
mt/set_10/frenetic/test-348,2026-08-29T18:13:35.917637+00:00,2026-08-29T18:13:39.432289+00:00,3.5146,ok,0,stop,348,119,467,0.75,
mt/set_9/frenetic/test-336,2026-08-29T18:13:39.432329+00:00,2026-08-29T18:13:42.985670+00:00,3.5533,ok,0,stop,348,120,468,0.75,
mt/set_16/frenetic_v/test-495,2026-08-29T18:13:42.985710+00:00,2026-08-29T18:13:46.177023+00:00,3.1913,ok,0,stop,349,98,447,0.6,
mt/set_18/ambiegen/test-684,2026-08-29T18:13:46.177063+00:00,2026-08-29T18:13:49.234505+00:00,3.0574,ok,0,stop,348,101,449,0.3,
mt/set_17/ambiegen/test-418,2026-08-29T18:13:49.234551+00:00,2026-08-29T18:13:51.958363+00:00,2.7238,ok,0,stop,349,85,434,0.4,
mt/set_8/frenetic/odr/test-422,2026-08-29T18:13:51.958403+00:00,2026-08-29T18:13:55.439504+00:00,3.4811,ok,0,stop,348,118,466,0.75,
mt/set_7/frenetic_v/odr/test-154,2026-08-29T18:13:55.439563+00:00,2026-08-29T18:13:59.015112+00:00,3.5755,ok,0,stop,350,118,468,0.75,
mt/set_17/frenetic/test-188,2026-08-29T18:13:59.015171+00:00,2026-08-29T18:14:02.630349+00:00,3.6151,ok,0,stop,348,120,468,0.75,
mt/set_16/ambiegen/test-718,2026-08-29T18:14:02.630409+00:00,2026-08-29T18:14:05.977953+00:00,3.3475,ok,0,stop,349,84,433,0.3,
mt/set_11/ambiegen/test-726,2026-08-29T18:14:05.978030+00:00,2026-08-29T18:14:08.787410+00:00,2.8093,ok,0,stop,348,85,433,0.4,
mt/set_14/frenetic/test-334,2026-08-29T18:14:08.787448+00:00,2026-08-29T18:14:12.215094+00:00,3.4276,ok,0,stop,348,118,466,0.75,
mt/set_9/ambiegen/test-707,2026-08-29T18:14:12.215133+00:00,2026-08-29T18:14:15.452648+00:00,3.2375,ok,0,stop,348,106,454,0.4,
mt/set_12/frenetic/test-926,2026-08-29T18:14:15.452711+00:00,2026-08-29T18:14:18.652300+00:00,3.1996,ok,0,stop,349,101,450,0.6,
mt/set_12/ambiegen/test-754,2026-08-29T18:14:18.652336+00:00,2026-08-29T18:14:21.948330+00:00,3.296,ok,0,stop,348,98,446,0.6,
mt/set_13/frenetic/test-626,2026-08-29T18:14:21.948365+00:00,2026-08-29T18:14:25.498554+00:00,3.5502,ok,0,stop,348,118,466,0.75,
mt/set_9/ambiegen/test-58,2026-08-29T18:14:25.498614+00:00,2026-08-29T18:14:27.966675+00:00,2.468,ok,0,stop,349,72,421,0.75,
mt/set_2/ambiegen/odr/test-512,2026-08-29T18:14:27.966720+00:00,2026-08-29T18:14:31.057885+00:00,3.0911,ok,0,stop,349,98,447,0.6,
mt/set_14/frenetic/test-655,2026-08-29T18:14:31.057916+00:00,2026-08-29T18:14:34.715215+00:00,3.6573,ok,0,stop,349,117,466,0.75,
mt/set_8/ambiegen/odr/test-617,2026-08-29T18:14:34.715253+00:00,2026-08-29T18:14:37.727057+00:00,3.0118,ok,0,stop,348,92,440,0.4,
mt/set_16/ambiegen/test-99,2026-08-29T18:14:37.727093+00:00,2026-08-29T18:14:40.818866+00:00,3.0917,ok,0,stop,349,98,447,0.6,
mt/set_8/frenetic/odr/test-416,2026-08-29T18:14:40.818907+00:00,2026-08-29T18:14:44.722054+00:00,3.9031,ok,0,stop,349,135,484,0.75,
mt/set_10/frenetic_v/test-572,2026-08-29T18:14:44.722091+00:00,2026-08-29T18:14:47.762397+00:00,3.0403,ok,0,stop,349,100,449,0.5,
mt/set_13/frenetic/test-857,2026-08-29T18:14:47.762431+00:00,2026-08-29T18:14:51.193835+00:00,3.4314,ok,0,stop,349,84,433,0.75,
mt/set_12/frenetic_v/test-680,2026-08-29T18:14:51.193881+00:00,2026-08-29T18:14:54.910027+00:00,3.7161,ok,0,stop,349,129,478,0.75,
mt/set_12/ambiegen/test-485,2026-08-29T18:14:54.910070+00:00,2026-08-29T18:14:57.520652+00:00,2.6105,ok,0,stop,348,72,420,0.2,
mt/set_11/frenetic_v/test-859,2026-08-29T18:14:57.520697+00:00,2026-08-29T18:15:00.810204+00:00,3.2895,ok,0,stop,349,118,467,0.75,
mt/set_7/frenetic_v/odr/test-721,2026-08-29T18:15:00.810262+00:00,2026-08-29T18:15:06.690566+00:00,5.8803,ok,0,stop,350,118,468,0.75,
mt_set5/frenetic/test-474,2026-08-29T18:15:06.690606+00:00,2026-08-29T18:15:10.086916+00:00,3.3963,ok,0,stop,349,118,467,0.75,
mt/set_12/ambiegen/test-930,2026-08-29T18:15:10.086956+00:00,2026-08-29T18:15:13.131177+00:00,3.0442,ok,0,stop,348,98,446,0.6,
mt/set_11/frenetic_v/test-54,2026-08-29T18:15:13.131235+00:00,2026-08-29T18:15:16.383183+00:00,3.2519,ok,0,stop,349,98,447,0.6,
mt/set_11/frenetic_v/test-386,2026-08-29T18:15:16.383235+00:00,2026-08-29T18:15:19.448104+00:00,3.0648,ok,0,stop,350,98,448,0.6,
mt/set_12/frenetic/test-604,2026-08-29T18:15:19.448158+00:00,2026-08-29T18:15:22.806652+00:00,3.3584,ok,0,stop,348,108,456,0.75,
mt/set_14/ambiegen/test-267,2026-08-29T18:15:22.806781+00:00,2026-08-29T18:15:25.585110+00:00,2.7783,ok,0,stop,348,93,441,0.4,
mt/set_10/frenetic_v/test-451,2026-08-29T18:15:25.585154+00:00,2026-08-29T18:15:28.845104+00:00,3.2599,ok,0,stop,350,102,452,0.4,
mt/set_12/ambiegen/test-345,2026-08-29T18:15:28.845150+00:00,2026-08-29T18:15:32.228346+00:00,3.3832,ok,0,stop,348,111,459,0.75,
mt/set_14/frenetic_v/test-936,2026-08-29T18:15:32.228388+00:00,2026-08-29T18:15:36.800232+00:00,4.5718,ok,0,stop,350,117,467,0.75,
mt/set_2/ambiegen/odr/test-751,2026-08-29T18:15:36.800275+00:00,2026-08-29T18:15:40.352676+00:00,3.5524,ok,0,stop,349,120,469,0.4,
mt/set_12/ambiegen/test-285,2026-08-29T18:15:40.352717+00:00,2026-08-29T18:15:42.983052+00:00,2.6303,ok,0,stop,347,84,431,0.3,
mt_set5/ambiegen/test-240,2026-08-29T18:15:42.983095+00:00,2026-08-29T18:15:45.819870+00:00,2.8367,ok,0,stop,349,84,433,0.45,
mt/set_9/frenetic_v/test-469,2026-08-29T18:15:45.819912+00:00,2026-08-29T18:15:51.788904+00:00,5.969,ok,0,stop,350,118,468,0.75,
mt/set_17/ambiegen/test-748,2026-08-29T18:15:51.788948+00:00,2026-08-29T18:15:55.026846+00:00,3.2379,ok,0,stop,348,110,458,0.75,
mt/set_16/ambiegen/test-352,2026-08-29T18:15:55.026890+00:00,2026-08-29T18:15:58.142245+00:00,3.1153,ok,0,stop,348,99,447,0.75,
mt/set_8/frenetic_v/odr/test-29,2026-08-29T18:15:58.142293+00:00,2026-08-29T18:16:01.675886+00:00,3.5336,ok,0,stop,349,118,467,0.75,
mt/set_9/ambiegen/test-505,2026-08-29T18:16:01.675934+00:00,2026-08-29T18:16:04.784801+00:00,3.1088,ok,0,stop,349,103,452,0.5,
mt/set_12/frenetic_v/test-660,2026-08-29T18:16:04.784873+00:00,2026-08-29T18:16:07.847428+00:00,3.0625,ok,0,stop,349,97,446,0.75,
mt_set5/frenetic/test-813,2026-08-29T18:16:07.847467+00:00,2026-08-29T18:16:10.774038+00:00,2.9265,ok,0,stop,349,97,446,0.6,
mt/set_7/ambiegen/odr/test-289,2026-08-29T18:16:10.774078+00:00,2026-08-29T18:16:13.931781+00:00,3.1577,ok,0,stop,348,92,440,0.4,
mt/set_7/frenetic_v/odr/test-341,2026-08-29T18:16:13.931823+00:00,2026-08-29T18:16:17.083962+00:00,3.1521,ok,0,stop,350,109,459,0.75,
mt/set_14/frenetic_v/test-655,2026-08-29T18:16:17.084030+00:00,2026-08-29T18:16:21.792884+00:00,4.7088,ok,0,stop,349,120,469,0.75,
mt/set_12/frenetic_v/test-541,2026-08-29T18:16:21.792926+00:00,2026-08-29T18:16:24.890890+00:00,3.0979,ok,0,stop,350,104,454,0.6,
mt/set_8/ambiegen/odr/test-461,2026-08-29T18:16:24.890930+00:00,2026-08-29T18:16:28.027581+00:00,3.1366,ok,0,stop,348,101,449,0.6,
mt/set_8/frenetic/odr/test-624,2026-08-29T18:16:28.027625+00:00,2026-08-29T18:16:31.266448+00:00,3.2388,ok,0,stop,349,101,450,0.6,
mt/set_18/ambiegen/test-46,2026-08-29T18:16:31.266488+00:00,2026-08-29T18:16:36.835303+00:00,5.5688,ok,0,stop,348,100,448,0.75,
mt/set_17/frenetic_v/test-411,2026-08-29T18:16:36.835341+00:00,2026-08-29T18:16:39.848013+00:00,3.0126,ok,0,stop,349,97,446,0.75,
mt/set_17/ambiegen/test-122,2026-08-29T18:16:39.848053+00:00,2026-08-29T18:16:42.964935+00:00,3.1169,ok,0,stop,349,97,446,0.4,
mt/set_17/ambiegen/test-544,2026-08-29T18:16:42.964974+00:00,2026-08-29T18:16:46.483536+00:00,3.5185,ok,0,stop,348,118,466,0.6,
mt/set_8/frenetic_v/odr/test-709,2026-08-29T18:16:46.483568+00:00,2026-08-29T18:16:50.157647+00:00,3.674,ok,0,stop,350,117,467,0.75,
mt/set_13/ambiegen/test-93,2026-08-29T18:16:50.157683+00:00,2026-08-29T18:16:53.470597+00:00,3.3129,ok,0,stop,348,112,460,0.6,
mt/set_17/ambiegen/test-493,2026-08-29T18:16:53.470632+00:00,2026-08-29T18:16:56.303386+00:00,2.8327,ok,0,stop,348,84,432,0.3,
mt/set_9/ambiegen/test-349,2026-08-29T18:16:56.303426+00:00,2026-08-29T18:16:58.610571+00:00,2.3071,ok,0,stop,348,72,420,0.2,
mt/set_11/frenetic/test-40,2026-08-29T18:16:58.610604+00:00,2026-08-29T18:17:01.703969+00:00,3.0933,ok,0,stop,348,105,453,0.75,
mt/set_14/frenetic_v/test-129,2026-08-29T18:17:01.704003+00:00,2026-08-29T18:17:05.236534+00:00,3.5325,ok,0,stop,350,118,468,0.75,
mt/set_2/ambiegen/odr/test-344,2026-08-29T18:17:05.236572+00:00,2026-08-29T18:17:08.247497+00:00,3.0109,ok,0,stop,348,92,440,0.4,
mt_set5/frenetic_v/test-13,2026-08-29T18:17:08.247534+00:00,2026-08-29T18:17:11.196616+00:00,2.9491,ok,0,stop,350,98,448,0.6,
mt/set_10/ambiegen/test-765,2026-08-29T18:17:11.196646+00:00,2026-08-29T18:17:14.452948+00:00,3.2563,ok,0,stop,348,104,452,0.5,
mt_set5/frenetic_v/test-456,2026-08-29T18:17:14.453008+00:00,2026-08-29T18:17:17.455511+00:00,3.0025,ok,0,stop,350,101,451,0.6,
mt/set_18/frenetic/test-893,2026-08-29T18:17:17.455550+00:00,2026-08-29T18:17:20.908180+00:00,3.4526,ok,0,stop,349,108,457,0.75,
mt/set_14/frenetic/test-826,2026-08-29T18:17:20.908223+00:00,2026-08-29T18:17:24.486585+00:00,3.5783,ok,0,stop,349,118,467,0.75,
mt/set_13/frenetic_v/test-458,2026-08-29T18:17:24.486623+00:00,2026-08-29T18:17:27.637695+00:00,3.151,ok,0,stop,350,104,454,0.5,
mt/set_13/frenetic/test-49,2026-08-29T18:17:27.637735+00:00,2026-08-29T18:17:30.887611+00:00,3.2498,ok,0,stop,348,105,453,0.75,
mt/set_14/frenetic/test-441,2026-08-29T18:17:30.887651+00:00,2026-08-29T18:17:34.275495+00:00,3.3878,ok,0,stop,349,118,467,0.75,
mt/set_12/ambiegen/test-173,2026-08-29T18:17:34.275542+00:00,2026-08-29T18:17:37.435134+00:00,3.1596,ok,0,stop,349,100,449,0.3,
mt_set5/ambiegen/test-48,2026-08-29T18:17:37.435169+00:00,2026-08-29T18:17:40.568051+00:00,3.1328,ok,0,stop,348,90,438,0.3,
mt/set_11/frenetic_v/test-673,2026-08-29T18:17:40.568090+00:00,2026-08-29T18:17:44.058607+00:00,3.4905,ok,0,stop,350,117,467,0.75,
mt/set_8/ambiegen/odr/test-723,2026-08-29T18:17:44.058642+00:00,2026-08-29T18:17:47.162149+00:00,3.1035,ok,0,stop,348,100,448,0.3,
mt/set_10/frenetic/test-489,2026-08-29T18:17:47.162189+00:00,2026-08-29T18:17:50.602572+00:00,3.4404,ok,0,stop,348,118,466,0.75,
mt/set_18/ambiegen/test-359,2026-08-29T18:17:50.602611+00:00,2026-08-29T18:17:53.062943+00:00,2.4603,ok,0,stop,347,72,419,0.2,
mt_set5/frenetic_v/test-79,2026-08-29T18:17:53.062977+00:00,2026-08-29T18:17:56.519159+00:00,3.4561,ok,0,stop,349,121,470,0.6,
mt/set_14/frenetic/test-875,2026-08-29T18:17:56.519201+00:00,2026-08-29T18:17:59.951582+00:00,3.4323,ok,0,stop,349,118,467,0.75,
mt/set_10/frenetic/test-637,2026-08-29T18:17:59.951621+00:00,2026-08-29T18:18:02.925828+00:00,2.9742,ok,0,stop,349,96,445,0.6,
mt/set_16/frenetic/test-832,2026-08-29T18:18:02.925865+00:00,2026-08-29T18:18:06.444868+00:00,3.519,ok,0,stop,349,117,466,0.75,
mt/set_12/ambiegen/test-646,2026-08-29T18:18:06.444905+00:00,2026-08-29T18:18:09.299367+00:00,2.8544,ok,0,stop,348,83,431,0.4,
mt/set_7/frenetic/odr/test-150,2026-08-29T18:18:09.299423+00:00,2026-08-29T18:18:12.434416+00:00,3.135,ok,0,stop,349,103,452,0.6,
mt/set_13/ambiegen/test-321,2026-08-29T18:18:12.434458+00:00,2026-08-29T18:18:15.019696+00:00,2.5852,ok,0,stop,348,84,432,0.3,
mt/set_16/ambiegen/test-329,2026-08-29T18:18:15.019735+00:00,2026-08-29T18:18:17.956874+00:00,2.9371,ok,0,stop,348,92,440,0.4,
mt/set_17/frenetic/test-198,2026-08-29T18:18:17.956917+00:00,2026-08-29T18:18:21.605995+00:00,3.649,ok,0,stop,348,118,466,0.75,
mt/set_9/frenetic/test-429,2026-08-29T18:18:21.606057+00:00,2026-08-29T18:18:25.121061+00:00,3.515,ok,0,stop,349,118,467,0.75,
mt_set5/frenetic_v/test-710,2026-08-29T18:18:25.121099+00:00,2026-08-29T18:18:28.172868+00:00,3.0517,ok,0,stop,350,102,452,0.6,
mt/set_11/frenetic_v/test-797,2026-08-29T18:18:28.172908+00:00,2026-08-29T18:18:31.555703+00:00,3.3828,ok,0,stop,350,100,450,0.3,
mt/set_14/ambiegen/test-222,2026-08-29T18:18:31.555766+00:00,2026-08-29T18:18:34.660593+00:00,3.1048,ok,0,stop,348,96,444,0.5,
mt/set_14/frenetic/test-187,2026-08-29T18:18:34.660631+00:00,2026-08-29T18:18:38.144272+00:00,3.4836,ok,0,stop,348,118,466,0.75,
mt/set_11/ambiegen/test-406,2026-08-29T18:18:38.144312+00:00,2026-08-29T18:18:41.085655+00:00,2.9413,ok,0,stop,348,98,446,0.6,
mt/set_18/frenetic_v/test-191,2026-08-29T18:18:41.085715+00:00,2026-08-29T18:18:44.282189+00:00,3.1964,ok,0,stop,350,104,454,0.5,
mt/set_9/ambiegen/test-734,2026-08-29T18:18:44.282226+00:00,2026-08-29T18:18:47.474666+00:00,3.1924,ok,0,stop,348,97,445,0.5,
mt/set_9/frenetic_v/test-720,2026-08-29T18:18:47.474728+00:00,2026-08-29T18:18:50.865905+00:00,3.3911,ok,0,stop,350,118,468,0.75,
mt/set_2/ambiegen/odr/test-289,2026-08-29T18:18:50.865947+00:00,2026-08-29T18:18:53.361038+00:00,2.4951,ok,0,stop,348,72,420,0.75,
mt_set5/frenetic/test-515,2026-08-29T18:18:53.361076+00:00,2026-08-29T18:18:57.017516+00:00,3.6564,ok,0,stop,348,118,466,0.75,
mt/set_14/frenetic_v/test-625,2026-08-29T18:18:57.017555+00:00,2026-08-29T18:19:00.170794+00:00,3.1532,ok,0,stop,350,103,453,0.4,
mt/set_14/frenetic/test-673,2026-08-29T18:19:00.170832+00:00,2026-08-29T18:19:03.440524+00:00,3.2696,ok,0,stop,348,108,456,0.75,
mt/set_14/frenetic_v/test-458,2026-08-29T18:19:03.440586+00:00,2026-08-29T18:19:06.958725+00:00,3.5181,ok,0,stop,350,117,467,0.75,
mt/set_8/frenetic_v/odr/test-636,2026-08-29T18:19:06.958769+00:00,2026-08-29T18:19:09.996423+00:00,3.0376,ok,0,stop,349,98,447,0.6,
mt/set_12/frenetic_v/test-241,2026-08-29T18:19:09.996468+00:00,2026-08-29T18:19:13.562651+00:00,3.5661,ok,0,stop,349,117,466,0.75,
mt_set5/ambiegen/test-315,2026-08-29T18:19:13.562722+00:00,2026-08-29T18:19:16.937013+00:00,3.3743,ok,0,stop,348,110,458,0.4,
mt/set_10/ambiegen/test-920,2026-08-29T18:19:16.937055+00:00,2026-08-29T18:19:20.038016+00:00,3.1009,ok,0,stop,348,93,441,0.4,
mt/set_10/frenetic_v/test-76,2026-08-29T18:19:20.038117+00:00,2026-08-29T18:19:23.010289+00:00,2.9721,ok,0,stop,350,98,448,0.6,
mt/set_13/ambiegen/test-121,2026-08-29T18:19:23.010334+00:00,2026-08-29T18:19:25.761363+00:00,2.751,ok,0,stop,348,85,433,0.4,
mt/set_7/frenetic_v/odr/test-169,2026-08-29T18:19:25.761430+00:00,2026-08-29T18:19:29.346650+00:00,3.5852,ok,0,stop,350,118,468,0.75,
mt/set_14/frenetic_v/test-612,2026-08-29T18:19:29.346703+00:00,2026-08-29T18:19:32.789946+00:00,3.4432,ok,0,stop,349,118,467,0.75,
mt/set_16/ambiegen/test-744,2026-08-29T18:19:32.789989+00:00,2026-08-29T18:19:36.556188+00:00,3.7661,ok,0,stop,348,131,479,0.6,
mt/set_13/frenetic/test-617,2026-08-29T18:19:36.556259+00:00,2026-08-29T18:19:39.368738+00:00,2.8124,ok,0,stop,349,88,437,0.75,
mt/set_18/ambiegen/test-341,2026-08-29T18:19:39.368777+00:00,2026-08-29T18:19:42.597955+00:00,3.2291,ok,0,stop,348,100,448,0.3,
mt/set_10/ambiegen/test-922,2026-08-29T18:19:42.597994+00:00,2026-08-29T18:19:45.712991+00:00,3.115,ok,0,stop,348,101,449,0.6,
mt/set_17/frenetic/test-694,2026-08-29T18:19:45.713033+00:00,2026-08-29T18:19:49.161515+00:00,3.4484,ok,0,stop,349,117,466,0.75,
mt/set_13/frenetic_v/test-102,2026-08-29T18:19:49.161584+00:00,2026-08-29T18:19:52.762781+00:00,3.6012,ok,0,stop,350,118,468,0.75,
mt/set_10/frenetic/test-611,2026-08-29T18:19:52.762824+00:00,2026-08-29T18:19:56.374623+00:00,3.6118,ok,0,stop,348,117,465,0.75,
mt/set_11/frenetic_v/test-187,2026-08-29T18:19:56.374714+00:00,2026-08-29T18:19:59.844464+00:00,3.4697,ok,0,stop,349,118,467,0.75,
mt/set_8/frenetic_v/odr/test-558,2026-08-29T18:19:59.844506+00:00,2026-08-29T18:20:02.931086+00:00,3.0865,ok,0,stop,350,97,447,0.6,
mt/set_8/frenetic_v/odr/test-215,2026-08-29T18:20:02.931157+00:00,2026-08-29T18:20:05.915143+00:00,2.9839,ok,0,stop,350,97,447,0.6,
mt/set_14/frenetic_v/test-535,2026-08-29T18:20:05.915186+00:00,2026-08-29T18:20:09.522958+00:00,3.6077,ok,0,stop,350,118,468,0.75,
mt/set_16/ambiegen/test-300,2026-08-29T18:20:09.522998+00:00,2026-08-29T18:20:12.253476+00:00,2.7304,ok,0,stop,347,72,419,0.2,
mt/set_16/ambiegen/test-731,2026-08-29T18:20:12.253519+00:00,2026-08-29T18:20:15.547007+00:00,3.2935,ok,0,stop,348,107,455,0.75,
mt/set_9/frenetic_v/test-404,2026-08-29T18:20:15.547046+00:00,2026-08-29T18:20:18.607244+00:00,3.0601,ok,0,stop,350,101,451,0.6,
mt/set_16/frenetic_v/test-371,2026-08-29T18:20:18.607314+00:00,2026-08-29T18:20:22.407660+00:00,3.8003,ok,0,stop,349,133,482,0.75,
mt/set_8/ambiegen/odr/test-455,2026-08-29T18:20:22.407699+00:00,2026-08-29T18:20:25.353477+00:00,2.9457,ok,0,stop,348,92,440,0.4,
mt/set_8/frenetic/odr/test-529,2026-08-29T18:20:25.353519+00:00,2026-08-29T18:20:28.916035+00:00,3.5625,ok,0,stop,348,118,466,0.75,
mt/set_6/frenetic_v/test-376,2026-08-29T18:20:28.916097+00:00,2026-08-29T18:20:32.388872+00:00,3.4727,ok,0,stop,350,117,467,0.75,
mt_set5/ambiegen/test-964,2026-08-29T18:20:32.388918+00:00,2026-08-29T18:20:34.756100+00:00,2.3671,ok,0,stop,347,72,419,0.2,
mt/set_17/frenetic_v/test-59,2026-08-29T18:20:34.756153+00:00,2026-08-29T18:20:38.343581+00:00,3.5874,ok,0,stop,350,118,468,0.75,
mt/set_9/frenetic/test-468,2026-08-29T18:20:38.343647+00:00,2026-08-29T18:20:41.839639+00:00,3.496,ok,0,stop,349,118,467,0.75,
mt/set_11/ambiegen/test-558,2026-08-29T18:20:41.839671+00:00,2026-08-29T18:20:45.103158+00:00,3.2634,ok,0,stop,348,98,446,0.6,
mt/set_9/ambiegen/test-825,2026-08-29T18:20:45.103203+00:00,2026-08-29T18:20:48.004654+00:00,2.9014,ok,0,stop,348,97,445,0.4,
mt/set_9/frenetic_v/test-210,2026-08-29T18:20:48.004710+00:00,2026-08-29T18:20:51.229899+00:00,3.2252,ok,0,stop,350,104,454,0.6,
mt/set_8/frenetic/odr/test-118,2026-08-29T18:20:51.229931+00:00,2026-08-29T18:20:54.916762+00:00,3.6868,ok,0,stop,348,120,468,0.75,
mt/set_13/frenetic/test-853,2026-08-29T18:20:54.916822+00:00,2026-08-29T18:20:58.380279+00:00,3.4634,ok,0,stop,348,118,466,0.75,
mt/set_8/frenetic/odr/test-322,2026-08-29T18:20:58.380341+00:00,2026-08-29T18:21:01.658410+00:00,3.278,ok,0,stop,348,109,457,0.75,
mt/set_16/frenetic_v/test-521,2026-08-29T18:21:01.658498+00:00,2026-08-29T18:21:05.052803+00:00,3.3943,ok,0,stop,349,118,467,0.75,
mt/set_8/frenetic_v/odr/test-567,2026-08-29T18:21:05.052863+00:00,2026-08-29T18:21:08.334470+00:00,3.2816,ok,0,stop,350,104,454,0.6,
mt_set5/frenetic_v/test-137,2026-08-29T18:21:08.334527+00:00,2026-08-29T18:21:11.348973+00:00,3.0144,ok,0,stop,349,98,447,0.6,
mt/set_8/ambiegen/odr/test-209,2026-08-29T18:21:11.349033+00:00,2026-08-29T18:21:14.181323+00:00,2.8322,ok,0,stop,348,85,433,0.4,
mt/set_8/ambiegen/odr/test-217,2026-08-29T18:21:14.181381+00:00,2026-08-29T18:21:16.983151+00:00,2.8017,ok,0,stop,348,84,432,0.3,
mt/set_13/ambiegen/test-140,2026-08-29T18:21:16.983210+00:00,2026-08-29T18:21:20.097079+00:00,3.1138,ok,0,stop,348,100,448,0.3,
mt/set_10/frenetic_v/test-713,2026-08-29T18:21:20.097140+00:00,2026-08-29T18:21:23.706125+00:00,3.6089,ok,0,stop,349,120,469,0.75,
mt/set_11/ambiegen/test-680,2026-08-29T18:21:23.706166+00:00,2026-08-29T18:21:26.515036+00:00,2.8088,ok,0,stop,348,85,433,0.3,
mt/set_17/frenetic/test-761,2026-08-29T18:21:26.515090+00:00,2026-08-29T18:21:30.151209+00:00,3.6361,ok,0,stop,348,120,468,0.75,
mt/set_11/frenetic/test-168,2026-08-29T18:21:30.151268+00:00,2026-08-29T18:21:33.900554+00:00,3.7492,ok,0,stop,349,132,481,0.75,
mt/set_9/ambiegen/test-747,2026-08-29T18:21:33.900610+00:00,2026-08-29T18:21:36.886375+00:00,2.9857,ok,0,stop,348,92,440,0.4,
mt/set_16/frenetic_v/test-863,2026-08-29T18:21:36.886415+00:00,2026-08-29T18:21:40.514241+00:00,3.6278,ok,0,stop,350,125,475,0.6,
mt/set_7/ambiegen/odr/test-426,2026-08-29T18:21:40.514298+00:00,2026-08-29T18:21:43.422400+00:00,2.9081,ok,0,stop,348,92,440,0.5,
mt/set_16/frenetic_v/test-504,2026-08-29T18:21:43.422451+00:00,2026-08-29T18:21:46.864407+00:00,3.4419,ok,0,stop,349,109,458,0.75,
mt/set_12/ambiegen/test-722,2026-08-29T18:21:46.864469+00:00,2026-08-29T18:21:49.793721+00:00,2.9292,ok,0,stop,348,96,444,0.5,
mt/set_18/frenetic/test-27,2026-08-29T18:21:49.793776+00:00,2026-08-29T18:21:53.268472+00:00,3.4747,ok,0,stop,349,118,467,0.75,
mt_set5/frenetic_v/test-434,2026-08-29T18:21:53.268516+00:00,2026-08-29T18:21:56.542191+00:00,3.2736,ok,0,stop,349,118,467,0.75,
mt/set_11/frenetic/test-633,2026-08-29T18:21:56.542230+00:00,2026-08-29T18:21:59.941856+00:00,3.3996,ok,0,stop,349,118,467,0.75,
mt/set_13/frenetic/test-888,2026-08-29T18:21:59.941907+00:00,2026-08-29T18:22:03.077508+00:00,3.1356,ok,0,stop,349,98,447,0.75,
mt/set_11/frenetic_v/test-914,2026-08-29T18:22:03.077549+00:00,2026-08-29T18:22:06.407111+00:00,3.3295,ok,0,stop,350,101,451,0.6,
mt/set_16/frenetic_v/test-10,2026-08-29T18:22:06.407159+00:00,2026-08-29T18:22:09.951969+00:00,3.5447,ok,0,stop,349,118,467,0.75,
mt/set_10/frenetic/test-595,2026-08-29T18:22:09.952064+00:00,2026-08-29T18:22:13.355738+00:00,3.4036,ok,0,stop,348,118,466,0.75,
mt/set_10/ambiegen/test-160,2026-08-29T18:22:13.355784+00:00,2026-08-29T18:22:16.456192+00:00,3.1004,ok,0,stop,349,103,452,0.4,
mt/set_17/ambiegen/test-823,2026-08-29T18:22:16.456228+00:00,2026-08-29T18:22:21.825590+00:00,5.3693,ok,0,stop,348,99,447,0.75,
mt/set_8/frenetic_v/odr/test-583,2026-08-29T18:22:21.825633+00:00,2026-08-29T18:22:24.808338+00:00,2.9827,ok,0,stop,350,97,447,0.75,
mt/set_16/ambiegen/test-286,2026-08-29T18:22:24.808372+00:00,2026-08-29T18:22:28.527144+00:00,3.7187,ok,0,stop,349,127,476,0.4,
mt/set_13/ambiegen/test-312,2026-08-29T18:22:28.527192+00:00,2026-08-29T18:22:31.221238+00:00,2.694,ok,0,stop,348,85,433,0.3,
mt/set_7/frenetic/odr/test-383,2026-08-29T18:22:31.221275+00:00,2026-08-29T18:22:34.683049+00:00,3.4617,ok,0,stop,348,120,468,0.75,
mt/set_13/ambiegen/test-581,2026-08-29T18:22:34.683122+00:00,2026-08-29T18:22:37.844229+00:00,3.1611,ok,0,stop,348,98,446,0.6,
mt/set_13/ambiegen/test-929,2026-08-29T18:22:37.844290+00:00,2026-08-29T18:22:40.290587+00:00,2.4463,ok,0,stop,347,72,419,0.2,
mt/set_10/ambiegen/test-757,2026-08-29T18:22:40.290649+00:00,2026-08-29T18:22:43.344358+00:00,3.0537,ok,0,stop,349,98,447,0.75,
mt/set_11/frenetic/test-506,2026-08-29T18:22:43.344400+00:00,2026-08-29T18:22:46.460754+00:00,3.1163,ok,0,stop,349,97,446,0.75,
mt/set_11/frenetic/test-384,2026-08-29T18:22:46.460793+00:00,2026-08-29T18:22:50.944248+00:00,4.4834,ok,0,stop,349,108,457,0.75,
mt_set5/frenetic/test-566,2026-08-29T18:22:50.944286+00:00,2026-08-29T18:22:54.908010+00:00,3.9637,ok,0,stop,349,132,481,0.75,
mt/set_17/frenetic_v/test-539,2026-08-29T18:22:54.908071+00:00,2026-08-29T18:22:58.384112+00:00,3.476,ok,0,stop,350,117,467,0.75,
mt_set5/frenetic_v/test-77,2026-08-29T18:22:58.384158+00:00,2026-08-29T18:23:01.901079+00:00,3.5169,ok,0,stop,350,118,468,0.75,
mt/set_16/frenetic/test-687,2026-08-29T18:23:01.901122+00:00,2026-08-29T18:23:07.435569+00:00,5.5344,ok,0,stop,348,118,466,0.75,
mt/set_16/frenetic_v/test-530,2026-08-29T18:23:07.435613+00:00,2026-08-29T18:23:10.223049+00:00,2.7874,ok,0,stop,350,85,435,0.3,
mt/set_17/frenetic/test-781,2026-08-29T18:23:10.223093+00:00,2026-08-29T18:23:13.603796+00:00,3.3807,ok,0,stop,349,110,459,0.75,
mt/set_16/ambiegen/test-30,2026-08-29T18:23:13.603841+00:00,2026-08-29T18:23:16.697113+00:00,3.0932,ok,0,stop,348,100,448,0.3,
mt/set_12/frenetic/test-768,2026-08-29T18:23:16.697157+00:00,2026-08-29T18:23:20.287155+00:00,3.59,ok,0,stop,349,118,467,0.75,
mt/set_8/frenetic/odr/test-507,2026-08-29T18:23:20.287198+00:00,2026-08-29T18:23:23.355738+00:00,3.0685,ok,0,stop,349,104,453,0.6,
mt/set_8/ambiegen/odr/test-953,2026-08-29T18:23:23.355785+00:00,2026-08-29T18:23:26.382377+00:00,3.0266,ok,0,stop,348,92,440,0.4,
mt/set_10/ambiegen/test-563,2026-08-29T18:23:26.382552+00:00,2026-08-29T18:23:29.114674+00:00,2.7321,ok,0,stop,349,84,433,0.3,
mt/set_17/ambiegen/test-840,2026-08-29T18:23:29.114738+00:00,2026-08-29T18:23:32.078216+00:00,2.9634,ok,0,stop,348,92,440,0.4,
mt/set_8/frenetic_v/odr/test-86,2026-08-29T18:23:32.078251+00:00,2026-08-29T18:23:36.422211+00:00,4.3439,ok,0,stop,350,98,448,0.6,
mt/set_8/frenetic/odr/test-663,2026-08-29T18:23:36.422273+00:00,2026-08-29T18:23:39.615024+00:00,3.1927,ok,0,stop,348,108,456,0.75,
mt/set_2/ambiegen/odr/test-627,2026-08-29T18:23:39.615059+00:00,2026-08-29T18:23:42.656984+00:00,3.0419,ok,0,stop,349,98,447,0.6,
mt/set_13/frenetic/test-56,2026-08-29T18:23:42.657016+00:00,2026-08-29T18:23:46.197296+00:00,3.5402,ok,0,stop,349,120,469,0.75,
mt_set5/frenetic_v/test-854,2026-08-29T18:23:46.197336+00:00,2026-08-29T18:23:52.059871+00:00,5.8625,ok,0,stop,350,118,468,0.75,
mt/set_10/frenetic/test-630,2026-08-29T18:23:52.059914+00:00,2026-08-29T18:23:55.380830+00:00,3.3209,ok,0,stop,349,118,467,0.75,
mt/set_7/frenetic_v/odr/test-937,2026-08-29T18:23:55.380873+00:00,2026-08-29T18:23:58.469473+00:00,3.0886,ok,0,stop,350,101,451,0.6,
mt/set_10/frenetic_v/test-718,2026-08-29T18:23:58.469514+00:00,2026-08-29T18:24:01.455944+00:00,2.9864,ok,0,stop,350,96,446,0.6,
mt/set_9/frenetic_v/test-679,2026-08-29T18:24:01.455985+00:00,2026-08-29T18:24:05.148597+00:00,3.6926,ok,0,stop,349,125,474,0.6,
mt/set_17/frenetic_v/test-717,2026-08-29T18:24:05.148636+00:00,2026-08-29T18:24:08.087970+00:00,2.9393,ok,0,stop,349,96,445,0.5,
mt/set_13/frenetic_v/test-351,2026-08-29T18:24:08.088004+00:00,2026-08-29T18:24:11.278228+00:00,3.1902,ok,0,stop,350,96,446,0.5,
mt_set5/ambiegen/test-249,2026-08-29T18:24:11.278266+00:00,2026-08-29T18:24:13.942178+00:00,2.6639,ok,0,stop,348,84,432,0.3,
mt/set_8/frenetic/odr/test-686,2026-08-29T18:24:13.942218+00:00,2026-08-29T18:24:17.055341+00:00,3.1131,ok,0,stop,348,103,451,0.75,
mt/set_10/frenetic/test-535,2026-08-29T18:24:17.055390+00:00,2026-08-29T18:24:21.627396+00:00,4.572,ok,0,stop,348,117,465,0.75,
mt/set_7/ambiegen/odr/test-762,2026-08-29T18:24:21.627456+00:00,2026-08-29T18:24:24.376776+00:00,2.7493,ok,0,stop,348,85,433,0.4,
mt/set_7/frenetic_v/odr/test-556,2026-08-29T18:24:24.376818+00:00,2026-08-29T18:24:28.009789+00:00,3.6329,ok,0,stop,350,118,468,0.75,
mt/set_9/frenetic/test-755,2026-08-29T18:24:28.009847+00:00,2026-08-29T18:24:31.636206+00:00,3.6263,ok,0,stop,349,129,478,0.75,
mt/set_12/frenetic_v/test-638,2026-08-29T18:24:31.636264+00:00,2026-08-29T18:24:37.238053+00:00,5.6018,ok,0,stop,350,103,453,0.4,
mt/set_9/frenetic/test-16,2026-08-29T18:24:37.238092+00:00,2026-08-29T18:24:40.771832+00:00,3.5337,ok,0,stop,348,117,465,0.75,
mt_set5/frenetic_v/test-149,2026-08-29T18:24:40.771870+00:00,2026-08-29T18:24:43.941441+00:00,3.1695,ok,0,stop,350,98,448,0.6,
mt/set_9/ambiegen/test-208,2026-08-29T18:24:43.941501+00:00,2026-08-29T18:24:47.080076+00:00,3.1385,ok,0,stop,348,98,446,0.4,
mt/set_9/frenetic_v/test-378,2026-08-29T18:24:47.080114+00:00,2026-08-29T18:24:50.054180+00:00,2.974,ok,0,stop,350,98,448,0.6,
mt/set_7/ambiegen/odr/test-86,2026-08-29T18:24:50.054235+00:00,2026-08-29T18:24:53.907112+00:00,3.8528,ok,0,stop,348,130,478,0.65,
mt/set_16/frenetic/test-931,2026-08-29T18:24:53.907153+00:00,2026-08-29T18:24:57.446503+00:00,3.5393,ok,0,stop,349,118,467,0.75,
mt_set6/frenetic/test-310,2026-08-29T18:24:57.446558+00:00,2026-08-29T18:25:00.809869+00:00,3.3633,ok,0,stop,348,109,457,0.75,
mt/set_8/frenetic/odr/test-410,2026-08-29T18:25:00.809931+00:00,2026-08-29T18:25:04.248257+00:00,3.4383,ok,0,stop,349,117,466,0.75,
mt/set_7/frenetic/odr/test-624,2026-08-29T18:25:04.248315+00:00,2026-08-29T18:25:07.673786+00:00,3.4254,ok,0,stop,348,120,468,0.75,
mt_set6/frenetic/test-173,2026-08-29T18:25:07.673843+00:00,2026-08-29T18:25:11.198214+00:00,3.5243,ok,0,stop,348,118,466,0.75,
mt/set_10/frenetic_v/test-260,2026-08-29T18:25:11.198252+00:00,2026-08-29T18:25:14.743511+00:00,3.5452,ok,0,stop,349,119,468,0.6,
mt/set_12/ambiegen/test-748,2026-08-29T18:25:14.743571+00:00,2026-08-29T18:25:17.596850+00:00,2.8532,ok,0,stop,348,92,440,0.4,
mt/set_17/frenetic/test-549,2026-08-29T18:25:17.596899+00:00,2026-08-29T18:25:21.181992+00:00,3.5851,ok,0,stop,349,118,467,0.75,
mt/set_11/ambiegen/test-667,2026-08-29T18:25:21.182041+00:00,2026-08-29T18:25:23.999538+00:00,2.8175,ok,0,stop,348,85,433,0.3,
mt/set_11/ambiegen/test-754,2026-08-29T18:25:23.999581+00:00,2026-08-29T18:25:26.576652+00:00,2.577,ok,0,stop,348,72,420,0.2,
mt_set5/frenetic/test-213,2026-08-29T18:25:26.576698+00:00,2026-08-29T18:25:30.009003+00:00,3.4323,ok,0,stop,348,118,466,0.75,
mt_set5/frenetic_v/test-813,2026-08-29T18:25:30.009065+00:00,2026-08-29T18:25:33.448635+00:00,3.4395,ok,0,stop,349,118,467,0.75,
mt_set5/frenetic/test-361,2026-08-29T18:25:33.448693+00:00,2026-08-29T18:25:36.666990+00:00,3.2183,ok,0,stop,348,97,445,0.75,
mt/set_14/frenetic_v/test-416,2026-08-29T18:25:36.667032+00:00,2026-08-29T18:25:40.311412+00:00,3.6443,ok,0,stop,350,133,483,0.75,
mt/set_6/frenetic_v/test-868,2026-08-29T18:25:40.311474+00:00,2026-08-29T18:25:43.787541+00:00,3.476,ok,0,stop,349,118,467,0.75,
mt/set_11/ambiegen/test-146,2026-08-29T18:25:43.787583+00:00,2026-08-29T18:25:46.777676+00:00,2.9901,ok,0,stop,348,97,445,0.6,
mt/set_12/frenetic_v/test-691,2026-08-29T18:25:46.777724+00:00,2026-08-29T18:25:49.945049+00:00,3.1673,ok,0,stop,350,102,452,0.5,
mt/set_17/frenetic/test-538,2026-08-29T18:25:49.945095+00:00,2026-08-29T18:25:53.727613+00:00,3.7825,ok,0,stop,348,118,466,0.75,
mt/set_9/ambiegen/test-630,2026-08-29T18:25:53.727659+00:00,2026-08-29T18:25:56.805965+00:00,3.0783,ok,0,stop,348,100,448,0.3,
mt/set_10/frenetic/test-283,2026-08-29T18:25:56.806011+00:00,2026-08-29T18:25:59.839089+00:00,3.033,ok,0,stop,349,101,450,0.6,
mt/set_9/frenetic/test-36,2026-08-29T18:25:59.839138+00:00,2026-08-29T18:26:03.300624+00:00,3.4614,ok,0,stop,348,120,468,0.75,
mt/set_12/frenetic_v/test-262,2026-08-29T18:26:03.300670+00:00,2026-08-29T18:26:06.756600+00:00,3.4559,ok,0,stop,349,120,469,0.75,
mt/set_2/ambiegen/odr/test-749,2026-08-29T18:26:06.756646+00:00,2026-08-29T18:26:09.819933+00:00,3.0632,ok,0,stop,348,92,440,0.4,
mt/set_16/ambiegen/test-153,2026-08-29T18:26:09.819978+00:00,2026-08-29T18:26:12.600815+00:00,2.7808,ok,0,stop,348,84,432,0.3,
mt/set_18/ambiegen/test-703,2026-08-29T18:26:12.600858+00:00,2026-08-29T18:26:15.501877+00:00,2.901,ok,0,stop,348,93,441,0.4,
mt/set_18/ambiegen/test-326,2026-08-29T18:26:15.501939+00:00,2026-08-29T18:26:18.781598+00:00,3.2796,ok,0,stop,348,104,452,0.4,
mt/set_16/frenetic/test-929,2026-08-29T18:26:18.781640+00:00,2026-08-29T18:26:22.201978+00:00,3.4203,ok,0,stop,348,120,468,0.75,
mt/set_18/frenetic_v/test-29,2026-08-29T18:26:22.202019+00:00,2026-08-29T18:26:25.757721+00:00,3.5557,ok,0,stop,350,118,468,0.75,
mt/set_12/frenetic/test-617,2026-08-29T18:26:25.757762+00:00,2026-08-29T18:26:29.254247+00:00,3.4965,ok,0,stop,348,118,466,0.75,
mt/set_16/frenetic_v/test-820,2026-08-29T18:26:29.254288+00:00,2026-08-29T18:26:32.378596+00:00,3.1243,ok,0,stop,350,98,448,0.6,
mt/set_14/frenetic/test-891,2026-08-29T18:26:32.378639+00:00,2026-08-29T18:26:35.918828+00:00,3.5402,ok,0,stop,349,118,467,0.75,
mt/set_8/frenetic/odr/test-787,2026-08-29T18:26:35.918881+00:00,2026-08-29T18:26:39.497514+00:00,3.5786,ok,0,stop,349,118,467,0.75,
mt/set_11/frenetic/test-640,2026-08-29T18:26:39.497564+00:00,2026-08-29T18:26:43.075754+00:00,3.5782,ok,0,stop,349,118,467,0.75,
mt/set_10/frenetic_v/test-316,2026-08-29T18:26:43.075805+00:00,2026-08-29T18:26:46.586990+00:00,3.5112,ok,0,stop,350,118,468,0.75,
mt/set_17/ambiegen/test-910,2026-08-29T18:26:46.587031+00:00,2026-08-29T18:26:50.110591+00:00,3.5235,ok,0,stop,348,123,471,0.4,
mt/set_12/frenetic/test-501,2026-08-29T18:26:50.110716+00:00,2026-08-29T18:26:53.365345+00:00,3.2546,ok,0,stop,348,108,456,0.75,
mt/set_12/frenetic/test-247,2026-08-29T18:26:53.365385+00:00,2026-08-29T18:26:56.820128+00:00,3.4547,ok,0,stop,349,118,467,0.75,
mt_set5/frenetic_v/test-759,2026-08-29T18:26:56.820170+00:00,2026-08-29T18:27:00.343092+00:00,3.5229,ok,0,stop,349,120,469,0.75,
mt/set_8/frenetic_v/odr/test-669,2026-08-29T18:27:00.343133+00:00,2026-08-29T18:27:03.091378+00:00,2.7482,ok,0,stop,350,84,434,0.75,
mt/set_12/ambiegen/test-207,2026-08-29T18:27:03.091421+00:00,2026-08-29T18:27:06.230229+00:00,3.1388,ok,0,stop,349,100,449,0.4,
mt/set_17/frenetic_v/test-654,2026-08-29T18:27:06.230269+00:00,2026-08-29T18:27:09.885051+00:00,3.6548,ok,0,stop,350,118,468,0.6,
mt/set_10/ambiegen/test-537,2026-08-29T18:27:09.885092+00:00,2026-08-29T18:27:13.011268+00:00,3.1261,ok,0,stop,348,102,450,0.3,
mt/set_18/ambiegen/test-152,2026-08-29T18:27:13.011309+00:00,2026-08-29T18:27:16.278226+00:00,3.2669,ok,0,stop,349,107,456,0.4,
mt/set_17/frenetic/test-138,2026-08-29T18:27:16.278268+00:00,2026-08-29T18:27:19.590736+00:00,3.3124,ok,0,stop,348,120,468,0.75,
mt_set5/frenetic_v/test-29,2026-08-29T18:27:19.590776+00:00,2026-08-29T18:27:22.946460+00:00,3.3557,ok,0,stop,350,114,464,0.6,
mt/set_13/frenetic_v/test-802,2026-08-29T18:27:22.946503+00:00,2026-08-29T18:27:26.517089+00:00,3.5706,ok,0,stop,350,121,471,0.6,
mt/set_6/frenetic_v/test-619,2026-08-29T18:27:26.517132+00:00,2026-08-29T18:27:29.890476+00:00,3.3733,ok,0,stop,350,118,468,0.75,
mt/set_13/frenetic/test-304,2026-08-29T18:27:29.890516+00:00,2026-08-29T18:27:33.208963+00:00,3.3184,ok,0,stop,348,107,455,0.75,
mt/set_18/ambiegen/test-2,2026-08-29T18:27:33.209004+00:00,2026-08-29T18:27:36.288614+00:00,3.0796,ok,0,stop,348,100,448,0.3,
mt/set_9/frenetic_v/test-781,2026-08-29T18:27:36.288656+00:00,2026-08-29T18:27:39.575496+00:00,3.2868,ok,0,stop,349,109,458,0.75,
mt/set_6/frenetic_v/test-384,2026-08-29T18:27:39.575535+00:00,2026-08-29T18:27:42.703128+00:00,3.1276,ok,0,stop,350,98,448,0.75,
mt_set5/ambiegen/test-225,2026-08-29T18:27:42.703172+00:00,2026-08-29T18:27:45.569884+00:00,2.8667,ok,0,stop,348,92,440,0.5,
mt/set_11/frenetic_v/test-807,2026-08-29T18:27:45.569925+00:00,2026-08-29T18:27:49.117118+00:00,3.5471,ok,0,stop,349,118,467,0.75,
mt/set_13/frenetic/test-25,2026-08-29T18:27:49.117181+00:00,2026-08-29T18:27:52.187384+00:00,3.0702,ok,0,stop,349,88,437,0.75,
mt/set_10/frenetic_v/test-281,2026-08-29T18:27:52.187421+00:00,2026-08-29T18:27:55.186487+00:00,2.999,ok,0,stop,349,98,447,0.6,
mt_set5/ambiegen/test-737,2026-08-29T18:27:55.186527+00:00,2026-08-29T18:27:58.041523+00:00,2.8549,ok,0,stop,348,84,432,0.3,
mt/set_9/ambiegen/test-447,2026-08-29T18:27:58.041593+00:00,2026-08-29T18:28:01.078123+00:00,3.0365,ok,0,stop,348,98,446,0.6,
mt/set_8/ambiegen/odr/test-483,2026-08-29T18:28:01.078163+00:00,2026-08-29T18:28:03.879012+00:00,2.8008,ok,0,stop,348,92,440,0.4,
mt_set5/ambiegen/test-352,2026-08-29T18:28:03.879051+00:00,2026-08-29T18:28:07.107131+00:00,3.228,ok,0,stop,348,102,450,0.3,
mt_set6/frenetic/test-934,2026-08-29T18:28:07.107174+00:00,2026-08-29T18:28:10.526155+00:00,3.419,ok,0,stop,348,120,468,0.75,
mt/set_10/frenetic_v/test-32,2026-08-29T18:28:10.526192+00:00,2026-08-29T18:28:13.598957+00:00,3.0727,ok,0,stop,350,100,450,0.5,
mt/set_14/frenetic_v/test-229,2026-08-29T18:28:13.598989+00:00,2026-08-29T18:28:16.692206+00:00,3.0932,ok,0,stop,350,97,447,0.75,
mt/set_13/frenetic_v/test-912,2026-08-29T18:28:16.692263+00:00,2026-08-29T18:28:19.773136+00:00,3.0808,ok,0,stop,350,97,447,0.75,
mt/set_13/ambiegen/test-299,2026-08-29T18:28:19.773175+00:00,2026-08-29T18:28:22.593576+00:00,2.8204,ok,0,stop,349,84,433,0.3,
mt_set5/frenetic/test-763,2026-08-29T18:28:22.593627+00:00,2026-08-29T18:28:26.305895+00:00,3.7122,ok,0,stop,349,118,467,0.75,
mt/set_13/frenetic/test-886,2026-08-29T18:28:26.305933+00:00,2026-08-29T18:28:29.998712+00:00,3.6927,ok,0,stop,349,129,478,0.65,
mt/set_10/frenetic_v/test-670,2026-08-29T18:28:29.998753+00:00,2026-08-29T18:28:33.591114+00:00,3.5923,ok,0,stop,350,118,468,0.75,
mt/set_18/frenetic/test-147,2026-08-29T18:28:33.591168+00:00,2026-08-29T18:28:37.037911+00:00,3.4467,ok,0,stop,348,118,466,0.75,
mt/set_7/ambiegen/odr/test-235,2026-08-29T18:28:37.037963+00:00,2026-08-29T18:28:40.224595+00:00,3.1866,ok,0,stop,348,101,449,0.4,
mt/set_7/frenetic_v/odr/test-302,2026-08-29T18:28:40.224639+00:00,2026-08-29T18:28:43.465428+00:00,3.2408,ok,0,stop,350,104,454,0.6,
mt/set_16/frenetic_v/test-20,2026-08-29T18:28:43.465470+00:00,2026-08-29T18:28:47.326583+00:00,3.8611,ok,0,stop,350,129,479,0.75,
mt/set_11/frenetic/test-872,2026-08-29T18:28:47.326623+00:00,2026-08-29T18:28:50.509662+00:00,3.183,ok,0,stop,349,104,453,0.6,
mt/set_7/frenetic/odr/test-11,2026-08-29T18:28:50.509703+00:00,2026-08-29T18:28:53.926408+00:00,3.4167,ok,0,stop,349,118,467,0.75,
mt/set_16/frenetic/test-720,2026-08-29T18:28:53.926449+00:00,2026-08-29T18:28:57.268752+00:00,3.3423,ok,0,stop,348,108,456,0.75,
mt/set_7/ambiegen/odr/test-845,2026-08-29T18:28:57.268820+00:00,2026-08-29T18:29:00.332194+00:00,3.0633,ok,0,stop,348,98,446,0.6,
mt/set_16/ambiegen/test-564,2026-08-29T18:29:00.332255+00:00,2026-08-29T18:29:03.001062+00:00,2.6688,ok,0,stop,348,72,420,0.75,
mt_set5/frenetic_v/test-877,2026-08-29T18:29:03.001103+00:00,2026-08-29T18:29:06.148052+00:00,3.1469,ok,0,stop,350,98,448,0.6,
mt/set_12/frenetic_v/test-764,2026-08-29T18:29:06.148128+00:00,2026-08-29T18:29:09.470439+00:00,3.3223,ok,0,stop,349,118,467,0.75,
mt/set_8/ambiegen/odr/test-410,2026-08-29T18:29:09.470481+00:00,2026-08-29T18:29:13.094166+00:00,3.6237,ok,0,stop,348,126,474,0.75,
mt/set_11/frenetic_v/test-787,2026-08-29T18:29:13.094207+00:00,2026-08-29T18:29:16.875681+00:00,3.7814,ok,0,stop,350,133,483,0.75,
mt/set_13/frenetic_v/test-95,2026-08-29T18:29:16.875722+00:00,2026-08-29T18:29:20.025626+00:00,3.1499,ok,0,stop,350,103,453,0.6,
mt_set5/ambiegen/test-723,2026-08-29T18:29:20.025669+00:00,2026-08-29T18:29:22.813140+00:00,2.7874,ok,0,stop,348,85,433,0.4,
mt/set_9/frenetic_v/test-935,2026-08-29T18:29:22.813183+00:00,2026-08-29T18:29:26.256289+00:00,3.4431,ok,0,stop,349,120,469,0.75,
mt_set5/frenetic/test-827,2026-08-29T18:29:26.256330+00:00,2026-08-29T18:29:29.758438+00:00,3.5021,ok,0,stop,348,117,465,0.75,
mt_set5/ambiegen/test-136,2026-08-29T18:29:29.758489+00:00,2026-08-29T18:29:33.005157+00:00,3.2466,ok,0,stop,349,99,448,0.75,
mt/set_11/ambiegen/test-729,2026-08-29T18:29:33.005206+00:00,2026-08-29T18:29:36.636377+00:00,3.6311,ok,0,stop,348,102,450,0.3,
mt/set_11/frenetic_v/test-747,2026-08-29T18:29:36.636427+00:00,2026-08-29T18:29:40.300981+00:00,3.6645,ok,0,stop,350,118,468,0.75,
mt/set_7/frenetic_v/odr/test-589,2026-08-29T18:29:40.301031+00:00,2026-08-29T18:29:43.303676+00:00,3.0026,ok,0,stop,350,98,448,0.6,
mt/set_12/frenetic/test-23,2026-08-29T18:29:43.303723+00:00,2026-08-29T18:29:46.241807+00:00,2.938,ok,0,stop,348,88,436,0.75,
mt/set_10/frenetic/test-517,2026-08-29T18:29:46.241856+00:00,2026-08-29T18:29:49.322281+00:00,3.0804,ok,0,stop,349,97,446,0.75,
mt/set_13/ambiegen/test-100,2026-08-29T18:29:49.322330+00:00,2026-08-29T18:29:52.464444+00:00,3.1421,ok,0,stop,348,98,446,0.6,
mt/set_12/frenetic/test-902,2026-08-29T18:29:52.464506+00:00,2026-08-29T18:29:55.825392+00:00,3.3608,ok,0,stop,348,118,466,0.75,
mt/set_2/ambiegen/odr/test-682,2026-08-29T18:29:55.825432+00:00,2026-08-29T18:29:58.933803+00:00,3.1083,ok,0,stop,348,98,446,0.4,
mt/set_11/frenetic_v/test-733,2026-08-29T18:29:58.933865+00:00,2026-08-29T18:30:01.911261+00:00,2.9774,ok,0,stop,350,95,445,0.6,
mt/set_7/ambiegen/odr/test-363,2026-08-29T18:30:01.911301+00:00,2026-08-29T18:30:05.772723+00:00,3.8614,ok,0,stop,347,84,431,0.3,
mt_set6/frenetic/test-659,2026-08-29T18:30:05.772766+00:00,2026-08-29T18:30:09.348772+00:00,3.576,ok,0,stop,349,129,478,0.6,
mt_set5/ambiegen/test-843,2026-08-29T18:30:09.348813+00:00,2026-08-29T18:30:12.275026+00:00,2.9262,ok,0,stop,348,93,441,0.4,
mt/set_7/frenetic_v/odr/test-506,2026-08-29T18:30:12.275066+00:00,2026-08-29T18:30:16.100214+00:00,3.8251,ok,0,stop,349,132,481,0.75,
mt_set5/frenetic/test-738,2026-08-29T18:30:16.100252+00:00,2026-08-29T18:30:21.634521+00:00,5.5342,ok,0,stop,349,105,454,0.75,
mt_set5/frenetic_v/test-559,2026-08-29T18:30:21.634559+00:00,2026-08-29T18:30:24.970402+00:00,3.3358,ok,0,stop,350,103,453,0.5,
mt/set_11/frenetic/test-544,2026-08-29T18:30:24.970439+00:00,2026-08-29T18:30:27.878987+00:00,2.9085,ok,0,stop,349,88,437,0.75,
mt_set6/frenetic/test-276,2026-08-29T18:30:27.879028+00:00,2026-08-29T18:30:31.491686+00:00,3.6126,ok,0,stop,349,118,467,0.75,
mt/set_8/frenetic/odr/test-373,2026-08-29T18:30:31.491727+00:00,2026-08-29T18:30:34.942911+00:00,3.4512,ok,0,stop,349,118,467,0.75,
mt/set_10/frenetic/test-545,2026-08-29T18:30:34.942951+00:00,2026-08-29T18:30:38.379330+00:00,3.4363,ok,0,stop,349,115,464,0.75,
mt/set_18/frenetic/test-454,2026-08-29T18:30:38.379367+00:00,2026-08-29T18:30:42.167231+00:00,3.7878,ok,0,stop,349,118,467,0.75,
mt/set_11/frenetic_v/test-553,2026-08-29T18:30:42.167269+00:00,2026-08-29T18:30:45.820677+00:00,3.6534,ok,0,stop,350,124,474,0.6,
mt_set5/frenetic_v/test-109,2026-08-29T18:30:45.820714+00:00,2026-08-29T18:30:48.916474+00:00,3.0957,ok,0,stop,350,97,447,0.75,
mt/set_18/frenetic_v/test-157,2026-08-29T18:30:48.916512+00:00,2026-08-29T18:30:52.685089+00:00,3.7685,ok,0,stop,349,134,483,0.75,
mt/set_16/frenetic/test-306,2026-08-29T18:30:52.685126+00:00,2026-08-29T18:30:56.346108+00:00,3.6609,ok,0,stop,349,118,467,0.75,
mt_set5/frenetic/test-433,2026-08-29T18:30:56.346178+00:00,2026-08-29T18:30:59.258174+00:00,2.912,ok,0,stop,349,88,437,0.75,
mt/set_16/frenetic_v/test-88,2026-08-29T18:30:59.258233+00:00,2026-08-29T18:31:02.436200+00:00,3.1779,ok,0,stop,349,105,454,0.75,
mt/set_9/frenetic/test-5,2026-08-29T18:31:02.436243+00:00,2026-08-29T18:31:07.191790+00:00,4.7555,ok,0,stop,349,96,445,0.6,
mt/set_14/ambiegen/test-49,2026-08-29T18:31:07.191845+00:00,2026-08-29T18:31:10.321747+00:00,3.1299,ok,0,stop,348,100,448,0.3,
mt/set_16/frenetic_v/test-182,2026-08-29T18:31:10.321784+00:00,2026-08-29T18:31:13.326943+00:00,3.0051,ok,0,stop,349,96,445,0.6,
mt/set_8/frenetic_v/odr/test-930,2026-08-29T18:31:13.327014+00:00,2026-08-29T18:31:16.470012+00:00,3.143,ok,0,stop,350,103,453,0.4,
mt/set_16/frenetic/test-213,2026-08-29T18:31:16.470050+00:00,2026-08-29T18:31:19.589574+00:00,3.1195,ok,0,stop,349,103,452,0.6,
mt/set_17/frenetic/test-751,2026-08-29T18:31:19.589614+00:00,2026-08-29T18:31:22.763945+00:00,3.1743,ok,0,stop,349,98,447,0.6,
mt/set_18/ambiegen/test-404,2026-08-29T18:31:22.763985+00:00,2026-08-29T18:31:25.267457+00:00,2.5034,ok,0,stop,348,72,420,0.75,
mt/set_11/frenetic_v/test-67,2026-08-29T18:31:25.267495+00:00,2026-08-29T18:31:28.900380+00:00,3.6329,ok,0,stop,350,118,468,0.75,
mt/set_17/ambiegen/test-540,2026-08-29T18:31:28.900411+00:00,2026-08-29T18:31:31.466292+00:00,2.5659,ok,0,stop,347,72,419,0.2,
mt/set_18/frenetic_v/test-234,2026-08-29T18:31:31.466330+00:00,2026-08-29T18:31:36.097266+00:00,4.6309,ok,0,stop,349,118,467,0.75,
mt/set_11/frenetic_v/test-742,2026-08-29T18:31:36.097301+00:00,2026-08-29T18:31:39.314726+00:00,3.2174,ok,0,stop,350,100,450,0.3,
mt/set_8/ambiegen/odr/test-515,2026-08-29T18:31:39.314768+00:00,2026-08-29T18:31:42.587653+00:00,3.2729,ok,0,stop,348,103,451,0.6,
mt/set_17/frenetic_v/test-538,2026-08-29T18:31:42.587694+00:00,2026-08-29T18:31:45.637528+00:00,3.0498,ok,0,stop,350,103,453,0.4,
mt/set_18/frenetic/test-509,2026-08-29T18:31:45.637566+00:00,2026-08-29T18:31:49.209251+00:00,3.5717,ok,0,stop,348,118,466,0.75,
mt/set_14/frenetic/test-277,2026-08-29T18:31:49.209291+00:00,2026-08-29T18:31:52.781407+00:00,3.5721,ok,0,stop,349,118,467,0.75,
mt/set_7/frenetic_v/odr/test-412,2026-08-29T18:31:52.781446+00:00,2026-08-29T18:31:56.069375+00:00,3.2879,ok,0,stop,350,109,459,0.6,
mt/set_7/ambiegen/odr/test-784,2026-08-29T18:31:56.069417+00:00,2026-08-29T18:31:58.969007+00:00,2.8996,ok,0,stop,348,88,436,0.75,
mt/set_13/ambiegen/test-20,2026-08-29T18:31:58.969050+00:00,2026-08-29T18:32:01.996992+00:00,3.0279,ok,0,stop,348,97,445,0.4,
mt/set_18/frenetic/test-865,2026-08-29T18:32:01.997035+00:00,2026-08-29T18:32:05.507851+00:00,3.5108,ok,0,stop,348,118,466,0.75,
mt/set_2/ambiegen/odr/test-92,2026-08-29T18:32:05.507889+00:00,2026-08-29T18:32:08.614967+00:00,3.107,ok,0,stop,348,98,446,0.6,
mt/set_13/frenetic_v/test-774,2026-08-29T18:32:08.615005+00:00,2026-08-29T18:32:12.226826+00:00,3.6118,ok,0,stop,350,120,470,0.75,
mt/set_16/ambiegen/test-638,2026-08-29T18:32:12.226865+00:00,2026-08-29T18:32:15.135110+00:00,2.9082,ok,0,stop,348,84,432,0.3,
mt/set_12/ambiegen/test-787,2026-08-29T18:32:15.135150+00:00,2026-08-29T18:32:18.492692+00:00,3.3575,ok,0,stop,348,110,458,0.3,
mt/set_16/ambiegen/test-656,2026-08-29T18:32:18.492732+00:00,2026-08-29T18:32:21.786128+00:00,3.2933,ok,0,stop,348,102,450,0.3,
mt/set_18/frenetic/test-369,2026-08-29T18:32:21.786209+00:00,2026-08-29T18:32:25.112365+00:00,3.3261,ok,0,stop,349,118,467,0.75,
mt/set_8/frenetic/odr/test-206,2026-08-29T18:32:25.112404+00:00,2026-08-29T18:32:28.569563+00:00,3.4571,ok,0,stop,349,118,467,0.75,
mt/set_10/frenetic/test-902,2026-08-29T18:32:28.569602+00:00,2026-08-29T18:32:32.058910+00:00,3.4893,ok,0,stop,349,118,467,0.75,
mt/set_17/ambiegen/test-566,2026-08-29T18:32:32.058952+00:00,2026-08-29T18:32:37.178283+00:00,5.1193,ok,0,stop,349,97,446,0.4,
mt/set_10/ambiegen/test-302,2026-08-29T18:32:37.178319+00:00,2026-08-29T18:32:40.281484+00:00,3.1031,ok,0,stop,348,93,441,0.4,
mt/set_9/ambiegen/test-130,2026-08-29T18:32:40.281524+00:00,2026-08-29T18:32:43.657841+00:00,3.3763,ok,0,stop,349,111,460,0.4,
mt/set_12/frenetic/test-100,2026-08-29T18:32:43.657880+00:00,2026-08-29T18:32:47.278921+00:00,3.621,ok,0,stop,348,120,468,0.75,
mt/set_12/frenetic_v/test-751,2026-08-29T18:32:47.278964+00:00,2026-08-29T18:32:50.197469+00:00,2.9185,ok,0,stop,350,98,448,0.6,
mt/set_11/ambiegen/test-450,2026-08-29T18:32:50.197507+00:00,2026-08-29T18:32:53.303402+00:00,3.1059,ok,0,stop,348,98,446,0.4,
mt/set_9/frenetic_v/test-785,2026-08-29T18:32:53.303441+00:00,2026-08-29T18:32:56.985405+00:00,3.6819,ok,0,stop,349,118,467,0.75,
mt/set_18/ambiegen/test-528,2026-08-29T18:32:56.985445+00:00,2026-08-29T18:32:59.992016+00:00,3.0065,ok,0,stop,348,98,446,0.6,
mt/set_13/ambiegen/test-843,2026-08-29T18:32:59.992054+00:00,2026-08-29T18:33:02.982281+00:00,2.9902,ok,0,stop,348,94,442,0.4,
mt/set_16/frenetic/test-498,2026-08-29T18:33:02.982334+00:00,2026-08-29T18:33:06.584927+00:00,3.6026,ok,0,stop,348,118,466,0.75,
mt/set_18/frenetic/test-174,2026-08-29T18:33:06.584965+00:00,2026-08-29T18:33:10.058573+00:00,3.4736,ok,0,stop,348,118,466,0.75,
mt/set_9/frenetic/test-858,2026-08-29T18:33:10.058611+00:00,2026-08-29T18:33:13.568348+00:00,3.5097,ok,0,stop,348,120,468,0.75,
mt/set_11/frenetic/test-927,2026-08-29T18:33:13.568386+00:00,2026-08-29T18:33:16.829386+00:00,3.261,ok,0,stop,349,109,458,0.75,
mt/set_7/frenetic/odr/test-896,2026-08-29T18:33:16.829424+00:00,2026-08-29T18:33:20.243906+00:00,3.4145,ok,0,stop,348,118,466,0.75,
mt_set5/frenetic/test-818,2026-08-29T18:33:20.243938+00:00,2026-08-29T18:33:23.864819+00:00,3.6208,ok,0,stop,348,118,466,0.75,
mt/set_9/ambiegen/test-18,2026-08-29T18:33:23.864858+00:00,2026-08-29T18:33:26.655236+00:00,2.7903,ok,0,stop,348,84,432,0.3,
mt/set_16/ambiegen/test-942,2026-08-29T18:33:26.655272+00:00,2026-08-29T18:33:29.096821+00:00,2.4415,ok,0,stop,348,72,420,0.75,
mt/set_10/frenetic_v/test-808,2026-08-29T18:33:29.096858+00:00,2026-08-29T18:33:32.792885+00:00,3.696,ok,0,stop,349,120,469,0.75,
mt/set_18/frenetic/test-797,2026-08-29T18:33:32.792924+00:00,2026-08-29T18:33:36.302808+00:00,3.5099,ok,0,stop,348,118,466,0.75,
mt_set6/frenetic/test-126,2026-08-29T18:33:36.302848+00:00,2026-08-29T18:33:39.472993+00:00,3.1701,ok,0,stop,349,101,450,0.6,
mt/set_6/frenetic_v/test-265,2026-08-29T18:33:39.473031+00:00,2026-08-29T18:33:42.590474+00:00,3.1174,ok,0,stop,350,96,446,0.6,
mt_set6/frenetic/test-492,2026-08-29T18:33:42.590520+00:00,2026-08-29T18:33:46.018165+00:00,3.4276,ok,0,stop,348,118,466,0.75,
mt/set_17/frenetic_v/test-552,2026-08-29T18:33:46.018209+00:00,2026-08-29T18:33:49.433260+00:00,3.415,ok,0,stop,350,104,454,0.5,
mt/set_10/ambiegen/test-455,2026-08-29T18:33:49.433303+00:00,2026-08-29T18:33:52.240283+00:00,2.8069,ok,0,stop,348,84,432,0.3,
mt/set_14/frenetic_v/test-487,2026-08-29T18:33:52.240340+00:00,2026-08-29T18:33:55.782724+00:00,3.5423,ok,0,stop,349,123,472,0.75,
mt/set_12/frenetic_v/test-807,2026-08-29T18:33:55.782772+00:00,2026-08-29T18:33:59.318899+00:00,3.5361,ok,0,stop,349,118,467,0.75,
mt_set6/frenetic/test-120,2026-08-29T18:33:59.318943+00:00,2026-08-29T18:34:02.894752+00:00,3.5758,ok,0,stop,349,118,467,0.75,
mt/set_13/frenetic/test-94,2026-08-29T18:34:02.894796+00:00,2026-08-29T18:34:06.409870+00:00,3.515,ok,0,stop,349,108,457,0.75,
mt/set_18/frenetic/test-256,2026-08-29T18:34:06.409915+00:00,2026-08-29T18:34:10.205701+00:00,3.7957,ok,0,stop,348,133,481,0.75,
mt/set_7/ambiegen/odr/test-331,2026-08-29T18:34:10.205745+00:00,2026-08-29T18:34:12.916278+00:00,2.7105,ok,0,stop,348,84,432,0.3,
mt/set_17/frenetic/test-548,2026-08-29T18:34:12.916339+00:00,2026-08-29T18:34:16.326498+00:00,3.4101,ok,0,stop,348,118,466,0.75,
mt/set_17/ambiegen/test-608,2026-08-29T18:34:16.326541+00:00,2026-08-29T18:34:19.428356+00:00,3.1018,ok,0,stop,348,102,450,0.3,
mt/set_12/frenetic_v/test-620,2026-08-29T18:34:19.428392+00:00,2026-08-29T18:34:22.860296+00:00,3.4319,ok,0,stop,349,109,458,0.75,
mt/set_16/frenetic/test-672,2026-08-29T18:34:22.860359+00:00,2026-08-29T18:34:26.363393+00:00,3.503,ok,0,stop,349,118,467,0.75,
mt/set_7/frenetic_v/odr/test-254,2026-08-29T18:34:26.363431+00:00,2026-08-29T18:34:29.437442+00:00,3.074,ok,0,stop,350,98,448,0.6,
mt/set_10/frenetic_v/test-715,2026-08-29T18:34:29.437484+00:00,2026-08-29T18:34:33.055261+00:00,3.6177,ok,0,stop,349,117,466,0.75,
mt/set_13/frenetic/test-175,2026-08-29T18:34:33.055300+00:00,2026-08-29T18:34:36.488329+00:00,3.433,ok,0,stop,348,109,457,0.75,
mt_set6/frenetic/test-536,2026-08-29T18:34:36.488369+00:00,2026-08-29T18:34:40.144463+00:00,3.6561,ok,0,stop,348,118,466,0.75,
mt/set_16/frenetic_v/test-776,2026-08-29T18:34:40.144502+00:00,2026-08-29T18:34:43.345377+00:00,3.2008,ok,0,stop,350,110,460,0.6,
mt/set_18/frenetic_v/test-7,2026-08-29T18:34:43.345416+00:00,2026-08-29T18:34:46.625714+00:00,3.2803,ok,0,stop,350,103,453,0.6,
mt/set_16/frenetic/test-810,2026-08-29T18:34:46.625756+00:00,2026-08-29T18:34:49.728078+00:00,3.1023,ok,0,stop,349,106,455,0.75,
mt/set_17/frenetic_v/test-202,2026-08-29T18:34:49.728119+00:00,2026-08-29T18:34:52.803263+00:00,3.0751,ok,0,stop,350,97,447,0.75,
mt/set_8/ambiegen/odr/test-347,2026-08-29T18:34:52.803301+00:00,2026-08-29T18:34:55.169046+00:00,2.3657,ok,0,stop,348,68,416,0.6,
mt_set5/frenetic/test-745,2026-08-29T18:34:55.169088+00:00,2026-08-29T18:34:58.641404+00:00,3.4723,ok,0,stop,348,117,465,0.75,
mt/set_2/ambiegen/odr/test-34,2026-08-29T18:34:58.641442+00:00,2026-08-29T18:35:01.320898+00:00,2.6794,ok,0,stop,348,84,432,0.3,
mt/set_10/ambiegen/test-339,2026-08-29T18:35:01.320935+00:00,2026-08-29T18:35:04.486848+00:00,3.1659,ok,0,stop,348,102,450,0.4,
mt/set_8/frenetic/odr/test-841,2026-08-29T18:35:04.486887+00:00,2026-08-29T18:35:07.410530+00:00,2.9236,ok,0,stop,348,95,443,0.8,
mt/set_2/ambiegen/odr/test-335,2026-08-29T18:35:07.410579+00:00,2026-08-29T18:35:09.955822+00:00,2.5452,ok,0,stop,347,72,419,0.2,
mt/set_12/frenetic/test-670,2026-08-29T18:35:09.955855+00:00,2026-08-29T18:35:13.287043+00:00,3.3312,ok,0,stop,348,109,457,0.75,
mt/set_11/frenetic/test-390,2026-08-29T18:35:13.287090+00:00,2026-08-29T18:35:16.786608+00:00,3.4995,ok,0,stop,348,118,466,0.75,
mt/set_8/frenetic_v/odr/test-417,2026-08-29T18:35:16.786651+00:00,2026-08-29T18:35:20.273390+00:00,3.4867,ok,0,stop,350,118,468,0.75,
mt/set_6/frenetic_v/test-646,2026-08-29T18:35:20.273487+00:00,2026-08-29T18:35:23.635445+00:00,3.3619,ok,0,stop,350,118,468,0.75,
mt/set_13/frenetic_v/test-783,2026-08-29T18:35:23.635503+00:00,2026-08-29T18:35:27.149435+00:00,3.5139,ok,0,stop,349,118,467,0.75,
mt/set_7/frenetic/odr/test-124,2026-08-29T18:35:27.149473+00:00,2026-08-29T18:35:30.777459+00:00,3.628,ok,0,stop,348,120,468,0.75,
mt/set_14/frenetic_v/test-846,2026-08-29T18:35:30.777500+00:00,2026-08-29T18:35:33.971621+00:00,3.1941,ok,0,stop,349,105,454,0.75,
mt/set_9/frenetic_v/test-426,2026-08-29T18:35:33.971659+00:00,2026-08-29T18:35:37.323411+00:00,3.3517,ok,0,stop,350,108,458,0.75,
mt/set_11/frenetic/test-129,2026-08-29T18:35:37.323503+00:00,2026-08-29T18:35:40.284617+00:00,2.9611,ok,0,stop,349,96,445,0.75,
mt/set_14/ambiegen/test-218,2026-08-29T18:35:40.284656+00:00,2026-08-29T18:35:42.930608+00:00,2.6459,ok,0,stop,348,85,433,0.4,
mt_set5/frenetic_v/test-255,2026-08-29T18:35:42.930664+00:00,2026-08-29T18:35:46.048242+00:00,3.1175,ok,0,stop,349,98,447,0.6,
mt/set_18/ambiegen/test-262,2026-08-29T18:35:46.048287+00:00,2026-08-29T18:35:48.663495+00:00,2.6152,ok,0,stop,347,84,431,0.3,
mt/set_17/frenetic/test-352,2026-08-29T18:35:48.663552+00:00,2026-08-29T18:35:52.205204+00:00,3.5416,ok,0,stop,348,118,466,0.75,
mt/set_12/frenetic/test-889,2026-08-29T18:35:52.205263+00:00,2026-08-29T18:35:55.800514+00:00,3.5952,ok,0,stop,349,118,467,0.75,
mt/set_8/frenetic/odr/test-650,2026-08-29T18:35:55.800554+00:00,2026-08-29T18:35:59.280818+00:00,3.4802,ok,0,stop,348,118,466,0.75,
mt/set_11/frenetic_v/test-350,2026-08-29T18:35:59.280878+00:00,2026-08-29T18:36:02.790371+00:00,3.5094,ok,0,stop,350,118,468,0.75,
mt/set_10/ambiegen/test-884,2026-08-29T18:36:02.790444+00:00,2026-08-29T18:36:05.768185+00:00,2.9777,ok,0,stop,349,96,445,0.5,
mt/set_14/ambiegen/test-775,2026-08-29T18:36:05.768242+00:00,2026-08-29T18:36:09.214108+00:00,3.4458,ok,0,stop,349,111,460,0.4,
mt/set_6/frenetic_v/test-900,2026-08-29T18:36:09.214147+00:00,2026-08-29T18:36:13.834544+00:00,4.6204,ok,0,stop,350,98,448,0.75,
mt/set_7/frenetic/odr/test-372,2026-08-29T18:36:13.834584+00:00,2026-08-29T18:36:17.534141+00:00,3.6995,ok,0,stop,348,118,466,0.75,
mt/set_14/ambiegen/test-808,2026-08-29T18:36:17.534179+00:00,2026-08-29T18:36:20.330277+00:00,2.7961,ok,0,stop,348,84,432,0.3,
mt/set_9/frenetic_v/test-11,2026-08-29T18:36:20.330321+00:00,2026-08-29T18:36:23.710645+00:00,3.3803,ok,0,stop,350,117,467,0.75,
mt/set_7/frenetic/odr/test-208,2026-08-29T18:36:23.710715+00:00,2026-08-29T18:36:27.069306+00:00,3.3586,ok,0,stop,349,115,464,0.85,
mt/set_14/ambiegen/test-312,2026-08-29T18:36:27.069345+00:00,2026-08-29T18:36:30.088742+00:00,3.0194,ok,0,stop,348,92,440,0.4,
mt/set_13/ambiegen/test-536,2026-08-29T18:36:30.088803+00:00,2026-08-29T18:36:33.152870+00:00,3.064,ok,0,stop,348,98,446,0.6,
mt/set_18/frenetic/test-683,2026-08-29T18:36:33.152909+00:00,2026-08-29T18:36:36.669533+00:00,3.5166,ok,0,stop,348,118,466,0.75,
mt/set_16/ambiegen/test-4,2026-08-29T18:36:36.669595+00:00,2026-08-29T18:36:39.824782+00:00,3.1552,ok,0,stop,348,98,446,0.6,
mt/set_13/frenetic/test-75,2026-08-29T18:36:39.824820+00:00,2026-08-29T18:36:42.969692+00:00,3.1448,ok,0,stop,348,109,457,0.75,
mt/set_9/frenetic/test-504,2026-08-29T18:36:42.969730+00:00,2026-08-29T18:36:46.488420+00:00,3.5187,ok,0,stop,349,120,469,0.75,
mt/set_12/frenetic/test-756,2026-08-29T18:36:46.488462+00:00,2026-08-29T18:36:49.876835+00:00,3.3883,ok,0,stop,349,117,466,0.75,
mt_set5/frenetic_v/test-206,2026-08-29T18:36:49.876877+00:00,2026-08-29T18:36:52.635538+00:00,2.7586,ok,0,stop,350,85,435,0.4,
mt/set_8/ambiegen/odr/test-358,2026-08-29T18:36:52.635599+00:00,2026-08-29T18:36:55.955639+00:00,3.32,ok,0,stop,348,100,448,0.75,
mt/set_8/frenetic_v/odr/test-178,2026-08-29T18:36:55.955679+00:00,2026-08-29T18:36:59.042505+00:00,3.0868,ok,0,stop,350,97,447,0.75,
mt/set_8/frenetic_v/odr/test-239,2026-08-29T18:36:59.042565+00:00,2026-08-29T18:37:02.381297+00:00,3.3386,ok,0,stop,349,118,467,0.75,
mt/set_8/frenetic/odr/test-252,2026-08-29T18:37:02.381415+00:00,2026-08-29T18:37:05.915073+00:00,3.5336,ok,0,stop,348,120,468,0.75,
mt/set_14/ambiegen/test-865,2026-08-29T18:37:05.915140+00:00,2026-08-29T18:37:09.230609+00:00,3.3154,ok,0,stop,348,110,458,0.3,
mt/set_12/frenetic_v/test-932,2026-08-29T18:37:09.230679+00:00,2026-08-29T18:37:12.824883+00:00,3.5942,ok,0,stop,350,118,468,0.75,
mt_set5/ambiegen/test-658,2026-08-29T18:37:12.824928+00:00,2026-08-29T18:37:15.821852+00:00,2.9969,ok,0,stop,348,92,440,0.4,
mt_set5/frenetic/test-146,2026-08-29T18:37:15.821893+00:00,2026-08-29T18:37:18.859016+00:00,3.0371,ok,0,stop,349,101,450,0.6,
mt/set_17/ambiegen/test-350,2026-08-29T18:37:18.859056+00:00,2026-08-29T18:37:22.129807+00:00,3.2707,ok,0,stop,349,97,446,0.3,
mt/set_7/frenetic_v/odr/test-734,2026-08-29T18:37:22.129849+00:00,2026-08-29T18:37:25.641625+00:00,3.5117,ok,0,stop,349,120,469,0.75,
mt/set_16/ambiegen/test-625,2026-08-29T18:37:25.641666+00:00,2026-08-29T18:37:28.156092+00:00,2.5144,ok,0,stop,348,72,420,0.65,
mt/set_16/frenetic/test-776,2026-08-29T18:37:28.156163+00:00,2026-08-29T18:37:31.329305+00:00,3.1731,ok,0,stop,348,104,452,0.5,
mt/set_10/ambiegen/test-275,2026-08-29T18:37:31.329349+00:00,2026-08-29T18:37:34.326169+00:00,2.9968,ok,0,stop,348,93,441,0.4,
mt/set_13/frenetic_v/test-139,2026-08-29T18:37:34.326212+00:00,2026-08-29T18:37:37.394212+00:00,3.068,ok,0,stop,349,97,446,0.75,
mt/set_11/ambiegen/test-918,2026-08-29T18:37:37.394254+00:00,2026-08-29T18:37:40.185767+00:00,2.7915,ok,0,stop,348,92,440,0.3,
mt/set_6/frenetic_v/test-815,2026-08-29T18:37:40.185829+00:00,2026-08-29T18:37:43.209584+00:00,3.0237,ok,0,stop,349,96,445,0.6,
mt/set_8/frenetic_v/odr/test-483,2026-08-29T18:37:43.209650+00:00,2026-08-29T18:37:46.820666+00:00,3.611,ok,0,stop,349,118,467,0.75,
mt/set_2/ambiegen/odr/test-835,2026-08-29T18:37:46.820740+00:00,2026-08-29T18:37:49.923166+00:00,3.1024,ok,0,stop,348,100,448,0.75,
mt_set5/frenetic_v/test-407,2026-08-29T18:37:49.923208+00:00,2026-08-29T18:37:53.435911+00:00,3.5126,ok,0,stop,349,120,469,0.75,
mt/set_18/ambiegen/test-155,2026-08-29T18:37:53.436010+00:00,2026-08-29T18:37:56.714049+00:00,3.278,ok,0,stop,348,113,461,0.4,
mt/set_13/ambiegen/test-288,2026-08-29T18:37:56.714089+00:00,2026-08-29T18:37:59.847225+00:00,3.1331,ok,0,stop,348,101,449,0.3,
mt/set_6/frenetic_v/test-722,2026-08-29T18:37:59.847265+00:00,2026-08-29T18:38:02.915114+00:00,3.0678,ok,0,stop,349,97,446,0.75,
mt/set_17/ambiegen/test-551,2026-08-29T18:38:02.915175+00:00,2026-08-29T18:38:05.782931+00:00,2.8677,ok,0,stop,347,72,419,0.2,
mt/set_14/frenetic_v/test-153,2026-08-29T18:38:05.782991+00:00,2026-08-29T18:38:09.214047+00:00,3.431,ok,0,stop,350,117,467,0.75,
mt/set_7/ambiegen/odr/test-189,2026-08-29T18:38:09.214090+00:00,2026-08-29T18:38:12.382766+00:00,3.1686,ok,0,stop,348,97,445,0.4,
mt_set5/ambiegen/test-731,2026-08-29T18:38:12.382829+00:00,2026-08-29T18:38:15.166352+00:00,2.7835,ok,0,stop,348,85,433,0.4,
mt/set_14/ambiegen/test-746,2026-08-29T18:38:15.166394+00:00,2026-08-29T18:38:17.954572+00:00,2.7881,ok,0,stop,348,84,432,0.3,
mt/set_7/frenetic/odr/test-467,2026-08-29T18:38:17.954628+00:00,2026-08-29T18:38:21.936285+00:00,3.9816,ok,0,stop,349,92,441,0.3,
mt/set_8/frenetic_v/odr/test-744,2026-08-29T18:38:21.936327+00:00,2026-08-29T18:38:24.949129+00:00,3.0128,ok,0,stop,350,96,446,0.6,
mt/set_10/ambiegen/test-812,2026-08-29T18:38:24.949172+00:00,2026-08-29T18:38:27.927930+00:00,2.9787,ok,0,stop,348,92,440,0.4,
mt/set_17/frenetic/test-861,2026-08-29T18:38:27.927973+00:00,2026-08-29T18:38:31.222971+00:00,3.295,ok,0,stop,348,118,466,0.75,
mt/set_18/ambiegen/test-777,2026-08-29T18:38:31.223032+00:00,2026-08-29T18:38:34.298382+00:00,3.0753,ok,0,stop,348,103,451,0.5,
mt/set_8/frenetic_v/odr/test-880,2026-08-29T18:38:34.298441+00:00,2026-08-29T18:38:37.431777+00:00,3.1333,ok,0,stop,350,92,442,0.4,
mt/set_18/ambiegen/test-560,2026-08-29T18:38:37.431839+00:00,2026-08-29T18:38:40.557822+00:00,3.1259,ok,0,stop,348,102,450,0.3,
mt/set_13/frenetic_v/test-46,2026-08-29T18:38:40.557882+00:00,2026-08-29T18:38:44.037613+00:00,3.4797,ok,0,stop,349,118,467,0.75,
mt_set5/frenetic/test-748,2026-08-29T18:38:44.037676+00:00,2026-08-29T18:38:47.579372+00:00,3.5417,ok,0,stop,348,120,468,0.75,
mt/set_14/ambiegen/test-541,2026-08-29T18:38:47.579432+00:00,2026-08-29T18:38:51.359777+00:00,3.7803,ok,0,stop,348,100,448,0.3,
mt/set_9/frenetic_v/test-729,2026-08-29T18:38:51.359821+00:00,2026-08-29T18:38:54.569052+00:00,3.2092,ok,0,stop,350,102,452,0.5,
mt/set_9/frenetic_v/test-442,2026-08-29T18:38:54.569093+00:00,2026-08-29T18:38:57.578707+00:00,3.0096,ok,0,stop,349,96,445,0.6,
mt/set_10/frenetic_v/test-627,2026-08-29T18:38:57.578748+00:00,2026-08-29T18:39:00.735152+00:00,3.1564,ok,0,stop,350,103,453,0.6,
mt/set_11/frenetic_v/test-112,2026-08-29T18:39:00.735212+00:00,2026-08-29T18:39:06.767809+00:00,6.0325,ok,0,stop,349,117,466,0.75,
mt/set_17/ambiegen/test-839,2026-08-29T18:39:06.767870+00:00,2026-08-29T18:39:09.813638+00:00,3.0457,ok,0,stop,349,97,446,0.4,
mt/set_9/frenetic/test-398,2026-08-29T18:39:09.813708+00:00,2026-08-29T18:39:13.368980+00:00,3.5552,ok,0,stop,348,118,466,0.75,
mt/set_10/frenetic/test-140,2026-08-29T18:39:13.369021+00:00,2026-08-29T18:39:16.637307+00:00,3.2683,ok,0,stop,348,109,457,0.75,
mt/set_13/ambiegen/test-372,2026-08-29T18:39:16.637348+00:00,2026-08-29T18:39:19.585670+00:00,2.9483,ok,0,stop,348,97,445,0.4,
mt/set_12/frenetic/test-803,2026-08-29T18:39:19.585729+00:00,2026-08-29T18:39:23.134187+00:00,3.5484,ok,0,stop,349,118,467,0.75,
mt/set_8/frenetic/odr/test-494,2026-08-29T18:39:23.134249+00:00,2026-08-29T18:39:26.410620+00:00,3.2763,ok,0,stop,348,105,453,0.75,
mt/set_17/frenetic/test-6,2026-08-29T18:39:26.410680+00:00,2026-08-29T18:39:29.791946+00:00,3.3812,ok,0,stop,348,109,457,0.75,
mt/set_13/frenetic_v/test-172,2026-08-29T18:39:29.791988+00:00,2026-08-29T18:39:32.835187+00:00,3.0432,ok,0,stop,350,97,447,0.6,
mt/set_17/ambiegen/test-509,2026-08-29T18:39:32.835230+00:00,2026-08-29T18:39:35.857652+00:00,3.0224,ok,0,stop,349,72,421,0.3,
mt/set_9/ambiegen/test-738,2026-08-29T18:39:35.857712+00:00,2026-08-29T18:39:39.001140+00:00,3.1434,ok,0,stop,348,100,448,0.75,
mt/set_7/frenetic/odr/test-135,2026-08-29T18:39:39.001184+00:00,2026-08-29T18:39:42.762281+00:00,3.7611,ok,0,stop,349,133,482,0.75,
mt/set_12/frenetic_v/test-148,2026-08-29T18:39:42.762321+00:00,2026-08-29T18:39:46.298645+00:00,3.5363,ok,0,stop,350,110,460,0.75,
mt/set_6/frenetic_v/test-621,2026-08-29T18:39:46.298741+00:00,2026-08-29T18:39:51.608255+00:00,5.3095,ok,0,stop,350,97,447,0.65,
mt/set_7/ambiegen/odr/test-186,2026-08-29T18:39:51.608298+00:00,2026-08-29T18:39:54.616744+00:00,3.0084,ok,0,stop,348,92,440,0.4,
mt/set_12/ambiegen/test-525,2026-08-29T18:39:54.616807+00:00,2026-08-29T18:39:57.515613+00:00,2.8988,ok,0,stop,348,92,440,0.4,
mt/set_14/frenetic_v/test-896,2026-08-29T18:39:57.515655+00:00,2026-08-29T18:40:01.027186+00:00,3.5115,ok,0,stop,350,118,468,0.75,
mt/set_11/ambiegen/test-239,2026-08-29T18:40:01.027256+00:00,2026-08-29T18:40:03.892261+00:00,2.865,ok,0,stop,349,92,441,0.4,
mt/set_6/frenetic_v/test-152,2026-08-29T18:40:03.892305+00:00,2026-08-29T18:40:06.928451+00:00,3.0361,ok,0,stop,350,103,453,0.6,
mt/set_16/frenetic_v/test-318,2026-08-29T18:40:06.928494+00:00,2026-08-29T18:40:10.371288+00:00,3.4428,ok,0,stop,349,118,467,0.75,
mt/set_13/frenetic/test-679,2026-08-29T18:40:10.371326+00:00,2026-08-29T18:40:13.890394+00:00,3.519,ok,0,stop,348,118,466,0.75,
mt/set_12/frenetic_v/test-677,2026-08-29T18:40:13.890458+00:00,2026-08-29T18:40:17.632173+00:00,3.7417,ok,0,stop,349,133,482,0.75,
mt/set_12/frenetic_v/test-1,2026-08-29T18:40:17.632215+00:00,2026-08-29T18:40:21.672556+00:00,4.0403,ok,0,stop,349,118,467,0.75,
mt/set_14/frenetic/test-562,2026-08-29T18:40:21.672598+00:00,2026-08-29T18:40:24.714431+00:00,3.0418,ok,0,stop,349,97,446,0.75,
mt/set_9/frenetic_v/test-473,2026-08-29T18:40:24.714492+00:00,2026-08-29T18:40:27.811302+00:00,3.0968,ok,0,stop,350,100,450,0.4,
mt/set_14/ambiegen/test-294,2026-08-29T18:40:27.811362+00:00,2026-08-29T18:40:30.559037+00:00,2.7476,ok,0,stop,348,84,432,0.3,
mt_set5/frenetic/test-403,2026-08-29T18:40:30.559082+00:00,2026-08-29T18:40:34.053384+00:00,3.4943,ok,0,stop,348,115,463,0.85,
mt/set_18/frenetic/test-353,2026-08-29T18:40:34.053450+00:00,2026-08-29T18:40:37.574240+00:00,3.5208,ok,0,stop,349,101,450,0.6,
mt_set5/frenetic_v/test-862,2026-08-29T18:40:37.574279+00:00,2026-08-29T18:40:41.099784+00:00,3.5255,ok,0,stop,349,118,467,0.75,
mt/set_16/frenetic/test-821,2026-08-29T18:40:41.099844+00:00,2026-08-29T18:40:44.264958+00:00,3.1651,ok,0,stop,348,98,446,0.6,
mt/set_8/ambiegen/odr/test-531,2026-08-29T18:40:44.265018+00:00,2026-08-29T18:40:47.007361+00:00,2.7423,ok,0,stop,348,84,432,0.3,
mt/set_8/frenetic_v/odr/test-751,2026-08-29T18:40:47.007424+00:00,2026-08-29T18:40:50.016897+00:00,3.0094,ok,0,stop,350,98,448,0.6,
mt_set6/frenetic/test-529,2026-08-29T18:40:50.016957+00:00,2026-08-29T18:40:53.321071+00:00,3.3041,ok,0,stop,349,104,453,0.5,
mt/set_14/ambiegen/test-653,2026-08-29T18:40:53.321131+00:00,2026-08-29T18:40:56.666978+00:00,3.3458,ok,0,stop,348,111,459,0.4,
mt/set_11/frenetic_v/test-244,2026-08-29T18:40:56.667019+00:00,2026-08-29T18:40:59.740910+00:00,3.0739,ok,0,stop,349,98,447,0.6,
mt/set_16/frenetic_v/test-527,2026-08-29T18:40:59.740949+00:00,2026-08-29T18:41:03.352033+00:00,3.611,ok,0,stop,349,118,467,0.75,
mt/set_18/frenetic/test-594,2026-08-29T18:41:03.352097+00:00,2026-08-29T18:41:06.515796+00:00,3.1637,ok,0,stop,349,100,449,0.3,
mt/set_11/ambiegen/test-890,2026-08-29T18:41:06.515836+00:00,2026-08-29T18:41:10.150713+00:00,3.6348,ok,0,stop,348,124,472,0.6,
mt/set_8/frenetic/odr/test-229,2026-08-29T18:41:10.150752+00:00,2026-08-29T18:41:13.264686+00:00,3.1139,ok,0,stop,348,105,453,0.75,
mt/set_10/frenetic/test-761,2026-08-29T18:41:13.264730+00:00,2026-08-29T18:41:16.622792+00:00,3.358,ok,0,stop,348,109,457,0.75,
mt/set_10/frenetic_v/test-404,2026-08-29T18:41:16.622854+00:00,2026-08-29T18:41:19.947124+00:00,3.3242,ok,0,stop,350,109,459,0.75,
mt/set_13/frenetic_v/test-277,2026-08-29T18:41:19.947184+00:00,2026-08-29T18:41:23.270815+00:00,3.3236,ok,0,stop,349,104,453,0.5,
mt/set_16/frenetic/test-685,2026-08-29T18:41:23.270853+00:00,2026-08-29T18:41:26.816485+00:00,3.5456,ok,0,stop,349,118,467,0.75,
mt/set_16/frenetic_v/test-375,2026-08-29T18:41:26.816545+00:00,2026-08-29T18:41:30.113038+00:00,3.2965,ok,0,stop,350,117,467,0.75,
mt/set_13/ambiegen/test-621,2026-08-29T18:41:30.113078+00:00,2026-08-29T18:41:33.088733+00:00,2.9756,ok,0,stop,348,92,440,0.4,
mt_set6/frenetic/test-865,2026-08-29T18:41:33.088776+00:00,2026-08-29T18:41:36.346979+00:00,3.2582,ok,0,stop,349,101,450,0.6,
mt/set_10/ambiegen/test-406,2026-08-29T18:41:36.347020+00:00,2026-08-29T18:41:39.538646+00:00,3.1916,ok,0,stop,348,106,454,0.4,
mt/set_16/frenetic_v/test-721,2026-08-29T18:41:39.538718+00:00,2026-08-29T18:41:43.075651+00:00,3.5369,ok,0,stop,349,118,467,0.75,
mt_set6/frenetic/test-824,2026-08-29T18:41:43.075740+00:00,2026-08-29T18:41:46.420304+00:00,3.3445,ok,0,stop,349,117,466,0.75,
mt/set_13/frenetic_v/test-772,2026-08-29T18:41:46.420345+00:00,2026-08-29T18:41:49.446669+00:00,3.0263,ok,0,stop,350,97,447,0.6,
mt/set_12/ambiegen/test-140,2026-08-29T18:41:49.446740+00:00,2026-08-29T18:41:53.016692+00:00,3.5699,ok,0,stop,349,118,467,0.75,
mt/set_13/frenetic_v/test-90,2026-08-29T18:41:53.016756+00:00,2026-08-29T18:41:56.133988+00:00,3.1172,ok,0,stop,350,104,454,0.6,
mt/set_11/frenetic_v/test-618,2026-08-29T18:41:56.134031+00:00,2026-08-29T18:41:59.614028+00:00,3.4799,ok,0,stop,350,118,468,0.75,
mt/set_11/frenetic/test-499,2026-08-29T18:41:59.614098+00:00,2026-08-29T18:42:02.876482+00:00,3.2623,ok,0,stop,348,107,455,0.75,
mt/set_13/frenetic_v/test-287,2026-08-29T18:42:02.876545+00:00,2026-08-29T18:42:06.265271+00:00,3.3887,ok,0,stop,349,118,467,0.75,
mt_set5/frenetic/test-324,2026-08-29T18:42:06.265326+00:00,2026-08-29T18:42:09.404406+00:00,3.139,ok,0,stop,349,101,450,0.6,
mt/set_13/frenetic/test-184,2026-08-29T18:42:09.404443+00:00,2026-08-29T18:42:12.724905+00:00,3.3204,ok,0,stop,348,109,457,0.75,
mt/set_12/frenetic/test-9,2026-08-29T18:42:12.724949+00:00,2026-08-29T18:42:15.865225+00:00,3.1402,ok,0,stop,349,104,453,0.6,
mt_set5/frenetic_v/test-117,2026-08-29T18:42:15.865267+00:00,2026-08-29T18:42:19.561322+00:00,3.696,ok,0,stop,350,117,467,0.75,
mt/set_6/frenetic_v/test-938,2026-08-29T18:42:19.561365+00:00,2026-08-29T18:42:22.674558+00:00,3.1132,ok,0,stop,349,98,447,0.6,
mt/set_10/frenetic/test-551,2026-08-29T18:42:22.674602+00:00,2026-08-29T18:42:25.508128+00:00,2.8335,ok,0,stop,348,88,436,0.75,
mt/set_7/ambiegen/odr/test-705,2026-08-29T18:42:25.508172+00:00,2026-08-29T18:42:28.546725+00:00,3.0385,ok,0,stop,348,104,452,0.5,
mt/set_9/frenetic/test-3,2026-08-29T18:42:28.546770+00:00,2026-08-29T18:42:31.975118+00:00,3.4283,ok,0,stop,348,120,468,0.75,
mt/set_9/frenetic_v/test-880,2026-08-29T18:42:31.975166+00:00,2026-08-29T18:42:35.095553+00:00,3.1203,ok,0,stop,349,98,447,0.6,
mt/set_16/ambiegen/test-777,2026-08-29T18:42:35.095598+00:00,2026-08-29T18:42:38.047031+00:00,2.9514,ok,0,stop,348,99,447,0.75,
mt/set_16/frenetic_v/test-358,2026-08-29T18:42:38.047076+00:00,2026-08-29T18:42:41.509209+00:00,3.4621,ok,0,stop,350,117,467,0.75,
mt/set_13/ambiegen/test-707,2026-08-29T18:42:41.509252+00:00,2026-08-29T18:42:44.469190+00:00,2.9599,ok,0,stop,348,84,432,0.3,
mt/set_9/ambiegen/test-61,2026-08-29T18:42:44.469235+00:00,2026-08-29T18:42:47.485685+00:00,3.0164,ok,0,stop,348,100,448,0.75,
mt/set_16/frenetic/test-930,2026-08-29T18:42:47.485728+00:00,2026-08-29T18:42:51.127654+00:00,3.6419,ok,0,stop,349,120,469,0.75,
mt/set_10/ambiegen/test-197,2026-08-29T18:42:51.127697+00:00,2026-08-29T18:42:53.697108+00:00,2.5694,ok,0,stop,349,84,433,0.3,
mt/set_17/frenetic_v/test-676,2026-08-29T18:42:53.697150+00:00,2026-08-29T18:42:57.349118+00:00,3.6519,ok,0,stop,350,118,468,0.75,
mt/set_18/frenetic/test-760,2026-08-29T18:42:57.349166+00:00,2026-08-29T18:43:00.984735+00:00,3.6355,ok,0,stop,349,120,469,0.75,
mt/set_7/frenetic_v/odr/test-251,2026-08-29T18:43:00.984782+00:00,2026-08-29T18:43:04.439606+00:00,3.4548,ok,0,stop,350,118,468,0.75,
mt/set_7/frenetic_v/odr/test-114,2026-08-29T18:43:04.439666+00:00,2026-08-29T18:43:07.844342+00:00,3.4046,ok,0,stop,350,118,468,0.75,
mt/set_12/frenetic/test-208,2026-08-29T18:43:07.844431+00:00,2026-08-29T18:43:10.992683+00:00,3.1482,ok,0,stop,348,105,453,0.75,
mt/set_8/ambiegen/odr/test-950,2026-08-29T18:43:10.992724+00:00,2026-08-29T18:43:13.759553+00:00,2.7668,ok,0,stop,348,84,432,0.3,
mt/set_8/frenetic_v/odr/test-919,2026-08-29T18:43:13.759594+00:00,2026-08-29T18:43:16.903438+00:00,3.1438,ok,0,stop,350,102,452,0.6,
mt/set_14/frenetic/test-861,2026-08-29T18:43:16.903499+00:00,2026-08-29T18:43:20.327209+00:00,3.4237,ok,0,stop,349,117,466,0.75,
mt/set_17/ambiegen/test-55,2026-08-29T18:43:20.327251+00:00,2026-08-29T18:43:22.904998+00:00,2.5777,ok,0,stop,347,72,419,0.2,
mt/set_16/frenetic/test-326,2026-08-29T18:43:22.905060+00:00,2026-08-29T18:43:26.395573+00:00,3.4905,ok,0,stop,348,118,466,0.75,
mt/set_2/ambiegen/odr/test-4,2026-08-29T18:43:26.395634+00:00,2026-08-29T18:43:29.279333+00:00,2.8837,ok,0,stop,348,92,440,0.4,
mt/set_11/frenetic/test-152,2026-08-29T18:43:29.279374+00:00,2026-08-29T18:43:32.174912+00:00,2.8955,ok,0,stop,349,88,437,0.75,
mt/set_8/frenetic_v/odr/test-716,2026-08-29T18:43:32.174954+00:00,2026-08-29T18:43:35.372066+00:00,3.1971,ok,0,stop,350,98,448,0.6,
mt/set_11/ambiegen/test-930,2026-08-29T18:43:35.372109+00:00,2026-08-29T18:43:38.090348+00:00,2.7182,ok,0,stop,349,85,434,0.75,
mt/set_18/frenetic/test-41,2026-08-29T18:43:38.090390+00:00,2026-08-29T18:43:41.218703+00:00,3.1283,ok,0,stop,349,101,450,0.6,
mt/set_10/ambiegen/test-343,2026-08-29T18:43:41.218966+00:00,2026-08-29T18:43:44.311457+00:00,3.0925,ok,0,stop,349,92,441,0.4,
mt/set_17/frenetic/test-846,2026-08-29T18:43:44.311503+00:00,2026-08-29T18:43:47.374719+00:00,3.0632,ok,0,stop,349,101,450,0.6,
mt/set_16/ambiegen/test-598,2026-08-29T18:43:47.374782+00:00,2026-08-29T18:43:50.498757+00:00,3.1239,ok,0,stop,348,98,446,0.6,
mt/set_18/frenetic/test-656,2026-08-29T18:43:50.498815+00:00,2026-08-29T18:43:54.089177+00:00,3.5903,ok,0,stop,349,129,478,0.6,
mt/set_8/ambiegen/odr/test-457,2026-08-29T18:43:54.089222+00:00,2026-08-29T18:43:57.131701+00:00,3.0424,ok,0,stop,348,98,446,0.6,
mt/set_16/frenetic/test-837,2026-08-29T18:43:57.131740+00:00,2026-08-29T18:44:00.660092+00:00,3.5283,ok,0,stop,348,120,468,0.75,
mt_set5/ambiegen/test-169,2026-08-29T18:44:00.660153+00:00,2026-08-29T18:44:04.235298+00:00,3.5751,ok,0,stop,348,124,472,0.6,
mt/set_14/ambiegen/test-644,2026-08-29T18:44:04.235340+00:00,2026-08-29T18:44:07.671879+00:00,3.4365,ok,0,stop,348,111,459,0.75,
mt/set_9/frenetic_v/test-324,2026-08-29T18:44:07.671927+00:00,2026-08-29T18:44:11.108776+00:00,3.4368,ok,0,stop,349,118,467,0.75,
mt/set_17/frenetic/test-377,2026-08-29T18:44:11.108819+00:00,2026-08-29T18:44:14.794525+00:00,3.6857,ok,0,stop,349,129,478,0.6,
mt/set_14/frenetic_v/test-374,2026-08-29T18:44:14.794572+00:00,2026-08-29T18:44:18.041806+00:00,3.2472,ok,0,stop,350,98,448,0.6,
mt/set_13/ambiegen/test-401,2026-08-29T18:44:18.041849+00:00,2026-08-29T18:44:21.190419+00:00,3.1485,ok,0,stop,348,97,445,0.4,
mt/set_12/frenetic/test-932,2026-08-29T18:44:21.190460+00:00,2026-08-29T18:44:24.115540+00:00,2.925,ok,0,stop,349,88,437,0.75,
mt/set_14/frenetic_v/test-391,2026-08-29T18:44:24.115635+00:00,2026-08-29T18:44:27.508826+00:00,3.3932,ok,0,stop,349,118,467,0.75,
mt/set_14/frenetic_v/test-638,2026-08-29T18:44:27.508865+00:00,2026-08-29T18:44:30.999640+00:00,3.4907,ok,0,stop,349,118,467,0.75,
mt/set_13/frenetic/test-107,2026-08-29T18:44:30.999684+00:00,2026-08-29T18:44:34.873980+00:00,3.8743,ok,0,stop,348,132,480,0.75,
mt_set6/frenetic/test-133,2026-08-29T18:44:34.874022+00:00,2026-08-29T18:44:38.662221+00:00,3.7882,ok,0,stop,349,133,482,0.75,
mt/set_14/frenetic_v/test-613,2026-08-29T18:44:38.662261+00:00,2026-08-29T18:44:42.084745+00:00,3.4224,ok,0,stop,350,117,467,0.75,
mt/set_10/ambiegen/test-49,2026-08-29T18:44:42.084809+00:00,2026-08-29T18:44:44.851034+00:00,2.7662,ok,0,stop,348,84,432,0.3,
mt/set_10/ambiegen/test-262,2026-08-29T18:44:44.851077+00:00,2026-08-29T18:44:47.592944+00:00,2.7418,ok,0,stop,348,85,433,0.3,
