scenario_id,start_time,end_time,latency_sec,status,retry_count,finish_reason,input_tokens,output_tokens,total_tokens,risk_score,error
mt/set_14/frenetic_v/test-196,2026-08-29T13:23:24.915826+00:00,2026-08-29T13:23:35.051158+00:00,10.1352,ok,0,stop,343,463,806,0.1,
mt/set_18/ambiegen/test-412,2026-08-29T13:23:35.051202+00:00,2026-08-29T13:23:50.022487+00:00,14.9713,ok,0,stop,342,739,1081,0.3,
mt/set_8/ambiegen/odr/test-951,2026-08-29T13:23:50.022525+00:00,2026-08-29T13:24:03.349922+00:00,13.3274,ok,0,stop,342,649,991,0.4,
mt/set_8/frenetic_v/odr/test-865,2026-08-29T13:24:03.349961+00:00,2026-08-29T13:24:13.259337+00:00,9.9093,ok,0,stop,343,465,808,0.0,
mt/set_17/ambiegen/test-934,2026-08-29T13:24:13.259378+00:00,2026-08-29T13:24:27.511816+00:00,14.2524,ok,0,stop,342,698,1040,0.45,
mt/set_17/ambiegen/test-312,2026-08-29T13:24:27.511878+00:00,2026-08-29T13:24:41.474187+00:00,13.9622,ok,0,stop,342,678,1020,0.35,
mt/set_14/ambiegen/test-98,2026-08-29T13:24:41.474274+00:00,2026-08-29T13:24:56.115135+00:00,14.6408,ok,0,stop,342,716,1058,0.6,
mt/set_18/ambiegen/test-70,2026-08-29T13:24:56.115182+00:00,2026-08-29T13:25:10.032198+00:00,13.917,ok,0,stop,342,678,1020,0.8,
mt/set_8/frenetic_v/odr/test-127,2026-08-29T13:25:10.032256+00:00,2026-08-29T13:25:20.057099+00:00,10.0248,ok,0,stop,343,481,824,0.05,
mt/set_7/ambiegen/odr/test-767,2026-08-29T13:25:20.057141+00:00,2026-08-29T13:25:30.506202+00:00,10.449,ok,0,stop,342,500,842,0.15,
mt/set_10/frenetic_v/test-365,2026-08-29T13:25:30.506241+00:00,2026-08-29T13:25:41.701926+00:00,11.1956,ok,0,stop,343,527,870,0.6,
mt/set_7/frenetic_v/odr/test-259,2026-08-29T13:25:41.701985+00:00,2026-08-29T13:25:54.973145+00:00,13.2711,ok,0,stop,342,646,988,0.85,
mt/set_9/frenetic/test-696,2026-08-29T13:25:54.973183+00:00,2026-08-29T13:26:10.233216+00:00,15.26,ok,0,stop,342,683,1025,0.85,
mt/set_16/ambiegen/test-552,2026-08-29T13:26:10.233258+00:00,2026-08-29T13:26:27.352926+00:00,17.1196,ok,0,stop,342,737,1079,0.85,
mt_set5/frenetic/test-0,2026-08-29T13:26:27.352974+00:00,2026-08-29T13:26:39.742049+00:00,12.389,ok,0,stop,342,595,937,0.15,
mt/set_10/frenetic/test-47,2026-08-29T13:26:39.742097+00:00,2026-08-29T13:26:58.512675+00:00,18.7705,ok,0,stop,341,853,1194,0.6,
mt/set_9/ambiegen/test-647,2026-08-29T13:26:58.512731+00:00,2026-08-29T13:27:10.080076+00:00,11.5673,ok,0,stop,342,560,902,0.65,
mt_set5/ambiegen/test-275,2026-08-29T13:27:10.080115+00:00,2026-08-29T13:27:23.162847+00:00,13.0827,ok,0,stop,342,634,976,0.65,
mt/set_12/ambiegen/test-92,2026-08-29T13:27:23.162907+00:00,2026-08-29T13:27:36.718039+00:00,13.5551,ok,0,stop,343,660,1003,0.3,
mt/set_7/ambiegen/odr/test-237,2026-08-29T13:27:36.718076+00:00,2026-08-29T13:27:47.405520+00:00,10.6874,ok,0,stop,342,503,845,0.6,
mt/set_11/ambiegen/test-746,2026-08-29T13:27:47.405562+00:00,2026-08-29T13:28:01.415322+00:00,14.0097,ok,0,stop,342,677,1019,0.65,
mt_set6/frenetic/test-674,2026-08-29T13:28:01.415361+00:00,2026-08-29T13:28:12.257251+00:00,10.8419,ok,0,stop,342,511,853,0.65,
mt/set_11/frenetic_v/test-336,2026-08-29T13:28:12.257291+00:00,2026-08-29T13:28:25.200647+00:00,12.9433,ok,0,stop,342,628,970,0.85,
mt/set_8/ambiegen/odr/test-198,2026-08-29T13:28:25.200705+00:00,2026-08-29T13:28:38.853381+00:00,13.6526,ok,0,stop,341,565,906,0.7,
mt_set5/frenetic/test-178,2026-08-29T13:28:38.853439+00:00,2026-08-29T13:28:52.312128+00:00,13.4586,ok,0,stop,342,654,996,0.35,
mt/set_7/ambiegen/odr/test-859,2026-08-29T13:28:52.312200+00:00,2026-08-29T13:29:01.128794+00:00,8.8166,ok,0,stop,343,410,753,0.0,
mt/set_9/frenetic_v/test-351,2026-08-29T13:29:01.128839+00:00,2026-08-29T13:29:13.430350+00:00,12.3015,ok,0,stop,343,604,947,0.2,
mt/set_11/frenetic_v/test-409,2026-08-29T13:29:13.430393+00:00,2026-08-29T13:29:23.622895+00:00,10.1925,ok,0,stop,343,486,829,0.4,
mt/set_8/frenetic_v/odr/test-111,2026-08-29T13:29:23.622960+00:00,2026-08-29T13:29:33.880581+00:00,10.2576,ok,0,stop,343,495,838,0.1,
mt/set_17/frenetic/test-937,2026-08-29T13:29:33.880634+00:00,2026-08-29T13:29:46.982500+00:00,13.1018,ok,0,stop,342,632,974,0.85,
mt/set_9/frenetic/test-12,2026-08-29T13:29:46.982555+00:00,2026-08-29T13:29:58.971479+00:00,11.9889,ok,0,stop,342,580,922,0.15,
mt/set_10/ambiegen/test-192,2026-08-29T13:29:58.971547+00:00,2026-08-29T13:30:09.725881+00:00,10.7543,ok,0,stop,342,507,849,0.2,
mt/set_17/frenetic/test-32,2026-08-29T13:30:09.725957+00:00,2026-08-29T13:30:22.924140+00:00,13.1981,ok,0,stop,341,637,978,0.85,
mt_set6/frenetic/test-867,2026-08-29T13:30:22.924189+00:00,2026-08-29T13:30:33.572704+00:00,10.6484,ok,0,stop,342,506,848,0.0,
mt/set_17/ambiegen/test-733,2026-08-29T13:30:33.572803+00:00,2026-08-29T13:30:49.373181+00:00,15.8003,ok,0,stop,342,781,1123,0.75,
mt/set_17/frenetic_v/test-327,2026-08-29T13:30:49.373233+00:00,2026-08-29T13:30:59.366391+00:00,9.9931,ok,0,stop,343,469,812,0.1,
mt/set_11/frenetic_v/test-928,2026-08-29T13:30:59.366436+00:00,2026-08-29T13:31:09.122599+00:00,9.7561,ok,0,stop,343,464,807,0.1,
mt/set_14/ambiegen/test-675,2026-08-29T13:31:09.122643+00:00,2026-08-29T13:31:20.242709+00:00,11.12,ok,0,stop,342,419,761,0.1,
mt/set_14/frenetic_v/test-775,2026-08-29T13:31:20.242759+00:00,2026-08-29T13:31:32.274199+00:00,12.0314,ok,0,stop,343,584,927,0.6,
mt/set_12/frenetic_v/test-849,2026-08-29T13:31:32.274259+00:00,2026-08-29T13:31:44.418535+00:00,12.1442,ok,0,stop,343,590,933,0.2,
mt/set_2/ambiegen/odr/test-457,2026-08-29T13:31:44.418591+00:00,2026-08-29T13:31:54.753286+00:00,10.3347,ok,0,stop,342,497,839,0.15,
mt/set_18/frenetic_v/test-242,2026-08-29T13:31:54.753346+00:00,2026-08-29T13:32:06.695008+00:00,11.9416,ok,0,stop,342,572,914,0.6,
mt/set_11/frenetic/test-822,2026-08-29T13:32:06.695060+00:00,2026-08-29T13:32:18.270113+00:00,11.575,ok,0,stop,342,557,899,0.05,
mt_set6/frenetic/test-147,2026-08-29T13:32:18.270167+00:00,2026-08-29T13:32:30.059231+00:00,11.789,ok,0,stop,342,573,915,0.3,
mt/set_17/ambiegen/test-653,2026-08-29T13:32:30.059277+00:00,2026-08-29T13:32:41.524033+00:00,11.4647,ok,0,stop,342,545,887,0.85,
mt/set_2/ambiegen/odr/test-465,2026-08-29T13:32:41.524114+00:00,2026-08-29T13:32:54.326391+00:00,12.8022,ok,0,stop,342,623,965,0.7,
mt/set_7/ambiegen/odr/test-750,2026-08-29T13:32:54.326465+00:00,2026-08-29T13:33:08.657973+00:00,14.3315,ok,0,stop,342,695,1037,0.3,
mt/set_9/frenetic_v/test-529,2026-08-29T13:33:08.658027+00:00,2026-08-29T13:33:22.080878+00:00,13.4228,ok,0,stop,342,649,991,0.35,
mt/set_8/frenetic/odr/test-644,2026-08-29T13:33:22.080934+00:00,2026-08-29T13:33:31.717190+00:00,9.6362,ok,0,stop,342,464,806,0.1,
mt/set_12/ambiegen/test-339,2026-08-29T13:33:31.717263+00:00,2026-08-29T13:33:46.142009+00:00,14.4247,ok,0,stop,342,708,1050,0.6,
mt/set_12/ambiegen/test-257,2026-08-29T13:33:46.142081+00:00,2026-08-29T13:33:58.525696+00:00,12.3836,ok,0,stop,342,597,939,0.45,
mt/set_9/frenetic/test-421,2026-08-29T13:33:58.525749+00:00,2026-08-29T13:34:09.943364+00:00,11.4176,ok,0,stop,342,550,892,0.85,
mt/set_17/ambiegen/test-785,2026-08-29T13:34:09.943437+00:00,2026-08-29T13:34:23.853207+00:00,13.9097,ok,0,stop,342,558,900,0.15,
mt_set5/frenetic/test-416,2026-08-29T13:34:23.853281+00:00,2026-08-29T13:34:33.990720+00:00,10.1374,ok,0,stop,342,481,823,0.2,
mt/set_7/frenetic_v/odr/test-815,2026-08-29T13:34:33.990776+00:00,2026-08-29T13:34:44.541010+00:00,10.5502,ok,0,stop,343,504,847,0.0,
mt_set6/frenetic/test-530,2026-08-29T13:34:44.541082+00:00,2026-08-29T13:34:57.536640+00:00,12.9955,ok,0,stop,341,629,970,0.65,
mt/set_10/frenetic_v/test-393,2026-08-29T13:34:57.536704+00:00,2026-08-29T13:35:15.365204+00:00,17.8285,ok,0,stop,343,879,1222,0.25,
mt/set_17/ambiegen/test-820,2026-08-29T13:35:15.365272+00:00,2026-08-29T13:35:26.742630+00:00,11.3773,ok,0,stop,343,537,880,0.6,
mt/set_17/frenetic_v/test-341,2026-08-29T13:35:26.742675+00:00,2026-08-29T13:35:41.152344+00:00,14.4096,ok,0,stop,343,704,1047,0.6,
mt/set_18/ambiegen/test-350,2026-08-29T13:35:41.152392+00:00,2026-08-29T13:35:53.808696+00:00,12.6563,ok,0,stop,342,550,892,0.1,
mt/set_18/frenetic_v/test-70,2026-08-29T13:35:53.808751+00:00,2026-08-29T13:36:08.158339+00:00,14.3495,ok,0,stop,343,701,1044,0.65,
mt/set_10/frenetic/test-339,2026-08-29T13:36:08.158408+00:00,2026-08-29T13:36:17.597814+00:00,9.4394,ok,0,stop,342,443,785,0.1,
mt/set_16/frenetic/test-166,2026-08-29T13:36:17.597879+00:00,2026-08-29T13:36:33.002530+00:00,15.4046,ok,0,stop,342,761,1103,0.6,
mt/set_14/ambiegen/test-466,2026-08-29T13:36:33.002577+00:00,2026-08-29T13:36:43.702244+00:00,10.6996,ok,0,stop,343,494,837,0.1,
mt_set5/frenetic/test-565,2026-08-29T13:36:43.702297+00:00,2026-08-29T13:36:55.406466+00:00,11.7041,ok,0,stop,342,566,908,0.15,
mt/set_17/ambiegen/test-890,2026-08-29T13:36:55.406510+00:00,2026-08-29T13:37:07.000756+00:00,11.5942,ok,0,stop,343,565,908,0.1,
mt/set_11/frenetic/test-851,2026-08-29T13:37:07.000797+00:00,2026-08-29T13:37:19.634645+00:00,12.6338,ok,0,stop,342,600,942,0.1,
mt/set_16/ambiegen/test-397,2026-08-29T13:37:19.634724+00:00,2026-08-29T13:37:33.274420+00:00,13.6396,ok,0,stop,342,647,989,0.7,
mt/set_17/frenetic_v/test-638,2026-08-29T13:37:33.274491+00:00,2026-08-29T13:37:47.221166+00:00,13.9466,ok,0,stop,342,674,1016,0.75,
mt/set_9/frenetic_v/test-241,2026-08-29T13:37:47.221215+00:00,2026-08-29T13:38:03.100173+00:00,15.8789,ok,0,stop,343,755,1098,0.3,
mt/set_6/frenetic_v/test-520,2026-08-29T13:38:03.100253+00:00,2026-08-29T13:38:15.943521+00:00,12.8432,ok,0,stop,343,628,971,0.3,
mt/set_10/frenetic_v/test-9,2026-08-29T13:38:15.943566+00:00,2026-08-29T13:38:29.510989+00:00,13.5674,ok,0,stop,343,637,980,0.6,
mt/set_18/frenetic/test-286,2026-08-29T13:38:29.511043+00:00,2026-08-29T13:38:41.720347+00:00,12.2093,ok,0,stop,342,589,931,0.75,
mt_set5/frenetic/test-765,2026-08-29T13:38:41.720400+00:00,2026-08-29T13:38:53.558490+00:00,11.838,ok,0,stop,342,558,900,0.85,
mt/set_11/ambiegen/test-876,2026-08-29T13:38:53.558557+00:00,2026-08-29T13:39:07.183601+00:00,13.625,ok,0,stop,342,672,1014,0.65,
mt/set_11/frenetic_v/test-705,2026-08-29T13:39:07.183674+00:00,2026-08-29T13:39:19.725600+00:00,12.5419,ok,0,stop,343,586,929,0.2,
mt_set5/ambiegen/test-674,2026-08-29T13:39:19.725670+00:00,2026-08-29T13:39:32.413400+00:00,12.6877,ok,0,stop,342,620,962,0.7,
mt/set_8/ambiegen/odr/test-930,2026-08-29T13:39:32.413454+00:00,2026-08-29T13:39:44.175467+00:00,11.762,ok,0,stop,343,555,898,0.15,
mt/set_8/frenetic_v/odr/test-711,2026-08-29T13:39:44.175516+00:00,2026-08-29T13:39:57.270004+00:00,13.0945,ok,0,stop,343,642,985,0.3,
mt_set5/ambiegen/test-802,2026-08-29T13:39:57.270054+00:00,2026-08-29T13:40:11.372193+00:00,14.1021,ok,0,stop,342,669,1011,0.6,
mt/set_8/frenetic_v/odr/test-451,2026-08-29T13:40:11.372250+00:00,2026-08-29T13:40:25.063111+00:00,13.6908,ok,0,stop,343,670,1013,0.0,
mt_set5/ambiegen/test-57,2026-08-29T13:40:25.063184+00:00,2026-08-29T13:40:37.625497+00:00,12.5623,ok,0,stop,342,591,933,0.35,
mt/set_8/ambiegen/odr/test-330,2026-08-29T13:40:37.625551+00:00,2026-08-29T13:40:47.580364+00:00,9.9548,ok,0,stop,342,478,820,0.0,
mt/set_12/frenetic_v/test-930,2026-08-29T13:40:47.580413+00:00,2026-08-29T13:40:56.684938+00:00,9.1045,ok,0,stop,343,409,752,0.0,
mt/set_7/ambiegen/odr/test-361,2026-08-29T13:40:56.684993+00:00,2026-08-29T13:41:12.537411+00:00,15.8524,ok,0,stop,342,777,1119,0.8,
mt/set_11/frenetic_v/test-642,2026-08-29T13:41:12.537453+00:00,2026-08-29T13:41:24.487534+00:00,11.95,ok,0,stop,343,578,921,0.2,
mt/set_9/ambiegen/test-140,2026-08-29T13:41:24.487591+00:00,2026-08-29T13:41:35.429327+00:00,10.9417,ok,0,stop,342,509,851,0.6,
mt/set_10/frenetic/test-201,2026-08-29T13:41:35.429388+00:00,2026-08-29T13:41:48.543410+00:00,13.114,ok,0,stop,342,613,955,0.7,
mt/set_18/ambiegen/test-774,2026-08-29T13:41:48.543463+00:00,2026-08-29T13:41:59.560557+00:00,11.0171,ok,0,stop,341,527,868,0.1,
mt/set_7/frenetic/odr/test-422,2026-08-29T13:41:59.560614+00:00,2026-08-29T13:42:11.667466+00:00,12.1068,ok,0,stop,341,587,928,0.4,
mt/set_11/frenetic_v/test-781,2026-08-29T13:42:11.667526+00:00,2026-08-29T13:42:26.055221+00:00,14.3877,ok,0,stop,343,669,1012,0.38,
mt/set_10/frenetic_v/test-42,2026-08-29T13:42:26.055267+00:00,2026-08-29T13:42:36.835654+00:00,10.7801,ok,0,stop,342,510,852,0.75,
mt/set_10/frenetic/test-775,2026-08-29T13:42:36.836073+00:00,2026-08-29T13:42:48.987208+00:00,12.1511,ok,0,stop,342,558,900,0.2,
mt/set_12/ambiegen/test-665,2026-08-29T13:42:48.987262+00:00,2026-08-29T13:43:02.420182+00:00,13.4329,ok,0,stop,342,655,997,0.4,
mt/set_8/frenetic/odr/test-590,2026-08-29T13:43:02.420229+00:00,2026-08-29T13:43:15.605140+00:00,13.1849,ok,0,stop,341,623,964,0.65,
mt/set_8/frenetic/odr/test-667,2026-08-29T13:43:15.605186+00:00,2026-08-29T13:43:26.730571+00:00,11.1253,ok,0,stop,341,539,880,0.85,
mt/set_13/ambiegen/test-438,2026-08-29T13:43:26.730623+00:00,2026-08-29T13:43:38.856922+00:00,12.1262,ok,0,stop,342,564,906,0.7,
mt/set_16/frenetic_v/test-319,2026-08-29T13:43:38.857018+00:00,2026-08-29T13:43:51.151381+00:00,12.2943,ok,0,stop,343,596,939,0.7,
mt/set_7/ambiegen/odr/test-446,2026-08-29T13:43:51.151430+00:00,2026-08-29T13:44:01.995927+00:00,10.8445,ok,0,stop,342,526,868,0.2,
mt_set5/frenetic_v/test-666,2026-08-29T13:44:01.996007+00:00,2026-08-29T13:44:14.837143+00:00,12.8411,ok,0,stop,343,591,934,0.45,
mt/set_17/frenetic_v/test-456,2026-08-29T13:44:14.837243+00:00,2026-08-29T13:44:29.357491+00:00,14.5202,ok,0,stop,342,690,1032,0.85,
mt/set_11/frenetic_v/test-189,2026-08-29T13:44:29.357536+00:00,2026-08-29T13:44:43.422077+00:00,14.0645,ok,0,stop,342,684,1026,0.6,
mt/set_16/ambiegen/test-405,2026-08-29T13:44:43.422123+00:00,2026-08-29T13:44:55.219253+00:00,11.7971,ok,0,stop,342,556,898,0.6,
mt/set_16/frenetic_v/test-297,2026-08-29T13:44:55.219300+00:00,2026-08-29T13:45:07.212100+00:00,11.9928,ok,0,stop,343,586,929,0.2,
mt/set_8/frenetic_v/odr/test-495,2026-08-29T13:45:07.212155+00:00,2026-08-29T13:45:19.350571+00:00,12.1384,ok,0,stop,343,567,910,0.2,
mt/set_11/ambiegen/test-484,2026-08-29T13:45:19.350637+00:00,2026-08-29T13:45:29.746310+00:00,10.3956,ok,0,stop,342,495,837,0.1,
mt/set_17/frenetic/test-127,2026-08-29T13:45:29.746367+00:00,2026-08-29T13:45:43.107213+00:00,13.3608,ok,0,stop,341,649,990,0.85,
mt/set_12/frenetic_v/test-799,2026-08-29T13:45:43.107274+00:00,2026-08-29T13:45:57.050072+00:00,13.9428,ok,0,stop,343,658,1001,0.3,
mt/set_13/ambiegen/test-150,2026-08-29T13:45:57.050142+00:00,2026-08-29T13:46:09.633720+00:00,12.5835,ok,0,stop,342,587,929,0.75,
mt/set_9/ambiegen/test-798,2026-08-29T13:46:09.633769+00:00,2026-08-29T13:46:23.354946+00:00,13.7211,ok,0,stop,342,666,1008,0.6,
mt_set6/frenetic/test-690,2026-08-29T13:46:23.354997+00:00,2026-08-29T13:46:33.972802+00:00,10.6178,ok,0,stop,342,513,855,0.05,
mt/set_18/frenetic/test-801,2026-08-29T13:46:33.972857+00:00,2026-08-29T13:46:50.684380+00:00,16.7115,ok,0,stop,341,813,1154,0.7,
mt/set_11/ambiegen/test-527,2026-08-29T13:46:50.684436+00:00,2026-08-29T13:47:02.306684+00:00,11.6222,ok,0,stop,342,541,883,0.75,
mt/set_16/frenetic_v/test-384,2026-08-29T13:47:02.306749+00:00,2026-08-29T13:47:13.720076+00:00,11.4133,ok,0,stop,343,548,891,0.4,
mt_set5/frenetic_v/test-663,2026-08-29T13:47:13.720128+00:00,2026-08-29T13:47:27.241434+00:00,13.5213,ok,0,stop,343,668,1011,0.15,
mt/set_16/frenetic/test-570,2026-08-29T13:47:27.241486+00:00,2026-08-29T13:47:40.038837+00:00,12.7973,ok,0,stop,342,605,947,0.45,
mt/set_16/ambiegen/test-595,2026-08-29T13:47:40.038884+00:00,2026-08-29T13:47:51.158168+00:00,11.1193,ok,0,stop,342,524,866,0.7,
mt/set_8/frenetic_v/odr/test-545,2026-08-29T13:47:51.158222+00:00,2026-08-29T13:48:02.946663+00:00,11.7884,ok,0,stop,342,567,909,0.35,
mt/set_11/frenetic/test-136,2026-08-29T13:48:02.946725+00:00,2026-08-29T13:48:13.296520+00:00,10.3498,ok,0,stop,342,493,835,0.15,
mt/set_17/frenetic_v/test-354,2026-08-29T13:48:13.296571+00:00,2026-08-29T13:48:24.370203+00:00,11.0736,ok,0,stop,343,522,865,0.2,
mt_set5/frenetic_v/test-39,2026-08-29T13:48:24.370277+00:00,2026-08-29T13:48:39.499323+00:00,15.129,ok,0,stop,342,731,1073,0.35,
mt/set_6/frenetic_v/test-215,2026-08-29T13:48:39.499397+00:00,2026-08-29T13:48:51.239502+00:00,11.7401,ok,0,stop,342,560,902,0.8,
mt/set_2/ambiegen/odr/test-115,2026-08-29T13:48:51.239555+00:00,2026-08-29T13:49:01.820463+00:00,10.5809,ok,0,stop,343,508,851,0.35,
mt/set_17/ambiegen/test-768,2026-08-29T13:49:01.820515+00:00,2026-08-29T13:49:12.834575+00:00,11.014,ok,0,stop,342,516,858,0.75,
mt/set_10/frenetic_v/test-308,2026-08-29T13:49:12.834623+00:00,2026-08-29T13:49:24.263982+00:00,11.4293,ok,0,stop,343,554,897,0.1,
mt/set_12/ambiegen/test-33,2026-08-29T13:49:24.264027+00:00,2026-08-29T13:49:35.692521+00:00,11.4285,ok,0,stop,342,526,868,0.6,
mt/set_6/frenetic_v/test-453,2026-08-29T13:49:35.692579+00:00,2026-08-29T13:49:47.677381+00:00,11.9848,ok,0,stop,342,579,921,0.25,
mt/set_12/frenetic/test-500,2026-08-29T13:49:47.677430+00:00,2026-08-29T13:49:56.618300+00:00,8.9408,ok,0,stop,342,429,771,0.1,
mt/set_17/frenetic/test-841,2026-08-29T13:49:56.618350+00:00,2026-08-29T13:50:10.831765+00:00,14.2134,ok,0,stop,341,670,1011,0.7,
mt/set_12/ambiegen/test-349,2026-08-29T13:50:10.831831+00:00,2026-08-29T13:50:25.880677+00:00,15.0488,ok,0,stop,342,650,992,0.75,
mt/set_11/ambiegen/test-903,2026-08-29T13:50:25.880720+00:00,2026-08-29T13:50:39.119401+00:00,13.2386,ok,0,stop,342,633,975,0.6,
mt/set_16/ambiegen/test-105,2026-08-29T13:50:39.119463+00:00,2026-08-29T13:50:49.624194+00:00,10.5047,ok,0,stop,343,507,850,0.1,
mt/set_9/frenetic/test-317,2026-08-29T13:50:49.624243+00:00,2026-08-29T13:51:03.418679+00:00,13.7944,ok,0,stop,341,659,1000,0.7,
mt/set_7/frenetic_v/odr/test-182,2026-08-29T13:51:03.418741+00:00,2026-08-29T13:51:12.902743+00:00,9.484,ok,0,stop,343,456,799,0.0,
mt/set_13/frenetic_v/test-860,2026-08-29T13:51:12.902790+00:00,2026-08-29T13:51:23.594088+00:00,10.6913,ok,0,stop,343,491,834,0.15,
mt/set_7/frenetic/odr/test-365,2026-08-29T13:51:23.594133+00:00,2026-08-29T13:51:35.290470+00:00,11.6963,ok,0,stop,341,558,899,0.45,
mt/set_8/ambiegen/odr/test-702,2026-08-29T13:51:35.290546+00:00,2026-08-29T13:51:46.646434+00:00,11.3559,ok,0,stop,342,553,895,0.2,
mt/set_13/frenetic_v/test-613,2026-08-29T13:51:46.646475+00:00,2026-08-29T13:51:59.965643+00:00,13.3191,ok,0,stop,342,633,975,0.45,
mt/set_16/frenetic/test-294,2026-08-29T13:51:59.965694+00:00,2026-08-29T13:52:12.175065+00:00,12.2093,ok,0,stop,341,578,919,0.6,
mt/set_9/frenetic/test-268,2026-08-29T13:52:12.175137+00:00,2026-08-29T13:52:27.169235+00:00,14.9941,ok,0,stop,342,736,1078,0.75,
mt/set_9/frenetic_v/test-697,2026-08-29T13:52:27.169293+00:00,2026-08-29T13:52:36.512872+00:00,9.3435,ok,0,stop,343,443,786,0.05,
mt/set_16/frenetic/test-453,2026-08-29T13:52:36.512920+00:00,2026-08-29T13:52:50.823314+00:00,14.3104,ok,0,stop,341,684,1025,0.65,
mt_set5/ambiegen/test-623,2026-08-29T13:52:50.823371+00:00,2026-08-29T13:53:05.668039+00:00,14.8446,ok,0,stop,342,707,1049,0.7,
mt/set_14/ambiegen/test-23,2026-08-29T13:53:05.668084+00:00,2026-08-29T13:53:15.248021+00:00,9.5799,ok,0,stop,342,451,793,0.0,
mt/set_7/ambiegen/odr/test-516,2026-08-29T13:53:15.248092+00:00,2026-08-29T13:53:26.172259+00:00,10.9241,ok,0,stop,343,525,868,0.15,
mt/set_13/frenetic_v/test-779,2026-08-29T13:53:26.172304+00:00,2026-08-29T13:53:35.546456+00:00,9.3741,ok,0,stop,343,430,773,0.0,
mt/set_12/frenetic/test-132,2026-08-29T13:53:35.546527+00:00,2026-08-29T13:53:46.733171+00:00,11.1866,ok,0,stop,342,540,882,0.0,
mt_set5/frenetic/test-331,2026-08-29T13:53:46.733247+00:00,2026-08-29T13:54:01.125466+00:00,14.3922,ok,0,stop,341,676,1017,0.65,
mt/set_9/ambiegen/test-892,2026-08-29T13:54:01.125540+00:00,2026-08-29T13:54:13.095179+00:00,11.9696,ok,0,stop,342,577,919,0.85,
mt/set_7/frenetic_v/odr/test-638,2026-08-29T13:54:13.095241+00:00,2026-08-29T13:54:22.953812+00:00,9.8585,ok,0,stop,343,476,819,0.1,
mt/set_16/frenetic/test-448,2026-08-29T13:54:22.953897+00:00,2026-08-29T13:54:34.550588+00:00,11.5966,ok,0,stop,342,523,865,0.15,
mt/set_11/frenetic/test-892,2026-08-29T13:54:34.550652+00:00,2026-08-29T13:54:48.495984+00:00,13.9453,ok,0,stop,342,656,998,0.2,
mt_set5/frenetic/test-611,2026-08-29T13:54:48.496028+00:00,2026-08-29T13:55:01.270570+00:00,12.7745,ok,0,stop,341,612,953,0.6,
mt/set_13/frenetic/test-46,2026-08-29T13:55:01.270615+00:00,2026-08-29T13:55:16.807223+00:00,15.5365,ok,0,stop,341,758,1099,0.3,
mt/set_7/frenetic/odr/test-349,2026-08-29T13:55:16.807307+00:00,2026-08-29T13:55:35.121063+00:00,18.3137,ok,0,stop,342,889,1231,0.2,
mt/set_10/ambiegen/test-593,2026-08-29T13:55:35.121136+00:00,2026-08-29T13:55:47.835636+00:00,12.7145,ok,0,stop,342,611,953,0.6,
mt/set_18/ambiegen/test-394,2026-08-29T13:55:47.835682+00:00,2026-08-29T13:55:58.079454+00:00,10.2437,ok,0,stop,342,484,826,0.15,
mt/set_7/frenetic/odr/test-715,2026-08-29T13:55:58.079501+00:00,2026-08-29T13:56:09.113553+00:00,11.034,ok,0,stop,341,512,853,0.45,
mt_set6/frenetic/test-395,2026-08-29T13:56:09.113602+00:00,2026-08-29T13:56:21.157586+00:00,12.044,ok,0,stop,341,584,925,0.4,
mt/set_18/ambiegen/test-823,2026-08-29T13:56:21.157632+00:00,2026-08-29T13:56:34.647739+00:00,13.4901,ok,0,stop,342,634,976,0.35,
mt/set_14/frenetic_v/test-634,2026-08-29T13:56:34.647810+00:00,2026-08-29T13:56:47.851148+00:00,13.2033,ok,0,stop,342,637,979,0.6,
mt/set_18/ambiegen/test-399,2026-08-29T13:56:47.851198+00:00,2026-08-29T13:57:00.724770+00:00,12.8735,ok,0,stop,342,611,953,0.4,
mt/set_9/frenetic_v/test-382,2026-08-29T13:57:00.724825+00:00,2026-08-29T13:57:14.434430+00:00,13.7096,ok,0,stop,342,671,1013,0.85,
mt/set_2/ambiegen/odr/test-260,2026-08-29T13:57:14.434486+00:00,2026-08-29T13:57:26.689752+00:00,12.2552,ok,0,stop,342,578,920,0.6,
mt/set_16/ambiegen/test-629,2026-08-29T13:57:26.689828+00:00,2026-08-29T13:57:38.238233+00:00,11.5484,ok,0,stop,342,552,894,0.7,
mt_set5/frenetic_v/test-367,2026-08-29T13:57:38.238280+00:00,2026-08-29T13:57:49.502774+00:00,11.2645,ok,0,stop,343,546,889,0.0,
mt/set_17/ambiegen/test-131,2026-08-29T13:57:49.502817+00:00,2026-08-29T13:58:01.167949+00:00,11.6651,ok,0,stop,343,544,887,0.2,
mt/set_12/frenetic_v/test-154,2026-08-29T13:58:01.168018+00:00,2026-08-29T13:58:16.514142+00:00,15.3461,ok,0,stop,342,737,1079,0.6,
mt/set_7/frenetic_v/odr/test-54,2026-08-29T13:58:16.514218+00:00,2026-08-29T13:58:27.639682+00:00,11.1254,ok,0,stop,343,535,878,0.05,
mt/set_9/frenetic/test-532,2026-08-29T13:58:27.639751+00:00,2026-08-29T13:58:40.057637+00:00,12.4179,ok,0,stop,342,598,940,0.75,
mt/set_16/frenetic/test-948,2026-08-29T13:58:40.057686+00:00,2026-08-29T13:58:54.885604+00:00,14.8279,ok,0,stop,341,633,974,0.6,
mt/set_2/ambiegen/odr/test-395,2026-08-29T13:58:54.885676+00:00,2026-08-29T13:59:12.725134+00:00,17.8394,ok,0,stop,341,742,1083,0.3,
mt/set_8/frenetic/odr/test-218,2026-08-29T13:59:12.725189+00:00,2026-08-29T13:59:24.635194+00:00,11.91,ok,0,stop,342,570,912,0.2,
mt/set_11/frenetic/test-326,2026-08-29T13:59:24.635236+00:00,2026-08-29T13:59:37.546403+00:00,12.9111,ok,0,stop,341,536,877,0.85,
mt/set_14/frenetic/test-529,2026-08-29T13:59:37.546448+00:00,2026-08-29T13:59:54.442407+00:00,16.8959,ok,0,stop,342,826,1168,0.3,
mt_set5/frenetic/test-529,2026-08-29T13:59:54.442496+00:00,2026-08-29T14:00:07.778427+00:00,13.3359,ok,0,stop,341,646,987,0.85,
mt/set_13/frenetic/test-854,2026-08-29T14:00:07.778492+00:00,2026-08-29T14:00:20.026519+00:00,12.248,ok,0,stop,341,589,930,0.7,
mt/set_2/ambiegen/odr/test-350,2026-08-29T14:00:20.026588+00:00,2026-08-29T14:00:42.937532+00:00,22.9109,ok,0,stop,342,1125,1467,0.35,
mt_set5/frenetic/test-154,2026-08-29T14:00:42.937600+00:00,2026-08-29T14:00:52.697327+00:00,9.7597,ok,0,stop,342,447,789,0.0,
mt/set_10/frenetic_v/test-612,2026-08-29T14:00:52.697396+00:00,2026-08-29T14:01:05.809821+00:00,13.1124,ok,0,stop,342,635,977,0.7,
mt/set_18/ambiegen/test-746,2026-08-29T14:01:05.809869+00:00,2026-08-29T14:01:18.113211+00:00,12.3032,ok,0,stop,342,576,918,0.2,
mt/set_7/frenetic_v/odr/test-569,2026-08-29T14:01:18.113370+00:00,2026-08-29T14:01:29.636577+00:00,11.5232,ok,0,stop,343,558,901,0.15,
mt/set_17/frenetic_v/test-194,2026-08-29T14:01:29.636626+00:00,2026-08-29T14:01:42.409226+00:00,12.7726,ok,0,stop,343,596,939,0.15,
mt_set5/ambiegen/test-358,2026-08-29T14:01:42.409280+00:00,2026-08-29T14:01:55.634271+00:00,13.2249,ok,0,stop,342,643,985,0.45,
mt/set_10/frenetic_v/test-428,2026-08-29T14:01:55.634324+00:00,2026-08-29T14:02:11.220674+00:00,15.5863,ok,0,stop,342,747,1089,0.4,
mt/set_14/frenetic/test-176,2026-08-29T14:02:11.220720+00:00,2026-08-29T14:02:25.081467+00:00,13.8607,ok,0,stop,342,679,1021,0.7,
mt_set5/frenetic_v/test-789,2026-08-29T14:02:25.081536+00:00,2026-08-29T14:02:36.559743+00:00,11.4782,ok,0,stop,343,543,886,0.15,
mt/set_16/ambiegen/test-186,2026-08-29T14:02:36.559792+00:00,2026-08-29T14:02:49.561721+00:00,13.0019,ok,0,stop,342,628,970,0.8,
mt/set_16/frenetic_v/test-81,2026-08-29T14:02:49.561765+00:00,2026-08-29T14:03:02.448516+00:00,12.8867,ok,0,stop,342,615,957,0.6,
mt/set_13/frenetic_v/test-388,2026-08-29T14:03:02.448567+00:00,2026-08-29T14:03:15.743089+00:00,13.2945,ok,0,stop,343,648,991,0.2,
mt/set_18/frenetic/test-591,2026-08-29T14:03:15.743138+00:00,2026-08-29T14:03:31.771382+00:00,16.0282,ok,0,stop,341,761,1102,0.65,
mt_set5/ambiegen/test-568,2026-08-29T14:03:31.771448+00:00,2026-08-29T14:03:43.723180+00:00,11.9517,ok,0,stop,342,573,915,0.65,
mt/set_17/ambiegen/test-189,2026-08-29T14:03:43.723233+00:00,2026-08-29T14:03:57.579632+00:00,13.8564,ok,0,stop,342,661,1003,0.6,
mt_set5/frenetic/test-243,2026-08-29T14:03:57.579683+00:00,2026-08-29T14:04:11.521104+00:00,13.9413,ok,0,stop,341,677,1018,0.8,
mt/set_10/ambiegen/test-353,2026-08-29T14:04:11.521266+00:00,2026-08-29T14:04:23.425657+00:00,11.9043,ok,0,stop,341,539,880,0.15,
mt/set_11/frenetic/test-669,2026-08-29T14:04:23.425706+00:00,2026-08-29T14:04:34.839998+00:00,11.4142,ok,0,stop,342,548,890,0.2,
mt/set_7/ambiegen/odr/test-223,2026-08-29T14:04:34.840062+00:00,2026-08-29T14:04:47.481046+00:00,12.6409,ok,0,stop,342,597,939,0.1,
mt/set_11/frenetic_v/test-530,2026-08-29T14:04:47.481096+00:00,2026-08-29T14:05:02.613336+00:00,15.1322,ok,0,stop,342,737,1079,0.6,
mt/set_12/frenetic_v/test-628,2026-08-29T14:05:02.613386+00:00,2026-08-29T14:05:14.587849+00:00,11.9744,ok,0,stop,342,556,898,0.6,
mt/set_10/frenetic_v/test-503,2026-08-29T14:05:14.587894+00:00,2026-08-29T14:05:23.829019+00:00,9.2411,ok,0,stop,343,437,780,0.0,
mt_set5/ambiegen/test-438,2026-08-29T14:05:23.829098+00:00,2026-08-29T14:05:37.025929+00:00,13.1966,ok,0,stop,342,629,971,0.65,
mt_set5/frenetic/test-749,2026-08-29T14:05:37.026198+00:00,2026-08-29T14:05:52.070389+00:00,15.0441,ok,0,stop,341,736,1077,0.7,
mt/set_14/frenetic_v/test-507,2026-08-29T14:05:52.070441+00:00,2026-08-29T14:06:02.479135+00:00,10.4087,ok,0,stop,343,471,814,0.1,
mt/set_14/ambiegen/test-416,2026-08-29T14:06:02.479206+00:00,2026-08-29T14:06:19.513529+00:00,17.0343,ok,0,stop,342,834,1176,0.85,
mt/set_11/frenetic/test-392,2026-08-29T14:06:19.513600+00:00,2026-08-29T14:06:33.266379+00:00,13.7527,ok,0,stop,342,650,992,0.65,
mt/set_11/ambiegen/test-902,2026-08-29T14:06:33.266431+00:00,2026-08-29T14:06:41.600062+00:00,8.3336,ok,0,stop,343,396,739,0.1,
mt/set_13/frenetic_v/test-395,2026-08-29T14:06:41.600119+00:00,2026-08-29T14:06:56.557148+00:00,14.957,ok,0,stop,343,675,1018,0.6,
mt/set_14/frenetic_v/test-932,2026-08-29T14:06:56.557231+00:00,2026-08-29T14:07:08.860433+00:00,12.3032,ok,0,stop,343,509,852,0.2,
mt/set_2/ambiegen/odr/test-431,2026-08-29T14:07:08.860507+00:00,2026-08-29T14:07:22.422986+00:00,13.5624,ok,0,stop,343,644,987,0.45,
mt/set_8/frenetic_v/odr/test-698,2026-08-29T14:07:22.423042+00:00,2026-08-29T14:07:31.955426+00:00,9.5323,ok,0,stop,343,462,805,0.1,
mt/set_6/frenetic_v/test-759,2026-08-29T14:07:31.955508+00:00,2026-08-29T14:07:43.123228+00:00,11.1677,ok,0,stop,343,523,866,0.05,
mt/set_13/frenetic_v/test-387,2026-08-29T14:07:43.123291+00:00,2026-08-29T14:07:52.230819+00:00,9.1075,ok,0,stop,343,428,771,0.0,
mt/set_7/ambiegen/odr/test-456,2026-08-29T14:07:52.230870+00:00,2026-08-29T14:08:07.399966+00:00,15.1691,ok,0,stop,342,741,1083,0.8,
mt/set_7/frenetic/odr/test-274,2026-08-29T14:08:07.400036+00:00,2026-08-29T14:08:19.401178+00:00,12.001,ok,0,stop,342,565,907,0.1,
mt/set_18/frenetic_v/test-223,2026-08-29T14:08:19.401404+00:00,2026-08-29T14:08:30.470336+00:00,11.0687,ok,0,stop,343,524,867,0.05,
mt/set_13/ambiegen/test-939,2026-08-29T14:08:30.470729+00:00,2026-08-29T14:08:43.636832+00:00,13.1661,ok,0,stop,343,631,974,0.75,
mt_set6/frenetic/test-376,2026-08-29T14:08:43.636881+00:00,2026-08-29T14:08:59.690972+00:00,16.0541,ok,0,stop,342,787,1129,0.4,
mt/set_16/frenetic_v/test-689,2026-08-29T14:08:59.691018+00:00,2026-08-29T14:09:11.586248+00:00,11.8952,ok,0,stop,343,560,903,0.35,
mt/set_8/frenetic/odr/test-846,2026-08-29T14:09:11.586312+00:00,2026-08-29T14:09:26.124305+00:00,14.538,ok,0,stop,341,684,1025,0.7,
mt/set_14/ambiegen/test-505,2026-08-29T14:09:26.124353+00:00,2026-08-29T14:09:37.199734+00:00,11.0754,ok,0,stop,343,529,872,0.65,
mt/set_9/frenetic/test-140,2026-08-29T14:09:37.199782+00:00,2026-08-29T14:09:50.172203+00:00,12.9724,ok,0,stop,342,633,975,0.7,
mt/set_7/frenetic/odr/test-9,2026-08-29T14:09:50.172251+00:00,2026-08-29T14:10:04.510243+00:00,14.338,ok,0,stop,341,678,1019,0.85,
mt/set_14/frenetic/test-226,2026-08-29T14:10:04.510290+00:00,2026-08-29T14:10:13.436660+00:00,8.9263,ok,0,stop,342,425,767,0.05,
mt_set5/ambiegen/test-615,2026-08-29T14:10:13.436706+00:00,2026-08-29T14:10:26.356722+00:00,12.92,ok,0,stop,342,588,930,0.85,
mt_set5/ambiegen/test-19,2026-08-29T14:10:26.356771+00:00,2026-08-29T14:10:38.767896+00:00,12.4111,ok,0,stop,343,603,946,0.75,
mt/set_12/frenetic/test-138,2026-08-29T14:10:38.767944+00:00,2026-08-29T14:10:50.369103+00:00,11.6011,ok,0,stop,342,541,883,0.65,
mt/set_13/frenetic_v/test-337,2026-08-29T14:10:50.369156+00:00,2026-08-29T14:11:00.904701+00:00,10.5355,ok,0,stop,343,507,850,0.15,
mt/set_12/frenetic_v/test-217,2026-08-29T14:11:00.904752+00:00,2026-08-29T14:11:12.810305+00:00,11.9055,ok,0,stop,343,561,904,0.4,
mt/set_13/frenetic/test-457,2026-08-29T14:11:12.810379+00:00,2026-08-29T14:11:28.509404+00:00,15.699,ok,0,stop,341,769,1110,0.6,
mt/set_7/ambiegen/odr/test-838,2026-08-29T14:11:28.509483+00:00,2026-08-29T14:11:43.684219+00:00,15.1747,ok,0,stop,342,721,1063,0.8,
mt/set_14/ambiegen/test-134,2026-08-29T14:11:43.684271+00:00,2026-08-29T14:11:54.577340+00:00,10.893,ok,0,stop,342,520,862,0.2,
mt/set_17/ambiegen/test-236,2026-08-29T14:11:54.577398+00:00,2026-08-29T14:12:09.009923+00:00,14.4325,ok,0,stop,342,695,1037,0.8,
mt/set_16/frenetic_v/test-608,2026-08-29T14:12:09.009979+00:00,2026-08-29T14:12:19.196097+00:00,10.1861,ok,0,stop,343,486,829,0.1,
mt/set_8/frenetic/odr/test-549,2026-08-29T14:12:19.196155+00:00,2026-08-29T14:12:30.727062+00:00,11.5309,ok,0,stop,342,548,890,0.15,
mt/set_7/ambiegen/odr/test-538,2026-08-29T14:12:30.727110+00:00,2026-08-29T14:12:44.578833+00:00,13.8517,ok,0,stop,341,685,1026,0.0,
mt/set_16/frenetic_v/test-853,2026-08-29T14:12:44.578888+00:00,2026-08-29T14:12:59.197339+00:00,14.6184,ok,0,stop,342,697,1039,0.4,
mt/set_14/frenetic/test-767,2026-08-29T14:12:59.197421+00:00,2026-08-29T14:13:08.521788+00:00,9.3243,ok,0,stop,341,441,782,0.7,
mt/set_14/frenetic_v/test-152,2026-08-29T14:13:08.521835+00:00,2026-08-29T14:13:23.570626+00:00,15.0488,ok,0,stop,343,724,1067,0.75,
mt/set_2/ambiegen/odr/test-716,2026-08-29T14:13:23.570678+00:00,2026-08-29T14:13:35.641539+00:00,12.0708,ok,0,stop,342,589,931,0.75,
mt/set_6/frenetic_v/test-672,2026-08-29T14:13:35.641591+00:00,2026-08-29T14:13:50.458195+00:00,14.8166,ok,0,stop,342,709,1051,0.85,
mt/set_13/frenetic/test-374,2026-08-29T14:13:50.458264+00:00,2026-08-29T14:14:04.481786+00:00,14.0235,ok,0,stop,342,683,1025,0.65,
mt/set_14/frenetic_v/test-344,2026-08-29T14:14:04.481835+00:00,2026-08-29T14:14:15.949011+00:00,11.4671,ok,0,stop,343,536,879,0.05,
mt_set5/ambiegen/test-497,2026-08-29T14:14:15.949076+00:00,2026-08-29T14:14:28.288654+00:00,12.3395,ok,0,stop,342,603,945,0.7,
mt/set_17/ambiegen/test-876,2026-08-29T14:14:28.288699+00:00,2026-08-29T14:14:39.759166+00:00,11.4704,ok,0,stop,342,536,878,0.45,
mt/set_17/frenetic_v/test-507,2026-08-29T14:14:39.759240+00:00,2026-08-29T14:14:52.638253+00:00,12.879,ok,0,stop,342,626,968,0.2,
mt_set6/frenetic/test-837,2026-08-29T14:14:52.638308+00:00,2026-08-29T14:15:08.402099+00:00,15.7637,ok,0,stop,341,748,1089,0.3,
mt/set_14/frenetic/test-680,2026-08-29T14:15:08.402169+00:00,2026-08-29T14:15:24.402245+00:00,16.0,ok,0,stop,342,772,1114,0.6,
mt/set_2/ambiegen/odr/test-87,2026-08-29T14:15:24.402292+00:00,2026-08-29T14:15:39.316166+00:00,14.9138,ok,0,stop,342,733,1075,0.65,
mt/set_7/ambiegen/odr/test-106,2026-08-29T14:15:39.316237+00:00,2026-08-29T14:15:51.821242+00:00,12.505,ok,0,stop,342,609,951,0.45,
mt/set_18/frenetic/test-589,2026-08-29T14:15:51.821285+00:00,2026-08-29T14:16:03.398979+00:00,11.5777,ok,0,stop,342,546,888,0.15,
mt/set_8/frenetic_v/odr/test-203,2026-08-29T14:16:03.399055+00:00,2026-08-29T14:16:15.833370+00:00,12.4341,ok,0,stop,342,595,937,0.75,
mt/set_10/frenetic_v/test-618,2026-08-29T14:16:15.833788+00:00,2026-08-29T14:16:29.247955+00:00,13.4141,ok,0,stop,343,653,996,0.15,
mt/set_17/frenetic/test-486,2026-08-29T14:16:29.248028+00:00,2026-08-29T14:16:40.885454+00:00,11.6374,ok,0,stop,342,555,897,0.4,
mt/set_10/ambiegen/test-520,2026-08-29T14:16:40.885524+00:00,2026-08-29T14:16:53.684416+00:00,12.7989,ok,0,stop,342,604,946,0.15,
mt/set_17/frenetic/test-335,2026-08-29T14:16:53.684462+00:00,2026-08-29T14:17:04.629891+00:00,10.9454,ok,0,stop,341,527,868,0.7,
mt/set_18/frenetic_v/test-125,2026-08-29T14:17:04.629938+00:00,2026-08-29T14:17:17.741568+00:00,13.1116,ok,0,stop,343,621,964,0.15,
mt/set_18/frenetic_v/test-68,2026-08-29T14:17:17.741614+00:00,2026-08-29T14:17:31.143593+00:00,13.4019,ok,0,stop,342,653,995,0.6,
mt/set_9/frenetic_v/test-71,2026-08-29T14:17:31.143673+00:00,2026-08-29T14:17:41.757003+00:00,10.6131,ok,0,stop,343,502,845,0.15,
mt/set_13/ambiegen/test-832,2026-08-29T14:17:41.757365+00:00,2026-08-29T14:17:53.855860+00:00,12.0984,ok,0,stop,343,584,927,0.7,
mt/set_7/frenetic_v/odr/test-869,2026-08-29T14:17:53.855924+00:00,2026-08-29T14:18:02.654434+00:00,8.7985,ok,0,stop,343,397,740,0.1,
mt/set_16/frenetic/test-531,2026-08-29T14:18:02.654491+00:00,2026-08-29T14:18:12.201618+00:00,9.5471,ok,0,stop,342,447,789,0.1,
mt/set_9/frenetic/test-154,2026-08-29T14:18:12.201676+00:00,2026-08-29T14:18:27.659359+00:00,15.4577,ok,0,stop,341,755,1096,0.6,
mt/set_6/frenetic_v/test-334,2026-08-29T14:18:27.659410+00:00,2026-08-29T14:18:39.583936+00:00,11.9245,ok,0,stop,342,555,897,0.3,
mt/set_16/frenetic/test-668,2026-08-29T14:18:39.584008+00:00,2026-08-29T14:18:51.078593+00:00,11.4943,ok,0,stop,342,541,883,0.15,
mt/set_17/frenetic/test-793,2026-08-29T14:18:51.079075+00:00,2026-08-29T14:19:08.359549+00:00,17.2804,ok,0,stop,341,844,1185,0.75,
mt/set_7/frenetic/odr/test-140,2026-08-29T14:19:08.359597+00:00,2026-08-29T14:19:19.173867+00:00,10.8142,ok,0,stop,341,520,861,0.85,
mt/set_13/frenetic/test-162,2026-08-29T14:19:19.173919+00:00,2026-08-29T14:19:31.194550+00:00,12.0206,ok,0,stop,342,564,906,0.65,
mt/set_16/ambiegen/test-62,2026-08-29T14:19:31.194605+00:00,2026-08-29T14:19:41.303430+00:00,10.1088,ok,0,stop,343,484,827,0.0,
mt/set_8/ambiegen/odr/test-549,2026-08-29T14:19:41.303486+00:00,2026-08-29T14:19:52.014729+00:00,10.7112,ok,0,stop,343,475,818,0.0,
mt/set_7/ambiegen/odr/test-388,2026-08-29T14:19:52.014779+00:00,2026-08-29T14:20:02.803914+00:00,10.7891,ok,0,stop,343,520,863,0.15,
mt/set_9/ambiegen/test-626,2026-08-29T14:20:02.803967+00:00,2026-08-29T14:20:17.913072+00:00,15.1091,ok,0,stop,342,722,1064,0.75,
mt/set_14/frenetic/test-66,2026-08-29T14:20:17.913125+00:00,2026-08-29T14:20:28.304499+00:00,10.3913,ok,0,stop,342,505,847,0.15,
mt/set_17/ambiegen/test-152,2026-08-29T14:20:28.304542+00:00,2026-08-29T14:20:37.717010+00:00,9.4124,ok,0,stop,342,431,773,0.05,
mt/set_8/frenetic/odr/test-639,2026-08-29T14:20:37.717054+00:00,2026-08-29T14:20:51.747499+00:00,14.0304,ok,0,stop,341,679,1020,0.4,
mt_set6/frenetic/test-632,2026-08-29T14:20:51.747555+00:00,2026-08-29T14:21:04.355234+00:00,12.6076,ok,0,stop,341,610,951,0.4,
mt/set_8/ambiegen/odr/test-137,2026-08-29T14:21:04.355289+00:00,2026-08-29T14:21:16.876794+00:00,12.5215,ok,0,stop,342,592,934,0.35,
mt/set_9/frenetic/test-438,2026-08-29T14:21:16.876836+00:00,2026-08-29T14:21:26.899943+00:00,10.023,ok,0,stop,341,467,808,0.7,
mt/set_10/ambiegen/test-516,2026-08-29T14:21:26.900119+00:00,2026-08-29T14:21:40.044826+00:00,13.1447,ok,0,stop,342,633,975,0.4,
mt/set_12/ambiegen/test-896,2026-08-29T14:21:40.044874+00:00,2026-08-29T14:21:51.133794+00:00,11.0889,ok,0,stop,343,523,866,0.15,
mt/set_9/ambiegen/test-256,2026-08-29T14:21:51.133842+00:00,2026-08-29T14:22:02.384760+00:00,11.2509,ok,0,stop,342,528,870,0.6,
mt/set_14/frenetic_v/test-895,2026-08-29T14:22:02.384811+00:00,2026-08-29T14:22:14.259128+00:00,11.8743,ok,0,stop,342,576,918,0.3,
mt/set_6/frenetic_v/test-226,2026-08-29T14:22:14.259185+00:00,2026-08-29T14:22:27.789231+00:00,13.53,ok,0,stop,342,643,985,0.6,
mt/set_9/ambiegen/test-69,2026-08-29T14:22:27.789360+00:00,2026-08-29T14:22:37.321728+00:00,9.5323,ok,0,stop,342,455,797,0.4,
mt/set_16/ambiegen/test-804,2026-08-29T14:22:37.321777+00:00,2026-08-29T14:22:53.506239+00:00,16.1844,ok,0,stop,342,778,1120,0.8,
mt/set_11/ambiegen/test-845,2026-08-29T14:22:53.506290+00:00,2026-08-29T14:23:07.389259+00:00,13.8829,ok,0,stop,342,683,1025,0.75,
mt/set_11/ambiegen/test-647,2026-08-29T14:23:07.389320+00:00,2026-08-29T14:23:19.298296+00:00,11.9089,ok,0,stop,343,554,897,0.85,
mt/set_7/frenetic_v/odr/test-723,2026-08-29T14:23:19.298374+00:00,2026-08-29T14:23:32.840991+00:00,13.5426,ok,0,stop,342,652,994,0.8,
mt_set6/frenetic/test-494,2026-08-29T14:23:32.841048+00:00,2026-08-29T14:23:47.749220+00:00,14.9081,ok,0,stop,341,716,1057,0.7,
mt/set_14/ambiegen/test-476,2026-08-29T14:23:47.749267+00:00,2026-08-29T14:24:00.173154+00:00,12.4239,ok,0,stop,342,605,947,0.7,
mt/set_9/frenetic/test-90,2026-08-29T14:24:00.173200+00:00,2026-08-29T14:24:13.737203+00:00,13.564,ok,0,stop,341,641,982,0.7,
mt/set_13/ambiegen/test-747,2026-08-29T14:24:13.737252+00:00,2026-08-29T14:24:26.982445+00:00,13.2452,ok,0,stop,342,642,984,0.75,
mt/set_13/ambiegen/test-22,2026-08-29T14:24:26.982494+00:00,2026-08-29T14:24:39.697393+00:00,12.7149,ok,0,stop,342,544,886,0.85,
mt/set_11/frenetic_v/test-195,2026-08-29T14:24:39.697445+00:00,2026-08-29T14:24:50.803230+00:00,11.1058,ok,0,stop,342,535,877,0.65,
mt/set_14/frenetic/test-889,2026-08-29T14:24:50.803278+00:00,2026-08-29T14:25:04.706151+00:00,13.9028,ok,0,stop,341,656,997,0.85,
mt/set_16/ambiegen/test-438,2026-08-29T14:25:04.706197+00:00,2026-08-29T14:25:17.916077+00:00,13.2098,ok,0,stop,342,644,986,0.75,
mt/set_14/ambiegen/test-754,2026-08-29T14:25:17.916124+00:00,2026-08-29T14:25:30.110859+00:00,12.1947,ok,0,stop,342,573,915,0.7,
mt/set_10/frenetic_v/test-254,2026-08-29T14:25:30.110914+00:00,2026-08-29T14:25:43.591327+00:00,13.4804,ok,0,stop,342,662,1004,0.3,
mt/set_13/frenetic/test-496,2026-08-29T14:25:43.591376+00:00,2026-08-29T14:25:59.861937+00:00,16.2705,ok,0,stop,342,780,1122,0.65,
mt/set_13/frenetic/test-862,2026-08-29T14:25:59.861984+00:00,2026-08-29T14:26:12.482312+00:00,12.6203,ok,0,stop,342,610,952,0.15,
mt/set_11/frenetic/test-824,2026-08-29T14:26:12.482367+00:00,2026-08-29T14:26:25.369819+00:00,12.8874,ok,0,stop,342,612,954,0.7,
mt/set_13/ambiegen/test-537,2026-08-29T14:26:25.369899+00:00,2026-08-29T14:26:38.668071+00:00,13.2981,ok,0,stop,342,635,977,0.85,
mt/set_6/frenetic_v/test-637,2026-08-29T14:26:38.668146+00:00,2026-08-29T14:26:52.135346+00:00,13.4672,ok,0,stop,342,645,987,0.7,
mt/set_17/frenetic/test-268,2026-08-29T14:26:52.135394+00:00,2026-08-29T14:27:06.660906+00:00,14.5255,ok,0,stop,342,709,1051,0.3,
mt/set_9/frenetic_v/test-638,2026-08-29T14:27:06.660955+00:00,2026-08-29T14:27:19.423462+00:00,12.7625,ok,0,stop,342,607,949,0.8,
mt/set_16/frenetic/test-42,2026-08-29T14:27:19.423522+00:00,2026-08-29T14:27:32.945291+00:00,13.5217,ok,0,stop,341,640,981,0.65,
mt/set_16/ambiegen/test-674,2026-08-29T14:27:32.945345+00:00,2026-08-29T14:27:44.794936+00:00,11.8495,ok,0,stop,342,576,918,0.85,
mt/set_12/ambiegen/test-195,2026-08-29T14:27:44.795016+00:00,2026-08-29T14:27:55.488392+00:00,10.6933,ok,0,stop,343,514,857,0.15,
mt/set_2/ambiegen/odr/test-96,2026-08-29T14:27:55.488449+00:00,2026-08-29T14:28:07.275571+00:00,11.7871,ok,0,stop,343,557,900,0.65,
mt/set_10/frenetic_v/test-289,2026-08-29T14:28:07.275632+00:00,2026-08-29T14:28:18.731023+00:00,11.4554,ok,0,stop,343,552,895,0.6,
mt/set_18/frenetic/test-195,2026-08-29T14:28:18.731075+00:00,2026-08-29T14:28:33.138871+00:00,14.4078,ok,0,stop,341,688,1029,0.75,
mt/set_11/frenetic/test-837,2026-08-29T14:28:33.138920+00:00,2026-08-29T14:28:46.598607+00:00,13.4597,ok,0,stop,342,658,1000,0.7,
mt/set_8/frenetic/odr/test-169,2026-08-29T14:28:46.598656+00:00,2026-08-29T14:29:02.554086+00:00,15.9554,ok,0,stop,342,768,1110,0.15,
mt/set_18/frenetic/test-648,2026-08-29T14:29:02.554136+00:00,2026-08-29T14:29:14.421525+00:00,11.8674,ok,0,stop,342,559,901,0.35,
mt/set_7/frenetic/odr/test-179,2026-08-29T14:29:14.421585+00:00,2026-08-29T14:29:25.856677+00:00,11.4351,ok,0,stop,342,541,883,0.85,
mt/set_7/frenetic_v/odr/test-469,2026-08-29T14:29:25.856728+00:00,2026-08-29T14:29:40.345045+00:00,14.4883,ok,0,stop,343,704,1047,0.6,
mt/set_8/frenetic_v/odr/test-208,2026-08-29T14:29:40.345111+00:00,2026-08-29T14:29:54.752712+00:00,14.4076,ok,0,stop,343,686,1029,0.6,
mt/set_14/ambiegen/test-330,2026-08-29T14:29:54.752785+00:00,2026-08-29T14:30:07.570469+00:00,12.8176,ok,0,stop,342,601,943,0.35,
mt/set_17/frenetic_v/test-632,2026-08-29T14:30:07.570523+00:00,2026-08-29T14:30:17.882046+00:00,10.3115,ok,0,stop,343,490,833,0.1,
mt/set_13/frenetic_v/test-564,2026-08-29T14:30:17.882112+00:00,2026-08-29T14:30:30.422571+00:00,12.5404,ok,0,stop,342,608,950,0.4,
mt/set_10/frenetic_v/test-119,2026-08-29T14:30:30.422619+00:00,2026-08-29T14:30:45.013880+00:00,14.5912,ok,0,stop,342,695,1037,0.6,
mt/set_10/ambiegen/test-756,2026-08-29T14:30:45.013954+00:00,2026-08-29T14:30:57.191689+00:00,12.1776,ok,0,stop,343,585,928,0.85,
mt/set_11/ambiegen/test-57,2026-08-29T14:30:57.191940+00:00,2026-08-29T14:31:11.016145+00:00,13.8242,ok,0,stop,342,619,961,0.65,
mt/set_10/frenetic/test-207,2026-08-29T14:31:11.016196+00:00,2026-08-29T14:31:21.065308+00:00,10.0491,ok,0,stop,342,480,822,0.05,
mt/set_18/frenetic_v/test-228,2026-08-29T14:31:21.065379+00:00,2026-08-29T14:31:31.377086+00:00,10.3117,ok,0,stop,342,479,821,0.2,
mt/set_11/frenetic/test-944,2026-08-29T14:31:31.377157+00:00,2026-08-29T14:31:43.609626+00:00,12.2324,ok,0,stop,341,592,933,0.7,
mt/set_9/frenetic_v/test-159,2026-08-29T14:31:43.609672+00:00,2026-08-29T14:31:59.220572+00:00,15.6109,ok,0,stop,343,748,1091,0.35,
mt_set5/frenetic_v/test-680,2026-08-29T14:31:59.220626+00:00,2026-08-29T14:32:11.547217+00:00,12.3266,ok,0,stop,342,599,941,0.75,
mt/set_16/ambiegen/test-662,2026-08-29T14:32:11.547262+00:00,2026-08-29T14:32:28.251354+00:00,16.7041,ok,0,stop,342,751,1093,0.3,
mt/set_14/ambiegen/test-901,2026-08-29T14:32:28.251407+00:00,2026-08-29T14:32:42.366673+00:00,14.1152,ok,0,stop,343,673,1016,0.7,
mt/set_2/ambiegen/odr/test-127,2026-08-29T14:32:42.366725+00:00,2026-08-29T14:32:54.227954+00:00,11.8612,ok,0,stop,342,571,913,0.75,
mt/set_8/ambiegen/odr/test-325,2026-08-29T14:32:54.228005+00:00,2026-08-29T14:33:07.204580+00:00,12.9765,ok,0,stop,342,630,972,0.45,
mt_set6/frenetic/test-587,2026-08-29T14:33:07.204627+00:00,2026-08-29T14:33:20.292606+00:00,13.0879,ok,0,stop,341,622,963,0.85,
mt/set_11/frenetic/test-725,2026-08-29T14:33:20.292661+00:00,2026-08-29T14:33:31.176238+00:00,10.8835,ok,0,stop,341,528,869,0.7,
mt/set_17/ambiegen/test-661,2026-08-29T14:33:31.176287+00:00,2026-08-29T14:33:43.694868+00:00,12.5185,ok,0,stop,342,589,931,0.7,
mt/set_9/ambiegen/test-912,2026-08-29T14:33:43.694922+00:00,2026-08-29T14:33:55.254878+00:00,11.5599,ok,0,stop,342,554,896,0.85,
mt_set6/frenetic/test-187,2026-08-29T14:33:55.254921+00:00,2026-08-29T14:34:09.022965+00:00,13.768,ok,0,stop,341,642,983,0.65,
mt/set_8/ambiegen/odr/test-606,2026-08-29T14:34:09.023036+00:00,2026-08-29T14:34:21.497948+00:00,12.4749,ok,0,stop,341,609,950,0.7,
mt/set_14/frenetic_v/test-207,2026-08-29T14:34:21.497999+00:00,2026-08-29T14:34:35.476362+00:00,13.9783,ok,0,stop,343,658,1001,0.2,
mt/set_16/ambiegen/test-792,2026-08-29T14:34:35.476428+00:00,2026-08-29T14:34:48.991972+00:00,13.5155,ok,0,stop,342,655,997,0.65,
mt/set_16/frenetic/test-633,2026-08-29T14:34:48.992027+00:00,2026-08-29T14:35:01.191147+00:00,12.1991,ok,0,stop,341,569,910,0.7,
mt/set_11/frenetic_v/test-321,2026-08-29T14:35:01.191227+00:00,2026-08-29T14:35:18.187279+00:00,16.996,ok,0,stop,343,819,1162,0.6,
mt/set_7/frenetic_v/odr/test-872,2026-08-29T14:35:18.187344+00:00,2026-08-29T14:35:31.354595+00:00,13.1672,ok,0,stop,343,635,978,0.2,
mt/set_10/frenetic_v/test-525,2026-08-29T14:35:31.354648+00:00,2026-08-29T14:35:42.743476+00:00,11.3888,ok,0,stop,342,545,887,0.6,
mt/set_12/frenetic/test-614,2026-08-29T14:35:42.743525+00:00,2026-08-29T14:35:53.651728+00:00,10.9082,ok,0,stop,341,508,849,0.65,
mt/set_9/ambiegen/test-816,2026-08-29T14:35:53.651784+00:00,2026-08-29T14:36:06.410269+00:00,12.7585,ok,0,stop,342,620,962,0.4,
mt_set5/ambiegen/test-102,2026-08-29T14:36:06.410315+00:00,2026-08-29T14:36:18.010888+00:00,11.6005,ok,0,stop,342,538,880,0.6,
mt/set_7/frenetic_v/odr/test-570,2026-08-29T14:36:18.010961+00:00,2026-08-29T14:36:30.951279+00:00,12.9403,ok,0,stop,343,626,969,0.2,
mt_set5/frenetic/test-337,2026-08-29T14:36:30.951329+00:00,2026-08-29T14:36:41.450007+00:00,10.4985,ok,0,stop,341,501,842,0.85,
mt/set_11/frenetic_v/test-163,2026-08-29T14:36:41.450331+00:00,2026-08-29T14:36:57.100463+00:00,15.6501,ok,0,stop,342,737,1079,0.8,
mt/set_10/ambiegen/test-485,2026-08-29T14:36:57.100511+00:00,2026-08-29T14:37:09.165528+00:00,12.065,ok,0,stop,342,565,907,0.35,
mt/set_10/ambiegen/test-78,2026-08-29T14:37:09.165588+00:00,2026-08-29T14:37:20.870874+00:00,11.7053,ok,0,stop,342,558,900,0.15,
mt_set5/frenetic_v/test-816,2026-08-29T14:37:20.870920+00:00,2026-08-29T14:37:31.101537+00:00,10.2306,ok,0,stop,343,489,832,0.75,
mt/set_10/frenetic_v/test-381,2026-08-29T14:37:31.101588+00:00,2026-08-29T14:37:42.803705+00:00,11.7021,ok,0,stop,342,545,887,0.7,
mt/set_12/ambiegen/test-561,2026-08-29T14:37:42.803773+00:00,2026-08-29T14:37:53.797128+00:00,10.9933,ok,0,stop,342,515,857,0.05,
mt_set5/ambiegen/test-32,2026-08-29T14:37:53.797210+00:00,2026-08-29T14:38:06.915787+00:00,13.1185,ok,0,stop,342,633,975,0.65,
mt/set_8/frenetic/odr/test-46,2026-08-29T14:38:06.915856+00:00,2026-08-29T14:38:20.013962+00:00,13.0981,ok,0,stop,341,635,976,0.6,
mt_set6/frenetic/test-618,2026-08-29T14:38:20.014027+00:00,2026-08-29T14:38:33.036994+00:00,13.0229,ok,0,stop,341,609,950,0.65,
mt/set_13/frenetic/test-214,2026-08-29T14:38:33.037046+00:00,2026-08-29T14:38:44.527669+00:00,11.4906,ok,0,stop,342,534,876,0.1,
mt/set_9/ambiegen/test-386,2026-08-29T14:38:44.527744+00:00,2026-08-29T14:38:58.979402+00:00,14.4516,ok,0,stop,342,703,1045,0.8,
mt/set_9/frenetic_v/test-238,2026-08-29T14:38:58.979467+00:00,2026-08-29T14:39:10.818154+00:00,11.8387,ok,0,stop,343,570,913,0.15,
mt/set_10/frenetic/test-316,2026-08-29T14:39:10.818202+00:00,2026-08-29T14:39:21.785824+00:00,10.9676,ok,0,stop,341,509,850,0.6,
mt/set_2/ambiegen/odr/test-119,2026-08-29T14:39:21.785863+00:00,2026-08-29T14:39:35.995276+00:00,14.2094,ok,0,stop,341,678,1019,0.65,
mt/set_12/ambiegen/test-63,2026-08-29T14:39:35.995344+00:00,2026-08-29T14:39:48.887091+00:00,12.8917,ok,0,stop,342,621,963,0.15,
mt/set_16/frenetic/test-387,2026-08-29T14:39:48.887166+00:00,2026-08-29T14:40:01.993546+00:00,13.1063,ok,0,stop,341,629,970,0.75,
mt/set_12/ambiegen/test-847,2026-08-29T14:40:01.993614+00:00,2026-08-29T14:40:12.301799+00:00,10.3081,ok,0,stop,343,481,824,0.05,
mt/set_17/frenetic/test-870,2026-08-29T14:40:12.301867+00:00,2026-08-29T14:40:28.011797+00:00,15.7099,ok,0,stop,341,752,1093,0.6,
mt/set_13/ambiegen/test-201,2026-08-29T14:40:28.011853+00:00,2026-08-29T14:40:39.236674+00:00,11.2248,ok,0,stop,342,516,858,0.45,
mt/set_13/frenetic_v/test-935,2026-08-29T14:40:39.236753+00:00,2026-08-29T14:40:49.294249+00:00,10.0575,ok,0,stop,343,482,825,0.1,
mt/set_8/frenetic_v/odr/test-480,2026-08-29T14:40:49.294322+00:00,2026-08-29T14:40:59.518071+00:00,10.2237,ok,0,stop,342,490,832,0.15,
mt_set5/frenetic/test-668,2026-08-29T14:40:59.518116+00:00,2026-08-29T14:41:13.059643+00:00,13.5415,ok,0,stop,342,618,960,0.45,
mt/set_9/ambiegen/test-22,2026-08-29T14:41:13.059691+00:00,2026-08-29T14:41:25.514681+00:00,12.455,ok,0,stop,342,583,925,0.75,
mt/set_8/frenetic/odr/test-475,2026-08-29T14:41:25.514736+00:00,2026-08-29T14:41:38.423346+00:00,12.9086,ok,0,stop,341,618,959,0.3,
mt/set_11/frenetic_v/test-511,2026-08-29T14:41:38.423413+00:00,2026-08-29T14:41:49.126831+00:00,10.7034,ok,0,stop,343,519,862,0.2,
mt/set_13/frenetic_v/test-465,2026-08-29T14:41:49.126880+00:00,2026-08-29T14:42:05.610798+00:00,16.4839,ok,0,stop,342,802,1144,0.6,
mt_set5/frenetic_v/test-708,2026-08-29T14:42:05.610844+00:00,2026-08-29T14:42:15.636867+00:00,10.026,ok,0,stop,343,454,797,0.15,
mt/set_12/frenetic/test-847,2026-08-29T14:42:15.636911+00:00,2026-08-29T14:42:30.392744+00:00,14.7558,ok,0,stop,342,712,1054,0.6,
mt/set_6/frenetic_v/test-934,2026-08-29T14:42:30.392812+00:00,2026-08-29T14:42:42.482292+00:00,12.0894,ok,0,stop,343,590,933,0.1,
mt/set_13/frenetic_v/test-668,2026-08-29T14:42:42.482338+00:00,2026-08-29T14:42:53.779852+00:00,11.2975,ok,0,stop,343,518,861,0.15,
mt/set_9/frenetic/test-340,2026-08-29T14:42:53.779903+00:00,2026-08-29T14:43:06.954480+00:00,13.1745,ok,0,stop,341,621,962,0.3,
mt/set_2/ambiegen/odr/test-519,2026-08-29T14:43:06.954550+00:00,2026-08-29T14:43:20.779792+00:00,13.8252,ok,0,stop,342,672,1014,0.7,
mt/set_8/ambiegen/odr/test-936,2026-08-29T14:43:20.779837+00:00,2026-08-29T14:43:31.341731+00:00,10.5619,ok,0,stop,342,508,850,0.15,
mt/set_2/ambiegen/odr/test-182,2026-08-29T14:43:31.341780+00:00,2026-08-29T14:43:41.144281+00:00,9.8025,ok,0,stop,342,454,796,0.85,
mt/set_18/ambiegen/test-794,2026-08-29T14:43:41.144335+00:00,2026-08-29T14:43:53.782806+00:00,12.6384,ok,0,stop,343,600,943,0.7,
mt/set_11/ambiegen/test-544,2026-08-29T14:43:53.782857+00:00,2026-08-29T14:44:10.153191+00:00,16.3703,ok,0,stop,343,803,1146,0.25,
mt/set_14/frenetic/test-698,2026-08-29T14:44:10.153237+00:00,2026-08-29T14:44:22.475334+00:00,12.3221,ok,0,stop,341,600,941,0.4,
mt_set5/frenetic_v/test-293,2026-08-29T14:44:22.475416+00:00,2026-08-29T14:44:32.472464+00:00,9.997,ok,0,stop,343,458,801,0.0,
mt/set_16/frenetic/test-63,2026-08-29T14:44:32.472537+00:00,2026-08-29T14:44:45.922122+00:00,13.4495,ok,0,stop,341,639,980,0.6,
mt/set_9/ambiegen/test-587,2026-08-29T14:44:45.922180+00:00,2026-08-29T14:44:58.861663+00:00,12.9394,ok,0,stop,342,617,959,0.7,
mt/set_10/frenetic_v/test-766,2026-08-29T14:44:58.861716+00:00,2026-08-29T14:45:12.331289+00:00,13.4695,ok,0,stop,343,660,1003,0.2,
mt/set_17/frenetic/test-341,2026-08-29T14:45:12.331359+00:00,2026-08-29T14:45:22.001804+00:00,9.6704,ok,0,stop,342,437,779,0.0,
mt/set_14/ambiegen/test-475,2026-08-29T14:45:22.001846+00:00,2026-08-29T14:45:33.705240+00:00,11.7033,ok,0,stop,342,555,897,0.6,
mt/set_2/ambiegen/odr/test-39,2026-08-29T14:45:33.705311+00:00,2026-08-29T14:45:46.488637+00:00,12.7833,ok,0,stop,342,595,937,0.3,
mt/set_16/frenetic/test-919,2026-08-29T14:45:46.488690+00:00,2026-08-29T14:45:58.935919+00:00,12.4472,ok,0,stop,341,601,942,0.6,
mt/set_10/frenetic/test-354,2026-08-29T14:45:58.935967+00:00,2026-08-29T14:46:11.623676+00:00,12.6877,ok,0,stop,342,598,940,0.15,
mt/set_12/frenetic/test-502,2026-08-29T14:46:11.623745+00:00,2026-08-29T14:46:23.276565+00:00,11.6528,ok,0,stop,341,486,827,0.7,
mt/set_11/frenetic_v/test-655,2026-08-29T14:46:23.276609+00:00,2026-08-29T14:46:36.738212+00:00,13.4616,ok,0,stop,342,636,978,0.3,
mt/set_10/frenetic/test-57,2026-08-29T14:46:36.738263+00:00,2026-08-29T14:46:50.158667+00:00,13.4204,ok,0,stop,342,646,988,0.6,
mt/set_7/ambiegen/odr/test-952,2026-08-29T14:46:50.158735+00:00,2026-08-29T14:47:00.876318+00:00,10.7174,ok,0,stop,342,515,857,0.85,
mt/set_9/ambiegen/test-901,2026-08-29T14:47:00.876561+00:00,2026-08-29T14:47:14.708114+00:00,13.8315,ok,0,stop,342,648,990,0.65,
mt/set_13/frenetic/test-101,2026-08-29T14:47:14.708162+00:00,2026-08-29T14:47:27.678705+00:00,12.9705,ok,0,stop,341,613,954,0.6,
mt/set_2/ambiegen/odr/test-593,2026-08-29T14:47:27.678770+00:00,2026-08-29T14:47:41.534111+00:00,13.8553,ok,0,stop,342,666,1008,0.15,
mt/set_9/frenetic_v/test-83,2026-08-29T14:47:41.534178+00:00,2026-08-29T14:47:57.072728+00:00,15.5385,ok,0,stop,342,653,995,0.75,
mt/set_2/ambiegen/odr/test-417,2026-08-29T14:47:57.072804+00:00,2026-08-29T14:48:08.270104+00:00,11.1973,ok,0,stop,341,544,885,0.05,
mt/set_11/ambiegen/test-269,2026-08-29T14:48:08.270180+00:00,2026-08-29T14:48:21.354061+00:00,13.0838,ok,0,stop,342,617,959,0.35,
mt/set_17/frenetic/test-531,2026-08-29T14:48:21.354110+00:00,2026-08-29T14:48:34.909988+00:00,13.5558,ok,0,stop,342,664,1006,0.6,
mt/set_2/ambiegen/odr/test-276,2026-08-29T14:48:34.910053+00:00,2026-08-29T14:48:45.626525+00:00,10.7164,ok,0,stop,343,498,841,0.45,
mt/set_6/frenetic_v/test-25,2026-08-29T14:48:45.626595+00:00,2026-08-29T14:48:56.378852+00:00,10.7522,ok,0,stop,343,512,855,0.1,
mt/set_9/frenetic_v/test-119,2026-08-29T14:48:56.378903+00:00,2026-08-29T14:49:06.436706+00:00,10.0578,ok,0,stop,343,471,814,0.05,
mt/set_10/ambiegen/test-721,2026-08-29T14:49:06.436759+00:00,2026-08-29T14:49:20.612941+00:00,14.1761,ok,0,stop,342,683,1025,0.2,
mt/set_16/frenetic/test-361,2026-08-29T14:49:20.613010+00:00,2026-08-29T14:49:32.769204+00:00,12.1561,ok,0,stop,341,585,926,0.6,
mt_set5/ambiegen/test-335,2026-08-29T14:49:32.769274+00:00,2026-08-29T14:49:48.761777+00:00,15.9925,ok,0,stop,342,768,1110,0.6,
mt/set_9/frenetic/test-66,2026-08-29T14:49:48.761846+00:00,2026-08-29T14:49:59.803557+00:00,11.0417,ok,0,stop,342,519,861,0.6,
mt/set_17/ambiegen/test-584,2026-08-29T14:49:59.803609+00:00,2026-08-29T14:50:11.372434+00:00,11.5688,ok,0,stop,342,558,900,0.8,
mt/set_18/frenetic/test-892,2026-08-29T14:50:11.372488+00:00,2026-08-29T14:50:23.437146+00:00,12.0646,ok,0,stop,341,575,916,0.6,
mt/set_18/frenetic/test-122,2026-08-29T14:50:23.437216+00:00,2026-08-29T14:50:34.890935+00:00,11.4537,ok,0,stop,342,533,875,0.1,
mt/set_14/ambiegen/test-442,2026-08-29T14:50:34.891005+00:00,2026-08-29T14:50:44.836526+00:00,9.9455,ok,0,stop,342,473,815,0.0,
mt/set_13/frenetic_v/test-582,2026-08-29T14:50:44.836577+00:00,2026-08-29T14:50:58.398546+00:00,13.5619,ok,0,stop,342,640,982,0.65,
mt/set_17/ambiegen/test-222,2026-08-29T14:50:58.398592+00:00,2026-08-29T14:51:11.810531+00:00,13.4119,ok,0,stop,343,654,997,0.6,
mt/set_12/frenetic/test-461,2026-08-29T14:51:11.810589+00:00,2026-08-29T14:51:26.071438+00:00,14.2608,ok,0,stop,341,676,1017,0.7,
mt/set_11/frenetic_v/test-641,2026-08-29T14:51:26.071491+00:00,2026-08-29T14:51:39.772837+00:00,13.7013,ok,0,stop,342,655,997,0.6,
mt/set_7/frenetic/odr/test-728,2026-08-29T14:51:39.772890+00:00,2026-08-29T14:51:50.811075+00:00,11.0381,ok,0,stop,342,523,865,0.05,
mt/set_7/frenetic/odr/test-798,2026-08-29T14:51:50.811139+00:00,2026-08-29T14:52:04.549427+00:00,13.7383,ok,0,stop,342,676,1018,0.75,
mt/set_11/frenetic/test-922,2026-08-29T14:52:04.549471+00:00,2026-08-29T14:52:17.129340+00:00,12.5798,ok,0,stop,342,596,938,0.3,
mt/set_9/frenetic/test-109,2026-08-29T14:52:17.129392+00:00,2026-08-29T14:52:29.183860+00:00,12.0544,ok,0,stop,342,586,928,0.15,
mt/set_7/ambiegen/odr/test-251,2026-08-29T14:52:29.183940+00:00,2026-08-29T14:52:40.269397+00:00,11.0854,ok,0,stop,342,509,851,0.8,
mt/set_18/ambiegen/test-97,2026-08-29T14:52:40.269504+00:00,2026-08-29T14:52:52.850995+00:00,12.5815,ok,0,stop,342,616,958,0.45,
mt/set_13/frenetic_v/test-890,2026-08-29T14:52:52.851039+00:00,2026-08-29T14:53:04.118172+00:00,11.267,ok,0,stop,342,542,884,0.7,
mt/set_9/frenetic_v/test-88,2026-08-29T14:53:04.118327+00:00,2026-08-29T14:53:19.094027+00:00,14.9757,ok,0,stop,343,715,1058,0.2,
mt/set_13/frenetic/test-314,2026-08-29T14:53:19.094098+00:00,2026-08-29T14:53:32.182174+00:00,13.088,ok,0,stop,341,621,962,0.6,
mt/set_9/ambiegen/test-79,2026-08-29T14:53:32.182243+00:00,2026-08-29T14:53:44.651818+00:00,12.4695,ok,0,stop,342,599,941,0.85,
mt/set_14/ambiegen/test-85,2026-08-29T14:53:44.651877+00:00,2026-08-29T14:53:59.444826+00:00,14.7929,ok,0,stop,342,706,1048,0.7,
mt/set_14/frenetic/test-444,2026-08-29T14:53:59.444894+00:00,2026-08-29T14:54:09.019993+00:00,9.5751,ok,0,stop,342,458,800,0.05,
mt/set_11/ambiegen/test-339,2026-08-29T14:54:09.020041+00:00,2026-08-29T14:54:21.917627+00:00,12.8976,ok,0,stop,342,612,954,0.1,
mt_set5/frenetic_v/test-128,2026-08-29T14:54:21.917679+00:00,2026-08-29T14:54:31.946084+00:00,10.0284,ok,0,stop,342,485,827,0.8,
mt/set_16/ambiegen/test-646,2026-08-29T14:54:31.946165+00:00,2026-08-29T14:54:43.870756+00:00,11.9246,ok,0,stop,342,580,922,0.7,
mt/set_10/frenetic/test-348,2026-08-29T14:54:43.870799+00:00,2026-08-29T14:54:56.733281+00:00,12.8624,ok,0,stop,341,605,946,0.65,
mt/set_9/frenetic/test-336,2026-08-29T14:54:56.733327+00:00,2026-08-29T14:55:09.911277+00:00,13.1779,ok,0,stop,341,548,889,0.75,
mt/set_16/frenetic_v/test-495,2026-08-29T14:55:09.911346+00:00,2026-08-29T14:55:23.704099+00:00,13.7927,ok,0,stop,342,672,1014,0.65,
mt/set_18/ambiegen/test-684,2026-08-29T14:55:23.704228+00:00,2026-08-29T14:55:34.815023+00:00,11.1108,ok,0,stop,342,540,882,0.4,
mt/set_17/ambiegen/test-418,2026-08-29T14:55:34.815074+00:00,2026-08-29T14:55:45.820014+00:00,11.0049,ok,0,stop,343,513,856,0.75,
mt/set_8/frenetic/odr/test-422,2026-08-29T14:55:45.820067+00:00,2026-08-29T14:55:56.464642+00:00,10.6445,ok,0,stop,341,515,856,0.8,
mt/set_7/frenetic_v/odr/test-154,2026-08-29T14:55:56.464695+00:00,2026-08-29T14:56:06.981392+00:00,10.5167,ok,0,stop,343,485,828,0.0,
mt/set_17/frenetic/test-188,2026-08-29T14:56:06.981441+00:00,2026-08-29T14:56:21.057796+00:00,14.0763,ok,0,stop,341,679,1020,0.65,
mt/set_16/ambiegen/test-718,2026-08-29T14:56:21.057868+00:00,2026-08-29T14:56:36.059939+00:00,15.002,ok,0,stop,343,719,1062,0.2,
mt/set_11/ambiegen/test-726,2026-08-29T14:56:36.059990+00:00,2026-08-29T14:56:47.045907+00:00,10.9859,ok,0,stop,342,526,868,0.7,
mt/set_14/frenetic/test-334,2026-08-29T14:56:47.045967+00:00,2026-08-29T14:57:00.531224+00:00,13.4852,ok,0,stop,341,639,980,0.6,
mt/set_9/ambiegen/test-707,2026-08-29T14:57:00.531306+00:00,2026-08-29T14:57:14.806651+00:00,14.2753,ok,0,stop,342,694,1036,0.75,
mt/set_12/frenetic/test-926,2026-08-29T14:57:14.806756+00:00,2026-08-29T14:57:25.731516+00:00,10.9247,ok,0,stop,342,512,854,0.15,
mt/set_12/ambiegen/test-754,2026-08-29T14:57:25.731589+00:00,2026-08-29T14:57:38.557884+00:00,12.8262,ok,0,stop,342,620,962,0.6,
mt/set_13/frenetic/test-626,2026-08-29T14:57:38.557950+00:00,2026-08-29T14:57:54.097799+00:00,15.5398,ok,0,stop,341,751,1092,0.6,
mt/set_9/ambiegen/test-58,2026-08-29T14:57:54.097857+00:00,2026-08-29T14:58:08.112539+00:00,14.0146,ok,0,stop,343,685,1028,0.7,
mt/set_2/ambiegen/odr/test-512,2026-08-29T14:58:08.112605+00:00,2026-08-29T14:58:19.584527+00:00,11.4719,ok,0,stop,343,536,879,0.3,
mt/set_14/frenetic/test-655,2026-08-29T14:58:19.584600+00:00,2026-08-29T14:58:32.915020+00:00,13.3304,ok,0,stop,342,650,992,0.6,
mt/set_8/ambiegen/odr/test-617,2026-08-29T14:58:32.915072+00:00,2026-08-29T14:58:44.483206+00:00,11.5681,ok,0,stop,342,538,880,0.3,
mt/set_16/ambiegen/test-99,2026-08-29T14:58:44.483255+00:00,2026-08-29T14:58:55.275004+00:00,10.7917,ok,0,stop,343,520,863,0.8,
mt/set_8/frenetic/odr/test-416,2026-08-29T14:58:55.275071+00:00,2026-08-29T14:59:05.444985+00:00,10.1699,ok,0,stop,342,490,832,0.0,
mt/set_10/frenetic_v/test-572,2026-08-29T14:59:05.445032+00:00,2026-08-29T14:59:18.341742+00:00,12.8967,ok,0,stop,342,608,950,0.45,
mt/set_13/frenetic/test-857,2026-08-29T14:59:18.341787+00:00,2026-08-29T14:59:33.571639+00:00,15.2298,ok,0,stop,342,733,1075,0.75,
mt/set_12/frenetic_v/test-680,2026-08-29T14:59:33.571692+00:00,2026-08-29T14:59:45.982263+00:00,12.4105,ok,0,stop,342,598,940,0.65,
mt/set_12/ambiegen/test-485,2026-08-29T14:59:45.982314+00:00,2026-08-29T14:59:55.148349+00:00,9.166,ok,0,stop,342,433,775,0.15,
mt/set_11/frenetic_v/test-859,2026-08-29T14:59:55.148398+00:00,2026-08-29T15:00:08.555895+00:00,13.4075,ok,0,stop,342,638,980,0.6,
mt/set_7/frenetic_v/odr/test-721,2026-08-29T15:00:08.555944+00:00,2026-08-29T15:00:19.264236+00:00,10.7083,ok,0,stop,343,504,847,0.2,
mt_set5/frenetic/test-474,2026-08-29T15:00:19.264284+00:00,2026-08-29T15:00:33.829060+00:00,14.5647,ok,0,stop,342,707,1049,0.3,
mt/set_12/ambiegen/test-930,2026-08-29T15:00:33.829135+00:00,2026-08-29T15:00:47.223735+00:00,13.3946,ok,0,stop,342,648,990,0.7,
mt/set_11/frenetic_v/test-54,2026-08-29T15:00:47.223808+00:00,2026-08-29T15:01:04.054056+00:00,16.8302,ok,0,stop,342,811,1153,0.65,
mt/set_11/frenetic_v/test-386,2026-08-29T15:01:04.054123+00:00,2026-08-29T15:01:15.488928+00:00,11.4348,ok,0,stop,343,537,880,0.6,
mt/set_12/frenetic/test-604,2026-08-29T15:01:15.488977+00:00,2026-08-29T15:01:27.763145+00:00,12.2741,ok,0,stop,341,586,927,0.6,
mt/set_14/ambiegen/test-267,2026-08-29T15:01:27.763199+00:00,2026-08-29T15:01:39.453889+00:00,11.6906,ok,0,stop,342,565,907,0.7,
mt/set_10/frenetic_v/test-451,2026-08-29T15:01:39.453958+00:00,2026-08-29T15:01:54.290208+00:00,14.8362,ok,0,stop,343,711,1054,0.2,
mt/set_12/ambiegen/test-345,2026-08-29T15:01:54.290276+00:00,2026-08-29T15:02:08.605545+00:00,14.3152,ok,0,stop,342,689,1031,0.8,
mt/set_14/frenetic_v/test-936,2026-08-29T15:02:08.605612+00:00,2026-08-29T15:02:21.975464+00:00,13.3698,ok,0,stop,343,643,986,0.8,
mt/set_2/ambiegen/odr/test-751,2026-08-29T15:02:21.975509+00:00,2026-08-29T15:02:33.351417+00:00,11.3759,ok,0,stop,343,553,896,0.35,
mt/set_12/ambiegen/test-285,2026-08-29T15:02:33.351473+00:00,2026-08-29T15:02:46.259571+00:00,12.9081,ok,0,stop,341,621,962,0.2,
mt_set5/ambiegen/test-240,2026-08-29T15:02:46.259627+00:00,2026-08-29T15:02:56.985977+00:00,10.7263,ok,0,stop,343,493,836,0.2,
mt/set_9/frenetic_v/test-469,2026-08-29T15:02:56.986023+00:00,2026-08-29T15:03:09.304176+00:00,12.3181,ok,0,stop,343,543,886,0.4,
mt/set_17/ambiegen/test-748,2026-08-29T15:03:09.304250+00:00,2026-08-29T15:03:21.159984+00:00,11.8557,ok,0,stop,342,557,899,0.85,
mt/set_16/ambiegen/test-352,2026-08-29T15:03:21.160034+00:00,2026-08-29T15:03:33.996490+00:00,12.8364,ok,0,stop,342,608,950,0.85,
mt/set_8/frenetic_v/odr/test-29,2026-08-29T15:03:33.996538+00:00,2026-08-29T15:03:45.551603+00:00,11.5549,ok,0,stop,342,548,890,0.4,
mt/set_9/ambiegen/test-505,2026-08-29T15:03:45.551940+00:00,2026-08-29T15:04:00.285969+00:00,14.734,ok,0,stop,343,711,1054,0.65,
mt/set_12/frenetic_v/test-660,2026-08-29T15:04:00.286015+00:00,2026-08-29T15:04:12.049890+00:00,11.7638,ok,0,stop,342,563,905,0.65,
mt_set5/frenetic/test-813,2026-08-29T15:04:12.049937+00:00,2026-08-29T15:04:21.949894+00:00,9.8999,ok,0,stop,342,438,780,0.05,
mt/set_7/ambiegen/odr/test-289,2026-08-29T15:04:21.949941+00:00,2026-08-29T15:04:34.609698+00:00,12.6597,ok,0,stop,342,622,964,0.6,
mt/set_7/frenetic_v/odr/test-341,2026-08-29T15:04:34.609743+00:00,2026-08-29T15:04:45.388464+00:00,10.7787,ok,0,stop,343,495,838,0.2,
mt/set_14/frenetic_v/test-655,2026-08-29T15:04:45.388512+00:00,2026-08-29T15:05:00.726951+00:00,15.3384,ok,0,stop,342,746,1088,0.85,
mt/set_12/frenetic_v/test-541,2026-08-29T15:05:00.727002+00:00,2026-08-29T15:05:10.854526+00:00,10.1274,ok,0,stop,343,480,823,0.05,
mt/set_8/ambiegen/odr/test-461,2026-08-29T15:05:10.854831+00:00,2026-08-29T15:05:22.513458+00:00,11.6586,ok,0,stop,342,554,896,0.4,
mt/set_8/frenetic/odr/test-624,2026-08-29T15:05:22.513512+00:00,2026-08-29T15:05:35.181639+00:00,12.6681,ok,0,stop,342,599,941,0.15,
mt/set_18/ambiegen/test-46,2026-08-29T15:05:35.181696+00:00,2026-08-29T15:05:49.563125+00:00,14.3814,ok,0,stop,342,703,1045,0.45,
mt/set_17/frenetic_v/test-411,2026-08-29T15:05:49.563182+00:00,2026-08-29T15:06:03.185163+00:00,13.6218,ok,0,stop,342,650,992,0.85,
mt/set_17/ambiegen/test-122,2026-08-29T15:06:03.185388+00:00,2026-08-29T15:06:16.616375+00:00,13.4309,ok,0,stop,343,654,997,0.3,
mt/set_17/ambiegen/test-544,2026-08-29T15:06:16.616432+00:00,2026-08-29T15:06:28.240133+00:00,11.6237,ok,0,stop,342,547,889,0.4,
mt/set_8/frenetic_v/odr/test-709,2026-08-29T15:06:28.240192+00:00,2026-08-29T15:06:38.877868+00:00,10.6376,ok,0,stop,343,500,843,0.6,
mt/set_13/ambiegen/test-93,2026-08-29T15:06:38.877915+00:00,2026-08-29T15:06:56.758593+00:00,17.8806,ok,0,stop,342,867,1209,0.65,
mt/set_17/ambiegen/test-493,2026-08-29T15:06:56.758660+00:00,2026-08-29T15:07:09.460540+00:00,12.7018,ok,0,stop,342,624,966,0.75,
mt/set_9/ambiegen/test-349,2026-08-29T15:07:09.460588+00:00,2026-08-29T15:07:20.520542+00:00,11.0599,ok,0,stop,342,511,853,0.05,
mt/set_11/frenetic/test-40,2026-08-29T15:07:20.520590+00:00,2026-08-29T15:07:34.972916+00:00,14.4523,ok,0,stop,341,698,1039,0.45,
mt/set_14/frenetic_v/test-129,2026-08-29T15:07:34.972978+00:00,2026-08-29T15:07:49.841178+00:00,14.8682,ok,0,stop,343,712,1055,0.75,
mt/set_2/ambiegen/odr/test-344,2026-08-29T15:07:49.841247+00:00,2026-08-29T15:08:02.047799+00:00,12.2065,ok,0,stop,342,589,931,0.15,
mt_set5/frenetic_v/test-13,2026-08-29T15:08:02.047853+00:00,2026-08-29T15:08:13.397888+00:00,11.35,ok,0,stop,343,527,870,0.15,
mt/set_10/ambiegen/test-765,2026-08-29T15:08:13.397938+00:00,2026-08-29T15:08:26.725432+00:00,13.3275,ok,0,stop,342,647,989,0.65,
mt_set5/frenetic_v/test-456,2026-08-29T15:08:26.725495+00:00,2026-08-29T15:08:36.216739+00:00,9.4912,ok,0,stop,343,456,799,0.15,
mt/set_18/frenetic/test-893,2026-08-29T15:08:36.216788+00:00,2026-08-29T15:08:50.132033+00:00,13.9152,ok,0,stop,342,660,1002,0.8,
mt/set_14/frenetic/test-826,2026-08-29T15:08:50.132090+00:00,2026-08-29T15:09:04.142144+00:00,14.01,ok,0,stop,342,666,1008,0.85,
mt/set_13/frenetic_v/test-458,2026-08-29T15:09:04.142196+00:00,2026-08-29T15:09:15.495969+00:00,11.3537,ok,0,stop,343,538,881,0.15,
mt/set_13/frenetic/test-49,2026-08-29T15:09:15.496033+00:00,2026-08-29T15:09:30.862260+00:00,15.3662,ok,0,stop,341,738,1079,0.85,
mt/set_14/frenetic/test-441,2026-08-29T15:09:30.862313+00:00,2026-08-29T15:09:44.709747+00:00,13.8474,ok,0,stop,342,679,1021,0.7,
mt/set_12/ambiegen/test-173,2026-08-29T15:09:44.709802+00:00,2026-08-29T15:09:59.069217+00:00,14.3594,ok,0,stop,343,682,1025,0.85,
mt_set5/ambiegen/test-48,2026-08-29T15:09:59.069290+00:00,2026-08-29T15:10:12.061268+00:00,12.9919,ok,0,stop,342,623,965,0.05,
mt/set_11/frenetic_v/test-673,2026-08-29T15:10:12.061315+00:00,2026-08-29T15:10:23.650460+00:00,11.5891,ok,0,stop,343,483,826,0.0,
mt/set_8/ambiegen/odr/test-723,2026-08-29T15:10:23.650550+00:00,2026-08-29T15:10:35.852620+00:00,12.202,ok,0,stop,342,592,934,0.4,
mt/set_10/frenetic/test-489,2026-08-29T15:10:35.852693+00:00,2026-08-29T15:10:50.750957+00:00,14.8982,ok,0,stop,341,707,1048,0.75,
mt/set_18/ambiegen/test-359,2026-08-29T15:10:50.751014+00:00,2026-08-29T15:11:03.641562+00:00,12.8905,ok,0,stop,341,619,960,0.1,
mt_set5/frenetic_v/test-79,2026-08-29T15:11:03.641617+00:00,2026-08-29T15:11:18.865164+00:00,15.2235,ok,0,stop,342,728,1070,0.3,
mt/set_14/frenetic/test-875,2026-08-29T15:11:18.865239+00:00,2026-08-29T15:11:31.272896+00:00,12.4076,ok,0,stop,342,604,946,0.3,
mt/set_10/frenetic/test-637,2026-08-29T15:11:31.272965+00:00,2026-08-29T15:11:42.256936+00:00,10.9839,ok,0,stop,342,487,829,0.15,
mt/set_16/frenetic/test-832,2026-08-29T15:11:42.256988+00:00,2026-08-29T15:11:55.600564+00:00,13.3435,ok,0,stop,342,604,946,0.65,
mt/set_12/ambiegen/test-646,2026-08-29T15:11:55.600615+00:00,2026-08-29T15:12:09.611503+00:00,14.0109,ok,0,stop,342,670,1012,0.4,
mt/set_7/frenetic/odr/test-150,2026-08-29T15:12:09.611548+00:00,2026-08-29T15:12:22.622898+00:00,13.0113,ok,0,stop,342,637,979,0.3,
mt/set_13/ambiegen/test-321,2026-08-29T15:12:22.622970+00:00,2026-08-29T15:12:35.679919+00:00,13.0569,ok,0,stop,342,600,942,0.05,
mt/set_16/ambiegen/test-329,2026-08-29T15:12:35.679991+00:00,2026-08-29T15:12:51.310610+00:00,15.6306,ok,0,stop,342,766,1108,0.75,
mt/set_17/frenetic/test-198,2026-08-29T15:12:51.310660+00:00,2026-08-29T15:13:03.684298+00:00,12.3736,ok,0,stop,341,581,922,0.4,
mt/set_9/frenetic/test-429,2026-08-29T15:13:03.684349+00:00,2026-08-29T15:13:13.142438+00:00,9.4581,ok,0,stop,342,448,790,0.05,
mt_set5/frenetic_v/test-710,2026-08-29T15:13:13.142486+00:00,2026-08-29T15:13:23.035279+00:00,9.8928,ok,0,stop,343,453,796,0.0,
mt/set_11/frenetic_v/test-797,2026-08-29T15:13:23.035337+00:00,2026-08-29T15:13:33.324421+00:00,10.2891,ok,0,stop,343,487,830,0.0,
mt/set_14/ambiegen/test-222,2026-08-29T15:13:33.324473+00:00,2026-08-29T15:13:42.253891+00:00,8.9294,ok,0,stop,342,418,760,0.6,
mt/set_14/frenetic/test-187,2026-08-29T15:13:42.253957+00:00,2026-08-29T15:13:54.030165+00:00,11.7762,ok,0,stop,341,559,900,0.6,
mt/set_11/ambiegen/test-406,2026-08-29T15:13:54.030211+00:00,2026-08-29T15:14:07.656660+00:00,13.6263,ok,0,stop,342,654,996,0.45,
mt/set_18/frenetic_v/test-191,2026-08-29T15:14:07.656923+00:00,2026-08-29T15:14:18.467861+00:00,10.8109,ok,0,stop,343,507,850,0.0,
mt/set_9/ambiegen/test-734,2026-08-29T15:14:18.467936+00:00,2026-08-29T15:14:33.173639+00:00,14.7057,ok,0,stop,342,715,1057,0.65,
mt/set_9/frenetic_v/test-720,2026-08-29T15:14:33.173691+00:00,2026-08-29T15:14:46.332571+00:00,13.1588,ok,0,stop,343,623,966,0.4,
mt/set_2/ambiegen/odr/test-289,2026-08-29T15:14:46.332622+00:00,2026-08-29T15:14:59.080809+00:00,12.7481,ok,0,stop,342,608,950,0.8,
mt_set5/frenetic/test-515,2026-08-29T15:14:59.081012+00:00,2026-08-29T15:15:11.053000+00:00,11.9719,ok,0,stop,341,579,920,0.15,
mt/set_14/frenetic_v/test-625,2026-08-29T15:15:11.053054+00:00,2026-08-29T15:15:22.132411+00:00,11.0793,ok,0,stop,343,534,877,0.05,
mt/set_14/frenetic/test-673,2026-08-29T15:15:22.132463+00:00,2026-08-29T15:15:35.823936+00:00,13.6914,ok,0,stop,341,645,986,0.6,
mt/set_14/frenetic_v/test-458,2026-08-29T15:15:35.823992+00:00,2026-08-29T15:15:51.089578+00:00,15.2656,ok,0,stop,343,736,1079,0.6,
mt/set_8/frenetic_v/odr/test-636,2026-08-29T15:15:51.089626+00:00,2026-08-29T15:16:03.263466+00:00,12.1738,ok,0,stop,342,589,931,0.4,
mt/set_12/frenetic_v/test-241,2026-08-29T15:16:03.263511+00:00,2026-08-29T15:16:14.843885+00:00,11.5803,ok,0,stop,342,560,902,0.6,
mt_set5/ambiegen/test-315,2026-08-29T15:16:14.843955+00:00,2026-08-29T15:16:25.919685+00:00,11.0757,ok,0,stop,342,514,856,0.75,
mt/set_10/ambiegen/test-920,2026-08-29T15:16:25.919755+00:00,2026-08-29T15:16:39.427222+00:00,13.5074,ok,0,stop,342,663,1005,0.6,
mt/set_10/frenetic_v/test-76,2026-08-29T15:16:39.427274+00:00,2026-08-29T15:16:53.881055+00:00,14.4537,ok,0,stop,343,685,1028,0.2,
mt/set_13/ambiegen/test-121,2026-08-29T15:16:53.881126+00:00,2026-08-29T15:17:06.852819+00:00,12.9716,ok,0,stop,342,627,969,0.45,
mt/set_7/frenetic_v/odr/test-169,2026-08-29T15:17:06.852886+00:00,2026-08-29T15:17:18.572649+00:00,11.7197,ok,0,stop,343,553,896,0.2,
mt/set_14/frenetic_v/test-612,2026-08-29T15:17:18.572695+00:00,2026-08-29T15:17:30.569696+00:00,11.997,ok,0,stop,342,582,924,0.35,
mt/set_16/ambiegen/test-744,2026-08-29T15:17:30.569744+00:00,2026-08-29T15:17:41.823163+00:00,11.2534,ok,0,stop,342,521,863,0.65,
mt/set_13/frenetic/test-617,2026-08-29T15:17:41.823210+00:00,2026-08-29T15:17:51.298626+00:00,9.4754,ok,0,stop,342,447,789,0.05,
mt/set_18/ambiegen/test-341,2026-08-29T15:17:51.298729+00:00,2026-08-29T15:18:04.404169+00:00,13.1054,ok,0,stop,342,637,979,0.3,
mt/set_10/ambiegen/test-922,2026-08-29T15:18:04.404236+00:00,2026-08-29T15:18:18.882156+00:00,14.4779,ok,0,stop,342,696,1038,0.75,
mt/set_17/frenetic/test-694,2026-08-29T15:18:18.882203+00:00,2026-08-29T15:18:31.608602+00:00,12.7264,ok,0,stop,342,588,930,0.3,
mt/set_13/frenetic_v/test-102,2026-08-29T15:18:31.608646+00:00,2026-08-29T15:18:48.933817+00:00,17.3251,ok,0,stop,343,852,1195,0.2,
mt/set_10/frenetic/test-611,2026-08-29T15:18:48.933860+00:00,2026-08-29T15:19:02.541217+00:00,13.6073,ok,0,stop,341,636,977,0.7,
mt/set_11/frenetic_v/test-187,2026-08-29T15:19:02.541273+00:00,2026-08-29T15:19:16.323435+00:00,13.7821,ok,0,stop,342,676,1018,0.6,
mt/set_8/frenetic_v/odr/test-558,2026-08-29T15:19:16.323481+00:00,2026-08-29T15:19:26.239173+00:00,9.9157,ok,0,stop,343,450,793,0.05,
mt/set_8/frenetic_v/odr/test-215,2026-08-29T15:19:26.239218+00:00,2026-08-29T15:19:36.070152+00:00,9.8309,ok,0,stop,343,414,757,0.05,
mt/set_14/frenetic_v/test-535,2026-08-29T15:19:36.070207+00:00,2026-08-29T15:19:46.081863+00:00,10.0116,ok,0,stop,343,478,821,0.1,
mt/set_16/ambiegen/test-300,2026-08-29T15:19:46.081923+00:00,2026-08-29T15:19:58.609342+00:00,12.5274,ok,0,stop,341,586,927,0.3,
mt/set_16/ambiegen/test-731,2026-08-29T15:19:58.609389+00:00,2026-08-29T15:20:11.088072+00:00,12.4787,ok,0,stop,342,586,928,0.75,
mt/set_9/frenetic_v/test-404,2026-08-29T15:20:11.088119+00:00,2026-08-29T15:20:22.465521+00:00,11.3774,ok,0,stop,343,478,821,0.0,
mt/set_16/frenetic_v/test-371,2026-08-29T15:20:22.465584+00:00,2026-08-29T15:20:37.069371+00:00,14.6037,ok,0,stop,342,707,1049,0.85,
mt/set_8/ambiegen/odr/test-455,2026-08-29T15:20:37.069421+00:00,2026-08-29T15:20:48.567260+00:00,11.4978,ok,0,stop,342,542,884,0.6,
mt/set_8/frenetic/odr/test-529,2026-08-29T15:20:48.567314+00:00,2026-08-29T15:21:01.291136+00:00,12.7235,ok,0,stop,341,612,953,0.65,
mt/set_6/frenetic_v/test-376,2026-08-29T15:21:01.291477+00:00,2026-08-29T15:21:12.503379+00:00,11.2119,ok,0,stop,343,513,856,0.6,
mt_set5/ambiegen/test-964,2026-08-29T15:21:12.503437+00:00,2026-08-29T15:21:25.204128+00:00,12.7007,ok,0,stop,341,613,954,0.15,
mt/set_17/frenetic_v/test-59,2026-08-29T15:21:25.204190+00:00,2026-08-29T15:21:39.067395+00:00,13.8632,ok,0,stop,343,658,1001,0.65,
mt/set_9/frenetic/test-468,2026-08-29T15:21:39.067449+00:00,2026-08-29T15:21:53.145612+00:00,14.0781,ok,0,stop,342,678,1020,0.75,
mt/set_11/ambiegen/test-558,2026-08-29T15:21:53.145803+00:00,2026-08-29T15:22:08.349724+00:00,15.2039,ok,0,stop,342,745,1087,0.3,
mt/set_9/ambiegen/test-825,2026-08-29T15:22:08.349789+00:00,2026-08-29T15:22:21.069102+00:00,12.7193,ok,0,stop,342,619,961,0.45,
mt/set_9/frenetic_v/test-210,2026-08-29T15:22:21.069175+00:00,2026-08-29T15:22:33.700441+00:00,12.6312,ok,0,stop,343,590,933,0.2,
mt/set_8/frenetic/odr/test-118,2026-08-29T15:22:33.700490+00:00,2026-08-29T15:22:49.409546+00:00,15.709,ok,0,stop,341,745,1086,0.75,
mt/set_13/frenetic/test-853,2026-08-29T15:22:49.409608+00:00,2026-08-29T15:22:59.354683+00:00,9.945,ok,0,stop,341,481,822,0.1,
mt/set_8/frenetic/odr/test-322,2026-08-29T15:22:59.354742+00:00,2026-08-29T15:23:15.015812+00:00,15.661,ok,0,stop,341,769,1110,0.65,
mt/set_16/frenetic_v/test-521,2026-08-29T15:23:15.015859+00:00,2026-08-29T15:23:28.408229+00:00,13.3923,ok,0,stop,342,639,981,0.85,
mt/set_8/frenetic_v/odr/test-567,2026-08-29T15:23:28.408300+00:00,2026-08-29T15:23:38.421294+00:00,10.0129,ok,0,stop,343,465,808,0.1,
mt_set5/frenetic_v/test-137,2026-08-29T15:23:38.421366+00:00,2026-08-29T15:23:52.825565+00:00,14.4042,ok,0,stop,342,697,1039,0.65,
mt/set_8/ambiegen/odr/test-209,2026-08-29T15:23:52.825620+00:00,2026-08-29T15:24:03.414369+00:00,10.5887,ok,0,stop,342,504,846,0.8,
mt/set_8/ambiegen/odr/test-217,2026-08-29T15:24:03.414416+00:00,2026-08-29T15:24:16.612513+00:00,13.1981,ok,0,stop,342,623,965,0.2,
mt/set_13/ambiegen/test-140,2026-08-29T15:24:16.612583+00:00,2026-08-29T15:24:29.962028+00:00,13.3494,ok,0,stop,342,644,986,0.4,
mt/set_10/frenetic_v/test-713,2026-08-29T15:24:29.962098+00:00,2026-08-29T15:24:41.981371+00:00,12.0192,ok,0,stop,342,578,920,0.4,
mt/set_11/ambiegen/test-680,2026-08-29T15:24:41.981424+00:00,2026-08-29T15:24:54.168715+00:00,12.1873,ok,0,stop,342,577,919,0.4,
mt/set_17/frenetic/test-761,2026-08-29T15:24:54.168765+00:00,2026-08-29T15:25:08.399220+00:00,14.2304,ok,0,stop,341,682,1023,0.4,
mt/set_11/frenetic/test-168,2026-08-29T15:25:08.399268+00:00,2026-08-29T15:25:21.593674+00:00,13.1944,ok,0,stop,342,633,975,0.35,
mt/set_9/ambiegen/test-747,2026-08-29T15:25:21.593717+00:00,2026-08-29T15:25:33.148702+00:00,11.5549,ok,0,stop,342,551,893,0.65,
mt/set_16/frenetic_v/test-863,2026-08-29T15:25:33.148772+00:00,2026-08-29T15:25:43.961237+00:00,10.8124,ok,0,stop,343,520,863,0.0,
mt/set_7/ambiegen/odr/test-426,2026-08-29T15:25:43.961287+00:00,2026-08-29T15:26:00.896438+00:00,16.9351,ok,0,stop,342,817,1159,0.85,
mt/set_16/frenetic_v/test-504,2026-08-29T15:26:00.896486+00:00,2026-08-29T15:26:12.264966+00:00,11.3683,ok,0,stop,342,539,881,0.8,
mt/set_12/ambiegen/test-722,2026-08-29T15:26:12.265171+00:00,2026-08-29T15:26:24.652429+00:00,12.3872,ok,0,stop,342,551,893,0.2,
mt/set_18/frenetic/test-27,2026-08-29T15:26:24.652501+00:00,2026-08-29T15:26:38.322952+00:00,13.6704,ok,0,stop,342,663,1005,0.15,
mt_set5/frenetic_v/test-434,2026-08-29T15:26:38.323021+00:00,2026-08-29T15:26:51.987430+00:00,13.6644,ok,0,stop,342,652,994,0.35,
mt/set_11/frenetic/test-633,2026-08-29T15:26:51.987474+00:00,2026-08-29T15:27:01.099056+00:00,9.1115,ok,0,stop,342,439,781,0.7,
mt/set_13/frenetic/test-888,2026-08-29T15:27:01.099098+00:00,2026-08-29T15:27:15.424703+00:00,14.3256,ok,0,stop,342,652,994,0.85,
mt/set_11/frenetic_v/test-914,2026-08-29T15:27:15.424773+00:00,2026-08-29T15:27:26.716833+00:00,11.292,ok,0,stop,343,541,884,0.1,
mt/set_16/frenetic_v/test-10,2026-08-29T15:27:26.716893+00:00,2026-08-29T15:27:43.693304+00:00,16.9764,ok,0,stop,342,794,1136,0.85,
mt/set_10/frenetic/test-595,2026-08-29T15:27:43.693375+00:00,2026-08-29T15:27:56.694888+00:00,13.0015,ok,0,stop,341,626,967,0.6,
mt/set_10/ambiegen/test-160,2026-08-29T15:27:56.694957+00:00,2026-08-29T15:28:08.217896+00:00,11.5229,ok,0,stop,343,541,884,0.0,
mt/set_17/ambiegen/test-823,2026-08-29T15:28:08.217958+00:00,2026-08-29T15:28:20.630337+00:00,12.4123,ok,0,stop,342,605,947,0.8,
mt/set_8/frenetic_v/odr/test-583,2026-08-29T15:28:20.630385+00:00,2026-08-29T15:28:32.572267+00:00,11.9418,ok,0,stop,343,558,901,0.75,
mt/set_16/ambiegen/test-286,2026-08-29T15:28:32.572320+00:00,2026-08-29T15:28:45.563721+00:00,12.9914,ok,0,stop,343,636,979,0.35,
mt/set_13/ambiegen/test-312,2026-08-29T15:28:45.563770+00:00,2026-08-29T15:28:58.577885+00:00,13.0141,ok,0,stop,342,613,955,0.75,
mt/set_7/frenetic/odr/test-383,2026-08-29T15:28:58.577938+00:00,2026-08-29T15:29:11.797353+00:00,13.2194,ok,0,stop,341,639,980,0.2,
mt/set_13/ambiegen/test-581,2026-08-29T15:29:11.797410+00:00,2026-08-29T15:29:23.925401+00:00,12.128,ok,0,stop,342,565,907,0.75,
mt/set_13/ambiegen/test-929,2026-08-29T15:29:23.925458+00:00,2026-08-29T15:29:36.757187+00:00,12.8317,ok,0,stop,341,627,968,0.3,
mt/set_10/ambiegen/test-757,2026-08-29T15:29:36.757244+00:00,2026-08-29T15:29:48.213322+00:00,11.456,ok,0,stop,343,541,884,0.85,
mt/set_11/frenetic/test-506,2026-08-29T15:29:48.213380+00:00,2026-08-29T15:30:02.203115+00:00,13.9897,ok,0,stop,342,685,1027,0.75,
mt/set_11/frenetic/test-384,2026-08-29T15:30:02.203174+00:00,2026-08-29T15:30:16.338250+00:00,14.135,ok,0,stop,342,670,1012,0.65,
mt_set5/frenetic/test-566,2026-08-29T15:30:16.338298+00:00,2026-08-29T15:30:27.590339+00:00,11.252,ok,0,stop,342,547,889,0.6,
mt/set_17/frenetic_v/test-539,2026-08-29T15:30:27.590402+00:00,2026-08-29T15:30:41.039022+00:00,13.4485,ok,0,stop,343,624,967,0.4,
mt_set5/frenetic_v/test-77,2026-08-29T15:30:41.039120+00:00,2026-08-29T15:30:53.505259+00:00,12.4661,ok,0,stop,343,609,952,0.15,
mt/set_16/frenetic/test-687,2026-08-29T15:30:53.505308+00:00,2026-08-29T15:31:07.576184+00:00,14.0708,ok,0,stop,341,670,1011,0.85,
mt/set_16/frenetic_v/test-530,2026-08-29T15:31:07.576252+00:00,2026-08-29T15:31:17.229774+00:00,9.6535,ok,0,stop,343,461,804,0.0,
mt/set_17/frenetic/test-781,2026-08-29T15:31:17.229819+00:00,2026-08-29T15:31:30.923118+00:00,13.6933,ok,0,stop,342,644,986,0.6,
mt/set_16/ambiegen/test-30,2026-08-29T15:31:30.923162+00:00,2026-08-29T15:31:40.318126+00:00,9.3949,ok,0,stop,342,446,788,0.1,
mt/set_12/frenetic/test-768,2026-08-29T15:31:40.318170+00:00,2026-08-29T15:31:51.400798+00:00,11.0826,ok,0,stop,342,533,875,0.0,
mt/set_8/frenetic/odr/test-507,2026-08-29T15:31:51.400845+00:00,2026-08-29T15:32:03.587619+00:00,12.1867,ok,0,stop,342,573,915,0.35,
mt/set_8/ambiegen/odr/test-953,2026-08-29T15:32:03.587674+00:00,2026-08-29T15:32:15.735736+00:00,12.148,ok,0,stop,342,571,913,0.45,
mt/set_10/ambiegen/test-563,2026-08-29T15:32:15.735805+00:00,2026-08-29T15:32:26.233787+00:00,10.4979,ok,0,stop,343,499,842,0.1,
mt/set_17/ambiegen/test-840,2026-08-29T15:32:26.233845+00:00,2026-08-29T15:32:42.766758+00:00,16.5329,ok,0,stop,342,814,1156,0.6,
mt/set_8/frenetic_v/odr/test-86,2026-08-29T15:32:42.766805+00:00,2026-08-29T15:32:56.703701+00:00,13.9369,ok,0,stop,343,668,1011,0.2,
mt/set_8/frenetic/odr/test-663,2026-08-29T15:32:56.703751+00:00,2026-08-29T15:33:10.533019+00:00,13.8292,ok,0,stop,341,661,1002,0.8,
mt/set_2/ambiegen/odr/test-627,2026-08-29T15:33:10.533067+00:00,2026-08-29T15:33:21.497838+00:00,10.9647,ok,0,stop,343,488,831,0.65,
mt/set_13/frenetic/test-56,2026-08-29T15:33:21.497883+00:00,2026-08-29T15:33:32.294159+00:00,10.7962,ok,0,stop,342,506,848,0.0,
mt_set5/frenetic_v/test-854,2026-08-29T15:33:32.294226+00:00,2026-08-29T15:33:52.128569+00:00,19.8343,ok,0,stop,343,960,1303,0.15,
mt/set_10/frenetic/test-630,2026-08-29T15:33:52.128611+00:00,2026-08-29T15:34:07.325347+00:00,15.1967,ok,0,stop,342,719,1061,0.3,
mt/set_7/frenetic_v/odr/test-937,2026-08-29T15:34:07.325413+00:00,2026-08-29T15:34:21.316452+00:00,13.991,ok,0,stop,343,672,1015,0.15,
mt/set_10/frenetic_v/test-718,2026-08-29T15:34:21.316510+00:00,2026-08-29T15:34:34.608143+00:00,13.2916,ok,0,stop,343,628,971,0.0,
mt/set_9/frenetic_v/test-679,2026-08-29T15:34:34.608189+00:00,2026-08-29T15:34:48.251823+00:00,13.6436,ok,0,stop,342,666,1008,0.7,
mt/set_17/frenetic_v/test-717,2026-08-29T15:34:48.251894+00:00,2026-08-29T15:34:59.945954+00:00,11.694,ok,0,stop,342,544,886,0.65,
mt/set_13/frenetic_v/test-351,2026-08-29T15:34:59.946033+00:00,2026-08-29T15:35:09.255393+00:00,9.3093,ok,0,stop,343,440,783,0.0,
mt_set5/ambiegen/test-249,2026-08-29T15:35:09.255441+00:00,2026-08-29T15:35:25.416082+00:00,16.1606,ok,0,stop,342,774,1116,0.3,
mt/set_8/frenetic/odr/test-686,2026-08-29T15:35:25.416126+00:00,2026-08-29T15:35:39.845943+00:00,14.4298,ok,0,stop,341,700,1041,0.45,
mt/set_10/frenetic/test-535,2026-08-29T15:35:39.845989+00:00,2026-08-29T15:35:52.400063+00:00,12.554,ok,0,stop,341,592,933,0.6,
mt/set_7/ambiegen/odr/test-762,2026-08-29T15:35:52.400140+00:00,2026-08-29T15:36:05.692958+00:00,13.2928,ok,0,stop,342,644,986,0.65,
mt/set_7/frenetic_v/odr/test-556,2026-08-29T15:36:05.693019+00:00,2026-08-29T15:36:18.119853+00:00,12.4268,ok,0,stop,343,581,924,0.6,
mt/set_9/frenetic/test-755,2026-08-29T15:36:18.119899+00:00,2026-08-29T15:36:28.574233+00:00,10.4543,ok,0,stop,342,510,852,0.2,
mt/set_12/frenetic_v/test-638,2026-08-29T15:36:28.574278+00:00,2026-08-29T15:36:39.673570+00:00,11.0993,ok,0,stop,343,491,834,0.0,
mt/set_9/frenetic/test-16,2026-08-29T15:36:39.673612+00:00,2026-08-29T15:36:51.033433+00:00,11.3598,ok,0,stop,341,542,883,0.75,
mt_set5/frenetic_v/test-149,2026-08-29T15:36:51.033484+00:00,2026-08-29T15:37:04.760201+00:00,13.7267,ok,0,stop,343,667,1010,0.85,
mt/set_9/ambiegen/test-208,2026-08-29T15:37:04.760249+00:00,2026-08-29T15:37:22.771853+00:00,18.0116,ok,0,stop,342,876,1218,0.25,
mt/set_9/frenetic_v/test-378,2026-08-29T15:37:22.771896+00:00,2026-08-29T15:37:34.234614+00:00,11.4627,ok,0,stop,343,535,878,0.15,
mt/set_7/ambiegen/odr/test-86,2026-08-29T15:37:34.234662+00:00,2026-08-29T15:37:45.029203+00:00,10.7945,ok,0,stop,342,521,863,0.8,
mt/set_16/frenetic/test-931,2026-08-29T15:37:45.029248+00:00,2026-08-29T15:37:57.921583+00:00,12.8923,ok,0,stop,342,631,973,0.75,
mt_set6/frenetic/test-310,2026-08-29T15:37:57.921639+00:00,2026-08-29T15:38:12.689010+00:00,14.7673,ok,0,stop,341,710,1051,0.8,
mt/set_8/frenetic/odr/test-410,2026-08-29T15:38:12.689062+00:00,2026-08-29T15:38:26.610779+00:00,13.9217,ok,0,stop,342,657,999,0.8,
mt/set_7/frenetic/odr/test-624,2026-08-29T15:38:26.610826+00:00,2026-08-29T15:38:40.281745+00:00,13.6709,ok,0,stop,341,661,1002,0.6,
mt_set6/frenetic/test-173,2026-08-29T15:38:40.281789+00:00,2026-08-29T15:38:54.958365+00:00,14.6765,ok,0,stop,341,706,1047,0.45,
mt/set_10/frenetic_v/test-260,2026-08-29T15:38:54.958411+00:00,2026-08-29T15:39:09.792000+00:00,14.8336,ok,0,stop,342,729,1071,0.4,
mt/set_12/ambiegen/test-748,2026-08-29T15:39:09.792044+00:00,2026-08-29T15:39:25.481326+00:00,15.6892,ok,0,stop,342,727,1069,0.85,
mt/set_17/frenetic/test-549,2026-08-29T15:39:25.481372+00:00,2026-08-29T15:39:36.755377+00:00,11.274,ok,0,stop,342,540,882,0.1,
mt/set_11/ambiegen/test-667,2026-08-29T15:39:36.755426+00:00,2026-08-29T15:39:49.008120+00:00,12.2527,ok,0,stop,342,574,916,0.2,
mt/set_11/ambiegen/test-754,2026-08-29T15:39:49.008166+00:00,2026-08-29T15:40:00.597397+00:00,11.5892,ok,0,stop,342,559,901,0.3,
mt_set5/frenetic/test-213,2026-08-29T15:40:00.597447+00:00,2026-08-29T15:40:17.055142+00:00,16.4577,ok,0,stop,341,789,1130,0.85,
mt_set5/frenetic_v/test-813,2026-08-29T15:40:17.055184+00:00,2026-08-29T15:40:28.882772+00:00,11.8276,ok,0,stop,342,571,913,0.75,
mt_set5/frenetic/test-361,2026-08-29T15:40:28.882835+00:00,2026-08-29T15:40:41.264972+00:00,12.3821,ok,0,stop,341,586,927,0.75,
mt/set_14/frenetic_v/test-416,2026-08-29T15:40:41.265022+00:00,2026-08-29T15:40:55.114282+00:00,13.8492,ok,0,stop,343,661,1004,0.85,
mt/set_6/frenetic_v/test-868,2026-08-29T15:40:55.114352+00:00,2026-08-29T15:41:08.892308+00:00,13.7779,ok,0,stop,342,670,1012,0.75,
mt/set_11/ambiegen/test-146,2026-08-29T15:41:08.892356+00:00,2026-08-29T15:41:22.566343+00:00,13.674,ok,0,stop,342,662,1004,0.75,
mt/set_12/frenetic_v/test-691,2026-08-29T15:41:22.566390+00:00,2026-08-29T15:41:33.676880+00:00,11.1105,ok,0,stop,343,523,866,0.05,
mt/set_17/frenetic/test-538,2026-08-29T15:41:33.676928+00:00,2026-08-29T15:41:44.348585+00:00,10.6716,ok,0,stop,341,520,861,0.75,
mt/set_9/ambiegen/test-630,2026-08-29T15:41:44.348633+00:00,2026-08-29T15:42:02.313992+00:00,17.9653,ok,0,stop,342,872,1214,0.85,
mt/set_10/frenetic/test-283,2026-08-29T15:42:02.314036+00:00,2026-08-29T15:42:14.031926+00:00,11.7179,ok,0,stop,342,563,905,0.2,
mt/set_9/frenetic/test-36,2026-08-29T15:42:14.031976+00:00,2026-08-29T15:42:27.211514+00:00,13.1795,ok,0,stop,341,619,960,0.3,
mt/set_12/frenetic_v/test-262,2026-08-29T15:42:27.211571+00:00,2026-08-29T15:42:38.975138+00:00,11.7635,ok,0,stop,342,546,888,0.85,
mt/set_2/ambiegen/odr/test-749,2026-08-29T15:42:38.975191+00:00,2026-08-29T15:42:49.457478+00:00,10.4822,ok,0,stop,342,502,844,0.2,
mt/set_16/ambiegen/test-153,2026-08-29T15:42:49.457563+00:00,2026-08-29T15:43:01.514925+00:00,12.0573,ok,0,stop,342,582,924,0.2,
mt/set_18/ambiegen/test-703,2026-08-29T15:43:01.514970+00:00,2026-08-29T15:43:14.684309+00:00,13.1693,ok,0,stop,342,626,968,0.65,
mt/set_18/ambiegen/test-326,2026-08-29T15:43:14.684354+00:00,2026-08-29T15:43:26.191533+00:00,11.5071,ok,0,stop,342,559,901,0.65,
mt/set_16/frenetic/test-929,2026-08-29T15:43:26.191573+00:00,2026-08-29T15:43:39.050199+00:00,12.8586,ok,0,stop,341,603,944,0.8,
mt/set_18/frenetic_v/test-29,2026-08-29T15:43:39.050246+00:00,2026-08-29T15:43:50.379881+00:00,11.3296,ok,0,stop,343,538,881,0.75,
mt/set_12/frenetic/test-617,2026-08-29T15:43:50.379948+00:00,2026-08-29T15:44:01.403404+00:00,11.0234,ok,0,stop,341,537,878,0.6,
mt/set_16/frenetic_v/test-820,2026-08-29T15:44:01.403474+00:00,2026-08-29T15:44:14.184606+00:00,12.7811,ok,0,stop,343,603,946,0.6,
mt/set_14/frenetic/test-891,2026-08-29T15:44:14.184648+00:00,2026-08-29T15:44:27.185577+00:00,13.0009,ok,0,stop,342,623,965,0.65,
mt/set_8/frenetic/odr/test-787,2026-08-29T15:44:27.185623+00:00,2026-08-29T15:44:43.649963+00:00,16.4643,ok,0,stop,342,709,1051,0.6,
mt/set_11/frenetic/test-640,2026-08-29T15:44:43.650008+00:00,2026-08-29T15:45:01.366183+00:00,17.7161,ok,0,stop,342,863,1205,0.7,
mt/set_10/frenetic_v/test-316,2026-08-29T15:45:01.366230+00:00,2026-08-29T15:45:17.484248+00:00,16.118,ok,0,stop,343,779,1122,0.55,
mt/set_17/ambiegen/test-910,2026-08-29T15:45:17.484323+00:00,2026-08-29T15:45:32.941682+00:00,15.4573,ok,0,stop,342,753,1095,0.6,
mt/set_12/frenetic/test-501,2026-08-29T15:45:32.941725+00:00,2026-08-29T15:45:43.609855+00:00,10.6681,ok,0,stop,341,512,853,0.8,
mt/set_12/frenetic/test-247,2026-08-29T15:45:43.609924+00:00,2026-08-29T15:45:56.948005+00:00,13.338,ok,0,stop,342,632,974,0.6,
mt_set5/frenetic_v/test-759,2026-08-29T15:45:56.948055+00:00,2026-08-29T15:46:10.912283+00:00,13.9642,ok,0,stop,342,664,1006,0.8,
mt/set_8/frenetic_v/odr/test-669,2026-08-29T15:46:10.912340+00:00,2026-08-29T15:46:19.940287+00:00,9.0279,ok,0,stop,343,420,763,0.05,
mt/set_12/ambiegen/test-207,2026-08-29T15:46:19.940342+00:00,2026-08-29T15:46:31.705188+00:00,11.7648,ok,0,stop,343,567,910,0.2,
mt/set_17/frenetic_v/test-654,2026-08-29T15:46:31.705237+00:00,2026-08-29T15:46:48.180919+00:00,16.4756,ok,0,stop,343,789,1132,0.65,
mt/set_10/ambiegen/test-537,2026-08-29T15:46:48.180980+00:00,2026-08-29T15:46:58.861064+00:00,10.68,ok,0,stop,342,496,838,0.15,
mt/set_18/ambiegen/test-152,2026-08-29T15:46:58.861121+00:00,2026-08-29T15:47:09.333565+00:00,10.4724,ok,0,stop,343,502,845,0.2,
mt/set_17/frenetic/test-138,2026-08-29T15:47:09.333632+00:00,2026-08-29T15:47:20.186136+00:00,10.8525,ok,0,stop,341,523,864,0.6,
mt_set5/frenetic_v/test-29,2026-08-29T15:47:20.186184+00:00,2026-08-29T15:47:36.435976+00:00,16.2497,ok,0,stop,343,784,1127,0.6,
mt/set_13/frenetic_v/test-802,2026-08-29T15:47:36.436043+00:00,2026-08-29T15:47:47.808612+00:00,11.3725,ok,0,stop,343,544,887,0.15,
mt/set_6/frenetic_v/test-619,2026-08-29T15:47:47.808678+00:00,2026-08-29T15:48:05.136508+00:00,17.3278,ok,0,stop,343,839,1182,0.4,
mt/set_13/frenetic/test-304,2026-08-29T15:48:05.136579+00:00,2026-08-29T15:48:21.319408+00:00,16.1828,ok,0,stop,341,796,1137,0.65,
mt/set_18/ambiegen/test-2,2026-08-29T15:48:21.319453+00:00,2026-08-29T15:48:31.023589+00:00,9.7041,ok,0,stop,342,441,783,0.0,
mt/set_9/frenetic_v/test-781,2026-08-29T15:48:31.023648+00:00,2026-08-29T15:48:43.532494+00:00,12.5088,ok,0,stop,342,582,924,0.7,
mt/set_6/frenetic_v/test-384,2026-08-29T15:48:43.532544+00:00,2026-08-29T15:48:55.585343+00:00,12.0528,ok,0,stop,343,586,929,0.85,
mt_set5/ambiegen/test-225,2026-08-29T15:48:55.585395+00:00,2026-08-29T15:49:06.984688+00:00,11.3993,ok,0,stop,342,549,891,0.85,
mt/set_11/frenetic_v/test-807,2026-08-29T15:49:06.984745+00:00,2026-08-29T15:49:17.535304+00:00,10.5505,ok,0,stop,342,490,832,0.15,
mt/set_13/frenetic/test-25,2026-08-29T15:49:17.535374+00:00,2026-08-29T15:49:30.781145+00:00,13.2457,ok,0,stop,342,652,994,0.7,
mt/set_10/frenetic_v/test-281,2026-08-29T15:49:30.781209+00:00,2026-08-29T15:49:43.946961+00:00,13.1657,ok,0,stop,342,603,945,0.65,
mt_set5/ambiegen/test-737,2026-08-29T15:49:43.947029+00:00,2026-08-29T15:49:55.367426+00:00,11.4204,ok,0,stop,342,550,892,0.1,
mt/set_9/ambiegen/test-447,2026-08-29T15:49:55.367485+00:00,2026-08-29T15:50:06.526370+00:00,11.1588,ok,0,stop,342,527,869,0.6,
mt/set_8/ambiegen/odr/test-483,2026-08-29T15:50:06.526457+00:00,2026-08-29T15:50:17.278224+00:00,10.7517,ok,0,stop,342,519,861,0.15,
mt_set5/ambiegen/test-352,2026-08-29T15:50:17.278276+00:00,2026-08-29T15:50:33.211414+00:00,15.9331,ok,0,stop,342,761,1103,0.2,
mt_set6/frenetic/test-934,2026-08-29T15:50:33.211472+00:00,2026-08-29T15:50:45.216841+00:00,12.0053,ok,0,stop,341,586,927,0.45,
mt/set_10/frenetic_v/test-32,2026-08-29T15:50:45.216886+00:00,2026-08-29T15:50:57.012264+00:00,11.7952,ok,0,stop,343,562,905,0.1,
mt/set_14/frenetic_v/test-229,2026-08-29T15:50:57.012508+00:00,2026-08-29T15:51:11.848940+00:00,14.8364,ok,0,stop,343,613,956,0.7,
mt/set_13/frenetic_v/test-912,2026-08-29T15:51:11.849004+00:00,2026-08-29T15:51:22.311041+00:00,10.462,ok,0,stop,343,490,833,0.0,
mt/set_13/ambiegen/test-299,2026-08-29T15:51:22.311087+00:00,2026-08-29T15:51:34.131028+00:00,11.8199,ok,0,stop,343,561,904,0.15,
mt_set5/frenetic/test-763,2026-08-29T15:51:34.131089+00:00,2026-08-29T15:51:46.374973+00:00,12.2438,ok,0,stop,342,600,942,0.3,
mt/set_13/frenetic/test-886,2026-08-29T15:51:46.375041+00:00,2026-08-29T15:51:57.093777+00:00,10.7187,ok,0,stop,342,499,841,0.15,
mt/set_10/frenetic_v/test-670,2026-08-29T15:51:57.093824+00:00,2026-08-29T15:52:09.115104+00:00,12.0212,ok,0,stop,343,567,910,0.7,
mt/set_18/frenetic/test-147,2026-08-29T15:52:09.115209+00:00,2026-08-29T15:52:22.623363+00:00,13.5081,ok,0,stop,341,663,1004,0.6,
mt/set_7/ambiegen/odr/test-235,2026-08-29T15:52:22.623432+00:00,2026-08-29T15:52:35.036685+00:00,12.4132,ok,0,stop,342,596,938,0.6,
mt/set_7/frenetic_v/odr/test-302,2026-08-29T15:52:35.036757+00:00,2026-08-29T15:52:48.918609+00:00,13.8818,ok,0,stop,343,660,1003,0.25,
mt/set_16/frenetic_v/test-20,2026-08-29T15:52:48.918675+00:00,2026-08-29T15:53:00.137999+00:00,11.2193,ok,0,stop,343,522,865,0.1,
mt/set_11/frenetic/test-872,2026-08-29T15:53:00.138079+00:00,2026-08-29T15:53:09.904289+00:00,9.7662,ok,0,stop,342,458,800,0.05,
mt/set_7/frenetic/odr/test-11,2026-08-29T15:53:09.904336+00:00,2026-08-29T15:53:23.954638+00:00,14.0503,ok,0,stop,342,688,1030,0.15,
mt/set_16/frenetic/test-720,2026-08-29T15:53:23.954716+00:00,2026-08-29T15:53:38.368416+00:00,14.4137,ok,0,stop,341,692,1033,0.7,
mt/set_7/ambiegen/odr/test-845,2026-08-29T15:53:38.368482+00:00,2026-08-29T15:53:50.893668+00:00,12.5252,ok,0,stop,342,590,932,0.6,
mt/set_16/ambiegen/test-564,2026-08-29T15:53:50.893714+00:00,2026-08-29T15:54:04.835343+00:00,13.9416,ok,0,stop,342,671,1013,0.35,
mt_set5/frenetic_v/test-877,2026-08-29T15:54:04.835404+00:00,2026-08-29T15:54:21.478729+00:00,16.6433,ok,0,stop,343,814,1157,0.6,
mt/set_12/frenetic_v/test-764,2026-08-29T15:54:21.478804+00:00,2026-08-29T15:54:33.421009+00:00,11.9422,ok,0,stop,342,560,902,0.7,
mt/set_8/ambiegen/odr/test-410,2026-08-29T15:54:33.421080+00:00,2026-08-29T15:54:48.339872+00:00,14.9187,ok,0,stop,342,712,1054,0.85,
mt/set_11/frenetic_v/test-787,2026-08-29T15:54:48.339929+00:00,2026-08-29T15:55:01.686814+00:00,13.3468,ok,0,stop,343,643,986,0.6,
mt/set_13/frenetic_v/test-95,2026-08-29T15:55:01.686884+00:00,2026-08-29T15:55:12.699515+00:00,11.0126,ok,0,stop,343,535,878,0.2,
mt_set5/ambiegen/test-723,2026-08-29T15:55:12.699565+00:00,2026-08-29T15:55:24.778998+00:00,12.0794,ok,0,stop,342,565,907,0.6,
mt/set_9/frenetic_v/test-935,2026-08-29T15:55:24.779067+00:00,2026-08-29T15:55:37.458336+00:00,12.6792,ok,0,stop,342,599,941,0.6,
mt_set5/frenetic/test-827,2026-08-29T15:55:37.458401+00:00,2026-08-29T15:55:52.742225+00:00,15.2838,ok,0,stop,341,744,1085,0.6,
mt_set5/ambiegen/test-136,2026-08-29T15:55:52.742275+00:00,2026-08-29T15:56:08.723590+00:00,15.9813,ok,0,stop,343,770,1113,0.6,
mt/set_11/ambiegen/test-729,2026-08-29T15:56:08.723652+00:00,2026-08-29T15:56:20.666806+00:00,11.9431,ok,0,stop,342,576,918,0.2,
mt/set_11/frenetic_v/test-747,2026-08-29T15:56:20.666853+00:00,2026-08-29T15:56:35.252470+00:00,14.5856,ok,0,stop,343,688,1031,0.4,
mt/set_7/frenetic_v/odr/test-589,2026-08-29T15:56:35.252548+00:00,2026-08-29T15:56:48.369882+00:00,13.1173,ok,0,stop,343,632,975,0.15,
mt/set_12/frenetic/test-23,2026-08-29T15:56:48.369926+00:00,2026-08-29T15:57:01.448131+00:00,13.0782,ok,0,stop,341,622,963,0.75,
mt/set_10/frenetic/test-517,2026-08-29T15:57:01.448178+00:00,2026-08-29T15:57:15.938013+00:00,14.4898,ok,0,stop,342,713,1055,0.75,
mt/set_13/ambiegen/test-100,2026-08-29T15:57:15.938074+00:00,2026-08-29T15:57:28.797846+00:00,12.8597,ok,0,stop,342,609,951,0.4,
mt/set_12/frenetic/test-902,2026-08-29T15:57:28.797913+00:00,2026-08-29T15:57:39.193711+00:00,10.3958,ok,0,stop,341,498,839,0.6,
mt/set_2/ambiegen/odr/test-682,2026-08-29T15:57:39.193761+00:00,2026-08-29T15:57:54.201982+00:00,15.0082,ok,0,stop,342,725,1067,0.75,
mt/set_11/frenetic_v/test-733,2026-08-29T15:57:54.202049+00:00,2026-08-29T15:58:06.228979+00:00,12.0269,ok,0,stop,343,585,928,0.15,
mt/set_7/ambiegen/odr/test-363,2026-08-29T15:58:06.229030+00:00,2026-08-29T15:58:17.541698+00:00,11.3126,ok,0,stop,341,522,863,0.05,
mt_set6/frenetic/test-659,2026-08-29T15:58:17.541743+00:00,2026-08-29T15:58:28.937565+00:00,11.3958,ok,0,stop,342,537,879,0.15,
mt_set5/ambiegen/test-843,2026-08-29T15:58:28.937610+00:00,2026-08-29T15:58:42.038440+00:00,13.1008,ok,0,stop,342,638,980,0.75,
mt/set_7/frenetic_v/odr/test-506,2026-08-29T15:58:42.038508+00:00,2026-08-29T15:58:58.615136+00:00,16.5766,ok,0,stop,342,720,1062,0.75,
mt_set5/frenetic/test-738,2026-08-29T15:58:58.615206+00:00,2026-08-29T15:59:11.779111+00:00,13.1638,ok,0,stop,342,597,939,0.95,
mt_set5/frenetic_v/test-559,2026-08-29T15:59:11.779190+00:00,2026-08-29T15:59:23.675436+00:00,11.8962,ok,0,stop,343,572,915,0.15,
mt/set_11/frenetic/test-544,2026-08-29T15:59:23.675481+00:00,2026-08-29T15:59:35.260170+00:00,11.5846,ok,0,stop,342,559,901,0.2,
mt_set6/frenetic/test-276,2026-08-29T15:59:35.260339+00:00,2026-08-29T15:59:49.846572+00:00,14.5862,ok,0,stop,342,687,1029,0.7,
mt/set_8/frenetic/odr/test-373,2026-08-29T15:59:49.846623+00:00,2026-08-29T16:00:03.825830+00:00,13.9792,ok,0,stop,342,652,994,0.6,
mt/set_10/frenetic/test-545,2026-08-29T16:00:03.825877+00:00,2026-08-29T16:00:15.634296+00:00,11.8084,ok,0,stop,342,566,908,0.1,
mt/set_18/frenetic/test-454,2026-08-29T16:00:15.634344+00:00,2026-08-29T16:00:27.295403+00:00,11.661,ok,0,stop,342,563,905,0.2,
mt/set_11/frenetic_v/test-553,2026-08-29T16:00:27.295537+00:00,2026-08-29T16:00:39.584707+00:00,12.2891,ok,0,stop,343,491,834,0.0,
mt_set5/frenetic_v/test-109,2026-08-29T16:00:39.584753+00:00,2026-08-29T16:00:59.933831+00:00,20.349,ok,0,stop,343,994,1337,0.2,
mt/set_18/frenetic_v/test-157,2026-08-29T16:00:59.933876+00:00,2026-08-29T16:01:10.756562+00:00,10.8227,ok,0,stop,342,523,865,0.7,
mt/set_16/frenetic/test-306,2026-08-29T16:01:10.756611+00:00,2026-08-29T16:01:23.069514+00:00,12.3129,ok,0,stop,342,579,921,0.6,
mt_set5/frenetic/test-433,2026-08-29T16:01:23.069581+00:00,2026-08-29T16:01:35.053272+00:00,11.9837,ok,0,stop,342,581,923,0.15,
mt/set_16/frenetic_v/test-88,2026-08-29T16:01:35.053320+00:00,2026-08-29T16:01:47.702608+00:00,12.6493,ok,0,stop,342,596,938,0.85,
mt/set_9/frenetic/test-5,2026-08-29T16:01:47.702656+00:00,2026-08-29T16:01:59.484073+00:00,11.7814,ok,0,stop,342,577,919,0.15,
mt/set_14/ambiegen/test-49,2026-08-29T16:01:59.484138+00:00,2026-08-29T16:02:10.677694+00:00,11.1934,ok,0,stop,342,540,882,0.2,
mt/set_16/frenetic_v/test-182,2026-08-29T16:02:10.677937+00:00,2026-08-29T16:02:26.080950+00:00,15.403,ok,0,stop,342,730,1072,0.6,
mt/set_8/frenetic_v/odr/test-930,2026-08-29T16:02:26.080995+00:00,2026-08-29T16:02:38.895547+00:00,12.8145,ok,0,stop,343,601,944,0.15,
mt/set_16/frenetic/test-213,2026-08-29T16:02:38.895629+00:00,2026-08-29T16:02:51.959208+00:00,13.0635,ok,0,stop,342,634,976,0.8,
mt/set_17/frenetic/test-751,2026-08-29T16:02:51.959276+00:00,2026-08-29T16:03:06.002443+00:00,14.0431,ok,0,stop,342,666,1008,0.35,
mt/set_18/ambiegen/test-404,2026-08-29T16:03:06.002483+00:00,2026-08-29T16:03:16.912456+00:00,10.9099,ok,0,stop,342,528,870,0.7,
mt/set_11/frenetic_v/test-67,2026-08-29T16:03:16.912502+00:00,2026-08-29T16:03:28.480670+00:00,11.5681,ok,0,stop,343,534,877,0.1,
mt/set_17/ambiegen/test-540,2026-08-29T16:03:28.480714+00:00,2026-08-29T16:03:38.348228+00:00,9.8673,ok,0,stop,341,467,808,0.05,
mt/set_18/frenetic_v/test-234,2026-08-29T16:03:38.348537+00:00,2026-08-29T16:03:52.005930+00:00,13.6573,ok,0,stop,342,674,1016,0.65,
mt/set_11/frenetic_v/test-742,2026-08-29T16:03:52.005994+00:00,2026-08-29T16:04:03.988626+00:00,11.9826,ok,0,stop,343,557,900,0.05,
mt/set_8/ambiegen/odr/test-515,2026-08-29T16:04:03.988677+00:00,2026-08-29T16:04:16.554292+00:00,12.5656,ok,0,stop,342,594,936,0.3,
mt/set_17/frenetic_v/test-538,2026-08-29T16:04:16.554345+00:00,2026-08-29T16:04:27.588748+00:00,11.0344,ok,0,stop,343,530,873,0.0,
mt/set_18/frenetic/test-509,2026-08-29T16:04:27.588796+00:00,2026-08-29T16:04:41.319139+00:00,13.7303,ok,0,stop,341,668,1009,0.75,
mt/set_14/frenetic/test-277,2026-08-29T16:04:41.319187+00:00,2026-08-29T16:04:56.655150+00:00,15.3359,ok,0,stop,342,734,1076,0.6,
mt/set_7/frenetic_v/odr/test-412,2026-08-29T16:04:56.655200+00:00,2026-08-29T16:05:07.513189+00:00,10.8579,ok,0,stop,343,506,849,0.6,
mt/set_7/ambiegen/odr/test-784,2026-08-29T16:05:07.513269+00:00,2026-08-29T16:05:18.714535+00:00,11.2012,ok,0,stop,342,537,879,0.65,
mt/set_13/ambiegen/test-20,2026-08-29T16:05:18.714593+00:00,2026-08-29T16:05:30.413309+00:00,11.6987,ok,0,stop,342,554,896,0.2,
mt/set_18/frenetic/test-865,2026-08-29T16:05:30.413379+00:00,2026-08-29T16:05:41.959960+00:00,11.5465,ok,0,stop,341,547,888,0.15,
mt/set_2/ambiegen/odr/test-92,2026-08-29T16:05:41.959998+00:00,2026-08-29T16:05:56.278726+00:00,14.3187,ok,0,stop,342,703,1045,0.6,
mt/set_13/frenetic_v/test-774,2026-08-29T16:05:56.278772+00:00,2026-08-29T16:06:08.557227+00:00,12.2784,ok,0,stop,343,562,905,0.7,
mt/set_16/ambiegen/test-638,2026-08-29T16:06:08.557269+00:00,2026-08-29T16:06:25.247571+00:00,16.6903,ok,0,stop,342,821,1163,0.35,
mt/set_12/ambiegen/test-787,2026-08-29T16:06:25.247640+00:00,2026-08-29T16:06:37.305388+00:00,12.0577,ok,0,stop,342,564,906,0.6,
mt/set_16/ambiegen/test-656,2026-08-29T16:06:37.305434+00:00,2026-08-29T16:06:51.457831+00:00,14.1523,ok,0,stop,342,674,1016,0.6,
mt/set_18/frenetic/test-369,2026-08-29T16:06:51.457911+00:00,2026-08-29T16:07:03.024059+00:00,11.5661,ok,0,stop,342,565,907,0.6,
mt/set_8/frenetic/odr/test-206,2026-08-29T16:07:03.024104+00:00,2026-08-29T16:07:18.194464+00:00,15.1703,ok,0,stop,342,746,1088,0.25,
mt/set_10/frenetic/test-902,2026-08-29T16:07:18.194529+00:00,2026-08-29T16:07:31.571069+00:00,13.3765,ok,0,stop,342,639,981,0.45,
mt/set_17/ambiegen/test-566,2026-08-29T16:07:31.571116+00:00,2026-08-29T16:07:43.025047+00:00,11.4539,ok,0,stop,343,537,880,0.1,
mt/set_10/ambiegen/test-302,2026-08-29T16:07:43.025099+00:00,2026-08-29T16:07:59.174299+00:00,16.1492,ok,0,stop,342,733,1075,0.6,
mt/set_9/ambiegen/test-130,2026-08-29T16:07:59.174345+00:00,2026-08-29T16:08:10.485912+00:00,11.3115,ok,0,stop,343,546,889,0.3,
mt/set_12/frenetic/test-100,2026-08-29T16:08:10.485957+00:00,2026-08-29T16:08:22.607312+00:00,12.1213,ok,0,stop,341,573,914,0.85,
mt/set_12/frenetic_v/test-751,2026-08-29T16:08:22.607357+00:00,2026-08-29T16:08:39.479611+00:00,16.8722,ok,0,stop,343,818,1161,0.2,
mt/set_11/ambiegen/test-450,2026-08-29T16:08:39.479655+00:00,2026-08-29T16:08:51.074560+00:00,11.5949,ok,0,stop,342,556,898,0.45,
mt/set_9/frenetic_v/test-785,2026-08-29T16:08:51.074615+00:00,2026-08-29T16:09:10.847471+00:00,19.7728,ok,0,stop,342,962,1304,0.35,
mt/set_18/ambiegen/test-528,2026-08-29T16:09:10.847538+00:00,2026-08-29T16:09:22.553958+00:00,11.7064,ok,0,stop,342,564,906,0.3,
mt/set_13/ambiegen/test-843,2026-08-29T16:09:22.554003+00:00,2026-08-29T16:09:35.980989+00:00,13.4269,ok,0,stop,342,612,954,0.7,
mt/set_16/frenetic/test-498,2026-08-29T16:09:35.981065+00:00,2026-08-29T16:09:55.182934+00:00,19.2018,ok,0,stop,341,952,1293,0.6,
mt/set_18/frenetic/test-174,2026-08-29T16:09:55.183002+00:00,2026-08-29T16:10:08.672984+00:00,13.4899,ok,0,stop,341,638,979,0.85,
mt/set_9/frenetic/test-858,2026-08-29T16:10:08.673055+00:00,2026-08-29T16:10:22.891607+00:00,14.2185,ok,0,stop,341,676,1017,0.6,
mt/set_11/frenetic/test-927,2026-08-29T16:10:22.891654+00:00,2026-08-29T16:10:36.323008+00:00,13.4313,ok,0,stop,342,648,990,0.7,
mt/set_7/frenetic/odr/test-896,2026-08-29T16:10:36.323062+00:00,2026-08-29T16:10:49.996440+00:00,13.6733,ok,0,stop,341,652,993,0.75,
mt_set5/frenetic/test-818,2026-08-29T16:10:49.996483+00:00,2026-08-29T16:11:02.643099+00:00,12.6466,ok,0,stop,341,617,958,0.65,
mt/set_9/ambiegen/test-18,2026-08-29T16:11:02.643145+00:00,2026-08-29T16:11:13.506376+00:00,10.8632,ok,0,stop,342,504,846,0.0,
mt/set_16/ambiegen/test-942,2026-08-29T16:11:13.506449+00:00,2026-08-29T16:11:27.131562+00:00,13.6251,ok,0,stop,342,658,1000,0.85,
mt/set_10/frenetic_v/test-808,2026-08-29T16:11:27.131607+00:00,2026-08-29T16:11:39.542530+00:00,12.4109,ok,0,stop,342,599,941,0.6,
mt/set_18/frenetic/test-797,2026-08-29T16:11:39.542574+00:00,2026-08-29T16:11:50.918818+00:00,11.3762,ok,0,stop,341,508,849,0.7,
mt_set6/frenetic/test-126,2026-08-29T16:11:50.918863+00:00,2026-08-29T16:12:01.883244+00:00,10.9643,ok,0,stop,342,510,852,0.05,
mt/set_6/frenetic_v/test-265,2026-08-29T16:12:01.883291+00:00,2026-08-29T16:12:14.078443+00:00,12.1951,ok,0,stop,343,593,936,0.3,
mt_set6/frenetic/test-492,2026-08-29T16:12:14.078486+00:00,2026-08-29T16:12:26.724091+00:00,12.6456,ok,0,stop,341,618,959,0.75,
mt/set_17/frenetic_v/test-552,2026-08-29T16:12:26.724146+00:00,2026-08-29T16:12:36.461707+00:00,9.7375,ok,0,stop,343,449,792,0.05,
mt/set_10/ambiegen/test-455,2026-08-29T16:12:36.461754+00:00,2026-08-29T16:12:46.385120+00:00,9.9233,ok,0,stop,342,472,814,0.05,
mt/set_14/frenetic_v/test-487,2026-08-29T16:12:46.385215+00:00,2026-08-29T16:12:59.632078+00:00,13.2468,ok,0,stop,342,620,962,0.65,
mt/set_12/frenetic_v/test-807,2026-08-29T16:12:59.632162+00:00,2026-08-29T16:13:14.676248+00:00,15.044,ok,0,stop,342,735,1077,0.85,
mt_set6/frenetic/test-120,2026-08-29T16:13:14.676314+00:00,2026-08-29T16:13:26.545324+00:00,11.869,ok,0,stop,342,553,895,0.85,
mt/set_13/frenetic/test-94,2026-08-29T16:13:26.545397+00:00,2026-08-29T16:13:36.048657+00:00,9.5032,ok,0,stop,342,449,791,0.0,
mt/set_18/frenetic/test-256,2026-08-29T16:13:36.048721+00:00,2026-08-29T16:13:48.575192+00:00,12.5264,ok,0,stop,341,591,932,0.3,
mt/set_7/ambiegen/odr/test-331,2026-08-29T16:13:48.575242+00:00,2026-08-29T16:14:04.179775+00:00,15.6045,ok,0,stop,342,761,1103,0.6,
mt/set_17/frenetic/test-548,2026-08-29T16:14:04.179813+00:00,2026-08-29T16:14:16.733254+00:00,12.5534,ok,0,stop,341,597,938,0.75,
mt/set_17/ambiegen/test-608,2026-08-29T16:14:16.733300+00:00,2026-08-29T16:14:28.327737+00:00,11.5944,ok,0,stop,342,564,906,0.15,
mt/set_12/frenetic_v/test-620,2026-08-29T16:14:28.327783+00:00,2026-08-29T16:14:39.364433+00:00,11.0366,ok,0,stop,342,518,860,0.6,
mt/set_16/frenetic/test-672,2026-08-29T16:14:39.364478+00:00,2026-08-29T16:14:50.608827+00:00,11.2443,ok,0,stop,342,538,880,0.1,
mt/set_7/frenetic_v/odr/test-254,2026-08-29T16:14:50.608875+00:00,2026-08-29T16:15:04.262854+00:00,13.6539,ok,0,stop,343,666,1009,0.4,
mt/set_10/frenetic_v/test-715,2026-08-29T16:15:04.262899+00:00,2026-08-29T16:15:17.471724+00:00,13.2088,ok,0,stop,342,624,966,0.7,
mt/set_13/frenetic/test-175,2026-08-29T16:15:17.471765+00:00,2026-08-29T16:15:29.253552+00:00,11.7818,ok,0,stop,341,558,899,0.7,
mt_set6/frenetic/test-536,2026-08-29T16:15:29.253600+00:00,2026-08-29T16:15:40.358646+00:00,11.105,ok,0,stop,341,534,875,0.7,
mt/set_16/frenetic_v/test-776,2026-08-29T16:15:40.358703+00:00,2026-08-29T16:15:52.024019+00:00,11.6653,ok,0,stop,343,560,903,0.2,
mt/set_18/frenetic_v/test-7,2026-08-29T16:15:52.024067+00:00,2026-08-29T16:16:04.634221+00:00,12.6101,ok,0,stop,343,590,933,0.15,
mt/set_16/frenetic/test-810,2026-08-29T16:16:04.634290+00:00,2026-08-29T16:16:14.171883+00:00,9.5376,ok,0,stop,342,459,801,0.7,
mt/set_17/frenetic_v/test-202,2026-08-29T16:16:14.171930+00:00,2026-08-29T16:16:27.803841+00:00,13.6319,ok,0,stop,343,641,984,0.15,
mt/set_8/ambiegen/odr/test-347,2026-08-29T16:16:27.803910+00:00,2026-08-29T16:16:41.874364+00:00,14.0704,ok,0,stop,342,561,903,0.2,
mt_set5/frenetic/test-745,2026-08-29T16:16:41.874414+00:00,2026-08-29T16:16:54.838578+00:00,12.9641,ok,0,stop,341,609,950,0.75,
mt/set_2/ambiegen/odr/test-34,2026-08-29T16:16:54.838624+00:00,2026-08-29T16:17:08.236068+00:00,13.3974,ok,0,stop,342,652,994,0.35,
mt/set_10/ambiegen/test-339,2026-08-29T16:17:08.236113+00:00,2026-08-29T16:17:20.067158+00:00,11.831,ok,0,stop,342,523,865,0.7,
mt/set_8/frenetic/odr/test-841,2026-08-29T16:17:20.067223+00:00,2026-08-29T16:17:34.483668+00:00,14.4164,ok,0,stop,341,709,1050,0.85,
mt/set_2/ambiegen/odr/test-335,2026-08-29T16:17:34.483713+00:00,2026-08-29T16:17:47.328072+00:00,12.8443,ok,0,stop,341,605,946,0.2,
mt/set_12/frenetic/test-670,2026-08-29T16:17:47.328117+00:00,2026-08-29T16:17:58.232657+00:00,10.9045,ok,0,stop,341,525,866,0.0,
mt/set_11/frenetic/test-390,2026-08-29T16:17:58.232695+00:00,2026-08-29T16:18:15.660045+00:00,17.4273,ok,0,stop,341,839,1180,0.65,
mt/set_8/frenetic_v/odr/test-417,2026-08-29T16:18:15.660093+00:00,2026-08-29T16:18:26.851971+00:00,11.1918,ok,0,stop,343,535,878,0.1,
mt/set_6/frenetic_v/test-646,2026-08-29T16:18:26.852032+00:00,2026-08-29T16:18:41.925409+00:00,15.0733,ok,0,stop,343,725,1068,0.4,
mt/set_13/frenetic_v/test-783,2026-08-29T16:18:41.925462+00:00,2026-08-29T16:18:53.285157+00:00,11.3595,ok,0,stop,342,529,871,0.85,
mt/set_7/frenetic/odr/test-124,2026-08-29T16:18:53.285457+00:00,2026-08-29T16:19:05.827276+00:00,12.5418,ok,0,stop,341,607,948,0.65,
mt/set_14/frenetic_v/test-846,2026-08-29T16:19:05.827324+00:00,2026-08-29T16:19:22.772976+00:00,16.9456,ok,0,stop,342,830,1172,0.75,
mt/set_9/frenetic_v/test-426,2026-08-29T16:19:22.773034+00:00,2026-08-29T16:19:40.122157+00:00,17.3491,ok,0,stop,343,839,1182,0.8,
mt/set_11/frenetic/test-129,2026-08-29T16:19:40.122207+00:00,2026-08-29T16:19:50.527829+00:00,10.4056,ok,0,stop,342,479,821,0.05,
mt/set_14/ambiegen/test-218,2026-08-29T16:19:50.527878+00:00,2026-08-29T16:20:03.583053+00:00,13.0551,ok,0,stop,342,638,980,0.6,
mt_set5/frenetic_v/test-255,2026-08-29T16:20:03.583105+00:00,2026-08-29T16:20:17.696727+00:00,14.0955,ok,0,stop,342,673,1015,0.2,
mt/set_18/ambiegen/test-262,2026-08-29T16:20:17.697161+00:00,2026-08-29T16:20:30.900904+00:00,13.2037,ok,0,stop,341,638,979,0.25,
mt/set_17/frenetic/test-352,2026-08-29T16:20:30.900969+00:00,2026-08-29T16:20:45.179813+00:00,14.2788,ok,0,stop,341,683,1024,0.85,
mt/set_12/frenetic/test-889,2026-08-29T16:20:45.179898+00:00,2026-08-29T16:20:56.975833+00:00,11.7959,ok,0,stop,342,569,911,0.7,
mt/set_8/frenetic/odr/test-650,2026-08-29T16:20:56.975882+00:00,2026-08-29T16:21:10.359094+00:00,13.3832,ok,0,stop,341,642,983,0.85,
mt/set_11/frenetic_v/test-350,2026-08-29T16:21:10.359165+00:00,2026-08-29T16:21:22.166782+00:00,11.8076,ok,0,stop,343,571,914,0.6,
mt/set_10/ambiegen/test-884,2026-08-29T16:21:22.166851+00:00,2026-08-29T16:21:37.216323+00:00,15.0494,ok,0,stop,343,712,1055,0.3,
mt/set_14/ambiegen/test-775,2026-08-29T16:21:37.216368+00:00,2026-08-29T16:21:46.867013+00:00,9.6506,ok,0,stop,343,465,808,0.6,
mt/set_6/frenetic_v/test-900,2026-08-29T16:21:46.867087+00:00,2026-08-29T16:22:00.954178+00:00,14.087,ok,0,stop,343,683,1026,0.35,
mt/set_7/frenetic/odr/test-372,2026-08-29T16:22:00.954364+00:00,2026-08-29T16:22:13.660864+00:00,12.7065,ok,0,stop,341,612,953,0.4,
mt/set_14/ambiegen/test-808,2026-08-29T16:22:13.660913+00:00,2026-08-29T16:22:26.198516+00:00,12.5376,ok,0,stop,342,510,852,0.6,
mt/set_9/frenetic_v/test-11,2026-08-29T16:22:26.198587+00:00,2026-08-29T16:22:37.666463+00:00,11.4678,ok,0,stop,343,547,890,0.3,
mt/set_7/frenetic/odr/test-208,2026-08-29T16:22:37.666519+00:00,2026-08-29T16:22:50.202811+00:00,12.5363,ok,0,stop,342,612,954,0.85,
mt/set_14/ambiegen/test-312,2026-08-29T16:22:50.202867+00:00,2026-08-29T16:23:04.885479+00:00,14.6826,ok,0,stop,342,697,1039,0.3,
mt/set_13/ambiegen/test-536,2026-08-29T16:23:04.885522+00:00,2026-08-29T16:23:15.717653+00:00,10.8321,ok,0,stop,342,504,846,0.8,
mt/set_18/frenetic/test-683,2026-08-29T16:23:15.717700+00:00,2026-08-29T16:23:27.523320+00:00,11.8056,ok,0,stop,341,567,908,0.3,
mt/set_16/ambiegen/test-4,2026-08-29T16:23:27.523378+00:00,2026-08-29T16:23:42.268252+00:00,14.7448,ok,0,stop,342,647,989,0.6,
mt/set_13/frenetic/test-75,2026-08-29T16:23:42.268318+00:00,2026-08-29T16:23:57.424096+00:00,15.1557,ok,0,stop,341,587,928,0.7,
mt/set_9/frenetic/test-504,2026-08-29T16:23:57.424170+00:00,2026-08-29T16:24:09.178205+00:00,11.754,ok,0,stop,342,551,893,0.8,
mt/set_12/frenetic/test-756,2026-08-29T16:24:09.178257+00:00,2026-08-29T16:24:21.136602+00:00,11.9583,ok,0,stop,342,576,918,0.35,
mt_set5/frenetic_v/test-206,2026-08-29T16:24:21.136651+00:00,2026-08-29T16:24:32.703293+00:00,11.5666,ok,0,stop,343,553,896,0.15,
mt/set_8/ambiegen/odr/test-358,2026-08-29T16:24:32.703338+00:00,2026-08-29T16:24:46.126050+00:00,13.4227,ok,0,stop,342,642,984,0.85,
mt/set_8/frenetic_v/odr/test-178,2026-08-29T16:24:46.126106+00:00,2026-08-29T16:24:56.899549+00:00,10.7734,ok,0,stop,343,502,845,0.6,
mt/set_8/frenetic_v/odr/test-239,2026-08-29T16:24:56.899617+00:00,2026-08-29T16:25:20.145643+00:00,23.246,ok,0,stop,342,1156,1498,0.3,
mt/set_8/frenetic/odr/test-252,2026-08-29T16:25:20.145698+00:00,2026-08-29T16:25:33.219674+00:00,13.0739,ok,0,stop,341,623,964,0.75,
mt/set_14/ambiegen/test-865,2026-08-29T16:25:33.219733+00:00,2026-08-29T16:25:46.450274+00:00,13.2305,ok,0,stop,342,651,993,0.75,
mt/set_12/frenetic_v/test-932,2026-08-29T16:25:46.450324+00:00,2026-08-29T16:25:58.259039+00:00,11.8087,ok,0,stop,343,546,889,0.75,
mt_set5/ambiegen/test-658,2026-08-29T16:25:58.259099+00:00,2026-08-29T16:26:11.493370+00:00,13.2342,ok,0,stop,342,647,989,0.3,
mt_set5/frenetic/test-146,2026-08-29T16:26:11.493421+00:00,2026-08-29T16:26:25.648082+00:00,14.1546,ok,0,stop,342,674,1016,0.05,
mt/set_17/ambiegen/test-350,2026-08-29T16:26:25.648128+00:00,2026-08-29T16:26:36.022400+00:00,10.3742,ok,0,stop,343,492,835,0.05,
mt/set_7/frenetic_v/odr/test-734,2026-08-29T16:26:36.022447+00:00,2026-08-29T16:26:47.648030+00:00,11.6255,ok,0,stop,342,534,876,0.85,
mt/set_16/ambiegen/test-625,2026-08-29T16:26:47.648104+00:00,2026-08-29T16:27:00.629417+00:00,12.9813,ok,0,stop,342,621,963,0.85,
mt/set_16/frenetic/test-776,2026-08-29T16:27:00.629468+00:00,2026-08-29T16:27:17.738304+00:00,17.1088,ok,0,stop,341,836,1177,0.6,
mt/set_10/ambiegen/test-275,2026-08-29T16:27:17.738350+00:00,2026-08-29T16:27:33.291858+00:00,15.5535,ok,0,stop,342,747,1089,0.75,
mt/set_13/frenetic_v/test-139,2026-08-29T16:27:33.291932+00:00,2026-08-29T16:27:46.825879+00:00,13.5339,ok,0,stop,342,654,996,0.75,
mt/set_11/ambiegen/test-918,2026-08-29T16:27:46.825931+00:00,2026-08-29T16:27:57.344255+00:00,10.5183,ok,0,stop,342,502,844,0.05,
mt/set_6/frenetic_v/test-815,2026-08-29T16:27:57.344313+00:00,2026-08-29T16:28:09.382138+00:00,12.0378,ok,0,stop,342,569,911,0.6,
mt/set_8/frenetic_v/odr/test-483,2026-08-29T16:28:09.382178+00:00,2026-08-29T16:28:22.406227+00:00,13.024,ok,0,stop,342,640,982,0.45,
mt/set_2/ambiegen/odr/test-835,2026-08-29T16:28:22.406281+00:00,2026-08-29T16:28:35.620722+00:00,13.2144,ok,0,stop,342,625,967,0.65,
mt_set5/frenetic_v/test-407,2026-08-29T16:28:35.620769+00:00,2026-08-29T16:28:48.649309+00:00,13.0285,ok,0,stop,342,624,966,0.6,
mt/set_18/ambiegen/test-155,2026-08-29T16:28:48.649358+00:00,2026-08-29T16:28:58.584502+00:00,9.9351,ok,0,stop,342,465,807,0.0,
mt/set_13/ambiegen/test-288,2026-08-29T16:28:58.584560+00:00,2026-08-29T16:29:12.211430+00:00,13.6268,ok,0,stop,342,669,1011,0.3,
mt/set_6/frenetic_v/test-722,2026-08-29T16:29:12.211505+00:00,2026-08-29T16:29:28.500121+00:00,16.2886,ok,0,stop,342,788,1130,0.35,
mt/set_17/ambiegen/test-551,2026-08-29T16:29:28.500167+00:00,2026-08-29T16:29:40.433212+00:00,11.933,ok,0,stop,341,577,918,0.2,
mt/set_14/frenetic_v/test-153,2026-08-29T16:29:40.433270+00:00,2026-08-29T16:29:51.924830+00:00,11.4915,ok,0,stop,343,549,892,0.45,
mt/set_7/ambiegen/odr/test-189,2026-08-29T16:29:51.924879+00:00,2026-08-29T16:30:03.596180+00:00,11.6713,ok,0,stop,342,564,906,0.65,
mt_set5/ambiegen/test-731,2026-08-29T16:30:03.596248+00:00,2026-08-29T16:30:14.866530+00:00,11.2702,ok,0,stop,342,519,861,0.2,
mt/set_14/ambiegen/test-746,2026-08-29T16:30:14.866594+00:00,2026-08-29T16:30:27.076368+00:00,12.2097,ok,0,stop,342,573,915,0.2,
mt/set_7/frenetic/odr/test-467,2026-08-29T16:30:27.076413+00:00,2026-08-29T16:30:37.773812+00:00,10.6974,ok,0,stop,342,517,859,0.0,
mt/set_8/frenetic_v/odr/test-744,2026-08-29T16:30:37.773858+00:00,2026-08-29T16:30:47.532202+00:00,9.7583,ok,0,stop,343,445,788,0.05,
mt/set_10/ambiegen/test-812,2026-08-29T16:30:47.532270+00:00,2026-08-29T16:31:01.690734+00:00,14.1584,ok,0,stop,342,666,1008,0.6,
mt/set_17/frenetic/test-861,2026-08-29T16:31:01.690774+00:00,2026-08-29T16:31:14.498086+00:00,12.8073,ok,0,stop,341,625,966,0.7,
mt/set_18/ambiegen/test-777,2026-08-29T16:31:14.498128+00:00,2026-08-29T16:31:26.991870+00:00,12.4937,ok,0,stop,342,609,951,0.65,
mt/set_8/frenetic_v/odr/test-880,2026-08-29T16:31:26.991922+00:00,2026-08-29T16:31:38.945882+00:00,11.9539,ok,0,stop,343,559,902,0.1,
mt/set_18/ambiegen/test-560,2026-08-29T16:31:38.945927+00:00,2026-08-29T16:31:52.365165+00:00,13.4192,ok,0,stop,342,645,987,0.3,
mt/set_13/frenetic_v/test-46,2026-08-29T16:31:52.365238+00:00,2026-08-29T16:32:03.765186+00:00,11.3999,ok,0,stop,342,542,884,0.85,
mt_set5/frenetic/test-748,2026-08-29T16:32:03.765233+00:00,2026-08-29T16:32:15.222950+00:00,11.4577,ok,0,stop,341,546,887,0.85,
mt/set_14/ambiegen/test-541,2026-08-29T16:32:15.223003+00:00,2026-08-29T16:32:29.686085+00:00,14.463,ok,0,stop,342,688,1030,0.4,
mt/set_9/frenetic_v/test-729,2026-08-29T16:32:29.686131+00:00,2026-08-29T16:32:40.389334+00:00,10.7032,ok,0,stop,343,493,836,0.15,
mt/set_9/frenetic_v/test-442,2026-08-29T16:32:40.389397+00:00,2026-08-29T16:32:58.403267+00:00,18.0138,ok,0,stop,342,866,1208,0.35,
mt/set_10/frenetic_v/test-627,2026-08-29T16:32:58.403325+00:00,2026-08-29T16:33:09.783188+00:00,11.3798,ok,0,stop,343,549,892,0.2,
mt/set_11/frenetic_v/test-112,2026-08-29T16:33:09.783235+00:00,2026-08-29T16:33:23.750484+00:00,13.9672,ok,0,stop,342,667,1009,0.85,
mt/set_17/ambiegen/test-839,2026-08-29T16:33:23.750528+00:00,2026-08-29T16:33:36.579452+00:00,12.8289,ok,0,stop,343,610,953,0.7,
mt/set_9/frenetic/test-398,2026-08-29T16:33:36.579502+00:00,2026-08-29T16:33:50.852875+00:00,14.2733,ok,0,stop,341,694,1035,0.75,
mt/set_10/frenetic/test-140,2026-08-29T16:33:50.852927+00:00,2026-08-29T16:34:03.938281+00:00,13.0853,ok,0,stop,341,630,971,0.85,
mt/set_13/ambiegen/test-372,2026-08-29T16:34:03.938333+00:00,2026-08-29T16:34:16.147191+00:00,12.2088,ok,0,stop,342,567,909,0.4,
mt/set_12/frenetic/test-803,2026-08-29T16:34:16.147254+00:00,2026-08-29T16:34:28.026249+00:00,11.8788,ok,0,stop,342,551,893,0.15,
mt/set_8/frenetic/odr/test-494,2026-08-29T16:34:28.026497+00:00,2026-08-29T16:34:43.179982+00:00,15.1534,ok,0,stop,341,736,1077,0.95,
mt/set_17/frenetic/test-6,2026-08-29T16:34:43.180033+00:00,2026-08-29T16:34:54.840728+00:00,11.6607,ok,0,stop,341,556,897,0.8,
mt/set_13/frenetic_v/test-172,2026-08-29T16:34:54.840784+00:00,2026-08-29T16:35:07.969976+00:00,13.1291,ok,0,stop,343,623,966,0.65,
mt/set_17/ambiegen/test-509,2026-08-29T16:35:07.970045+00:00,2026-08-29T16:35:19.242102+00:00,11.272,ok,0,stop,343,546,889,0.15,
mt/set_9/ambiegen/test-738,2026-08-29T16:35:19.242143+00:00,2026-08-29T16:35:29.155082+00:00,9.9129,ok,0,stop,342,437,779,0.85,
mt/set_7/frenetic/odr/test-135,2026-08-29T16:35:29.155121+00:00,2026-08-29T16:35:39.914723+00:00,10.7595,ok,0,stop,342,510,852,0.75,
mt/set_12/frenetic_v/test-148,2026-08-29T16:35:39.914772+00:00,2026-08-29T16:35:49.832644+00:00,9.9178,ok,0,stop,343,474,817,0.6,
mt/set_6/frenetic_v/test-621,2026-08-29T16:35:49.832696+00:00,2026-08-29T16:35:59.325949+00:00,9.4932,ok,0,stop,343,433,776,0.1,
mt/set_7/ambiegen/odr/test-186,2026-08-29T16:35:59.325992+00:00,2026-08-29T16:36:14.279299+00:00,14.9532,ok,0,stop,342,719,1061,0.75,
mt/set_12/ambiegen/test-525,2026-08-29T16:36:14.279405+00:00,2026-08-29T16:36:26.415047+00:00,12.1356,ok,0,stop,342,588,930,0.15,
mt/set_14/frenetic_v/test-896,2026-08-29T16:36:26.415097+00:00,2026-08-29T16:36:40.002109+00:00,13.587,ok,0,stop,343,648,991,0.4,
mt/set_11/ambiegen/test-239,2026-08-29T16:36:40.002159+00:00,2026-08-29T16:36:51.672052+00:00,11.6698,ok,0,stop,343,543,886,0.6,
mt/set_6/frenetic_v/test-152,2026-08-29T16:36:51.672123+00:00,2026-08-29T16:37:01.847424+00:00,10.1753,ok,0,stop,343,496,839,0.15,
mt/set_16/frenetic_v/test-318,2026-08-29T16:37:01.847497+00:00,2026-08-29T16:37:13.783988+00:00,11.9365,ok,0,stop,342,558,900,0.7,
mt/set_13/frenetic/test-679,2026-08-29T16:37:13.784034+00:00,2026-08-29T16:37:26.260690+00:00,12.4766,ok,0,stop,341,600,941,0.3,
mt/set_12/frenetic_v/test-677,2026-08-29T16:37:26.260734+00:00,2026-08-29T16:37:43.402333+00:00,17.1416,ok,0,stop,342,818,1160,0.85,
mt/set_12/frenetic_v/test-1,2026-08-29T16:37:43.402393+00:00,2026-08-29T16:37:54.404474+00:00,11.002,ok,0,stop,342,529,871,0.3,
mt/set_14/frenetic/test-562,2026-08-29T16:37:54.404527+00:00,2026-08-29T16:38:04.660446+00:00,10.2559,ok,0,stop,342,465,807,0.0,
mt/set_9/frenetic_v/test-473,2026-08-29T16:38:04.660517+00:00,2026-08-29T16:38:14.512383+00:00,9.8518,ok,0,stop,343,470,813,0.1,
mt/set_14/ambiegen/test-294,2026-08-29T16:38:14.512452+00:00,2026-08-29T16:38:26.634671+00:00,12.1222,ok,0,stop,342,561,903,0.15,
mt_set5/frenetic/test-403,2026-08-29T16:38:26.634780+00:00,2026-08-29T16:38:41.452260+00:00,14.8174,ok,0,stop,341,697,1038,0.85,
mt/set_18/frenetic/test-353,2026-08-29T16:38:41.452305+00:00,2026-08-29T16:38:51.982914+00:00,10.5305,ok,0,stop,342,494,836,0.0,
mt_set5/frenetic_v/test-862,2026-08-29T16:38:51.983029+00:00,2026-08-29T16:39:05.894330+00:00,13.9113,ok,0,stop,342,669,1011,0.38,
mt/set_16/frenetic/test-821,2026-08-29T16:39:05.894373+00:00,2026-08-29T16:39:18.795102+00:00,12.9007,ok,0,stop,341,619,960,0.2,
mt/set_8/ambiegen/odr/test-531,2026-08-29T16:39:18.795147+00:00,2026-08-29T16:39:30.225973+00:00,11.4308,ok,0,stop,342,534,876,0.2,
mt/set_8/frenetic_v/odr/test-751,2026-08-29T16:39:30.226027+00:00,2026-08-29T16:39:40.179676+00:00,9.9536,ok,0,stop,343,480,823,0.1,
mt_set6/frenetic/test-529,2026-08-29T16:39:40.179739+00:00,2026-08-29T16:39:52.536265+00:00,12.3565,ok,0,stop,342,568,910,0.05,
mt/set_14/ambiegen/test-653,2026-08-29T16:39:52.536310+00:00,2026-08-29T16:40:04.931727+00:00,12.3954,ok,0,stop,342,592,934,0.75,
mt/set_11/frenetic_v/test-244,2026-08-29T16:40:04.931779+00:00,2026-08-29T16:40:17.546034+00:00,12.6142,ok,0,stop,342,599,941,0.3,
mt/set_16/frenetic_v/test-527,2026-08-29T16:40:17.546091+00:00,2026-08-29T16:40:30.761782+00:00,13.2156,ok,0,stop,342,642,984,0.75,
mt/set_18/frenetic/test-594,2026-08-29T16:40:30.761847+00:00,2026-08-29T16:40:42.465028+00:00,11.7031,ok,0,stop,342,543,885,0.05,
mt/set_11/ambiegen/test-890,2026-08-29T16:40:42.465095+00:00,2026-08-29T16:40:58.161516+00:00,15.6964,ok,0,stop,342,769,1111,0.75,
mt/set_8/frenetic/odr/test-229,2026-08-29T16:40:58.161558+00:00,2026-08-29T16:41:12.114169+00:00,13.9526,ok,0,stop,341,665,1006,0.85,
mt/set_10/frenetic/test-761,2026-08-29T16:41:12.114211+00:00,2026-08-29T16:41:27.919815+00:00,15.8055,ok,0,stop,341,762,1103,0.65,
mt/set_10/frenetic_v/test-404,2026-08-29T16:41:27.919921+00:00,2026-08-29T16:41:40.087943+00:00,12.168,ok,0,stop,343,595,938,0.45,
mt/set_13/frenetic_v/test-277,2026-08-29T16:41:40.087990+00:00,2026-08-29T16:41:53.632240+00:00,13.5442,ok,0,stop,342,660,1002,0.75,
mt/set_16/frenetic/test-685,2026-08-29T16:41:53.632287+00:00,2026-08-29T16:42:07.216894+00:00,13.5846,ok,0,stop,342,650,992,0.3,
mt/set_16/frenetic_v/test-375,2026-08-29T16:42:07.216941+00:00,2026-08-29T16:42:18.136474+00:00,10.9195,ok,0,stop,343,512,855,0.15,
mt/set_13/ambiegen/test-621,2026-08-29T16:42:18.136548+00:00,2026-08-29T16:42:30.571088+00:00,12.4345,ok,0,stop,342,603,945,0.6,
mt_set6/frenetic/test-865,2026-08-29T16:42:30.571147+00:00,2026-08-29T16:42:42.934029+00:00,12.3628,ok,0,stop,342,602,944,0.15,
mt/set_10/ambiegen/test-406,2026-08-29T16:42:42.934098+00:00,2026-08-29T16:42:53.253961+00:00,10.3198,ok,0,stop,342,482,824,0.85,
mt/set_16/frenetic_v/test-721,2026-08-29T16:42:53.254028+00:00,2026-08-29T16:43:05.150845+00:00,11.8968,ok,0,stop,342,574,916,0.75,
mt_set6/frenetic/test-824,2026-08-29T16:43:05.150894+00:00,2026-08-29T16:43:18.804323+00:00,13.6534,ok,0,stop,342,652,994,0.75,
mt/set_13/frenetic_v/test-772,2026-08-29T16:43:18.804400+00:00,2026-08-29T16:43:31.613445+00:00,12.809,ok,0,stop,343,622,965,0.05,
mt/set_12/ambiegen/test-140,2026-08-29T16:43:31.613490+00:00,2026-08-29T16:43:42.094021+00:00,10.4804,ok,0,stop,343,498,841,0.75,
mt/set_13/frenetic_v/test-90,2026-08-29T16:43:42.094242+00:00,2026-08-29T16:43:54.216395+00:00,12.1221,ok,0,stop,343,556,899,0.6,
mt/set_11/frenetic_v/test-618,2026-08-29T16:43:54.216446+00:00,2026-08-29T16:44:08.511633+00:00,14.2951,ok,0,stop,343,685,1028,0.6,
mt/set_11/frenetic/test-499,2026-08-29T16:44:08.511700+00:00,2026-08-29T16:44:22.456341+00:00,13.9446,ok,0,stop,341,679,1020,0.85,
mt/set_13/frenetic_v/test-287,2026-08-29T16:44:22.456415+00:00,2026-08-29T16:44:35.962945+00:00,13.5065,ok,0,stop,342,644,986,0.15,
mt_set5/frenetic/test-324,2026-08-29T16:44:35.963008+00:00,2026-08-29T16:44:47.492558+00:00,11.5295,ok,0,stop,342,560,902,0.15,
mt/set_13/frenetic/test-184,2026-08-29T16:44:47.492625+00:00,2026-08-29T16:45:01.046154+00:00,13.5535,ok,0,stop,341,641,982,0.75,
mt/set_12/frenetic/test-9,2026-08-29T16:45:01.046200+00:00,2026-08-29T16:45:11.561223+00:00,10.515,ok,0,stop,342,495,837,0.15,
mt_set5/frenetic_v/test-117,2026-08-29T16:45:11.561267+00:00,2026-08-29T16:45:23.487086+00:00,11.9258,ok,0,stop,343,580,923,0.6,
mt/set_6/frenetic_v/test-938,2026-08-29T16:45:23.487127+00:00,2026-08-29T16:45:39.377582+00:00,15.8904,ok,0,stop,342,760,1102,0.6,
mt/set_10/frenetic/test-551,2026-08-29T16:45:39.377628+00:00,2026-08-29T16:45:51.181493+00:00,11.8038,ok,0,stop,341,546,887,0.65,
mt/set_7/ambiegen/odr/test-705,2026-08-29T16:45:51.181546+00:00,2026-08-29T16:46:05.535582+00:00,14.354,ok,0,stop,342,696,1038,0.7,
mt/set_9/frenetic/test-3,2026-08-29T16:46:05.535627+00:00,2026-08-29T16:46:18.565044+00:00,13.0294,ok,0,stop,341,623,964,0.8,
mt/set_9/frenetic_v/test-880,2026-08-29T16:46:18.565091+00:00,2026-08-29T16:46:30.773845+00:00,12.2087,ok,0,stop,342,590,932,0.2,
mt/set_16/ambiegen/test-777,2026-08-29T16:46:30.773895+00:00,2026-08-29T16:46:43.930981+00:00,13.157,ok,0,stop,342,621,963,0.7,
mt/set_16/frenetic_v/test-358,2026-08-29T16:46:43.931039+00:00,2026-08-29T16:46:55.858094+00:00,11.927,ok,0,stop,343,552,895,0.1,
mt/set_13/ambiegen/test-707,2026-08-29T16:46:55.858139+00:00,2026-08-29T16:47:08.901215+00:00,13.043,ok,0,stop,342,637,979,0.85,
mt/set_9/ambiegen/test-61,2026-08-29T16:47:08.901258+00:00,2026-08-29T16:47:20.530904+00:00,11.6296,ok,0,stop,342,525,867,0.85,
mt/set_16/frenetic/test-930,2026-08-29T16:47:20.530950+00:00,2026-08-29T16:47:36.063955+00:00,15.533,ok,0,stop,342,748,1090,0.7,
mt/set_10/ambiegen/test-197,2026-08-29T16:47:36.064003+00:00,2026-08-29T16:47:45.459479+00:00,9.3954,ok,0,stop,343,438,781,0.0,
mt/set_17/frenetic_v/test-676,2026-08-29T16:47:45.459532+00:00,2026-08-29T16:47:56.096437+00:00,10.6369,ok,0,stop,343,512,855,0.6,
mt/set_18/frenetic/test-760,2026-08-29T16:47:56.096484+00:00,2026-08-29T16:48:12.153054+00:00,16.0565,ok,0,stop,342,773,1115,0.6,
mt/set_7/frenetic_v/odr/test-251,2026-08-29T16:48:12.153125+00:00,2026-08-29T16:48:29.082711+00:00,16.9295,ok,0,stop,343,818,1161,0.2,
mt/set_7/frenetic_v/odr/test-114,2026-08-29T16:48:29.082760+00:00,2026-08-29T16:48:39.893109+00:00,10.8103,ok,0,stop,343,465,808,0.1,
mt/set_12/frenetic/test-208,2026-08-29T16:48:39.893185+00:00,2026-08-29T16:48:52.787993+00:00,12.8948,ok,0,stop,341,626,967,0.65,
mt/set_8/ambiegen/odr/test-950,2026-08-29T16:48:52.788052+00:00,2026-08-29T16:49:05.237404+00:00,12.4493,ok,0,stop,342,586,928,0.4,
mt/set_8/frenetic_v/odr/test-919,2026-08-29T16:49:05.237448+00:00,2026-08-29T16:49:15.689872+00:00,10.4524,ok,0,stop,343,494,837,0.1,
mt/set_14/frenetic/test-861,2026-08-29T16:49:15.689939+00:00,2026-08-29T16:49:28.547689+00:00,12.8577,ok,0,stop,342,617,959,0.2,
mt/set_17/ambiegen/test-55,2026-08-29T16:49:28.547742+00:00,2026-08-29T16:49:39.189411+00:00,10.6416,ok,0,stop,341,508,849,0.1,
mt/set_16/frenetic/test-326,2026-08-29T16:49:39.189460+00:00,2026-08-29T16:49:51.307204+00:00,12.1177,ok,0,stop,341,571,912,0.6,
mt/set_2/ambiegen/odr/test-4,2026-08-29T16:49:51.307255+00:00,2026-08-29T16:50:03.759843+00:00,12.4525,ok,0,stop,342,606,948,0.65,
mt/set_11/frenetic/test-152,2026-08-29T16:50:03.759898+00:00,2026-08-29T16:50:15.381313+00:00,11.6214,ok,0,stop,342,536,878,0.8,
mt/set_8/frenetic_v/odr/test-716,2026-08-29T16:50:15.381387+00:00,2026-08-29T16:50:26.839123+00:00,11.4577,ok,0,stop,343,544,887,0.0,
mt/set_11/ambiegen/test-930,2026-08-29T16:50:26.839166+00:00,2026-08-29T16:50:38.193742+00:00,11.3545,ok,0,stop,343,550,893,0.3,
mt/set_18/frenetic/test-41,2026-08-29T16:50:38.193810+00:00,2026-08-29T16:50:49.819368+00:00,11.6255,ok,0,stop,342,547,889,0.1,
mt/set_10/ambiegen/test-343,2026-08-29T16:50:49.819414+00:00,2026-08-29T16:51:02.544776+00:00,12.7253,ok,0,stop,343,599,942,0.2,
mt/set_17/frenetic/test-846,2026-08-29T16:51:02.544819+00:00,2026-08-29T16:51:15.596861+00:00,13.052,ok,0,stop,342,630,972,0.2,
mt/set_16/ambiegen/test-598,2026-08-29T16:51:15.596908+00:00,2026-08-29T16:51:32.535652+00:00,16.9387,ok,0,stop,342,819,1161,0.7,
mt/set_18/frenetic/test-656,2026-08-29T16:51:32.535720+00:00,2026-08-29T16:51:42.947257+00:00,10.4115,ok,0,stop,342,500,842,0.05,
mt/set_8/ambiegen/odr/test-457,2026-08-29T16:51:42.947297+00:00,2026-08-29T16:51:54.332441+00:00,11.3851,ok,0,stop,342,532,874,0.4,
mt/set_16/frenetic/test-837,2026-08-29T16:51:54.332511+00:00,2026-08-29T16:52:08.856824+00:00,14.5243,ok,0,stop,341,713,1054,0.75,
mt_set5/ambiegen/test-169,2026-08-29T16:52:08.856880+00:00,2026-08-29T16:52:20.694190+00:00,11.8373,ok,0,stop,342,577,919,0.7,
mt/set_14/ambiegen/test-644,2026-08-29T16:52:20.694244+00:00,2026-08-29T16:52:34.079569+00:00,13.3853,ok,0,stop,342,628,970,0.85,
mt/set_9/frenetic_v/test-324,2026-08-29T16:52:34.079649+00:00,2026-08-29T16:52:50.923516+00:00,16.8438,ok,0,stop,342,814,1156,0.4,
mt/set_17/frenetic/test-377,2026-08-29T16:52:50.923637+00:00,2026-08-29T16:53:01.362869+00:00,10.4392,ok,0,stop,342,503,845,0.15,
mt/set_14/frenetic_v/test-374,2026-08-29T16:53:01.362937+00:00,2026-08-29T16:53:15.424911+00:00,14.0619,ok,0,stop,343,666,1009,0.15,
mt/set_13/ambiegen/test-401,2026-08-29T16:53:15.424965+00:00,2026-08-29T16:53:25.171603+00:00,9.7466,ok,0,stop,342,465,807,0.7,
mt/set_12/frenetic/test-932,2026-08-29T16:53:25.171669+00:00,2026-08-29T16:53:36.980017+00:00,11.8083,ok,0,stop,342,559,901,0.15,
mt/set_14/frenetic_v/test-391,2026-08-29T16:53:36.980085+00:00,2026-08-29T16:53:52.829618+00:00,15.8495,ok,0,stop,342,765,1107,0.85,
mt/set_14/frenetic_v/test-638,2026-08-29T16:53:52.829667+00:00,2026-08-29T16:54:04.811554+00:00,11.9818,ok,0,stop,342,585,927,0.45,
mt/set_13/frenetic/test-107,2026-08-29T16:54:04.811610+00:00,2026-08-29T16:54:18.726932+00:00,13.9153,ok,0,stop,341,662,1003,0.6,
mt_set6/frenetic/test-133,2026-08-29T16:54:18.727000+00:00,2026-08-29T16:54:31.829217+00:00,13.1022,ok,0,stop,342,621,963,0.8,
mt/set_14/frenetic_v/test-613,2026-08-29T16:54:31.829263+00:00,2026-08-29T16:54:42.866599+00:00,11.0373,ok,0,stop,343,527,870,0.3,
mt/set_10/ambiegen/test-49,2026-08-29T16:54:42.866651+00:00,2026-08-29T16:54:56.372772+00:00,13.5061,ok,0,stop,342,595,937,0.2,
mt/set_10/ambiegen/test-262,2026-08-29T16:54:56.372819+00:00,2026-08-29T16:55:08.044550+00:00,11.6717,ok,0,stop,342,541,883,0.6,
