scenario_id,start_time,end_time,latency_sec,status,retry_count,finish_reason,input_tokens,output_tokens,total_tokens,risk_score,error
mt/set_14/frenetic_v/test-196,2026-08-29T17:00:27.155661+00:00,2026-08-29T17:00:30.204302+00:00,3.0485,ok,0,stop,355,72,427,0.15,
mt/set_18/ambiegen/test-412,2026-08-29T17:00:30.204353+00:00,2026-08-29T17:00:33.010510+00:00,2.8061,ok,0,stop,354,72,426,0.15,
mt/set_8/ambiegen/odr/test-951,2026-08-29T17:00:33.010558+00:00,2026-08-29T17:00:35.826604+00:00,2.816,ok,0,stop,354,72,426,0.15,
mt/set_8/frenetic_v/odr/test-865,2026-08-29T17:00:35.826664+00:00,2026-08-29T17:00:38.448438+00:00,2.6217,ok,0,stop,355,78,433,0.15,
mt/set_17/ambiegen/test-934,2026-08-29T17:00:38.448480+00:00,2026-08-29T17:00:41.012382+00:00,2.5639,ok,0,stop,354,76,430,0.35,
mt/set_17/ambiegen/test-312,2026-08-29T17:00:41.012454+00:00,2026-08-29T17:00:43.650609+00:00,2.6381,ok,0,stop,354,72,426,0.15,
mt/set_14/ambiegen/test-98,2026-08-29T17:00:43.650669+00:00,2026-08-29T17:00:46.196056+00:00,2.5453,ok,0,stop,354,77,431,0.15,
mt/set_18/ambiegen/test-70,2026-08-29T17:00:46.196100+00:00,2026-08-29T17:00:49.166416+00:00,2.9703,ok,0,stop,354,91,445,0.25,
mt/set_8/frenetic_v/odr/test-127,2026-08-29T17:00:49.166476+00:00,2026-08-29T17:00:51.800566+00:00,2.6341,ok,0,stop,355,78,433,0.15,
mt/set_7/ambiegen/odr/test-767,2026-08-29T17:00:51.800615+00:00,2026-08-29T17:00:54.194672+00:00,2.394,ok,0,stop,354,68,422,0.15,
mt/set_10/frenetic_v/test-365,2026-08-29T17:00:54.194725+00:00,2026-08-29T17:00:56.739130+00:00,2.5444,ok,0,stop,355,72,427,0.15,
mt/set_7/frenetic_v/odr/test-259,2026-08-29T17:00:56.739171+00:00,2026-08-29T17:00:59.245269+00:00,2.5061,ok,0,stop,354,72,426,0.15,
mt/set_9/frenetic/test-696,2026-08-29T17:00:59.245308+00:00,2026-08-29T17:01:01.968966+00:00,2.7236,ok,0,stop,354,77,431,0.15,
mt/set_16/ambiegen/test-552,2026-08-29T17:01:01.969010+00:00,2026-08-29T17:01:04.502080+00:00,2.533,ok,0,stop,354,72,426,0.15,
mt_set5/frenetic/test-0,2026-08-29T17:01:04.502208+00:00,2026-08-29T17:01:07.847739+00:00,3.3455,ok,0,stop,354,77,431,0.15,
mt/set_10/frenetic/test-47,2026-08-29T17:01:07.847790+00:00,2026-08-29T17:01:10.518681+00:00,2.6709,ok,0,stop,353,77,430,0.15,
mt/set_9/ambiegen/test-647,2026-08-29T17:01:10.518747+00:00,2026-08-29T17:01:13.138950+00:00,2.6202,ok,0,stop,354,77,431,0.15,
mt_set5/ambiegen/test-275,2026-08-29T17:01:13.138996+00:00,2026-08-29T17:01:15.703088+00:00,2.564,ok,0,stop,354,72,426,0.15,
mt/set_12/ambiegen/test-92,2026-08-29T17:01:15.703154+00:00,2026-08-29T17:01:18.370747+00:00,2.6675,ok,0,stop,355,77,432,0.15,
mt/set_7/ambiegen/odr/test-237,2026-08-29T17:01:18.370808+00:00,2026-08-29T17:01:20.832821+00:00,2.462,ok,0,stop,354,72,426,0.15,
mt/set_11/ambiegen/test-746,2026-08-29T17:01:20.832881+00:00,2026-08-29T17:01:23.919973+00:00,3.0871,ok,0,stop,354,78,432,0.15,
mt_set6/frenetic/test-674,2026-08-29T17:01:23.920017+00:00,2026-08-29T17:01:26.492163+00:00,2.5721,ok,0,stop,354,77,431,0.15,
mt/set_11/frenetic_v/test-336,2026-08-29T17:01:26.492222+00:00,2026-08-29T17:01:29.057259+00:00,2.565,ok,0,stop,354,72,426,0.15,
mt/set_8/ambiegen/odr/test-198,2026-08-29T17:01:29.057311+00:00,2026-08-29T17:01:31.591025+00:00,2.5337,ok,0,stop,353,71,424,0.15,
mt_set5/frenetic/test-178,2026-08-29T17:01:31.591069+00:00,2026-08-29T17:01:34.404656+00:00,2.8135,ok,0,stop,354,78,432,0.15,
mt/set_7/ambiegen/odr/test-859,2026-08-29T17:01:34.404708+00:00,2026-08-29T17:01:36.931991+00:00,2.5272,ok,0,stop,355,72,427,0.15,
mt/set_9/frenetic_v/test-351,2026-08-29T17:01:36.932038+00:00,2026-08-29T17:01:39.545190+00:00,2.6131,ok,0,stop,355,72,427,0.15,
mt/set_11/frenetic_v/test-409,2026-08-29T17:01:39.545241+00:00,2026-08-29T17:01:42.435263+00:00,2.89,ok,0,stop,355,78,433,0.15,
mt/set_8/frenetic_v/odr/test-111,2026-08-29T17:01:42.435322+00:00,2026-08-29T17:01:45.018545+00:00,2.5832,ok,0,stop,355,78,433,0.15,
mt/set_17/frenetic/test-937,2026-08-29T17:01:45.018605+00:00,2026-08-29T17:01:47.764236+00:00,2.7456,ok,0,stop,354,78,432,0.15,
mt/set_9/frenetic/test-12,2026-08-29T17:01:47.764287+00:00,2026-08-29T17:01:50.190975+00:00,2.4267,ok,0,stop,354,72,426,0.15,
mt/set_10/ambiegen/test-192,2026-08-29T17:01:50.191023+00:00,2026-08-29T17:01:52.816568+00:00,2.6255,ok,0,stop,354,72,426,0.15,
mt/set_17/frenetic/test-32,2026-08-29T17:01:52.816618+00:00,2026-08-29T17:01:55.286039+00:00,2.4694,ok,0,stop,353,72,425,0.15,
mt_set6/frenetic/test-867,2026-08-29T17:01:55.286087+00:00,2026-08-29T17:01:58.638955+00:00,3.3528,ok,0,stop,354,92,446,0.15,
mt/set_17/ambiegen/test-733,2026-08-29T17:01:58.639030+00:00,2026-08-29T17:02:02.340024+00:00,3.701,ok,0,stop,354,72,426,0.15,
mt/set_17/frenetic_v/test-327,2026-08-29T17:02:02.340069+00:00,2026-08-29T17:02:04.965064+00:00,2.625,ok,0,stop,355,72,427,0.15,
mt/set_11/frenetic_v/test-928,2026-08-29T17:02:04.965111+00:00,2026-08-29T17:02:07.312897+00:00,2.3478,ok,0,stop,355,72,427,0.15,
mt/set_14/ambiegen/test-675,2026-08-29T17:02:07.312939+00:00,2026-08-29T17:02:09.775275+00:00,2.4623,ok,0,stop,354,72,426,0.15,
mt/set_14/frenetic_v/test-775,2026-08-29T17:02:09.775322+00:00,2026-08-29T17:02:12.294826+00:00,2.5195,ok,0,stop,355,72,427,0.15,
mt/set_12/frenetic_v/test-849,2026-08-29T17:02:12.294891+00:00,2026-08-29T17:02:14.949041+00:00,2.6541,ok,0,stop,355,77,432,0.15,
mt/set_2/ambiegen/odr/test-457,2026-08-29T17:02:14.949099+00:00,2026-08-29T17:02:19.294065+00:00,4.3449,ok,0,stop,354,92,446,0.15,
mt/set_18/frenetic_v/test-242,2026-08-29T17:02:19.294121+00:00,2026-08-29T17:02:21.895929+00:00,2.6018,ok,0,stop,354,72,426,0.15,
mt/set_11/frenetic/test-822,2026-08-29T17:02:21.895990+00:00,2026-08-29T17:02:24.532626+00:00,2.6366,ok,0,stop,354,77,431,0.15,
mt_set6/frenetic/test-147,2026-08-29T17:02:24.532670+00:00,2026-08-29T17:02:27.214775+00:00,2.6821,ok,0,stop,354,77,431,0.15,
mt/set_17/ambiegen/test-653,2026-08-29T17:02:27.214818+00:00,2026-08-29T17:02:29.836723+00:00,2.6219,ok,0,stop,354,81,435,0.35,
mt/set_2/ambiegen/odr/test-465,2026-08-29T17:02:29.836769+00:00,2026-08-29T17:02:32.799864+00:00,2.9631,ok,0,stop,354,82,436,0.25,
mt/set_7/ambiegen/odr/test-750,2026-08-29T17:02:32.799912+00:00,2026-08-29T17:02:35.221962+00:00,2.422,ok,0,stop,354,72,426,0.15,
mt/set_9/frenetic_v/test-529,2026-08-29T17:02:35.222021+00:00,2026-08-29T17:02:37.678650+00:00,2.4566,ok,0,stop,354,72,426,0.15,
mt/set_8/frenetic/odr/test-644,2026-08-29T17:02:37.678694+00:00,2026-08-29T17:02:40.195392+00:00,2.5167,ok,0,stop,354,72,426,0.15,
mt/set_12/ambiegen/test-339,2026-08-29T17:02:40.195437+00:00,2026-08-29T17:02:43.166294+00:00,2.9708,ok,0,stop,354,91,445,0.25,
mt/set_12/ambiegen/test-257,2026-08-29T17:02:43.166363+00:00,2026-08-29T17:02:46.981520+00:00,3.8151,ok,0,stop,354,77,431,0.15,
mt/set_9/frenetic/test-421,2026-08-29T17:02:46.981559+00:00,2026-08-29T17:02:49.908586+00:00,2.927,ok,0,stop,354,72,426,0.15,
mt/set_17/ambiegen/test-785,2026-08-29T17:02:49.908626+00:00,2026-08-29T17:02:52.357767+00:00,2.4491,ok,0,stop,354,72,426,0.15,
mt_set5/frenetic/test-416,2026-08-29T17:02:52.357831+00:00,2026-08-29T17:02:54.913416+00:00,2.5556,ok,0,stop,354,77,431,0.15,
mt/set_7/frenetic_v/odr/test-815,2026-08-29T17:02:54.913461+00:00,2026-08-29T17:02:57.563818+00:00,2.6503,ok,0,stop,355,77,432,0.15,
mt_set6/frenetic/test-530,2026-08-29T17:02:57.563863+00:00,2026-08-29T17:03:00.251636+00:00,2.6877,ok,0,stop,353,72,425,0.15,
mt/set_10/frenetic_v/test-393,2026-08-29T17:03:00.251678+00:00,2026-08-29T17:03:03.705504+00:00,3.4538,ok,0,stop,355,72,427,0.15,
mt/set_17/ambiegen/test-820,2026-08-29T17:03:03.705558+00:00,2026-08-29T17:03:06.102200+00:00,2.3966,ok,0,stop,355,72,427,0.15,
mt/set_17/frenetic_v/test-341,2026-08-29T17:03:06.102251+00:00,2026-08-29T17:03:08.917222+00:00,2.8149,ok,0,stop,355,72,427,0.15,
mt/set_18/ambiegen/test-350,2026-08-29T17:03:08.917284+00:00,2026-08-29T17:03:11.532782+00:00,2.6155,ok,0,stop,354,72,426,0.15,
mt/set_18/frenetic_v/test-70,2026-08-29T17:03:11.532822+00:00,2026-08-29T17:03:14.190734+00:00,2.6579,ok,0,stop,355,78,433,0.15,
mt/set_10/frenetic/test-339,2026-08-29T17:03:14.190778+00:00,2026-08-29T17:03:16.616428+00:00,2.4256,ok,0,stop,354,72,426,0.15,
mt/set_16/frenetic/test-166,2026-08-29T17:03:16.616469+00:00,2026-08-29T17:03:19.231771+00:00,2.6153,ok,0,stop,354,72,426,0.15,
mt/set_14/ambiegen/test-466,2026-08-29T17:03:19.231832+00:00,2026-08-29T17:03:21.824061+00:00,2.5922,ok,0,stop,355,78,433,0.15,
mt_set5/frenetic/test-565,2026-08-29T17:03:21.824102+00:00,2026-08-29T17:03:24.382400+00:00,2.5583,ok,0,stop,354,77,431,0.15,
mt/set_17/ambiegen/test-890,2026-08-29T17:03:24.382441+00:00,2026-08-29T17:03:26.986283+00:00,2.6038,ok,0,stop,355,72,427,0.15,
mt/set_11/frenetic/test-851,2026-08-29T17:03:26.986323+00:00,2026-08-29T17:03:29.409754+00:00,2.4234,ok,0,stop,354,72,426,0.15,
mt/set_16/ambiegen/test-397,2026-08-29T17:03:29.409786+00:00,2026-08-29T17:03:33.093018+00:00,3.6832,ok,0,stop,354,77,431,0.15,
mt/set_17/frenetic_v/test-638,2026-08-29T17:03:33.093057+00:00,2026-08-29T17:03:35.691093+00:00,2.598,ok,0,stop,354,72,426,0.15,
mt/set_9/frenetic_v/test-241,2026-08-29T17:03:35.691134+00:00,2026-08-29T17:03:38.280484+00:00,2.5893,ok,0,stop,355,77,432,0.15,
mt/set_6/frenetic_v/test-520,2026-08-29T17:03:38.280536+00:00,2026-08-29T17:03:40.880188+00:00,2.5995,ok,0,stop,355,72,427,0.15,
mt/set_10/frenetic_v/test-9,2026-08-29T17:03:40.880352+00:00,2026-08-29T17:03:44.007111+00:00,3.1267,ok,0,stop,355,72,427,0.15,
mt/set_18/frenetic/test-286,2026-08-29T17:03:44.007153+00:00,2026-08-29T17:03:48.711944+00:00,4.7048,ok,0,stop,354,72,426,0.15,
mt_set5/frenetic/test-765,2026-08-29T17:03:48.711985+00:00,2026-08-29T17:03:51.262142+00:00,2.5501,ok,0,stop,354,72,426,0.15,
mt/set_11/ambiegen/test-876,2026-08-29T17:03:51.262202+00:00,2026-08-29T17:03:53.836765+00:00,2.5745,ok,0,stop,354,72,426,0.15,
mt/set_11/frenetic_v/test-705,2026-08-29T17:03:53.836808+00:00,2026-08-29T17:03:56.411948+00:00,2.5751,ok,0,stop,355,72,427,0.15,
mt_set5/ambiegen/test-674,2026-08-29T17:03:56.412009+00:00,2026-08-29T17:03:59.008982+00:00,2.5969,ok,0,stop,354,77,431,0.15,
mt/set_8/ambiegen/odr/test-930,2026-08-29T17:03:59.009046+00:00,2026-08-29T17:04:02.567011+00:00,3.5579,ok,0,stop,355,80,435,0.15,
mt/set_8/frenetic_v/odr/test-711,2026-08-29T17:04:02.567102+00:00,2026-08-29T17:04:04.975594+00:00,2.4085,ok,0,stop,355,72,427,0.15,
mt_set5/ambiegen/test-802,2026-08-29T17:04:04.975637+00:00,2026-08-29T17:04:07.418452+00:00,2.4428,ok,0,stop,354,72,426,0.15,
mt/set_8/frenetic_v/odr/test-451,2026-08-29T17:04:07.418514+00:00,2026-08-29T17:04:10.138732+00:00,2.7202,ok,0,stop,355,78,433,0.15,
mt_set5/ambiegen/test-57,2026-08-29T17:04:10.138777+00:00,2026-08-29T17:04:12.718826+00:00,2.58,ok,0,stop,354,77,431,0.15,
mt/set_8/ambiegen/odr/test-330,2026-08-29T17:04:12.718884+00:00,2026-08-29T17:04:15.256601+00:00,2.5377,ok,0,stop,354,72,426,0.15,
mt/set_12/frenetic_v/test-930,2026-08-29T17:04:15.256661+00:00,2026-08-29T17:04:18.471471+00:00,3.2148,ok,0,stop,355,92,447,0.15,
mt/set_7/ambiegen/odr/test-361,2026-08-29T17:04:18.471517+00:00,2026-08-29T17:04:21.465135+00:00,2.9936,ok,0,stop,354,91,445,0.25,
mt/set_11/frenetic_v/test-642,2026-08-29T17:04:21.465192+00:00,2026-08-29T17:04:24.156239+00:00,2.691,ok,0,stop,355,72,427,0.15,
mt/set_9/ambiegen/test-140,2026-08-29T17:04:24.156301+00:00,2026-08-29T17:04:26.765822+00:00,2.6095,ok,0,stop,354,77,431,0.15,
mt/set_10/frenetic/test-201,2026-08-29T17:04:26.765859+00:00,2026-08-29T17:04:29.184535+00:00,2.4186,ok,0,stop,354,72,426,0.15,
mt/set_18/ambiegen/test-774,2026-08-29T17:04:29.184576+00:00,2026-08-29T17:04:33.875008+00:00,4.6901,ok,0,stop,353,72,425,0.15,
mt/set_7/frenetic/odr/test-422,2026-08-29T17:04:33.875379+00:00,2026-08-29T17:04:36.627817+00:00,2.7524,ok,0,stop,353,72,425,0.15,
mt/set_11/frenetic_v/test-781,2026-08-29T17:04:36.627863+00:00,2026-08-29T17:04:39.211494+00:00,2.5836,ok,0,stop,355,72,427,0.15,
mt/set_10/frenetic_v/test-42,2026-08-29T17:04:39.211533+00:00,2026-08-29T17:04:41.649369+00:00,2.4378,ok,0,stop,354,72,426,0.15,
mt/set_10/frenetic/test-775,2026-08-29T17:04:41.649416+00:00,2026-08-29T17:04:44.077692+00:00,2.4282,ok,0,stop,354,72,426,0.15,
mt/set_12/ambiegen/test-665,2026-08-29T17:04:44.077756+00:00,2026-08-29T17:04:46.791888+00:00,2.7141,ok,0,stop,354,77,431,0.15,
mt/set_8/frenetic/odr/test-590,2026-08-29T17:04:46.791933+00:00,2026-08-29T17:04:49.366732+00:00,2.5748,ok,0,stop,353,72,425,0.15,
mt/set_8/frenetic/odr/test-667,2026-08-29T17:04:49.366778+00:00,2026-08-29T17:04:52.120588+00:00,2.7537,ok,0,stop,353,77,430,0.15,
mt/set_13/ambiegen/test-438,2026-08-29T17:04:52.120741+00:00,2026-08-29T17:04:54.897648+00:00,2.7769,ok,0,stop,354,72,426,0.15,
mt/set_16/frenetic_v/test-319,2026-08-29T17:04:54.897695+00:00,2026-08-29T17:04:57.488402+00:00,2.5907,ok,0,stop,355,72,427,0.15,
mt/set_7/ambiegen/odr/test-446,2026-08-29T17:04:57.488445+00:00,2026-08-29T17:04:59.990006+00:00,2.5015,ok,0,stop,354,72,426,0.15,
mt_set5/frenetic_v/test-666,2026-08-29T17:04:59.990047+00:00,2026-08-29T17:05:02.439967+00:00,2.4499,ok,0,stop,355,72,427,0.15,
mt/set_17/frenetic_v/test-456,2026-08-29T17:05:02.440026+00:00,2026-08-29T17:05:05.005871+00:00,2.5658,ok,0,stop,354,72,426,0.15,
mt/set_11/frenetic_v/test-189,2026-08-29T17:05:05.005914+00:00,2026-08-29T17:05:07.540551+00:00,2.5346,ok,0,stop,354,72,426,0.15,
mt/set_16/ambiegen/test-405,2026-08-29T17:05:07.540593+00:00,2026-08-29T17:05:10.089636+00:00,2.549,ok,0,stop,354,72,426,0.15,
mt/set_16/frenetic_v/test-297,2026-08-29T17:05:10.089705+00:00,2026-08-29T17:05:12.558261+00:00,2.4685,ok,0,stop,355,72,427,0.15,
mt/set_8/frenetic_v/odr/test-495,2026-08-29T17:05:12.558320+00:00,2026-08-29T17:05:15.249429+00:00,2.6911,ok,0,stop,355,77,432,0.15,
mt/set_11/ambiegen/test-484,2026-08-29T17:05:15.249493+00:00,2026-08-29T17:05:17.675451+00:00,2.4259,ok,0,stop,354,72,426,0.15,
mt/set_17/frenetic/test-127,2026-08-29T17:05:17.675491+00:00,2026-08-29T17:05:20.166058+00:00,2.4905,ok,0,stop,353,72,425,0.15,
mt/set_12/frenetic_v/test-799,2026-08-29T17:05:20.166121+00:00,2026-08-29T17:05:22.733763+00:00,2.5676,ok,0,stop,355,72,427,0.15,
mt/set_13/ambiegen/test-150,2026-08-29T17:05:22.733824+00:00,2026-08-29T17:05:25.739893+00:00,3.0059,ok,0,stop,354,77,431,0.15,
mt/set_9/ambiegen/test-798,2026-08-29T17:05:25.740207+00:00,2026-08-29T17:05:28.458871+00:00,2.7186,ok,0,stop,354,77,431,0.15,
mt_set6/frenetic/test-690,2026-08-29T17:05:28.458932+00:00,2026-08-29T17:05:31.043693+00:00,2.5847,ok,0,stop,354,72,426,0.15,
mt/set_18/frenetic/test-801,2026-08-29T17:05:31.043757+00:00,2026-08-29T17:05:33.752226+00:00,2.7084,ok,0,stop,353,77,430,0.15,
mt/set_11/ambiegen/test-527,2026-08-29T17:05:33.752281+00:00,2026-08-29T17:05:36.456552+00:00,2.7042,ok,0,stop,354,83,437,0.35,
mt/set_16/frenetic_v/test-384,2026-08-29T17:05:36.456594+00:00,2026-08-29T17:05:39.061343+00:00,2.6047,ok,0,stop,355,72,427,0.15,
mt_set5/frenetic_v/test-663,2026-08-29T17:05:39.061389+00:00,2026-08-29T17:05:41.606038+00:00,2.5446,ok,0,stop,355,77,432,0.15,
mt/set_16/frenetic/test-570,2026-08-29T17:05:41.606098+00:00,2026-08-29T17:05:44.451635+00:00,2.8454,ok,0,stop,354,72,426,0.15,
mt/set_16/ambiegen/test-595,2026-08-29T17:05:44.451800+00:00,2026-08-29T17:05:47.153702+00:00,2.7019,ok,0,stop,354,72,426,0.15,
mt/set_8/frenetic_v/odr/test-545,2026-08-29T17:05:47.153767+00:00,2026-08-29T17:05:49.661692+00:00,2.5079,ok,0,stop,354,72,426,0.15,
mt/set_11/frenetic/test-136,2026-08-29T17:05:49.661753+00:00,2026-08-29T17:05:52.219447+00:00,2.5577,ok,0,stop,354,77,431,0.15,
mt/set_17/frenetic_v/test-354,2026-08-29T17:05:52.219509+00:00,2026-08-29T17:05:55.057934+00:00,2.8384,ok,0,stop,355,78,433,0.15,
mt_set5/frenetic_v/test-39,2026-08-29T17:05:55.057993+00:00,2026-08-29T17:05:57.531545+00:00,2.4735,ok,0,stop,354,72,426,0.15,
mt/set_6/frenetic_v/test-215,2026-08-29T17:05:57.531586+00:00,2026-08-29T17:06:00.097860+00:00,2.5662,ok,0,stop,354,77,431,0.15,
mt/set_2/ambiegen/odr/test-115,2026-08-29T17:06:00.097902+00:00,2026-08-29T17:06:02.873725+00:00,2.7758,ok,0,stop,355,72,427,0.15,
mt/set_17/ambiegen/test-768,2026-08-29T17:06:02.873785+00:00,2026-08-29T17:06:05.531120+00:00,2.6573,ok,0,stop,354,77,431,0.15,
mt/set_10/frenetic_v/test-308,2026-08-29T17:06:05.531162+00:00,2026-08-29T17:06:08.260980+00:00,2.7298,ok,0,stop,355,77,432,0.15,
mt/set_12/ambiegen/test-33,2026-08-29T17:06:08.261044+00:00,2026-08-29T17:06:10.846230+00:00,2.5852,ok,0,stop,354,72,426,0.15,
mt/set_6/frenetic_v/test-453,2026-08-29T17:06:10.846276+00:00,2026-08-29T17:06:13.376424+00:00,2.5301,ok,0,stop,354,72,426,0.15,
mt/set_12/frenetic/test-500,2026-08-29T17:06:13.376467+00:00,2026-08-29T17:06:15.964616+00:00,2.5881,ok,0,stop,354,77,431,0.15,
mt/set_17/frenetic/test-841,2026-08-29T17:06:15.964681+00:00,2026-08-29T17:06:18.612551+00:00,2.6478,ok,0,stop,353,72,425,0.15,
mt/set_12/ambiegen/test-349,2026-08-29T17:06:18.612613+00:00,2026-08-29T17:06:21.286230+00:00,2.6736,ok,0,stop,354,72,426,0.15,
mt/set_11/ambiegen/test-903,2026-08-29T17:06:21.286290+00:00,2026-08-29T17:06:23.827124+00:00,2.5408,ok,0,stop,354,72,426,0.15,
mt/set_16/ambiegen/test-105,2026-08-29T17:06:23.827165+00:00,2026-08-29T17:06:26.484318+00:00,2.6571,ok,0,stop,355,80,435,0.15,
mt/set_9/frenetic/test-317,2026-08-29T17:06:26.484357+00:00,2026-08-29T17:06:29.019158+00:00,2.5348,ok,0,stop,353,72,425,0.15,
mt/set_7/frenetic_v/odr/test-182,2026-08-29T17:06:29.019198+00:00,2026-08-29T17:06:31.619030+00:00,2.5998,ok,0,stop,355,77,432,0.15,
mt/set_13/frenetic_v/test-860,2026-08-29T17:06:31.619073+00:00,2026-08-29T17:06:34.154625+00:00,2.5355,ok,0,stop,355,72,427,0.15,
mt/set_7/frenetic/odr/test-365,2026-08-29T17:06:34.154685+00:00,2026-08-29T17:06:37.164460+00:00,3.0097,ok,0,stop,353,72,425,0.15,
mt/set_8/ambiegen/odr/test-702,2026-08-29T17:06:37.164502+00:00,2026-08-29T17:06:39.674612+00:00,2.5101,ok,0,stop,354,72,426,0.15,
mt/set_13/frenetic_v/test-613,2026-08-29T17:06:39.674655+00:00,2026-08-29T17:06:42.189466+00:00,2.5148,ok,0,stop,354,72,426,0.15,
mt/set_16/frenetic/test-294,2026-08-29T17:06:42.189526+00:00,2026-08-29T17:06:44.932630+00:00,2.7431,ok,0,stop,353,77,430,0.15,
mt/set_9/frenetic/test-268,2026-08-29T17:06:44.932671+00:00,2026-08-29T17:06:47.739973+00:00,2.8073,ok,0,stop,354,72,426,0.15,
mt/set_9/frenetic_v/test-697,2026-08-29T17:06:47.740034+00:00,2026-08-29T17:06:50.266422+00:00,2.5264,ok,0,stop,355,72,427,0.15,
mt/set_16/frenetic/test-453,2026-08-29T17:06:50.266466+00:00,2026-08-29T17:06:52.800784+00:00,2.5343,ok,0,stop,353,72,425,0.15,
mt_set5/ambiegen/test-623,2026-08-29T17:06:52.800826+00:00,2026-08-29T17:06:55.955696+00:00,3.1548,ok,0,stop,354,72,426,0.15,
mt/set_14/ambiegen/test-23,2026-08-29T17:06:55.955756+00:00,2026-08-29T17:06:58.530385+00:00,2.5746,ok,0,stop,354,72,426,0.15,
mt/set_7/ambiegen/odr/test-516,2026-08-29T17:06:58.530446+00:00,2026-08-29T17:07:01.119830+00:00,2.5893,ok,0,stop,355,72,427,0.15,
mt/set_13/frenetic_v/test-779,2026-08-29T17:07:01.119883+00:00,2026-08-29T17:07:04.280436+00:00,3.1605,ok,0,stop,355,72,427,0.15,
mt/set_12/frenetic/test-132,2026-08-29T17:07:04.280489+00:00,2026-08-29T17:07:06.807206+00:00,2.5267,ok,0,stop,354,72,426,0.15,
mt_set5/frenetic/test-331,2026-08-29T17:07:06.807254+00:00,2026-08-29T17:07:09.388638+00:00,2.5813,ok,0,stop,353,77,430,0.15,
mt/set_9/ambiegen/test-892,2026-08-29T17:07:09.388688+00:00,2026-08-29T17:07:12.831634+00:00,3.4429,ok,0,stop,354,72,426,0.15,
mt/set_7/frenetic_v/odr/test-638,2026-08-29T17:07:12.831681+00:00,2026-08-29T17:07:15.535586+00:00,2.7039,ok,0,stop,355,78,433,0.15,
mt/set_16/frenetic/test-448,2026-08-29T17:07:15.535670+00:00,2026-08-29T17:07:18.103330+00:00,2.5676,ok,0,stop,354,72,426,0.15,
mt/set_11/frenetic/test-892,2026-08-29T17:07:18.103382+00:00,2026-08-29T17:07:20.899673+00:00,2.7963,ok,0,stop,354,78,432,0.15,
mt_set5/frenetic/test-611,2026-08-29T17:07:20.899722+00:00,2026-08-29T17:07:23.512972+00:00,2.6132,ok,0,stop,353,72,425,0.15,
mt/set_13/frenetic/test-46,2026-08-29T17:07:23.513022+00:00,2026-08-29T17:07:25.937125+00:00,2.4241,ok,0,stop,353,72,425,0.15,
mt/set_7/frenetic/odr/test-349,2026-08-29T17:07:25.937175+00:00,2026-08-29T17:07:28.678369+00:00,2.7411,ok,0,stop,354,72,426,0.15,
mt/set_10/ambiegen/test-593,2026-08-29T17:07:28.678491+00:00,2026-08-29T17:07:31.718210+00:00,3.0397,ok,0,stop,354,77,431,0.15,
mt/set_18/ambiegen/test-394,2026-08-29T17:07:31.718266+00:00,2026-08-29T17:07:34.129970+00:00,2.4117,ok,0,stop,354,77,431,0.15,
mt/set_7/frenetic/odr/test-715,2026-08-29T17:07:34.130014+00:00,2026-08-29T17:07:36.813921+00:00,2.6839,ok,0,stop,353,77,430,0.15,
mt_set6/frenetic/test-395,2026-08-29T17:07:36.813966+00:00,2026-08-29T17:07:39.385004+00:00,2.571,ok,0,stop,353,72,425,0.15,
mt/set_18/ambiegen/test-823,2026-08-29T17:07:39.385048+00:00,2026-08-29T17:07:41.761552+00:00,2.3765,ok,0,stop,354,72,426,0.15,
mt/set_14/frenetic_v/test-634,2026-08-29T17:07:41.761592+00:00,2026-08-29T17:07:44.355384+00:00,2.5938,ok,0,stop,354,72,426,0.15,
mt/set_18/ambiegen/test-399,2026-08-29T17:07:44.355419+00:00,2026-08-29T17:07:47.020923+00:00,2.6655,ok,0,stop,354,72,426,0.15,
mt/set_9/frenetic_v/test-382,2026-08-29T17:07:47.020970+00:00,2026-08-29T17:07:49.647778+00:00,2.6268,ok,0,stop,354,72,426,0.15,
mt/set_2/ambiegen/odr/test-260,2026-08-29T17:07:49.647815+00:00,2026-08-29T17:07:52.195990+00:00,2.5481,ok,0,stop,354,77,431,0.15,
mt/set_16/ambiegen/test-629,2026-08-29T17:07:52.196057+00:00,2026-08-29T17:07:54.869926+00:00,2.6738,ok,0,stop,354,72,426,0.15,
mt_set5/frenetic_v/test-367,2026-08-29T17:07:54.869977+00:00,2026-08-29T17:07:57.455792+00:00,2.5858,ok,0,stop,355,72,427,0.15,
mt/set_17/ambiegen/test-131,2026-08-29T17:07:57.455824+00:00,2026-08-29T17:08:00.506238+00:00,3.0504,ok,0,stop,355,92,447,0.15,
mt/set_12/frenetic_v/test-154,2026-08-29T17:08:00.506296+00:00,2026-08-29T17:08:03.362821+00:00,2.8565,ok,0,stop,354,72,426,0.15,
mt/set_7/frenetic_v/odr/test-54,2026-08-29T17:08:03.362885+00:00,2026-08-29T17:08:06.101611+00:00,2.7387,ok,0,stop,355,77,432,0.15,
mt/set_9/frenetic/test-532,2026-08-29T17:08:06.101678+00:00,2026-08-29T17:08:08.676922+00:00,2.5752,ok,0,stop,354,72,426,0.15,
mt/set_16/frenetic/test-948,2026-08-29T17:08:08.676969+00:00,2026-08-29T17:08:11.355324+00:00,2.6783,ok,0,stop,353,72,425,0.15,
mt/set_2/ambiegen/odr/test-395,2026-08-29T17:08:11.355366+00:00,2026-08-29T17:08:13.881982+00:00,2.5266,ok,0,stop,353,72,425,0.15,
mt/set_8/frenetic/odr/test-218,2026-08-29T17:08:13.882024+00:00,2026-08-29T17:08:16.445581+00:00,2.5635,ok,0,stop,354,77,431,0.15,
mt/set_11/frenetic/test-326,2026-08-29T17:08:16.445635+00:00,2026-08-29T17:08:19.071165+00:00,2.6255,ok,0,stop,353,77,430,0.15,
mt/set_14/frenetic/test-529,2026-08-29T17:08:19.071202+00:00,2026-08-29T17:08:22.061597+00:00,2.9904,ok,0,stop,354,72,426,0.15,
mt_set5/frenetic/test-529,2026-08-29T17:08:22.061657+00:00,2026-08-29T17:08:24.535180+00:00,2.4735,ok,0,stop,353,72,425,0.15,
mt/set_13/frenetic/test-854,2026-08-29T17:08:24.535240+00:00,2026-08-29T17:08:27.189848+00:00,2.6546,ok,0,stop,353,72,425,0.15,
mt/set_2/ambiegen/odr/test-350,2026-08-29T17:08:27.189905+00:00,2026-08-29T17:08:29.664218+00:00,2.4743,ok,0,stop,354,72,426,0.15,
mt_set5/frenetic/test-154,2026-08-29T17:08:29.664267+00:00,2026-08-29T17:08:32.329160+00:00,2.6649,ok,0,stop,354,78,432,0.15,
mt/set_10/frenetic_v/test-612,2026-08-29T17:08:32.329223+00:00,2026-08-29T17:08:34.897278+00:00,2.568,ok,0,stop,354,77,431,0.15,
mt/set_18/ambiegen/test-746,2026-08-29T17:08:34.897336+00:00,2026-08-29T17:08:37.652481+00:00,2.7551,ok,0,stop,354,77,431,0.15,
mt/set_7/frenetic_v/odr/test-569,2026-08-29T17:08:37.652535+00:00,2026-08-29T17:08:40.305048+00:00,2.6525,ok,0,stop,355,78,433,0.15,
mt/set_17/frenetic_v/test-194,2026-08-29T17:08:40.305120+00:00,2026-08-29T17:08:42.886545+00:00,2.5814,ok,0,stop,355,72,427,0.15,
mt_set5/ambiegen/test-358,2026-08-29T17:08:42.886584+00:00,2026-08-29T17:08:45.623814+00:00,2.7372,ok,0,stop,354,81,435,0.35,
mt/set_10/frenetic_v/test-428,2026-08-29T17:08:45.623856+00:00,2026-08-29T17:08:48.214621+00:00,2.5907,ok,0,stop,354,72,426,0.15,
mt/set_14/frenetic/test-176,2026-08-29T17:08:48.214671+00:00,2026-08-29T17:08:50.963452+00:00,2.7487,ok,0,stop,354,78,432,0.25,
mt_set5/frenetic_v/test-789,2026-08-29T17:08:50.963512+00:00,2026-08-29T17:08:53.599110+00:00,2.6356,ok,0,stop,355,78,433,0.15,
mt/set_16/ambiegen/test-186,2026-08-29T17:08:53.599148+00:00,2026-08-29T17:08:56.204055+00:00,2.6049,ok,0,stop,354,76,430,0.45,
mt/set_16/frenetic_v/test-81,2026-08-29T17:08:56.204087+00:00,2026-08-29T17:08:58.907764+00:00,2.7036,ok,0,stop,354,72,426,0.15,
mt/set_13/frenetic_v/test-388,2026-08-29T17:08:58.907822+00:00,2026-08-29T17:09:01.475331+00:00,2.5675,ok,0,stop,355,72,427,0.15,
mt/set_18/frenetic/test-591,2026-08-29T17:09:01.475373+00:00,2026-08-29T17:09:03.927675+00:00,2.4523,ok,0,stop,353,72,425,0.15,
mt_set5/ambiegen/test-568,2026-08-29T17:09:03.927730+00:00,2026-08-29T17:09:06.454502+00:00,2.5267,ok,0,stop,354,72,426,0.15,
mt/set_17/ambiegen/test-189,2026-08-29T17:09:06.454544+00:00,2026-08-29T17:09:09.111358+00:00,2.6568,ok,0,stop,354,77,431,0.15,
mt_set5/frenetic/test-243,2026-08-29T17:09:09.111408+00:00,2026-08-29T17:09:11.528975+00:00,2.4175,ok,0,stop,353,72,425,0.15,
mt/set_10/ambiegen/test-353,2026-08-29T17:09:11.529031+00:00,2026-08-29T17:09:14.105662+00:00,2.5766,ok,0,stop,353,77,430,0.15,
mt/set_11/frenetic/test-669,2026-08-29T17:09:14.105705+00:00,2026-08-29T17:09:16.982398+00:00,2.8767,ok,0,stop,354,77,431,0.15,
mt/set_7/ambiegen/odr/test-223,2026-08-29T17:09:16.982441+00:00,2026-08-29T17:09:19.681750+00:00,2.6993,ok,0,stop,354,77,431,0.15,
mt/set_11/frenetic_v/test-530,2026-08-29T17:09:19.681812+00:00,2026-08-29T17:09:22.121485+00:00,2.4396,ok,0,stop,354,72,426,0.15,
mt/set_12/frenetic_v/test-628,2026-08-29T17:09:22.121546+00:00,2026-08-29T17:09:24.728212+00:00,2.6066,ok,0,stop,354,72,426,0.15,
mt/set_10/frenetic_v/test-503,2026-08-29T17:09:24.728276+00:00,2026-08-29T17:09:27.507747+00:00,2.7794,ok,0,stop,355,78,433,0.15,
mt_set5/ambiegen/test-438,2026-08-29T17:09:27.507805+00:00,2026-08-29T17:09:30.087939+00:00,2.5801,ok,0,stop,354,77,431,0.15,
mt_set5/frenetic/test-749,2026-08-29T17:09:30.088003+00:00,2026-08-29T17:09:32.717098+00:00,2.6291,ok,0,stop,353,77,430,0.15,
mt/set_14/frenetic_v/test-507,2026-08-29T17:09:32.717140+00:00,2026-08-29T17:09:35.243321+00:00,2.5261,ok,0,stop,355,72,427,0.15,
mt/set_14/ambiegen/test-416,2026-08-29T17:09:35.243382+00:00,2026-08-29T17:09:38.002226+00:00,2.7588,ok,0,stop,354,77,431,0.15,
mt/set_11/frenetic/test-392,2026-08-29T17:09:38.002288+00:00,2026-08-29T17:09:40.753826+00:00,2.7515,ok,0,stop,354,78,432,0.15,
mt/set_11/ambiegen/test-902,2026-08-29T17:09:40.753886+00:00,2026-08-29T17:09:43.566780+00:00,2.8128,ok,0,stop,355,80,435,0.15,
mt/set_13/frenetic_v/test-395,2026-08-29T17:09:43.566836+00:00,2026-08-29T17:09:46.063055+00:00,2.4962,ok,0,stop,355,72,427,0.15,
mt/set_14/frenetic_v/test-932,2026-08-29T17:09:46.063115+00:00,2026-08-29T17:09:48.721405+00:00,2.6582,ok,0,stop,355,72,427,0.15,
mt/set_2/ambiegen/odr/test-431,2026-08-29T17:09:48.721497+00:00,2026-08-29T17:09:51.278324+00:00,2.5568,ok,0,stop,355,72,427,0.15,
mt/set_8/frenetic_v/odr/test-698,2026-08-29T17:09:51.278381+00:00,2026-08-29T17:09:54.278510+00:00,3.0001,ok,0,stop,355,92,447,0.15,
mt/set_6/frenetic_v/test-759,2026-08-29T17:09:54.278553+00:00,2026-08-29T17:09:56.944005+00:00,2.6654,ok,0,stop,355,78,433,0.15,
mt/set_13/frenetic_v/test-387,2026-08-29T17:09:56.944074+00:00,2026-08-29T17:09:59.522830+00:00,2.5787,ok,0,stop,355,72,427,0.15,
mt/set_7/ambiegen/odr/test-456,2026-08-29T17:09:59.522892+00:00,2026-08-29T17:10:02.983714+00:00,3.4608,ok,0,stop,354,83,437,0.35,
mt/set_7/frenetic/odr/test-274,2026-08-29T17:10:02.983775+00:00,2026-08-29T17:10:07.255088+00:00,4.2713,ok,0,stop,354,72,426,0.15,
mt/set_18/frenetic_v/test-223,2026-08-29T17:10:07.255148+00:00,2026-08-29T17:10:09.880344+00:00,2.6252,ok,0,stop,355,78,433,0.15,
mt/set_13/ambiegen/test-939,2026-08-29T17:10:09.880394+00:00,2026-08-29T17:10:12.505610+00:00,2.6252,ok,0,stop,355,82,437,0.25,
mt_set6/frenetic/test-376,2026-08-29T17:10:12.505660+00:00,2026-08-29T17:10:15.199361+00:00,2.6937,ok,0,stop,354,77,431,0.15,
mt/set_16/frenetic_v/test-689,2026-08-29T17:10:15.199411+00:00,2026-08-29T17:10:18.590966+00:00,3.3915,ok,0,stop,355,72,427,0.15,
mt/set_8/frenetic/odr/test-846,2026-08-29T17:10:18.591015+00:00,2026-08-29T17:10:21.101861+00:00,2.5108,ok,0,stop,353,72,425,0.15,
mt/set_14/ambiegen/test-505,2026-08-29T17:10:21.101903+00:00,2026-08-29T17:10:23.928080+00:00,2.8261,ok,0,stop,355,77,432,0.35,
mt/set_9/frenetic/test-140,2026-08-29T17:10:23.928142+00:00,2026-08-29T17:10:26.576083+00:00,2.6479,ok,0,stop,354,77,431,0.15,
mt/set_7/frenetic/odr/test-9,2026-08-29T17:10:26.576144+00:00,2026-08-29T17:10:29.157864+00:00,2.5817,ok,0,stop,353,77,430,0.15,
mt/set_14/frenetic/test-226,2026-08-29T17:10:29.157913+00:00,2026-08-29T17:10:31.973580+00:00,2.8156,ok,0,stop,354,72,426,0.15,
mt_set5/ambiegen/test-615,2026-08-29T17:10:31.973621+00:00,2026-08-29T17:10:34.430105+00:00,2.4564,ok,0,stop,354,72,426,0.15,
mt_set5/ambiegen/test-19,2026-08-29T17:10:34.430151+00:00,2026-08-29T17:10:37.024001+00:00,2.5938,ok,0,stop,355,72,427,0.15,
mt/set_12/frenetic/test-138,2026-08-29T17:10:37.024049+00:00,2026-08-29T17:10:39.635859+00:00,2.6118,ok,0,stop,354,78,432,0.15,
mt/set_13/frenetic_v/test-337,2026-08-29T17:10:39.635908+00:00,2026-08-29T17:10:42.379973+00:00,2.744,ok,0,stop,355,72,427,0.15,
mt/set_12/frenetic_v/test-217,2026-08-29T17:10:42.380033+00:00,2026-08-29T17:10:45.039226+00:00,2.6592,ok,0,stop,355,80,435,0.15,
mt/set_13/frenetic/test-457,2026-08-29T17:10:45.039267+00:00,2026-08-29T17:10:47.791479+00:00,2.7522,ok,0,stop,353,72,425,0.15,
mt/set_7/ambiegen/odr/test-838,2026-08-29T17:10:47.791529+00:00,2026-08-29T17:10:50.468238+00:00,2.6767,ok,0,stop,354,72,426,0.15,
mt/set_14/ambiegen/test-134,2026-08-29T17:10:50.468278+00:00,2026-08-29T17:10:53.144403+00:00,2.6761,ok,0,stop,354,77,431,0.15,
mt/set_17/ambiegen/test-236,2026-08-29T17:10:53.144447+00:00,2026-08-29T17:10:56.042575+00:00,2.8981,ok,0,stop,354,84,438,0.35,
mt/set_16/frenetic_v/test-608,2026-08-29T17:10:56.042609+00:00,2026-08-29T17:10:59.105849+00:00,3.0632,ok,0,stop,355,78,433,0.15,
mt/set_8/frenetic/odr/test-549,2026-08-29T17:10:59.105890+00:00,2026-08-29T17:11:03.945892+00:00,4.84,ok,0,stop,354,77,431,0.15,
mt/set_7/ambiegen/odr/test-538,2026-08-29T17:11:03.945927+00:00,2026-08-29T17:11:06.550029+00:00,2.6041,ok,0,stop,353,77,430,0.15,
mt/set_16/frenetic_v/test-853,2026-08-29T17:11:06.550071+00:00,2026-08-29T17:11:09.191557+00:00,2.6414,ok,0,stop,354,72,426,0.15,
mt/set_14/frenetic/test-767,2026-08-29T17:11:09.191623+00:00,2026-08-29T17:11:11.630508+00:00,2.4388,ok,0,stop,353,72,425,0.15,
mt/set_14/frenetic_v/test-152,2026-08-29T17:11:11.630562+00:00,2026-08-29T17:11:14.181616+00:00,2.551,ok,0,stop,355,72,427,0.15,
mt/set_2/ambiegen/odr/test-716,2026-08-29T17:11:14.181710+00:00,2026-08-29T17:11:16.726036+00:00,2.5443,ok,0,stop,354,72,426,0.15,
mt/set_6/frenetic_v/test-672,2026-08-29T17:11:16.726077+00:00,2026-08-29T17:11:19.205181+00:00,2.4791,ok,0,stop,354,72,426,0.15,
mt/set_13/frenetic/test-374,2026-08-29T17:11:19.205222+00:00,2026-08-29T17:11:21.710659+00:00,2.5054,ok,0,stop,354,72,426,0.15,
mt/set_14/frenetic_v/test-344,2026-08-29T17:11:21.710710+00:00,2026-08-29T17:11:24.491360+00:00,2.7806,ok,0,stop,355,77,432,0.15,
mt_set5/ambiegen/test-497,2026-08-29T17:11:24.491400+00:00,2026-08-29T17:11:27.076268+00:00,2.5848,ok,0,stop,354,72,426,0.15,
mt/set_17/ambiegen/test-876,2026-08-29T17:11:27.076306+00:00,2026-08-29T17:11:29.558801+00:00,2.4825,ok,0,stop,354,72,426,0.15,
mt/set_17/frenetic_v/test-507,2026-08-29T17:11:29.558862+00:00,2026-08-29T17:11:33.255983+00:00,3.6971,ok,0,stop,354,72,426,0.15,
mt_set6/frenetic/test-837,2026-08-29T17:11:33.256042+00:00,2026-08-29T17:11:35.691884+00:00,2.4358,ok,0,stop,353,72,425,0.15,
mt/set_14/frenetic/test-680,2026-08-29T17:11:35.691926+00:00,2026-08-29T17:11:38.243515+00:00,2.5516,ok,0,stop,354,72,426,0.15,
mt/set_2/ambiegen/odr/test-87,2026-08-29T17:11:38.243558+00:00,2026-08-29T17:11:40.951800+00:00,2.7082,ok,0,stop,354,77,431,0.15,
mt/set_7/ambiegen/odr/test-106,2026-08-29T17:11:40.951847+00:00,2026-08-29T17:11:43.602857+00:00,2.651,ok,0,stop,354,77,431,0.15,
mt/set_18/frenetic/test-589,2026-08-29T17:11:43.602902+00:00,2026-08-29T17:11:48.685786+00:00,5.0828,ok,0,stop,354,77,431,0.15,
mt/set_8/frenetic_v/odr/test-203,2026-08-29T17:11:48.685847+00:00,2026-08-29T17:11:50.992581+00:00,2.3067,ok,0,stop,354,72,426,0.15,
mt/set_10/frenetic_v/test-618,2026-08-29T17:11:50.992621+00:00,2026-08-29T17:11:53.373575+00:00,2.3809,ok,0,stop,355,68,423,0.15,
mt/set_17/frenetic/test-486,2026-08-29T17:11:53.373617+00:00,2026-08-29T17:11:56.053672+00:00,2.68,ok,0,stop,354,78,432,0.15,
mt/set_10/ambiegen/test-520,2026-08-29T17:11:56.053713+00:00,2026-08-29T17:11:58.702899+00:00,2.6492,ok,0,stop,354,72,426,0.15,
mt/set_17/frenetic/test-335,2026-08-29T17:11:58.702940+00:00,2026-08-29T17:12:01.081953+00:00,2.379,ok,0,stop,353,72,425,0.15,
mt/set_18/frenetic_v/test-125,2026-08-29T17:12:01.082015+00:00,2026-08-29T17:12:03.708036+00:00,2.626,ok,0,stop,355,77,432,0.15,
mt/set_18/frenetic_v/test-68,2026-08-29T17:12:03.708086+00:00,2026-08-29T17:12:06.354615+00:00,2.6465,ok,0,stop,354,72,426,0.15,
mt/set_9/frenetic_v/test-71,2026-08-29T17:12:06.354655+00:00,2026-08-29T17:12:08.943114+00:00,2.5884,ok,0,stop,355,72,427,0.15,
mt/set_13/ambiegen/test-832,2026-08-29T17:12:08.943150+00:00,2026-08-29T17:12:11.369265+00:00,2.4261,ok,0,stop,355,72,427,0.15,
mt/set_7/frenetic_v/odr/test-869,2026-08-29T17:12:11.369305+00:00,2026-08-29T17:12:13.987280+00:00,2.6179,ok,0,stop,355,72,427,0.15,
mt/set_16/frenetic/test-531,2026-08-29T17:12:13.987323+00:00,2026-08-29T17:12:17.893773+00:00,3.9064,ok,0,stop,354,72,426,0.15,
mt/set_9/frenetic/test-154,2026-08-29T17:12:17.893816+00:00,2026-08-29T17:12:20.536807+00:00,2.643,ok,0,stop,353,72,425,0.15,
mt/set_6/frenetic_v/test-334,2026-08-29T17:12:20.536852+00:00,2026-08-29T17:12:23.204508+00:00,2.6676,ok,0,stop,354,72,426,0.15,
mt/set_16/frenetic/test-668,2026-08-29T17:12:23.204568+00:00,2026-08-29T17:12:25.752941+00:00,2.5483,ok,0,stop,354,72,426,0.15,
mt/set_17/frenetic/test-793,2026-08-29T17:12:25.752984+00:00,2026-08-29T17:12:28.415775+00:00,2.6628,ok,0,stop,353,72,425,0.15,
mt/set_7/frenetic/odr/test-140,2026-08-29T17:12:28.415818+00:00,2026-08-29T17:12:33.274176+00:00,4.8583,ok,0,stop,353,72,425,0.15,
mt/set_13/frenetic/test-162,2026-08-29T17:12:33.274219+00:00,2026-08-29T17:12:35.879813+00:00,2.6056,ok,0,stop,354,78,432,0.25,
mt/set_16/ambiegen/test-62,2026-08-29T17:12:35.879874+00:00,2026-08-29T17:12:38.481672+00:00,2.6018,ok,0,stop,355,72,427,0.15,
mt/set_8/ambiegen/odr/test-549,2026-08-29T17:12:38.481733+00:00,2026-08-29T17:12:41.135361+00:00,2.6536,ok,0,stop,355,68,423,0.15,
mt/set_7/ambiegen/odr/test-388,2026-08-29T17:12:41.135408+00:00,2026-08-29T17:12:43.860565+00:00,2.7251,ok,0,stop,355,77,432,0.15,
mt/set_9/ambiegen/test-626,2026-08-29T17:12:43.860608+00:00,2026-08-29T17:12:46.271830+00:00,2.4112,ok,0,stop,354,72,426,0.15,
mt/set_14/frenetic/test-66,2026-08-29T17:12:46.271894+00:00,2026-08-29T17:12:49.285554+00:00,3.0136,ok,0,stop,354,92,446,0.15,
mt/set_17/ambiegen/test-152,2026-08-29T17:12:49.285614+00:00,2026-08-29T17:12:51.763690+00:00,2.478,ok,0,stop,354,72,426,0.15,
mt/set_8/frenetic/odr/test-639,2026-08-29T17:12:51.763729+00:00,2026-08-29T17:12:54.450731+00:00,2.687,ok,0,stop,353,77,430,0.15,
mt_set6/frenetic/test-632,2026-08-29T17:12:54.450763+00:00,2026-08-29T17:12:57.121118+00:00,2.6703,ok,0,stop,353,72,425,0.15,
mt/set_8/ambiegen/odr/test-137,2026-08-29T17:12:57.121179+00:00,2026-08-29T17:12:59.694411+00:00,2.5732,ok,0,stop,354,77,431,0.15,
mt/set_9/frenetic/test-438,2026-08-29T17:12:59.694461+00:00,2026-08-29T17:13:02.275604+00:00,2.5811,ok,0,stop,353,79,432,0.25,
mt/set_10/ambiegen/test-516,2026-08-29T17:13:02.275640+00:00,2026-08-29T17:13:05.121573+00:00,2.8459,ok,0,stop,354,77,431,0.15,
mt/set_12/ambiegen/test-896,2026-08-29T17:13:05.121617+00:00,2026-08-29T17:13:07.662559+00:00,2.5409,ok,0,stop,355,72,427,0.15,
mt/set_9/ambiegen/test-256,2026-08-29T17:13:07.662611+00:00,2026-08-29T17:13:10.327047+00:00,2.6644,ok,0,stop,354,77,431,0.15,
mt/set_14/frenetic_v/test-895,2026-08-29T17:13:10.327086+00:00,2026-08-29T17:13:13.049330+00:00,2.7222,ok,0,stop,354,77,431,0.15,
mt/set_6/frenetic_v/test-226,2026-08-29T17:13:13.049500+00:00,2026-08-29T17:13:15.616221+00:00,2.5667,ok,0,stop,354,72,426,0.15,
mt/set_9/ambiegen/test-69,2026-08-29T17:13:15.616284+00:00,2026-08-29T17:13:18.133819+00:00,2.5175,ok,0,stop,354,72,426,0.15,
mt/set_16/ambiegen/test-804,2026-08-29T17:13:18.133873+00:00,2026-08-29T17:13:20.643735+00:00,2.5098,ok,0,stop,354,77,431,0.15,
mt/set_11/ambiegen/test-845,2026-08-29T17:13:20.643778+00:00,2026-08-29T17:13:23.328170+00:00,2.6844,ok,0,stop,354,72,426,0.15,
mt/set_11/ambiegen/test-647,2026-08-29T17:13:23.328210+00:00,2026-08-29T17:13:25.693017+00:00,2.3648,ok,0,stop,355,70,425,0.65,
mt/set_7/frenetic_v/odr/test-723,2026-08-29T17:13:25.693083+00:00,2026-08-29T17:13:28.258425+00:00,2.5653,ok,0,stop,354,72,426,0.15,
mt_set6/frenetic/test-494,2026-08-29T17:13:28.258459+00:00,2026-08-29T17:13:30.852086+00:00,2.5936,ok,0,stop,353,72,425,0.15,
mt/set_14/ambiegen/test-476,2026-08-29T17:13:30.852130+00:00,2026-08-29T17:13:33.446395+00:00,2.5942,ok,0,stop,354,72,426,0.15,
mt/set_9/frenetic/test-90,2026-08-29T17:13:33.446433+00:00,2026-08-29T17:13:35.976087+00:00,2.5296,ok,0,stop,353,72,425,0.15,
mt/set_13/ambiegen/test-747,2026-08-29T17:13:35.976147+00:00,2026-08-29T17:13:38.667219+00:00,2.691,ok,0,stop,354,72,426,0.15,
mt/set_13/ambiegen/test-22,2026-08-29T17:13:38.667298+00:00,2026-08-29T17:13:41.394047+00:00,2.7267,ok,0,stop,354,77,431,0.15,
mt/set_11/frenetic_v/test-195,2026-08-29T17:13:41.394105+00:00,2026-08-29T17:13:43.938936+00:00,2.5448,ok,0,stop,354,72,426,0.15,
mt/set_14/frenetic/test-889,2026-08-29T17:13:43.938993+00:00,2026-08-29T17:13:46.344786+00:00,2.4058,ok,0,stop,353,72,425,0.15,
mt/set_16/ambiegen/test-438,2026-08-29T17:13:46.344839+00:00,2026-08-29T17:13:49.310964+00:00,2.9661,ok,0,stop,354,77,431,0.15,
mt/set_14/ambiegen/test-754,2026-08-29T17:13:49.311005+00:00,2026-08-29T17:13:51.872604+00:00,2.5616,ok,0,stop,354,72,426,0.15,
mt/set_10/frenetic_v/test-254,2026-08-29T17:13:51.872662+00:00,2026-08-29T17:13:54.317152+00:00,2.4444,ok,0,stop,354,72,426,0.15,
mt/set_13/frenetic/test-496,2026-08-29T17:13:54.317210+00:00,2026-08-29T17:13:57.324693+00:00,3.0074,ok,0,stop,354,92,446,0.15,
mt/set_13/frenetic/test-862,2026-08-29T17:13:57.324733+00:00,2026-08-29T17:13:59.921283+00:00,2.5965,ok,0,stop,354,77,431,0.15,
mt/set_11/frenetic/test-824,2026-08-29T17:13:59.921320+00:00,2026-08-29T17:14:02.434278+00:00,2.5129,ok,0,stop,354,72,426,0.15,
mt/set_13/ambiegen/test-537,2026-08-29T17:14:02.434360+00:00,2026-08-29T17:14:05.157680+00:00,2.7233,ok,0,stop,354,76,430,0.45,
mt/set_6/frenetic_v/test-637,2026-08-29T17:14:05.157725+00:00,2026-08-29T17:14:07.606007+00:00,2.4483,ok,0,stop,354,77,431,0.15,
mt/set_17/frenetic/test-268,2026-08-29T17:14:07.606046+00:00,2026-08-29T17:14:10.110790+00:00,2.5047,ok,0,stop,354,72,426,0.15,
mt/set_9/frenetic_v/test-638,2026-08-29T17:14:10.110830+00:00,2026-08-29T17:14:12.745833+00:00,2.635,ok,0,stop,354,72,426,0.15,
mt/set_16/frenetic/test-42,2026-08-29T17:14:12.745872+00:00,2026-08-29T17:14:15.503997+00:00,2.7581,ok,0,stop,353,77,430,0.15,
mt/set_16/ambiegen/test-674,2026-08-29T17:14:15.504037+00:00,2026-08-29T17:14:18.074826+00:00,2.5707,ok,0,stop,354,77,431,0.15,
mt/set_12/ambiegen/test-195,2026-08-29T17:14:18.074880+00:00,2026-08-29T17:14:20.660782+00:00,2.5859,ok,0,stop,355,77,432,0.15,
mt/set_2/ambiegen/odr/test-96,2026-08-29T17:14:20.660821+00:00,2026-08-29T17:14:23.479023+00:00,2.8182,ok,0,stop,355,72,427,0.15,
mt/set_10/frenetic_v/test-289,2026-08-29T17:14:23.479083+00:00,2026-08-29T17:14:25.930990+00:00,2.4519,ok,0,stop,355,72,427,0.15,
mt/set_18/frenetic/test-195,2026-08-29T17:14:25.931034+00:00,2026-08-29T17:14:28.397276+00:00,2.4662,ok,0,stop,353,72,425,0.15,
mt/set_11/frenetic/test-837,2026-08-29T17:14:28.397336+00:00,2026-08-29T17:14:30.948473+00:00,2.5511,ok,0,stop,354,72,426,0.15,
mt/set_8/frenetic/odr/test-169,2026-08-29T17:14:30.948534+00:00,2026-08-29T17:14:33.553494+00:00,2.6049,ok,0,stop,354,72,426,0.15,
mt/set_18/frenetic/test-648,2026-08-29T17:14:33.553543+00:00,2026-08-29T17:14:36.008328+00:00,2.4547,ok,0,stop,354,72,426,0.15,
mt/set_7/frenetic/odr/test-179,2026-08-29T17:14:36.008379+00:00,2026-08-29T17:14:38.625782+00:00,2.6174,ok,0,stop,354,72,426,0.15,
mt/set_7/frenetic_v/odr/test-469,2026-08-29T17:14:38.625854+00:00,2026-08-29T17:14:41.572443+00:00,2.9466,ok,0,stop,355,92,447,0.15,
mt/set_8/frenetic_v/odr/test-208,2026-08-29T17:14:41.572481+00:00,2026-08-29T17:14:44.485270+00:00,2.9128,ok,0,stop,355,92,447,0.15,
mt/set_14/ambiegen/test-330,2026-08-29T17:14:44.485309+00:00,2026-08-29T17:14:47.082424+00:00,2.5971,ok,0,stop,354,72,426,0.15,
mt/set_17/frenetic_v/test-632,2026-08-29T17:14:47.082472+00:00,2026-08-29T17:14:49.670433+00:00,2.5879,ok,0,stop,355,72,427,0.15,
mt/set_13/frenetic_v/test-564,2026-08-29T17:14:49.670472+00:00,2026-08-29T17:14:52.134351+00:00,2.4638,ok,0,stop,354,72,426,0.15,
mt/set_10/frenetic_v/test-119,2026-08-29T17:14:52.134391+00:00,2026-08-29T17:14:54.621002+00:00,2.4866,ok,0,stop,354,72,426,0.15,
mt/set_10/ambiegen/test-756,2026-08-29T17:14:54.621046+00:00,2026-08-29T17:14:57.627647+00:00,3.0066,ok,0,stop,355,76,431,0.45,
mt/set_11/ambiegen/test-57,2026-08-29T17:14:57.627694+00:00,2026-08-29T17:15:00.292413+00:00,2.6647,ok,0,stop,354,72,426,0.15,
mt/set_10/frenetic/test-207,2026-08-29T17:15:00.292459+00:00,2026-08-29T17:15:02.694163+00:00,2.4017,ok,0,stop,354,72,426,0.15,
mt/set_18/frenetic_v/test-228,2026-08-29T17:15:02.694207+00:00,2026-08-29T17:15:05.369895+00:00,2.6757,ok,0,stop,354,72,426,0.15,
mt/set_11/frenetic/test-944,2026-08-29T17:15:05.369937+00:00,2026-08-29T17:15:07.930296+00:00,2.5603,ok,0,stop,353,77,430,0.15,
mt/set_9/frenetic_v/test-159,2026-08-29T17:15:07.930350+00:00,2026-08-29T17:15:10.613943+00:00,2.6836,ok,0,stop,355,72,427,0.15,
mt_set5/frenetic_v/test-680,2026-08-29T17:15:10.613992+00:00,2026-08-29T17:15:13.228352+00:00,2.6143,ok,0,stop,354,72,426,0.15,
mt/set_16/ambiegen/test-662,2026-08-29T17:15:13.228397+00:00,2026-08-29T17:15:15.710982+00:00,2.4825,ok,0,stop,354,78,432,0.65,
mt/set_14/ambiegen/test-901,2026-08-29T17:15:15.711025+00:00,2026-08-29T17:15:18.172390+00:00,2.4613,ok,0,stop,355,72,427,0.15,
mt/set_2/ambiegen/odr/test-127,2026-08-29T17:15:18.172440+00:00,2026-08-29T17:15:20.737360+00:00,2.5649,ok,0,stop,354,72,426,0.15,
mt/set_8/ambiegen/odr/test-325,2026-08-29T17:15:20.737401+00:00,2026-08-29T17:15:23.508848+00:00,2.7714,ok,0,stop,354,77,431,0.15,
mt_set6/frenetic/test-587,2026-08-29T17:15:23.508891+00:00,2026-08-29T17:15:26.225984+00:00,2.7171,ok,0,stop,353,85,438,0.15,
mt/set_11/frenetic/test-725,2026-08-29T17:15:26.226028+00:00,2026-08-29T17:15:28.745008+00:00,2.5189,ok,0,stop,353,72,425,0.15,
mt/set_17/ambiegen/test-661,2026-08-29T17:15:28.745050+00:00,2026-08-29T17:15:31.562881+00:00,2.8178,ok,0,stop,354,72,426,0.15,
mt/set_9/ambiegen/test-912,2026-08-29T17:15:31.562927+00:00,2026-08-29T17:15:34.014436+00:00,2.4515,ok,0,stop,354,69,423,0.65,
mt_set6/frenetic/test-187,2026-08-29T17:15:34.014479+00:00,2026-08-29T17:15:36.479813+00:00,2.4653,ok,0,stop,353,72,425,0.15,
mt/set_8/ambiegen/odr/test-606,2026-08-29T17:15:36.479856+00:00,2026-08-29T17:15:39.078935+00:00,2.599,ok,0,stop,353,71,424,0.15,
mt/set_14/frenetic_v/test-207,2026-08-29T17:15:39.078979+00:00,2026-08-29T17:15:41.699130+00:00,2.6201,ok,0,stop,355,78,433,0.15,
mt/set_16/ambiegen/test-792,2026-08-29T17:15:41.699173+00:00,2026-08-29T17:15:44.171880+00:00,2.4727,ok,0,stop,354,72,426,0.15,
mt/set_16/frenetic/test-633,2026-08-29T17:15:44.171923+00:00,2026-08-29T17:15:46.741678+00:00,2.5697,ok,0,stop,353,77,430,0.15,
mt/set_11/frenetic_v/test-321,2026-08-29T17:15:46.741729+00:00,2026-08-29T17:15:49.511559+00:00,2.7698,ok,0,stop,355,77,432,0.15,
mt/set_7/frenetic_v/odr/test-872,2026-08-29T17:15:49.511604+00:00,2026-08-29T17:15:52.133864+00:00,2.6222,ok,0,stop,355,77,432,0.15,
mt/set_10/frenetic_v/test-525,2026-08-29T17:15:52.133907+00:00,2026-08-29T17:15:54.725873+00:00,2.5919,ok,0,stop,354,72,426,0.15,
mt/set_12/frenetic/test-614,2026-08-29T17:15:54.725916+00:00,2026-08-29T17:15:57.344990+00:00,2.619,ok,0,stop,353,72,425,0.15,
mt/set_9/ambiegen/test-816,2026-08-29T17:15:57.345033+00:00,2026-08-29T17:15:59.885901+00:00,2.5408,ok,0,stop,354,72,426,0.15,
mt_set5/ambiegen/test-102,2026-08-29T17:15:59.885951+00:00,2026-08-29T17:16:02.448197+00:00,2.5622,ok,0,stop,354,77,431,0.15,
mt/set_7/frenetic_v/odr/test-570,2026-08-29T17:16:02.448234+00:00,2026-08-29T17:16:05.714775+00:00,3.2665,ok,0,stop,355,92,447,0.15,
mt_set5/frenetic/test-337,2026-08-29T17:16:05.714821+00:00,2026-08-29T17:16:08.404302+00:00,2.6894,ok,0,stop,353,77,430,0.15,
mt/set_11/frenetic_v/test-163,2026-08-29T17:16:08.404356+00:00,2026-08-29T17:16:11.006884+00:00,2.6025,ok,0,stop,354,72,426,0.15,
mt/set_10/ambiegen/test-485,2026-08-29T17:16:11.006942+00:00,2026-08-29T17:16:13.648961+00:00,2.642,ok,0,stop,354,72,426,0.15,
mt/set_10/ambiegen/test-78,2026-08-29T17:16:13.649043+00:00,2026-08-29T17:16:16.283305+00:00,2.6342,ok,0,stop,354,77,431,0.15,
mt_set5/frenetic_v/test-816,2026-08-29T17:16:16.283365+00:00,2026-08-29T17:16:19.041215+00:00,2.7578,ok,0,stop,355,77,432,0.15,
mt/set_10/frenetic_v/test-381,2026-08-29T17:16:19.041271+00:00,2026-08-29T17:16:21.881724+00:00,2.8404,ok,0,stop,354,77,431,0.15,
mt/set_12/ambiegen/test-561,2026-08-29T17:16:21.881785+00:00,2026-08-29T17:16:24.447942+00:00,2.5661,ok,0,stop,354,77,431,0.15,
mt_set5/ambiegen/test-32,2026-08-29T17:16:24.447996+00:00,2026-08-29T17:16:27.143281+00:00,2.6953,ok,0,stop,354,77,431,0.15,
mt/set_8/frenetic/odr/test-46,2026-08-29T17:16:27.143319+00:00,2026-08-29T17:16:30.060782+00:00,2.9174,ok,0,stop,353,89,442,0.15,
mt_set6/frenetic/test-618,2026-08-29T17:16:30.060844+00:00,2026-08-29T17:16:32.604249+00:00,2.5434,ok,0,stop,353,72,425,0.15,
mt/set_13/frenetic/test-214,2026-08-29T17:16:32.604306+00:00,2026-08-29T17:16:35.247765+00:00,2.6434,ok,0,stop,354,72,426,0.15,
mt/set_9/ambiegen/test-386,2026-08-29T17:16:35.247806+00:00,2026-08-29T17:16:38.331292+00:00,3.0834,ok,0,stop,354,95,449,0.25,
mt/set_9/frenetic_v/test-238,2026-08-29T17:16:38.331375+00:00,2026-08-29T17:16:40.908417+00:00,2.577,ok,0,stop,355,78,433,0.15,
mt/set_10/frenetic/test-316,2026-08-29T17:16:40.908456+00:00,2026-08-29T17:16:43.500440+00:00,2.5919,ok,0,stop,353,72,425,0.15,
mt/set_2/ambiegen/odr/test-119,2026-08-29T17:16:43.500494+00:00,2026-08-29T17:16:45.984474+00:00,2.4839,ok,0,stop,353,72,425,0.15,
mt/set_12/ambiegen/test-63,2026-08-29T17:16:45.984509+00:00,2026-08-29T17:16:48.613547+00:00,2.629,ok,0,stop,354,72,426,0.15,
mt/set_16/frenetic/test-387,2026-08-29T17:16:48.613591+00:00,2026-08-29T17:16:51.210383+00:00,2.5968,ok,0,stop,353,72,425,0.15,
mt/set_12/ambiegen/test-847,2026-08-29T17:16:51.210429+00:00,2026-08-29T17:16:53.741446+00:00,2.531,ok,0,stop,355,72,427,0.15,
mt/set_17/frenetic/test-870,2026-08-29T17:16:53.741489+00:00,2026-08-29T17:16:56.346027+00:00,2.6045,ok,0,stop,353,72,425,0.15,
mt/set_13/ambiegen/test-201,2026-08-29T17:16:56.346073+00:00,2026-08-29T17:16:58.957208+00:00,2.6111,ok,0,stop,354,72,426,0.15,
mt/set_13/frenetic_v/test-935,2026-08-29T17:16:58.957253+00:00,2026-08-29T17:17:01.454909+00:00,2.4976,ok,0,stop,355,68,423,0.15,
mt/set_8/frenetic_v/odr/test-480,2026-08-29T17:17:01.454960+00:00,2026-08-29T17:17:03.979925+00:00,2.5249,ok,0,stop,354,72,426,0.15,
mt_set5/frenetic/test-668,2026-08-29T17:17:03.979974+00:00,2026-08-29T17:17:06.313672+00:00,2.3337,ok,0,stop,354,72,426,0.15,
mt/set_9/ambiegen/test-22,2026-08-29T17:17:06.313733+00:00,2026-08-29T17:17:08.934942+00:00,2.6212,ok,0,stop,354,72,426,0.15,
mt/set_8/frenetic/odr/test-475,2026-08-29T17:17:08.935009+00:00,2026-08-29T17:17:11.466013+00:00,2.531,ok,0,stop,353,72,425,0.15,
mt/set_11/frenetic_v/test-511,2026-08-29T17:17:11.466062+00:00,2026-08-29T17:17:14.284962+00:00,2.8189,ok,0,stop,355,78,433,0.15,
mt/set_13/frenetic_v/test-465,2026-08-29T17:17:14.285023+00:00,2026-08-29T17:17:16.908525+00:00,2.6235,ok,0,stop,354,72,426,0.15,
mt_set5/frenetic_v/test-708,2026-08-29T17:17:16.908585+00:00,2026-08-29T17:17:19.424262+00:00,2.5156,ok,0,stop,355,72,427,0.15,
mt/set_12/frenetic/test-847,2026-08-29T17:17:19.424325+00:00,2026-08-29T17:17:22.023658+00:00,2.5993,ok,0,stop,354,72,426,0.15,
mt/set_6/frenetic_v/test-934,2026-08-29T17:17:22.023699+00:00,2026-08-29T17:17:24.533070+00:00,2.5093,ok,0,stop,355,68,423,0.15,
mt/set_13/frenetic_v/test-668,2026-08-29T17:17:24.533109+00:00,2026-08-29T17:17:27.158941+00:00,2.6258,ok,0,stop,355,72,427,0.15,
mt/set_9/frenetic/test-340,2026-08-29T17:17:27.159003+00:00,2026-08-29T17:17:29.728321+00:00,2.5693,ok,0,stop,353,72,425,0.15,
mt/set_2/ambiegen/odr/test-519,2026-08-29T17:17:29.728368+00:00,2026-08-29T17:17:32.301819+00:00,2.5734,ok,0,stop,354,77,431,0.15,
mt/set_8/ambiegen/odr/test-936,2026-08-29T17:17:32.301879+00:00,2026-08-29T17:17:34.822730+00:00,2.5208,ok,0,stop,354,72,426,0.15,
mt/set_2/ambiegen/odr/test-182,2026-08-29T17:17:34.822789+00:00,2026-08-29T17:17:37.913148+00:00,3.0903,ok,0,stop,354,81,435,0.35,
mt/set_18/ambiegen/test-794,2026-08-29T17:17:37.913238+00:00,2026-08-29T17:17:40.611988+00:00,2.6987,ok,0,stop,355,83,438,0.45,
mt/set_11/ambiegen/test-544,2026-08-29T17:17:40.612031+00:00,2026-08-29T17:17:43.196109+00:00,2.584,ok,0,stop,355,72,427,0.15,
mt/set_14/frenetic/test-698,2026-08-29T17:17:43.196147+00:00,2026-08-29T17:17:45.735096+00:00,2.5389,ok,0,stop,353,77,430,0.15,
mt_set5/frenetic_v/test-293,2026-08-29T17:17:45.735147+00:00,2026-08-29T17:17:48.528609+00:00,2.7934,ok,0,stop,355,77,432,0.15,
mt/set_16/frenetic/test-63,2026-08-29T17:17:48.528669+00:00,2026-08-29T17:17:51.286338+00:00,2.7576,ok,0,stop,353,77,430,0.15,
mt/set_9/ambiegen/test-587,2026-08-29T17:17:51.286394+00:00,2026-08-29T17:17:53.956610+00:00,2.6702,ok,0,stop,354,77,431,0.35,
mt/set_10/frenetic_v/test-766,2026-08-29T17:17:53.956646+00:00,2026-08-29T17:17:56.489321+00:00,2.5326,ok,0,stop,355,72,427,0.15,
mt/set_17/frenetic/test-341,2026-08-29T17:17:56.489382+00:00,2026-08-29T17:17:59.089909+00:00,2.6005,ok,0,stop,354,72,426,0.15,
mt/set_14/ambiegen/test-475,2026-08-29T17:17:59.089955+00:00,2026-08-29T17:18:02.885476+00:00,3.7955,ok,0,stop,354,72,426,0.15,
mt/set_2/ambiegen/odr/test-39,2026-08-29T17:18:02.885533+00:00,2026-08-29T17:18:05.616526+00:00,2.7309,ok,0,stop,354,72,426,0.15,
mt/set_16/frenetic/test-919,2026-08-29T17:18:05.616593+00:00,2026-08-29T17:18:08.105921+00:00,2.4893,ok,0,stop,353,72,425,0.15,
mt/set_10/frenetic/test-354,2026-08-29T17:18:08.105963+00:00,2026-08-29T17:18:10.740928+00:00,2.6349,ok,0,stop,354,77,431,0.15,
mt/set_12/frenetic/test-502,2026-08-29T17:18:10.740967+00:00,2026-08-29T17:18:13.474167+00:00,2.7332,ok,0,stop,353,77,430,0.15,
mt/set_11/frenetic_v/test-655,2026-08-29T17:18:13.474210+00:00,2026-08-29T17:18:18.351298+00:00,4.8771,ok,0,stop,354,72,426,0.15,
mt/set_10/frenetic/test-57,2026-08-29T17:18:18.351344+00:00,2026-08-29T17:18:21.054464+00:00,2.7031,ok,0,stop,354,77,431,0.15,
mt/set_7/ambiegen/odr/test-952,2026-08-29T17:18:21.054525+00:00,2026-08-29T17:18:23.478856+00:00,2.4243,ok,0,stop,354,77,431,0.15,
mt/set_9/ambiegen/test-901,2026-08-29T17:18:23.478914+00:00,2026-08-29T17:18:26.196490+00:00,2.7175,ok,0,stop,354,77,431,0.15,
mt/set_13/frenetic/test-101,2026-08-29T17:18:26.196531+00:00,2026-08-29T17:18:28.830301+00:00,2.6337,ok,0,stop,353,72,425,0.15,
mt/set_2/ambiegen/odr/test-593,2026-08-29T17:18:28.830399+00:00,2026-08-29T17:18:31.505351+00:00,2.6749,ok,0,stop,354,77,431,0.15,
mt/set_9/frenetic_v/test-83,2026-08-29T17:18:31.505413+00:00,2026-08-29T17:18:34.228109+00:00,2.7227,ok,0,stop,354,77,431,0.15,
mt/set_2/ambiegen/odr/test-417,2026-08-29T17:18:34.228168+00:00,2026-08-29T17:18:36.659212+00:00,2.431,ok,0,stop,353,71,424,0.15,
mt/set_11/ambiegen/test-269,2026-08-29T17:18:36.659276+00:00,2026-08-29T17:18:39.362625+00:00,2.7033,ok,0,stop,354,72,426,0.25,
mt/set_17/frenetic/test-531,2026-08-29T17:18:39.362664+00:00,2026-08-29T17:18:42.120785+00:00,2.7581,ok,0,stop,354,77,431,0.15,
mt/set_2/ambiegen/odr/test-276,2026-08-29T17:18:42.120837+00:00,2026-08-29T17:18:44.814871+00:00,2.694,ok,0,stop,355,77,432,0.15,
mt/set_6/frenetic_v/test-25,2026-08-29T17:18:44.814936+00:00,2026-08-29T17:18:48.318490+00:00,3.5035,ok,0,stop,355,92,447,0.15,
mt/set_9/frenetic_v/test-119,2026-08-29T17:18:48.318550+00:00,2026-08-29T17:18:50.860607+00:00,2.542,ok,0,stop,355,77,432,0.15,
mt/set_10/ambiegen/test-721,2026-08-29T17:18:50.860648+00:00,2026-08-29T17:18:53.513238+00:00,2.6525,ok,0,stop,354,72,426,0.15,
mt/set_16/frenetic/test-361,2026-08-29T17:18:53.513298+00:00,2026-08-29T17:18:56.296136+00:00,2.7828,ok,0,stop,353,72,425,0.15,
mt_set5/ambiegen/test-335,2026-08-29T17:18:56.296178+00:00,2026-08-29T17:18:59.000303+00:00,2.7041,ok,0,stop,354,77,431,0.15,
mt/set_9/frenetic/test-66,2026-08-29T17:18:59.000348+00:00,2026-08-29T17:19:04.119996+00:00,5.1196,ok,0,stop,354,84,438,0.15,
mt/set_17/ambiegen/test-584,2026-08-29T17:19:04.120040+00:00,2026-08-29T17:19:06.981461+00:00,2.8614,ok,0,stop,354,82,436,0.35,
mt/set_18/frenetic/test-892,2026-08-29T17:19:06.981504+00:00,2026-08-29T17:19:09.727907+00:00,2.7464,ok,0,stop,353,77,430,0.15,
mt/set_18/frenetic/test-122,2026-08-29T17:19:09.727954+00:00,2026-08-29T17:19:12.257808+00:00,2.5298,ok,0,stop,354,72,426,0.15,
mt/set_14/ambiegen/test-442,2026-08-29T17:19:12.257848+00:00,2026-08-29T17:19:14.843518+00:00,2.5856,ok,0,stop,354,77,431,0.15,
mt/set_13/frenetic_v/test-582,2026-08-29T17:19:14.843564+00:00,2026-08-29T17:19:17.599724+00:00,2.7561,ok,0,stop,354,77,431,0.15,
mt/set_17/ambiegen/test-222,2026-08-29T17:19:17.599770+00:00,2026-08-29T17:19:20.201610+00:00,2.6018,ok,0,stop,355,77,432,0.15,
mt/set_12/frenetic/test-461,2026-08-29T17:19:20.201656+00:00,2026-08-29T17:19:22.764279+00:00,2.5626,ok,0,stop,353,72,425,0.15,
mt/set_11/frenetic_v/test-641,2026-08-29T17:19:22.764322+00:00,2026-08-29T17:19:25.462065+00:00,2.6977,ok,0,stop,354,72,426,0.15,
mt/set_7/frenetic/odr/test-728,2026-08-29T17:19:25.462116+00:00,2026-08-29T17:19:28.062345+00:00,2.6002,ok,0,stop,354,78,432,0.15,
mt/set_7/frenetic/odr/test-798,2026-08-29T17:19:28.062389+00:00,2026-08-29T17:19:32.332040+00:00,4.2696,ok,0,stop,354,79,433,0.15,
mt/set_11/frenetic/test-922,2026-08-29T17:19:32.332078+00:00,2026-08-29T17:19:35.094086+00:00,2.762,ok,0,stop,354,77,431,0.15,
mt/set_9/frenetic/test-109,2026-08-29T17:19:35.094142+00:00,2026-08-29T17:19:37.660221+00:00,2.566,ok,0,stop,354,72,426,0.15,
mt/set_7/ambiegen/odr/test-251,2026-08-29T17:19:37.660263+00:00,2026-08-29T17:19:40.162252+00:00,2.502,ok,0,stop,354,77,431,0.15,
mt/set_18/ambiegen/test-97,2026-08-29T17:19:40.162292+00:00,2026-08-29T17:19:42.889351+00:00,2.727,ok,0,stop,354,77,431,0.15,
mt/set_13/frenetic_v/test-890,2026-08-29T17:19:42.889387+00:00,2026-08-29T17:19:47.840002+00:00,4.9506,ok,0,stop,354,72,426,0.15,
mt/set_9/frenetic_v/test-88,2026-08-29T17:19:47.840042+00:00,2026-08-29T17:19:50.401796+00:00,2.5617,ok,0,stop,355,72,427,0.15,
mt/set_13/frenetic/test-314,2026-08-29T17:19:50.401842+00:00,2026-08-29T17:19:52.937142+00:00,2.5353,ok,0,stop,353,77,430,0.15,
mt/set_9/ambiegen/test-79,2026-08-29T17:19:52.937198+00:00,2026-08-29T17:19:55.706979+00:00,2.7697,ok,0,stop,354,77,431,0.15,
mt/set_14/ambiegen/test-85,2026-08-29T17:19:55.707020+00:00,2026-08-29T17:19:58.460904+00:00,2.7538,ok,0,stop,354,77,431,0.15,
mt/set_14/frenetic/test-444,2026-08-29T17:19:58.460968+00:00,2026-08-29T17:20:00.962937+00:00,2.5019,ok,0,stop,354,72,426,0.15,
mt/set_11/ambiegen/test-339,2026-08-29T17:20:00.962992+00:00,2026-08-29T17:20:03.519076+00:00,2.5561,ok,0,stop,354,77,431,0.15,
mt_set5/frenetic_v/test-128,2026-08-29T17:20:03.519118+00:00,2026-08-29T17:20:06.066573+00:00,2.5474,ok,0,stop,354,72,426,0.15,
mt/set_16/ambiegen/test-646,2026-08-29T17:20:06.066625+00:00,2026-08-29T17:20:08.645806+00:00,2.5791,ok,0,stop,354,72,426,0.15,
mt/set_10/frenetic/test-348,2026-08-29T17:20:08.645840+00:00,2026-08-29T17:20:11.258937+00:00,2.613,ok,0,stop,353,72,425,0.15,
mt/set_9/frenetic/test-336,2026-08-29T17:20:11.259028+00:00,2026-08-29T17:20:13.704273+00:00,2.4452,ok,0,stop,353,72,425,0.15,
mt/set_16/frenetic_v/test-495,2026-08-29T17:20:13.704332+00:00,2026-08-29T17:20:17.605907+00:00,3.9015,ok,0,stop,354,72,426,0.15,
mt/set_18/ambiegen/test-684,2026-08-29T17:20:17.605947+00:00,2026-08-29T17:20:20.179354+00:00,2.5734,ok,0,stop,354,72,426,0.15,
mt/set_17/ambiegen/test-418,2026-08-29T17:20:20.179398+00:00,2026-08-29T17:20:22.624632+00:00,2.4452,ok,0,stop,355,72,427,0.15,
mt/set_8/frenetic/odr/test-422,2026-08-29T17:20:22.624664+00:00,2026-08-29T17:20:25.144185+00:00,2.5195,ok,0,stop,353,72,425,0.15,
mt/set_7/frenetic_v/odr/test-154,2026-08-29T17:20:25.144245+00:00,2026-08-29T17:20:27.994091+00:00,2.8498,ok,0,stop,355,92,447,0.15,
mt/set_17/frenetic/test-188,2026-08-29T17:20:27.994161+00:00,2026-08-29T17:20:33.059452+00:00,5.0653,ok,0,stop,353,72,425,0.15,
mt/set_16/ambiegen/test-718,2026-08-29T17:20:33.059493+00:00,2026-08-29T17:20:35.663811+00:00,2.6043,ok,0,stop,355,78,433,0.15,
mt/set_11/ambiegen/test-726,2026-08-29T17:20:35.663863+00:00,2026-08-29T17:20:38.435922+00:00,2.772,ok,0,stop,354,77,431,0.15,
mt/set_14/frenetic/test-334,2026-08-29T17:20:38.435963+00:00,2026-08-29T17:20:40.967850+00:00,2.5319,ok,0,stop,353,72,425,0.15,
mt/set_9/ambiegen/test-707,2026-08-29T17:20:40.967895+00:00,2026-08-29T17:20:43.605098+00:00,2.6372,ok,0,stop,354,72,426,0.15,
mt/set_12/frenetic/test-926,2026-08-29T17:20:43.605157+00:00,2026-08-29T17:20:46.329922+00:00,2.7247,ok,0,stop,354,77,431,0.15,
mt/set_12/ambiegen/test-754,2026-08-29T17:20:46.329964+00:00,2026-08-29T17:20:48.836705+00:00,2.5067,ok,0,stop,354,72,426,0.15,
mt/set_13/frenetic/test-626,2026-08-29T17:20:48.836742+00:00,2026-08-29T17:20:51.404069+00:00,2.5673,ok,0,stop,353,72,425,0.15,
mt/set_9/ambiegen/test-58,2026-08-29T17:20:51.404148+00:00,2026-08-29T17:20:54.004112+00:00,2.5999,ok,0,stop,355,71,426,0.25,
mt/set_2/ambiegen/odr/test-512,2026-08-29T17:20:54.004212+00:00,2026-08-29T17:20:56.417021+00:00,2.4128,ok,0,stop,355,72,427,0.15,
mt/set_14/frenetic/test-655,2026-08-29T17:20:56.417063+00:00,2026-08-29T17:20:59.094616+00:00,2.6775,ok,0,stop,354,78,432,0.15,
mt/set_8/ambiegen/odr/test-617,2026-08-29T17:20:59.094659+00:00,2026-08-29T17:21:01.567942+00:00,2.4732,ok,0,stop,354,72,426,0.15,
mt/set_16/ambiegen/test-99,2026-08-29T17:21:01.568002+00:00,2026-08-29T17:21:04.645013+00:00,3.077,ok,0,stop,355,92,447,0.15,
mt/set_8/frenetic/odr/test-416,2026-08-29T17:21:04.645072+00:00,2026-08-29T17:21:07.270092+00:00,2.625,ok,0,stop,354,77,431,0.15,
mt/set_10/frenetic_v/test-572,2026-08-29T17:21:07.270128+00:00,2026-08-29T17:21:09.737506+00:00,2.4673,ok,0,stop,354,72,426,0.15,
mt/set_13/frenetic/test-857,2026-08-29T17:21:09.737561+00:00,2026-08-29T17:21:12.454012+00:00,2.7164,ok,0,stop,354,77,431,0.15,
mt/set_12/frenetic_v/test-680,2026-08-29T17:21:12.454051+00:00,2026-08-29T17:21:15.077144+00:00,2.6231,ok,0,stop,354,72,426,0.15,
mt/set_12/ambiegen/test-485,2026-08-29T17:21:15.077184+00:00,2026-08-29T17:21:17.654791+00:00,2.5776,ok,0,stop,354,72,426,0.15,
mt/set_11/frenetic_v/test-859,2026-08-29T17:21:17.654845+00:00,2026-08-29T17:21:20.160836+00:00,2.506,ok,0,stop,354,72,426,0.15,
mt/set_7/frenetic_v/odr/test-721,2026-08-29T17:21:20.160879+00:00,2026-08-29T17:21:22.708244+00:00,2.5473,ok,0,stop,355,72,427,0.15,
mt_set5/frenetic/test-474,2026-08-29T17:21:22.708303+00:00,2026-08-29T17:21:25.445848+00:00,2.7375,ok,0,stop,354,77,431,0.15,
mt/set_12/ambiegen/test-930,2026-08-29T17:21:25.445902+00:00,2026-08-29T17:21:27.944159+00:00,2.4982,ok,0,stop,354,72,426,0.15,
mt/set_11/frenetic_v/test-54,2026-08-29T17:21:27.944252+00:00,2026-08-29T17:21:30.384275+00:00,2.44,ok,0,stop,354,72,426,0.15,
mt/set_11/frenetic_v/test-386,2026-08-29T17:21:30.384339+00:00,2026-08-29T17:21:32.938765+00:00,2.5544,ok,0,stop,355,72,427,0.15,
mt/set_12/frenetic/test-604,2026-08-29T17:21:32.938826+00:00,2026-08-29T17:21:35.574904+00:00,2.636,ok,0,stop,353,72,425,0.15,
mt/set_14/ambiegen/test-267,2026-08-29T17:21:35.574952+00:00,2026-08-29T17:21:38.355549+00:00,2.7806,ok,0,stop,354,77,431,0.15,
mt/set_10/frenetic_v/test-451,2026-08-29T17:21:38.355608+00:00,2026-08-29T17:21:41.095294+00:00,2.7396,ok,0,stop,355,77,432,0.15,
mt/set_12/ambiegen/test-345,2026-08-29T17:21:41.095350+00:00,2026-08-29T17:21:43.793714+00:00,2.6983,ok,0,stop,354,78,432,0.65,
mt/set_14/frenetic_v/test-936,2026-08-29T17:21:43.793768+00:00,2026-08-29T17:21:46.575207+00:00,2.7814,ok,0,stop,355,72,427,0.15,
mt/set_2/ambiegen/odr/test-751,2026-08-29T17:21:46.575266+00:00,2026-08-29T17:21:49.491672+00:00,2.9164,ok,0,stop,355,80,435,0.15,
mt/set_12/ambiegen/test-285,2026-08-29T17:21:49.491728+00:00,2026-08-29T17:21:52.003876+00:00,2.5121,ok,0,stop,353,72,425,0.15,
mt_set5/ambiegen/test-240,2026-08-29T17:21:52.003911+00:00,2026-08-29T17:21:54.648151+00:00,2.6442,ok,0,stop,355,80,435,0.15,
mt/set_9/frenetic_v/test-469,2026-08-29T17:21:54.648210+00:00,2026-08-29T17:21:57.248882+00:00,2.6006,ok,0,stop,355,72,427,0.15,
mt/set_17/ambiegen/test-748,2026-08-29T17:21:57.248922+00:00,2026-08-29T17:22:00.305091+00:00,3.0561,ok,0,stop,354,96,450,0.35,
mt/set_16/ambiegen/test-352,2026-08-29T17:22:00.305141+00:00,2026-08-29T17:22:02.880498+00:00,2.5753,ok,0,stop,354,68,422,0.35,
mt/set_8/frenetic_v/odr/test-29,2026-08-29T17:22:02.880556+00:00,2026-08-29T17:22:05.603535+00:00,2.7229,ok,0,stop,354,72,426,0.15,
mt/set_9/ambiegen/test-505,2026-08-29T17:22:05.603593+00:00,2026-08-29T17:22:08.169738+00:00,2.5661,ok,0,stop,355,72,427,0.15,
mt/set_12/frenetic_v/test-660,2026-08-29T17:22:08.169767+00:00,2026-08-29T17:22:10.814990+00:00,2.6452,ok,0,stop,354,72,426,0.15,
mt_set5/frenetic/test-813,2026-08-29T17:22:10.815035+00:00,2026-08-29T17:22:13.237661+00:00,2.4226,ok,0,stop,354,72,426,0.15,
mt/set_7/ambiegen/odr/test-289,2026-08-29T17:22:13.237703+00:00,2026-08-29T17:22:15.688353+00:00,2.4506,ok,0,stop,354,72,426,0.15,
mt/set_7/frenetic_v/odr/test-341,2026-08-29T17:22:15.688400+00:00,2026-08-29T17:22:18.202239+00:00,2.5138,ok,0,stop,355,72,427,0.15,
mt/set_14/frenetic_v/test-655,2026-08-29T17:22:18.202292+00:00,2026-08-29T17:22:21.001383+00:00,2.7991,ok,0,stop,354,72,426,0.15,
mt/set_12/frenetic_v/test-541,2026-08-29T17:22:21.001426+00:00,2026-08-29T17:22:23.611501+00:00,2.61,ok,0,stop,355,72,427,0.15,
mt/set_8/ambiegen/odr/test-461,2026-08-29T17:22:23.611544+00:00,2026-08-29T17:22:26.226369+00:00,2.6148,ok,0,stop,354,77,431,0.15,
mt/set_8/frenetic/odr/test-624,2026-08-29T17:22:26.226406+00:00,2026-08-29T17:22:29.041640+00:00,2.8152,ok,0,stop,354,77,431,0.15,
mt/set_18/ambiegen/test-46,2026-08-29T17:22:29.041695+00:00,2026-08-29T17:22:31.687643+00:00,2.6459,ok,0,stop,354,76,430,0.35,
mt/set_17/frenetic_v/test-411,2026-08-29T17:22:31.687701+00:00,2026-08-29T17:22:34.073293+00:00,2.3856,ok,0,stop,354,72,426,0.15,
mt/set_17/ambiegen/test-122,2026-08-29T17:22:34.073345+00:00,2026-08-29T17:22:36.773390+00:00,2.7,ok,0,stop,355,72,427,0.15,
mt/set_17/ambiegen/test-544,2026-08-29T17:22:36.773449+00:00,2026-08-29T17:22:39.263242+00:00,2.4897,ok,0,stop,354,72,426,0.15,
mt/set_8/frenetic_v/odr/test-709,2026-08-29T17:22:39.263300+00:00,2026-08-29T17:22:41.682015+00:00,2.4187,ok,0,stop,355,72,427,0.15,
mt/set_13/ambiegen/test-93,2026-08-29T17:22:41.682048+00:00,2026-08-29T17:22:44.202355+00:00,2.5203,ok,0,stop,354,72,426,0.15,
mt/set_17/ambiegen/test-493,2026-08-29T17:22:44.202427+00:00,2026-08-29T17:22:46.969838+00:00,2.7674,ok,0,stop,354,77,431,0.15,
mt/set_9/ambiegen/test-349,2026-08-29T17:22:46.969895+00:00,2026-08-29T17:22:49.627360+00:00,2.6574,ok,0,stop,354,77,431,0.15,
mt/set_11/frenetic/test-40,2026-08-29T17:22:49.627400+00:00,2026-08-29T17:22:52.148972+00:00,2.5215,ok,0,stop,353,72,425,0.15,
mt/set_14/frenetic_v/test-129,2026-08-29T17:22:52.149003+00:00,2026-08-29T17:22:54.871982+00:00,2.7229,ok,0,stop,355,72,427,0.15,
mt/set_2/ambiegen/odr/test-344,2026-08-29T17:22:54.872043+00:00,2026-08-29T17:22:57.464067+00:00,2.592,ok,0,stop,354,72,426,0.15,
mt_set5/frenetic_v/test-13,2026-08-29T17:22:57.464122+00:00,2026-08-29T17:23:00.169286+00:00,2.7051,ok,0,stop,355,77,432,0.15,
mt/set_10/ambiegen/test-765,2026-08-29T17:23:00.169322+00:00,2026-08-29T17:23:02.885762+00:00,2.7164,ok,0,stop,354,77,431,0.15,
mt_set5/frenetic_v/test-456,2026-08-29T17:23:02.885815+00:00,2026-08-29T17:23:05.640869+00:00,2.755,ok,0,stop,355,78,433,0.15,
mt/set_18/frenetic/test-893,2026-08-29T17:23:05.640907+00:00,2026-08-29T17:23:08.170019+00:00,2.5291,ok,0,stop,354,72,426,0.15,
mt/set_14/frenetic/test-826,2026-08-29T17:23:08.170071+00:00,2026-08-29T17:23:10.911976+00:00,2.7419,ok,0,stop,354,72,426,0.15,
mt/set_13/frenetic_v/test-458,2026-08-29T17:23:10.912018+00:00,2026-08-29T17:23:13.456699+00:00,2.5447,ok,0,stop,355,72,427,0.15,
mt/set_13/frenetic/test-49,2026-08-29T17:23:13.456732+00:00,2026-08-29T17:23:16.021041+00:00,2.5643,ok,0,stop,353,77,430,0.15,
mt/set_14/frenetic/test-441,2026-08-29T17:23:16.021097+00:00,2026-08-29T17:23:18.685885+00:00,2.6647,ok,0,stop,354,77,431,0.15,
mt/set_12/ambiegen/test-173,2026-08-29T17:23:18.685972+00:00,2026-08-29T17:23:21.369113+00:00,2.6831,ok,0,stop,355,79,434,0.15,
mt_set5/ambiegen/test-48,2026-08-29T17:23:21.369156+00:00,2026-08-29T17:23:23.820783+00:00,2.4516,ok,0,stop,354,72,426,0.15,
mt/set_11/frenetic_v/test-673,2026-08-29T17:23:23.820820+00:00,2026-08-29T17:23:26.377332+00:00,2.5565,ok,0,stop,355,77,432,0.15,
mt/set_8/ambiegen/odr/test-723,2026-08-29T17:23:26.377393+00:00,2026-08-29T17:23:29.169624+00:00,2.7922,ok,0,stop,354,72,426,0.15,
mt/set_10/frenetic/test-489,2026-08-29T17:23:29.169682+00:00,2026-08-29T17:23:31.769215+00:00,2.5995,ok,0,stop,353,72,425,0.15,
mt/set_18/ambiegen/test-359,2026-08-29T17:23:31.769267+00:00,2026-08-29T17:23:34.181812+00:00,2.4125,ok,0,stop,353,72,425,0.15,
mt_set5/frenetic_v/test-79,2026-08-29T17:23:34.181846+00:00,2026-08-29T17:23:36.811383+00:00,2.6295,ok,0,stop,354,72,426,0.15,
mt/set_14/frenetic/test-875,2026-08-29T17:23:36.811430+00:00,2026-08-29T17:23:39.585816+00:00,2.7743,ok,0,stop,354,78,432,0.15,
mt/set_10/frenetic/test-637,2026-08-29T17:23:39.585863+00:00,2026-08-29T17:23:42.090501+00:00,2.5046,ok,0,stop,354,72,426,0.15,
mt/set_16/frenetic/test-832,2026-08-29T17:23:42.090537+00:00,2026-08-29T17:23:44.741733+00:00,2.6512,ok,0,stop,354,77,431,0.25,
mt/set_12/ambiegen/test-646,2026-08-29T17:23:44.741779+00:00,2026-08-29T17:23:47.718652+00:00,2.9768,ok,0,stop,354,92,446,0.15,
mt/set_7/frenetic/odr/test-150,2026-08-29T17:23:47.718708+00:00,2026-08-29T17:23:50.364852+00:00,2.6461,ok,0,stop,354,77,431,0.15,
mt/set_13/ambiegen/test-321,2026-08-29T17:23:50.364895+00:00,2026-08-29T17:23:53.000734+00:00,2.6358,ok,0,stop,354,72,426,0.15,
mt/set_16/ambiegen/test-329,2026-08-29T17:23:53.000782+00:00,2026-08-29T17:23:55.511704+00:00,2.5109,ok,0,stop,354,72,426,0.15,
mt/set_17/frenetic/test-198,2026-08-29T17:23:55.511748+00:00,2026-08-29T17:23:57.993146+00:00,2.4814,ok,0,stop,353,72,425,0.15,
mt/set_9/frenetic/test-429,2026-08-29T17:23:57.993195+00:00,2026-08-29T17:24:00.919421+00:00,2.9262,ok,0,stop,354,92,446,0.15,
mt_set5/frenetic_v/test-710,2026-08-29T17:24:00.919497+00:00,2026-08-29T17:24:03.479690+00:00,2.5602,ok,0,stop,355,77,432,0.15,
mt/set_11/frenetic_v/test-797,2026-08-29T17:24:03.479732+00:00,2026-08-29T17:24:06.017898+00:00,2.5381,ok,0,stop,355,72,427,0.15,
mt/set_14/ambiegen/test-222,2026-08-29T17:24:06.017938+00:00,2026-08-29T17:24:08.635309+00:00,2.6173,ok,0,stop,354,72,426,0.15,
mt/set_14/frenetic/test-187,2026-08-29T17:24:08.635354+00:00,2026-08-29T17:24:11.241486+00:00,2.6061,ok,0,stop,353,72,425,0.15,
mt/set_11/ambiegen/test-406,2026-08-29T17:24:11.241549+00:00,2026-08-29T17:24:13.733391+00:00,2.4918,ok,0,stop,354,72,426,0.15,
mt/set_18/frenetic_v/test-191,2026-08-29T17:24:13.733428+00:00,2026-08-29T17:24:16.346514+00:00,2.6131,ok,0,stop,355,72,427,0.15,
mt/set_9/ambiegen/test-734,2026-08-29T17:24:16.346556+00:00,2026-08-29T17:24:19.066823+00:00,2.7202,ok,0,stop,354,77,431,0.15,
mt/set_9/frenetic_v/test-720,2026-08-29T17:24:19.066882+00:00,2026-08-29T17:24:21.576311+00:00,2.5094,ok,0,stop,355,72,427,0.15,
mt/set_2/ambiegen/odr/test-289,2026-08-29T17:24:21.576359+00:00,2026-08-29T17:24:24.247045+00:00,2.6706,ok,0,stop,354,83,437,0.35,
mt_set5/frenetic/test-515,2026-08-29T17:24:24.247098+00:00,2026-08-29T17:24:26.997113+00:00,2.75,ok,0,stop,353,72,425,0.15,
mt/set_14/frenetic_v/test-625,2026-08-29T17:24:26.997172+00:00,2026-08-29T17:24:29.383056+00:00,2.3858,ok,0,stop,355,71,426,0.15,
mt/set_14/frenetic/test-673,2026-08-29T17:24:29.383114+00:00,2026-08-29T17:24:31.970293+00:00,2.5871,ok,0,stop,353,72,425,0.15,
mt/set_14/frenetic_v/test-458,2026-08-29T17:24:31.970335+00:00,2026-08-29T17:24:34.402626+00:00,2.4323,ok,0,stop,355,72,427,0.15,
mt/set_8/frenetic_v/odr/test-636,2026-08-29T17:24:34.402680+00:00,2026-08-29T17:24:37.349589+00:00,2.9469,ok,0,stop,354,77,431,0.15,
mt/set_12/frenetic_v/test-241,2026-08-29T17:24:37.349647+00:00,2026-08-29T17:24:39.951688+00:00,2.602,ok,0,stop,354,77,431,0.15,
mt_set5/ambiegen/test-315,2026-08-29T17:24:39.951726+00:00,2026-08-29T17:24:42.534554+00:00,2.5828,ok,0,stop,354,72,426,0.15,
mt/set_10/ambiegen/test-920,2026-08-29T17:24:42.534589+00:00,2026-08-29T17:24:45.292175+00:00,2.7575,ok,0,stop,354,72,426,0.15,
mt/set_10/frenetic_v/test-76,2026-08-29T17:24:45.292235+00:00,2026-08-29T17:24:47.871632+00:00,2.5794,ok,0,stop,355,72,427,0.15,
mt/set_13/ambiegen/test-121,2026-08-29T17:24:47.871690+00:00,2026-08-29T17:24:50.537702+00:00,2.666,ok,0,stop,354,78,432,0.15,
mt/set_7/frenetic_v/odr/test-169,2026-08-29T17:24:50.537756+00:00,2026-08-29T17:24:53.126582+00:00,2.5888,ok,0,stop,355,72,427,0.15,
mt/set_14/frenetic_v/test-612,2026-08-29T17:24:53.126642+00:00,2026-08-29T17:24:55.663065+00:00,2.5364,ok,0,stop,354,72,426,0.15,
mt/set_16/ambiegen/test-744,2026-08-29T17:24:55.663126+00:00,2026-08-29T17:24:58.389548+00:00,2.7264,ok,0,stop,354,77,431,0.15,
mt/set_13/frenetic/test-617,2026-08-29T17:24:58.389602+00:00,2026-08-29T17:25:01.222167+00:00,2.8325,ok,0,stop,354,78,432,0.15,
mt/set_18/ambiegen/test-341,2026-08-29T17:25:01.222227+00:00,2026-08-29T17:25:03.774220+00:00,2.552,ok,0,stop,354,72,426,0.15,
mt/set_10/ambiegen/test-922,2026-08-29T17:25:03.774259+00:00,2026-08-29T17:25:06.437403+00:00,2.6631,ok,0,stop,354,77,431,0.15,
mt/set_17/frenetic/test-694,2026-08-29T17:25:06.437441+00:00,2026-08-29T17:25:08.951079+00:00,2.5136,ok,0,stop,354,72,426,0.15,
mt/set_13/frenetic_v/test-102,2026-08-29T17:25:08.951148+00:00,2026-08-29T17:25:11.987099+00:00,3.0359,ok,0,stop,355,92,447,0.15,
mt/set_10/frenetic/test-611,2026-08-29T17:25:11.987137+00:00,2026-08-29T17:25:14.641934+00:00,2.6548,ok,0,stop,353,77,430,0.15,
mt/set_11/frenetic_v/test-187,2026-08-29T17:25:14.642014+00:00,2026-08-29T17:25:17.286141+00:00,2.6441,ok,0,stop,354,72,426,0.15,
mt/set_8/frenetic_v/odr/test-558,2026-08-29T17:25:17.286213+00:00,2026-08-29T17:25:19.776597+00:00,2.4904,ok,0,stop,355,72,427,0.15,
mt/set_8/frenetic_v/odr/test-215,2026-08-29T17:25:19.776637+00:00,2026-08-29T17:25:22.170375+00:00,2.3937,ok,0,stop,355,72,427,0.15,
mt/set_14/frenetic_v/test-535,2026-08-29T17:25:22.170410+00:00,2026-08-29T17:25:25.063613+00:00,2.8932,ok,0,stop,355,92,447,0.15,
mt/set_16/ambiegen/test-300,2026-08-29T17:25:25.063651+00:00,2026-08-29T17:25:27.896405+00:00,2.8327,ok,0,stop,353,77,430,0.15,
mt/set_16/ambiegen/test-731,2026-08-29T17:25:27.896447+00:00,2026-08-29T17:25:30.608382+00:00,2.7119,ok,0,stop,354,76,430,0.45,
mt/set_9/frenetic_v/test-404,2026-08-29T17:25:30.608423+00:00,2026-08-29T17:25:33.339766+00:00,2.7313,ok,0,stop,355,78,433,0.15,
mt/set_16/frenetic_v/test-371,2026-08-29T17:25:33.339808+00:00,2026-08-29T17:25:35.947523+00:00,2.6077,ok,0,stop,354,72,426,0.15,
mt/set_8/ambiegen/odr/test-455,2026-08-29T17:25:35.947566+00:00,2026-08-29T17:25:38.407316+00:00,2.4597,ok,0,stop,354,72,426,0.15,
mt/set_8/frenetic/odr/test-529,2026-08-29T17:25:38.407360+00:00,2026-08-29T17:25:40.927997+00:00,2.5206,ok,0,stop,353,72,425,0.15,
mt/set_6/frenetic_v/test-376,2026-08-29T17:25:40.928040+00:00,2026-08-29T17:25:43.547127+00:00,2.6191,ok,0,stop,355,72,427,0.15,
mt_set5/ambiegen/test-964,2026-08-29T17:25:43.547171+00:00,2026-08-29T17:25:46.035653+00:00,2.4884,ok,0,stop,353,72,425,0.15,
mt/set_17/frenetic_v/test-59,2026-08-29T17:25:46.035715+00:00,2026-08-29T17:25:48.571703+00:00,2.5359,ok,0,stop,355,72,427,0.15,
mt/set_9/frenetic/test-468,2026-08-29T17:25:48.571752+00:00,2026-08-29T17:25:51.110774+00:00,2.539,ok,0,stop,354,72,426,0.15,
mt/set_11/ambiegen/test-558,2026-08-29T17:25:51.110817+00:00,2026-08-29T17:25:53.913167+00:00,2.8023,ok,0,stop,354,77,431,0.15,
mt/set_9/ambiegen/test-825,2026-08-29T17:25:53.913213+00:00,2026-08-29T17:25:56.553226+00:00,2.64,ok,0,stop,354,77,431,0.15,
mt/set_9/frenetic_v/test-210,2026-08-29T17:25:56.553269+00:00,2026-08-29T17:25:59.184308+00:00,2.631,ok,0,stop,355,72,427,0.15,
mt/set_8/frenetic/odr/test-118,2026-08-29T17:25:59.184351+00:00,2026-08-29T17:26:02.658010+00:00,3.4736,ok,0,stop,353,72,425,0.15,
mt/set_13/frenetic/test-853,2026-08-29T17:26:02.658049+00:00,2026-08-29T17:26:05.129743+00:00,2.4717,ok,0,stop,353,72,425,0.15,
mt/set_8/frenetic/odr/test-322,2026-08-29T17:26:05.129786+00:00,2026-08-29T17:26:07.719560+00:00,2.5897,ok,0,stop,353,72,425,0.15,
mt/set_16/frenetic_v/test-521,2026-08-29T17:26:07.719606+00:00,2026-08-29T17:26:10.451911+00:00,2.7323,ok,0,stop,354,72,426,0.15,
mt/set_8/frenetic_v/odr/test-567,2026-08-29T17:26:10.451959+00:00,2026-08-29T17:26:13.178600+00:00,2.7266,ok,0,stop,355,78,433,0.15,
mt_set5/frenetic_v/test-137,2026-08-29T17:26:13.178647+00:00,2026-08-29T17:26:18.189738+00:00,5.0111,ok,0,stop,354,72,426,0.15,
mt/set_8/ambiegen/odr/test-209,2026-08-29T17:26:18.189784+00:00,2026-08-29T17:26:20.683400+00:00,2.4936,ok,0,stop,354,72,426,0.15,
mt/set_8/ambiegen/odr/test-217,2026-08-29T17:26:20.683447+00:00,2026-08-29T17:26:23.244448+00:00,2.561,ok,0,stop,354,72,426,0.15,
mt/set_13/ambiegen/test-140,2026-08-29T17:26:23.244495+00:00,2026-08-29T17:26:25.943423+00:00,2.6989,ok,0,stop,354,72,426,0.15,
mt/set_10/frenetic_v/test-713,2026-08-29T17:26:25.943468+00:00,2026-08-29T17:26:28.447506+00:00,2.504,ok,0,stop,354,72,426,0.15,
mt/set_11/ambiegen/test-680,2026-08-29T17:26:28.447552+00:00,2026-08-29T17:26:30.880735+00:00,2.4331,ok,0,stop,354,72,426,0.15,
mt/set_17/frenetic/test-761,2026-08-29T17:26:30.880783+00:00,2026-08-29T17:26:33.437799+00:00,2.557,ok,0,stop,353,77,430,0.15,
mt/set_11/frenetic/test-168,2026-08-29T17:26:33.437845+00:00,2026-08-29T17:26:36.608820+00:00,3.1709,ok,0,stop,354,92,446,0.15,
mt/set_9/ambiegen/test-747,2026-08-29T17:26:36.608882+00:00,2026-08-29T17:26:39.089099+00:00,2.4802,ok,0,stop,354,72,426,0.15,
mt/set_16/frenetic_v/test-863,2026-08-29T17:26:39.089144+00:00,2026-08-29T17:26:41.937504+00:00,2.8483,ok,0,stop,355,78,433,0.15,
mt/set_7/ambiegen/odr/test-426,2026-08-29T17:26:41.937548+00:00,2026-08-29T17:26:44.616656+00:00,2.6791,ok,0,stop,354,72,426,0.15,
mt/set_16/frenetic_v/test-504,2026-08-29T17:26:44.616698+00:00,2026-08-29T17:26:47.921891+00:00,3.3052,ok,0,stop,354,72,426,0.15,
mt/set_12/ambiegen/test-722,2026-08-29T17:26:47.921935+00:00,2026-08-29T17:26:50.561530+00:00,2.6396,ok,0,stop,354,77,431,0.15,
mt/set_18/frenetic/test-27,2026-08-29T17:26:50.561589+00:00,2026-08-29T17:26:53.338349+00:00,2.7767,ok,0,stop,354,77,431,0.15,
mt_set5/frenetic_v/test-434,2026-08-29T17:26:53.338391+00:00,2026-08-29T17:26:55.964239+00:00,2.6258,ok,0,stop,354,72,426,0.15,
mt/set_11/frenetic/test-633,2026-08-29T17:26:55.964283+00:00,2026-08-29T17:26:58.735845+00:00,2.7715,ok,0,stop,354,77,431,0.15,
mt/set_13/frenetic/test-888,2026-08-29T17:26:58.735888+00:00,2026-08-29T17:27:03.701640+00:00,4.9657,ok,0,stop,354,77,431,0.15,
mt/set_11/frenetic_v/test-914,2026-08-29T17:27:03.701700+00:00,2026-08-29T17:27:06.256032+00:00,2.5543,ok,0,stop,355,78,433,0.15,
mt/set_16/frenetic_v/test-10,2026-08-29T17:27:06.256075+00:00,2026-08-29T17:27:08.919287+00:00,2.6632,ok,0,stop,354,72,426,0.15,
mt/set_10/frenetic/test-595,2026-08-29T17:27:08.919330+00:00,2026-08-29T17:27:11.318623+00:00,2.3993,ok,0,stop,353,72,425,0.15,
mt/set_10/ambiegen/test-160,2026-08-29T17:27:11.318670+00:00,2026-08-29T17:27:14.332006+00:00,3.0133,ok,0,stop,355,92,447,0.15,
mt/set_17/ambiegen/test-823,2026-08-29T17:27:14.332068+00:00,2026-08-29T17:27:16.867614+00:00,2.5355,ok,0,stop,354,67,421,0.65,
mt/set_8/frenetic_v/odr/test-583,2026-08-29T17:27:16.867660+00:00,2026-08-29T17:27:19.429240+00:00,2.5616,ok,0,stop,355,72,427,0.15,
mt/set_16/ambiegen/test-286,2026-08-29T17:27:19.429279+00:00,2026-08-29T17:27:21.893701+00:00,2.4644,ok,0,stop,355,72,427,0.15,
mt/set_13/ambiegen/test-312,2026-08-29T17:27:21.893737+00:00,2026-08-29T17:27:24.622577+00:00,2.7288,ok,0,stop,354,77,431,0.15,
mt/set_7/frenetic/odr/test-383,2026-08-29T17:27:24.622630+00:00,2026-08-29T17:27:27.570975+00:00,2.9483,ok,0,stop,353,77,430,0.15,
mt/set_13/ambiegen/test-581,2026-08-29T17:27:27.571021+00:00,2026-08-29T17:27:30.167529+00:00,2.5965,ok,0,stop,354,72,426,0.15,
mt/set_13/ambiegen/test-929,2026-08-29T17:27:30.167597+00:00,2026-08-29T17:27:33.046002+00:00,2.8784,ok,0,stop,353,77,430,0.15,
mt/set_10/ambiegen/test-757,2026-08-29T17:27:33.046081+00:00,2026-08-29T17:27:35.689121+00:00,2.643,ok,0,stop,355,67,422,0.65,
mt/set_11/frenetic/test-506,2026-08-29T17:27:35.689181+00:00,2026-08-29T17:27:38.226766+00:00,2.5375,ok,0,stop,354,72,426,0.15,
mt/set_11/frenetic/test-384,2026-08-29T17:27:38.226822+00:00,2026-08-29T17:27:40.729700+00:00,2.5028,ok,0,stop,354,72,426,0.15,
mt_set5/frenetic/test-566,2026-08-29T17:27:40.729758+00:00,2026-08-29T17:27:43.526352+00:00,2.7966,ok,0,stop,354,72,426,0.15,
mt/set_17/frenetic_v/test-539,2026-08-29T17:27:43.526398+00:00,2026-08-29T17:27:48.502454+00:00,4.976,ok,0,stop,355,72,427,0.15,
mt_set5/frenetic_v/test-77,2026-08-29T17:27:48.502511+00:00,2026-08-29T17:27:51.092046+00:00,2.5895,ok,0,stop,355,78,433,0.15,
mt/set_16/frenetic/test-687,2026-08-29T17:27:51.092147+00:00,2026-08-29T17:27:53.500323+00:00,2.4081,ok,0,stop,353,72,425,0.15,
mt/set_16/frenetic_v/test-530,2026-08-29T17:27:53.500364+00:00,2026-08-29T17:27:56.162956+00:00,2.6626,ok,0,stop,355,78,433,0.15,
mt/set_17/frenetic/test-781,2026-08-29T17:27:56.163015+00:00,2026-08-29T17:27:58.855510+00:00,2.6924,ok,0,stop,354,77,431,0.15,
mt/set_16/ambiegen/test-30,2026-08-29T17:27:58.855569+00:00,2026-08-29T17:28:01.826323+00:00,2.9707,ok,0,stop,354,78,432,0.15,
mt/set_12/frenetic/test-768,2026-08-29T17:28:01.826372+00:00,2026-08-29T17:28:04.363536+00:00,2.5371,ok,0,stop,354,72,426,0.15,
mt/set_8/frenetic/odr/test-507,2026-08-29T17:28:04.363577+00:00,2026-08-29T17:28:06.913939+00:00,2.5503,ok,0,stop,354,72,426,0.15,
mt/set_8/ambiegen/odr/test-953,2026-08-29T17:28:06.914001+00:00,2026-08-29T17:28:09.434907+00:00,2.5209,ok,0,stop,354,72,426,0.15,
mt/set_10/ambiegen/test-563,2026-08-29T17:28:09.434955+00:00,2026-08-29T17:28:12.057934+00:00,2.6229,ok,0,stop,355,72,427,0.15,
mt/set_17/ambiegen/test-840,2026-08-29T17:28:12.057992+00:00,2026-08-29T17:28:14.514559+00:00,2.4565,ok,0,stop,354,72,426,0.15,
mt/set_8/frenetic_v/odr/test-86,2026-08-29T17:28:14.514622+00:00,2026-08-29T17:28:17.925880+00:00,3.4112,ok,0,stop,355,72,427,0.15,
mt/set_8/frenetic/odr/test-663,2026-08-29T17:28:17.925926+00:00,2026-08-29T17:28:20.459248+00:00,2.5333,ok,0,stop,353,72,425,0.15,
mt/set_2/ambiegen/odr/test-627,2026-08-29T17:28:20.459293+00:00,2026-08-29T17:28:23.031694+00:00,2.5724,ok,0,stop,355,77,432,0.15,
mt/set_13/frenetic/test-56,2026-08-29T17:28:23.031741+00:00,2026-08-29T17:28:25.777356+00:00,2.7456,ok,0,stop,354,80,434,0.15,
mt_set5/frenetic_v/test-854,2026-08-29T17:28:25.777403+00:00,2026-08-29T17:28:28.747592+00:00,2.9702,ok,0,stop,355,92,447,0.15,
mt/set_10/frenetic/test-630,2026-08-29T17:28:28.747637+00:00,2026-08-29T17:28:33.899873+00:00,5.1522,ok,0,stop,354,78,432,0.15,
mt/set_7/frenetic_v/odr/test-937,2026-08-29T17:28:33.899977+00:00,2026-08-29T17:28:36.376844+00:00,2.4768,ok,0,stop,355,72,427,0.15,
mt/set_10/frenetic_v/test-718,2026-08-29T17:28:36.376888+00:00,2026-08-29T17:28:39.089980+00:00,2.7131,ok,0,stop,355,77,432,0.15,
mt/set_9/frenetic_v/test-679,2026-08-29T17:28:39.090018+00:00,2026-08-29T17:28:41.684586+00:00,2.5945,ok,0,stop,354,72,426,0.15,
mt/set_17/frenetic_v/test-717,2026-08-29T17:28:41.684644+00:00,2026-08-29T17:28:44.307000+00:00,2.6223,ok,0,stop,354,72,426,0.15,
mt/set_13/frenetic_v/test-351,2026-08-29T17:28:44.307041+00:00,2026-08-29T17:28:46.912929+00:00,2.6059,ok,0,stop,355,72,427,0.15,
mt_set5/ambiegen/test-249,2026-08-29T17:28:46.912970+00:00,2026-08-29T17:28:49.535871+00:00,2.6229,ok,0,stop,354,72,426,0.15,
mt/set_8/frenetic/odr/test-686,2026-08-29T17:28:49.535910+00:00,2026-08-29T17:28:52.063325+00:00,2.5274,ok,0,stop,353,72,425,0.15,
mt/set_10/frenetic/test-535,2026-08-29T17:28:52.063384+00:00,2026-08-29T17:28:54.657213+00:00,2.5938,ok,0,stop,353,72,425,0.15,
mt/set_7/ambiegen/odr/test-762,2026-08-29T17:28:54.657272+00:00,2026-08-29T17:28:57.392877+00:00,2.7356,ok,0,stop,354,77,431,0.15,
mt/set_7/frenetic_v/odr/test-556,2026-08-29T17:28:57.392931+00:00,2026-08-29T17:28:59.867706+00:00,2.4747,ok,0,stop,355,72,427,0.15,
mt/set_9/frenetic/test-755,2026-08-29T17:28:59.867746+00:00,2026-08-29T17:29:02.286214+00:00,2.4184,ok,0,stop,354,72,426,0.15,
mt/set_12/frenetic_v/test-638,2026-08-29T17:29:02.286265+00:00,2026-08-29T17:29:04.829308+00:00,2.543,ok,0,stop,355,71,426,0.15,
mt/set_9/frenetic/test-16,2026-08-29T17:29:04.829354+00:00,2026-08-29T17:29:07.413971+00:00,2.5846,ok,0,stop,353,72,425,0.15,
mt_set5/frenetic_v/test-149,2026-08-29T17:29:07.414017+00:00,2026-08-29T17:29:10.213589+00:00,2.7995,ok,0,stop,355,78,433,0.15,
mt/set_9/ambiegen/test-208,2026-08-29T17:29:10.213637+00:00,2026-08-29T17:29:12.666221+00:00,2.4525,ok,0,stop,354,72,426,0.15,
mt/set_9/frenetic_v/test-378,2026-08-29T17:29:12.666266+00:00,2026-08-29T17:29:15.175025+00:00,2.5087,ok,0,stop,355,72,427,0.15,
mt/set_7/ambiegen/odr/test-86,2026-08-29T17:29:15.175069+00:00,2026-08-29T17:29:17.723913+00:00,2.5488,ok,0,stop,354,72,426,0.15,
mt/set_16/frenetic/test-931,2026-08-29T17:29:17.723978+00:00,2026-08-29T17:29:20.427127+00:00,2.7031,ok,0,stop,354,78,432,0.15,
mt_set6/frenetic/test-310,2026-08-29T17:29:20.427174+00:00,2026-08-29T17:29:23.074020+00:00,2.6468,ok,0,stop,353,77,430,0.15,
mt/set_8/frenetic/odr/test-410,2026-08-29T17:29:23.074096+00:00,2026-08-29T17:29:25.849399+00:00,2.7753,ok,0,stop,354,81,435,0.15,
mt/set_7/frenetic/odr/test-624,2026-08-29T17:29:25.849449+00:00,2026-08-29T17:29:28.380557+00:00,2.5311,ok,0,stop,353,72,425,0.15,
mt_set6/frenetic/test-173,2026-08-29T17:29:28.380609+00:00,2026-08-29T17:29:30.968258+00:00,2.5876,ok,0,stop,353,73,426,0.15,
mt/set_10/frenetic_v/test-260,2026-08-29T17:29:30.968298+00:00,2026-08-29T17:29:33.638348+00:00,2.67,ok,0,stop,354,72,426,0.15,
mt/set_12/ambiegen/test-748,2026-08-29T17:29:33.638390+00:00,2026-08-29T17:29:36.164017+00:00,2.5256,ok,0,stop,354,77,431,0.15,
mt/set_17/frenetic/test-549,2026-08-29T17:29:36.164077+00:00,2026-08-29T17:29:38.838409+00:00,2.6743,ok,0,stop,354,72,426,0.15,
mt/set_11/ambiegen/test-667,2026-08-29T17:29:38.838451+00:00,2026-08-29T17:29:41.497366+00:00,2.6589,ok,0,stop,354,72,426,0.15,
mt/set_11/ambiegen/test-754,2026-08-29T17:29:41.497411+00:00,2026-08-29T17:29:44.217142+00:00,2.7197,ok,0,stop,354,77,431,0.15,
mt_set5/frenetic/test-213,2026-08-29T17:29:44.217201+00:00,2026-08-29T17:29:46.920618+00:00,2.7034,ok,0,stop,353,77,430,0.15,
mt_set5/frenetic_v/test-813,2026-08-29T17:29:46.920675+00:00,2026-08-29T17:29:49.501215+00:00,2.5805,ok,0,stop,354,72,426,0.15,
mt_set5/frenetic/test-361,2026-08-29T17:29:49.501288+00:00,2026-08-29T17:29:52.248125+00:00,2.7468,ok,0,stop,353,77,430,0.15,
mt/set_14/frenetic_v/test-416,2026-08-29T17:29:52.248167+00:00,2026-08-29T17:29:54.865986+00:00,2.6178,ok,0,stop,355,72,427,0.15,
mt/set_6/frenetic_v/test-868,2026-08-29T17:29:54.866025+00:00,2026-08-29T17:29:57.436962+00:00,2.5709,ok,0,stop,354,72,426,0.15,
mt/set_11/ambiegen/test-146,2026-08-29T17:29:57.437014+00:00,2026-08-29T17:30:00.138119+00:00,2.7011,ok,0,stop,354,72,426,0.15,
mt/set_12/frenetic_v/test-691,2026-08-29T17:30:00.138169+00:00,2026-08-29T17:30:02.717005+00:00,2.5788,ok,0,stop,355,72,427,0.15,
mt/set_17/frenetic/test-538,2026-08-29T17:30:02.717043+00:00,2026-08-29T17:30:05.388601+00:00,2.6715,ok,0,stop,353,72,425,0.15,
mt/set_9/ambiegen/test-630,2026-08-29T17:30:05.388655+00:00,2026-08-29T17:30:07.926265+00:00,2.5376,ok,0,stop,354,72,426,0.15,
mt/set_10/frenetic/test-283,2026-08-29T17:30:07.926305+00:00,2026-08-29T17:30:10.264690+00:00,2.3384,ok,0,stop,354,72,426,0.15,
mt/set_9/frenetic/test-36,2026-08-29T17:30:10.264729+00:00,2026-08-29T17:30:12.872268+00:00,2.6075,ok,0,stop,353,72,425,0.15,
mt/set_12/frenetic_v/test-262,2026-08-29T17:30:12.872323+00:00,2026-08-29T17:30:15.683962+00:00,2.8116,ok,0,stop,354,84,438,0.25,
mt/set_2/ambiegen/odr/test-749,2026-08-29T17:30:15.684033+00:00,2026-08-29T17:30:18.217511+00:00,2.5334,ok,0,stop,354,72,426,0.15,
mt/set_16/ambiegen/test-153,2026-08-29T17:30:18.217568+00:00,2026-08-29T17:30:20.741247+00:00,2.5236,ok,0,stop,354,72,426,0.15,
mt/set_18/ambiegen/test-703,2026-08-29T17:30:20.741301+00:00,2026-08-29T17:30:23.498992+00:00,2.7576,ok,0,stop,354,77,431,0.15,
mt/set_18/ambiegen/test-326,2026-08-29T17:30:23.499035+00:00,2026-08-29T17:30:26.163023+00:00,2.664,ok,0,stop,354,77,431,0.15,
mt/set_16/frenetic/test-929,2026-08-29T17:30:26.163064+00:00,2026-08-29T17:30:28.878334+00:00,2.7152,ok,0,stop,353,77,430,0.15,
mt/set_18/frenetic_v/test-29,2026-08-29T17:30:28.878379+00:00,2026-08-29T17:30:31.536113+00:00,2.6577,ok,0,stop,355,72,427,0.15,
mt/set_12/frenetic/test-617,2026-08-29T17:30:31.536175+00:00,2026-08-29T17:30:34.058001+00:00,2.5218,ok,0,stop,353,72,425,0.15,
mt/set_16/frenetic_v/test-820,2026-08-29T17:30:34.058062+00:00,2026-08-29T17:30:37.085751+00:00,3.0276,ok,0,stop,355,92,447,0.15,
mt/set_14/frenetic/test-891,2026-08-29T17:30:37.085808+00:00,2026-08-29T17:30:39.675487+00:00,2.5896,ok,0,stop,354,72,426,0.15,
mt/set_8/frenetic/odr/test-787,2026-08-29T17:30:39.675520+00:00,2026-08-29T17:30:42.335192+00:00,2.6596,ok,0,stop,354,77,431,0.15,
mt/set_11/frenetic/test-640,2026-08-29T17:30:42.335232+00:00,2026-08-29T17:30:44.935335+00:00,2.6001,ok,0,stop,354,72,426,0.15,
mt/set_10/frenetic_v/test-316,2026-08-29T17:30:44.935395+00:00,2026-08-29T17:30:47.425548+00:00,2.4901,ok,0,stop,355,72,427,0.15,
mt/set_17/ambiegen/test-910,2026-08-29T17:30:47.425598+00:00,2026-08-29T17:30:50.088484+00:00,2.6628,ok,0,stop,354,77,431,0.15,
mt/set_12/frenetic/test-501,2026-08-29T17:30:50.088582+00:00,2026-08-29T17:30:52.484567+00:00,2.396,ok,0,stop,353,72,425,0.15,
mt/set_12/frenetic/test-247,2026-08-29T17:30:52.484609+00:00,2026-08-29T17:30:55.002262+00:00,2.5176,ok,0,stop,354,72,426,0.15,
mt_set5/frenetic_v/test-759,2026-08-29T17:30:55.002298+00:00,2026-08-29T17:30:57.602332+00:00,2.6,ok,0,stop,354,72,426,0.15,
mt/set_8/frenetic_v/odr/test-669,2026-08-29T17:30:57.602367+00:00,2026-08-29T17:31:00.368518+00:00,2.7661,ok,0,stop,355,77,432,0.15,
mt/set_12/ambiegen/test-207,2026-08-29T17:31:00.368580+00:00,2026-08-29T17:31:02.924190+00:00,2.5556,ok,0,stop,355,72,427,0.15,
mt/set_17/frenetic_v/test-654,2026-08-29T17:31:02.924249+00:00,2026-08-29T17:31:05.502287+00:00,2.578,ok,0,stop,355,72,427,0.15,
mt/set_10/ambiegen/test-537,2026-08-29T17:31:05.502338+00:00,2026-08-29T17:31:08.086510+00:00,2.5841,ok,0,stop,354,72,426,0.15,
mt/set_18/ambiegen/test-152,2026-08-29T17:31:08.086548+00:00,2026-08-29T17:31:10.889302+00:00,2.8027,ok,0,stop,355,78,433,0.15,
mt/set_17/frenetic/test-138,2026-08-29T17:31:10.889353+00:00,2026-08-29T17:31:13.546033+00:00,2.6566,ok,0,stop,353,72,425,0.25,
mt_set5/frenetic_v/test-29,2026-08-29T17:31:13.546072+00:00,2026-08-29T17:31:16.668944+00:00,3.1228,ok,0,stop,355,92,447,0.15,
mt/set_13/frenetic_v/test-802,2026-08-29T17:31:16.668988+00:00,2026-08-29T17:31:19.287708+00:00,2.6187,ok,0,stop,355,72,427,0.15,
mt/set_6/frenetic_v/test-619,2026-08-29T17:31:19.287763+00:00,2026-08-29T17:31:21.772199+00:00,2.4844,ok,0,stop,355,72,427,0.15,
mt/set_13/frenetic/test-304,2026-08-29T17:31:21.772239+00:00,2026-08-29T17:31:24.354321+00:00,2.582,ok,0,stop,353,72,425,0.15,
mt/set_18/ambiegen/test-2,2026-08-29T17:31:24.354411+00:00,2026-08-29T17:31:26.953478+00:00,2.599,ok,0,stop,354,77,431,0.15,
mt/set_9/frenetic_v/test-781,2026-08-29T17:31:26.953518+00:00,2026-08-29T17:31:29.553007+00:00,2.5995,ok,0,stop,354,72,426,0.15,
mt/set_6/frenetic_v/test-384,2026-08-29T17:31:29.553045+00:00,2026-08-29T17:31:32.133115+00:00,2.58,ok,0,stop,355,72,427,0.15,
mt_set5/ambiegen/test-225,2026-08-29T17:31:32.133155+00:00,2026-08-29T17:31:34.903287+00:00,2.7701,ok,0,stop,354,77,431,0.15,
mt/set_11/frenetic_v/test-807,2026-08-29T17:31:34.903329+00:00,2026-08-29T17:31:37.521370+00:00,2.618,ok,0,stop,354,72,426,0.15,
mt/set_13/frenetic/test-25,2026-08-29T17:31:37.521408+00:00,2026-08-29T17:31:40.222534+00:00,2.7011,ok,0,stop,354,78,432,0.15,
mt/set_10/frenetic_v/test-281,2026-08-29T17:31:40.222574+00:00,2026-08-29T17:31:43.158851+00:00,2.9362,ok,0,stop,354,72,426,0.15,
mt_set5/ambiegen/test-737,2026-08-29T17:31:43.158890+00:00,2026-08-29T17:31:45.860440+00:00,2.7015,ok,0,stop,354,80,434,0.15,
mt/set_9/ambiegen/test-447,2026-08-29T17:31:45.860483+00:00,2026-08-29T17:31:48.664888+00:00,2.8044,ok,0,stop,354,77,431,0.15,
mt/set_8/ambiegen/odr/test-483,2026-08-29T17:31:48.664931+00:00,2026-08-29T17:31:51.291825+00:00,2.6269,ok,0,stop,354,72,426,0.15,
mt_set5/ambiegen/test-352,2026-08-29T17:31:51.291868+00:00,2026-08-29T17:31:53.918606+00:00,2.6267,ok,0,stop,354,72,426,0.15,
mt_set6/frenetic/test-934,2026-08-29T17:31:53.918647+00:00,2026-08-29T17:31:56.576717+00:00,2.658,ok,0,stop,353,77,430,0.15,
mt/set_10/frenetic_v/test-32,2026-08-29T17:31:56.576755+00:00,2026-08-29T17:31:59.387611+00:00,2.8108,ok,0,stop,355,77,432,0.15,
mt/set_14/frenetic_v/test-229,2026-08-29T17:31:59.387652+00:00,2026-08-29T17:32:01.829102+00:00,2.4414,ok,0,stop,355,72,427,0.15,
mt/set_13/frenetic_v/test-912,2026-08-29T17:32:01.829161+00:00,2026-08-29T17:32:04.428605+00:00,2.5994,ok,0,stop,355,72,427,0.15,
mt/set_13/ambiegen/test-299,2026-08-29T17:32:04.428644+00:00,2026-08-29T17:32:07.003758+00:00,2.575,ok,0,stop,355,72,427,0.15,
mt_set5/frenetic/test-763,2026-08-29T17:32:07.003857+00:00,2026-08-29T17:32:09.582381+00:00,2.5785,ok,0,stop,354,72,426,0.15,
mt/set_13/frenetic/test-886,2026-08-29T17:32:09.582422+00:00,2026-08-29T17:32:12.242769+00:00,2.6603,ok,0,stop,354,78,432,0.15,
mt/set_10/frenetic_v/test-670,2026-08-29T17:32:12.242810+00:00,2026-08-29T17:32:15.108106+00:00,2.8653,ok,0,stop,355,92,447,0.15,
mt/set_18/frenetic/test-147,2026-08-29T17:32:15.108152+00:00,2026-08-29T17:32:17.827960+00:00,2.7198,ok,0,stop,353,77,430,0.15,
mt/set_7/ambiegen/odr/test-235,2026-08-29T17:32:17.828004+00:00,2026-08-29T17:32:20.266425+00:00,2.4384,ok,0,stop,354,72,426,0.15,
mt/set_7/frenetic_v/odr/test-302,2026-08-29T17:32:20.266464+00:00,2026-08-29T17:32:22.855373+00:00,2.5889,ok,0,stop,355,72,427,0.15,
mt/set_16/frenetic_v/test-20,2026-08-29T17:32:22.855415+00:00,2026-08-29T17:32:25.723577+00:00,2.8681,ok,0,stop,355,77,432,0.15,
mt/set_11/frenetic/test-872,2026-08-29T17:32:25.723618+00:00,2026-08-29T17:32:28.209237+00:00,2.4856,ok,0,stop,354,72,426,0.15,
mt/set_7/frenetic/odr/test-11,2026-08-29T17:32:28.209279+00:00,2026-08-29T17:32:30.787607+00:00,2.5783,ok,0,stop,354,72,426,0.15,
mt/set_16/frenetic/test-720,2026-08-29T17:32:30.787649+00:00,2026-08-29T17:32:33.525724+00:00,2.738,ok,0,stop,353,72,425,0.15,
mt/set_7/ambiegen/odr/test-845,2026-08-29T17:32:33.525765+00:00,2026-08-29T17:32:36.014282+00:00,2.4885,ok,0,stop,354,77,431,0.15,
mt/set_16/ambiegen/test-564,2026-08-29T17:32:36.014322+00:00,2026-08-29T17:32:38.469047+00:00,2.4547,ok,0,stop,354,68,422,0.15,
mt_set5/frenetic_v/test-877,2026-08-29T17:32:38.469087+00:00,2026-08-29T17:32:41.118176+00:00,2.649,ok,0,stop,355,72,427,0.15,
mt/set_12/frenetic_v/test-764,2026-08-29T17:32:41.118272+00:00,2026-08-29T17:32:43.614614+00:00,2.4963,ok,0,stop,354,72,426,0.15,
mt/set_8/ambiegen/odr/test-410,2026-08-29T17:32:43.614653+00:00,2026-08-29T17:32:46.046114+00:00,2.4314,ok,0,stop,354,72,426,0.15,
mt/set_11/frenetic_v/test-787,2026-08-29T17:32:46.046156+00:00,2026-08-29T17:32:48.717789+00:00,2.6716,ok,0,stop,355,77,432,0.15,
mt/set_13/frenetic_v/test-95,2026-08-29T17:32:48.717826+00:00,2026-08-29T17:32:51.525810+00:00,2.8079,ok,0,stop,355,72,427,0.15,
mt_set5/ambiegen/test-723,2026-08-29T17:32:51.525871+00:00,2026-08-29T17:32:54.041578+00:00,2.5157,ok,0,stop,354,72,426,0.15,
mt/set_9/frenetic_v/test-935,2026-08-29T17:32:54.041620+00:00,2026-08-29T17:32:56.435784+00:00,2.3941,ok,0,stop,354,72,426,0.15,
mt_set5/frenetic/test-827,2026-08-29T17:32:56.435819+00:00,2026-08-29T17:32:59.118485+00:00,2.6826,ok,0,stop,353,72,425,0.15,
mt_set5/ambiegen/test-136,2026-08-29T17:32:59.118527+00:00,2026-08-29T17:33:01.595657+00:00,2.4771,ok,0,stop,355,69,424,0.65,
mt/set_11/ambiegen/test-729,2026-08-29T17:33:01.595702+00:00,2026-08-29T17:33:04.247426+00:00,2.6517,ok,0,stop,354,72,426,0.15,
mt/set_11/frenetic_v/test-747,2026-08-29T17:33:04.247462+00:00,2026-08-29T17:33:07.005744+00:00,2.7582,ok,0,stop,355,77,432,0.15,
mt/set_7/frenetic_v/odr/test-589,2026-08-29T17:33:07.005789+00:00,2026-08-29T17:33:09.742910+00:00,2.7371,ok,0,stop,355,80,435,0.15,
mt/set_12/frenetic/test-23,2026-08-29T17:33:09.742944+00:00,2026-08-29T17:33:12.376849+00:00,2.6339,ok,0,stop,353,77,430,0.15,
mt/set_10/frenetic/test-517,2026-08-29T17:33:12.376910+00:00,2026-08-29T17:33:15.144303+00:00,2.7673,ok,0,stop,354,77,431,0.15,
mt/set_13/ambiegen/test-100,2026-08-29T17:33:15.144398+00:00,2026-08-29T17:33:17.690660+00:00,2.5462,ok,0,stop,354,72,426,0.15,
mt/set_12/frenetic/test-902,2026-08-29T17:33:17.690707+00:00,2026-08-29T17:33:20.281969+00:00,2.5912,ok,0,stop,353,72,425,0.15,
mt/set_2/ambiegen/odr/test-682,2026-08-29T17:33:20.282010+00:00,2026-08-29T17:33:22.852577+00:00,2.5705,ok,0,stop,354,78,432,0.15,
mt/set_11/frenetic_v/test-733,2026-08-29T17:33:22.852613+00:00,2026-08-29T17:33:25.664656+00:00,2.812,ok,0,stop,355,77,432,0.15,
mt/set_7/ambiegen/odr/test-363,2026-08-29T17:33:25.664718+00:00,2026-08-29T17:33:28.246762+00:00,2.582,ok,0,stop,353,77,430,0.15,
mt_set6/frenetic/test-659,2026-08-29T17:33:28.246819+00:00,2026-08-29T17:33:31.045310+00:00,2.7985,ok,0,stop,354,77,431,0.15,
mt_set5/ambiegen/test-843,2026-08-29T17:33:31.045342+00:00,2026-08-29T17:33:33.855722+00:00,2.8103,ok,0,stop,354,77,431,0.15,
mt/set_7/frenetic_v/odr/test-506,2026-08-29T17:33:33.855765+00:00,2026-08-29T17:33:36.381546+00:00,2.5257,ok,0,stop,354,72,426,0.15,
mt_set5/frenetic/test-738,2026-08-29T17:33:36.381592+00:00,2026-08-29T17:33:38.862110+00:00,2.4805,ok,0,stop,354,72,426,0.15,
mt_set5/frenetic_v/test-559,2026-08-29T17:33:38.862148+00:00,2026-08-29T17:33:41.621484+00:00,2.7593,ok,0,stop,355,72,427,0.15,
mt/set_11/frenetic/test-544,2026-08-29T17:33:41.621527+00:00,2026-08-29T17:33:44.243871+00:00,2.6223,ok,0,stop,354,78,432,0.15,
mt_set6/frenetic/test-276,2026-08-29T17:33:44.243906+00:00,2026-08-29T17:33:46.730798+00:00,2.4869,ok,0,stop,354,72,426,0.15,
mt/set_8/frenetic/odr/test-373,2026-08-29T17:33:46.730837+00:00,2026-08-29T17:33:49.729293+00:00,2.9984,ok,0,stop,354,92,446,0.15,
mt/set_10/frenetic/test-545,2026-08-29T17:33:49.729339+00:00,2026-08-29T17:33:52.070309+00:00,2.3409,ok,0,stop,354,72,426,0.15,
mt/set_18/frenetic/test-454,2026-08-29T17:33:52.070346+00:00,2026-08-29T17:33:54.547853+00:00,2.4775,ok,0,stop,354,72,426,0.15,
mt/set_11/frenetic_v/test-553,2026-08-29T17:33:54.547894+00:00,2026-08-29T17:33:57.556226+00:00,3.0083,ok,0,stop,355,92,447,0.15,
mt_set5/frenetic_v/test-109,2026-08-29T17:33:57.556295+00:00,2026-08-29T17:34:00.522562+00:00,2.9662,ok,0,stop,355,92,447,0.15,
mt/set_18/frenetic_v/test-157,2026-08-29T17:34:00.522603+00:00,2026-08-29T17:34:03.202512+00:00,2.6799,ok,0,stop,354,77,431,0.15,
mt/set_16/frenetic/test-306,2026-08-29T17:34:03.202553+00:00,2026-08-29T17:34:05.715567+00:00,2.513,ok,0,stop,354,72,426,0.15,
mt_set5/frenetic/test-433,2026-08-29T17:34:05.715610+00:00,2026-08-29T17:34:08.435569+00:00,2.7199,ok,0,stop,354,78,432,0.15,
mt/set_16/frenetic_v/test-88,2026-08-29T17:34:08.435621+00:00,2026-08-29T17:34:10.917112+00:00,2.4815,ok,0,stop,354,72,426,0.15,
mt/set_9/frenetic/test-5,2026-08-29T17:34:10.917164+00:00,2026-08-29T17:34:13.594665+00:00,2.6775,ok,0,stop,354,77,431,0.15,
mt/set_14/ambiegen/test-49,2026-08-29T17:34:13.594744+00:00,2026-08-29T17:34:18.666959+00:00,5.0722,ok,0,stop,354,77,431,0.15,
mt/set_16/frenetic_v/test-182,2026-08-29T17:34:18.667010+00:00,2026-08-29T17:34:21.078838+00:00,2.4118,ok,0,stop,354,72,426,0.15,
mt/set_8/frenetic_v/odr/test-930,2026-08-29T17:34:21.078881+00:00,2026-08-29T17:34:23.801669+00:00,2.7228,ok,0,stop,355,80,435,0.15,
mt/set_16/frenetic/test-213,2026-08-29T17:34:23.801713+00:00,2026-08-29T17:34:26.302832+00:00,2.5011,ok,0,stop,354,72,426,0.15,
mt/set_17/frenetic/test-751,2026-08-29T17:34:26.302874+00:00,2026-08-29T17:34:28.852019+00:00,2.5491,ok,0,stop,354,72,426,0.15,
mt/set_18/ambiegen/test-404,2026-08-29T17:34:28.852066+00:00,2026-08-29T17:34:32.037970+00:00,3.1859,ok,0,stop,354,91,445,0.25,
mt/set_11/frenetic_v/test-67,2026-08-29T17:34:32.038013+00:00,2026-08-29T17:34:34.645643+00:00,2.6076,ok,0,stop,355,78,433,0.15,
mt/set_17/ambiegen/test-540,2026-08-29T17:34:34.645686+00:00,2026-08-29T17:34:37.022982+00:00,2.3773,ok,0,stop,353,68,421,0.15,
mt/set_18/frenetic_v/test-234,2026-08-29T17:34:37.023025+00:00,2026-08-29T17:34:39.498965+00:00,2.4759,ok,0,stop,354,72,426,0.15,
mt/set_11/frenetic_v/test-742,2026-08-29T17:34:39.499009+00:00,2026-08-29T17:34:42.249213+00:00,2.7502,ok,0,stop,355,68,423,0.15,
mt/set_8/ambiegen/odr/test-515,2026-08-29T17:34:42.249254+00:00,2026-08-29T17:34:44.913274+00:00,2.664,ok,0,stop,354,77,431,0.15,
mt/set_17/frenetic_v/test-538,2026-08-29T17:34:44.913337+00:00,2026-08-29T17:34:47.936337+00:00,3.023,ok,0,stop,355,72,427,0.15,
mt/set_18/frenetic/test-509,2026-08-29T17:34:47.936377+00:00,2026-08-29T17:34:50.744642+00:00,2.8082,ok,0,stop,353,72,425,0.15,
mt/set_14/frenetic/test-277,2026-08-29T17:34:50.744689+00:00,2026-08-29T17:34:53.419928+00:00,2.6752,ok,0,stop,354,78,432,0.15,
mt/set_7/frenetic_v/odr/test-412,2026-08-29T17:34:53.419972+00:00,2026-08-29T17:34:56.138742+00:00,2.7187,ok,0,stop,355,78,433,0.15,
mt/set_7/ambiegen/odr/test-784,2026-08-29T17:34:56.138802+00:00,2026-08-29T17:34:58.905753+00:00,2.7669,ok,0,stop,354,77,431,0.15,
mt/set_13/ambiegen/test-20,2026-08-29T17:34:58.905795+00:00,2026-08-29T17:35:03.754938+00:00,4.8491,ok,0,stop,354,77,431,0.15,
mt/set_18/frenetic/test-865,2026-08-29T17:35:03.754983+00:00,2026-08-29T17:35:06.337546+00:00,2.5825,ok,0,stop,353,72,425,0.15,
mt/set_2/ambiegen/odr/test-92,2026-08-29T17:35:06.337587+00:00,2026-08-29T17:35:08.836377+00:00,2.4988,ok,0,stop,354,72,426,0.15,
mt/set_13/frenetic_v/test-774,2026-08-29T17:35:08.836419+00:00,2026-08-29T17:35:11.385932+00:00,2.5495,ok,0,stop,355,72,427,0.15,
mt/set_16/ambiegen/test-638,2026-08-29T17:35:11.385994+00:00,2026-08-29T17:35:16.581023+00:00,5.195,ok,0,stop,354,72,426,0.15,
mt/set_12/ambiegen/test-787,2026-08-29T17:35:16.581083+00:00,2026-08-29T17:35:19.373133+00:00,2.792,ok,0,stop,354,72,426,0.15,
mt/set_16/ambiegen/test-656,2026-08-29T17:35:19.373194+00:00,2026-08-29T17:35:21.944808+00:00,2.5716,ok,0,stop,354,72,426,0.15,
mt/set_18/frenetic/test-369,2026-08-29T17:35:21.944851+00:00,2026-08-29T17:35:24.676545+00:00,2.7316,ok,0,stop,354,72,426,0.25,
mt/set_8/frenetic/odr/test-206,2026-08-29T17:35:24.676612+00:00,2026-08-29T17:35:27.294130+00:00,2.6175,ok,0,stop,354,72,426,0.15,
mt/set_10/frenetic/test-902,2026-08-29T17:35:27.294174+00:00,2026-08-29T17:35:29.900918+00:00,2.6067,ok,0,stop,354,72,426,0.15,
mt/set_17/ambiegen/test-566,2026-08-29T17:35:29.900962+00:00,2026-08-29T17:35:33.249493+00:00,3.3485,ok,0,stop,355,80,435,0.15,
mt/set_10/ambiegen/test-302,2026-08-29T17:35:33.249533+00:00,2026-08-29T17:35:36.003727+00:00,2.7542,ok,0,stop,354,77,431,0.15,
mt/set_9/ambiegen/test-130,2026-08-29T17:35:36.003788+00:00,2026-08-29T17:35:38.681823+00:00,2.678,ok,0,stop,355,77,432,0.15,
mt/set_12/frenetic/test-100,2026-08-29T17:35:38.681861+00:00,2026-08-29T17:35:41.309120+00:00,2.6272,ok,0,stop,353,72,425,0.15,
mt/set_12/frenetic_v/test-751,2026-08-29T17:35:41.309167+00:00,2026-08-29T17:35:43.946823+00:00,2.6376,ok,0,stop,355,78,433,0.15,
mt/set_11/ambiegen/test-450,2026-08-29T17:35:43.946884+00:00,2026-08-29T17:35:48.894822+00:00,4.9479,ok,0,stop,354,77,431,0.15,
mt/set_9/frenetic_v/test-785,2026-08-29T17:35:48.894865+00:00,2026-08-29T17:35:51.537606+00:00,2.6427,ok,0,stop,354,72,426,0.15,
mt/set_18/ambiegen/test-528,2026-08-29T17:35:51.537651+00:00,2026-08-29T17:35:54.307664+00:00,2.77,ok,0,stop,354,72,426,0.15,
mt/set_13/ambiegen/test-843,2026-08-29T17:35:54.307725+00:00,2026-08-29T17:35:56.780181+00:00,2.4724,ok,0,stop,354,72,426,0.15,
mt/set_16/frenetic/test-498,2026-08-29T17:35:56.780230+00:00,2026-08-29T17:35:59.437570+00:00,2.6573,ok,0,stop,353,72,425,0.15,
mt/set_18/frenetic/test-174,2026-08-29T17:35:59.437611+00:00,2026-08-29T17:36:02.230109+00:00,2.7925,ok,0,stop,353,77,430,0.15,
mt/set_9/frenetic/test-858,2026-08-29T17:36:02.230151+00:00,2026-08-29T17:36:04.774558+00:00,2.5444,ok,0,stop,353,72,425,0.15,
mt/set_11/frenetic/test-927,2026-08-29T17:36:04.774600+00:00,2026-08-29T17:36:07.328599+00:00,2.554,ok,0,stop,354,72,426,0.15,
mt/set_7/frenetic/odr/test-896,2026-08-29T17:36:07.328643+00:00,2026-08-29T17:36:09.918525+00:00,2.5899,ok,0,stop,353,72,425,0.15,
mt_set5/frenetic/test-818,2026-08-29T17:36:09.918568+00:00,2026-08-29T17:36:12.489577+00:00,2.571,ok,0,stop,353,72,425,0.15,
mt/set_9/ambiegen/test-18,2026-08-29T17:36:12.489622+00:00,2026-08-29T17:36:15.123716+00:00,2.6341,ok,0,stop,354,72,426,0.15,
mt/set_16/ambiegen/test-942,2026-08-29T17:36:15.123758+00:00,2026-08-29T17:36:17.807431+00:00,2.6836,ok,0,stop,354,77,431,0.45,
mt/set_10/frenetic_v/test-808,2026-08-29T17:36:17.807470+00:00,2026-08-29T17:36:20.821382+00:00,3.0139,ok,0,stop,354,72,426,0.15,
mt/set_18/frenetic/test-797,2026-08-29T17:36:20.821422+00:00,2026-08-29T17:36:23.495565+00:00,2.6741,ok,0,stop,353,77,430,0.15,
mt_set6/frenetic/test-126,2026-08-29T17:36:23.495607+00:00,2026-08-29T17:36:26.106180+00:00,2.6105,ok,0,stop,354,77,431,0.15,
mt/set_6/frenetic_v/test-265,2026-08-29T17:36:26.106221+00:00,2026-08-29T17:36:28.688349+00:00,2.5821,ok,0,stop,355,72,427,0.15,
mt_set6/frenetic/test-492,2026-08-29T17:36:28.688390+00:00,2026-08-29T17:36:31.239049+00:00,2.5506,ok,0,stop,353,72,425,0.15,
mt/set_17/frenetic_v/test-552,2026-08-29T17:36:31.239125+00:00,2026-08-29T17:36:36.364831+00:00,5.1257,ok,0,stop,355,77,432,0.15,
mt/set_10/ambiegen/test-455,2026-08-29T17:36:36.364877+00:00,2026-08-29T17:36:38.921783+00:00,2.5569,ok,0,stop,354,77,431,0.15,
mt/set_14/frenetic_v/test-487,2026-08-29T17:36:38.921839+00:00,2026-08-29T17:36:41.409654+00:00,2.4878,ok,0,stop,354,72,426,0.15,
mt/set_12/frenetic_v/test-807,2026-08-29T17:36:41.409693+00:00,2026-08-29T17:36:44.042737+00:00,2.633,ok,0,stop,354,72,426,0.15,
mt_set6/frenetic/test-120,2026-08-29T17:36:44.042776+00:00,2026-08-29T17:36:46.770579+00:00,2.7278,ok,0,stop,354,78,432,0.15,
mt/set_13/frenetic/test-94,2026-08-29T17:36:46.770616+00:00,2026-08-29T17:36:49.382408+00:00,2.6118,ok,0,stop,354,80,434,0.15,
mt/set_18/frenetic/test-256,2026-08-29T17:36:49.382450+00:00,2026-08-29T17:36:51.973730+00:00,2.5912,ok,0,stop,353,72,425,0.15,
mt/set_7/ambiegen/odr/test-331,2026-08-29T17:36:51.973770+00:00,2026-08-29T17:36:54.561184+00:00,2.5874,ok,0,stop,354,72,426,0.15,
mt/set_17/frenetic/test-548,2026-08-29T17:36:54.561222+00:00,2026-08-29T17:36:57.223020+00:00,2.6618,ok,0,stop,353,77,430,0.15,
mt/set_17/ambiegen/test-608,2026-08-29T17:36:57.223061+00:00,2026-08-29T17:36:59.854296+00:00,2.6312,ok,0,stop,354,72,426,0.15,
mt/set_12/frenetic_v/test-620,2026-08-29T17:36:59.854334+00:00,2026-08-29T17:37:02.379829+00:00,2.5255,ok,0,stop,354,72,426,0.15,
mt/set_16/frenetic/test-672,2026-08-29T17:37:02.379868+00:00,2026-08-29T17:37:05.290432+00:00,2.9105,ok,0,stop,354,92,446,0.15,
mt/set_7/frenetic_v/odr/test-254,2026-08-29T17:37:05.290505+00:00,2026-08-29T17:37:07.917664+00:00,2.6271,ok,0,stop,355,72,427,0.15,
mt/set_10/frenetic_v/test-715,2026-08-29T17:37:07.917709+00:00,2026-08-29T17:37:10.575964+00:00,2.6582,ok,0,stop,354,72,426,0.15,
mt/set_13/frenetic/test-175,2026-08-29T17:37:10.576006+00:00,2026-08-29T17:37:13.083131+00:00,2.5071,ok,0,stop,353,72,425,0.15,
mt_set6/frenetic/test-536,2026-08-29T17:37:13.083191+00:00,2026-08-29T17:37:15.830581+00:00,2.7474,ok,0,stop,353,72,425,0.15,
mt/set_16/frenetic_v/test-776,2026-08-29T17:37:15.830623+00:00,2026-08-29T17:37:18.424561+00:00,2.5939,ok,0,stop,355,72,427,0.15,
mt/set_18/frenetic_v/test-7,2026-08-29T17:37:18.424607+00:00,2026-08-29T17:37:21.020159+00:00,2.5955,ok,0,stop,355,72,427,0.15,
mt/set_16/frenetic/test-810,2026-08-29T17:37:21.020221+00:00,2026-08-29T17:37:23.677959+00:00,2.6577,ok,0,stop,354,72,426,0.15,
mt/set_17/frenetic_v/test-202,2026-08-29T17:37:23.678005+00:00,2026-08-29T17:37:26.285033+00:00,2.607,ok,0,stop,355,72,427,0.15,
mt/set_8/ambiegen/odr/test-347,2026-08-29T17:37:26.285078+00:00,2026-08-29T17:37:28.944051+00:00,2.6589,ok,0,stop,354,77,431,0.15,
mt_set5/frenetic/test-745,2026-08-29T17:37:28.944096+00:00,2026-08-29T17:37:31.693747+00:00,2.7496,ok,0,stop,353,77,430,0.15,
mt/set_2/ambiegen/odr/test-34,2026-08-29T17:37:31.693789+00:00,2026-08-29T17:37:34.139165+00:00,2.4453,ok,0,stop,354,72,426,0.15,
mt/set_10/ambiegen/test-339,2026-08-29T17:37:34.139215+00:00,2026-08-29T17:37:36.587980+00:00,2.4487,ok,0,stop,354,72,426,0.15,
mt/set_8/frenetic/odr/test-841,2026-08-29T17:37:36.588023+00:00,2026-08-29T17:37:39.001627+00:00,2.4136,ok,0,stop,353,72,425,0.15,
mt/set_2/ambiegen/odr/test-335,2026-08-29T17:37:39.001671+00:00,2026-08-29T17:37:41.787429+00:00,2.7857,ok,0,stop,353,68,421,0.15,
mt/set_12/frenetic/test-670,2026-08-29T17:37:41.787491+00:00,2026-08-29T17:37:44.345380+00:00,2.5578,ok,0,stop,353,72,425,0.15,
mt/set_11/frenetic/test-390,2026-08-29T17:37:44.345443+00:00,2026-08-29T17:37:46.821279+00:00,2.4758,ok,0,stop,353,72,425,0.15,
mt/set_8/frenetic_v/odr/test-417,2026-08-29T17:37:46.821325+00:00,2026-08-29T17:37:49.442964+00:00,2.6216,ok,0,stop,355,72,427,0.15,
mt/set_6/frenetic_v/test-646,2026-08-29T17:37:49.443026+00:00,2026-08-29T17:37:51.984274+00:00,2.5412,ok,0,stop,355,72,427,0.15,
mt/set_13/frenetic_v/test-783,2026-08-29T17:37:51.984319+00:00,2026-08-29T17:37:54.616382+00:00,2.632,ok,0,stop,354,77,431,0.15,
mt/set_7/frenetic/odr/test-124,2026-08-29T17:37:54.616425+00:00,2026-08-29T17:37:57.205800+00:00,2.5893,ok,0,stop,353,77,430,0.15,
mt/set_14/frenetic_v/test-846,2026-08-29T17:37:57.205845+00:00,2026-08-29T17:37:59.626789+00:00,2.4209,ok,0,stop,354,72,426,0.15,
mt/set_9/frenetic_v/test-426,2026-08-29T17:37:59.626849+00:00,2026-08-29T17:38:02.294971+00:00,2.6681,ok,0,stop,355,72,427,0.15,
mt/set_11/frenetic/test-129,2026-08-29T17:38:02.295016+00:00,2026-08-29T17:38:04.893421+00:00,2.5984,ok,0,stop,354,72,426,0.15,
mt/set_14/ambiegen/test-218,2026-08-29T17:38:04.893492+00:00,2026-08-29T17:38:07.521359+00:00,2.6278,ok,0,stop,354,77,431,0.15,
mt_set5/frenetic_v/test-255,2026-08-29T17:38:07.521421+00:00,2026-08-29T17:38:10.109953+00:00,2.5885,ok,0,stop,354,72,426,0.15,
mt/set_18/ambiegen/test-262,2026-08-29T17:38:10.109996+00:00,2026-08-29T17:38:12.699753+00:00,2.5897,ok,0,stop,353,72,425,0.15,
mt/set_17/frenetic/test-352,2026-08-29T17:38:12.699815+00:00,2026-08-29T17:38:15.516671+00:00,2.8168,ok,0,stop,353,72,425,0.15,
mt/set_12/frenetic/test-889,2026-08-29T17:38:15.516718+00:00,2026-08-29T17:38:18.232499+00:00,2.7157,ok,0,stop,354,78,432,0.15,
mt/set_8/frenetic/odr/test-650,2026-08-29T17:38:18.232551+00:00,2026-08-29T17:38:20.824316+00:00,2.5917,ok,0,stop,353,72,425,0.15,
mt/set_11/frenetic_v/test-350,2026-08-29T17:38:20.824369+00:00,2026-08-29T17:38:23.438500+00:00,2.6141,ok,0,stop,355,72,427,0.15,
mt/set_10/ambiegen/test-884,2026-08-29T17:38:23.438552+00:00,2026-08-29T17:38:26.653425+00:00,3.2148,ok,0,stop,355,92,447,0.15,
mt/set_14/ambiegen/test-775,2026-08-29T17:38:26.653484+00:00,2026-08-29T17:38:29.049278+00:00,2.3957,ok,0,stop,355,72,427,0.15,
mt/set_6/frenetic_v/test-900,2026-08-29T17:38:29.049338+00:00,2026-08-29T17:38:31.801179+00:00,2.7518,ok,0,stop,355,78,433,0.15,
mt/set_7/frenetic/odr/test-372,2026-08-29T17:38:31.801238+00:00,2026-08-29T17:38:34.268003+00:00,2.4667,ok,0,stop,353,72,425,0.15,
mt/set_14/ambiegen/test-808,2026-08-29T17:38:34.268063+00:00,2026-08-29T17:38:36.994960+00:00,2.7269,ok,0,stop,354,77,431,0.15,
mt/set_9/frenetic_v/test-11,2026-08-29T17:38:36.995023+00:00,2026-08-29T17:38:39.397654+00:00,2.4026,ok,0,stop,355,72,427,0.15,
mt/set_7/frenetic/odr/test-208,2026-08-29T17:38:39.397722+00:00,2026-08-29T17:38:41.946750+00:00,2.549,ok,0,stop,354,72,426,0.15,
mt/set_14/ambiegen/test-312,2026-08-29T17:38:41.946809+00:00,2026-08-29T17:38:44.441269+00:00,2.4944,ok,0,stop,354,72,426,0.15,
mt/set_13/ambiegen/test-536,2026-08-29T17:38:44.441329+00:00,2026-08-29T17:38:46.943190+00:00,2.5018,ok,0,stop,354,72,426,0.15,
mt/set_18/frenetic/test-683,2026-08-29T17:38:46.943249+00:00,2026-08-29T17:38:49.719113+00:00,2.7758,ok,0,stop,353,78,431,0.15,
mt/set_16/ambiegen/test-4,2026-08-29T17:38:49.719174+00:00,2026-08-29T17:38:52.318028+00:00,2.5988,ok,0,stop,354,77,431,0.15,
mt/set_13/frenetic/test-75,2026-08-29T17:38:52.318069+00:00,2026-08-29T17:38:54.804654+00:00,2.4866,ok,0,stop,353,72,425,0.15,
mt/set_9/frenetic/test-504,2026-08-29T17:38:54.804694+00:00,2026-08-29T17:38:57.513997+00:00,2.7093,ok,0,stop,354,77,431,0.15,
mt/set_12/frenetic/test-756,2026-08-29T17:38:57.514038+00:00,2026-08-29T17:38:59.977159+00:00,2.4631,ok,0,stop,354,72,426,0.15,
mt_set5/frenetic_v/test-206,2026-08-29T17:38:59.977221+00:00,2026-08-29T17:39:02.596488+00:00,2.6192,ok,0,stop,355,77,432,0.15,
mt/set_8/ambiegen/odr/test-358,2026-08-29T17:39:02.596535+00:00,2026-08-29T17:39:05.379209+00:00,2.7826,ok,0,stop,354,78,432,0.65,
mt/set_8/frenetic_v/odr/test-178,2026-08-29T17:39:05.379305+00:00,2026-08-29T17:39:07.877051+00:00,2.4977,ok,0,stop,355,72,427,0.15,
mt/set_8/frenetic_v/odr/test-239,2026-08-29T17:39:07.877096+00:00,2026-08-29T17:39:10.544476+00:00,2.6673,ok,0,stop,354,77,431,0.15,
mt/set_8/frenetic/odr/test-252,2026-08-29T17:39:10.544518+00:00,2026-08-29T17:39:13.036995+00:00,2.4924,ok,0,stop,353,72,425,0.15,
mt/set_14/ambiegen/test-865,2026-08-29T17:39:13.037043+00:00,2026-08-29T17:39:15.681495+00:00,2.6444,ok,0,stop,354,72,426,0.15,
mt/set_12/frenetic_v/test-932,2026-08-29T17:39:15.681553+00:00,2026-08-29T17:39:18.358521+00:00,2.6769,ok,0,stop,355,72,427,0.15,
mt_set5/ambiegen/test-658,2026-08-29T17:39:18.358581+00:00,2026-08-29T17:39:20.868409+00:00,2.5098,ok,0,stop,354,72,426,0.15,
mt_set5/frenetic/test-146,2026-08-29T17:39:20.868466+00:00,2026-08-29T17:39:23.884245+00:00,3.0157,ok,0,stop,354,72,426,0.15,
mt/set_17/ambiegen/test-350,2026-08-29T17:39:23.884303+00:00,2026-08-29T17:39:26.577273+00:00,2.6929,ok,0,stop,355,80,435,0.15,
mt/set_7/frenetic_v/odr/test-734,2026-08-29T17:39:26.577337+00:00,2026-08-29T17:39:29.039336+00:00,2.462,ok,0,stop,354,72,426,0.15,
mt/set_16/ambiegen/test-625,2026-08-29T17:39:29.039397+00:00,2026-08-29T17:39:31.780498+00:00,2.7411,ok,0,stop,354,72,426,0.25,
mt/set_16/frenetic/test-776,2026-08-29T17:39:31.780538+00:00,2026-08-29T17:39:34.361575+00:00,2.581,ok,0,stop,353,72,425,0.15,
mt/set_10/ambiegen/test-275,2026-08-29T17:39:34.361613+00:00,2026-08-29T17:39:36.950468+00:00,2.5888,ok,0,stop,354,77,431,0.15,
mt/set_13/frenetic_v/test-139,2026-08-29T17:39:36.950527+00:00,2026-08-29T17:39:39.451662+00:00,2.5011,ok,0,stop,354,72,426,0.15,
mt/set_11/ambiegen/test-918,2026-08-29T17:39:39.451704+00:00,2026-08-29T17:39:42.265467+00:00,2.8137,ok,0,stop,354,77,431,0.15,
mt/set_6/frenetic_v/test-815,2026-08-29T17:39:42.265526+00:00,2026-08-29T17:39:44.740276+00:00,2.4747,ok,0,stop,354,72,426,0.15,
mt/set_8/frenetic_v/odr/test-483,2026-08-29T17:39:44.740319+00:00,2026-08-29T17:39:47.256505+00:00,2.5161,ok,0,stop,354,72,426,0.15,
mt/set_2/ambiegen/odr/test-835,2026-08-29T17:39:47.256576+00:00,2026-08-29T17:39:49.969102+00:00,2.7125,ok,0,stop,354,81,435,0.35,
mt_set5/frenetic_v/test-407,2026-08-29T17:39:49.969161+00:00,2026-08-29T17:39:52.548478+00:00,2.5793,ok,0,stop,354,72,426,0.15,
mt/set_18/ambiegen/test-155,2026-08-29T17:39:52.548516+00:00,2026-08-29T17:39:55.105125+00:00,2.5566,ok,0,stop,354,72,426,0.15,
mt/set_13/ambiegen/test-288,2026-08-29T17:39:55.105163+00:00,2026-08-29T17:39:58.033947+00:00,2.9288,ok,0,stop,354,72,426,0.15,
mt/set_6/frenetic_v/test-722,2026-08-29T17:39:58.033991+00:00,2026-08-29T17:40:00.671750+00:00,2.6377,ok,0,stop,354,72,426,0.15,
mt/set_17/ambiegen/test-551,2026-08-29T17:40:00.671809+00:00,2026-08-29T17:40:03.077434+00:00,2.4056,ok,0,stop,353,71,424,0.15,
mt/set_14/frenetic_v/test-153,2026-08-29T17:40:03.077483+00:00,2026-08-29T17:40:05.717630+00:00,2.6401,ok,0,stop,355,72,427,0.15,
mt/set_7/ambiegen/odr/test-189,2026-08-29T17:40:05.717671+00:00,2026-08-29T17:40:08.371898+00:00,2.6542,ok,0,stop,354,77,431,0.15,
mt_set5/ambiegen/test-731,2026-08-29T17:40:08.371941+00:00,2026-08-29T17:40:10.872647+00:00,2.5007,ok,0,stop,354,77,431,0.15,
mt/set_14/ambiegen/test-746,2026-08-29T17:40:10.872688+00:00,2026-08-29T17:40:13.459025+00:00,2.5863,ok,0,stop,354,72,426,0.15,
mt/set_7/frenetic/odr/test-467,2026-08-29T17:40:13.459117+00:00,2026-08-29T17:40:15.921017+00:00,2.4619,ok,0,stop,354,71,425,0.15,
mt/set_8/frenetic_v/odr/test-744,2026-08-29T17:40:15.921076+00:00,2026-08-29T17:40:18.446773+00:00,2.5257,ok,0,stop,355,72,427,0.15,
mt/set_10/ambiegen/test-812,2026-08-29T17:40:18.446833+00:00,2026-08-29T17:40:20.975203+00:00,2.5283,ok,0,stop,354,77,431,0.15,
mt/set_17/frenetic/test-861,2026-08-29T17:40:20.975262+00:00,2026-08-29T17:40:23.684443+00:00,2.7091,ok,0,stop,353,77,430,0.15,
mt/set_18/ambiegen/test-777,2026-08-29T17:40:23.684503+00:00,2026-08-29T17:40:26.284153+00:00,2.5996,ok,0,stop,354,72,426,0.15,
mt/set_8/frenetic_v/odr/test-880,2026-08-29T17:40:26.284193+00:00,2026-08-29T17:40:28.666622+00:00,2.3824,ok,0,stop,355,68,423,0.15,
mt/set_18/ambiegen/test-560,2026-08-29T17:40:28.666664+00:00,2026-08-29T17:40:31.212433+00:00,2.5457,ok,0,stop,354,72,426,0.15,
mt/set_13/frenetic_v/test-46,2026-08-29T17:40:31.212477+00:00,2026-08-29T17:40:33.673880+00:00,2.4614,ok,0,stop,354,72,426,0.15,
mt_set5/frenetic/test-748,2026-08-29T17:40:33.673928+00:00,2026-08-29T17:40:36.402134+00:00,2.7282,ok,0,stop,353,72,425,0.15,
mt/set_14/ambiegen/test-541,2026-08-29T17:40:36.402181+00:00,2026-08-29T17:40:38.940614+00:00,2.5384,ok,0,stop,354,72,426,0.15,
mt/set_9/frenetic_v/test-729,2026-08-29T17:40:38.940658+00:00,2026-08-29T17:40:41.312328+00:00,2.3716,ok,0,stop,355,72,427,0.15,
mt/set_9/frenetic_v/test-442,2026-08-29T17:40:41.312386+00:00,2026-08-29T17:40:43.954896+00:00,2.6425,ok,0,stop,354,77,431,0.15,
mt/set_10/frenetic_v/test-627,2026-08-29T17:40:43.954945+00:00,2026-08-29T17:40:46.567445+00:00,2.6125,ok,0,stop,355,72,427,0.15,
mt/set_11/frenetic_v/test-112,2026-08-29T17:40:46.567492+00:00,2026-08-29T17:40:49.263180+00:00,2.6957,ok,0,stop,354,72,426,0.15,
mt/set_17/ambiegen/test-839,2026-08-29T17:40:49.263223+00:00,2026-08-29T17:40:51.769116+00:00,2.5059,ok,0,stop,355,72,427,0.15,
mt/set_9/frenetic/test-398,2026-08-29T17:40:51.769158+00:00,2026-08-29T17:40:54.299079+00:00,2.5299,ok,0,stop,353,72,425,0.15,
mt/set_10/frenetic/test-140,2026-08-29T17:40:54.299140+00:00,2026-08-29T17:40:56.867028+00:00,2.5678,ok,0,stop,353,72,425,0.15,
mt/set_13/ambiegen/test-372,2026-08-29T17:40:56.867091+00:00,2026-08-29T17:40:59.312221+00:00,2.4451,ok,0,stop,354,72,426,0.15,
mt/set_12/frenetic/test-803,2026-08-29T17:40:59.312309+00:00,2026-08-29T17:41:01.868474+00:00,2.5561,ok,0,stop,354,72,426,0.15,
mt/set_8/frenetic/odr/test-494,2026-08-29T17:41:01.868523+00:00,2026-08-29T17:41:04.556673+00:00,2.6881,ok,0,stop,353,77,430,0.15,
mt/set_17/frenetic/test-6,2026-08-29T17:41:04.556715+00:00,2026-08-29T17:41:07.060238+00:00,2.5035,ok,0,stop,353,72,425,0.15,
mt/set_13/frenetic_v/test-172,2026-08-29T17:41:07.060276+00:00,2026-08-29T17:41:09.641483+00:00,2.5812,ok,0,stop,355,72,427,0.15,
mt/set_17/ambiegen/test-509,2026-08-29T17:41:09.641543+00:00,2026-08-29T17:41:12.434452+00:00,2.7929,ok,0,stop,355,78,433,0.15,
mt/set_9/ambiegen/test-738,2026-08-29T17:41:12.434532+00:00,2026-08-29T17:41:15.050649+00:00,2.6161,ok,0,stop,354,76,430,0.45,
mt/set_7/frenetic/odr/test-135,2026-08-29T17:41:15.050699+00:00,2026-08-29T17:41:17.923026+00:00,2.8723,ok,0,stop,354,92,446,0.15,
mt/set_12/frenetic_v/test-148,2026-08-29T17:41:17.923065+00:00,2026-08-29T17:41:20.631222+00:00,2.7081,ok,0,stop,355,78,433,0.15,
mt/set_6/frenetic_v/test-621,2026-08-29T17:41:20.631260+00:00,2026-08-29T17:41:23.333918+00:00,2.7026,ok,0,stop,355,72,427,0.15,
mt/set_7/ambiegen/odr/test-186,2026-08-29T17:41:23.333978+00:00,2026-08-29T17:41:25.899256+00:00,2.5652,ok,0,stop,354,72,426,0.15,
mt/set_12/ambiegen/test-525,2026-08-29T17:41:25.899315+00:00,2026-08-29T17:41:28.388066+00:00,2.4887,ok,0,stop,354,72,426,0.15,
mt/set_14/frenetic_v/test-896,2026-08-29T17:41:28.388106+00:00,2026-08-29T17:41:31.031158+00:00,2.643,ok,0,stop,355,77,432,0.15,
mt/set_11/ambiegen/test-239,2026-08-29T17:41:31.031197+00:00,2026-08-29T17:41:33.593727+00:00,2.5625,ok,0,stop,355,72,427,0.15,
mt/set_6/frenetic_v/test-152,2026-08-29T17:41:33.593785+00:00,2026-08-29T17:41:36.192825+00:00,2.599,ok,0,stop,355,72,427,0.15,
mt/set_16/frenetic_v/test-318,2026-08-29T17:41:36.192882+00:00,2026-08-29T17:41:38.820483+00:00,2.6276,ok,0,stop,354,77,431,0.15,
mt/set_13/frenetic/test-679,2026-08-29T17:41:38.820525+00:00,2026-08-29T17:41:41.278368+00:00,2.4578,ok,0,stop,353,77,430,0.15,
mt/set_12/frenetic_v/test-677,2026-08-29T17:41:41.278424+00:00,2026-08-29T17:41:44.016007+00:00,2.7376,ok,0,stop,354,77,431,0.15,
mt/set_12/frenetic_v/test-1,2026-08-29T17:41:44.016045+00:00,2026-08-29T17:41:46.682142+00:00,2.6661,ok,0,stop,354,72,426,0.15,
mt/set_14/frenetic/test-562,2026-08-29T17:41:46.682185+00:00,2026-08-29T17:41:49.114990+00:00,2.4328,ok,0,stop,354,72,426,0.15,
mt/set_9/frenetic_v/test-473,2026-08-29T17:41:49.115027+00:00,2026-08-29T17:41:51.593574+00:00,2.4785,ok,0,stop,355,72,427,0.15,
mt/set_14/ambiegen/test-294,2026-08-29T17:41:51.593629+00:00,2026-08-29T17:41:54.424029+00:00,2.8304,ok,0,stop,354,78,432,0.15,
mt_set5/frenetic/test-403,2026-08-29T17:41:54.424067+00:00,2026-08-29T17:41:57.581058+00:00,3.157,ok,0,stop,353,89,442,0.15,
mt/set_18/frenetic/test-353,2026-08-29T17:41:57.581099+00:00,2026-08-29T17:42:00.264125+00:00,2.683,ok,0,stop,354,77,431,0.15,
mt_set5/frenetic_v/test-862,2026-08-29T17:42:00.264165+00:00,2026-08-29T17:42:02.857872+00:00,2.5937,ok,0,stop,354,72,426,0.15,
mt/set_16/frenetic/test-821,2026-08-29T17:42:02.857931+00:00,2026-08-29T17:42:05.882555+00:00,3.0246,ok,0,stop,353,72,425,0.15,
mt/set_8/ambiegen/odr/test-531,2026-08-29T17:42:05.882616+00:00,2026-08-29T17:42:08.499979+00:00,2.6173,ok,0,stop,354,72,426,0.15,
mt/set_8/frenetic_v/odr/test-751,2026-08-29T17:42:08.500022+00:00,2026-08-29T17:42:11.033743+00:00,2.5337,ok,0,stop,355,72,427,0.15,
mt_set6/frenetic/test-529,2026-08-29T17:42:11.033788+00:00,2026-08-29T17:42:13.955378+00:00,2.9216,ok,0,stop,354,77,431,0.15,
mt/set_14/ambiegen/test-653,2026-08-29T17:42:13.955422+00:00,2026-08-29T17:42:16.541626+00:00,2.5862,ok,0,stop,354,78,432,0.15,
mt/set_11/frenetic_v/test-244,2026-08-29T17:42:16.541680+00:00,2026-08-29T17:42:21.685261+00:00,5.1435,ok,0,stop,354,77,431,0.15,
mt/set_16/frenetic_v/test-527,2026-08-29T17:42:21.685301+00:00,2026-08-29T17:42:24.230048+00:00,2.5447,ok,0,stop,354,72,426,0.15,
mt/set_18/frenetic/test-594,2026-08-29T17:42:24.230086+00:00,2026-08-29T17:42:26.879905+00:00,2.6498,ok,0,stop,354,72,426,0.15,
mt/set_11/ambiegen/test-890,2026-08-29T17:42:26.879965+00:00,2026-08-29T17:42:29.607144+00:00,2.7271,ok,0,stop,354,77,431,0.15,
mt/set_8/frenetic/odr/test-229,2026-08-29T17:42:29.607238+00:00,2026-08-29T17:42:32.109067+00:00,2.5018,ok,0,stop,353,72,425,0.15,
mt/set_10/frenetic/test-761,2026-08-29T17:42:32.109110+00:00,2026-08-29T17:42:34.683574+00:00,2.5744,ok,0,stop,353,72,425,0.15,
mt/set_10/frenetic_v/test-404,2026-08-29T17:42:34.683633+00:00,2026-08-29T17:42:37.366914+00:00,2.6832,ok,0,stop,355,72,427,0.15,
mt/set_13/frenetic_v/test-277,2026-08-29T17:42:37.366976+00:00,2026-08-29T17:42:39.936248+00:00,2.5692,ok,0,stop,354,72,426,0.15,
mt/set_16/frenetic/test-685,2026-08-29T17:42:39.936292+00:00,2026-08-29T17:42:42.723460+00:00,2.7871,ok,0,stop,354,78,432,0.15,
mt/set_16/frenetic_v/test-375,2026-08-29T17:42:42.723501+00:00,2026-08-29T17:42:45.739163+00:00,3.0156,ok,0,stop,355,92,447,0.15,
mt/set_13/ambiegen/test-621,2026-08-29T17:42:45.739209+00:00,2026-08-29T17:42:48.513165+00:00,2.7739,ok,0,stop,354,72,426,0.15,
mt_set6/frenetic/test-865,2026-08-29T17:42:48.513228+00:00,2026-08-29T17:42:51.162320+00:00,2.649,ok,0,stop,354,77,431,0.15,
mt/set_10/ambiegen/test-406,2026-08-29T17:42:51.162380+00:00,2026-08-29T17:42:53.853404+00:00,2.691,ok,0,stop,354,72,426,0.15,
mt/set_16/frenetic_v/test-721,2026-08-29T17:42:53.853463+00:00,2026-08-29T17:42:56.525683+00:00,2.6722,ok,0,stop,354,77,431,0.15,
mt_set6/frenetic/test-824,2026-08-29T17:42:56.525742+00:00,2026-08-29T17:42:59.139861+00:00,2.6141,ok,0,stop,354,72,426,0.15,
mt/set_13/frenetic_v/test-772,2026-08-29T17:42:59.139903+00:00,2026-08-29T17:43:01.984805+00:00,2.8449,ok,0,stop,355,92,447,0.15,
mt/set_12/ambiegen/test-140,2026-08-29T17:43:01.984844+00:00,2026-08-29T17:43:06.944374+00:00,4.9595,ok,0,stop,355,77,432,0.35,
mt/set_13/frenetic_v/test-90,2026-08-29T17:43:06.944414+00:00,2026-08-29T17:43:09.450313+00:00,2.5059,ok,0,stop,355,72,427,0.15,
mt/set_11/frenetic_v/test-618,2026-08-29T17:43:09.450371+00:00,2026-08-29T17:43:12.259997+00:00,2.8095,ok,0,stop,355,77,432,0.15,
mt/set_11/frenetic/test-499,2026-08-29T17:43:12.260096+00:00,2026-08-29T17:43:14.711639+00:00,2.4515,ok,0,stop,353,72,425,0.15,
mt/set_13/frenetic_v/test-287,2026-08-29T17:43:14.711693+00:00,2026-08-29T17:43:17.304383+00:00,2.5926,ok,0,stop,354,72,426,0.15,
mt_set5/frenetic/test-324,2026-08-29T17:43:17.304465+00:00,2026-08-29T17:43:19.944528+00:00,2.64,ok,0,stop,354,72,426,0.15,
mt/set_13/frenetic/test-184,2026-08-29T17:43:19.944584+00:00,2026-08-29T17:43:22.673598+00:00,2.729,ok,0,stop,353,72,425,0.15,
mt/set_12/frenetic/test-9,2026-08-29T17:43:22.673659+00:00,2026-08-29T17:43:25.348892+00:00,2.6752,ok,0,stop,354,78,432,0.15,
mt_set5/frenetic_v/test-117,2026-08-29T17:43:25.348934+00:00,2026-08-29T17:43:28.158337+00:00,2.8094,ok,0,stop,355,78,433,0.15,
mt/set_6/frenetic_v/test-938,2026-08-29T17:43:28.158375+00:00,2026-08-29T17:43:30.892631+00:00,2.7342,ok,0,stop,354,72,426,0.15,
mt/set_10/frenetic/test-551,2026-08-29T17:43:30.892681+00:00,2026-08-29T17:43:33.547936+00:00,2.6552,ok,0,stop,353,72,425,0.15,
mt/set_7/ambiegen/odr/test-705,2026-08-29T17:43:33.547978+00:00,2026-08-29T17:43:36.095383+00:00,2.5474,ok,0,stop,354,72,426,0.15,
mt/set_9/frenetic/test-3,2026-08-29T17:43:36.095445+00:00,2026-08-29T17:43:38.659312+00:00,2.5638,ok,0,stop,353,72,425,0.15,
mt/set_9/frenetic_v/test-880,2026-08-29T17:43:38.659374+00:00,2026-08-29T17:43:41.191875+00:00,2.5325,ok,0,stop,354,72,426,0.15,
mt/set_16/ambiegen/test-777,2026-08-29T17:43:41.191939+00:00,2026-08-29T17:43:43.997587+00:00,2.8056,ok,0,stop,354,78,432,0.65,
mt/set_16/frenetic_v/test-358,2026-08-29T17:43:43.997647+00:00,2026-08-29T17:43:46.847440+00:00,2.8498,ok,0,stop,355,77,432,0.15,
mt/set_13/ambiegen/test-707,2026-08-29T17:43:46.847480+00:00,2026-08-29T17:43:51.829420+00:00,4.9819,ok,0,stop,354,72,426,0.15,
mt/set_9/ambiegen/test-61,2026-08-29T17:43:51.829479+00:00,2026-08-29T17:43:54.420313+00:00,2.5908,ok,0,stop,354,78,432,0.35,
mt/set_16/frenetic/test-930,2026-08-29T17:43:54.420381+00:00,2026-08-29T17:43:57.092949+00:00,2.6725,ok,0,stop,354,72,426,0.15,
mt/set_10/ambiegen/test-197,2026-08-29T17:43:57.092993+00:00,2026-08-29T17:43:59.581181+00:00,2.4882,ok,0,stop,355,72,427,0.15,
mt/set_17/frenetic_v/test-676,2026-08-29T17:43:59.581223+00:00,2026-08-29T17:44:02.374191+00:00,2.7929,ok,0,stop,355,80,435,0.15,
mt/set_18/frenetic/test-760,2026-08-29T17:44:02.374233+00:00,2026-08-29T17:44:05.093516+00:00,2.7192,ok,0,stop,354,72,426,0.15,
mt/set_7/frenetic_v/odr/test-251,2026-08-29T17:44:05.093569+00:00,2026-08-29T17:44:07.669919+00:00,2.5763,ok,0,stop,355,72,427,0.15,
mt/set_7/frenetic_v/odr/test-114,2026-08-29T17:44:07.669968+00:00,2026-08-29T17:44:10.170902+00:00,2.5009,ok,0,stop,355,72,427,0.15,
mt/set_12/frenetic/test-208,2026-08-29T17:44:10.170952+00:00,2026-08-29T17:44:13.178542+00:00,3.0075,ok,0,stop,353,89,442,0.15,
mt/set_8/ambiegen/odr/test-950,2026-08-29T17:44:13.178600+00:00,2026-08-29T17:44:15.765682+00:00,2.587,ok,0,stop,354,72,426,0.15,
mt/set_8/frenetic_v/odr/test-919,2026-08-29T17:44:15.765725+00:00,2026-08-29T17:44:18.260705+00:00,2.495,ok,0,stop,355,72,427,0.15,
mt/set_14/frenetic/test-861,2026-08-29T17:44:18.260744+00:00,2026-08-29T17:44:20.915604+00:00,2.6548,ok,0,stop,354,72,426,0.15,
mt/set_17/ambiegen/test-55,2026-08-29T17:44:20.915659+00:00,2026-08-29T17:44:23.713050+00:00,2.7974,ok,0,stop,353,77,430,0.15,
mt/set_16/frenetic/test-326,2026-08-29T17:44:23.713094+00:00,2026-08-29T17:44:26.294355+00:00,2.5812,ok,0,stop,353,72,425,0.15,
mt/set_2/ambiegen/odr/test-4,2026-08-29T17:44:26.294417+00:00,2026-08-29T17:44:28.891056+00:00,2.5966,ok,0,stop,354,72,426,0.15,
mt/set_11/frenetic/test-152,2026-08-29T17:44:28.891098+00:00,2026-08-29T17:44:31.404636+00:00,2.5135,ok,0,stop,354,78,432,0.15,
mt/set_8/frenetic_v/odr/test-716,2026-08-29T17:44:31.404677+00:00,2026-08-29T17:44:36.553507+00:00,5.1488,ok,0,stop,355,78,433,0.15,
mt/set_11/ambiegen/test-930,2026-08-29T17:44:36.553569+00:00,2026-08-29T17:44:39.484278+00:00,2.9307,ok,0,stop,355,86,441,0.65,
mt/set_18/frenetic/test-41,2026-08-29T17:44:39.484324+00:00,2026-08-29T17:44:42.115382+00:00,2.631,ok,0,stop,354,72,426,0.15,
mt/set_10/ambiegen/test-343,2026-08-29T17:44:42.115422+00:00,2026-08-29T17:44:44.535935+00:00,2.4205,ok,0,stop,355,72,427,0.15,
mt/set_17/frenetic/test-846,2026-08-29T17:44:44.535975+00:00,2026-08-29T17:44:47.266323+00:00,2.7303,ok,0,stop,354,72,426,0.15,
mt/set_16/ambiegen/test-598,2026-08-29T17:44:47.266371+00:00,2026-08-29T17:44:49.824264+00:00,2.5579,ok,0,stop,354,72,426,0.15,
mt/set_18/frenetic/test-656,2026-08-29T17:44:49.824310+00:00,2026-08-29T17:44:52.454505+00:00,2.6302,ok,0,stop,354,77,431,0.15,
mt/set_8/ambiegen/odr/test-457,2026-08-29T17:44:52.454566+00:00,2026-08-29T17:44:55.075204+00:00,2.6206,ok,0,stop,354,77,431,0.15,
mt/set_16/frenetic/test-837,2026-08-29T17:44:55.075248+00:00,2026-08-29T17:44:57.518863+00:00,2.4436,ok,0,stop,353,72,425,0.15,
mt_set5/ambiegen/test-169,2026-08-29T17:44:57.518901+00:00,2026-08-29T17:45:00.180294+00:00,2.6614,ok,0,stop,354,72,426,0.15,
mt/set_14/ambiegen/test-644,2026-08-29T17:45:00.180333+00:00,2026-08-29T17:45:02.892710+00:00,2.7123,ok,0,stop,354,81,435,0.35,
mt/set_9/frenetic_v/test-324,2026-08-29T17:45:02.892761+00:00,2026-08-29T17:45:05.405331+00:00,2.5125,ok,0,stop,354,77,431,0.15,
mt/set_17/frenetic/test-377,2026-08-29T17:45:05.405377+00:00,2026-08-29T17:45:08.135481+00:00,2.7301,ok,0,stop,354,80,434,0.15,
mt/set_14/frenetic_v/test-374,2026-08-29T17:45:08.135527+00:00,2026-08-29T17:45:10.597010+00:00,2.4614,ok,0,stop,355,72,427,0.15,
mt/set_13/ambiegen/test-401,2026-08-29T17:45:10.597087+00:00,2026-08-29T17:45:13.207231+00:00,2.6101,ok,0,stop,354,77,431,0.15,
mt/set_12/frenetic/test-932,2026-08-29T17:45:13.207276+00:00,2026-08-29T17:45:15.920734+00:00,2.7134,ok,0,stop,354,77,431,0.15,
mt/set_14/frenetic_v/test-391,2026-08-29T17:45:15.920775+00:00,2026-08-29T17:45:18.511715+00:00,2.5909,ok,0,stop,354,72,426,0.15,
mt/set_14/frenetic_v/test-638,2026-08-29T17:45:18.511755+00:00,2026-08-29T17:45:21.349472+00:00,2.8377,ok,0,stop,354,77,431,0.15,
mt/set_13/frenetic/test-107,2026-08-29T17:45:21.349514+00:00,2026-08-29T17:45:24.078368+00:00,2.7288,ok,0,stop,353,77,430,0.15,
mt_set6/frenetic/test-133,2026-08-29T17:45:24.078426+00:00,2026-08-29T17:45:26.734166+00:00,2.6557,ok,0,stop,354,78,432,0.15,
mt/set_14/frenetic_v/test-613,2026-08-29T17:45:26.734225+00:00,2026-08-29T17:45:29.182515+00:00,2.4483,ok,0,stop,355,72,427,0.15,
mt/set_10/ambiegen/test-49,2026-08-29T17:45:29.182556+00:00,2026-08-29T17:45:31.760499+00:00,2.5779,ok,0,stop,354,72,426,0.15,
mt/set_10/ambiegen/test-262,2026-08-29T17:45:31.760558+00:00,2026-08-29T17:45:34.439509+00:00,2.6789,ok,0,stop,354,72,426,0.15,
