scenario_id,start_time,end_time,latency_sec,status,retry_count,finish_reason,input_tokens,output_tokens,total_tokens,risk_score,error
mt/set_2/ambiegen/odr/test-904,2026-08-31T05:36:41.101283+00:00,2026-08-31T05:36:45.410577+00:00,4.3091,ok,0,stop,355,78,433,0.15,
mt/set_16/frenetic/test-579,2026-08-31T05:36:45.410622+00:00,2026-08-31T05:36:46.984954+00:00,1.5743,ok,0,stop,354,72,426,0.15,
mt/set_7/frenetic/odr/test-482,2026-08-31T05:36:46.985000+00:00,2026-08-31T05:36:49.051929+00:00,2.0669,ok,0,stop,353,72,425,0.15,
mt/set_18/ambiegen/test-618,2026-08-31T05:36:49.051993+00:00,2026-08-31T05:36:50.760674+00:00,1.7086,ok,0,stop,355,75,430,0.25,
mt/set_8/frenetic_v/odr/test-160,2026-08-31T05:36:50.760716+00:00,2026-08-31T05:36:52.347786+00:00,1.587,ok,0,stop,355,72,427,0.15,
mt/set_7/ambiegen/odr/test-263,2026-08-31T05:36:52.347851+00:00,2026-08-31T05:36:53.922586+00:00,1.5747,ok,0,stop,354,72,426,0.15,
mt/set_7/frenetic/odr/test-265,2026-08-31T05:36:53.922644+00:00,2026-08-31T05:36:55.621597+00:00,1.6989,ok,0,stop,354,78,432,0.15,
mt/set_10/ambiegen/test-650,2026-08-31T05:36:55.621659+00:00,2026-08-31T05:36:57.200530+00:00,1.5788,ok,0,stop,354,72,426,0.15,
mt/set_16/ambiegen/test-217,2026-08-31T05:36:57.200575+00:00,2026-08-31T05:36:58.771090+00:00,1.5705,ok,0,stop,354,72,426,0.15,
mt/set_10/frenetic/test-160,2026-08-31T05:36:58.771155+00:00,2026-08-31T05:37:00.708240+00:00,1.937,ok,0,stop,353,89,442,0.15,
mt/set_9/frenetic/test-227,2026-08-31T05:37:00.708304+00:00,2026-08-31T05:37:02.701094+00:00,1.9928,ok,0,stop,354,92,446,0.25,
mt/set_10/frenetic_v/test-739,2026-08-31T05:37:02.701135+00:00,2026-08-31T05:37:04.397784+00:00,1.6966,ok,0,stop,355,78,433,0.15,
mt/set_12/frenetic_v/test-184,2026-08-31T05:37:04.397825+00:00,2026-08-31T05:37:05.968958+00:00,1.5711,ok,0,stop,355,72,427,0.15,
mt/set_9/ambiegen/test-153,2026-08-31T05:37:05.968999+00:00,2026-08-31T05:37:08.079938+00:00,2.1109,ok,0,stop,354,72,426,0.15,
mt/set_7/frenetic/odr/test-455,2026-08-31T05:37:08.079978+00:00,2026-08-31T05:37:09.840042+00:00,1.76,ok,0,stop,353,77,430,0.15,
mt/set_10/frenetic_v/test-139,2026-08-31T05:37:09.840083+00:00,2026-08-31T05:37:11.412880+00:00,1.5728,ok,0,stop,355,72,427,0.15,
mt/set_7/frenetic_v/odr/test-69,2026-08-31T05:37:11.412924+00:00,2026-08-31T05:37:12.986030+00:00,1.5731,ok,0,stop,354,72,426,0.15,
mt/set_11/ambiegen/test-255,2026-08-31T05:37:12.986074+00:00,2026-08-31T05:37:14.557114+00:00,1.571,ok,0,stop,354,72,426,0.15,
mt/set_18/frenetic/test-123,2026-08-31T05:37:14.557155+00:00,2026-08-31T05:37:16.258354+00:00,1.7012,ok,0,stop,354,78,432,0.15,
mt/set_7/ambiegen/odr/test-21,2026-08-31T05:37:16.258397+00:00,2026-08-31T05:37:17.903932+00:00,1.6455,ok,0,stop,355,72,427,0.15,
mt/set_8/frenetic/odr/test-380,2026-08-31T05:37:17.903996+00:00,2026-08-31T05:37:19.583419+00:00,1.6794,ok,0,stop,353,77,430,0.15,
mt/set_11/frenetic_v/test-743,2026-08-31T05:37:19.583462+00:00,2026-08-31T05:37:21.158551+00:00,1.575,ok,0,stop,355,72,427,0.15,
mt/set_14/ambiegen/test-861,2026-08-31T05:37:21.158614+00:00,2026-08-31T05:37:22.729566+00:00,1.5709,ok,0,stop,354,72,426,0.15,
mt/set_12/frenetic_v/test-882,2026-08-31T05:37:22.729610+00:00,2026-08-31T05:37:24.301525+00:00,1.5719,ok,0,stop,354,72,426,0.15,
mt/set_18/frenetic_v/test-156,2026-08-31T05:37:24.301568+00:00,2026-08-31T05:37:26.093856+00:00,1.7923,ok,0,stop,355,77,432,0.15,
mt/set_8/frenetic/odr/test-304,2026-08-31T05:37:26.093903+00:00,2026-08-31T05:37:27.672513+00:00,1.5786,ok,0,stop,353,72,425,0.15,
mt_set5/frenetic_v/test-821,2026-08-31T05:37:27.672556+00:00,2026-08-31T05:37:29.242970+00:00,1.5704,ok,0,stop,354,72,426,0.15,
mt/set_10/ambiegen/test-853,2026-08-31T05:37:29.243010+00:00,2026-08-31T05:37:30.814072+00:00,1.571,ok,0,stop,353,72,425,0.15,
mt/set_8/frenetic_v/odr/test-448,2026-08-31T05:37:30.814113+00:00,2026-08-31T05:37:32.401885+00:00,1.5877,ok,0,stop,355,72,427,0.15,
mt/set_12/frenetic/test-115,2026-08-31T05:37:32.401925+00:00,2026-08-31T05:37:33.971920+00:00,1.57,ok,0,stop,353,72,425,0.15,
mt/set_7/frenetic_v/odr/test-807,2026-08-31T05:37:33.971963+00:00,2026-08-31T05:37:35.541846+00:00,1.5699,ok,0,stop,355,72,427,0.15,
mt/set_7/frenetic/odr/test-812,2026-08-31T05:37:35.541888+00:00,2026-08-31T05:37:37.110935+00:00,1.569,ok,0,stop,353,72,425,0.15,
mt/set_18/ambiegen/test-24,2026-08-31T05:37:37.110977+00:00,2026-08-31T05:37:38.680935+00:00,1.5699,ok,0,stop,353,72,425,0.15,
mt/set_11/frenetic_v/test-607,2026-08-31T05:37:38.680979+00:00,2026-08-31T05:37:40.253273+00:00,1.5723,ok,0,stop,354,72,426,0.15,
mt/set_9/frenetic_v/test-383,2026-08-31T05:37:40.253314+00:00,2026-08-31T05:37:41.964628+00:00,1.711,ok,0,stop,355,72,427,0.15,
mt/set_12/ambiegen/test-713,2026-08-31T05:37:41.965020+00:00,2026-08-31T05:37:44.516242+00:00,2.5512,ok,0,stop,354,86,440,0.35,
mt/set_10/frenetic/test-886,2026-08-31T05:37:44.516282+00:00,2026-08-31T05:37:46.086070+00:00,1.5698,ok,0,stop,354,72,426,0.15,
mt/set_17/ambiegen/test-817,2026-08-31T05:37:46.086109+00:00,2026-08-31T05:37:47.762466+00:00,1.6763,ok,0,stop,354,77,431,0.15,
mt/set_9/ambiegen/test-368,2026-08-31T05:37:47.762508+00:00,2026-08-31T05:37:49.333804+00:00,1.5713,ok,0,stop,354,72,426,0.15,
mt/set_8/frenetic_v/odr/test-397,2026-08-31T05:37:49.333848+00:00,2026-08-31T05:37:50.921728+00:00,1.5878,ok,0,stop,354,72,426,0.15,
mt/set_16/ambiegen/test-562,2026-08-31T05:37:50.921769+00:00,2026-08-31T05:37:52.618587+00:00,1.6968,ok,0,stop,355,78,433,0.15,
mt/set_14/frenetic_v/test-692,2026-08-31T05:37:52.618628+00:00,2026-08-31T05:37:54.294029+00:00,1.6754,ok,0,stop,355,77,432,0.15,
mt/set_8/ambiegen/odr/test-856,2026-08-31T05:37:54.294070+00:00,2026-08-31T05:37:55.969465+00:00,1.6754,ok,0,stop,355,77,432,0.15,
mt/set_11/ambiegen/test-961,2026-08-31T05:37:55.969507+00:00,2026-08-31T05:37:57.667093+00:00,1.6976,ok,0,stop,355,78,433,0.15,
mt/set_10/frenetic_v/test-864,2026-08-31T05:37:57.667135+00:00,2026-08-31T05:37:59.365854+00:00,1.6987,ok,0,stop,355,78,433,0.15,
mt/set_16/ambiegen/test-721,2026-08-31T05:37:59.365897+00:00,2026-08-31T05:38:00.983801+00:00,1.6178,ok,0,stop,354,72,426,0.15,
mt/set_13/frenetic/test-859,2026-08-31T05:38:00.983968+00:00,2026-08-31T05:38:03.145339+00:00,2.1613,ok,0,stop,353,72,425,0.15,
mt/set_10/ambiegen/test-135,2026-08-31T05:38:03.145390+00:00,2026-08-31T05:38:04.798053+00:00,1.6526,ok,0,stop,355,72,427,0.15,
mt_set6/frenetic/test-780,2026-08-31T05:38:04.798095+00:00,2026-08-31T05:38:06.368919+00:00,1.5708,ok,0,stop,353,72,425,0.15,
mt/set_12/frenetic_v/test-500,2026-08-31T05:38:06.368961+00:00,2026-08-31T05:38:07.941960+00:00,1.573,ok,0,stop,355,72,427,0.15,
mt/set_14/frenetic_v/test-626,2026-08-31T05:38:07.942026+00:00,2026-08-31T05:38:09.511211+00:00,1.5692,ok,0,stop,355,72,427,0.15,
mt/set_12/frenetic_v/test-769,2026-08-31T05:38:09.511252+00:00,2026-08-31T05:38:11.080702+00:00,1.5694,ok,0,stop,354,72,426,0.15,
mt/set_12/frenetic/test-723,2026-08-31T05:38:11.080743+00:00,2026-08-31T05:38:12.721424+00:00,1.6406,ok,0,stop,353,72,425,0.15,
mt_set5/frenetic/test-734,2026-08-31T05:38:12.721466+00:00,2026-08-31T05:38:14.303836+00:00,1.5823,ok,0,stop,353,72,425,0.15,
mt/set_13/frenetic/test-290,2026-08-31T05:38:14.303877+00:00,2026-08-31T05:38:15.881887+00:00,1.578,ok,0,stop,353,72,425,0.15,
mt/set_12/frenetic_v/test-659,2026-08-31T05:38:15.881928+00:00,2026-08-31T05:38:17.571747+00:00,1.6898,ok,0,stop,355,77,432,0.15,
mt/set_18/frenetic/test-492,2026-08-31T05:38:17.571790+00:00,2026-08-31T05:38:19.148376+00:00,1.5766,ok,0,stop,354,72,426,0.15,
mt_set5/frenetic/test-209,2026-08-31T05:38:19.148420+00:00,2026-08-31T05:38:20.929919+00:00,1.7815,ok,0,stop,353,77,430,0.15,
mt/set_8/ambiegen/odr/test-729,2026-08-31T05:38:20.929960+00:00,2026-08-31T05:38:22.516859+00:00,1.5869,ok,0,stop,354,72,426,0.15,
mt/set_18/ambiegen/test-619,2026-08-31T05:38:22.516907+00:00,2026-08-31T05:38:24.204182+00:00,1.6872,ok,0,stop,354,77,431,0.15,
mt/set_8/frenetic/odr/test-240,2026-08-31T05:38:24.204225+00:00,2026-08-31T05:38:25.787931+00:00,1.5837,ok,0,stop,353,72,425,0.15,
mt/set_10/ambiegen/test-622,2026-08-31T05:38:25.787971+00:00,2026-08-31T05:38:27.481587+00:00,1.6936,ok,0,stop,354,77,431,0.15,
mt/set_11/ambiegen/test-588,2026-08-31T05:38:27.481629+00:00,2026-08-31T05:38:29.464621+00:00,1.983,ok,0,stop,354,91,445,0.25,
mt/set_18/ambiegen/test-432,2026-08-31T05:38:29.464663+00:00,2026-08-31T05:38:31.153585+00:00,1.6889,ok,0,stop,354,77,431,0.15,
mt/set_7/frenetic_v/odr/test-465,2026-08-31T05:38:31.153629+00:00,2026-08-31T05:38:33.155419+00:00,2.0017,ok,0,stop,355,92,447,0.15,
mt/set_7/ambiegen/odr/test-796,2026-08-31T05:38:33.155482+00:00,2026-08-31T05:38:34.732824+00:00,1.5773,ok,0,stop,354,72,426,0.15,
mt_set5/frenetic/test-682,2026-08-31T05:38:34.732868+00:00,2026-08-31T05:38:36.307665+00:00,1.5748,ok,0,stop,354,72,426,0.15,
mt/set_18/ambiegen/test-537,2026-08-31T05:38:36.307727+00:00,2026-08-31T05:38:38.482498+00:00,2.1747,ok,0,stop,354,72,426,0.15,
mt/set_11/frenetic/test-707,2026-08-31T05:38:38.482549+00:00,2026-08-31T05:38:40.150367+00:00,1.6678,ok,0,stop,354,72,426,0.15,
mt/set_16/ambiegen/test-722,2026-08-31T05:38:40.150409+00:00,2026-08-31T05:38:41.721920+00:00,1.5715,ok,0,stop,354,72,426,0.15,
mt/set_16/frenetic_v/test-479,2026-08-31T05:38:41.721964+00:00,2026-08-31T05:38:43.295087+00:00,1.5731,ok,0,stop,354,72,426,0.15,
mt/set_7/ambiegen/odr/test-508,2026-08-31T05:38:43.295132+00:00,2026-08-31T05:38:44.879737+00:00,1.5846,ok,0,stop,355,72,427,0.15,
mt/set_13/frenetic_v/test-606,2026-08-31T05:38:44.879781+00:00,2026-08-31T05:38:46.579980+00:00,1.7002,ok,0,stop,355,78,433,0.15,
mt/set_10/frenetic/test-783,2026-08-31T05:38:46.580021+00:00,2026-08-31T05:38:48.157951+00:00,1.5779,ok,0,stop,353,72,425,0.15,
mt/set_9/frenetic_v/test-134,2026-08-31T05:38:48.157993+00:00,2026-08-31T05:38:49.732585+00:00,1.5746,ok,0,stop,355,72,427,0.15,
mt_set5/ambiegen/test-522,2026-08-31T05:38:49.732627+00:00,2026-08-31T05:38:51.496683+00:00,1.764,ok,0,stop,355,81,436,0.35,
mt/set_12/frenetic_v/test-30,2026-08-31T05:38:51.496725+00:00,2026-08-31T05:38:53.174879+00:00,1.6781,ok,0,stop,354,77,431,0.15,
mt/set_14/frenetic/test-633,2026-08-31T05:38:53.174921+00:00,2026-08-31T05:38:54.746465+00:00,1.5715,ok,0,stop,354,72,426,0.15,
mt/set_9/ambiegen/test-354,2026-08-31T05:38:54.746506+00:00,2026-08-31T05:38:57.178679+00:00,2.4321,ok,0,stop,353,77,430,0.15,
mt/set_14/ambiegen/test-903,2026-08-31T05:38:57.178750+00:00,2026-08-31T05:38:59.123233+00:00,1.9445,ok,0,stop,355,85,440,0.45,
mt/set_16/ambiegen/test-801,2026-08-31T05:38:59.123278+00:00,2026-08-31T05:39:00.626086+00:00,1.5028,ok,0,stop,354,68,422,0.15,
mt/set_8/ambiegen/odr/test-28,2026-08-31T05:39:00.626134+00:00,2026-08-31T05:39:02.316403+00:00,1.6902,ok,0,stop,354,77,431,0.15,
mt/set_6/frenetic_v/test-909,2026-08-31T05:39:02.316447+00:00,2026-08-31T05:39:03.895846+00:00,1.5794,ok,0,stop,355,72,427,0.15,
mt/set_7/frenetic_v/odr/test-64,2026-08-31T05:39:03.895890+00:00,2026-08-31T05:39:05.473811+00:00,1.5779,ok,0,stop,355,72,427,0.15,
mt_set5/ambiegen/test-403,2026-08-31T05:39:05.473852+00:00,2026-08-31T05:39:07.247949+00:00,1.7741,ok,0,stop,355,77,432,0.15,
mt/set_16/frenetic_v/test-99,2026-08-31T05:39:07.247991+00:00,2026-08-31T05:39:08.816327+00:00,1.5683,ok,0,stop,355,72,427,0.15,
mt/set_7/frenetic/odr/test-760,2026-08-31T05:39:08.816370+00:00,2026-08-31T05:39:10.500767+00:00,1.6844,ok,0,stop,354,77,431,0.15,
mt/set_12/ambiegen/test-589,2026-08-31T05:39:10.500809+00:00,2026-08-31T05:39:12.376463+00:00,1.8756,ok,0,stop,354,86,440,0.15,
mt/set_2/ambiegen/odr/test-678,2026-08-31T05:39:12.376504+00:00,2026-08-31T05:39:14.072058+00:00,1.6955,ok,0,stop,355,77,432,0.15,
mt/set_9/ambiegen/test-334,2026-08-31T05:39:14.072259+00:00,2026-08-31T05:39:15.670893+00:00,1.5986,ok,0,stop,353,68,421,0.15,
mt/set_16/ambiegen/test-918,2026-08-31T05:39:15.670949+00:00,2026-08-31T05:39:17.356342+00:00,1.6854,ok,0,stop,353,77,430,0.15,
mt/set_16/frenetic/test-29,2026-08-31T05:39:17.356383+00:00,2026-08-31T05:39:18.938347+00:00,1.5819,ok,0,stop,354,72,426,0.15,
mt/set_14/frenetic_v/test-807,2026-08-31T05:39:18.938401+00:00,2026-08-31T05:39:20.669401+00:00,1.731,ok,0,stop,355,77,432,0.15,
mt_set5/frenetic_v/test-166,2026-08-31T05:39:20.669447+00:00,2026-08-31T05:39:22.241031+00:00,1.5716,ok,0,stop,354,72,426,0.15,
mt/set_18/frenetic/test-257,2026-08-31T05:39:22.241071+00:00,2026-08-31T05:39:23.834268+00:00,1.5932,ok,0,stop,353,72,425,0.15,
mt/set_11/frenetic_v/test-97,2026-08-31T05:39:23.834309+00:00,2026-08-31T05:39:25.410061+00:00,1.5757,ok,0,stop,354,72,426,0.15,
mt/set_10/frenetic/test-546,2026-08-31T05:39:25.410102+00:00,2026-08-31T05:39:26.899391+00:00,1.4892,ok,0,stop,354,68,422,0.15,
mt/set_10/frenetic_v/test-144,2026-08-31T05:39:26.899455+00:00,2026-08-31T05:39:28.493458+00:00,1.594,ok,0,stop,355,72,427,0.15,
mt/set_16/frenetic/test-421,2026-08-31T05:39:28.493521+00:00,2026-08-31T05:39:30.178318+00:00,1.6848,ok,0,stop,353,77,430,0.15,
mt_set6/frenetic/test-130,2026-08-31T05:39:30.178380+00:00,2026-08-31T05:39:32.604670+00:00,2.4262,ok,0,stop,354,78,432,0.15,
mt/set_8/ambiegen/odr/test-67,2026-08-31T05:39:32.604791+00:00,2026-08-31T05:39:34.248949+00:00,1.6441,ok,0,stop,355,72,427,0.15,
mt_set5/ambiegen/test-673,2026-08-31T05:39:34.248995+00:00,2026-08-31T05:39:36.080127+00:00,1.8311,ok,0,stop,354,84,438,0.35,
mt/set_10/frenetic_v/test-569,2026-08-31T05:39:36.080187+00:00,2026-08-31T05:39:37.649477+00:00,1.5693,ok,0,stop,355,72,427,0.15,
mt/set_18/frenetic/test-13,2026-08-31T05:39:37.649517+00:00,2026-08-31T05:39:39.219168+00:00,1.5696,ok,0,stop,353,72,425,0.15,
mt/set_18/frenetic/test-73,2026-08-31T05:39:39.219210+00:00,2026-08-31T05:39:40.804479+00:00,1.5852,ok,0,stop,354,72,426,0.15,
mt/set_10/ambiegen/test-682,2026-08-31T05:39:40.804542+00:00,2026-08-31T05:39:42.377032+00:00,1.5725,ok,0,stop,354,72,426,0.15,
mt/set_9/frenetic_v/test-121,2026-08-31T05:39:42.377075+00:00,2026-08-31T05:39:43.949967+00:00,1.5729,ok,0,stop,355,72,427,0.15,
mt/set_9/frenetic_v/test-108,2026-08-31T05:39:43.950013+00:00,2026-08-31T05:39:45.524990+00:00,1.5749,ok,0,stop,354,72,426,0.15,
mt/set_16/frenetic/test-169,2026-08-31T05:39:45.525039+00:00,2026-08-31T05:39:47.099890+00:00,1.5748,ok,0,stop,353,72,425,0.15,
mt/set_8/frenetic/odr/test-623,2026-08-31T05:39:47.099935+00:00,2026-08-31T05:39:48.778002+00:00,1.678,ok,0,stop,353,77,430,0.15,
mt/set_11/frenetic/test-416,2026-08-31T05:39:48.778045+00:00,2026-08-31T05:39:50.453159+00:00,1.6751,ok,0,stop,354,77,431,0.15,
mt/set_11/frenetic/test-171,2026-08-31T05:39:50.453198+00:00,2026-08-31T05:39:52.660046+00:00,2.2068,ok,0,stop,353,72,425,0.15,
mt/set_8/frenetic_v/odr/test-306,2026-08-31T05:39:52.660087+00:00,2026-08-31T05:39:54.422966+00:00,1.7628,ok,0,stop,355,77,432,0.15,
mt/set_12/ambiegen/test-231,2026-08-31T05:39:54.423010+00:00,2026-08-31T05:39:56.207736+00:00,1.7847,ok,0,stop,354,82,436,0.25,
mt_set6/frenetic/test-471,2026-08-31T05:39:56.207777+00:00,2026-08-31T05:39:57.906673+00:00,1.6989,ok,0,stop,354,78,432,0.15,
mt/set_11/frenetic_v/test-575,2026-08-31T05:39:57.906724+00:00,2026-08-31T05:39:59.481545+00:00,1.5748,ok,0,stop,355,72,427,0.15,
mt/set_18/frenetic/test-219,2026-08-31T05:39:59.481586+00:00,2026-08-31T05:40:01.052221+00:00,1.5706,ok,0,stop,353,72,425,0.15,
mt/set_10/frenetic/test-182,2026-08-31T05:40:01.052261+00:00,2026-08-31T05:40:02.822020+00:00,1.7697,ok,0,stop,354,78,432,0.15,
mt_set5/ambiegen/test-547,2026-08-31T05:40:02.822060+00:00,2026-08-31T05:40:04.395905+00:00,1.5738,ok,0,stop,354,72,426,0.15,
mt/set_9/frenetic_v/test-929,2026-08-31T05:40:04.395951+00:00,2026-08-31T05:40:06.001362+00:00,1.6054,ok,0,stop,354,72,426,0.15,
mt/set_14/ambiegen/test-105,2026-08-31T05:40:06.001423+00:00,2026-08-31T05:40:07.576691+00:00,1.5752,ok,0,stop,354,72,426,0.15,
mt/set_12/frenetic/test-194,2026-08-31T05:40:07.576733+00:00,2026-08-31T05:40:09.141242+00:00,1.5645,ok,0,stop,354,68,422,0.15,
mt/set_14/frenetic/test-308,2026-08-31T05:40:09.141286+00:00,2026-08-31T05:40:10.879287+00:00,1.738,ok,0,stop,354,78,432,0.15,
mt/set_16/frenetic/test-52,2026-08-31T05:40:10.879330+00:00,2026-08-31T05:40:12.458455+00:00,1.5791,ok,0,stop,353,72,425,0.15,
mt/set_18/frenetic/test-352,2026-08-31T05:40:12.458498+00:00,2026-08-31T05:40:14.142919+00:00,1.6844,ok,0,stop,354,77,431,0.15,
mt_set5/frenetic/test-275,2026-08-31T05:40:14.142963+00:00,2026-08-31T05:40:15.720860+00:00,1.5779,ok,0,stop,353,72,425,0.15,
mt/set_9/frenetic_v/test-833,2026-08-31T05:40:15.720902+00:00,2026-08-31T05:40:17.308910+00:00,1.588,ok,0,stop,354,72,426,0.15,
mt_set5/frenetic_v/test-22,2026-08-31T05:40:17.308952+00:00,2026-08-31T05:40:18.879038+00:00,1.57,ok,0,stop,354,72,426,0.15,
mt/set_16/frenetic_v/test-263,2026-08-31T05:40:18.879100+00:00,2026-08-31T05:40:20.576272+00:00,1.6971,ok,0,stop,355,78,433,0.15,
mt/set_12/ambiegen/test-946,2026-08-31T05:40:20.576313+00:00,2026-08-31T05:40:22.143707+00:00,1.5674,ok,0,stop,354,72,426,0.15,
mt/set_14/ambiegen/test-468,2026-08-31T05:40:22.143749+00:00,2026-08-31T05:40:23.710702+00:00,1.5669,ok,0,stop,354,72,426,0.15,
mt/set_11/frenetic/test-565,2026-08-31T05:40:23.710744+00:00,2026-08-31T05:40:25.279554+00:00,1.5688,ok,0,stop,353,72,425,0.15,
mt/set_16/ambiegen/test-75,2026-08-31T05:40:25.279597+00:00,2026-08-31T05:40:26.994551+00:00,1.7148,ok,0,stop,354,72,426,0.15,
mt/set_10/ambiegen/test-472,2026-08-31T05:40:26.994771+00:00,2026-08-31T05:40:29.230267+00:00,2.2355,ok,0,stop,354,76,430,0.45,
mt/set_18/ambiegen/test-924,2026-08-31T05:40:29.230308+00:00,2026-08-31T05:40:30.926057+00:00,1.6957,ok,0,stop,355,78,433,0.15,
mt/set_9/frenetic/test-646,2026-08-31T05:40:30.926098+00:00,2026-08-31T05:40:32.495063+00:00,1.5689,ok,0,stop,353,72,425,0.15,
mt/set_2/ambiegen/odr/test-898,2026-08-31T05:40:32.495115+00:00,2026-08-31T05:40:34.066094+00:00,1.5709,ok,0,stop,354,72,426,0.15,
mt/set_12/frenetic_v/test-98,2026-08-31T05:40:34.066143+00:00,2026-08-31T05:40:35.643988+00:00,1.5778,ok,0,stop,355,72,427,0.15,
mt/set_14/frenetic/test-65,2026-08-31T05:40:35.644032+00:00,2026-08-31T05:40:37.318604+00:00,1.6745,ok,0,stop,354,77,431,0.15,
mt/set_8/frenetic/odr/test-120,2026-08-31T05:40:37.318650+00:00,2026-08-31T05:40:38.994277+00:00,1.6756,ok,0,stop,354,77,431,0.15,
mt/set_16/frenetic_v/test-881,2026-08-31T05:40:38.994319+00:00,2026-08-31T05:40:40.695660+00:00,1.7013,ok,0,stop,355,78,433,0.15,
mt/set_16/frenetic_v/test-681,2026-08-31T05:40:40.695726+00:00,2026-08-31T05:40:42.280100+00:00,1.5843,ok,0,stop,354,72,426,0.15,
mt/set_7/ambiegen/odr/test-489,2026-08-31T05:40:42.280148+00:00,2026-08-31T05:40:43.917425+00:00,1.6372,ok,0,stop,354,75,429,0.35,
mt/set_16/ambiegen/test-925,2026-08-31T05:40:43.917465+00:00,2026-08-31T05:40:45.402451+00:00,1.4849,ok,0,stop,353,68,421,0.15,
mt/set_16/ambiegen/test-682,2026-08-31T05:40:45.402498+00:00,2026-08-31T05:40:47.694710+00:00,2.2922,ok,0,stop,354,77,431,0.15,
mt/set_8/ambiegen/odr/test-253,2026-08-31T05:40:47.694753+00:00,2026-08-31T05:40:49.586758+00:00,1.892,ok,0,stop,354,83,437,0.25,
mt_set6/frenetic/test-699,2026-08-31T05:40:49.586801+00:00,2026-08-31T05:40:51.290241+00:00,1.7034,ok,0,stop,354,78,432,0.15,
mt_set5/ambiegen/test-123,2026-08-31T05:40:51.290289+00:00,2026-08-31T05:40:53.221655+00:00,1.9313,ok,0,stop,354,89,443,0.35,
mt/set_17/frenetic/test-707,2026-08-31T05:40:53.221703+00:00,2026-08-31T05:40:54.795584+00:00,1.5738,ok,0,stop,353,72,425,0.15,
mt/set_18/frenetic/test-917,2026-08-31T05:40:54.795628+00:00,2026-08-31T05:40:56.490238+00:00,1.6946,ok,0,stop,354,77,431,0.15,
mt/set_6/frenetic_v/test-611,2026-08-31T05:40:56.490350+00:00,2026-08-31T05:40:58.596319+00:00,2.1059,ok,0,stop,355,92,447,0.15,
mt/set_13/ambiegen/test-604,2026-08-31T05:40:58.596367+00:00,2026-08-31T05:41:00.178326+00:00,1.5819,ok,0,stop,354,72,426,0.15,
mt/set_8/frenetic_v/odr/test-808,2026-08-31T05:41:00.178373+00:00,2026-08-31T05:41:01.866242+00:00,1.6878,ok,0,stop,354,77,431,0.15,
mt/set_10/frenetic_v/test-50,2026-08-31T05:41:01.866283+00:00,2026-08-31T05:41:03.448024+00:00,1.5817,ok,0,stop,355,72,427,0.15,
mt/set_11/frenetic_v/test-730,2026-08-31T05:41:03.448064+00:00,2026-08-31T05:41:05.112487+00:00,1.6644,ok,0,stop,355,72,427,0.15,
mt/set_17/frenetic/test-518,2026-08-31T05:41:05.112531+00:00,2026-08-31T05:41:06.699319+00:00,1.5868,ok,0,stop,354,72,426,0.15,
mt/set_8/ambiegen/odr/test-380,2026-08-31T05:41:06.699361+00:00,2026-08-31T05:41:08.184122+00:00,1.4847,ok,0,stop,353,68,421,0.15,
mt/set_16/ambiegen/test-137,2026-08-31T05:41:08.184162+00:00,2026-08-31T05:41:09.753622+00:00,1.5694,ok,0,stop,354,72,426,0.15,
mt/set_16/ambiegen/test-174,2026-08-31T05:41:09.753664+00:00,2026-08-31T05:41:11.325018+00:00,1.5713,ok,0,stop,354,72,426,0.15,
mt_set6/frenetic/test-855,2026-08-31T05:41:11.325060+00:00,2026-08-31T05:41:12.897979+00:00,1.5729,ok,0,stop,354,72,426,0.15,
mt/set_16/ambiegen/test-65,2026-08-31T05:41:12.898022+00:00,2026-08-31T05:41:14.594621+00:00,1.6966,ok,0,stop,354,78,432,0.15,
mt/set_12/frenetic_v/test-122,2026-08-31T05:41:14.594662+00:00,2026-08-31T05:41:16.166998+00:00,1.5723,ok,0,stop,355,72,427,0.15,
mt/set_17/ambiegen/test-351,2026-08-31T05:41:16.167040+00:00,2026-08-31T05:41:17.739457+00:00,1.5724,ok,0,stop,354,72,426,0.15,
mt/set_12/frenetic_v/test-762,2026-08-31T05:41:17.739498+00:00,2026-08-31T05:41:19.422371+00:00,1.6828,ok,0,stop,355,78,433,0.15,
mt_set5/ambiegen/test-963,2026-08-31T05:41:19.422414+00:00,2026-08-31T05:41:22.017999+00:00,2.5956,ok,0,stop,354,92,446,0.15,
mt/set_13/frenetic/test-72,2026-08-31T05:41:22.018040+00:00,2026-08-31T05:41:23.767529+00:00,1.7495,ok,0,stop,353,77,430,0.15,
mt/set_11/frenetic_v/test-375,2026-08-31T05:41:23.767569+00:00,2026-08-31T05:41:25.258975+00:00,1.4914,ok,0,stop,355,68,423,0.15,
mt/set_18/ambiegen/test-662,2026-08-31T05:41:25.259016+00:00,2026-08-31T05:41:26.942934+00:00,1.6839,ok,0,stop,354,77,431,0.35,
mt/set_6/frenetic_v/test-379,2026-08-31T05:41:26.942975+00:00,2026-08-31T05:41:28.523180+00:00,1.5802,ok,0,stop,354,72,426,0.15,
mt/set_2/ambiegen/odr/test-141,2026-08-31T05:41:28.523222+00:00,2026-08-31T05:41:30.114241+00:00,1.591,ok,0,stop,354,72,426,0.15,
mt/set_9/frenetic/test-256,2026-08-31T05:41:30.114283+00:00,2026-08-31T05:41:31.816410+00:00,1.7021,ok,0,stop,354,77,431,0.15,
mt/set_7/frenetic/odr/test-820,2026-08-31T05:41:31.816462+00:00,2026-08-31T05:41:33.398821+00:00,1.5823,ok,0,stop,354,72,426,0.15,
mt_set5/ambiegen/test-391,2026-08-31T05:41:33.398865+00:00,2026-08-31T05:41:34.976930+00:00,1.578,ok,0,stop,354,72,426,0.15,
mt/set_16/ambiegen/test-345,2026-08-31T05:41:34.976981+00:00,2026-08-31T05:41:36.658463+00:00,1.6815,ok,0,stop,354,77,431,0.15,
mt/set_8/ambiegen/odr/test-81,2026-08-31T05:41:36.658506+00:00,2026-08-31T05:41:38.348319+00:00,1.6898,ok,0,stop,354,77,431,0.15,
mt/set_6/frenetic_v/test-35,2026-08-31T05:41:38.348368+00:00,2026-08-31T05:41:39.947052+00:00,1.5987,ok,0,stop,355,72,427,0.15,
mt/set_18/ambiegen/test-798,2026-08-31T05:41:39.947098+00:00,2026-08-31T05:41:42.125105+00:00,2.178,ok,0,stop,354,77,431,0.15,
mt/set_7/frenetic/odr/test-914,2026-08-31T05:41:42.125150+00:00,2026-08-31T05:41:43.782585+00:00,1.6574,ok,0,stop,353,72,425,0.15,
mt/set_11/frenetic/test-209,2026-08-31T05:41:43.782629+00:00,2026-08-31T05:41:45.369352+00:00,1.5867,ok,0,stop,354,72,426,0.15,
mt_set5/ambiegen/test-24,2026-08-31T05:41:45.369412+00:00,2026-08-31T05:41:46.947423+00:00,1.578,ok,0,stop,355,72,427,0.15,
mt/set_7/frenetic_v/odr/test-195,2026-08-31T05:41:46.947484+00:00,2026-08-31T05:41:48.527696+00:00,1.5802,ok,0,stop,354,72,426,0.15,
mt/set_10/ambiegen/test-99,2026-08-31T05:41:48.527737+00:00,2026-08-31T05:41:50.096973+00:00,1.5692,ok,0,stop,354,72,426,0.15,
mt/set_8/frenetic/odr/test-533,2026-08-31T05:41:50.097018+00:00,2026-08-31T05:41:51.843390+00:00,1.7463,ok,0,stop,354,77,431,0.15,
mt/set_8/ambiegen/odr/test-157,2026-08-31T05:41:51.843433+00:00,2026-08-31T05:41:53.416006+00:00,1.5725,ok,0,stop,354,72,426,0.15,
mt/set_16/frenetic_v/test-947,2026-08-31T05:41:53.416049+00:00,2026-08-31T05:41:55.111449+00:00,1.6954,ok,0,stop,355,78,433,0.15,
mt/set_7/frenetic/odr/test-462,2026-08-31T05:41:55.111493+00:00,2026-08-31T05:41:56.788709+00:00,1.6772,ok,0,stop,354,77,431,0.15,
mt/set_11/ambiegen/test-474,2026-08-31T05:41:56.788757+00:00,2026-08-31T05:41:58.457831+00:00,1.669,ok,0,stop,354,72,426,0.15,
mt/set_14/frenetic_v/test-820,2026-08-31T05:41:58.457872+00:00,2026-08-31T05:42:00.157765+00:00,1.6999,ok,0,stop,355,77,432,0.15,
mt/set_16/ambiegen/test-672,2026-08-31T05:42:00.157807+00:00,2026-08-31T05:42:01.841337+00:00,1.6835,ok,0,stop,354,77,431,0.15,
mt/set_9/ambiegen/test-365,2026-08-31T05:42:01.841379+00:00,2026-08-31T05:42:03.504275+00:00,1.6629,ok,0,stop,354,76,430,0.45,
mt/set_11/frenetic/test-874,2026-08-31T05:42:03.504315+00:00,2026-08-31T05:42:05.094021+00:00,1.5897,ok,0,stop,354,72,426,0.15,
mt/set_13/ambiegen/test-486,2026-08-31T05:42:05.094067+00:00,2026-08-31T05:42:06.671645+00:00,1.5775,ok,0,stop,354,72,426,0.15,
mt/set_13/frenetic/test-7,2026-08-31T05:42:06.671706+00:00,2026-08-31T05:42:08.359062+00:00,1.6873,ok,0,stop,353,77,430,0.15,
mt/set_16/ambiegen/test-760,2026-08-31T05:42:08.359107+00:00,2026-08-31T05:42:10.130604+00:00,1.7715,ok,0,stop,355,81,436,0.15,
mt/set_12/ambiegen/test-182,2026-08-31T05:42:10.130648+00:00,2026-08-31T05:42:11.711496+00:00,1.5808,ok,0,stop,354,72,426,0.15,
mt/set_16/ambiegen/test-512,2026-08-31T05:42:11.711539+00:00,2026-08-31T05:42:13.374186+00:00,1.6626,ok,0,stop,355,76,431,0.45,
mt/set_14/frenetic/test-697,2026-08-31T05:42:13.374229+00:00,2026-08-31T05:42:15.059291+00:00,1.685,ok,0,stop,353,77,430,0.15,
mt/set_8/ambiegen/odr/test-643,2026-08-31T05:42:15.059334+00:00,2026-08-31T05:42:17.672300+00:00,2.6129,ok,0,stop,355,92,447,0.65,
mt/set_10/frenetic_v/test-708,2026-08-31T05:42:17.672342+00:00,2026-08-31T05:42:19.318603+00:00,1.6462,ok,0,stop,354,72,426,0.15,
mt/set_16/frenetic_v/test-379,2026-08-31T05:42:19.318645+00:00,2026-08-31T05:42:20.899989+00:00,1.5813,ok,0,stop,355,72,427,0.15,
mt/set_9/ambiegen/test-498,2026-08-31T05:42:20.900061+00:00,2026-08-31T05:42:22.395919+00:00,1.4958,ok,0,stop,354,68,422,0.15,
mt/set_12/frenetic/test-281,2026-08-31T05:42:22.395963+00:00,2026-08-31T05:42:24.080036+00:00,1.684,ok,0,stop,354,77,431,0.15,
mt/set_10/ambiegen/test-730,2026-08-31T05:42:24.080079+00:00,2026-08-31T05:42:25.789853+00:00,1.7097,ok,0,stop,354,78,432,0.15,
mt/set_18/frenetic/test-703,2026-08-31T05:42:25.789896+00:00,2026-08-31T05:42:27.366591+00:00,1.5767,ok,0,stop,353,72,425,0.15,
mt/set_11/ambiegen/test-310,2026-08-31T05:42:27.366633+00:00,2026-08-31T05:42:29.075663+00:00,1.709,ok,0,stop,354,78,432,0.15,
mt/set_12/frenetic/test-781,2026-08-31T05:42:29.075709+00:00,2026-08-31T05:42:30.756848+00:00,1.6811,ok,0,stop,354,77,431,0.15,
mt/set_14/ambiegen/test-508,2026-08-31T05:42:30.756889+00:00,2026-08-31T05:42:32.334358+00:00,1.5774,ok,0,stop,354,72,426,0.15,
mt/set_6/frenetic_v/test-657,2026-08-31T05:42:32.334400+00:00,2026-08-31T05:42:34.019160+00:00,1.6847,ok,0,stop,355,77,432,0.15,
mt/set_13/frenetic/test-260,2026-08-31T05:42:34.019201+00:00,2026-08-31T05:42:35.792246+00:00,1.7728,ok,0,stop,353,72,425,0.15,
mt_set5/frenetic_v/test-320,2026-08-31T05:42:35.792475+00:00,2026-08-31T05:42:37.710183+00:00,1.9176,ok,0,stop,355,72,427,0.15,
mt_set5/frenetic/test-727,2026-08-31T05:42:37.710266+00:00,2026-08-31T05:42:39.357518+00:00,1.6472,ok,0,stop,353,72,425,0.15,
mt/set_17/ambiegen/test-567,2026-08-31T05:42:39.357558+00:00,2026-08-31T05:42:40.927261+00:00,1.5697,ok,0,stop,354,72,426,0.15,
mt/set_10/frenetic/test-65,2026-08-31T05:42:40.927301+00:00,2026-08-31T05:42:42.604320+00:00,1.677,ok,0,stop,353,77,430,0.15,
mt/set_13/ambiegen/test-289,2026-08-31T05:42:42.604370+00:00,2026-08-31T05:42:44.281454+00:00,1.677,ok,0,stop,354,77,431,0.15,
mt/set_2/ambiegen/odr/test-170,2026-08-31T05:42:44.281500+00:00,2026-08-31T05:42:45.909323+00:00,1.6278,ok,0,stop,354,72,426,0.15,
mt_set5/frenetic/test-447,2026-08-31T05:42:45.909424+00:00,2026-08-31T05:42:47.623068+00:00,1.7136,ok,0,stop,354,78,432,0.15,
mt/set_16/frenetic/test-856,2026-08-31T05:42:47.623111+00:00,2026-08-31T05:42:49.303422+00:00,1.6803,ok,0,stop,353,77,430,0.15,
mt_set5/frenetic_v/test-398,2026-08-31T05:42:49.303469+00:00,2026-08-31T05:42:50.877190+00:00,1.5737,ok,0,stop,354,72,426,0.15,
mt/set_8/frenetic_v/odr/test-261,2026-08-31T05:42:50.877232+00:00,2026-08-31T05:42:52.453408+00:00,1.5761,ok,0,stop,355,72,427,0.15,
mt/set_16/frenetic/test-866,2026-08-31T05:42:52.453451+00:00,2026-08-31T05:42:54.112558+00:00,1.6591,ok,0,stop,354,72,426,0.15,
mt/set_8/frenetic_v/odr/test-420,2026-08-31T05:42:54.112602+00:00,2026-08-31T05:42:55.712493+00:00,1.5999,ok,0,stop,355,72,427,0.15,
mt/set_7/frenetic_v/odr/test-139,2026-08-31T05:42:55.712539+00:00,2026-08-31T05:42:57.282610+00:00,1.57,ok,0,stop,354,72,426,0.15,
mt/set_13/frenetic_v/test-759,2026-08-31T05:42:57.282653+00:00,2026-08-31T05:42:59.278647+00:00,1.996,ok,0,stop,355,92,447,0.15,
mt_set5/ambiegen/test-550,2026-08-31T05:42:59.278705+00:00,2026-08-31T05:43:00.864415+00:00,1.5857,ok,0,stop,354,72,426,0.15,
mt_set5/frenetic_v/test-501,2026-08-31T05:43:00.864477+00:00,2026-08-31T05:43:02.435186+00:00,1.5707,ok,0,stop,355,72,427,0.15,
mt/set_14/frenetic_v/test-72,2026-08-31T05:43:02.435235+00:00,2026-08-31T05:43:04.006016+00:00,1.5707,ok,0,stop,354,72,426,0.15,
mt/set_18/ambiegen/test-368,2026-08-31T05:43:04.006063+00:00,2026-08-31T05:43:05.683591+00:00,1.6775,ok,0,stop,354,77,431,0.15,
mt/set_17/frenetic/test-824,2026-08-31T05:43:05.683649+00:00,2026-08-31T05:43:07.383747+00:00,1.7001,ok,0,stop,354,78,432,0.15,
mt/set_6/frenetic_v/test-142,2026-08-31T05:43:07.383788+00:00,2026-08-31T05:43:09.062914+00:00,1.6791,ok,0,stop,355,77,432,0.15,
mt/set_16/ambiegen/test-543,2026-08-31T05:43:09.062958+00:00,2026-08-31T05:43:10.898953+00:00,1.836,ok,0,stop,354,84,438,0.35,
mt_set5/frenetic_v/test-201,2026-08-31T05:43:10.898995+00:00,2026-08-31T05:43:13.095055+00:00,2.196,ok,0,stop,355,72,427,0.15,
mt/set_12/ambiegen/test-770,2026-08-31T05:43:13.095104+00:00,2026-08-31T05:43:14.737081+00:00,1.6419,ok,0,stop,354,72,426,0.15,
mt/set_10/frenetic_v/test-914,2026-08-31T05:43:14.737128+00:00,2026-08-31T05:43:16.308109+00:00,1.5709,ok,0,stop,355,72,427,0.15,
mt/set_10/frenetic_v/test-234,2026-08-31T05:43:16.308155+00:00,2026-08-31T05:43:17.877919+00:00,1.5697,ok,0,stop,355,72,427,0.15,
mt/set_18/frenetic_v/test-33,2026-08-31T05:43:17.877967+00:00,2026-08-31T05:43:19.559214+00:00,1.6812,ok,0,stop,355,77,432,0.15,
mt/set_14/frenetic/test-114,2026-08-31T05:43:19.559277+00:00,2026-08-31T05:43:21.142472+00:00,1.5832,ok,0,stop,354,72,426,0.15,
mt/set_11/ambiegen/test-278,2026-08-31T05:43:21.142512+00:00,2026-08-31T05:43:22.839534+00:00,1.697,ok,0,stop,354,78,432,0.15,
mt/set_16/ambiegen/test-938,2026-08-31T05:43:22.839576+00:00,2026-08-31T05:43:24.408788+00:00,1.5692,ok,0,stop,354,72,426,0.15,
mt/set_14/ambiegen/test-373,2026-08-31T05:43:24.408833+00:00,2026-08-31T05:43:25.977679+00:00,1.5688,ok,0,stop,354,72,426,0.15,
mt/set_10/frenetic/test-363,2026-08-31T05:43:25.977720+00:00,2026-08-31T05:43:27.675782+00:00,1.698,ok,0,stop,354,78,432,0.15,
mt/set_17/ambiegen/test-669,2026-08-31T05:43:27.675823+00:00,2026-08-31T05:43:29.372937+00:00,1.6971,ok,0,stop,354,78,432,0.15,
mt/set_2/ambiegen/odr/test-69,2026-08-31T05:43:29.372980+00:00,2026-08-31T05:43:31.632476+00:00,2.2595,ok,0,stop,354,78,432,0.15,
mt/set_9/frenetic/test-269,2026-08-31T05:43:31.632522+00:00,2026-08-31T05:43:33.394370+00:00,1.7618,ok,0,stop,353,77,430,0.15,
mt/set_7/frenetic/odr/test-468,2026-08-31T05:43:33.394415+00:00,2026-08-31T05:43:35.077150+00:00,1.6827,ok,0,stop,353,77,430,0.15,
mt/set_7/ambiegen/odr/test-478,2026-08-31T05:43:35.077193+00:00,2026-08-31T05:43:36.655364+00:00,1.5781,ok,0,stop,354,72,426,0.15,
mt/set_18/frenetic/test-661,2026-08-31T05:43:36.655405+00:00,2026-08-31T05:43:38.227750+00:00,1.5723,ok,0,stop,353,72,425,0.15,
mt_set5/frenetic_v/test-591,2026-08-31T05:43:38.227785+00:00,2026-08-31T05:43:39.797831+00:00,1.57,ok,0,stop,355,72,427,0.15,
mt/set_16/frenetic/test-7,2026-08-31T05:43:39.797892+00:00,2026-08-31T05:43:41.410406+00:00,1.6124,ok,0,stop,354,72,426,0.15,
mt/set_7/ambiegen/odr/test-431,2026-08-31T05:43:41.410506+00:00,2026-08-31T05:43:43.022749+00:00,1.6122,ok,0,stop,354,72,426,0.15,
mt_set6/frenetic/test-308,2026-08-31T05:43:43.022813+00:00,2026-08-31T05:43:44.593502+00:00,1.5707,ok,0,stop,353,72,425,0.15,
mt/set_2/ambiegen/odr/test-730,2026-08-31T05:43:44.593600+00:00,2026-08-31T05:43:46.272296+00:00,1.6787,ok,0,stop,355,77,432,0.15,
mt/set_13/ambiegen/test-650,2026-08-31T05:43:46.272337+00:00,2026-08-31T05:43:47.841712+00:00,1.5693,ok,0,stop,355,72,427,0.15,
mt/set_16/ambiegen/test-640,2026-08-31T05:43:47.841753+00:00,2026-08-31T05:43:49.503604+00:00,1.6618,ok,0,stop,355,72,427,0.15,
mt/set_11/ambiegen/test-592,2026-08-31T05:43:49.503653+00:00,2026-08-31T05:43:51.293720+00:00,1.79,ok,0,stop,355,81,436,0.25,
mt/set_14/ambiegen/test-931,2026-08-31T05:43:51.293763+00:00,2026-08-31T05:43:53.247625+00:00,1.9538,ok,0,stop,354,90,444,0.25,
mt/set_9/ambiegen/test-925,2026-08-31T05:43:53.247668+00:00,2026-08-31T05:43:54.944564+00:00,1.6969,ok,0,stop,354,78,432,0.15,
mt_set5/ambiegen/test-772,2026-08-31T05:43:54.944604+00:00,2026-08-31T05:43:56.638552+00:00,1.6939,ok,0,stop,354,77,431,0.15,
mt/set_8/ambiegen/odr/test-895,2026-08-31T05:43:56.638597+00:00,2026-08-31T05:43:58.206911+00:00,1.5683,ok,0,stop,354,72,426,0.15,
mt_set5/ambiegen/test-769,2026-08-31T05:43:58.206956+00:00,2026-08-31T05:43:59.967477+00:00,1.7605,ok,0,stop,354,81,435,0.35,
mt/set_13/frenetic/test-414,2026-08-31T05:43:59.967523+00:00,2026-08-31T05:44:01.536331+00:00,1.5688,ok,0,stop,353,72,425,0.15,
mt/set_9/frenetic_v/test-497,2026-08-31T05:44:01.536376+00:00,2026-08-31T05:44:03.108965+00:00,1.5726,ok,0,stop,355,72,427,0.15,
mt_set5/ambiegen/test-941,2026-08-31T05:44:03.109007+00:00,2026-08-31T05:44:04.678561+00:00,1.5695,ok,0,stop,355,72,427,0.15,
mt/set_9/frenetic_v/test-923,2026-08-31T05:44:04.678623+00:00,2026-08-31T05:44:06.248054+00:00,1.5694,ok,0,stop,354,72,426,0.15,
mt/set_18/ambiegen/test-617,2026-08-31T05:44:06.248092+00:00,2026-08-31T05:44:08.412606+00:00,2.1645,ok,0,stop,355,72,427,0.15,
mt/set_14/ambiegen/test-928,2026-08-31T05:44:08.412651+00:00,2026-08-31T05:44:10.365018+00:00,1.9523,ok,0,stop,354,87,441,0.25,
mt/set_12/frenetic/test-516,2026-08-31T05:44:10.365061+00:00,2026-08-31T05:44:11.934480+00:00,1.5694,ok,0,stop,353,72,425,0.15,
mt/set_18/ambiegen/test-344,2026-08-31T05:44:11.934540+00:00,2026-08-31T05:44:13.504903+00:00,1.5703,ok,0,stop,354,72,426,0.15,
mt/set_17/frenetic/test-259,2026-08-31T05:44:13.504944+00:00,2026-08-31T05:44:15.075846+00:00,1.5709,ok,0,stop,353,72,425,0.15,
mt/set_11/ambiegen/test-477,2026-08-31T05:44:15.075894+00:00,2026-08-31T05:44:16.662589+00:00,1.5867,ok,0,stop,354,72,426,0.15,
mt/set_17/ambiegen/test-619,2026-08-31T05:44:16.662650+00:00,2026-08-31T05:44:18.743480+00:00,2.0808,ok,0,stop,354,96,450,0.35,
mt/set_12/ambiegen/test-890,2026-08-31T05:44:18.743522+00:00,2026-08-31T05:44:20.230484+00:00,1.4869,ok,0,stop,355,68,423,0.45,
mt/set_16/frenetic_v/test-882,2026-08-31T05:44:20.230524+00:00,2026-08-31T05:44:21.799725+00:00,1.5692,ok,0,stop,355,72,427,0.15,
mt/set_17/frenetic/test-920,2026-08-31T05:44:21.799767+00:00,2026-08-31T05:44:23.371719+00:00,1.5719,ok,0,stop,353,72,425,0.15,
mt/set_14/ambiegen/test-305,2026-08-31T05:44:23.371759+00:00,2026-08-31T05:44:25.049641+00:00,1.6779,ok,0,stop,354,77,431,0.15,
mt/set_7/frenetic/odr/test-795,2026-08-31T05:44:25.049682+00:00,2026-08-31T05:44:26.891934+00:00,1.8419,ok,0,stop,353,72,425,0.15,
mt/set_17/frenetic/test-912,2026-08-31T05:44:26.892387+00:00,2026-08-31T05:44:28.806532+00:00,1.914,ok,0,stop,353,72,425,0.15,
mt/set_13/ambiegen/test-44,2026-08-31T05:44:28.806742+00:00,2026-08-31T05:44:30.463145+00:00,1.6564,ok,0,stop,353,72,425,0.15,
mt/set_11/frenetic/test-411,2026-08-31T05:44:30.463185+00:00,2026-08-31T05:44:32.145253+00:00,1.682,ok,0,stop,353,77,430,0.15,
mt/set_8/frenetic_v/odr/test-597,2026-08-31T05:44:32.145297+00:00,2026-08-31T05:44:33.829494+00:00,1.6842,ok,0,stop,355,77,432,0.15,
mt/set_13/frenetic_v/test-763,2026-08-31T05:44:33.829555+00:00,2026-08-31T05:44:35.403347+00:00,1.5738,ok,0,stop,354,72,426,0.15,
mt/set_12/frenetic/test-303,2026-08-31T05:44:35.403390+00:00,2026-08-31T05:44:36.992771+00:00,1.5893,ok,0,stop,354,72,426,0.15,
mt/set_13/frenetic/test-309,2026-08-31T05:44:36.992843+00:00,2026-08-31T05:44:38.752592+00:00,1.7597,ok,0,stop,353,77,430,0.15,
mt/set_7/ambiegen/odr/test-75,2026-08-31T05:44:38.752655+00:00,2026-08-31T05:44:40.329114+00:00,1.5764,ok,0,stop,354,72,426,0.15,
mt/set_12/frenetic/test-812,2026-08-31T05:44:40.329161+00:00,2026-08-31T05:44:41.910789+00:00,1.5816,ok,0,stop,353,72,425,0.15,
mt/set_18/frenetic/test-693,2026-08-31T05:44:41.910830+00:00,2026-08-31T05:44:43.595443+00:00,1.6846,ok,0,stop,353,77,430,0.15,
mt/set_6/frenetic_v/test-285,2026-08-31T05:44:43.595487+00:00,2026-08-31T05:44:45.323456+00:00,1.7279,ok,0,stop,355,77,432,0.15,
mt/set_12/ambiegen/test-689,2026-08-31T05:44:45.323496+00:00,2026-08-31T05:44:46.924037+00:00,1.6005,ok,0,stop,355,72,427,0.15,
mt/set_9/frenetic_v/test-525,2026-08-31T05:44:46.924078+00:00,2026-08-31T05:44:48.492036+00:00,1.5679,ok,0,stop,354,72,426,0.15,
mt/set_12/ambiegen/test-444,2026-08-31T05:44:48.492075+00:00,2026-08-31T05:44:50.165590+00:00,1.6735,ok,0,stop,354,77,431,0.15,
mt/set_9/ambiegen/test-510,2026-08-31T05:44:50.165632+00:00,2026-08-31T05:44:51.753685+00:00,1.588,ok,0,stop,354,72,426,0.15,
mt/set_16/ambiegen/test-204,2026-08-31T05:44:51.753733+00:00,2026-08-31T05:44:53.320395+00:00,1.5666,ok,0,stop,354,72,426,0.25,
mt/set_9/ambiegen/test-381,2026-08-31T05:44:53.320436+00:00,2026-08-31T05:44:54.992268+00:00,1.6718,ok,0,stop,354,77,431,0.15,
mt/set_2/ambiegen/odr/test-292,2026-08-31T05:44:54.992313+00:00,2026-08-31T05:44:56.561363+00:00,1.569,ok,0,stop,354,72,426,0.65,
mt/set_6/frenetic_v/test-922,2026-08-31T05:44:56.561409+00:00,2026-08-31T05:44:58.128040+00:00,1.5666,ok,0,stop,355,72,427,0.15,
mt/set_6/frenetic_v/test-145,2026-08-31T05:44:58.128083+00:00,2026-08-31T05:44:59.698778+00:00,1.5707,ok,0,stop,354,72,426,0.15,
mt/set_8/ambiegen/odr/test-622,2026-08-31T05:44:59.698824+00:00,2026-08-31T05:45:01.373406+00:00,1.6745,ok,0,stop,354,77,431,0.15,
mt/set_13/frenetic_v/test-150,2026-08-31T05:45:01.373452+00:00,2026-08-31T05:45:03.598254+00:00,2.2248,ok,0,stop,354,72,426,0.15,
mt/set_8/frenetic/odr/test-630,2026-08-31T05:45:03.598297+00:00,2026-08-31T05:45:05.243894+00:00,1.6456,ok,0,stop,354,72,426,0.15,
mt/set_14/frenetic/test-577,2026-08-31T05:45:05.243935+00:00,2026-08-31T05:45:06.939746+00:00,1.6958,ok,0,stop,354,78,432,0.25,
mt/set_12/ambiegen/test-240,2026-08-31T05:45:06.939785+00:00,2026-08-31T05:45:08.510168+00:00,1.5704,ok,0,stop,354,72,426,0.15,
mt/set_13/frenetic/test-784,2026-08-31T05:45:08.510236+00:00,2026-08-31T05:45:10.077437+00:00,1.5672,ok,0,stop,353,72,425,0.15,
mt/set_16/ambiegen/test-205,2026-08-31T05:45:10.077477+00:00,2026-08-31T05:45:11.760645+00:00,1.6831,ok,0,stop,354,77,431,0.15,
mt/set_12/frenetic_v/test-503,2026-08-31T05:45:11.760685+00:00,2026-08-31T05:45:13.360929+00:00,1.6002,ok,0,stop,354,72,426,0.15,
mt/set_16/frenetic/test-551,2026-08-31T05:45:13.360994+00:00,2026-08-31T05:45:15.047790+00:00,1.6867,ok,0,stop,353,77,430,0.15,
mt/set_14/frenetic_v/test-670,2026-08-31T05:45:15.047840+00:00,2026-08-31T05:45:16.617098+00:00,1.5692,ok,0,stop,355,72,427,0.15,
mt/set_13/ambiegen/test-54,2026-08-31T05:45:16.617170+00:00,2026-08-31T05:45:18.190241+00:00,1.573,ok,0,stop,354,72,426,0.15,
mt_set5/frenetic/test-840,2026-08-31T05:45:18.190284+00:00,2026-08-31T05:45:19.764004+00:00,1.5737,ok,0,stop,354,72,426,0.25,
mt/set_2/ambiegen/odr/test-189,2026-08-31T05:45:19.764053+00:00,2026-08-31T05:45:21.336560+00:00,1.5725,ok,0,stop,354,72,426,0.15,
mt/set_13/frenetic/test-610,2026-08-31T05:45:21.336607+00:00,2026-08-31T05:45:23.712104+00:00,2.3755,ok,0,stop,354,72,426,0.15,
mt/set_9/ambiegen/test-122,2026-08-31T05:45:23.712154+00:00,2026-08-31T05:45:25.366063+00:00,1.6539,ok,0,stop,354,72,426,0.15,
mt/set_16/ambiegen/test-842,2026-08-31T05:45:25.366105+00:00,2026-08-31T05:45:26.940236+00:00,1.5741,ok,0,stop,354,72,426,0.15,
mt/set_9/ambiegen/test-560,2026-08-31T05:45:26.940279+00:00,2026-08-31T05:45:28.510713+00:00,1.5704,ok,0,stop,355,72,427,0.15,
mt_set5/frenetic_v/test-126,2026-08-31T05:45:28.510755+00:00,2026-08-31T05:45:30.082284+00:00,1.5715,ok,0,stop,355,72,427,0.15,
mt/set_8/frenetic/odr/test-260,2026-08-31T05:45:30.082324+00:00,2026-08-31T05:45:31.655525+00:00,1.5732,ok,0,stop,353,72,425,0.15,
mt/set_16/frenetic/test-962,2026-08-31T05:45:31.655568+00:00,2026-08-31T05:45:33.295361+00:00,1.6398,ok,0,stop,353,72,425,0.15,
mt_set6/frenetic/test-284,2026-08-31T05:45:33.295404+00:00,2026-08-31T05:45:34.973666+00:00,1.6782,ok,0,stop,353,77,430,0.15,
mt/set_8/frenetic/odr/test-491,2026-08-31T05:45:34.973708+00:00,2026-08-31T05:45:36.543943+00:00,1.5702,ok,0,stop,353,72,425,0.15,
mt/set_9/frenetic_v/test-707,2026-08-31T05:45:36.543990+00:00,2026-08-31T05:45:38.113135+00:00,1.5691,ok,0,stop,355,72,427,0.15,
mt/set_9/frenetic_v/test-728,2026-08-31T05:45:38.113176+00:00,2026-08-31T05:45:39.771582+00:00,1.6584,ok,0,stop,354,72,426,0.15,
mt/set_11/frenetic_v/test-624,2026-08-31T05:45:39.771622+00:00,2026-08-31T05:45:41.376179+00:00,1.6045,ok,0,stop,354,72,426,0.15,
mt/set_10/ambiegen/test-959,2026-08-31T05:45:41.376230+00:00,2026-08-31T05:45:42.946201+00:00,1.5699,ok,0,stop,354,72,426,0.15,
mt/set_13/frenetic/test-492,2026-08-31T05:45:42.946251+00:00,2026-08-31T05:45:44.515819+00:00,1.5695,ok,0,stop,353,72,425,0.15,
mt_set6/frenetic/test-455,2026-08-31T05:45:44.515862+00:00,2026-08-31T05:45:46.230210+00:00,1.7143,ok,0,stop,354,78,432,0.15,
mt/set_18/frenetic/test-184,2026-08-31T05:45:46.230253+00:00,2026-08-31T05:45:47.800961+00:00,1.5707,ok,0,stop,353,72,425,0.15,
mt/set_10/ambiegen/test-358,2026-08-31T05:45:47.801003+00:00,2026-08-31T05:45:49.369547+00:00,1.5685,ok,0,stop,355,72,427,0.15,
mt/set_10/frenetic_v/test-794,2026-08-31T05:45:49.369587+00:00,2026-08-31T05:45:50.938436+00:00,1.5688,ok,0,stop,355,72,427,0.15,
mt/set_8/frenetic_v/odr/test-455,2026-08-31T05:45:50.938479+00:00,2026-08-31T05:45:52.615487+00:00,1.677,ok,0,stop,355,77,432,0.15,
mt_set5/frenetic_v/test-251,2026-08-31T05:45:52.615528+00:00,2026-08-31T05:45:54.186877+00:00,1.5713,ok,0,stop,355,72,427,0.15,
mt/set_14/frenetic/test-770,2026-08-31T05:45:54.186926+00:00,2026-08-31T05:45:55.864672+00:00,1.6777,ok,0,stop,354,77,431,0.15,
mt/set_13/frenetic/test-658,2026-08-31T05:45:55.864714+00:00,2026-08-31T05:45:58.047815+00:00,2.1831,ok,0,stop,354,72,426,0.15,
mt/set_14/frenetic_v/test-743,2026-08-31T05:45:58.047869+00:00,2026-08-31T05:45:59.678174+00:00,1.6303,ok,0,stop,355,72,427,0.15,
mt/set_17/ambiegen/test-610,2026-08-31T05:45:59.678218+00:00,2026-08-31T05:46:01.252435+00:00,1.5742,ok,0,stop,353,72,425,0.15,
mt/set_13/frenetic_v/test-811,2026-08-31T05:46:01.252478+00:00,2026-08-31T05:46:02.856382+00:00,1.6039,ok,0,stop,354,72,426,0.15,
mt/set_8/frenetic/odr/test-29,2026-08-31T05:46:02.856425+00:00,2026-08-31T05:46:04.455269+00:00,1.5988,ok,0,stop,353,72,425,0.15,
mt/set_11/ambiegen/test-295,2026-08-31T05:46:04.455321+00:00,2026-08-31T05:46:06.066293+00:00,1.6109,ok,0,stop,354,72,426,0.15,
mt/set_9/frenetic_v/test-104,2026-08-31T05:46:06.066341+00:00,2026-08-31T05:46:07.642775+00:00,1.5764,ok,0,stop,355,72,427,0.15,
mt/set_7/ambiegen/odr/test-618,2026-08-31T05:46:07.642820+00:00,2026-08-31T05:46:09.647482+00:00,2.0046,ok,0,stop,355,92,447,0.15,
mt/set_6/frenetic_v/test-74,2026-08-31T05:46:09.647526+00:00,2026-08-31T05:46:11.222019+00:00,1.5745,ok,0,stop,355,72,427,0.15,
mt/set_11/frenetic/test-537,2026-08-31T05:46:11.222062+00:00,2026-08-31T05:46:12.945223+00:00,1.7231,ok,0,stop,354,78,432,0.15,
mt/set_7/frenetic_v/odr/test-225,2026-08-31T05:46:12.945287+00:00,2026-08-31T05:46:14.523370+00:00,1.578,ok,0,stop,354,72,426,0.15,
mt/set_10/ambiegen/test-311,2026-08-31T05:46:14.523434+00:00,2026-08-31T05:46:16.202823+00:00,1.6794,ok,0,stop,354,77,431,0.15,
mt/set_7/frenetic/odr/test-409,2026-08-31T05:46:16.202863+00:00,2026-08-31T05:46:18.369714+00:00,2.1668,ok,0,stop,354,72,426,0.15,
mt/set_16/frenetic_v/test-723,2026-08-31T05:46:18.369758+00:00,2026-08-31T05:46:20.172755+00:00,1.803,ok,0,stop,355,78,433,0.15,
mt/set_11/frenetic/test-321,2026-08-31T05:46:20.172795+00:00,2026-08-31T05:46:21.751251+00:00,1.5784,ok,0,stop,354,72,426,0.15,
mt_set5/frenetic/test-417,2026-08-31T05:46:21.751294+00:00,2026-08-31T05:46:23.325941+00:00,1.5746,ok,0,stop,354,72,426,0.15,
mt_set6/frenetic/test-740,2026-08-31T05:46:23.325983+00:00,2026-08-31T05:46:24.897920+00:00,1.5719,ok,0,stop,353,72,425,0.15,
mt/set_13/frenetic_v/test-696,2026-08-31T05:46:24.897963+00:00,2026-08-31T05:46:26.488814+00:00,1.5908,ok,0,stop,355,72,427,0.15,
mt/set_16/frenetic/test-861,2026-08-31T05:46:26.488855+00:00,2026-08-31T05:46:28.240797+00:00,1.7519,ok,0,stop,354,77,431,0.15,
mt/set_13/frenetic/test-828,2026-08-31T05:46:28.240837+00:00,2026-08-31T05:46:29.810987+00:00,1.5701,ok,0,stop,353,72,425,0.15,
mt/set_10/frenetic/test-79,2026-08-31T05:46:29.811028+00:00,2026-08-31T05:46:31.388602+00:00,1.5775,ok,0,stop,354,72,426,0.15,
mt/set_12/frenetic/test-160,2026-08-31T05:46:31.388667+00:00,2026-08-31T05:46:33.066030+00:00,1.6773,ok,0,stop,353,77,430,0.15,
mt/set_18/ambiegen/test-758,2026-08-31T05:46:33.066072+00:00,2026-08-31T05:46:34.764272+00:00,1.6982,ok,0,stop,354,78,432,0.65,
mt/set_17/frenetic_v/test-435,2026-08-31T05:46:34.764318+00:00,2026-08-31T05:46:36.430837+00:00,1.6662,ok,0,stop,355,72,427,0.15,
mt/set_10/frenetic_v/test-495,2026-08-31T05:46:36.431096+00:00,2026-08-31T05:46:38.022308+00:00,1.5912,ok,0,stop,355,72,427,0.15,
mt/set_10/frenetic/test-427,2026-08-31T05:46:38.022370+00:00,2026-08-31T05:46:39.722937+00:00,1.7005,ok,0,stop,354,78,432,0.15,
mt/set_18/frenetic/test-281,2026-08-31T05:46:39.723003+00:00,2026-08-31T05:46:41.299922+00:00,1.5769,ok,0,stop,353,72,425,0.15,
mt/set_18/frenetic/test-719,2026-08-31T05:46:41.299989+00:00,2026-08-31T05:46:42.897575+00:00,1.5976,ok,0,stop,353,72,425,0.15,
mt/set_11/frenetic_v/test-938,2026-08-31T05:46:42.897616+00:00,2026-08-31T05:46:44.467858+00:00,1.5702,ok,0,stop,355,72,427,0.15,
mt/set_12/frenetic/test-713,2026-08-31T05:46:44.467899+00:00,2026-08-31T05:46:46.144181+00:00,1.6762,ok,0,stop,354,77,431,0.15,
mt/set_13/frenetic/test-344,2026-08-31T05:46:46.144225+00:00,2026-08-31T05:46:47.715000+00:00,1.5707,ok,0,stop,354,72,426,0.15,
mt/set_14/frenetic_v/test-330,2026-08-31T05:46:47.715042+00:00,2026-08-31T05:46:49.286219+00:00,1.5711,ok,0,stop,354,72,426,0.15,
mt/set_10/ambiegen/test-42,2026-08-31T05:46:49.286261+00:00,2026-08-31T05:46:50.857343+00:00,1.571,ok,0,stop,354,72,426,0.15,
mt/set_7/frenetic_v/odr/test-611,2026-08-31T05:46:50.857385+00:00,2026-08-31T05:46:52.429349+00:00,1.5719,ok,0,stop,355,72,427,0.15,
mt_set5/frenetic/test-247,2026-08-31T05:46:52.429392+00:00,2026-08-31T05:46:54.524157+00:00,2.0947,ok,0,stop,353,72,425,0.15,
mt/set_13/ambiegen/test-407,2026-08-31T05:46:54.524205+00:00,2026-08-31T05:46:56.158963+00:00,1.6347,ok,0,stop,355,72,427,0.15,
mt/set_13/ambiegen/test-241,2026-08-31T05:46:56.159004+00:00,2026-08-31T05:46:57.737177+00:00,1.5781,ok,0,stop,354,72,426,0.15,
mt/set_17/ambiegen/test-264,2026-08-31T05:46:57.737218+00:00,2026-08-31T05:46:59.313930+00:00,1.5767,ok,0,stop,354,72,426,0.15,
mt/set_13/ambiegen/test-496,2026-08-31T05:46:59.313973+00:00,2026-08-31T05:47:00.885437+00:00,1.5714,ok,0,stop,354,72,426,0.15,
mt/set_11/frenetic/test-272,2026-08-31T05:47:00.885476+00:00,2026-08-31T05:47:02.570025+00:00,1.6845,ok,0,stop,353,77,430,0.15,
mt/set_7/ambiegen/odr/test-634,2026-08-31T05:47:02.570066+00:00,2026-08-31T05:47:04.155284+00:00,1.5852,ok,0,stop,354,72,426,0.15,
mt_set6/frenetic/test-710,2026-08-31T05:47:04.155327+00:00,2026-08-31T05:47:05.729671+00:00,1.5743,ok,0,stop,354,72,426,0.15,
mt/set_10/ambiegen/test-43,2026-08-31T05:47:05.729709+00:00,2026-08-31T05:47:07.302442+00:00,1.5727,ok,0,stop,355,72,427,0.15,
mt/set_9/frenetic/test-677,2026-08-31T05:47:07.302500+00:00,2026-08-31T05:47:08.876091+00:00,1.5736,ok,0,stop,353,72,425,0.15,
mt/set_11/frenetic_v/test-470,2026-08-31T05:47:08.876133+00:00,2026-08-31T05:47:10.553792+00:00,1.6776,ok,0,stop,355,77,432,0.15,
mt/set_18/frenetic/test-514,2026-08-31T05:47:10.553832+00:00,2026-08-31T05:47:12.546069+00:00,1.992,ok,0,stop,353,72,425,0.15,
mt/set_14/frenetic_v/test-162,2026-08-31T05:47:12.546315+00:00,2026-08-31T05:47:14.447329+00:00,1.9009,ok,0,stop,355,72,427,0.15,
mt/set_6/frenetic_v/test-135,2026-08-31T05:47:14.447411+00:00,2026-08-31T05:47:16.229386+00:00,1.7819,ok,0,stop,355,78,433,0.15,
mt/set_7/ambiegen/odr/test-22,2026-08-31T05:47:16.229426+00:00,2026-08-31T05:47:17.918152+00:00,1.6887,ok,0,stop,354,77,431,0.15,
mt/set_7/frenetic/odr/test-672,2026-08-31T05:47:17.918192+00:00,2026-08-31T05:47:19.490011+00:00,1.5718,ok,0,stop,354,72,426,0.15,
mt/set_9/frenetic/test-844,2026-08-31T05:47:19.490053+00:00,2026-08-31T05:47:20.999645+00:00,1.5096,ok,0,stop,354,68,422,0.15,
mt/set_8/frenetic/odr/test-343,2026-08-31T05:47:20.999701+00:00,2026-08-31T05:47:22.575584+00:00,1.5758,ok,0,stop,354,72,426,0.15,
mt/set_9/frenetic_v/test-765,2026-08-31T05:47:22.575643+00:00,2026-08-31T05:47:24.226212+00:00,1.6505,ok,0,stop,355,72,427,0.15,
mt/set_8/frenetic/odr/test-115,2026-08-31T05:47:24.226272+00:00,2026-08-31T05:47:25.932092+00:00,1.7058,ok,0,stop,354,78,432,0.15,
mt/set_16/frenetic/test-772,2026-08-31T05:47:25.932136+00:00,2026-08-31T05:47:27.613544+00:00,1.6814,ok,0,stop,354,77,431,0.15,
mt_set5/frenetic_v/test-881,2026-08-31T05:47:27.613587+00:00,2026-08-31T05:47:29.198947+00:00,1.5853,ok,0,stop,354,72,426,0.15,
mt/set_7/ambiegen/odr/test-637,2026-08-31T05:47:29.198989+00:00,2026-08-31T05:47:30.920850+00:00,1.7215,ok,0,stop,354,77,431,0.15,
mt/set_8/frenetic/odr/test-134,2026-08-31T05:47:30.921328+00:00,2026-08-31T05:47:32.595910+00:00,1.6745,ok,0,stop,354,72,426,0.15,
mt/set_13/ambiegen/test-869,2026-08-31T05:47:32.595952+00:00,2026-08-31T05:47:34.170761+00:00,1.5748,ok,0,stop,354,72,426,0.15,
mt/set_14/frenetic_v/test-818,2026-08-31T05:47:34.170823+00:00,2026-08-31T05:47:35.744788+00:00,1.5739,ok,0,stop,355,72,427,0.15,
mt/set_18/frenetic/test-785,2026-08-31T05:47:35.744829+00:00,2026-08-31T05:47:37.449461+00:00,1.7046,ok,0,stop,354,77,431,0.15,
mt/set_12/frenetic/test-529,2026-08-31T05:47:37.449517+00:00,2026-08-31T05:47:39.131570+00:00,1.682,ok,0,stop,354,77,431,0.15,
mt_set5/frenetic_v/test-621,2026-08-31T05:47:39.131612+00:00,2026-08-31T05:47:40.878612+00:00,1.747,ok,0,stop,355,80,435,0.15,
mt/set_17/frenetic/test-782,2026-08-31T05:47:40.878654+00:00,2026-08-31T05:47:42.883625+00:00,2.0049,ok,0,stop,354,92,446,0.15,
mt/set_11/frenetic_v/test-873,2026-08-31T05:47:42.883670+00:00,2026-08-31T05:47:44.572066+00:00,1.6883,ok,0,stop,354,77,431,0.15,
mt/set_10/frenetic/test-55,2026-08-31T05:47:44.572135+00:00,2026-08-31T05:47:46.176524+00:00,1.6044,ok,0,stop,354,72,426,0.15,
mt/set_18/frenetic/test-396,2026-08-31T05:47:46.176568+00:00,2026-08-31T05:47:47.794345+00:00,1.6177,ok,0,stop,353,72,425,0.15,
mt/set_11/frenetic_v/test-95,2026-08-31T05:47:47.794393+00:00,2026-08-31T05:47:49.627493+00:00,1.8329,ok,0,stop,354,72,426,0.15,
mt/set_12/ambiegen/test-178,2026-08-31T05:47:49.627780+00:00,2026-08-31T05:47:51.572531+00:00,1.9447,ok,0,stop,354,72,426,0.15,
mt/set_13/frenetic/test-722,2026-08-31T05:47:51.572572+00:00,2026-08-31T05:47:53.252286+00:00,1.6797,ok,0,stop,353,77,430,0.15,
mt/set_14/ambiegen/test-472,2026-08-31T05:47:53.252338+00:00,2026-08-31T05:47:54.828170+00:00,1.5758,ok,0,stop,354,72,426,0.15,
mt/set_7/ambiegen/odr/test-162,2026-08-31T05:47:54.828234+00:00,2026-08-31T05:47:56.399474+00:00,1.5712,ok,0,stop,354,72,426,0.15,
mt/set_14/frenetic_v/test-509,2026-08-31T05:47:56.399518+00:00,2026-08-31T05:47:58.425929+00:00,2.0264,ok,0,stop,355,92,447,0.15,
mt/set_16/frenetic_v/test-181,2026-08-31T05:47:58.425980+00:00,2026-08-31T05:48:00.007507+00:00,1.5815,ok,0,stop,355,72,427,0.15,
mt/set_11/frenetic/test-888,2026-08-31T05:48:00.007548+00:00,2026-08-31T05:48:01.583772+00:00,1.5762,ok,0,stop,354,72,426,0.15,
mt/set_10/ambiegen/test-319,2026-08-31T05:48:01.583814+00:00,2026-08-31T05:48:03.160314+00:00,1.5765,ok,0,stop,354,72,426,0.15,
mt/set_7/ambiegen/odr/test-390,2026-08-31T05:48:03.160355+00:00,2026-08-31T05:48:04.731947+00:00,1.5716,ok,0,stop,354,72,426,0.15,
mt/set_8/frenetic/odr/test-642,2026-08-31T05:48:04.731991+00:00,2026-08-31T05:48:06.319255+00:00,1.5872,ok,0,stop,353,72,425,0.15,
mt_set5/frenetic_v/test-231,2026-08-31T05:48:06.319296+00:00,2026-08-31T05:48:07.916919+00:00,1.5974,ok,0,stop,355,72,427,0.15,
mt/set_12/ambiegen/test-3,2026-08-31T05:48:07.917179+00:00,2026-08-31T05:48:10.160340+00:00,2.2431,ok,0,stop,354,72,426,0.15,
mt/set_16/frenetic_v/test-628,2026-08-31T05:48:10.160385+00:00,2026-08-31T05:48:11.884340+00:00,1.7239,ok,0,stop,354,72,426,0.15,
mt/set_11/frenetic/test-539,2026-08-31T05:48:11.884384+00:00,2026-08-31T05:48:13.564523+00:00,1.6801,ok,0,stop,353,77,430,0.15,
mt/set_10/frenetic_v/test-459,2026-08-31T05:48:13.564562+00:00,2026-08-31T05:48:15.143610+00:00,1.579,ok,0,stop,355,72,427,0.15,
mt/set_13/frenetic_v/test-645,2026-08-31T05:48:15.143653+00:00,2026-08-31T05:48:16.842894+00:00,1.6992,ok,0,stop,355,78,433,0.15,
mt/set_11/frenetic_v/test-311,2026-08-31T05:48:16.842934+00:00,2026-08-31T05:48:18.451567+00:00,1.6086,ok,0,stop,355,72,427,0.15,
mt/set_6/frenetic_v/test-225,2026-08-31T05:48:18.451665+00:00,2026-08-31T05:48:20.062898+00:00,1.6112,ok,0,stop,354,72,426,0.15,
mt/set_9/frenetic_v/test-425,2026-08-31T05:48:20.062947+00:00,2026-08-31T05:48:21.738913+00:00,1.6759,ok,0,stop,354,77,431,0.15,
mt/set_12/ambiegen/test-799,2026-08-31T05:48:21.738958+00:00,2026-08-31T05:48:23.735190+00:00,1.9962,ok,0,stop,354,92,446,0.15,
mt/set_13/frenetic/test-783,2026-08-31T05:48:23.735234+00:00,2026-08-31T05:48:25.413499+00:00,1.6782,ok,0,stop,354,77,431,0.25,
mt/set_11/ambiegen/test-628,2026-08-31T05:48:25.413540+00:00,2026-08-31T05:48:27.150673+00:00,1.7371,ok,0,stop,354,75,429,0.35,
mt/set_7/frenetic/odr/test-54,2026-08-31T05:48:27.150739+00:00,2026-08-31T05:48:29.170345+00:00,2.0196,ok,0,stop,354,92,446,0.15,
mt/set_16/frenetic/test-645,2026-08-31T05:48:29.170385+00:00,2026-08-31T05:48:30.851729+00:00,1.6813,ok,0,stop,353,77,430,0.15,
mt/set_6/frenetic_v/test-711,2026-08-31T05:48:30.851772+00:00,2026-08-31T05:48:32.568002+00:00,1.7162,ok,0,stop,355,77,432,0.15,
mt/set_12/frenetic/test-452,2026-08-31T05:48:32.568066+00:00,2026-08-31T05:48:34.139888+00:00,1.5718,ok,0,stop,354,72,426,0.15,
mt/set_17/frenetic_v/test-543,2026-08-31T05:48:34.139929+00:00,2026-08-31T05:48:35.838975+00:00,1.699,ok,0,stop,355,78,433,0.15,
mt/set_9/frenetic/test-265,2026-08-31T05:48:35.839039+00:00,2026-08-31T05:48:37.848294+00:00,2.0092,ok,0,stop,354,92,446,0.15,
mt/set_7/frenetic_v/odr/test-315,2026-08-31T05:48:37.848335+00:00,2026-08-31T05:48:39.588308+00:00,1.7399,ok,0,stop,355,78,433,0.15,
mt/set_12/ambiegen/test-557,2026-08-31T05:48:39.588356+00:00,2026-08-31T05:48:41.281887+00:00,1.6935,ok,0,stop,354,77,431,0.15,
mt/set_8/frenetic_v/odr/test-253,2026-08-31T05:48:41.281942+00:00,2026-08-31T05:48:42.852755+00:00,1.5708,ok,0,stop,355,72,427,0.15,
mt/set_12/frenetic_v/test-854,2026-08-31T05:48:42.852797+00:00,2026-08-31T05:48:45.084393+00:00,2.2316,ok,0,stop,355,77,432,0.15,
mt_set5/frenetic/test-559,2026-08-31T05:48:45.084439+00:00,2026-08-31T05:48:46.736389+00:00,1.6519,ok,0,stop,354,72,426,0.15,
mt/set_8/frenetic/odr/test-794,2026-08-31T05:48:46.736430+00:00,2026-08-31T05:48:48.443489+00:00,1.707,ok,0,stop,354,78,432,0.15,
mt/set_18/ambiegen/test-531,2026-08-31T05:48:48.443553+00:00,2026-08-31T05:48:50.012217+00:00,1.5686,ok,0,stop,353,72,425,0.15,
mt/set_8/frenetic/odr/test-566,2026-08-31T05:48:50.012261+00:00,2026-08-31T05:48:51.587788+00:00,1.5755,ok,0,stop,354,72,426,0.15,
mt/set_16/ambiegen/test-787,2026-08-31T05:48:51.587840+00:00,2026-08-31T05:48:53.599364+00:00,2.0115,ok,0,stop,355,92,447,0.15,
mt/set_13/frenetic_v/test-398,2026-08-31T05:48:53.599429+00:00,2026-08-31T05:48:55.169635+00:00,1.5702,ok,0,stop,354,72,426,0.15,
mt/set_16/frenetic_v/test-416,2026-08-31T05:48:55.169679+00:00,2026-08-31T05:48:56.745065+00:00,1.5754,ok,0,stop,354,72,426,0.15,
mt/set_12/frenetic/test-234,2026-08-31T05:48:56.745107+00:00,2026-08-31T05:48:58.316613+00:00,1.5715,ok,0,stop,354,72,426,0.15,
mt/set_12/ambiegen/test-671,2026-08-31T05:48:58.316676+00:00,2026-08-31T05:48:59.991590+00:00,1.6749,ok,0,stop,354,77,431,0.15,
mt/set_7/frenetic_v/odr/test-596,2026-08-31T05:48:59.991650+00:00,2026-08-31T05:49:01.687143+00:00,1.6955,ok,0,stop,355,78,433,0.15,
mt/set_7/ambiegen/odr/test-406,2026-08-31T05:49:01.687187+00:00,2026-08-31T05:49:03.254588+00:00,1.5674,ok,0,stop,354,72,426,0.15,
mt_set6/frenetic/test-17,2026-08-31T05:49:03.254631+00:00,2026-08-31T05:49:05.569806+00:00,2.3151,ok,0,stop,353,72,425,0.15,
mt/set_16/frenetic/test-627,2026-08-31T05:49:05.569855+00:00,2026-08-31T05:49:07.352785+00:00,1.7829,ok,0,stop,354,77,431,0.15,
mt_set6/frenetic/test-733,2026-08-31T05:49:07.352828+00:00,2026-08-31T05:49:09.033842+00:00,1.681,ok,0,stop,354,77,431,0.15,
mt/set_17/ambiegen/test-889,2026-08-31T05:49:09.033882+00:00,2026-08-31T05:49:10.604941+00:00,1.571,ok,0,stop,354,72,426,0.15,
mt/set_11/ambiegen/test-404,2026-08-31T05:49:10.604984+00:00,2026-08-31T05:49:12.173932+00:00,1.5689,ok,0,stop,354,72,426,0.15,
mt/set_9/frenetic/test-523,2026-08-31T05:49:12.173976+00:00,2026-08-31T05:49:13.743915+00:00,1.5699,ok,0,stop,353,72,425,0.15,
mt/set_17/ambiegen/test-6,2026-08-31T05:49:13.743978+00:00,2026-08-31T05:49:15.515404+00:00,1.7714,ok,0,stop,355,78,433,0.15,
mt/set_10/frenetic/test-592,2026-08-31T05:49:15.515444+00:00,2026-08-31T05:49:17.197445+00:00,1.682,ok,0,stop,354,77,431,0.15,
mt/set_9/frenetic_v/test-45,2026-08-31T05:49:17.197492+00:00,2026-08-31T05:49:18.767772+00:00,1.5702,ok,0,stop,354,72,426,0.15,
mt_set5/ambiegen/test-454,2026-08-31T05:49:18.767836+00:00,2026-08-31T05:49:20.340577+00:00,1.5727,ok,0,stop,354,72,426,0.15,
mt/set_9/ambiegen/test-192,2026-08-31T05:49:20.340680+00:00,2026-08-31T05:49:22.025075+00:00,1.6844,ok,0,stop,354,77,431,0.15,
mt/set_11/frenetic/test-580,2026-08-31T05:49:22.025129+00:00,2026-08-31T05:49:23.837715+00:00,1.8126,ok,0,stop,354,78,432,0.25,
mt/set_13/frenetic/test-688,2026-08-31T05:49:23.837757+00:00,2026-08-31T05:49:25.516885+00:00,1.6791,ok,0,stop,353,77,430,0.15,
mt/set_13/frenetic_v/test-478,2026-08-31T05:49:25.516934+00:00,2026-08-31T05:49:27.210571+00:00,1.6936,ok,0,stop,355,77,432,0.15,
mt/set_13/frenetic_v/test-4,2026-08-31T05:49:27.210613+00:00,2026-08-31T05:49:28.890733+00:00,1.6801,ok,0,stop,355,77,432,0.15,
mt/set_14/frenetic/test-454,2026-08-31T05:49:28.890794+00:00,2026-08-31T05:49:30.513942+00:00,1.6231,ok,0,stop,353,72,425,0.15,
mt/set_8/frenetic/odr/test-584,2026-08-31T05:49:30.513990+00:00,2026-08-31T05:49:32.087887+00:00,1.5739,ok,0,stop,354,72,426,0.15,
mt/set_11/ambiegen/test-939,2026-08-31T05:49:32.087929+00:00,2026-08-31T05:49:33.747480+00:00,1.6595,ok,0,stop,354,76,430,0.45,
mt/set_18/frenetic/test-335,2026-08-31T05:49:33.747542+00:00,2026-08-31T05:49:35.438355+00:00,1.6908,ok,0,stop,353,77,430,0.15,
mt/set_18/ambiegen/test-610,2026-08-31T05:49:35.438416+00:00,2026-08-31T05:49:37.119596+00:00,1.6811,ok,0,stop,354,77,431,0.15,
mt/set_11/frenetic_v/test-403,2026-08-31T05:49:37.119657+00:00,2026-08-31T05:49:38.704228+00:00,1.5845,ok,0,stop,355,72,427,0.15,
mt/set_9/frenetic_v/test-739,2026-08-31T05:49:38.704271+00:00,2026-08-31T05:49:40.388703+00:00,1.6843,ok,0,stop,355,72,427,0.15,
mt/set_8/ambiegen/odr/test-443,2026-08-31T05:49:40.388878+00:00,2026-08-31T05:49:42.624285+00:00,2.2354,ok,0,stop,355,76,431,0.65,
mt/set_2/ambiegen/odr/test-197,2026-08-31T05:49:42.624332+00:00,2026-08-31T05:49:44.331316+00:00,1.7069,ok,0,stop,354,78,432,0.15,
mt/set_7/frenetic/odr/test-80,2026-08-31T05:49:44.331379+00:00,2026-08-31T05:49:45.905232+00:00,1.5738,ok,0,stop,353,72,425,0.15,
mt/set_14/frenetic/test-725,2026-08-31T05:49:45.905293+00:00,2026-08-31T05:49:47.484059+00:00,1.5787,ok,0,stop,353,72,425,0.15,
mt/set_17/frenetic/test-783,2026-08-31T05:49:47.484101+00:00,2026-08-31T05:49:49.066324+00:00,1.5822,ok,0,stop,353,72,425,0.15,
mt/set_7/ambiegen/odr/test-529,2026-08-31T05:49:49.066386+00:00,2026-08-31T05:49:50.991382+00:00,1.9249,ok,0,stop,354,88,442,0.35,
mt/set_18/ambiegen/test-49,2026-08-31T05:49:50.991442+00:00,2026-08-31T05:49:52.671821+00:00,1.6803,ok,0,stop,354,77,431,0.15,
mt/set_9/frenetic_v/test-343,2026-08-31T05:49:52.671864+00:00,2026-08-31T05:49:54.267238+00:00,1.5953,ok,0,stop,355,72,427,0.15,
mt/set_6/frenetic_v/test-678,2026-08-31T05:49:54.267302+00:00,2026-08-31T05:49:55.845096+00:00,1.5777,ok,0,stop,355,72,427,0.15,
mt_set5/ambiegen/test-145,2026-08-31T05:49:55.845158+00:00,2026-08-31T05:49:57.419930+00:00,1.5747,ok,0,stop,354,72,426,0.15,
mt/set_8/ambiegen/odr/test-626,2026-08-31T05:49:57.419997+00:00,2026-08-31T05:49:59.004579+00:00,1.5845,ok,0,stop,354,72,426,0.15,
mt/set_13/frenetic/test-916,2026-08-31T05:49:59.004641+00:00,2026-08-31T05:50:01.161530+00:00,2.1568,ok,0,stop,354,78,432,0.15,
mt/set_11/ambiegen/test-599,2026-08-31T05:50:01.161589+00:00,2026-08-31T05:50:02.961954+00:00,1.8003,ok,0,stop,355,78,433,0.15,
mt/set_8/frenetic/odr/test-640,2026-08-31T05:50:02.961994+00:00,2026-08-31T05:50:04.535127+00:00,1.5731,ok,0,stop,353,72,425,0.15,
mt/set_8/frenetic_v/odr/test-826,2026-08-31T05:50:04.535188+00:00,2026-08-31T05:50:06.108219+00:00,1.573,ok,0,stop,354,72,426,0.15,
mt/set_10/ambiegen/test-413,2026-08-31T05:50:06.108270+00:00,2026-08-31T05:50:07.848797+00:00,1.7405,ok,0,stop,355,78,433,0.15,
mt_set5/frenetic/test-194,2026-08-31T05:50:07.848843+00:00,2026-08-31T05:50:09.551799+00:00,1.7029,ok,0,stop,354,78,432,0.15,
mt/set_18/ambiegen/test-198,2026-08-31T05:50:09.551844+00:00,2026-08-31T05:50:11.308251+00:00,1.7563,ok,0,stop,354,77,431,0.15,
mt/set_18/ambiegen/test-516,2026-08-31T05:50:11.308336+00:00,2026-08-31T05:50:12.910886+00:00,1.6025,ok,0,stop,355,72,427,0.15,
mt/set_16/frenetic_v/test-783,2026-08-31T05:50:12.910928+00:00,2026-08-31T05:50:14.485760+00:00,1.5748,ok,0,stop,354,72,426,0.15,
mt/set_13/frenetic/test-707,2026-08-31T05:50:14.485804+00:00,2026-08-31T05:50:16.068070+00:00,1.5822,ok,0,stop,353,72,425,0.15,
mt/set_16/ambiegen/test-302,2026-08-31T05:50:16.068117+00:00,2026-08-31T05:50:17.621482+00:00,1.5533,ok,0,stop,353,71,424,0.15,
mt/set_12/ambiegen/test-265,2026-08-31T05:50:17.621536+00:00,2026-08-31T05:50:19.459750+00:00,1.8382,ok,0,stop,354,81,435,0.35,
mt/set_18/frenetic/test-408,2026-08-31T05:50:19.459794+00:00,2026-08-31T05:50:21.177848+00:00,1.718,ok,0,stop,354,77,431,0.15,
mt/set_11/frenetic/test-221,2026-08-31T05:50:21.177892+00:00,2026-08-31T05:50:22.863334+00:00,1.6854,ok,0,stop,354,77,431,0.15,
mt/set_11/frenetic/test-540,2026-08-31T05:50:22.863385+00:00,2026-08-31T05:50:24.879811+00:00,2.0164,ok,0,stop,354,92,446,0.15,
mt/set_7/frenetic_v/odr/test-73,2026-08-31T05:50:24.879861+00:00,2026-08-31T05:50:26.452982+00:00,1.5731,ok,0,stop,355,72,427,0.15,
mt/set_11/ambiegen/test-612,2026-08-31T05:50:26.453038+00:00,2026-08-31T05:50:28.136592+00:00,1.6835,ok,0,stop,354,77,431,0.15,
mt/set_2/ambiegen/odr/test-165,2026-08-31T05:50:28.136653+00:00,2026-08-31T05:50:29.706965+00:00,1.5703,ok,0,stop,354,72,426,0.15,
mt/set_11/ambiegen/test-319,2026-08-31T05:50:29.707004+00:00,2026-08-31T05:50:31.392658+00:00,1.6856,ok,0,stop,353,77,430,0.15,
mt/set_6/frenetic_v/test-67,2026-08-31T05:50:31.392726+00:00,2026-08-31T05:50:32.989285+00:00,1.5965,ok,0,stop,354,72,426,0.15,
mt/set_8/ambiegen/odr/test-910,2026-08-31T05:50:32.989351+00:00,2026-08-31T05:50:34.567885+00:00,1.5785,ok,0,stop,355,72,427,0.15,
mt/set_14/frenetic_v/test-8,2026-08-31T05:50:34.567926+00:00,2026-08-31T05:50:36.644163+00:00,2.0762,ok,0,stop,354,72,426,0.15,
mt/set_13/ambiegen/test-691,2026-08-31T05:50:36.644206+00:00,2026-08-31T05:50:38.412268+00:00,1.768,ok,0,stop,354,78,432,0.15,
mt/set_9/frenetic_v/test-910,2026-08-31T05:50:38.412320+00:00,2026-08-31T05:50:39.996360+00:00,1.584,ok,0,stop,355,72,427,0.15,
mt/set_12/frenetic/test-722,2026-08-31T05:50:39.996415+00:00,2026-08-31T05:50:41.571519+00:00,1.5751,ok,0,stop,353,72,425,0.15,
mt/set_18/ambiegen/test-675,2026-08-31T05:50:41.571575+00:00,2026-08-31T05:50:43.146748+00:00,1.5751,ok,0,stop,354,72,426,0.15,
mt_set5/frenetic_v/test-945,2026-08-31T05:50:43.146800+00:00,2026-08-31T05:50:44.732463+00:00,1.5856,ok,0,stop,354,72,426,0.15,
mt/set_6/frenetic_v/test-443,2026-08-31T05:50:44.732547+00:00,2026-08-31T05:50:46.303501+00:00,1.5709,ok,0,stop,354,72,426,0.15,
mt/set_9/frenetic/test-586,2026-08-31T05:50:46.303567+00:00,2026-08-31T05:50:47.985199+00:00,1.6816,ok,0,stop,354,77,431,0.15,
mt_set5/frenetic_v/test-111,2026-08-31T05:50:47.985262+00:00,2026-08-31T05:50:49.561580+00:00,1.5763,ok,0,stop,355,72,427,0.15,
mt/set_14/frenetic_v/test-770,2026-08-31T05:50:49.561624+00:00,2026-08-31T05:50:51.135773+00:00,1.5741,ok,0,stop,355,72,427,0.15,
mt/set_16/frenetic/test-599,2026-08-31T05:50:51.135843+00:00,2026-08-31T05:50:52.718896+00:00,1.583,ok,0,stop,353,72,425,0.15,
mt/set_12/ambiegen/test-135,2026-08-31T05:50:52.718942+00:00,2026-08-31T05:50:54.296016+00:00,1.577,ok,0,stop,354,72,426,0.15,
mt/set_12/ambiegen/test-953,2026-08-31T05:50:54.296065+00:00,2026-08-31T05:50:56.327935+00:00,2.0316,ok,0,stop,354,77,431,0.15,
mt/set_6/frenetic_v/test-210,2026-08-31T05:50:56.328292+00:00,2026-08-31T05:50:58.073941+00:00,1.7456,ok,0,stop,354,72,426,0.15,
mt/set_11/frenetic_v/test-104,2026-08-31T05:50:58.074018+00:00,2026-08-31T05:50:59.710933+00:00,1.6369,ok,0,stop,354,72,426,0.15,
mt/set_17/ambiegen/test-188,2026-08-31T05:50:59.710994+00:00,2026-08-31T05:51:01.451588+00:00,1.7406,ok,0,stop,354,80,434,0.15,
mt/set_18/ambiegen/test-876,2026-08-31T05:51:01.451638+00:00,2026-08-31T05:51:03.025946+00:00,1.5743,ok,0,stop,355,72,427,0.15,
mt_set5/frenetic/test-791,2026-08-31T05:51:03.025988+00:00,2026-08-31T05:51:04.594397+00:00,1.5684,ok,0,stop,353,72,425,0.15,
mt/set_16/frenetic_v/test-48,2026-08-31T05:51:04.594439+00:00,2026-08-31T05:51:06.406289+00:00,1.8118,ok,0,stop,355,80,435,0.15,
mt/set_12/frenetic_v/test-120,2026-08-31T05:51:06.406333+00:00,2026-08-31T05:51:07.974075+00:00,1.5677,ok,0,stop,355,72,427,0.15,
mt/set_12/ambiegen/test-906,2026-08-31T05:51:07.974121+00:00,2026-08-31T05:51:09.650758+00:00,1.6766,ok,0,stop,354,77,431,0.15,
mt/set_16/frenetic/test-700,2026-08-31T05:51:09.650818+00:00,2026-08-31T05:51:11.337548+00:00,1.6867,ok,0,stop,353,77,430,0.15,
mt/set_12/frenetic/test-50,2026-08-31T05:51:11.337608+00:00,2026-08-31T05:51:13.086631+00:00,1.7488,ok,0,stop,354,78,432,0.15,
mt/set_7/frenetic_v/odr/test-790,2026-08-31T05:51:13.086932+00:00,2026-08-31T05:51:14.892418+00:00,1.8054,ok,0,stop,355,78,433,0.15,
mt/set_14/ambiegen/test-887,2026-08-31T05:51:14.892462+00:00,2026-08-31T05:51:16.461169+00:00,1.5687,ok,0,stop,354,72,426,0.15,
mt/set_14/frenetic/test-835,2026-08-31T05:51:16.461227+00:00,2026-08-31T05:51:17.922093+00:00,1.4608,ok,0,stop,354,67,421,0.15,
mt/set_13/ambiegen/test-287,2026-08-31T05:51:17.922153+00:00,2026-08-31T05:51:19.499241+00:00,1.577,ok,0,stop,354,72,426,0.15,
mt/set_16/frenetic_v/test-92,2026-08-31T05:51:19.499288+00:00,2026-08-31T05:51:21.210993+00:00,1.7117,ok,0,stop,355,78,433,0.15,
mt/set_6/frenetic_v/test-571,2026-08-31T05:51:21.211056+00:00,2026-08-31T05:51:22.903586+00:00,1.6925,ok,0,stop,355,77,432,0.15,
mt/set_6/frenetic_v/test-926,2026-08-31T05:51:22.903647+00:00,2026-08-31T05:51:24.478745+00:00,1.575,ok,0,stop,355,72,427,0.15,
mt/set_2/ambiegen/odr/test-800,2026-08-31T05:51:24.478811+00:00,2026-08-31T05:51:26.246601+00:00,1.7677,ok,0,stop,354,80,434,0.15,
mt/set_7/frenetic/odr/test-745,2026-08-31T05:51:26.246658+00:00,2026-08-31T05:51:27.836938+00:00,1.5902,ok,0,stop,353,73,426,0.15,
mt/set_18/ambiegen/test-822,2026-08-31T05:51:27.837004+00:00,2026-08-31T05:51:29.518487+00:00,1.6814,ok,0,stop,354,77,431,0.15,
mt/set_12/ambiegen/test-522,2026-08-31T05:51:29.518539+00:00,2026-08-31T05:51:31.576993+00:00,2.0584,ok,0,stop,354,72,426,0.15,
mt/set_13/ambiegen/test-162,2026-08-31T05:51:31.577034+00:00,2026-08-31T05:51:33.217255+00:00,1.6402,ok,0,stop,354,72,426,0.15,
mt/set_9/frenetic/test-522,2026-08-31T05:51:33.217298+00:00,2026-08-31T05:51:34.926822+00:00,1.7095,ok,0,stop,353,77,430,0.15,
mt/set_12/frenetic_v/test-511,2026-08-31T05:51:34.926864+00:00,2026-08-31T05:51:36.502555+00:00,1.5757,ok,0,stop,355,72,427,0.15,
mt/set_6/frenetic_v/test-713,2026-08-31T05:51:36.502597+00:00,2026-08-31T05:51:38.095689+00:00,1.5931,ok,0,stop,354,72,426,0.15,
mt/set_2/ambiegen/odr/test-608,2026-08-31T05:51:38.095733+00:00,2026-08-31T05:51:40.105832+00:00,2.0101,ok,0,stop,354,92,446,0.15,
mt/set_18/frenetic/test-132,2026-08-31T05:51:40.105877+00:00,2026-08-31T05:51:41.687368+00:00,1.5815,ok,0,stop,354,72,426,0.15,
mt_set5/frenetic/test-802,2026-08-31T05:51:41.687412+00:00,2026-08-31T05:51:43.267569+00:00,1.5801,ok,0,stop,353,72,425,0.15,
mt/set_7/frenetic_v/odr/test-434,2026-08-31T05:51:43.267613+00:00,2026-08-31T05:51:44.970529+00:00,1.7029,ok,0,stop,355,78,433,0.15,
mt/set_9/frenetic/test-335,2026-08-31T05:51:44.970571+00:00,2026-08-31T05:51:46.569572+00:00,1.599,ok,0,stop,353,72,425,0.15,
mt/set_8/frenetic/odr/test-649,2026-08-31T05:51:46.569618+00:00,2026-08-31T05:51:48.160526+00:00,1.5909,ok,0,stop,354,72,426,0.15,
mt/set_16/frenetic_v/test-559,2026-08-31T05:51:48.160590+00:00,2026-08-31T05:51:50.000246+00:00,1.8395,ok,0,stop,355,72,427,0.15,
mt/set_17/ambiegen/test-599,2026-08-31T05:51:50.000498+00:00,2026-08-31T05:51:51.983511+00:00,1.9829,ok,0,stop,353,72,425,0.15,
mt/set_12/frenetic/test-923,2026-08-31T05:51:51.983588+00:00,2026-08-31T05:51:53.649945+00:00,1.6663,ok,0,stop,353,72,425,0.15,
mt/set_8/frenetic/odr/test-192,2026-08-31T05:51:53.649991+00:00,2026-08-31T05:51:55.353049+00:00,1.703,ok,0,stop,353,77,430,0.15,
mt/set_8/ambiegen/odr/test-906,2026-08-31T05:51:55.353100+00:00,2026-08-31T05:51:56.925016+00:00,1.5719,ok,0,stop,354,72,426,0.15,
mt/set_13/frenetic_v/test-281,2026-08-31T05:51:56.925063+00:00,2026-08-31T05:51:58.505924+00:00,1.5808,ok,0,stop,354,72,426,0.15,
mt/set_12/ambiegen/test-202,2026-08-31T05:51:58.505969+00:00,2026-08-31T05:52:00.083814+00:00,1.5778,ok,0,stop,354,72,426,0.15,
mt/set_10/ambiegen/test-580,2026-08-31T05:52:00.083859+00:00,2026-08-31T05:52:01.726958+00:00,1.6431,ok,0,stop,354,72,426,0.15,
mt/set_14/frenetic_v/test-891,2026-08-31T05:52:01.727001+00:00,2026-08-31T05:52:03.310292+00:00,1.5832,ok,0,stop,355,72,427,0.15,
mt/set_16/frenetic/test-741,2026-08-31T05:52:03.310357+00:00,2026-08-31T05:52:04.995390+00:00,1.685,ok,0,stop,354,77,431,0.15,
mt/set_11/frenetic_v/test-726,2026-08-31T05:52:04.995434+00:00,2026-08-31T05:52:06.680806+00:00,1.6853,ok,0,stop,354,77,431,0.15,
mt/set_17/frenetic/test-461,2026-08-31T05:52:06.680845+00:00,2026-08-31T05:52:08.364512+00:00,1.6836,ok,0,stop,354,72,426,0.15,
mt/set_14/frenetic_v/test-433,2026-08-31T05:52:08.364580+00:00,2026-08-31T05:52:09.943610+00:00,1.579,ok,0,stop,355,72,427,0.15,
mt_set5/frenetic_v/test-783,2026-08-31T05:52:09.943655+00:00,2026-08-31T05:52:11.519023+00:00,1.5753,ok,0,stop,355,72,427,0.15,
mt/set_7/frenetic/odr/test-711,2026-08-31T05:52:11.519088+00:00,2026-08-31T05:52:13.196766+00:00,1.6776,ok,0,stop,354,77,431,0.15,
mt_set5/ambiegen/test-851,2026-08-31T05:52:13.196810+00:00,2026-08-31T05:52:14.867953+00:00,1.6711,ok,0,stop,354,76,430,0.45,
mt/set_12/ambiegen/test-16,2026-08-31T05:52:14.868001+00:00,2026-08-31T05:52:16.552482+00:00,1.6844,ok,0,stop,354,77,431,0.15,
mt/set_11/ambiegen/test-416,2026-08-31T05:52:16.552523+00:00,2026-08-31T05:52:18.253466+00:00,1.7009,ok,0,stop,354,78,432,0.15,
mt/set_12/frenetic_v/test-302,2026-08-31T05:52:18.253514+00:00,2026-08-31T05:52:19.825670+00:00,1.5721,ok,0,stop,354,72,426,0.15,
mt/set_8/frenetic/odr/test-345,2026-08-31T05:52:19.825722+00:00,2026-08-31T05:52:21.529621+00:00,1.7039,ok,0,stop,354,78,432,0.15,
mt_set6/frenetic/test-675,2026-08-31T05:52:21.529666+00:00,2026-08-31T05:52:23.140452+00:00,1.6108,ok,0,stop,354,72,426,0.15,
mt/set_11/ambiegen/test-806,2026-08-31T05:52:23.140495+00:00,2026-08-31T05:52:24.934630+00:00,1.7939,ok,0,stop,355,80,435,0.15,
mt/set_13/frenetic/test-382,2026-08-31T05:52:24.934876+00:00,2026-08-31T05:52:27.145445+00:00,2.2105,ok,0,stop,354,72,426,0.15,
mt/set_16/ambiegen/test-374,2026-08-31T05:52:27.145537+00:00,2026-08-31T05:52:28.908228+00:00,1.7627,ok,0,stop,355,77,432,0.15,
mt_set6/frenetic/test-803,2026-08-31T05:52:28.908271+00:00,2026-08-31T05:52:30.609154+00:00,1.7008,ok,0,stop,354,78,432,0.15,
mt/set_11/frenetic/test-3,2026-08-31T05:52:30.609199+00:00,2026-08-31T05:52:32.196731+00:00,1.5875,ok,0,stop,354,72,426,0.15,
mt/set_7/frenetic/odr/test-789,2026-08-31T05:52:32.196773+00:00,2026-08-31T05:52:33.798066+00:00,1.6012,ok,0,stop,353,72,425,0.15,
mt/set_13/ambiegen/test-18,2026-08-31T05:52:33.798130+00:00,2026-08-31T05:52:35.381687+00:00,1.5835,ok,0,stop,354,72,426,0.15,
mt/set_18/frenetic_v/test-6,2026-08-31T05:52:35.381740+00:00,2026-08-31T05:52:36.977126+00:00,1.5954,ok,0,stop,355,72,427,0.15,
mt/set_12/frenetic_v/test-862,2026-08-31T05:52:36.977167+00:00,2026-08-31T05:52:38.655812+00:00,1.6786,ok,0,stop,354,77,431,0.15,
mt/set_12/frenetic/test-373,2026-08-31T05:52:38.655855+00:00,2026-08-31T05:52:40.238516+00:00,1.5826,ok,0,stop,354,72,426,0.15,
mt/set_17/frenetic/test-3,2026-08-31T05:52:40.238559+00:00,2026-08-31T05:52:41.817525+00:00,1.5789,ok,0,stop,353,72,425,0.15,
mt/set_16/ambiegen/test-104,2026-08-31T05:52:41.817568+00:00,2026-08-31T05:52:43.499889+00:00,1.6823,ok,0,stop,354,77,431,0.15,
mt/set_12/ambiegen/test-529,2026-08-31T05:52:43.499935+00:00,2026-08-31T05:52:45.783352+00:00,2.2834,ok,0,stop,354,72,426,0.15,
mt/set_14/frenetic_v/test-272,2026-08-31T05:52:45.783395+00:00,2026-08-31T05:52:47.435498+00:00,1.652,ok,0,stop,355,72,427,0.15,
mt/set_13/frenetic/test-190,2026-08-31T05:52:47.435611+00:00,2026-08-31T05:52:49.032051+00:00,1.5964,ok,0,stop,353,72,425,0.15,
mt/set_13/ambiegen/test-334,2026-08-31T05:52:49.032092+00:00,2026-08-31T05:52:50.711601+00:00,1.6795,ok,0,stop,355,77,432,0.15,
mt/set_16/ambiegen/test-351,2026-08-31T05:52:50.711647+00:00,2026-08-31T05:52:52.402136+00:00,1.6904,ok,0,stop,354,77,431,0.15,
mt/set_8/frenetic_v/odr/test-200,2026-08-31T05:52:52.402197+00:00,2026-08-31T05:52:53.980950+00:00,1.5787,ok,0,stop,355,72,427,0.15,
mt/set_8/ambiegen/odr/test-887,2026-08-31T05:52:53.980993+00:00,2026-08-31T05:52:55.625680+00:00,1.6447,ok,0,stop,353,72,425,0.15,
mt/set_8/frenetic_v/odr/test-133,2026-08-31T05:52:55.625724+00:00,2026-08-31T05:52:57.208825+00:00,1.5831,ok,0,stop,355,72,427,0.15,
mt/set_10/frenetic_v/test-320,2026-08-31T05:52:57.208866+00:00,2026-08-31T05:52:58.781813+00:00,1.5729,ok,0,stop,355,72,427,0.15,
mt/set_8/ambiegen/odr/test-8,2026-08-31T05:52:58.781854+00:00,2026-08-31T05:53:00.368602+00:00,1.5867,ok,0,stop,354,72,426,0.15,
mt/set_12/frenetic_v/test-170,2026-08-31T05:53:00.368647+00:00,2026-08-31T05:53:01.945016+00:00,1.5763,ok,0,stop,354,72,426,0.15,
mt_set6/frenetic/test-297,2026-08-31T05:53:01.945060+00:00,2026-08-31T05:53:03.730611+00:00,1.7855,ok,0,stop,353,77,430,0.15,
mt/set_14/ambiegen/test-175,2026-08-31T05:53:03.730654+00:00,2026-08-31T05:53:05.317446+00:00,1.5868,ok,0,stop,354,72,426,0.15,
mt/set_14/frenetic_v/test-248,2026-08-31T05:53:05.317489+00:00,2026-08-31T05:53:06.803847+00:00,1.4863,ok,0,stop,355,68,423,0.15,
mt/set_10/frenetic/test-136,2026-08-31T05:53:06.803893+00:00,2026-08-31T05:53:08.379407+00:00,1.5755,ok,0,stop,353,72,425,0.15,
mt/set_12/frenetic_v/test-860,2026-08-31T05:53:08.379451+00:00,2026-08-31T05:53:09.965785+00:00,1.5863,ok,0,stop,354,72,426,0.15,
mt/set_7/frenetic_v/odr/test-717,2026-08-31T05:53:09.965828+00:00,2026-08-31T05:53:11.646979+00:00,1.6811,ok,0,stop,354,77,431,0.15,
mt/set_16/frenetic_v/test-517,2026-08-31T05:53:11.647041+00:00,2026-08-31T05:53:13.229953+00:00,1.5829,ok,0,stop,355,72,427,0.15,
mt/set_13/frenetic_v/test-334,2026-08-31T05:53:13.229997+00:00,2026-08-31T05:53:15.234603+00:00,2.0046,ok,0,stop,355,92,447,0.15,
mt_set5/frenetic_v/test-200,2026-08-31T05:53:15.234647+00:00,2026-08-31T05:53:16.940922+00:00,1.7062,ok,0,stop,355,78,433,0.15,
mt/set_17/frenetic/test-794,2026-08-31T05:53:16.940973+00:00,2026-08-31T05:53:18.532241+00:00,1.5912,ok,0,stop,353,72,425,0.15,
mt_set5/ambiegen/test-504,2026-08-31T05:53:18.532287+00:00,2026-08-31T05:53:20.102525+00:00,1.5702,ok,0,stop,354,72,426,0.15,
mt/set_7/frenetic/odr/test-568,2026-08-31T05:53:20.102569+00:00,2026-08-31T05:53:22.385830+00:00,2.2832,ok,0,stop,354,72,426,0.15,
mt/set_6/frenetic_v/test-429,2026-08-31T05:53:22.385872+00:00,2026-08-31T05:53:24.020780+00:00,1.6349,ok,0,stop,355,72,427,0.15,
mt/set_11/frenetic_v/test-467,2026-08-31T05:53:24.020823+00:00,2026-08-31T05:53:25.606522+00:00,1.5857,ok,0,stop,355,72,427,0.15,
mt/set_11/frenetic_v/test-207,2026-08-31T05:53:25.606563+00:00,2026-08-31T05:53:27.174953+00:00,1.5684,ok,0,stop,354,72,426,0.15,
mt/set_8/ambiegen/odr/test-589,2026-08-31T05:53:27.174995+00:00,2026-08-31T05:53:28.742770+00:00,1.5677,ok,0,stop,355,72,427,0.15,
mt/set_11/ambiegen/test-695,2026-08-31T05:53:28.742811+00:00,2026-08-31T05:53:30.359079+00:00,1.6162,ok,0,stop,353,72,425,0.15,
mt/set_10/ambiegen/test-842,2026-08-31T05:53:30.359123+00:00,2026-08-31T05:53:32.047122+00:00,1.688,ok,0,stop,354,77,431,0.15,
mt/set_13/frenetic/test-315,2026-08-31T05:53:32.047186+00:00,2026-08-31T05:53:33.618786+00:00,1.5716,ok,0,stop,353,72,425,0.15,
mt/set_10/ambiegen/test-686,2026-08-31T05:53:33.618828+00:00,2026-08-31T05:53:35.490556+00:00,1.8717,ok,0,stop,354,86,440,0.35,
mt/set_10/frenetic_v/test-317,2026-08-31T05:53:35.490600+00:00,2026-08-31T05:53:37.061465+00:00,1.5708,ok,0,stop,354,72,426,0.15,
mt/set_9/frenetic/test-445,2026-08-31T05:53:37.061510+00:00,2026-08-31T05:53:38.654656+00:00,1.5931,ok,0,stop,354,72,426,0.15,
mt/set_14/frenetic_v/test-377,2026-08-31T05:53:38.654710+00:00,2026-08-31T05:53:41.131436+00:00,2.4764,ok,0,stop,355,89,444,0.15,
mt/set_13/frenetic/test-323,2026-08-31T05:53:41.132124+00:00,2026-08-31T05:53:42.911816+00:00,1.7796,ok,0,stop,354,72,426,0.15,
mt/set_13/frenetic_v/test-914,2026-08-31T05:53:42.911888+00:00,2026-08-31T05:53:44.540138+00:00,1.6282,ok,0,stop,355,72,427,0.15,
mt/set_14/frenetic_v/test-443,2026-08-31T05:53:44.540205+00:00,2026-08-31T05:53:46.230420+00:00,1.6902,ok,0,stop,355,77,432,0.15,
mt/set_13/frenetic_v/test-442,2026-08-31T05:53:46.230476+00:00,2026-08-31T05:53:47.929734+00:00,1.6992,ok,0,stop,354,77,431,0.15,
mt/set_12/frenetic/test-283,2026-08-31T05:53:47.929773+00:00,2026-08-31T05:53:49.500624+00:00,1.5708,ok,0,stop,353,72,425,0.15,
mt/set_14/ambiegen/test-908,2026-08-31T05:53:49.500689+00:00,2026-08-31T05:53:51.145131+00:00,1.6444,ok,0,stop,355,72,427,0.15,
mt/set_8/frenetic_v/odr/test-252,2026-08-31T05:53:51.145236+00:00,2026-08-31T05:53:52.731794+00:00,1.5865,ok,0,stop,355,72,427,0.15,
mt/set_18/frenetic/test-752,2026-08-31T05:53:52.731858+00:00,2026-08-31T05:53:54.308444+00:00,1.5765,ok,0,stop,354,72,426,0.15,
mt/set_11/ambiegen/test-258,2026-08-31T05:53:54.308488+00:00,2026-08-31T05:53:55.891680+00:00,1.5831,ok,0,stop,354,72,426,0.15,
mt/set_17/frenetic_v/test-111,2026-08-31T05:53:55.891741+00:00,2026-08-31T05:53:57.461208+00:00,1.5694,ok,0,stop,355,72,427,0.15,
mt_set5/frenetic/test-193,2026-08-31T05:53:57.461250+00:00,2026-08-31T05:53:59.142927+00:00,1.6816,ok,0,stop,353,77,430,0.15,
mt/set_13/frenetic/test-325,2026-08-31T05:53:59.142969+00:00,2026-08-31T05:54:00.930024+00:00,1.787,ok,0,stop,354,77,431,0.15,
mt/set_18/ambiegen/test-607,2026-08-31T05:54:00.930064+00:00,2026-08-31T05:54:02.645260+00:00,1.7152,ok,0,stop,355,78,433,0.15,
mt/set_7/frenetic_v/odr/test-404,2026-08-31T05:54:02.645304+00:00,2026-08-31T05:54:04.224181+00:00,1.5788,ok,0,stop,354,72,426,0.15,
mt/set_16/frenetic_v/test-251,2026-08-31T05:54:04.224224+00:00,2026-08-31T05:54:06.225502+00:00,2.0012,ok,0,stop,355,92,447,0.15,
mt/set_9/frenetic_v/test-641,2026-08-31T05:54:06.225544+00:00,2026-08-31T05:54:07.930648+00:00,1.7051,ok,0,stop,355,78,433,0.15,
mt/set_6/frenetic_v/test-442,2026-08-31T05:54:07.930698+00:00,2026-08-31T05:54:09.502902+00:00,1.5722,ok,0,stop,355,72,427,0.15,
mt/set_12/frenetic_v/test-56,2026-08-31T05:54:09.502945+00:00,2026-08-31T05:54:11.077424+00:00,1.5744,ok,0,stop,354,72,426,0.15,
mt/set_17/frenetic/test-356,2026-08-31T05:54:11.077466+00:00,2026-08-31T05:54:12.651388+00:00,1.5739,ok,0,stop,354,72,426,0.15,
mt/set_12/frenetic_v/test-78,2026-08-31T05:54:12.651431+00:00,2026-08-31T05:54:14.224766+00:00,1.5733,ok,0,stop,354,72,426,0.15,
mt_set5/frenetic/test-494,2026-08-31T05:54:14.224808+00:00,2026-08-31T05:54:15.805742+00:00,1.5809,ok,0,stop,354,72,426,0.15,
mt/set_9/ambiegen/test-268,2026-08-31T05:54:15.805786+00:00,2026-08-31T05:54:18.262511+00:00,2.4567,ok,0,stop,354,77,431,0.15,
mt/set_16/frenetic/test-113,2026-08-31T05:54:18.262566+00:00,2026-08-31T05:54:20.048643+00:00,1.786,ok,0,stop,354,78,432,0.15,
mt/set_8/frenetic/odr/test-22,2026-08-31T05:54:20.048696+00:00,2026-08-31T05:54:21.620239+00:00,1.5715,ok,0,stop,353,72,425,0.15,
mt/set_7/frenetic_v/odr/test-597,2026-08-31T05:54:21.620280+00:00,2026-08-31T05:54:23.207113+00:00,1.5868,ok,0,stop,354,72,426,0.15,
mt/set_9/frenetic_v/test-663,2026-08-31T05:54:23.207158+00:00,2026-08-31T05:54:24.929230+00:00,1.722,ok,0,stop,355,78,433,0.15,
mt/set_6/frenetic_v/test-878,2026-08-31T05:54:24.929274+00:00,2026-08-31T05:54:26.608334+00:00,1.679,ok,0,stop,355,77,432,0.15,
mt/set_17/frenetic_v/test-265,2026-08-31T05:54:26.608375+00:00,2026-08-31T05:54:28.295159+00:00,1.6868,ok,0,stop,355,77,432,0.15,
mt_set5/frenetic_v/test-0,2026-08-31T05:54:28.295206+00:00,2026-08-31T05:54:29.874873+00:00,1.5796,ok,0,stop,354,72,426,0.15,
mt/set_13/frenetic/test-381,2026-08-31T05:54:29.874915+00:00,2026-08-31T05:54:31.470593+00:00,1.5956,ok,0,stop,354,72,426,0.15,
mt_set6/frenetic/test-637,2026-08-31T05:54:31.470637+00:00,2026-08-31T05:54:33.180512+00:00,1.7098,ok,0,stop,354,77,431,0.25,
mt/set_13/frenetic_v/test-422,2026-08-31T05:54:33.180554+00:00,2026-08-31T05:54:34.862551+00:00,1.682,ok,0,stop,355,77,432,0.15,
mt/set_12/frenetic_v/test-695,2026-08-31T05:54:34.862594+00:00,2026-08-31T05:54:36.977210+00:00,2.1146,ok,0,stop,355,72,427,0.15,
mt/set_6/frenetic_v/test-375,2026-08-31T05:54:36.977255+00:00,2026-08-31T05:54:38.616751+00:00,1.6394,ok,0,stop,355,72,427,0.15,
mt/set_8/ambiegen/odr/test-595,2026-08-31T05:54:38.616845+00:00,2026-08-31T05:54:40.421430+00:00,1.8046,ok,0,stop,354,81,435,0.35,
mt/set_18/frenetic_v/test-233,2026-08-31T05:54:40.421478+00:00,2026-08-31T05:54:41.997426+00:00,1.5759,ok,0,stop,354,72,426,0.15,
mt/set_10/frenetic/test-347,2026-08-31T05:54:41.997474+00:00,2026-08-31T05:54:43.779487+00:00,1.782,ok,0,stop,354,81,435,0.15,
mt_set5/frenetic/test-702,2026-08-31T05:54:43.779533+00:00,2026-08-31T05:54:45.480115+00:00,1.7005,ok,0,stop,353,77,430,0.15,
mt/set_14/frenetic/test-507,2026-08-31T05:54:45.480158+00:00,2026-08-31T05:54:47.107408+00:00,1.6272,ok,0,stop,354,72,426,0.15,
mt/set_8/frenetic/odr/test-503,2026-08-31T05:54:47.107512+00:00,2026-08-31T05:54:48.846092+00:00,1.7385,ok,0,stop,354,78,432,0.15,
mt/set_12/frenetic/test-334,2026-08-31T05:54:48.846151+00:00,2026-08-31T05:54:50.522285+00:00,1.6761,ok,0,stop,353,77,430,0.15,
mt/set_13/ambiegen/test-151,2026-08-31T05:54:50.522343+00:00,2026-08-31T05:54:52.196061+00:00,1.6737,ok,0,stop,354,77,431,0.15,
mt/set_16/frenetic_v/test-298,2026-08-31T05:54:52.196094+00:00,2026-08-31T05:54:53.893389+00:00,1.6973,ok,0,stop,354,78,432,0.15,
mt/set_10/ambiegen/test-969,2026-08-31T05:54:53.893431+00:00,2026-08-31T05:54:55.663694+00:00,1.7702,ok,0,stop,354,77,431,0.15,
mt/set_11/ambiegen/test-311,2026-08-31T05:54:55.663734+00:00,2026-08-31T05:54:57.455913+00:00,1.7921,ok,0,stop,354,82,436,0.35,
mt/set_7/frenetic_v/odr/test-842,2026-08-31T05:54:57.456009+00:00,2026-08-31T05:54:59.129868+00:00,1.6738,ok,0,stop,354,77,431,0.15,
mt_set5/frenetic/test-380,2026-08-31T05:54:59.129907+00:00,2026-08-31T05:55:00.709530+00:00,1.5796,ok,0,stop,353,72,425,0.15,
mt/set_7/ambiegen/odr/test-511,2026-08-31T05:55:00.709582+00:00,2026-08-31T05:55:02.404464+00:00,1.6948,ok,0,stop,354,78,432,0.15,
mt/set_7/frenetic_v/odr/test-722,2026-08-31T05:55:02.404516+00:00,2026-08-31T05:55:04.102341+00:00,1.6978,ok,0,stop,355,78,433,0.15,
mt/set_7/frenetic_v/odr/test-871,2026-08-31T05:55:04.102402+00:00,2026-08-31T05:55:05.671206+00:00,1.5688,ok,0,stop,355,72,427,0.15,
mt_set5/ambiegen/test-614,2026-08-31T05:55:05.671272+00:00,2026-08-31T05:55:07.412011+00:00,1.7407,ok,0,stop,355,80,435,0.15,
mt/set_10/ambiegen/test-170,2026-08-31T05:55:07.412055+00:00,2026-08-31T05:55:08.983637+00:00,1.5716,ok,0,stop,354,72,426,0.15,
mt/set_16/ambiegen/test-268,2026-08-31T05:55:08.983679+00:00,2026-08-31T05:55:10.558009+00:00,1.5743,ok,0,stop,354,72,426,0.15,
mt/set_11/frenetic/test-161,2026-08-31T05:55:10.558052+00:00,2026-08-31T05:55:12.751116+00:00,2.193,ok,0,stop,353,72,425,0.15,
mt/set_14/frenetic_v/test-878,2026-08-31T05:55:12.751160+00:00,2026-08-31T05:55:14.383520+00:00,1.6323,ok,0,stop,354,72,426,0.15,
mt/set_9/ambiegen/test-485,2026-08-31T05:55:14.383563+00:00,2026-08-31T05:55:15.956246+00:00,1.5727,ok,0,stop,354,72,426,0.15,
mt/set_9/ambiegen/test-637,2026-08-31T05:55:15.956287+00:00,2026-08-31T05:55:17.784244+00:00,1.8279,ok,0,stop,355,84,439,0.25,
mt/set_14/frenetic_v/test-676,2026-08-31T05:55:17.784286+00:00,2026-08-31T05:55:19.378893+00:00,1.5946,ok,0,stop,355,72,427,0.15,
mt/set_16/frenetic_v/test-258,2026-08-31T05:55:19.378941+00:00,2026-08-31T05:55:20.959585+00:00,1.5806,ok,0,stop,354,72,426,0.15,
mt/set_17/frenetic/test-347,2026-08-31T05:55:20.959629+00:00,2026-08-31T05:55:22.532949+00:00,1.5733,ok,0,stop,353,72,425,0.15,
mt/set_12/ambiegen/test-833,2026-08-31T05:55:22.532990+00:00,2026-08-31T05:55:24.211904+00:00,1.6789,ok,0,stop,354,77,431,0.15,
mt/set_12/frenetic_v/test-203,2026-08-31T05:55:24.211948+00:00,2026-08-31T05:55:25.784864+00:00,1.5729,ok,0,stop,355,72,427,0.15,
mt/set_10/frenetic/test-30,2026-08-31T05:55:25.784905+00:00,2026-08-31T05:55:27.490138+00:00,1.7052,ok,0,stop,354,78,432,0.15,
mt/set_7/frenetic/odr/test-622,2026-08-31T05:55:27.490179+00:00,2026-08-31T05:55:29.069786+00:00,1.5796,ok,0,stop,353,72,425,0.15,
mt/set_12/frenetic/test-44,2026-08-31T05:55:29.069825+00:00,2026-08-31T05:55:31.479374+00:00,2.4095,ok,0,stop,353,77,430,0.15,
mt/set_7/ambiegen/odr/test-372,2026-08-31T05:55:31.479418+00:00,2026-08-31T05:55:33.217851+00:00,1.7384,ok,0,stop,354,76,430,0.45,
mt/set_16/frenetic_v/test-768,2026-08-31T05:55:33.217891+00:00,2026-08-31T05:55:34.792334+00:00,1.5744,ok,0,stop,354,72,426,0.15,
mt/set_18/ambiegen/test-241,2026-08-31T05:55:34.792376+00:00,2026-08-31T05:55:36.368934+00:00,1.5765,ok,0,stop,354,72,426,0.15,
mt/set_12/frenetic_v/test-636,2026-08-31T05:55:36.368978+00:00,2026-08-31T05:55:37.949519+00:00,1.5805,ok,0,stop,355,72,427,0.15,
mt/set_6/frenetic_v/test-355,2026-08-31T05:55:37.949562+00:00,2026-08-31T05:55:39.529242+00:00,1.5796,ok,0,stop,355,72,427,0.15,
mt/set_11/frenetic_v/test-94,2026-08-31T05:55:39.529302+00:00,2026-08-31T05:55:41.175085+00:00,1.6457,ok,0,stop,355,72,427,0.15,
mt/set_11/ambiegen/test-804,2026-08-31T05:55:41.175127+00:00,2026-08-31T05:55:42.755451+00:00,1.5803,ok,0,stop,354,72,426,0.25,
mt/set_8/frenetic_v/odr/test-452,2026-08-31T05:55:42.755496+00:00,2026-08-31T05:55:44.462945+00:00,1.7074,ok,0,stop,355,78,433,0.15,
mt/set_18/ambiegen/test-382,2026-08-31T05:55:44.462987+00:00,2026-08-31T05:55:46.144877+00:00,1.6819,ok,0,stop,354,77,431,0.15,
mt/set_8/frenetic/odr/test-474,2026-08-31T05:55:46.144919+00:00,2026-08-31T05:55:48.265460+00:00,2.1205,ok,0,stop,354,92,446,0.15,
mt_set5/frenetic_v/test-784,2026-08-31T05:55:48.265501+00:00,2026-08-31T05:55:49.858608+00:00,1.5931,ok,0,stop,355,72,427,0.15,
mt/set_8/frenetic_v/odr/test-814,2026-08-31T05:55:49.858650+00:00,2026-08-31T05:55:51.537471+00:00,1.6788,ok,0,stop,355,77,432,0.15,
mt/set_10/ambiegen/test-458,2026-08-31T05:55:51.537513+00:00,2026-08-31T05:55:53.109502+00:00,1.572,ok,0,stop,354,72,426,0.15,
mt/set_17/ambiegen/test-847,2026-08-31T05:55:53.109544+00:00,2026-08-31T05:55:54.797221+00:00,1.6876,ok,0,stop,354,77,431,0.15,
mt/set_7/frenetic/odr/test-132,2026-08-31T05:55:54.797270+00:00,2026-08-31T05:55:56.800546+00:00,2.0032,ok,0,stop,354,92,446,0.15,
mt_set5/frenetic_v/test-330,2026-08-31T05:55:56.800608+00:00,2026-08-31T05:55:58.377364+00:00,1.5767,ok,0,stop,354,72,426,0.15,
mt/set_10/frenetic/test-557,2026-08-31T05:55:58.377409+00:00,2026-08-31T05:56:00.088943+00:00,1.7115,ok,0,stop,354,78,432,0.15,
mt/set_9/frenetic_v/test-151,2026-08-31T05:56:00.088987+00:00,2026-08-31T05:56:01.675583+00:00,1.5866,ok,0,stop,354,72,426,0.15,
mt/set_16/frenetic/test-643,2026-08-31T05:56:01.675649+00:00,2026-08-31T05:56:03.255295+00:00,1.5796,ok,0,stop,353,72,425,0.15,
mt/set_11/ambiegen/test-385,2026-08-31T05:56:03.255339+00:00,2026-08-31T05:56:04.985847+00:00,1.7304,ok,0,stop,355,78,433,0.15,
mt/set_12/ambiegen/test-409,2026-08-31T05:56:04.985993+00:00,2026-08-31T05:56:07.188986+00:00,2.2029,ok,0,stop,354,77,431,0.15,
mt_set5/ambiegen/test-114,2026-08-31T05:56:07.189048+00:00,2026-08-31T05:56:08.843172+00:00,1.6541,ok,0,stop,354,72,426,0.25,
mt/set_7/ambiegen/odr/test-623,2026-08-31T05:56:08.843217+00:00,2026-08-31T05:56:10.419097+00:00,1.5758,ok,0,stop,354,72,426,0.15,
mt/set_9/frenetic_v/test-768,2026-08-31T05:56:10.419141+00:00,2026-08-31T05:56:11.992319+00:00,1.5731,ok,0,stop,355,72,427,0.15,
mt/set_13/frenetic_v/test-726,2026-08-31T05:56:11.992362+00:00,2026-08-31T05:56:13.565495+00:00,1.5731,ok,0,stop,355,72,427,0.15,
mt/set_11/frenetic_v/test-277,2026-08-31T05:56:13.565536+00:00,2026-08-31T05:56:15.253299+00:00,1.6877,ok,0,stop,355,77,432,0.15,
mt/set_10/frenetic_v/test-469,2026-08-31T05:56:15.253344+00:00,2026-08-31T05:56:16.828265+00:00,1.5749,ok,0,stop,355,72,427,0.15,
mt/set_6/frenetic_v/test-886,2026-08-31T05:56:16.828307+00:00,2026-08-31T05:56:18.405670+00:00,1.5773,ok,0,stop,354,72,426,0.15,
mt_set5/frenetic/test-25,2026-08-31T05:56:18.405713+00:00,2026-08-31T05:56:19.982189+00:00,1.5764,ok,0,stop,353,72,425,0.15,
mt/set_7/frenetic_v/odr/test-910,2026-08-31T05:56:19.982234+00:00,2026-08-31T05:56:21.562574+00:00,1.5803,ok,0,stop,354,72,426,0.15,
mt_set5/frenetic_v/test-197,2026-08-31T05:56:21.562639+00:00,2026-08-31T05:56:23.249826+00:00,1.6872,ok,0,stop,355,77,432,0.15,
mt/set_10/ambiegen/test-824,2026-08-31T05:56:23.249867+00:00,2026-08-31T05:56:25.081222+00:00,1.8311,ok,0,stop,354,72,426,0.15,
mt/set_18/frenetic/test-604,2026-08-31T05:56:25.081528+00:00,2026-08-31T05:56:27.061857+00:00,1.9803,ok,0,stop,354,72,426,0.15,
mt/set_9/frenetic/test-843,2026-08-31T05:56:27.061934+00:00,2026-08-31T05:56:28.823923+00:00,1.7619,ok,0,stop,353,77,430,0.15,
mt_set5/ambiegen/test-608,2026-08-31T05:56:28.823972+00:00,2026-08-31T05:56:30.403114+00:00,1.5791,ok,0,stop,354,72,426,0.15,
mt/set_9/frenetic/test-203,2026-08-31T05:56:30.403160+00:00,2026-08-31T05:56:31.978452+00:00,1.5753,ok,0,stop,354,72,426,0.15,
mt/set_13/frenetic/test-265,2026-08-31T05:56:31.978493+00:00,2026-08-31T05:56:33.550646+00:00,1.5721,ok,0,stop,353,72,425,0.15,
mt/set_18/frenetic/test-293,2026-08-31T05:56:33.550687+00:00,2026-08-31T05:56:35.299199+00:00,1.7485,ok,0,stop,354,77,431,0.15,
mt/set_17/ambiegen/test-248,2026-08-31T05:56:35.299268+00:00,2026-08-31T05:56:36.978947+00:00,1.6796,ok,0,stop,353,77,430,0.15,
mt/set_9/frenetic/test-0,2026-08-31T05:56:36.978988+00:00,2026-08-31T05:56:38.551621+00:00,1.5726,ok,0,stop,354,72,426,0.15,
mt/set_10/ambiegen/test-961,2026-08-31T05:56:38.551662+00:00,2026-08-31T05:56:40.252760+00:00,1.7011,ok,0,stop,355,78,433,0.15,
mt/set_14/frenetic_v/test-37,2026-08-31T05:56:40.252802+00:00,2026-08-31T05:56:41.823873+00:00,1.571,ok,0,stop,354,72,426,0.15,
mt/set_2/ambiegen/odr/test-544,2026-08-31T05:56:41.823917+00:00,2026-08-31T05:56:43.483859+00:00,1.6599,ok,0,stop,354,72,426,0.15,
mt/set_9/frenetic_v/test-13,2026-08-31T05:56:43.483900+00:00,2026-08-31T05:56:45.510251+00:00,2.0263,ok,0,stop,355,92,447,0.15,
mt/set_12/frenetic_v/test-466,2026-08-31T05:56:45.510295+00:00,2026-08-31T05:56:47.083894+00:00,1.5736,ok,0,stop,355,72,427,0.15,
mt/set_18/frenetic/test-560,2026-08-31T05:56:47.083937+00:00,2026-08-31T05:56:48.766671+00:00,1.6827,ok,0,stop,353,77,430,0.15,
mt/set_11/ambiegen/test-681,2026-08-31T05:56:48.766723+00:00,2026-08-31T05:56:50.316752+00:00,1.55,ok,0,stop,354,68,422,0.35,
mt/set_14/ambiegen/test-774,2026-08-31T05:56:50.316809+00:00,2026-08-31T05:56:52.020134+00:00,1.7033,ok,0,stop,355,78,433,0.15,
mt/set_12/ambiegen/test-926,2026-08-31T05:56:52.020183+00:00,2026-08-31T05:56:53.602356+00:00,1.5821,ok,0,stop,354,72,426,0.15,
mt/set_9/frenetic_v/test-867,2026-08-31T05:56:53.602399+00:00,2026-08-31T05:56:55.310423+00:00,1.708,ok,0,stop,355,78,433,0.15,
mt/set_13/frenetic_v/test-497,2026-08-31T05:56:55.310471+00:00,2026-08-31T05:56:57.021857+00:00,1.7114,ok,0,stop,355,78,433,0.15,
mt/set_8/ambiegen/odr/test-855,2026-08-31T05:56:57.021900+00:00,2026-08-31T05:56:58.705704+00:00,1.6838,ok,0,stop,353,77,430,0.15,
mt/set_7/frenetic_v/odr/test-812,2026-08-31T05:56:58.705747+00:00,2026-08-31T05:57:00.287797+00:00,1.582,ok,0,stop,354,72,426,0.15,
mt/set_13/frenetic_v/test-555,2026-08-31T05:57:00.287840+00:00,2026-08-31T05:57:02.525868+00:00,2.238,ok,0,stop,355,78,433,0.15,
mt/set_9/ambiegen/test-155,2026-08-31T05:57:02.525911+00:00,2026-08-31T05:57:04.301287+00:00,1.7753,ok,0,stop,354,77,431,0.15,
mt/set_14/frenetic_v/test-803,2026-08-31T05:57:04.301330+00:00,2026-08-31T05:57:05.873640+00:00,1.5723,ok,0,stop,355,72,427,0.15,
mt/set_8/ambiegen/odr/test-69,2026-08-31T05:57:05.873683+00:00,2026-08-31T05:57:07.446736+00:00,1.573,ok,0,stop,354,72,426,0.15,
mt/set_9/frenetic_v/test-669,2026-08-31T05:57:07.446798+00:00,2026-08-31T05:57:09.020022+00:00,1.5732,ok,0,stop,355,72,427,0.15,
mt/set_14/frenetic_v/test-881,2026-08-31T05:57:09.020062+00:00,2026-08-31T05:57:10.710038+00:00,1.6899,ok,0,stop,355,77,432,0.15,
mt/set_17/ambiegen/test-162,2026-08-31T05:57:10.710079+00:00,2026-08-31T05:57:12.389836+00:00,1.6797,ok,0,stop,355,77,432,0.15,
mt/set_12/ambiegen/test-870,2026-08-31T05:57:12.389878+00:00,2026-08-31T05:57:13.960931+00:00,1.571,ok,0,stop,355,72,427,0.15,
mt_set5/frenetic_v/test-514,2026-08-31T05:57:13.960972+00:00,2026-08-31T05:57:15.533482+00:00,1.5725,ok,0,stop,355,72,427,0.15,
mt/set_13/frenetic_v/test-644,2026-08-31T05:57:15.533525+00:00,2026-08-31T05:57:17.107147+00:00,1.5736,ok,0,stop,355,72,427,0.15,
mt/set_14/ambiegen/test-905,2026-08-31T05:57:17.107190+00:00,2026-08-31T05:57:18.870755+00:00,1.7635,ok,0,stop,355,81,436,0.35,
mt/set_14/frenetic/test-153,2026-08-31T05:57:18.870796+00:00,2026-08-31T05:57:20.846916+00:00,1.976,ok,0,stop,353,72,425,0.15,
mt/set_9/frenetic_v/test-150,2026-08-31T05:57:20.847103+00:00,2026-08-31T05:57:22.686532+00:00,1.8394,ok,0,stop,355,72,427,0.15,
mt/set_10/ambiegen/test-97,2026-08-31T05:57:22.686605+00:00,2026-08-31T05:57:24.332355+00:00,1.6457,ok,0,stop,354,72,426,0.15,
mt/set_14/ambiegen/test-763,2026-08-31T05:57:24.332401+00:00,2026-08-31T05:57:25.820082+00:00,1.4876,ok,0,stop,354,68,422,0.35,
mt/set_17/frenetic/test-633,2026-08-31T05:57:25.820144+00:00,2026-08-31T05:57:27.392381+00:00,1.5722,ok,0,stop,354,72,426,0.15,
mt/set_17/frenetic/test-168,2026-08-31T05:57:27.392425+00:00,2026-08-31T05:57:29.069473+00:00,1.677,ok,0,stop,354,77,431,0.15,
mt/set_9/frenetic_v/test-653,2026-08-31T05:57:29.069517+00:00,2026-08-31T05:57:30.702667+00:00,1.6331,ok,0,stop,355,72,427,0.15,
mt_set6/frenetic/test-51,2026-08-31T05:57:30.702827+00:00,2026-08-31T05:57:32.296502+00:00,1.5936,ok,0,stop,353,72,425,0.15,
mt/set_8/ambiegen/odr/test-92,2026-08-31T05:57:32.296560+00:00,2026-08-31T05:57:33.981768+00:00,1.6852,ok,0,stop,355,77,432,0.15,
mt/set_9/ambiegen/test-457,2026-08-31T05:57:33.981824+00:00,2026-08-31T05:57:35.662909+00:00,1.6811,ok,0,stop,354,77,431,0.15,
mt/set_10/frenetic_v/test-684,2026-08-31T05:57:35.662949+00:00,2026-08-31T05:57:37.236567+00:00,1.5736,ok,0,stop,355,72,427,0.15,
mt/set_13/ambiegen/test-202,2026-08-31T05:57:37.236610+00:00,2026-08-31T05:57:39.012462+00:00,1.7758,ok,0,stop,354,77,431,0.15,
mt/set_16/ambiegen/test-946,2026-08-31T05:57:39.012511+00:00,2026-08-31T05:57:40.803225+00:00,1.7907,ok,0,stop,355,81,436,0.35,
mt/set_14/frenetic_v/test-347,2026-08-31T05:57:40.803268+00:00,2026-08-31T05:57:42.482309+00:00,1.679,ok,0,stop,354,77,431,0.15,
mt/set_2/ambiegen/odr/test-679,2026-08-31T05:57:42.482353+00:00,2026-08-31T05:57:44.055849+00:00,1.5735,ok,0,stop,355,72,427,0.15,
mt/set_6/frenetic_v/test-62,2026-08-31T05:57:44.055890+00:00,2026-08-31T05:57:45.637942+00:00,1.582,ok,0,stop,355,72,427,0.15,
mt_set6/frenetic/test-10,2026-08-31T05:57:45.638012+00:00,2026-08-31T05:57:47.316367+00:00,1.6783,ok,0,stop,354,77,431,0.15,
mt/set_11/ambiegen/test-502,2026-08-31T05:57:47.316418+00:00,2026-08-31T05:57:48.887234+00:00,1.5708,ok,0,stop,354,72,426,0.15,
mt/set_6/frenetic_v/test-764,2026-08-31T05:57:48.887279+00:00,2026-08-31T05:57:50.565323+00:00,1.678,ok,0,stop,354,77,431,0.15,
mt_set5/frenetic/test-801,2026-08-31T05:57:50.565368+00:00,2026-08-31T05:57:52.268007+00:00,1.7026,ok,0,stop,354,78,432,0.15,
mt/set_7/frenetic_v/odr/test-167,2026-08-31T05:57:52.268056+00:00,2026-08-31T05:57:53.847311+00:00,1.5792,ok,0,stop,354,72,426,0.15,
mt/set_16/frenetic/test-511,2026-08-31T05:57:53.847356+00:00,2026-08-31T05:57:55.529561+00:00,1.6822,ok,0,stop,353,77,430,0.15,
mt/set_13/frenetic/test-933,2026-08-31T05:57:55.529607+00:00,2026-08-31T05:57:57.160381+00:00,1.6307,ok,0,stop,353,72,425,0.15,
mt/set_14/ambiegen/test-803,2026-08-31T05:57:57.160523+00:00,2026-08-31T05:57:59.259538+00:00,2.099,ok,0,stop,354,77,431,0.15,
mt/set_14/frenetic_v/test-147,2026-08-31T05:57:59.259578+00:00,2026-08-31T05:58:00.747832+00:00,1.4882,ok,0,stop,355,68,423,0.15,
mt_set5/ambiegen/test-222,2026-08-31T05:58:00.747873+00:00,2026-08-31T05:58:02.318757+00:00,1.5709,ok,0,stop,354,72,426,0.15,
mt_set6/frenetic/test-786,2026-08-31T05:58:02.318799+00:00,2026-08-31T05:58:04.004797+00:00,1.686,ok,0,stop,353,77,430,0.25,
mt/set_9/ambiegen/test-82,2026-08-31T05:58:04.004844+00:00,2026-08-31T05:58:05.592592+00:00,1.5877,ok,0,stop,354,72,426,0.25,
mt/set_13/frenetic_v/test-89,2026-08-31T05:58:05.592637+00:00,2026-08-31T05:58:07.172341+00:00,1.5797,ok,0,stop,355,72,427,0.15,
mt/set_9/ambiegen/test-6,2026-08-31T05:58:07.172389+00:00,2026-08-31T05:58:08.750037+00:00,1.5776,ok,0,stop,354,72,426,0.15,
mt/set_17/frenetic/test-560,2026-08-31T05:58:08.750084+00:00,2026-08-31T05:58:10.327095+00:00,1.577,ok,0,stop,354,72,426,0.15,
mt/set_14/ambiegen/test-441,2026-08-31T05:58:10.327142+00:00,2026-08-31T05:58:11.905700+00:00,1.5785,ok,0,stop,354,72,426,0.15,
mt/set_10/frenetic_v/test-610,2026-08-31T05:58:11.905742+00:00,2026-08-31T05:58:13.604865+00:00,1.6991,ok,0,stop,355,78,433,0.15,
mt/set_14/frenetic/test-748,2026-08-31T05:58:13.604914+00:00,2026-08-31T05:58:15.175370+00:00,1.5704,ok,0,stop,354,72,426,0.15,
mt_set6/frenetic/test-218,2026-08-31T05:58:15.175420+00:00,2026-08-31T05:58:17.471951+00:00,2.2965,ok,0,stop,353,72,425,0.15,
mt/set_14/frenetic_v/test-848,2026-08-31T05:58:17.471992+00:00,2026-08-31T05:58:19.097731+00:00,1.6257,ok,0,stop,355,72,427,0.15,
mt/set_18/frenetic/test-5,2026-08-31T05:58:19.097809+00:00,2026-08-31T05:58:20.816279+00:00,1.7184,ok,0,stop,353,77,430,0.15,
mt/set_18/ambiegen/test-538,2026-08-31T05:58:20.816322+00:00,2026-08-31T05:58:22.388732+00:00,1.5724,ok,0,stop,354,72,426,0.15,
mt/set_14/frenetic_v/test-748,2026-08-31T05:58:22.388773+00:00,2026-08-31T05:58:23.959438+00:00,1.5706,ok,0,stop,354,72,426,0.15,
mt/set_13/ambiegen/test-921,2026-08-31T05:58:23.959481+00:00,2026-08-31T05:58:25.532502+00:00,1.573,ok,0,stop,355,72,427,0.15,
mt_set5/ambiegen/test-511,2026-08-31T05:58:25.532544+00:00,2026-08-31T05:58:27.170417+00:00,1.6378,ok,0,stop,354,72,426,0.15,
mt/set_11/frenetic/test-15,2026-08-31T05:58:27.170458+00:00,2026-08-31T05:58:28.740745+00:00,1.5703,ok,0,stop,353,72,425,0.15,
mt_set5/frenetic/test-313,2026-08-31T05:58:28.740791+00:00,2026-08-31T05:58:30.414217+00:00,1.6734,ok,0,stop,353,77,430,0.15,
mt/set_12/frenetic_v/test-213,2026-08-31T05:58:30.414261+00:00,2026-08-31T05:58:32.085499+00:00,1.6712,ok,0,stop,354,77,431,0.15,
mt/set_6/frenetic_v/test-464,2026-08-31T05:58:32.085541+00:00,2026-08-31T05:58:33.654104+00:00,1.5685,ok,0,stop,354,72,426,0.15,
mt/set_8/ambiegen/odr/test-288,2026-08-31T05:58:33.654149+00:00,2026-08-31T05:58:35.310421+00:00,1.6562,ok,0,stop,354,72,426,0.15,
mt/set_17/frenetic_v/test-503,2026-08-31T05:58:35.310478+00:00,2026-08-31T05:58:37.354315+00:00,2.0438,ok,0,stop,355,92,447,0.15,
mt/set_10/frenetic/test-469,2026-08-31T05:58:37.354358+00:00,2026-08-31T05:58:38.934825+00:00,1.5804,ok,0,stop,353,72,425,0.15,
mt/set_9/frenetic_v/test-848,2026-08-31T05:58:38.934865+00:00,2026-08-31T05:58:40.638405+00:00,1.7035,ok,0,stop,355,78,433,0.15,
mt/set_18/ambiegen/test-857,2026-08-31T05:58:40.638448+00:00,2026-08-31T05:58:42.333992+00:00,1.6955,ok,0,stop,354,77,431,0.15,
mt/set_18/frenetic/test-517,2026-08-31T05:58:42.334035+00:00,2026-08-31T05:58:43.911967+00:00,1.5779,ok,0,stop,353,72,425,0.15,
mt/set_14/frenetic_v/test-556,2026-08-31T05:58:43.912007+00:00,2026-08-31T05:58:45.488988+00:00,1.5769,ok,0,stop,355,72,427,0.15,
mt/set_8/frenetic/odr/test-378,2026-08-31T05:58:45.489053+00:00,2026-08-31T05:58:47.166220+00:00,1.6771,ok,0,stop,353,77,430,0.15,
mt/set_9/ambiegen/test-684,2026-08-31T05:58:47.166284+00:00,2026-08-31T05:58:48.742951+00:00,1.5766,ok,0,stop,354,72,426,0.15,
mt/set_11/frenetic_v/test-271,2026-08-31T05:58:48.743014+00:00,2026-08-31T05:58:50.795721+00:00,2.0527,ok,0,stop,355,92,447,0.15,
mt/set_18/ambiegen/test-420,2026-08-31T05:58:50.795762+00:00,2026-08-31T05:58:52.502675+00:00,1.7068,ok,0,stop,353,77,430,0.15,
mt/set_13/ambiegen/test-304,2026-08-31T05:58:52.502811+00:00,2026-08-31T05:58:54.632775+00:00,2.1299,ok,0,stop,355,72,427,0.15,
mt/set_6/frenetic_v/test-322,2026-08-31T05:58:54.632855+00:00,2026-08-31T05:58:56.290018+00:00,1.6571,ok,0,stop,355,72,427,0.15,
mt/set_9/ambiegen/test-433,2026-08-31T05:58:56.290062+00:00,2026-08-31T05:58:57.999196+00:00,1.7091,ok,0,stop,354,77,431,0.15,
mt/set_8/frenetic/odr/test-508,2026-08-31T05:58:57.999239+00:00,2026-08-31T05:58:59.694467+00:00,1.6952,ok,0,stop,353,77,430,0.15,
mt/set_17/frenetic/test-790,2026-08-31T05:58:59.694511+00:00,2026-08-31T05:59:01.400194+00:00,1.7056,ok,0,stop,354,77,431,0.15,
mt/set_9/ambiegen/test-240,2026-08-31T05:59:01.400238+00:00,2026-08-31T05:59:03.073014+00:00,1.6727,ok,0,stop,354,77,431,0.15,
mt/set_18/frenetic/test-231,2026-08-31T05:59:03.073054+00:00,2026-08-31T05:59:04.767145+00:00,1.6941,ok,0,stop,354,78,432,0.15,
mt/set_9/ambiegen/test-391,2026-08-31T05:59:04.767186+00:00,2026-08-31T05:59:06.655998+00:00,1.8888,ok,0,stop,354,87,441,0.25,
mt/set_12/ambiegen/test-478,2026-08-31T05:59:06.656041+00:00,2026-08-31T05:59:08.420544+00:00,1.7645,ok,0,stop,354,81,435,0.35,
mt/set_9/frenetic_v/test-325,2026-08-31T05:59:08.420586+00:00,2026-08-31T05:59:09.995164+00:00,1.5745,ok,0,stop,354,72,426,0.15,
mt/set_11/frenetic/test-455,2026-08-31T05:59:09.995227+00:00,2026-08-31T05:59:11.724104+00:00,1.7288,ok,0,stop,353,77,430,0.15,
mt/set_11/frenetic_v/test-794,2026-08-31T05:59:11.724318+00:00,2026-08-31T05:59:13.923614+00:00,2.1992,ok,0,stop,355,72,427,0.15,
mt/set_6/frenetic_v/test-126,2026-08-31T05:59:13.923786+00:00,2026-08-31T05:59:15.579125+00:00,1.6553,ok,0,stop,354,72,426,0.15,
mt/set_10/frenetic/test-569,2026-08-31T05:59:15.579172+00:00,2026-08-31T05:59:17.151221+00:00,1.572,ok,0,stop,353,72,425,0.15,
mt/set_8/frenetic_v/odr/test-823,2026-08-31T05:59:17.151269+00:00,2026-08-31T05:59:18.837299+00:00,1.686,ok,0,stop,355,77,432,0.15,
mt/set_18/ambiegen/test-881,2026-08-31T05:59:18.837364+00:00,2026-08-31T05:59:20.515829+00:00,1.6784,ok,0,stop,354,77,431,0.15,
mt/set_6/frenetic_v/test-513,2026-08-31T05:59:20.515875+00:00,2026-08-31T05:59:22.582984+00:00,2.0671,ok,0,stop,355,92,447,0.15,
mt/set_13/frenetic_v/test-396,2026-08-31T05:59:22.583026+00:00,2026-08-31T05:59:24.153620+00:00,1.5706,ok,0,stop,354,72,426,0.15,
mt/set_11/ambiegen/test-659,2026-08-31T05:59:24.153663+00:00,2026-08-31T05:59:25.730041+00:00,1.5763,ok,0,stop,354,72,426,0.15,
mt/set_12/frenetic/test-621,2026-08-31T05:59:25.730087+00:00,2026-08-31T05:59:27.301111+00:00,1.571,ok,0,stop,353,72,425,0.15,
mt/set_11/frenetic_v/test-133,2026-08-31T05:59:27.301174+00:00,2026-08-31T05:59:28.874506+00:00,1.5733,ok,0,stop,354,72,426,0.15,
mt/set_12/frenetic_v/test-17,2026-08-31T05:59:28.874548+00:00,2026-08-31T05:59:30.535523+00:00,1.6609,ok,0,stop,355,72,427,0.15,
mt_set5/ambiegen/test-401,2026-08-31T05:59:30.535573+00:00,2026-08-31T05:59:32.142435+00:00,1.6068,ok,0,stop,354,72,426,0.15,
mt/set_16/frenetic/test-410,2026-08-31T05:59:32.142477+00:00,2026-08-31T05:59:33.727689+00:00,1.5852,ok,0,stop,353,72,425,0.15,
mt/set_7/ambiegen/odr/test-8,2026-08-31T05:59:33.727736+00:00,2026-08-31T05:59:35.799898+00:00,2.0721,ok,0,stop,354,95,449,0.25,
mt/set_18/frenetic/test-520,2026-08-31T05:59:35.799939+00:00,2026-08-31T05:59:37.392641+00:00,1.5927,ok,0,stop,353,72,425,0.15,
mt/set_16/frenetic/test-910,2026-08-31T05:59:37.392705+00:00,2026-08-31T05:59:39.097012+00:00,1.7043,ok,0,stop,354,78,432,0.15,
mt/set_13/ambiegen/test-464,2026-08-31T05:59:39.097058+00:00,2026-08-31T05:59:40.799796+00:00,1.7027,ok,0,stop,354,78,432,0.35,
mt/set_12/frenetic/test-270,2026-08-31T05:59:40.799841+00:00,2026-08-31T05:59:42.373678+00:00,1.5738,ok,0,stop,354,72,426,0.15,
mt/set_7/frenetic_v/odr/test-447,2026-08-31T05:59:42.373724+00:00,2026-08-31T05:59:43.946887+00:00,1.5731,ok,0,stop,355,72,427,0.15,
mt/set_11/ambiegen/test-374,2026-08-31T05:59:43.946930+00:00,2026-08-31T05:59:45.523131+00:00,1.5762,ok,0,stop,354,72,426,0.15,
mt_set5/frenetic/test-152,2026-08-31T05:59:45.523177+00:00,2026-08-31T05:59:47.094441+00:00,1.5712,ok,0,stop,354,72,426,0.15,
mt_set5/frenetic/test-166,2026-08-31T05:59:47.094482+00:00,2026-08-31T05:59:49.648876+00:00,2.5544,ok,0,stop,354,92,446,0.25,
mt/set_13/frenetic_v/test-9,2026-08-31T05:59:49.648917+00:00,2026-08-31T05:59:51.399839+00:00,1.7509,ok,0,stop,354,77,431,0.15,
mt/set_12/ambiegen/test-832,2026-08-31T05:59:51.399902+00:00,2026-08-31T05:59:52.972822+00:00,1.5729,ok,0,stop,353,72,425,0.15,
mt/set_7/frenetic/odr/test-71,2026-08-31T05:59:52.972864+00:00,2026-08-31T05:59:54.546828+00:00,1.5739,ok,0,stop,354,72,426,0.15,
mt_set6/frenetic/test-397,2026-08-31T05:59:54.546872+00:00,2026-08-31T05:59:56.136754+00:00,1.5898,ok,0,stop,353,72,425,0.15,
mt_set5/ambiegen/test-563,2026-08-31T05:59:56.136798+00:00,2026-08-31T05:59:57.843057+00:00,1.7062,ok,0,stop,354,78,432,0.65,
mt/set_16/frenetic/test-481,2026-08-31T05:59:57.843102+00:00,2026-08-31T05:59:59.414332+00:00,1.5712,ok,0,stop,353,72,425,0.15,
mt/set_6/frenetic_v/test-445,2026-08-31T05:59:59.414375+00:00,2026-08-31T06:00:00.986495+00:00,1.5721,ok,0,stop,355,72,427,0.15,
mt/set_14/ambiegen/test-162,2026-08-31T06:00:00.986542+00:00,2026-08-31T06:00:02.691777+00:00,1.7052,ok,0,stop,355,78,433,0.15,
mt/set_11/ambiegen/test-625,2026-08-31T06:00:02.691821+00:00,2026-08-31T06:00:04.393716+00:00,1.7019,ok,0,stop,354,78,432,0.15,
mt/set_10/frenetic_v/test-498,2026-08-31T06:00:04.393759+00:00,2026-08-31T06:00:05.967019+00:00,1.5732,ok,0,stop,355,72,427,0.15,
mt/set_11/ambiegen/test-514,2026-08-31T06:00:05.967061+00:00,2026-08-31T06:00:08.095182+00:00,2.1281,ok,0,stop,354,72,426,0.15,
mt/set_18/frenetic/test-843,2026-08-31T06:00:08.095227+00:00,2026-08-31T06:00:09.766782+00:00,1.6715,ok,0,stop,353,72,425,0.15,
mt_set6/frenetic/test-745,2026-08-31T06:00:09.766825+00:00,2026-08-31T06:00:11.444610+00:00,1.6778,ok,0,stop,353,77,430,0.15,
mt/set_11/frenetic/test-668,2026-08-31T06:00:11.444653+00:00,2026-08-31T06:00:13.014992+00:00,1.5703,ok,0,stop,353,72,425,0.15,
mt/set_12/ambiegen/test-439,2026-08-31T06:00:13.015032+00:00,2026-08-31T06:00:14.587170+00:00,1.5721,ok,0,stop,354,72,426,0.15,
mt_set5/ambiegen/test-823,2026-08-31T06:00:14.587212+00:00,2026-08-31T06:00:16.263595+00:00,1.6763,ok,0,stop,354,77,431,0.25,
mt/set_12/frenetic_v/test-284,2026-08-31T06:00:16.263636+00:00,2026-08-31T06:00:17.903842+00:00,1.6402,ok,0,stop,354,72,426,0.15,
mt/set_8/frenetic_v/odr/test-202,2026-08-31T06:00:17.903883+00:00,2026-08-31T06:00:19.474149+00:00,1.5702,ok,0,stop,354,72,426,0.15,
mt/set_13/frenetic/test-685,2026-08-31T06:00:19.474195+00:00,2026-08-31T06:00:21.048072+00:00,1.5738,ok,0,stop,353,72,425,0.15,
mt/set_14/frenetic_v/test-173,2026-08-31T06:00:21.048114+00:00,2026-08-31T06:00:22.620879+00:00,1.5727,ok,0,stop,354,72,426,0.15,
mt/set_8/frenetic_v/odr/test-498,2026-08-31T06:00:22.620924+00:00,2026-08-31T06:00:24.300128+00:00,1.6792,ok,0,stop,355,77,432,0.15,
mt/set_13/frenetic_v/test-735,2026-08-31T06:00:24.300177+00:00,2026-08-31T06:00:26.092777+00:00,1.7926,ok,0,stop,355,77,432,0.15,
mt/set_7/frenetic_v/odr/test-129,2026-08-31T06:00:26.092821+00:00,2026-08-31T06:00:27.783392+00:00,1.6905,ok,0,stop,355,77,432,0.15,
mt_set5/frenetic_v/test-304,2026-08-31T06:00:27.783432+00:00,2026-08-31T06:00:29.358696+00:00,1.5752,ok,0,stop,355,72,427,0.15,
mt/set_9/frenetic_v/test-856,2026-08-31T06:00:29.358740+00:00,2026-08-31T06:00:30.931089+00:00,1.5723,ok,0,stop,355,72,427,0.15,
mt_set5/ambiegen/test-99,2026-08-31T06:00:30.931132+00:00,2026-08-31T06:00:32.519200+00:00,1.588,ok,0,stop,354,72,426,0.15,
mt/set_10/frenetic/test-228,2026-08-31T06:00:32.519243+00:00,2026-08-31T06:00:34.217442+00:00,1.6982,ok,0,stop,354,78,432,0.15,
mt/set_9/frenetic_v/test-397,2026-08-31T06:00:34.217506+00:00,2026-08-31T06:00:35.789243+00:00,1.5717,ok,0,stop,354,72,426,0.15,
mt/set_9/frenetic/test-295,2026-08-31T06:00:35.789285+00:00,2026-08-31T06:00:37.785683+00:00,1.9964,ok,0,stop,354,92,446,0.15,
mt/set_8/ambiegen/odr/test-564,2026-08-31T06:00:37.785730+00:00,2026-08-31T06:00:39.869587+00:00,2.0838,ok,0,stop,354,96,450,0.35,
mt/set_17/frenetic/test-733,2026-08-31T06:00:39.869630+00:00,2026-08-31T06:00:41.441302+00:00,1.5716,ok,0,stop,353,72,425,0.15,
mt/set_18/frenetic/test-756,2026-08-31T06:00:41.441346+00:00,2026-08-31T06:00:43.182069+00:00,1.7404,ok,0,stop,354,72,426,0.15,
mt/set_2/ambiegen/odr/test-81,2026-08-31T06:00:43.182610+00:00,2026-08-31T06:00:45.358527+00:00,2.1758,ok,0,stop,354,75,429,0.25,
mt/set_10/frenetic_v/test-389,2026-08-31T06:00:45.358569+00:00,2026-08-31T06:00:46.930208+00:00,1.5716,ok,0,stop,355,72,427,0.15,
mt/set_13/frenetic/test-186,2026-08-31T06:00:46.930248+00:00,2026-08-31T06:00:48.503114+00:00,1.5728,ok,0,stop,354,72,426,0.15,
mt/set_7/frenetic/odr/test-1,2026-08-31T06:00:48.503155+00:00,2026-08-31T06:00:50.183516+00:00,1.6803,ok,0,stop,354,77,431,0.15,
mt/set_7/ambiegen/odr/test-3,2026-08-31T06:00:50.183557+00:00,2026-08-31T06:00:51.769963+00:00,1.5864,ok,0,stop,355,72,427,0.15,
mt/set_7/ambiegen/odr/test-476,2026-08-31T06:00:51.770006+00:00,2026-08-31T06:00:53.339672+00:00,1.5696,ok,0,stop,354,72,426,0.15,
mt/set_12/ambiegen/test-237,2026-08-31T06:00:53.339715+00:00,2026-08-31T06:00:55.102007+00:00,1.7623,ok,0,stop,354,81,435,0.35,
mt/set_11/ambiegen/test-755,2026-08-31T06:00:55.102050+00:00,2026-08-31T06:00:56.672219+00:00,1.5701,ok,0,stop,355,72,427,0.15,
mt/set_14/frenetic/test-718,2026-08-31T06:00:56.672264+00:00,2026-08-31T06:00:58.241852+00:00,1.5696,ok,0,stop,353,72,425,0.15,
mt/set_14/frenetic_v/test-763,2026-08-31T06:00:58.241895+00:00,2026-08-31T06:00:59.811873+00:00,1.5699,ok,0,stop,355,72,427,0.15,
mt/set_8/frenetic_v/odr/test-608,2026-08-31T06:00:59.811916+00:00,2026-08-31T06:01:01.489389+00:00,1.6774,ok,0,stop,355,77,432,0.15,
mt/set_13/frenetic/test-280,2026-08-31T06:01:01.489434+00:00,2026-08-31T06:01:03.864072+00:00,2.3746,ok,0,stop,354,78,432,0.15,
mt/set_9/frenetic/test-704,2026-08-31T06:01:03.864119+00:00,2026-08-31T06:01:05.634476+00:00,1.7703,ok,0,stop,354,77,431,0.15,
mt/set_11/frenetic/test-709,2026-08-31T06:01:05.634519+00:00,2026-08-31T06:01:07.353622+00:00,1.7191,ok,0,stop,354,77,431,0.15,
mt/set_18/ambiegen/test-416,2026-08-31T06:01:07.353670+00:00,2026-08-31T06:01:08.938097+00:00,1.5844,ok,0,stop,354,72,426,0.15,
mt/set_12/frenetic_v/test-798,2026-08-31T06:01:08.938139+00:00,2026-08-31T06:01:10.510590+00:00,1.5724,ok,0,stop,355,72,427,0.15,
mt/set_8/frenetic_v/odr/test-358,2026-08-31T06:01:10.510632+00:00,2026-08-31T06:01:12.273532+00:00,1.7629,ok,0,stop,355,81,436,0.15,
mt/set_8/frenetic_v/odr/test-691,2026-08-31T06:01:12.273575+00:00,2026-08-31T06:01:13.914084+00:00,1.6405,ok,0,stop,354,72,426,0.15,
mt/set_14/frenetic/test-751,2026-08-31T06:01:13.914127+00:00,2026-08-31T06:01:15.483813+00:00,1.5697,ok,0,stop,354,72,426,0.15,
mt/set_16/frenetic/test-967,2026-08-31T06:01:15.483859+00:00,2026-08-31T06:01:17.056771+00:00,1.5729,ok,0,stop,353,72,425,0.15,
mt/set_10/frenetic_v/test-557,2026-08-31T06:01:17.056814+00:00,2026-08-31T06:01:18.632466+00:00,1.5756,ok,0,stop,355,72,427,0.15,
mt/set_13/frenetic_v/test-393,2026-08-31T06:01:18.632508+00:00,2026-08-31T06:01:20.201313+00:00,1.5688,ok,0,stop,355,72,427,0.15,
mt/set_7/frenetic/odr/test-104,2026-08-31T06:01:20.201354+00:00,2026-08-31T06:01:21.890085+00:00,1.6887,ok,0,stop,354,72,426,0.15,
mt/set_16/frenetic/test-852,2026-08-31T06:01:21.890130+00:00,2026-08-31T06:01:23.646758+00:00,1.7566,ok,0,stop,354,78,432,0.15,
mt/set_14/frenetic_v/test-353,2026-08-31T06:01:23.646801+00:00,2026-08-31T06:01:25.218446+00:00,1.5716,ok,0,stop,355,72,427,0.15,
mt/set_13/frenetic/test-677,2026-08-31T06:01:25.218486+00:00,2026-08-31T06:01:26.789157+00:00,1.5706,ok,0,stop,353,72,425,0.15,
mt/set_11/frenetic_v/test-156,2026-08-31T06:01:26.789198+00:00,2026-08-31T06:01:28.376815+00:00,1.5876,ok,0,stop,354,72,426,0.15,
mt/set_17/frenetic/test-357,2026-08-31T06:01:28.376866+00:00,2026-08-31T06:01:29.957349+00:00,1.5804,ok,0,stop,354,72,426,0.15,
mt/set_16/ambiegen/test-324,2026-08-31T06:01:29.957405+00:00,2026-08-31T06:01:31.663291+00:00,1.7058,ok,0,stop,355,78,433,0.65,
mt_set5/frenetic_v/test-655,2026-08-31T06:01:31.663341+00:00,2026-08-31T06:01:33.367926+00:00,1.7045,ok,0,stop,355,78,433,0.15,
mt_set5/ambiegen/test-336,2026-08-31T06:01:33.367985+00:00,2026-08-31T06:01:35.049760+00:00,1.6817,ok,0,stop,354,77,431,0.15,
mt/set_14/frenetic/test-816,2026-08-31T06:01:35.049806+00:00,2026-08-31T06:01:36.748677+00:00,1.6988,ok,0,stop,354,78,432,0.15,
mt/set_7/ambiegen/odr/test-370,2026-08-31T06:01:36.748717+00:00,2026-08-31T06:01:39.213301+00:00,2.4645,ok,0,stop,354,81,435,0.35,
mt/set_14/ambiegen/test-789,2026-08-31T06:01:39.213362+00:00,2026-08-31T06:01:40.845643+00:00,1.6322,ok,0,stop,354,72,426,0.15,
mt/set_13/frenetic_v/test-238,2026-08-31T06:01:40.845685+00:00,2026-08-31T06:01:42.416374+00:00,1.5706,ok,0,stop,355,72,427,0.15,
mt_set5/ambiegen/test-653,2026-08-31T06:01:42.416437+00:00,2026-08-31T06:01:43.989435+00:00,1.573,ok,0,stop,355,72,427,0.15,
mt_set6/frenetic/test-427,2026-08-31T06:01:43.989492+00:00,2026-08-31T06:01:45.560081+00:00,1.5706,ok,0,stop,354,72,426,0.15,
mt_set5/ambiegen/test-872,2026-08-31T06:01:45.560121+00:00,2026-08-31T06:01:47.148104+00:00,1.5879,ok,0,stop,353,72,425,0.15,
mt/set_17/ambiegen/test-453,2026-08-31T06:01:47.148149+00:00,2026-08-31T06:01:48.717397+00:00,1.5692,ok,0,stop,354,72,426,0.15,
mt_set5/frenetic_v/test-804,2026-08-31T06:01:48.717457+00:00,2026-08-31T06:01:50.395195+00:00,1.6777,ok,0,stop,355,77,432,0.15,
mt/set_16/frenetic_v/test-598,2026-08-31T06:01:50.395236+00:00,2026-08-31T06:01:51.968083+00:00,1.5728,ok,0,stop,355,72,427,0.15,
mt/set_10/frenetic/test-281,2026-08-31T06:01:51.968128+00:00,2026-08-31T06:01:53.645913+00:00,1.6777,ok,0,stop,353,77,430,0.15,
mt/set_18/ambiegen/test-51,2026-08-31T06:01:53.645974+00:00,2026-08-31T06:01:55.372830+00:00,1.7268,ok,0,stop,355,79,434,0.25,
mt/set_17/frenetic_v/test-348,2026-08-31T06:01:55.372872+00:00,2026-08-31T06:01:57.086099+00:00,1.7131,ok,0,stop,354,72,426,0.15,
mt/set_7/frenetic/odr/test-927,2026-08-31T06:01:57.086317+00:00,2026-08-31T06:01:59.501128+00:00,2.4147,ok,0,stop,354,77,431,0.15,
mt/set_17/frenetic/test-714,2026-08-31T06:01:59.501265+00:00,2026-08-31T06:02:01.147315+00:00,1.646,ok,0,stop,353,72,425,0.15,
mt/set_8/ambiegen/odr/test-957,2026-08-31T06:02:01.147355+00:00,2026-08-31T06:02:02.847643+00:00,1.7003,ok,0,stop,354,78,432,0.15,
mt/set_9/frenetic_v/test-517,2026-08-31T06:02:02.847683+00:00,2026-08-31T06:02:04.418430+00:00,1.5707,ok,0,stop,355,72,427,0.15,
mt/set_18/frenetic_v/test-111,2026-08-31T06:02:04.418471+00:00,2026-08-31T06:02:05.989931+00:00,1.5714,ok,0,stop,354,72,426,0.15,
mt/set_18/ambiegen/test-765,2026-08-31T06:02:05.989973+00:00,2026-08-31T06:02:07.497879+00:00,1.5079,ok,0,stop,354,69,423,0.45,
mt/set_10/frenetic_v/test-334,2026-08-31T06:02:07.497920+00:00,2026-08-31T06:02:09.138390+00:00,1.6404,ok,0,stop,354,72,426,0.15,
mt/set_8/frenetic_v/odr/test-155,2026-08-31T06:02:09.138454+00:00,2026-08-31T06:02:10.717591+00:00,1.5791,ok,0,stop,354,72,426,0.15,
mt/set_14/frenetic/test-417,2026-08-31T06:02:10.717633+00:00,2026-08-31T06:02:12.294944+00:00,1.5773,ok,0,stop,354,72,426,0.15,
mt/set_17/frenetic/test-153,2026-08-31T06:02:12.294985+00:00,2026-08-31T06:02:13.979198+00:00,1.6842,ok,0,stop,353,77,430,0.15,
mt/set_18/frenetic/test-834,2026-08-31T06:02:13.979258+00:00,2026-08-31T06:02:15.552045+00:00,1.5727,ok,0,stop,354,72,426,0.15,
mt/set_16/frenetic_v/test-914,2026-08-31T06:02:15.552106+00:00,2026-08-31T06:02:17.370141+00:00,1.818,ok,0,stop,355,78,433,0.15,
mt/set_13/frenetic_v/test-329,2026-08-31T06:02:17.370188+00:00,2026-08-31T06:02:18.941994+00:00,1.5718,ok,0,stop,355,72,427,0.15,
mt/set_12/ambiegen/test-111,2026-08-31T06:02:18.942033+00:00,2026-08-31T06:02:20.631622+00:00,1.6896,ok,0,stop,354,77,431,0.15,
mt/set_8/frenetic/odr/test-440,2026-08-31T06:02:20.631665+00:00,2026-08-31T06:02:22.317262+00:00,1.6856,ok,0,stop,353,77,430,0.15,
mt/set_6/frenetic_v/test-96,2026-08-31T06:02:22.317309+00:00,2026-08-31T06:02:23.997293+00:00,1.68,ok,0,stop,355,77,432,0.15,
mt/set_8/frenetic/odr/test-593,2026-08-31T06:02:23.997336+00:00,2026-08-31T06:02:25.571108+00:00,1.5737,ok,0,stop,353,72,425,0.15,
mt/set_8/frenetic_v/odr/test-816,2026-08-31T06:02:25.571150+00:00,2026-08-31T06:02:27.143239+00:00,1.5721,ok,0,stop,355,72,427,0.15,
mt/set_10/ambiegen/test-597,2026-08-31T06:02:27.143280+00:00,2026-08-31T06:02:28.842758+00:00,1.6994,ok,0,stop,354,78,432,0.15,
mt/set_7/frenetic_v/odr/test-13,2026-08-31T06:02:28.842816+00:00,2026-08-31T06:02:30.519236+00:00,1.6764,ok,0,stop,355,77,432,0.15,
mt/set_18/ambiegen/test-750,2026-08-31T06:02:30.519279+00:00,2026-08-31T06:02:32.196355+00:00,1.677,ok,0,stop,354,77,431,0.15,
mt/set_14/frenetic/test-812,2026-08-31T06:02:32.196401+00:00,2026-08-31T06:02:34.422296+00:00,2.2259,ok,0,stop,354,72,426,0.15,
mt/set_16/frenetic_v/test-55,2026-08-31T06:02:34.422340+00:00,2026-08-31T06:02:36.055717+00:00,1.6333,ok,0,stop,355,72,427,0.15,
mt/set_6/frenetic_v/test-801,2026-08-31T06:02:36.055758+00:00,2026-08-31T06:02:37.627509+00:00,1.5717,ok,0,stop,355,72,427,0.15,
mt/set_12/ambiegen/test-382,2026-08-31T06:02:37.627570+00:00,2026-08-31T06:02:39.197234+00:00,1.5696,ok,0,stop,354,72,426,0.15,
mt_set6/frenetic/test-912,2026-08-31T06:02:39.197275+00:00,2026-08-31T06:02:40.878742+00:00,1.6814,ok,0,stop,353,77,430,0.15,
mt/set_17/frenetic/test-758,2026-08-31T06:02:40.878806+00:00,2026-08-31T06:02:42.578711+00:00,1.6999,ok,0,stop,353,77,430,0.15,
mt_set6/frenetic/test-625,2026-08-31T06:02:42.578751+00:00,2026-08-31T06:02:44.149681+00:00,1.5709,ok,0,stop,354,72,426,0.15,
mt/set_18/ambiegen/test-94,2026-08-31T06:02:44.149727+00:00,2026-08-31T06:02:45.720837+00:00,1.5711,ok,0,stop,354,72,426,0.25,
mt/set_16/ambiegen/test-639,2026-08-31T06:02:45.720880+00:00,2026-08-31T06:02:47.419998+00:00,1.6991,ok,0,stop,354,78,432,0.15,
mt_set5/frenetic_v/test-139,2026-08-31T06:02:47.420040+00:00,2026-08-31T06:02:48.992723+00:00,1.5727,ok,0,stop,355,72,427,0.15,
mt/set_12/frenetic_v/test-171,2026-08-31T06:02:48.992765+00:00,2026-08-31T06:02:50.568952+00:00,1.5762,ok,0,stop,355,72,427,0.15,
mt/set_8/ambiegen/odr/test-187,2026-08-31T06:02:50.569000+00:00,2026-08-31T06:02:52.274456+00:00,1.7054,ok,0,stop,355,78,433,0.15,
mt/set_10/frenetic_v/test-245,2026-08-31T06:02:52.274503+00:00,2026-08-31T06:02:54.750550+00:00,2.476,ok,0,stop,354,72,426,0.15,
mt/set_7/ambiegen/odr/test-111,2026-08-31T06:02:54.750597+00:00,2026-08-31T06:02:56.837535+00:00,2.0869,ok,0,stop,355,92,447,0.65,
mt/set_7/frenetic_v/odr/test-726,2026-08-31T06:02:56.837577+00:00,2026-08-31T06:02:58.413867+00:00,1.5763,ok,0,stop,355,72,427,0.15,
mt/set_11/frenetic_v/test-435,2026-08-31T06:02:58.413909+00:00,2026-08-31T06:03:00.411261+00:00,1.9973,ok,0,stop,355,92,447,0.15,
mt_set5/frenetic_v/test-892,2026-08-31T06:03:00.411304+00:00,2026-08-31T06:03:01.982135+00:00,1.5708,ok,0,stop,355,72,427,0.15,
mt/set_2/ambiegen/odr/test-809,2026-08-31T06:03:01.982178+00:00,2026-08-31T06:03:03.603464+00:00,1.6212,ok,0,stop,353,72,425,0.15,
mt/set_18/frenetic/test-575,2026-08-31T06:03:03.603562+00:00,2026-08-31T06:03:05.201096+00:00,1.5975,ok,0,stop,354,72,426,0.15,
mt/set_17/frenetic/test-892,2026-08-31T06:03:05.201138+00:00,2026-08-31T06:03:06.771461+00:00,1.5703,ok,0,stop,353,72,425,0.15,
mt/set_13/frenetic/test-267,2026-08-31T06:03:06.771503+00:00,2026-08-31T06:03:08.342790+00:00,1.5713,ok,0,stop,354,72,426,0.15,
mt/set_12/frenetic/test-744,2026-08-31T06:03:08.342832+00:00,2026-08-31T06:03:09.914178+00:00,1.5713,ok,0,stop,353,72,425,0.15,
mt/set_8/frenetic_v/odr/test-207,2026-08-31T06:03:09.914219+00:00,2026-08-31T06:03:11.723920+00:00,1.8097,ok,0,stop,355,78,433,0.15,
mt/set_17/frenetic_v/test-218,2026-08-31T06:03:11.723962+00:00,2026-08-31T06:03:13.315153+00:00,1.5912,ok,0,stop,355,72,427,0.15,
mt/set_9/frenetic/test-403,2026-08-31T06:03:13.315197+00:00,2026-08-31T06:03:14.996147+00:00,1.6809,ok,0,stop,353,77,430,0.15,
mt_set6/frenetic/test-686,2026-08-31T06:03:14.996192+00:00,2026-08-31T06:03:16.679113+00:00,1.6829,ok,0,stop,353,77,430,0.15,
mt/set_17/frenetic/test-571,2026-08-31T06:03:16.679156+00:00,2026-08-31T06:03:18.257222+00:00,1.578,ok,0,stop,353,72,425,0.15,
mt/set_14/frenetic_v/test-142,2026-08-31T06:03:18.257268+00:00,2026-08-31T06:03:19.825301+00:00,1.568,ok,0,stop,355,72,427,0.15,
mt_set5/frenetic/test-448,2026-08-31T06:03:19.825361+00:00,2026-08-31T06:03:21.392069+00:00,1.5667,ok,0,stop,354,72,426,0.15,
mt/set_8/ambiegen/odr/test-328,2026-08-31T06:03:21.392111+00:00,2026-08-31T06:03:23.076374+00:00,1.6842,ok,0,stop,354,77,431,0.15,
mt/set_14/frenetic_v/test-795,2026-08-31T06:03:23.076453+00:00,2026-08-31T06:03:24.649229+00:00,1.5727,ok,0,stop,354,72,426,0.15,
mt_set5/ambiegen/test-508,2026-08-31T06:03:24.649277+00:00,2026-08-31T06:03:26.352716+00:00,1.7034,ok,0,stop,355,78,433,0.15,
mt/set_16/frenetic/test-389,2026-08-31T06:03:26.352758+00:00,2026-08-31T06:03:28.028753+00:00,1.676,ok,0,stop,353,77,430,0.15,
mt/set_17/ambiegen/test-896,2026-08-31T06:03:28.028796+00:00,2026-08-31T06:03:30.159352+00:00,2.1305,ok,0,stop,354,72,426,0.15,
mt/set_9/frenetic_v/test-31,2026-08-31T06:03:30.159395+00:00,2026-08-31T06:03:31.810102+00:00,1.6507,ok,0,stop,354,72,426,0.15,
mt/set_14/ambiegen/test-398,2026-08-31T06:03:31.810140+00:00,2026-08-31T06:03:33.404643+00:00,1.5945,ok,0,stop,354,72,426,0.15,
mt/set_11/ambiegen/test-711,2026-08-31T06:03:33.404684+00:00,2026-08-31T06:03:35.257896+00:00,1.8532,ok,0,stop,354,84,438,0.35,
mt/set_6/frenetic_v/test-172,2026-08-31T06:03:35.257939+00:00,2026-08-31T06:03:36.981769+00:00,1.7238,ok,0,stop,355,78,433,0.15,
mt/set_14/frenetic_v/test-706,2026-08-31T06:03:36.981814+00:00,2026-08-31T06:03:38.657040+00:00,1.6752,ok,0,stop,355,77,432,0.15,
mt/set_17/frenetic/test-376,2026-08-31T06:03:38.657087+00:00,2026-08-31T06:03:40.369001+00:00,1.7119,ok,0,stop,354,78,432,0.15,
mt/set_7/frenetic/odr/test-351,2026-08-31T06:03:40.369047+00:00,2026-08-31T06:03:41.955250+00:00,1.5862,ok,0,stop,354,72,426,0.15,
mt/set_2/ambiegen/odr/test-803,2026-08-31T06:03:41.955298+00:00,2026-08-31T06:03:43.532894+00:00,1.5776,ok,0,stop,354,72,426,0.15,
mt/set_14/ambiegen/test-79,2026-08-31T06:03:43.532939+00:00,2026-08-31T06:03:45.220617+00:00,1.6876,ok,0,stop,353,77,430,0.15,
mt/set_18/frenetic/test-613,2026-08-31T06:03:45.220663+00:00,2026-08-31T06:03:46.800966+00:00,1.5803,ok,0,stop,354,72,426,0.15,
mt/set_13/frenetic_v/test-744,2026-08-31T06:03:46.801012+00:00,2026-08-31T06:03:49.011439+00:00,2.2104,ok,0,stop,355,78,433,0.15,
mt/set_12/ambiegen/test-466,2026-08-31T06:03:49.011489+00:00,2026-08-31T06:03:50.625203+00:00,1.6137,ok,0,stop,354,72,426,0.15,
mt/set_8/frenetic_v/odr/test-569,2026-08-31T06:03:50.625276+00:00,2026-08-31T06:03:52.267858+00:00,1.6425,ok,0,stop,355,72,427,0.15,
mt/set_16/ambiegen/test-526,2026-08-31T06:03:52.267900+00:00,2026-08-31T06:03:53.845656+00:00,1.5777,ok,0,stop,354,72,426,0.15,
mt/set_9/frenetic_v/test-670,2026-08-31T06:03:53.845716+00:00,2026-08-31T06:03:55.419436+00:00,1.5737,ok,0,stop,355,72,427,0.15,
mt/set_11/frenetic/test-905,2026-08-31T06:03:55.419475+00:00,2026-08-31T06:03:57.003124+00:00,1.5836,ok,0,stop,354,72,426,0.15,
mt/set_18/frenetic/test-374,2026-08-31T06:03:57.003192+00:00,2026-08-31T06:03:59.006327+00:00,2.0031,ok,0,stop,353,89,442,0.15,
mt/set_16/frenetic/test-559,2026-08-31T06:03:59.006384+00:00,2026-08-31T06:04:00.687904+00:00,1.6815,ok,0,stop,354,77,431,0.15,
mt/set_17/frenetic_v/test-130,2026-08-31T06:04:00.687956+00:00,2026-08-31T06:04:02.267993+00:00,1.58,ok,0,stop,355,72,427,0.15,
mt/set_10/frenetic/test-887,2026-08-31T06:04:02.268038+00:00,2026-08-31T06:04:03.843111+00:00,1.575,ok,0,stop,353,72,425,0.15,
mt/set_13/ambiegen/test-156,2026-08-31T06:04:03.843151+00:00,2026-08-31T06:04:05.501635+00:00,1.6584,ok,0,stop,354,76,430,0.45,
mt/set_14/ambiegen/test-195,2026-08-31T06:04:05.501692+00:00,2026-08-31T06:04:07.408617+00:00,1.9069,ok,0,stop,354,84,438,0.25,
mt/set_16/frenetic_v/test-277,2026-08-31T06:04:07.408659+00:00,2026-08-31T06:04:09.004777+00:00,1.5961,ok,0,stop,354,72,426,0.15,
mt_set6/frenetic/test-134,2026-08-31T06:04:09.004820+00:00,2026-08-31T06:04:10.577377+00:00,1.5725,ok,0,stop,353,72,425,0.15,
mt/set_17/ambiegen/test-43,2026-08-31T06:04:10.577419+00:00,2026-08-31T06:04:12.151085+00:00,1.5736,ok,0,stop,353,72,425,0.15,
mt/set_17/frenetic_v/test-645,2026-08-31T06:04:12.151148+00:00,2026-08-31T06:04:13.744504+00:00,1.5933,ok,0,stop,355,72,427,0.15,
mt/set_14/frenetic/test-193,2026-08-31T06:04:13.744547+00:00,2026-08-31T06:04:15.315856+00:00,1.5713,ok,0,stop,353,72,425,0.15,
mt/set_11/frenetic/test-246,2026-08-31T06:04:15.315897+00:00,2026-08-31T06:04:16.993346+00:00,1.6774,ok,0,stop,353,77,430,0.15,
mt/set_14/ambiegen/test-9,2026-08-31T06:04:16.993389+00:00,2026-08-31T06:04:18.569854+00:00,1.5764,ok,0,stop,354,72,426,0.15,
mt_set5/ambiegen/test-594,2026-08-31T06:04:18.569900+00:00,2026-08-31T06:04:20.143944+00:00,1.574,ok,0,stop,354,72,426,0.15,
mt/set_6/frenetic_v/test-679,2026-08-31T06:04:20.143989+00:00,2026-08-31T06:04:21.713502+00:00,1.5695,ok,0,stop,354,72,426,0.15,
mt_set5/frenetic/test-514,2026-08-31T06:04:21.713568+00:00,2026-08-31T06:04:23.282183+00:00,1.5686,ok,0,stop,354,72,426,0.15,
mt/set_17/frenetic_v/test-29,2026-08-31T06:04:23.282230+00:00,2026-08-31T06:04:24.903172+00:00,1.6208,ok,0,stop,354,72,426,0.15,
mt/set_14/frenetic_v/test-13,2026-08-31T06:04:24.903333+00:00,2026-08-31T06:04:27.226583+00:00,2.3232,ok,0,stop,354,77,431,0.15,
mt/set_11/frenetic/test-59,2026-08-31T06:04:27.226626+00:00,2026-08-31T06:04:28.905596+00:00,1.6789,ok,0,stop,353,77,430,0.15,
mt/set_14/ambiegen/test-485,2026-08-31T06:04:28.905640+00:00,2026-08-31T06:04:30.601038+00:00,1.6954,ok,0,stop,354,78,432,0.15,
mt/set_8/frenetic_v/odr/test-725,2026-08-31T06:04:30.601081+00:00,2026-08-31T06:04:32.169272+00:00,1.5682,ok,0,stop,354,72,426,0.15,
mt/set_11/frenetic_v/test-643,2026-08-31T06:04:32.169313+00:00,2026-08-31T06:04:33.749682+00:00,1.5803,ok,0,stop,355,72,427,0.15,
mt/set_18/ambiegen/test-259,2026-08-31T06:04:33.749742+00:00,2026-08-31T06:04:35.324241+00:00,1.5745,ok,0,stop,355,72,427,0.15,
mt/set_10/ambiegen/test-641,2026-08-31T06:04:35.324288+00:00,2026-08-31T06:04:36.891624+00:00,1.5673,ok,0,stop,354,72,426,0.15,
mt/set_13/ambiegen/test-913,2026-08-31T06:04:36.891667+00:00,2026-08-31T06:04:38.566399+00:00,1.6747,ok,0,stop,354,77,431,0.15,
mt/set_14/frenetic_v/test-222,2026-08-31T06:04:38.566460+00:00,2026-08-31T06:04:40.135107+00:00,1.5686,ok,0,stop,355,72,427,0.15,
mt/set_8/frenetic_v/odr/test-139,2026-08-31T06:04:40.135154+00:00,2026-08-31T06:04:41.715183+00:00,1.58,ok,0,stop,354,72,426,0.15,
mt/set_16/ambiegen/test-899,2026-08-31T06:04:41.715230+00:00,2026-08-31T06:04:43.390852+00:00,1.6756,ok,0,stop,354,77,431,0.15,
mt/set_9/ambiegen/test-859,2026-08-31T06:04:43.390894+00:00,2026-08-31T06:04:45.757524+00:00,2.3666,ok,0,stop,353,72,425,0.15,
mt/set_13/ambiegen/test-821,2026-08-31T06:04:45.757565+00:00,2026-08-31T06:04:47.419302+00:00,1.6617,ok,0,stop,354,72,426,0.15,
mt/set_7/frenetic/odr/test-380,2026-08-31T06:04:47.419384+00:00,2026-08-31T06:04:48.989234+00:00,1.5698,ok,0,stop,353,72,425,0.15,
mt/set_12/ambiegen/test-625,2026-08-31T06:04:48.989275+00:00,2026-08-31T06:04:51.083832+00:00,2.0945,ok,0,stop,354,96,450,0.35,
mt/set_18/frenetic/test-627,2026-08-31T06:04:51.083877+00:00,2026-08-31T06:04:52.763622+00:00,1.6797,ok,0,stop,354,77,431,0.15,
mt/set_18/ambiegen/test-58,2026-08-31T06:04:52.763662+00:00,2026-08-31T06:04:54.488106+00:00,1.7244,ok,0,stop,355,78,433,0.15,
mt/set_11/frenetic/test-860,2026-08-31T06:04:54.488178+00:00,2026-08-31T06:04:56.219985+00:00,1.7318,ok,0,stop,354,77,431,0.15,
mt_set6/frenetic/test-499,2026-08-31T06:04:56.220030+00:00,2026-08-31T06:04:57.901046+00:00,1.681,ok,0,stop,354,77,431,0.15,
mt/set_14/frenetic_v/test-174,2026-08-31T06:04:57.901098+00:00,2026-08-31T06:04:59.583641+00:00,1.6825,ok,0,stop,355,77,432,0.15,
mt/set_12/frenetic/test-190,2026-08-31T06:04:59.583683+00:00,2026-08-31T06:05:01.260223+00:00,1.6765,ok,0,stop,354,77,431,0.15,
mt/set_14/frenetic/test-131,2026-08-31T06:05:01.260270+00:00,2026-08-31T06:05:02.942252+00:00,1.682,ok,0,stop,354,72,426,0.15,
mt/set_17/frenetic/test-249,2026-08-31T06:05:02.942293+00:00,2026-08-31T06:05:04.662006+00:00,1.7197,ok,0,stop,354,77,431,0.15,
mt/set_8/frenetic_v/odr/test-26,2026-08-31T06:05:04.662057+00:00,2026-08-31T06:05:06.386515+00:00,1.7244,ok,0,stop,355,78,433,0.15,
mt/set_8/ambiegen/odr/test-246,2026-08-31T06:05:06.386555+00:00,2026-08-31T06:05:08.060638+00:00,1.674,ok,0,stop,354,77,431,0.15,
mt/set_7/frenetic/odr/test-556,2026-08-31T06:05:08.060679+00:00,2026-08-31T06:05:09.644064+00:00,1.5833,ok,0,stop,354,72,426,0.15,
mt/set_11/frenetic_v/test-560,2026-08-31T06:05:09.644114+00:00,2026-08-31T06:05:11.322577+00:00,1.6784,ok,0,stop,355,77,432,0.15,
mt/set_7/frenetic_v/odr/test-918,2026-08-31T06:05:11.322617+00:00,2026-08-31T06:05:13.001516+00:00,1.6789,ok,0,stop,355,77,432,0.15,
mt/set_16/frenetic/test-651,2026-08-31T06:05:13.001558+00:00,2026-08-31T06:05:14.683441+00:00,1.6819,ok,0,stop,353,77,430,0.15,
mt/set_11/frenetic/test-84,2026-08-31T06:05:14.683482+00:00,2026-08-31T06:05:16.363789+00:00,1.6803,ok,0,stop,354,77,431,0.15,
mt/set_12/ambiegen/test-136,2026-08-31T06:05:16.363830+00:00,2026-08-31T06:05:18.127089+00:00,1.7632,ok,0,stop,354,81,435,0.35,
mt/set_12/frenetic/test-775,2026-08-31T06:05:18.127131+00:00,2026-08-31T06:05:19.700179+00:00,1.573,ok,0,stop,353,72,425,0.15,
mt/set_18/ambiegen/test-391,2026-08-31T06:05:19.700223+00:00,2026-08-31T06:05:21.863185+00:00,2.1629,ok,0,stop,354,72,426,0.15,
mt/set_11/ambiegen/test-21,2026-08-31T06:05:21.863237+00:00,2026-08-31T06:05:24.011419+00:00,2.1481,ok,0,stop,354,96,450,0.35,
mt/set_11/frenetic_v/test-819,2026-08-31T06:05:24.011462+00:00,2026-08-31T06:05:25.596887+00:00,1.5854,ok,0,stop,354,72,426,0.15,
mt/set_10/frenetic/test-741,2026-08-31T06:05:25.596934+00:00,2026-08-31T06:05:27.281387+00:00,1.6844,ok,0,stop,354,77,431,0.15,
mt/set_6/frenetic_v/test-383,2026-08-31T06:05:27.281438+00:00,2026-08-31T06:05:28.961089+00:00,1.6796,ok,0,stop,354,77,431,0.15,
mt/set_7/frenetic_v/odr/test-353,2026-08-31T06:05:28.961138+00:00,2026-08-31T06:05:30.653497+00:00,1.6923,ok,0,stop,355,77,432,0.15,
mt/set_8/ambiegen/odr/test-532,2026-08-31T06:05:30.653544+00:00,2026-08-31T06:05:32.227664+00:00,1.5741,ok,0,stop,354,72,426,0.15,
mt_set5/ambiegen/test-203,2026-08-31T06:05:32.227711+00:00,2026-08-31T06:05:33.989206+00:00,1.7615,ok,0,stop,354,81,435,0.35,
mt_set5/frenetic/test-80,2026-08-31T06:05:33.989253+00:00,2026-08-31T06:05:35.669213+00:00,1.6799,ok,0,stop,354,77,431,0.15,
mt/set_16/frenetic/test-945,2026-08-31T06:05:35.669255+00:00,2026-08-31T06:05:37.238373+00:00,1.5691,ok,0,stop,354,72,426,0.15,
mt/set_16/ambiegen/test-840,2026-08-31T06:05:37.238415+00:00,2026-08-31T06:05:38.810150+00:00,1.5717,ok,0,stop,355,72,427,0.15,
mt/set_7/ambiegen/odr/test-366,2026-08-31T06:05:38.810195+00:00,2026-08-31T06:05:40.475668+00:00,1.6653,ok,0,stop,355,72,427,0.15,
mt/set_9/frenetic_v/test-894,2026-08-31T06:05:40.475959+00:00,2026-08-31T06:05:42.850820+00:00,2.3748,ok,0,stop,354,72,426,0.15,
mt_set6/frenetic/test-862,2026-08-31T06:05:42.850894+00:00,2026-08-31T06:05:44.488470+00:00,1.6375,ok,0,stop,354,72,426,0.15,
mt/set_7/ambiegen/odr/test-854,2026-08-31T06:05:44.488514+00:00,2026-08-31T06:05:46.086799+00:00,1.5983,ok,0,stop,355,72,427,0.15,
mt/set_14/ambiegen/test-652,2026-08-31T06:05:46.086840+00:00,2026-08-31T06:05:47.665281+00:00,1.5784,ok,0,stop,355,72,427,0.15,
mt/set_11/frenetic_v/test-812,2026-08-31T06:05:47.665324+00:00,2026-08-31T06:05:49.369511+00:00,1.7042,ok,0,stop,355,77,432,0.15,
mt/set_17/frenetic/test-9,2026-08-31T06:05:49.369554+00:00,2026-08-31T06:05:50.943576+00:00,1.574,ok,0,stop,353,72,425,0.15,
mt/set_2/ambiegen/odr/test-38,2026-08-31T06:05:50.943620+00:00,2026-08-31T06:05:52.699394+00:00,1.7557,ok,0,stop,355,77,432,0.15,
mt/set_7/ambiegen/odr/test-384,2026-08-31T06:05:52.699440+00:00,2026-08-31T06:05:54.274781+00:00,1.5753,ok,0,stop,353,72,425,0.15,
mt/set_10/ambiegen/test-118,2026-08-31T06:05:54.274821+00:00,2026-08-31T06:05:55.849454+00:00,1.5746,ok,0,stop,354,72,426,0.15,
mt/set_8/ambiegen/odr/test-175,2026-08-31T06:05:55.849517+00:00,2026-08-31T06:05:57.422524+00:00,1.573,ok,0,stop,355,72,427,0.15,
mt/set_16/frenetic/test-637,2026-08-31T06:05:57.422571+00:00,2026-08-31T06:05:59.395017+00:00,1.9724,ok,0,stop,353,91,444,0.25,
mt/set_16/ambiegen/test-336,2026-08-31T06:05:59.395063+00:00,2026-08-31T06:06:01.200157+00:00,1.8051,ok,0,stop,354,77,431,0.15,
mt/set_16/frenetic/test-289,2026-08-31T06:06:01.200201+00:00,2026-08-31T06:06:02.772557+00:00,1.5723,ok,0,stop,354,72,426,0.15,
mt/set_10/frenetic_v/test-290,2026-08-31T06:06:02.772603+00:00,2026-08-31T06:06:04.342076+00:00,1.5694,ok,0,stop,354,72,426,0.15,
mt/set_8/ambiegen/odr/test-233,2026-08-31T06:06:04.342125+00:00,2026-08-31T06:06:05.933679+00:00,1.5915,ok,0,stop,354,72,426,0.15,
mt/set_12/frenetic/test-353,2026-08-31T06:06:05.933742+00:00,2026-08-31T06:06:07.503516+00:00,1.5697,ok,0,stop,354,72,426,0.15,
mt/set_16/ambiegen/test-292,2026-08-31T06:06:07.503576+00:00,2026-08-31T06:06:09.178828+00:00,1.6752,ok,0,stop,354,77,431,0.15,
mt/set_12/frenetic/test-960,2026-08-31T06:06:09.178870+00:00,2026-08-31T06:06:10.749775+00:00,1.5709,ok,0,stop,354,72,426,0.15,
mt/set_16/frenetic_v/test-551,2026-08-31T06:06:10.749815+00:00,2026-08-31T06:06:12.318260+00:00,1.5684,ok,0,stop,354,72,426,0.15,
mt/set_2/ambiegen/odr/test-905,2026-08-31T06:06:12.318337+00:00,2026-08-31T06:06:13.891232+00:00,1.5729,ok,0,stop,356,72,428,0.15,
mt/set_10/frenetic_v/test-174,2026-08-31T06:06:13.891274+00:00,2026-08-31T06:06:15.460794+00:00,1.5695,ok,0,stop,355,72,427,0.15,
mt/set_11/ambiegen/test-28,2026-08-31T06:06:15.460836+00:00,2026-08-31T06:06:17.657706+00:00,2.1968,ok,0,stop,354,77,431,0.15,
mt/set_9/frenetic/test-841,2026-08-31T06:06:17.657760+00:00,2026-08-31T06:06:19.407165+00:00,1.7494,ok,0,stop,353,77,430,0.15,
mt/set_8/ambiegen/odr/test-478,2026-08-31T06:06:19.407215+00:00,2026-08-31T06:06:21.404912+00:00,1.9977,ok,0,stop,355,92,447,0.15,
mt/set_16/frenetic/test-785,2026-08-31T06:06:21.404957+00:00,2026-08-31T06:06:22.973708+00:00,1.5687,ok,0,stop,353,72,425,0.15,
mt/set_14/frenetic/test-188,2026-08-31T06:06:22.973750+00:00,2026-08-31T06:06:24.646955+00:00,1.6732,ok,0,stop,354,77,431,0.15,
mt/set_10/ambiegen/test-385,2026-08-31T06:06:24.646998+00:00,2026-08-31T06:06:26.231236+00:00,1.5842,ok,0,stop,354,72,426,0.15,
mt/set_7/ambiegen/odr/test-183,2026-08-31T06:06:26.231281+00:00,2026-08-31T06:06:27.907563+00:00,1.6762,ok,0,stop,354,77,431,0.15,
mt/set_17/frenetic/test-175,2026-08-31T06:06:27.907629+00:00,2026-08-31T06:06:29.476082+00:00,1.5684,ok,0,stop,354,72,426,0.15,
mt/set_12/frenetic_v/test-828,2026-08-31T06:06:29.476133+00:00,2026-08-31T06:06:31.471523+00:00,1.9954,ok,0,stop,355,92,447,0.15,
mt/set_7/frenetic/odr/test-532,2026-08-31T06:06:31.471569+00:00,2026-08-31T06:06:33.146831+00:00,1.6752,ok,0,stop,354,77,431,0.15,
mt/set_16/frenetic/test-871,2026-08-31T06:06:33.146873+00:00,2026-08-31T06:06:34.725123+00:00,1.5782,ok,0,stop,353,72,425,0.15,
mt/set_11/ambiegen/test-78,2026-08-31T06:06:34.725164+00:00,2026-08-31T06:06:36.296988+00:00,1.5718,ok,0,stop,354,72,426,0.15,
mt/set_10/frenetic_v/test-353,2026-08-31T06:06:36.297029+00:00,2026-08-31T06:06:38.712704+00:00,2.4156,ok,0,stop,355,77,432,0.15,
mt/set_14/frenetic_v/test-702,2026-08-31T06:06:38.712747+00:00,2026-08-31T06:06:40.369078+00:00,1.6563,ok,0,stop,354,72,426,0.15,
mt/set_11/frenetic/test-663,2026-08-31T06:06:40.369122+00:00,2026-08-31T06:06:41.937669+00:00,1.5685,ok,0,stop,353,72,425,0.15,
mt_set6/frenetic/test-628,2026-08-31T06:06:41.937712+00:00,2026-08-31T06:06:43.616797+00:00,1.6791,ok,0,stop,354,77,431,0.15,
mt/set_11/frenetic/test-280,2026-08-31T06:06:43.616838+00:00,2026-08-31T06:06:45.188566+00:00,1.5717,ok,0,stop,353,72,425,0.15,
mt/set_16/frenetic_v/test-194,2026-08-31T06:06:45.188609+00:00,2026-08-31T06:06:46.759414+00:00,1.5708,ok,0,stop,354,72,426,0.15,
mt/set_12/frenetic_v/test-440,2026-08-31T06:06:46.759457+00:00,2026-08-31T06:06:48.505594+00:00,1.7461,ok,0,stop,355,77,432,0.15,
mt/set_10/frenetic/test-366,2026-08-31T06:06:48.505635+00:00,2026-08-31T06:06:50.202675+00:00,1.697,ok,0,stop,354,78,432,0.15,
mt/set_12/ambiegen/test-595,2026-08-31T06:06:50.202736+00:00,2026-08-31T06:06:51.772325+00:00,1.5696,ok,0,stop,354,72,426,0.15,
mt/set_12/frenetic/test-658,2026-08-31T06:06:51.772373+00:00,2026-08-31T06:06:53.341154+00:00,1.5687,ok,0,stop,354,72,426,0.15,
mt/set_14/frenetic/test-905,2026-08-31T06:06:53.341199+00:00,2026-08-31T06:06:55.105489+00:00,1.7642,ok,0,stop,353,77,430,0.15,
mt/set_11/ambiegen/test-76,2026-08-31T06:06:55.105542+00:00,2026-08-31T06:06:56.830786+00:00,1.7252,ok,0,stop,354,78,432,0.15,
mt/set_12/ambiegen/test-42,2026-08-31T06:06:56.830829+00:00,2026-08-31T06:06:58.400165+00:00,1.5693,ok,0,stop,354,72,426,0.15,
mt/set_12/frenetic_v/test-390,2026-08-31T06:06:58.400208+00:00,2026-08-31T06:06:59.971020+00:00,1.5708,ok,0,stop,355,72,427,0.15,
mt/set_14/frenetic/test-940,2026-08-31T06:06:59.971061+00:00,2026-08-31T06:07:01.546387+00:00,1.5753,ok,0,stop,354,72,426,0.15,
mt/set_14/ambiegen/test-700,2026-08-31T06:07:01.546431+00:00,2026-08-31T06:07:03.501970+00:00,1.9555,ok,0,stop,355,90,445,0.65,
mt/set_12/frenetic_v/test-474,2026-08-31T06:07:03.502012+00:00,2026-08-31T06:07:05.072412+00:00,1.5704,ok,0,stop,355,72,427,0.15,
mt/set_10/frenetic_v/test-23,2026-08-31T06:07:05.072453+00:00,2026-08-31T06:07:07.069290+00:00,1.9968,ok,0,stop,355,92,447,0.15,
mt/set_11/frenetic_v/test-432,2026-08-31T06:07:07.069334+00:00,2026-08-31T06:07:08.773286+00:00,1.7039,ok,0,stop,355,77,432,0.15,
mt_set5/frenetic_v/test-71,2026-08-31T06:07:08.773336+00:00,2026-08-31T06:07:10.355551+00:00,1.5822,ok,0,stop,355,72,427,0.15,
mt/set_12/frenetic_v/test-268,2026-08-31T06:07:10.355613+00:00,2026-08-31T06:07:11.947189+00:00,1.5914,ok,0,stop,355,72,427,0.15,
mt/set_7/frenetic/odr/test-176,2026-08-31T06:07:11.947443+00:00,2026-08-31T06:07:14.421961+00:00,2.4745,ok,0,stop,353,88,441,0.15,
mt/set_12/ambiegen/test-639,2026-08-31T06:07:14.422003+00:00,2026-08-31T06:07:16.120526+00:00,1.6985,ok,0,stop,355,78,433,0.15,
mt_set6/frenetic/test-728,2026-08-31T06:07:16.120573+00:00,2026-08-31T06:07:17.796734+00:00,1.6761,ok,0,stop,353,77,430,0.15,
mt/set_7/frenetic/odr/test-7,2026-08-31T06:07:17.796785+00:00,2026-08-31T06:07:19.366423+00:00,1.5696,ok,0,stop,354,72,426,0.15,
mt/set_8/ambiegen/odr/test-464,2026-08-31T06:07:19.366471+00:00,2026-08-31T06:07:21.048440+00:00,1.6819,ok,0,stop,354,77,431,0.15,
mt/set_10/frenetic/test-407,2026-08-31T06:07:21.048489+00:00,2026-08-31T06:07:22.618262+00:00,1.5697,ok,0,stop,353,72,425,0.15,
mt/set_11/frenetic/test-2,2026-08-31T06:07:22.618311+00:00,2026-08-31T06:07:24.188385+00:00,1.57,ok,0,stop,353,72,425,0.15,
mt/set_17/ambiegen/test-623,2026-08-31T06:07:24.188433+00:00,2026-08-31T06:07:25.868581+00:00,1.6801,ok,0,stop,355,77,432,0.15,
mt/set_17/frenetic/test-772,2026-08-31T06:07:25.868627+00:00,2026-08-31T06:07:27.443817+00:00,1.5752,ok,0,stop,354,72,426,0.15,
mt/set_7/frenetic/odr/test-227,2026-08-31T06:07:27.443862+00:00,2026-08-31T06:07:29.023133+00:00,1.5792,ok,0,stop,353,72,425,0.15,
mt/set_13/frenetic_v/test-702,2026-08-31T06:07:29.023183+00:00,2026-08-31T06:07:30.595754+00:00,1.5725,ok,0,stop,355,72,427,0.15,
mt/set_12/frenetic_v/test-702,2026-08-31T06:07:30.595798+00:00,2026-08-31T06:07:32.289906+00:00,1.6939,ok,0,stop,355,72,427,0.15,
mt/set_14/frenetic/test-469,2026-08-31T06:07:32.290246+00:00,2026-08-31T06:07:34.570687+00:00,2.2804,ok,0,stop,354,78,432,0.15,
mt_set6/frenetic/test-475,2026-08-31T06:07:34.570791+00:00,2026-08-31T06:07:36.199523+00:00,1.6287,ok,0,stop,354,72,426,0.15,
mt/set_6/frenetic_v/test-499,2026-08-31T06:07:36.199565+00:00,2026-08-31T06:07:37.767593+00:00,1.568,ok,0,stop,354,72,426,0.15,
mt/set_18/ambiegen/test-888,2026-08-31T06:07:37.767678+00:00,2026-08-31T06:07:39.451045+00:00,1.6833,ok,0,stop,354,77,431,0.15,
mt/set_10/frenetic/test-632,2026-08-31T06:07:39.451097+00:00,2026-08-31T06:07:41.158128+00:00,1.707,ok,0,stop,354,78,432,0.15,
mt/set_16/frenetic/test-345,2026-08-31T06:07:41.158172+00:00,2026-08-31T06:07:42.928017+00:00,1.7698,ok,0,stop,354,78,432,0.15,
mt/set_7/frenetic/odr/test-456,2026-08-31T06:07:42.928058+00:00,2026-08-31T06:07:44.506368+00:00,1.5783,ok,0,stop,353,72,425,0.15,
mt/set_13/ambiegen/test-954,2026-08-31T06:07:44.506412+00:00,2026-08-31T06:07:46.212720+00:00,1.7063,ok,0,stop,355,78,433,0.15,
mt/set_12/frenetic/test-950,2026-08-31T06:07:46.212761+00:00,2026-08-31T06:07:47.790427+00:00,1.5776,ok,0,stop,353,72,425,0.15,
mt/set_14/ambiegen/test-328,2026-08-31T06:07:47.790469+00:00,2026-08-31T06:07:49.476130+00:00,1.6856,ok,0,stop,354,77,431,0.15,
mt/set_12/frenetic_v/test-725,2026-08-31T06:07:49.476172+00:00,2026-08-31T06:07:51.278048+00:00,1.8018,ok,0,stop,354,77,431,0.15,
mt/set_12/frenetic/test-792,2026-08-31T06:07:51.278093+00:00,2026-08-31T06:07:52.853598+00:00,1.5755,ok,0,stop,353,72,425,0.15,
mt/set_9/frenetic/test-719,2026-08-31T06:07:52.853659+00:00,2026-08-31T06:07:54.423517+00:00,1.5698,ok,0,stop,354,72,426,0.15,
mt/set_10/ambiegen/test-34,2026-08-31T06:07:54.423578+00:00,2026-08-31T06:07:55.993552+00:00,1.5699,ok,0,stop,354,72,426,0.15,
mt/set_16/frenetic_v/test-770,2026-08-31T06:07:55.993595+00:00,2026-08-31T06:07:57.570801+00:00,1.5772,ok,0,stop,355,72,427,0.15,
mt/set_11/frenetic/test-745,2026-08-31T06:07:57.570850+00:00,2026-08-31T06:07:59.255458+00:00,1.6846,ok,0,stop,354,77,431,0.15,
mt/set_18/ambiegen/test-622,2026-08-31T06:07:59.255499+00:00,2026-08-31T06:08:00.848797+00:00,1.5933,ok,0,stop,354,72,426,0.15,
mt/set_8/frenetic/odr/test-368,2026-08-31T06:08:00.848838+00:00,2026-08-31T06:08:02.426296+00:00,1.5774,ok,0,stop,353,72,425,0.15,
mt/set_14/ambiegen/test-703,2026-08-31T06:08:02.426345+00:00,2026-08-31T06:08:04.186194+00:00,1.7598,ok,0,stop,354,80,434,0.35,
mt/set_18/ambiegen/test-856,2026-08-31T06:08:04.186243+00:00,2026-08-31T06:08:05.985111+00:00,1.7988,ok,0,stop,354,81,435,0.35,
mt/set_10/frenetic_v/test-642,2026-08-31T06:08:05.985158+00:00,2026-08-31T06:08:07.555464+00:00,1.5703,ok,0,stop,354,72,426,0.15,
mt/set_9/frenetic_v/test-536,2026-08-31T06:08:07.555510+00:00,2026-08-31T06:08:09.820955+00:00,2.2654,ok,0,stop,354,77,431,0.15,
mt/set_7/ambiegen/odr/test-632,2026-08-31T06:08:09.821002+00:00,2026-08-31T06:08:11.566295+00:00,1.7453,ok,0,stop,354,77,431,0.15,
mt/set_13/frenetic/test-195,2026-08-31T06:08:11.566342+00:00,2026-08-31T06:08:13.275768+00:00,1.7094,ok,0,stop,354,78,432,0.15,
mt/set_18/ambiegen/test-365,2026-08-31T06:08:13.275813+00:00,2026-08-31T06:08:14.868306+00:00,1.5925,ok,0,stop,354,72,426,0.15,
mt_set5/frenetic_v/test-918,2026-08-31T06:08:14.868350+00:00,2026-08-31T06:08:16.553680+00:00,1.6853,ok,0,stop,355,77,432,0.15,
mt/set_12/frenetic_v/test-313,2026-08-31T06:08:16.553722+00:00,2026-08-31T06:08:18.128907+00:00,1.5752,ok,0,stop,354,72,426,0.15,
mt/set_9/frenetic/test-320,2026-08-31T06:08:18.128950+00:00,2026-08-31T06:08:19.703157+00:00,1.5742,ok,0,stop,353,72,425,0.15,
mt/set_6/frenetic_v/test-829,2026-08-31T06:08:19.703199+00:00,2026-08-31T06:08:21.279919+00:00,1.5767,ok,0,stop,355,72,427,0.15,
mt/set_6/frenetic_v/test-195,2026-08-31T06:08:21.279962+00:00,2026-08-31T06:08:22.857089+00:00,1.5771,ok,0,stop,355,72,427,0.15,
mt/set_8/ambiegen/odr/test-745,2026-08-31T06:08:22.857131+00:00,2026-08-31T06:08:24.707985+00:00,1.8508,ok,0,stop,355,85,440,0.25,
mt/set_14/ambiegen/test-117,2026-08-31T06:08:24.708025+00:00,2026-08-31T06:08:26.391906+00:00,1.6838,ok,0,stop,353,77,430,0.15,
mt_set5/frenetic_v/test-49,2026-08-31T06:08:26.391953+00:00,2026-08-31T06:08:28.521696+00:00,2.1297,ok,0,stop,354,72,426,0.15,
mt/set_9/frenetic_v/test-337,2026-08-31T06:08:28.521737+00:00,2026-08-31T06:08:30.164365+00:00,1.6426,ok,0,stop,355,72,427,0.15,
mt/set_7/frenetic/odr/test-553,2026-08-31T06:08:30.164458+00:00,2026-08-31T06:08:31.760922+00:00,1.5964,ok,0,stop,354,72,426,0.15,
mt/set_12/ambiegen/test-362,2026-08-31T06:08:31.760964+00:00,2026-08-31T06:08:33.340804+00:00,1.5798,ok,0,stop,354,72,426,0.15,
mt/set_7/ambiegen/odr/test-255,2026-08-31T06:08:33.340848+00:00,2026-08-31T06:08:35.020308+00:00,1.6794,ok,0,stop,354,77,431,0.15,
mt/set_18/frenetic_v/test-192,2026-08-31T06:08:35.020351+00:00,2026-08-31T06:08:36.698441+00:00,1.6781,ok,0,stop,355,77,432,0.15,
mt/set_12/ambiegen/test-509,2026-08-31T06:08:36.698482+00:00,2026-08-31T06:08:38.761998+00:00,2.0635,ok,0,stop,355,92,447,0.15,
mt/set_10/frenetic/test-233,2026-08-31T06:08:38.762041+00:00,2026-08-31T06:08:40.332659+00:00,1.5706,ok,0,stop,353,72,425,0.15,
mt/set_11/ambiegen/test-734,2026-08-31T06:08:40.332702+00:00,2026-08-31T06:08:41.904001+00:00,1.5713,ok,0,stop,353,72,425,0.15,
mt/set_18/ambiegen/test-367,2026-08-31T06:08:41.904045+00:00,2026-08-31T06:08:43.581561+00:00,1.6775,ok,0,stop,354,77,431,0.15,
mt/set_7/frenetic/odr/test-701,2026-08-31T06:08:43.581604+00:00,2026-08-31T06:08:45.268697+00:00,1.687,ok,0,stop,353,77,430,0.15,
mt/set_9/frenetic/test-728,2026-08-31T06:08:45.268781+00:00,2026-08-31T06:08:47.049712+00:00,1.7809,ok,0,stop,354,77,431,0.15,
mt_set5/ambiegen/test-679,2026-08-31T06:08:47.049755+00:00,2026-08-31T06:08:48.621014+00:00,1.5712,ok,0,stop,354,72,426,0.15,
mt/set_16/frenetic_v/test-196,2026-08-31T06:08:48.621060+00:00,2026-08-31T06:08:50.219681+00:00,1.5986,ok,0,stop,355,72,427,0.15,
mt/set_12/frenetic_v/test-715,2026-08-31T06:08:50.219732+00:00,2026-08-31T06:08:51.799408+00:00,1.5796,ok,0,stop,355,72,427,0.15,
mt/set_2/ambiegen/odr/test-721,2026-08-31T06:08:51.799460+00:00,2026-08-31T06:08:53.391647+00:00,1.5921,ok,0,stop,354,72,426,0.15,
mt/set_8/ambiegen/odr/test-115,2026-08-31T06:08:53.391694+00:00,2026-08-31T06:08:55.108997+00:00,1.7173,ok,0,stop,354,78,432,0.35,
mt/set_10/ambiegen/test-491,2026-08-31T06:08:55.109046+00:00,2026-08-31T06:08:56.678465+00:00,1.5694,ok,0,stop,354,72,426,0.15,
mt/set_14/ambiegen/test-425,2026-08-31T06:08:56.678515+00:00,2026-08-31T06:08:58.249318+00:00,1.5708,ok,0,stop,354,72,426,0.15,
mt/set_10/frenetic/test-605,2026-08-31T06:08:58.249364+00:00,2026-08-31T06:08:59.925792+00:00,1.6764,ok,0,stop,354,77,431,0.15,
mt/set_9/frenetic/test-201,2026-08-31T06:08:59.925836+00:00,2026-08-31T06:09:01.495857+00:00,1.57,ok,0,stop,353,72,425,0.15,
mt_set5/ambiegen/test-900,2026-08-31T06:09:01.495940+00:00,2026-08-31T06:09:03.066636+00:00,1.5707,ok,0,stop,353,72,425,0.15,
mt/set_16/frenetic_v/test-167,2026-08-31T06:09:03.066711+00:00,2026-08-31T06:09:05.343923+00:00,2.2772,ok,0,stop,355,80,435,0.15,
mt/set_13/frenetic/test-470,2026-08-31T06:09:05.343996+00:00,2026-08-31T06:09:07.103097+00:00,1.7591,ok,0,stop,354,78,432,0.15,
mt/set_2/ambiegen/odr/test-875,2026-08-31T06:09:07.103138+00:00,2026-08-31T06:09:08.674240+00:00,1.5711,ok,0,stop,355,72,427,0.15,
mt/set_8/frenetic/odr/test-637,2026-08-31T06:09:08.674285+00:00,2026-08-31T06:09:10.249634+00:00,1.5753,ok,0,stop,353,72,425,0.15,
mt/set_9/frenetic_v/test-845,2026-08-31T06:09:10.249695+00:00,2026-08-31T06:09:11.937527+00:00,1.6878,ok,0,stop,355,77,432,0.15,
mt/set_16/frenetic/test-55,2026-08-31T06:09:11.937568+00:00,2026-08-31T06:09:13.510101+00:00,1.5725,ok,0,stop,353,72,425,0.15,
mt/set_14/ambiegen/test-182,2026-08-31T06:09:13.510157+00:00,2026-08-31T06:09:15.190422+00:00,1.6802,ok,0,stop,354,77,431,0.15,
mt/set_11/ambiegen/test-186,2026-08-31T06:09:15.190466+00:00,2026-08-31T06:09:17.045751+00:00,1.8552,ok,0,stop,354,85,439,0.35,
mt/set_7/frenetic_v/odr/test-228,2026-08-31T06:09:17.045800+00:00,2026-08-31T06:09:18.617265+00:00,1.5714,ok,0,stop,355,72,427,0.15,
mt/set_14/ambiegen/test-572,2026-08-31T06:09:18.617312+00:00,2026-08-31T06:09:20.321684+00:00,1.7043,ok,0,stop,354,78,432,0.65,
mt/set_16/frenetic_v/test-456,2026-08-31T06:09:20.321730+00:00,2026-08-31T06:09:21.910286+00:00,1.5884,ok,0,stop,355,72,427,0.15,
mt/set_12/ambiegen/test-151,2026-08-31T06:09:21.910444+00:00,2026-08-31T06:09:24.050043+00:00,2.1396,ok,0,stop,354,72,426,0.15,
mt/set_8/frenetic/odr/test-286,2026-08-31T06:09:24.050085+00:00,2026-08-31T06:09:25.715484+00:00,1.6654,ok,0,stop,354,72,426,0.15,
mt/set_7/frenetic/odr/test-575,2026-08-31T06:09:25.715527+00:00,2026-08-31T06:09:27.289056+00:00,1.5735,ok,0,stop,353,72,425,0.15,
mt/set_10/frenetic_v/test-25,2026-08-31T06:09:27.289098+00:00,2026-08-31T06:09:28.969686+00:00,1.6806,ok,0,stop,354,77,431,0.15,
mt/set_9/frenetic/test-235,2026-08-31T06:09:28.969727+00:00,2026-08-31T06:09:30.540526+00:00,1.5708,ok,0,stop,354,72,426,0.15,
mt/set_6/frenetic_v/test-606,2026-08-31T06:09:30.540570+00:00,2026-08-31T06:09:32.110483+00:00,1.5699,ok,0,stop,355,72,427,0.15,
mt/set_16/frenetic/test-321,2026-08-31T06:09:32.110525+00:00,2026-08-31T06:09:33.871078+00:00,1.7605,ok,0,stop,354,77,431,0.15,
mt/set_12/frenetic_v/test-482,2026-08-31T06:09:33.871123+00:00,2026-08-31T06:09:35.462826+00:00,1.5917,ok,0,stop,355,72,427,0.15,
mt/set_11/frenetic/test-281,2026-08-31T06:09:35.462870+00:00,2026-08-31T06:09:37.193669+00:00,1.7308,ok,0,stop,354,78,432,0.15,
mt/set_18/frenetic/test-144,2026-08-31T06:09:37.193718+00:00,2026-08-31T06:09:38.762660+00:00,1.5689,ok,0,stop,353,72,425,0.15,
mt/set_13/frenetic_v/test-851,2026-08-31T06:09:38.762716+00:00,2026-08-31T06:09:40.491755+00:00,1.729,ok,0,stop,355,78,433,0.15,
mt/set_12/ambiegen/test-789,2026-08-31T06:09:40.491804+00:00,2026-08-31T06:09:42.416268+00:00,1.9244,ok,0,stop,356,85,441,0.45,
mt/set_12/frenetic_v/test-450,2026-08-31T06:09:42.416316+00:00,2026-08-31T06:09:44.025970+00:00,1.6096,ok,0,stop,355,72,427,0.15,
mt/set_18/frenetic/test-845,2026-08-31T06:09:44.026016+00:00,2026-08-31T06:09:45.626349+00:00,1.6003,ok,0,stop,353,72,425,0.15,
mt/set_16/frenetic_v/test-386,2026-08-31T06:09:45.626396+00:00,2026-08-31T06:09:47.198366+00:00,1.5719,ok,0,stop,355,72,427,0.15,
mt_set5/ambiegen/test-905,2026-08-31T06:09:47.198418+00:00,2026-08-31T06:09:49.245751+00:00,2.0473,ok,0,stop,355,92,447,0.15,
mt/set_17/frenetic/test-225,2026-08-31T06:09:49.245802+00:00,2026-08-31T06:09:50.816186+00:00,1.5703,ok,0,stop,353,72,425,0.15,
mt/set_16/ambiegen/test-388,2026-08-31T06:09:50.816233+00:00,2026-08-31T06:09:52.414880+00:00,1.5986,ok,0,stop,354,72,426,0.15,
mt/set_11/frenetic_v/test-458,2026-08-31T06:09:52.414931+00:00,2026-08-31T06:09:54.122541+00:00,1.7076,ok,0,stop,355,78,433,0.15,
mt/set_16/ambiegen/test-735,2026-08-31T06:09:54.122588+00:00,2026-08-31T06:09:55.699611+00:00,1.577,ok,0,stop,354,72,426,0.15,
mt/set_14/frenetic/test-184,2026-08-31T06:09:55.699661+00:00,2026-08-31T06:09:57.276043+00:00,1.5763,ok,0,stop,353,72,425,0.15,
mt/set_16/frenetic_v/test-320,2026-08-31T06:09:57.276091+00:00,2026-08-31T06:09:58.976687+00:00,1.7006,ok,0,stop,355,78,433,0.15,
mt/set_13/frenetic_v/test-141,2026-08-31T06:09:58.976747+00:00,2026-08-31T06:10:00.931274+00:00,1.9545,ok,0,stop,355,72,427,0.15,
mt/set_18/ambiegen/test-231,2026-08-31T06:10:00.931317+00:00,2026-08-31T06:10:02.679829+00:00,1.7485,ok,0,stop,354,77,431,0.15,
mt/set_14/frenetic/test-757,2026-08-31T06:10:02.679871+00:00,2026-08-31T06:10:04.251561+00:00,1.5717,ok,0,stop,353,72,425,0.15,
mt/set_10/frenetic_v/test-313,2026-08-31T06:10:04.251602+00:00,2026-08-31T06:10:05.825289+00:00,1.5737,ok,0,stop,354,72,426,0.15,
mt_set5/frenetic_v/test-418,2026-08-31T06:10:05.825331+00:00,2026-08-31T06:10:07.398498+00:00,1.5731,ok,0,stop,354,72,426,0.15,
mt/set_12/ambiegen/test-828,2026-08-31T06:10:07.398539+00:00,2026-08-31T06:10:08.975059+00:00,1.5765,ok,0,stop,354,72,426,0.15,
mt/set_12/ambiegen/test-400,2026-08-31T06:10:08.975101+00:00,2026-08-31T06:10:10.658506+00:00,1.6834,ok,0,stop,354,77,431,0.15,
mt/set_17/frenetic/test-273,2026-08-31T06:10:10.658567+00:00,2026-08-31T06:10:12.358949+00:00,1.7003,ok,0,stop,354,78,432,0.15,
mt/set_9/frenetic_v/test-566,2026-08-31T06:10:12.359013+00:00,2026-08-31T06:10:13.935913+00:00,1.5769,ok,0,stop,354,72,426,0.15,
mt/set_11/ambiegen/test-386,2026-08-31T06:10:13.935953+00:00,2026-08-31T06:10:15.637838+00:00,1.7019,ok,0,stop,355,78,433,0.15,
mt/set_12/frenetic/test-649,2026-08-31T06:10:15.637879+00:00,2026-08-31T06:10:17.211471+00:00,1.5736,ok,0,stop,353,72,425,0.15,
mt/set_14/ambiegen/test-551,2026-08-31T06:10:17.211515+00:00,2026-08-31T06:10:19.146843+00:00,1.9351,ok,0,stop,354,72,426,0.15,
mt/set_10/frenetic/test-127,2026-08-31T06:10:19.147135+00:00,2026-08-31T06:10:21.035219+00:00,1.888,ok,0,stop,353,72,425,0.15,
mt/set_9/frenetic_v/test-98,2026-08-31T06:10:21.035295+00:00,2026-08-31T06:10:22.670320+00:00,1.635,ok,0,stop,355,72,427,0.15,
mt/set_9/ambiegen/test-690,2026-08-31T06:10:22.670362+00:00,2026-08-31T06:10:24.346959+00:00,1.6766,ok,0,stop,355,77,432,0.15,
mt/set_14/frenetic_v/test-188,2026-08-31T06:10:24.347003+00:00,2026-08-31T06:10:26.037509+00:00,1.6905,ok,0,stop,354,77,431,0.15,
mt_set5/ambiegen/test-355,2026-08-31T06:10:26.037584+00:00,2026-08-31T06:10:27.780513+00:00,1.7429,ok,0,stop,354,80,434,0.15,
mt/set_18/frenetic/test-961,2026-08-31T06:10:27.780559+00:00,2026-08-31T06:10:29.420537+00:00,1.6399,ok,0,stop,354,72,426,0.15,
mt_set6/frenetic/test-568,2026-08-31T06:10:29.420632+00:00,2026-08-31T06:10:31.020830+00:00,1.6002,ok,0,stop,353,72,425,0.15,
mt/set_9/frenetic_v/test-561,2026-08-31T06:10:31.020872+00:00,2026-08-31T06:10:33.020897+00:00,2.0,ok,0,stop,355,92,447,0.15,
mt/set_16/frenetic_v/test-891,2026-08-31T06:10:33.020950+00:00,2026-08-31T06:10:34.628026+00:00,1.607,ok,0,stop,355,72,427,0.15,
mt/set_8/ambiegen/odr/test-267,2026-08-31T06:10:34.628084+00:00,2026-08-31T06:10:36.217960+00:00,1.5898,ok,0,stop,355,72,427,0.15,
mt/set_16/frenetic_v/test-469,2026-08-31T06:10:36.218001+00:00,2026-08-31T06:10:37.826678+00:00,1.6086,ok,0,stop,355,72,427,0.15,
mt/set_7/frenetic/odr/test-293,2026-08-31T06:10:37.826785+00:00,2026-08-31T06:10:39.526316+00:00,1.6994,ok,0,stop,354,72,426,0.15,
mt_set5/frenetic_v/test-256,2026-08-31T06:10:39.526567+00:00,2026-08-31T06:10:41.110769+00:00,1.5842,ok,0,stop,354,72,426,0.15,
mt/set_9/ambiegen/test-875,2026-08-31T06:10:41.110813+00:00,2026-08-31T06:10:42.689602+00:00,1.5788,ok,0,stop,354,72,426,0.15,
mt/set_14/frenetic_v/test-446,2026-08-31T06:10:42.689646+00:00,2026-08-31T06:10:44.261771+00:00,1.5721,ok,0,stop,355,72,427,0.15,
mt/set_18/frenetic_v/test-175,2026-08-31T06:10:44.261816+00:00,2026-08-31T06:10:45.852958+00:00,1.5911,ok,0,stop,354,72,426,0.15,
mt/set_6/frenetic_v/test-882,2026-08-31T06:10:45.853006+00:00,2026-08-31T06:10:47.427216+00:00,1.5742,ok,0,stop,354,72,426,0.15,
mt_set6/frenetic/test-383,2026-08-31T06:10:47.427268+00:00,2026-08-31T06:10:49.000892+00:00,1.5736,ok,0,stop,353,72,425,0.15,
mt/set_7/frenetic/odr/test-545,2026-08-31T06:10:49.000937+00:00,2026-08-31T06:10:50.687214+00:00,1.6862,ok,0,stop,353,77,430,0.15,
mt/set_18/frenetic/test-786,2026-08-31T06:10:50.687263+00:00,2026-08-31T06:10:52.263813+00:00,1.5765,ok,0,stop,354,72,426,0.15,
mt/set_10/frenetic/test-764,2026-08-31T06:10:52.263859+00:00,2026-08-31T06:10:53.958112+00:00,1.6942,ok,0,stop,353,77,430,0.15,
mt/set_8/frenetic_v/odr/test-421,2026-08-31T06:10:53.958157+00:00,2026-08-31T06:10:56.257423+00:00,2.2992,ok,0,stop,354,72,426,0.15,
mt/set_9/frenetic/test-52,2026-08-31T06:10:56.257468+00:00,2026-08-31T06:10:57.902623+00:00,1.6451,ok,0,stop,353,72,425,0.15,
mt/set_8/ambiegen/odr/test-487,2026-08-31T06:10:57.902678+00:00,2026-08-31T06:10:59.487267+00:00,1.5845,ok,0,stop,354,72,426,0.15,
mt/set_18/ambiegen/test-734,2026-08-31T06:10:59.487332+00:00,2026-08-31T06:11:00.978459+00:00,1.4911,ok,0,stop,355,68,423,0.15,
mt/set_7/frenetic_v/odr/test-174,2026-08-31T06:11:00.978516+00:00,2026-08-31T06:11:02.759769+00:00,1.7812,ok,0,stop,355,81,436,0.15,
mt/set_7/frenetic/odr/test-38,2026-08-31T06:11:02.759819+00:00,2026-08-31T06:11:04.365378+00:00,1.6055,ok,0,stop,354,72,426,0.15,
mt_set5/ambiegen/test-2,2026-08-31T06:11:04.365420+00:00,2026-08-31T06:11:06.045985+00:00,1.6805,ok,0,stop,354,77,431,0.15,
mt/set_16/frenetic_v/test-494,2026-08-31T06:11:06.046033+00:00,2026-08-31T06:11:07.634149+00:00,1.5881,ok,0,stop,355,72,427,0.15,
mt/set_16/frenetic_v/test-293,2026-08-31T06:11:07.634195+00:00,2026-08-31T06:11:09.351286+00:00,1.7171,ok,0,stop,355,78,433,0.15,
mt/set_17/frenetic/test-408,2026-08-31T06:11:09.351330+00:00,2026-08-31T06:11:10.948211+00:00,1.5968,ok,0,stop,353,72,425,0.15,
mt/set_7/frenetic_v/odr/test-825,2026-08-31T06:11:10.948259+00:00,2026-08-31T06:11:12.532841+00:00,1.5846,ok,0,stop,354,72,426,0.15,
mt/set_9/ambiegen/test-678,2026-08-31T06:11:12.532884+00:00,2026-08-31T06:11:14.110980+00:00,1.5781,ok,0,stop,355,72,427,0.15,
mt/set_7/ambiegen/odr/test-763,2026-08-31T06:11:14.111023+00:00,2026-08-31T06:11:16.212556+00:00,2.1015,ok,0,stop,354,72,426,0.15,
mt/set_18/frenetic/test-165,2026-08-31T06:11:16.212608+00:00,2026-08-31T06:11:17.884687+00:00,1.672,ok,0,stop,353,72,425,0.15,
mt/set_8/ambiegen/odr/test-161,2026-08-31T06:11:17.884735+00:00,2026-08-31T06:11:19.461079+00:00,1.5763,ok,0,stop,354,72,426,0.15,
mt/set_13/frenetic/test-919,2026-08-31T06:11:19.461127+00:00,2026-08-31T06:11:21.183033+00:00,1.7219,ok,0,stop,354,77,431,0.15,
mt/set_13/ambiegen/test-423,2026-08-31T06:11:21.183079+00:00,2026-08-31T06:11:22.867020+00:00,1.6839,ok,0,stop,354,77,431,0.15,
mt/set_17/ambiegen/test-266,2026-08-31T06:11:22.867083+00:00,2026-08-31T06:11:24.463262+00:00,1.5961,ok,0,stop,354,72,426,0.15,
mt/set_7/frenetic_v/odr/test-813,2026-08-31T06:11:24.463316+00:00,2026-08-31T06:11:26.126331+00:00,1.663,ok,0,stop,355,72,427,0.15,
mt/set_14/ambiegen/test-351,2026-08-31T06:11:26.126375+00:00,2026-08-31T06:11:27.841176+00:00,1.7148,ok,0,stop,355,78,433,0.15,
mt/set_7/frenetic_v/odr/test-368,2026-08-31T06:11:27.841222+00:00,2026-08-31T06:11:29.436651+00:00,1.5954,ok,0,stop,355,72,427,0.15,
mt/set_13/ambiegen/test-225,2026-08-31T06:11:29.436695+00:00,2026-08-31T06:11:31.009811+00:00,1.5731,ok,0,stop,354,72,426,0.15,
mt/set_9/ambiegen/test-681,2026-08-31T06:11:31.009854+00:00,2026-08-31T06:11:32.606057+00:00,1.5962,ok,0,stop,354,72,426,0.15,
mt_set5/frenetic_v/test-142,2026-08-31T06:11:32.606102+00:00,2026-08-31T06:11:34.288898+00:00,1.6828,ok,0,stop,354,72,426,0.15,
mt/set_14/frenetic_v/test-735,2026-08-31T06:11:34.288948+00:00,2026-08-31T06:11:35.866266+00:00,1.5773,ok,0,stop,355,72,427,0.15,
mt/set_9/ambiegen/test-345,2026-08-31T06:11:35.866316+00:00,2026-08-31T06:11:37.439930+00:00,1.5736,ok,0,stop,354,72,426,0.15,
mt/set_10/ambiegen/test-102,2026-08-31T06:11:37.439974+00:00,2026-08-31T06:11:39.019503+00:00,1.5795,ok,0,stop,354,72,426,0.15,
mt/set_18/frenetic/test-412,2026-08-31T06:11:39.019547+00:00,2026-08-31T06:11:40.618022+00:00,1.5984,ok,0,stop,354,72,426,0.15,
mt/set_11/ambiegen/test-346,2026-08-31T06:11:40.618069+00:00,2026-08-31T06:11:42.317972+00:00,1.6999,ok,0,stop,354,77,431,0.15,
mt/set_12/frenetic/test-242,2026-08-31T06:11:42.318018+00:00,2026-08-31T06:11:43.898169+00:00,1.5801,ok,0,stop,353,72,425,0.15,
mt/set_13/frenetic_v/test-835,2026-08-31T06:11:43.898220+00:00,2026-08-31T06:11:45.513554+00:00,1.6153,ok,0,stop,354,72,426,0.15,
mt/set_2/ambiegen/odr/test-812,2026-08-31T06:11:45.513594+00:00,2026-08-31T06:11:47.090493+00:00,1.5769,ok,0,stop,354,72,426,0.15,
mt_set5/frenetic_v/test-451,2026-08-31T06:11:47.090537+00:00,2026-08-31T06:11:48.680621+00:00,1.5901,ok,0,stop,354,72,426,0.15,
mt/set_12/frenetic/test-839,2026-08-31T06:11:48.680704+00:00,2026-08-31T06:11:51.073544+00:00,2.3928,ok,0,stop,354,72,426,0.15,
mt/set_16/ambiegen/test-101,2026-08-31T06:11:51.073584+00:00,2026-08-31T06:11:52.819681+00:00,1.7461,ok,0,stop,354,77,431,0.15,
mt/set_10/frenetic_v/test-732,2026-08-31T06:11:52.819726+00:00,2026-08-31T06:11:54.391700+00:00,1.5719,ok,0,stop,354,72,426,0.15,
mt/set_13/ambiegen/test-825,2026-08-31T06:11:54.391764+00:00,2026-08-31T06:11:55.969592+00:00,1.5778,ok,0,stop,354,72,426,0.15,
mt/set_10/frenetic/test-497,2026-08-31T06:11:55.969647+00:00,2026-08-31T06:11:57.542651+00:00,1.573,ok,0,stop,353,72,425,0.15,
mt/set_13/frenetic/test-283,2026-08-31T06:11:57.542706+00:00,2026-08-31T06:11:59.125561+00:00,1.5828,ok,0,stop,354,72,426,0.15,
mt/set_7/frenetic/odr/test-152,2026-08-31T06:11:59.125606+00:00,2026-08-31T06:12:00.702405+00:00,1.5768,ok,0,stop,353,72,425,0.15,
mt/set_7/frenetic_v/odr/test-684,2026-08-31T06:12:00.702467+00:00,2026-08-31T06:12:02.403232+00:00,1.7007,ok,0,stop,355,78,433,0.15,
mt/set_17/ambiegen/test-846,2026-08-31T06:12:02.403274+00:00,2026-08-31T06:12:03.979549+00:00,1.5762,ok,0,stop,354,72,426,0.15,
mt/set_10/frenetic/test-463,2026-08-31T06:12:03.979591+00:00,2026-08-31T06:12:05.601306+00:00,1.6217,ok,0,stop,354,72,426,0.15,
mt/set_10/ambiegen/test-382,2026-08-31T06:12:05.601349+00:00,2026-08-31T06:12:07.310020+00:00,1.7086,ok,0,stop,355,78,433,0.15,
mt/set_12/frenetic_v/test-261,2026-08-31T06:12:07.310066+00:00,2026-08-31T06:12:09.013352+00:00,1.7033,ok,0,stop,355,78,433,0.15,
mt_set5/frenetic/test-583,2026-08-31T06:12:09.013395+00:00,2026-08-31T06:12:11.135841+00:00,2.1224,ok,0,stop,353,72,425,0.15,
mt/set_2/ambiegen/odr/test-496,2026-08-31T06:12:11.135885+00:00,2026-08-31T06:12:12.800598+00:00,1.6647,ok,0,stop,354,72,426,0.15,
mt/set_6/frenetic_v/test-30,2026-08-31T06:12:12.800646+00:00,2026-08-31T06:12:14.379609+00:00,1.5789,ok,0,stop,355,72,427,0.15,
mt/set_7/frenetic/odr/test-579,2026-08-31T06:12:14.379656+00:00,2026-08-31T06:12:16.102216+00:00,1.7225,ok,0,stop,354,78,432,0.15,
mt/set_12/frenetic/test-442,2026-08-31T06:12:16.102261+00:00,2026-08-31T06:12:17.785019+00:00,1.6827,ok,0,stop,353,77,430,0.15,
mt_set5/frenetic_v/test-909,2026-08-31T06:12:17.785067+00:00,2026-08-31T06:12:19.361857+00:00,1.5767,ok,0,stop,354,72,426,0.15,
mt_set5/frenetic/test-786,2026-08-31T06:12:19.361920+00:00,2026-08-31T06:12:21.109668+00:00,1.7477,ok,0,stop,354,77,431,0.15,
mt/set_13/ambiegen/test-492,2026-08-31T06:12:21.109710+00:00,2026-08-31T06:12:22.682083+00:00,1.5723,ok,0,stop,354,72,426,0.15,
mt/set_17/ambiegen/test-287,2026-08-31T06:12:22.682127+00:00,2026-08-31T06:12:24.251595+00:00,1.5694,ok,0,stop,354,72,426,0.15,
mt/set_14/ambiegen/test-930,2026-08-31T06:12:24.251637+00:00,2026-08-31T06:12:25.827143+00:00,1.5755,ok,0,stop,354,72,426,0.15,
mt/set_16/frenetic_v/test-883,2026-08-31T06:12:25.827187+00:00,2026-08-31T06:12:27.490712+00:00,1.6635,ok,0,stop,355,72,427,0.15,
mt_set5/ambiegen/test-931,2026-08-31T06:12:27.490757+00:00,2026-08-31T06:12:29.193257+00:00,1.7025,ok,0,stop,354,77,431,0.15,
mt/set_18/ambiegen/test-577,2026-08-31T06:12:29.193321+00:00,2026-08-31T06:12:30.778278+00:00,1.5849,ok,0,stop,354,72,426,0.15,
mt/set_7/ambiegen/odr/test-277,2026-08-31T06:12:30.778317+00:00,2026-08-31T06:12:32.359157+00:00,1.5808,ok,0,stop,354,72,426,0.15,
mt/set_8/ambiegen/odr/test-77,2026-08-31T06:12:32.359200+00:00,2026-08-31T06:12:33.952334+00:00,1.5931,ok,0,stop,354,72,426,0.15,
mt/set_11/frenetic/test-672,2026-08-31T06:12:33.952380+00:00,2026-08-31T06:12:35.549362+00:00,1.5969,ok,0,stop,353,72,425,0.15,
mt/set_17/frenetic/test-135,2026-08-31T06:12:35.549415+00:00,2026-08-31T06:12:37.133220+00:00,1.5838,ok,0,stop,354,72,426,0.15,
mt/set_11/frenetic_v/test-885,2026-08-31T06:12:37.133261+00:00,2026-08-31T06:12:38.711967+00:00,1.5787,ok,0,stop,355,72,427,0.15,
mt/set_14/frenetic/test-222,2026-08-31T06:12:38.712032+00:00,2026-08-31T06:12:40.292535+00:00,1.5804,ok,0,stop,354,72,426,0.15,
mt/set_11/frenetic_v/test-675,2026-08-31T06:12:40.292599+00:00,2026-08-31T06:12:41.871790+00:00,1.5792,ok,0,stop,354,72,426,0.15,
mt/set_18/frenetic/test-573,2026-08-31T06:12:41.871833+00:00,2026-08-31T06:12:43.589597+00:00,1.7177,ok,0,stop,354,77,431,0.15,
mt/set_16/ambiegen/test-551,2026-08-31T06:12:43.589834+00:00,2026-08-31T06:12:45.886610+00:00,2.2967,ok,0,stop,355,78,433,0.15,
mt/set_6/frenetic_v/test-522,2026-08-31T06:12:45.886653+00:00,2026-08-31T06:12:47.667628+00:00,1.7809,ok,0,stop,355,78,433,0.15,
mt/set_16/frenetic/test-650,2026-08-31T06:12:47.667686+00:00,2026-08-31T06:12:49.244417+00:00,1.5767,ok,0,stop,354,72,426,0.15,
mt/set_7/ambiegen/odr/test-917,2026-08-31T06:12:49.244463+00:00,2026-08-31T06:12:50.823089+00:00,1.5786,ok,0,stop,354,72,426,0.15,
mt/set_17/frenetic_v/test-45,2026-08-31T06:12:50.823134+00:00,2026-08-31T06:12:52.424367+00:00,1.6012,ok,0,stop,355,72,427,0.15,
mt/set_12/ambiegen/test-636,2026-08-31T06:12:52.424413+00:00,2026-08-31T06:12:54.036994+00:00,1.6125,ok,0,stop,354,72,426,0.15,
mt/set_7/frenetic_v/odr/test-443,2026-08-31T06:12:54.037041+00:00,2026-08-31T06:12:55.758451+00:00,1.7214,ok,0,stop,355,77,432,0.15,
mt/set_8/frenetic_v/odr/test-614,2026-08-31T06:12:55.758494+00:00,2026-08-31T06:12:57.359293+00:00,1.6008,ok,0,stop,355,72,427,0.15,
mt/set_8/ambiegen/odr/test-907,2026-08-31T06:12:57.359341+00:00,2026-08-31T06:12:58.944583+00:00,1.5852,ok,0,stop,354,72,426,0.15,
mt_set6/frenetic/test-671,2026-08-31T06:12:58.944631+00:00,2026-08-31T06:13:00.635758+00:00,1.6911,ok,0,stop,354,77,431,0.15,
mt/set_11/ambiegen/test-243,2026-08-31T06:13:00.635806+00:00,2026-08-31T06:13:02.216733+00:00,1.5809,ok,0,stop,354,72,426,0.15,
mt/set_16/frenetic_v/test-933,2026-08-31T06:13:02.216779+00:00,2026-08-31T06:13:03.799541+00:00,1.5826,ok,0,stop,355,72,427,0.15,
mt/set_12/frenetic/test-327,2026-08-31T06:13:03.799790+00:00,2026-08-31T06:13:06.175414+00:00,2.3756,ok,0,stop,354,72,426,0.15,
mt_set5/frenetic/test-785,2026-08-31T06:13:06.175460+00:00,2026-08-31T06:13:07.866455+00:00,1.691,ok,0,stop,354,72,426,0.15,
mt/set_7/ambiegen/odr/test-787,2026-08-31T06:13:07.866499+00:00,2026-08-31T06:13:09.448453+00:00,1.5819,ok,0,stop,354,72,426,0.15,
mt_set5/ambiegen/test-517,2026-08-31T06:13:09.448499+00:00,2026-08-31T06:13:11.054412+00:00,1.6059,ok,0,stop,354,72,426,0.15,
mt/set_16/frenetic/test-830,2026-08-31T06:13:11.054454+00:00,2026-08-31T06:13:12.633525+00:00,1.579,ok,0,stop,354,72,426,0.15,
mt_set5/ambiegen/test-788,2026-08-31T06:13:12.636403+00:00,2026-08-31T06:13:14.249032+00:00,1.6126,ok,0,stop,355,72,427,0.15,
mt/set_13/frenetic_v/test-71,2026-08-31T06:13:14.249102+00:00,2026-08-31T06:13:15.862551+00:00,1.6134,ok,0,stop,354,72,426,0.15,
mt/set_17/frenetic/test-306,2026-08-31T06:13:15.862596+00:00,2026-08-31T06:13:17.439821+00:00,1.5772,ok,0,stop,353,72,425,0.15,
mt/set_13/frenetic/test-222,2026-08-31T06:13:17.439871+00:00,2026-08-31T06:13:19.042635+00:00,1.6027,ok,0,stop,353,72,425,0.15,
mt/set_17/frenetic_v/test-462,2026-08-31T06:13:19.042680+00:00,2026-08-31T06:13:20.765164+00:00,1.7225,ok,0,stop,355,78,433,0.15,
mt/set_14/ambiegen/test-499,2026-08-31T06:13:20.765212+00:00,2026-08-31T06:13:22.605529+00:00,1.8403,ok,0,stop,354,80,434,0.15,
mt/set_13/frenetic_v/test-357,2026-08-31T06:13:22.605578+00:00,2026-08-31T06:13:24.237119+00:00,1.6315,ok,0,stop,354,72,426,0.15,
mt_set5/frenetic/test-161,2026-08-31T06:13:24.237164+00:00,2026-08-31T06:13:25.813220+00:00,1.576,ok,0,stop,353,72,425,0.15,
mt/set_11/frenetic/test-483,2026-08-31T06:13:25.813285+00:00,2026-08-31T06:13:27.393257+00:00,1.5799,ok,0,stop,354,72,426,0.15,
mt/set_11/frenetic/test-850,2026-08-31T06:13:27.393323+00:00,2026-08-31T06:13:29.016535+00:00,1.6232,ok,0,stop,353,72,425,0.15,
mt/set_14/ambiegen/test-272,2026-08-31T06:13:29.016601+00:00,2026-08-31T06:13:30.587917+00:00,1.5713,ok,0,stop,354,72,426,0.15,
mt_set5/ambiegen/test-382,2026-08-31T06:13:30.587967+00:00,2026-08-31T06:13:32.180113+00:00,1.5921,ok,0,stop,354,72,426,0.15,
mt/set_10/frenetic_v/test-738,2026-08-31T06:13:32.180163+00:00,2026-08-31T06:13:33.915304+00:00,1.7351,ok,0,stop,354,77,431,0.15,
mt/set_7/frenetic_v/odr/test-536,2026-08-31T06:13:33.915354+00:00,2026-08-31T06:13:35.538336+00:00,1.6229,ok,0,stop,355,72,427,0.15,
mt/set_14/frenetic_v/test-195,2026-08-31T06:13:35.538406+00:00,2026-08-31T06:13:37.169557+00:00,1.6311,ok,0,stop,355,72,427,0.15,
mt/set_18/ambiegen/test-908,2026-08-31T06:13:37.169609+00:00,2026-08-31T06:13:39.065305+00:00,1.8957,ok,0,stop,354,84,438,0.45,
mt/set_7/frenetic_v/odr/test-199,2026-08-31T06:13:39.065373+00:00,2026-08-31T06:13:41.729070+00:00,2.6636,ok,0,stop,355,89,444,0.15,
mt/set_8/frenetic/odr/test-539,2026-08-31T06:13:41.729136+00:00,2026-08-31T06:13:43.495642+00:00,1.7665,ok,0,stop,354,78,432,0.15,
mt/set_11/frenetic/test-70,2026-08-31T06:13:43.495706+00:00,2026-08-31T06:13:45.072790+00:00,1.577,ok,0,stop,353,72,425,0.15,
mt/set_10/frenetic_v/test-250,2026-08-31T06:13:45.072833+00:00,2026-08-31T06:13:46.648693+00:00,1.5758,ok,0,stop,355,72,427,0.15,
mt_set5/frenetic_v/test-678,2026-08-31T06:13:46.648737+00:00,2026-08-31T06:13:48.226273+00:00,1.5775,ok,0,stop,355,72,427,0.15,
mt/set_9/frenetic_v/test-916,2026-08-31T06:13:48.226322+00:00,2026-08-31T06:13:49.811735+00:00,1.5854,ok,0,stop,354,72,426,0.15,
mt_set5/frenetic/test-580,2026-08-31T06:13:49.811780+00:00,2026-08-31T06:13:51.381391+00:00,1.5696,ok,0,stop,354,72,426,0.15,
mt/set_7/ambiegen/odr/test-250,2026-08-31T06:13:51.381435+00:00,2026-08-31T06:13:53.055581+00:00,1.6741,ok,0,stop,354,77,431,0.15,
mt/set_10/frenetic/test-59,2026-08-31T06:13:53.055626+00:00,2026-08-31T06:13:54.623386+00:00,1.5677,ok,0,stop,353,72,425,0.15,
mt/set_17/ambiegen/test-32,2026-08-31T06:13:54.623429+00:00,2026-08-31T06:13:56.297710+00:00,1.6743,ok,0,stop,354,77,431,0.15,
mt/set_13/frenetic/test-589,2026-08-31T06:13:56.297751+00:00,2026-08-31T06:13:58.291117+00:00,1.9933,ok,0,stop,354,92,446,0.15,
mt/set_12/frenetic/test-202,2026-08-31T06:13:58.291158+00:00,2026-08-31T06:14:00.075388+00:00,1.7841,ok,0,stop,354,78,432,0.15,
mt/set_18/frenetic_v/test-83,2026-08-31T06:14:00.075575+00:00,2026-08-31T06:14:02.329167+00:00,2.2535,ok,0,stop,354,78,432,0.15,
mt/set_16/frenetic_v/test-788,2026-08-31T06:14:02.329226+00:00,2026-08-31T06:14:03.984152+00:00,1.6549,ok,0,stop,354,72,426,0.15,
mt/set_18/ambiegen/test-592,2026-08-31T06:14:03.984196+00:00,2026-08-31T06:14:05.745318+00:00,1.7611,ok,0,stop,354,81,435,0.35,
mt/set_13/frenetic_v/test-632,2026-08-31T06:14:05.745363+00:00,2026-08-31T06:14:07.739202+00:00,1.9938,ok,0,stop,355,92,447,0.15,
mt_set5/ambiegen/test-942,2026-08-31T06:14:07.739246+00:00,2026-08-31T06:14:09.308008+00:00,1.5687,ok,0,stop,355,72,427,0.15,
mt/set_13/frenetic_v/test-597,2026-08-31T06:14:09.308072+00:00,2026-08-31T06:14:10.944909+00:00,1.6368,ok,0,stop,355,72,427,0.15,
mt/set_13/ambiegen/test-149,2026-08-31T06:14:10.944953+00:00,2026-08-31T06:14:12.513135+00:00,1.5681,ok,0,stop,354,72,426,0.25,
mt/set_13/frenetic/test-104,2026-08-31T06:14:12.513178+00:00,2026-08-31T06:14:14.088594+00:00,1.5754,ok,0,stop,354,72,426,0.15,
mt/set_9/frenetic/test-676,2026-08-31T06:14:14.088639+00:00,2026-08-31T06:14:15.768495+00:00,1.6798,ok,0,stop,354,77,431,0.15,
mt/set_8/ambiegen/odr/test-572,2026-08-31T06:14:15.768549+00:00,2026-08-31T06:14:17.445456+00:00,1.6769,ok,0,stop,354,77,431,0.15,
mt/set_14/ambiegen/test-264,2026-08-31T06:14:17.445501+00:00,2026-08-31T06:14:19.231339+00:00,1.7858,ok,0,stop,354,77,431,0.15,
mt_set6/frenetic/test-596,2026-08-31T06:14:19.231382+00:00,2026-08-31T06:14:20.809329+00:00,1.5779,ok,0,stop,354,72,426,0.15,
mt/set_9/frenetic_v/test-339,2026-08-31T06:14:20.809370+00:00,2026-08-31T06:14:22.380068+00:00,1.5707,ok,0,stop,355,72,427,0.15,
mt/set_17/frenetic_v/test-429,2026-08-31T06:14:22.380110+00:00,2026-08-31T06:14:23.954538+00:00,1.5744,ok,0,stop,354,72,426,0.15,
mt_set5/frenetic/test-98,2026-08-31T06:14:23.954583+00:00,2026-08-31T06:14:25.534922+00:00,1.5803,ok,0,stop,353,72,425,0.15,
mt/set_7/ambiegen/odr/test-875,2026-08-31T06:14:25.534966+00:00,2026-08-31T06:14:27.106039+00:00,1.571,ok,0,stop,354,72,426,0.15,
mt/set_13/ambiegen/test-5,2026-08-31T06:14:27.106082+00:00,2026-08-31T06:14:29.105783+00:00,1.9997,ok,0,stop,355,92,447,0.15,
mt/set_14/frenetic/test-753,2026-08-31T06:14:29.105827+00:00,2026-08-31T06:14:30.810333+00:00,1.7045,ok,0,stop,354,78,432,0.15,
mt_set6/frenetic/test-319,2026-08-31T06:14:30.810386+00:00,2026-08-31T06:14:32.392391+00:00,1.582,ok,0,stop,354,72,426,0.15,
mt/set_18/frenetic/test-529,2026-08-31T06:14:32.392440+00:00,2026-08-31T06:14:33.976114+00:00,1.5836,ok,0,stop,354,72,426,0.15,
mt/set_11/frenetic/test-417,2026-08-31T06:14:33.976158+00:00,2026-08-31T06:14:35.549041+00:00,1.5729,ok,0,stop,354,72,426,0.15,
mt/set_8/ambiegen/odr/test-763,2026-08-31T06:14:35.549086+00:00,2026-08-31T06:14:37.803397+00:00,2.2543,ok,0,stop,354,77,431,0.15,
mt/set_13/frenetic/test-455,2026-08-31T06:14:37.803470+00:00,2026-08-31T06:14:39.433398+00:00,1.6299,ok,0,stop,354,72,426,0.15,
mt/set_11/frenetic_v/test-506,2026-08-31T06:14:39.433443+00:00,2026-08-31T06:14:41.008573+00:00,1.5751,ok,0,stop,355,72,427,0.15,
mt/set_17/ambiegen/test-168,2026-08-31T06:14:41.008614+00:00,2026-08-31T06:14:42.686092+00:00,1.6774,ok,0,stop,354,77,431,0.15,
mt/set_13/frenetic_v/test-92,2026-08-31T06:14:42.686134+00:00,2026-08-31T06:14:44.258503+00:00,1.5723,ok,0,stop,355,72,427,0.15,
mt_set5/frenetic/test-325,2026-08-31T06:14:44.258546+00:00,2026-08-31T06:14:46.268700+00:00,2.0101,ok,0,stop,354,92,446,0.15,
mt/set_18/ambiegen/test-906,2026-08-31T06:14:46.268746+00:00,2026-08-31T06:14:47.980168+00:00,1.7114,ok,0,stop,354,78,432,0.65,
mt/set_9/ambiegen/test-494,2026-08-31T06:14:47.980215+00:00,2026-08-31T06:14:49.552893+00:00,1.5726,ok,0,stop,355,72,427,0.15,
mt_set6/frenetic/test-442,2026-08-31T06:14:49.552935+00:00,2026-08-31T06:14:51.260030+00:00,1.707,ok,0,stop,354,78,432,0.15,
mt/set_12/frenetic/test-901,2026-08-31T06:14:51.260088+00:00,2026-08-31T06:14:52.966835+00:00,1.7067,ok,0,stop,354,77,431,0.15,
mt/set_10/ambiegen/test-201,2026-08-31T06:14:52.966892+00:00,2026-08-31T06:14:54.559678+00:00,1.5927,ok,0,stop,354,72,426,0.15,
mt/set_13/ambiegen/test-481,2026-08-31T06:14:54.559742+00:00,2026-08-31T06:14:56.798208+00:00,2.2384,ok,0,stop,354,72,426,0.15,
mt_set6/frenetic/test-516,2026-08-31T06:14:56.798253+00:00,2026-08-31T06:14:58.593384+00:00,1.7951,ok,0,stop,353,77,430,0.15,
mt/set_7/frenetic_v/odr/test-576,2026-08-31T06:14:58.593474+00:00,2026-08-31T06:15:00.342555+00:00,1.749,ok,0,stop,354,77,431,0.15,
mt/set_12/frenetic_v/test-642,2026-08-31T06:15:00.342604+00:00,2026-08-31T06:15:02.068753+00:00,1.7261,ok,0,stop,355,78,433,0.15,
mt/set_16/frenetic_v/test-596,2026-08-31T06:15:02.068816+00:00,2026-08-31T06:15:03.638318+00:00,1.5695,ok,0,stop,355,72,427,0.15,
mt/set_8/frenetic/odr/test-833,2026-08-31T06:15:03.638369+00:00,2026-08-31T06:15:05.207972+00:00,1.5696,ok,0,stop,353,72,425,0.15,
mt/set_11/frenetic/test-650,2026-08-31T06:15:05.208017+00:00,2026-08-31T06:15:06.878073+00:00,1.67,ok,0,stop,353,72,425,0.15,
mt_set5/ambiegen/test-794,2026-08-31T06:15:06.878139+00:00,2026-08-31T06:15:08.575136+00:00,1.697,ok,0,stop,355,78,433,0.15,
mt/set_11/frenetic_v/test-866,2026-08-31T06:15:08.575181+00:00,2026-08-31T06:15:10.275482+00:00,1.7003,ok,0,stop,355,78,433,0.15,
mt/set_14/ambiegen/test-753,2026-08-31T06:15:10.275527+00:00,2026-08-31T06:15:11.845729+00:00,1.5702,ok,0,stop,354,72,426,0.15,
mt/set_17/frenetic/test-881,2026-08-31T06:15:11.845775+00:00,2026-08-31T06:15:13.420912+00:00,1.5751,ok,0,stop,353,72,425,0.15,
mt/set_13/frenetic/test-540,2026-08-31T06:15:13.420957+00:00,2026-08-31T06:15:15.093011+00:00,1.672,ok,0,stop,354,72,426,0.15,
mt/set_18/frenetic/test-345,2026-08-31T06:15:15.093055+00:00,2026-08-31T06:15:17.108279+00:00,2.0152,ok,0,stop,354,92,446,0.15,
mt/set_13/ambiegen/test-280,2026-08-31T06:15:17.108327+00:00,2026-08-31T06:15:18.761682+00:00,1.6533,ok,0,stop,354,76,430,0.35,
mt/set_13/frenetic/test-398,2026-08-31T06:15:18.761726+00:00,2026-08-31T06:15:20.457033+00:00,1.6953,ok,0,stop,354,78,432,0.15,
mt/set_16/frenetic/test-414,2026-08-31T06:15:20.457082+00:00,2026-08-31T06:15:22.045603+00:00,1.5885,ok,0,stop,354,72,426,0.15,
mt_set5/frenetic/test-780,2026-08-31T06:15:22.045659+00:00,2026-08-31T06:15:23.615049+00:00,1.5694,ok,0,stop,354,72,426,0.15,
mt/set_14/ambiegen/test-638,2026-08-31T06:15:23.615098+00:00,2026-08-31T06:15:25.288185+00:00,1.673,ok,0,stop,354,77,431,0.15,
mt/set_8/frenetic_v/odr/test-773,2026-08-31T06:15:25.288233+00:00,2026-08-31T06:15:26.984934+00:00,1.6967,ok,0,stop,355,78,433,0.15,
mt_set5/frenetic_v/test-254,2026-08-31T06:15:26.984983+00:00,2026-08-31T06:15:28.555157+00:00,1.5701,ok,0,stop,354,72,426,0.15,
mt/set_7/frenetic_v/odr/test-510,2026-08-31T06:15:28.555204+00:00,2026-08-31T06:15:30.124903+00:00,1.5697,ok,0,stop,355,72,427,0.15,
mt/set_9/frenetic/test-812,2026-08-31T06:15:30.124945+00:00,2026-08-31T06:15:31.697495+00:00,1.5725,ok,0,stop,353,72,425,0.15,
mt/set_2/ambiegen/odr/test-291,2026-08-31T06:15:31.697537+00:00,2026-08-31T06:15:33.902989+00:00,2.2054,ok,0,stop,354,72,426,0.25,
mt/set_11/ambiegen/test-128,2026-08-31T06:15:33.903030+00:00,2026-08-31T06:15:35.751452+00:00,1.8484,ok,0,stop,355,81,436,0.15,
mt/set_8/frenetic_v/odr/test-587,2026-08-31T06:15:35.751499+00:00,2026-08-31T06:15:37.338482+00:00,1.587,ok,0,stop,354,72,426,0.15,
mt/set_9/frenetic/test-730,2026-08-31T06:15:37.338525+00:00,2026-08-31T06:15:38.922903+00:00,1.5843,ok,0,stop,353,72,425,0.15,
mt_set5/ambiegen/test-503,2026-08-31T06:15:38.922945+00:00,2026-08-31T06:15:40.617616+00:00,1.6946,ok,0,stop,354,77,431,0.15,
mt_set6/frenetic/test-204,2026-08-31T06:15:40.617659+00:00,2026-08-31T06:15:42.206794+00:00,1.5891,ok,0,stop,353,72,425,0.15,
mt/set_12/ambiegen/test-720,2026-08-31T06:15:42.206838+00:00,2026-08-31T06:15:44.236060+00:00,2.0292,ok,0,stop,354,92,446,0.15,
mt/set_2/ambiegen/odr/test-901,2026-08-31T06:15:44.236109+00:00,2026-08-31T06:15:45.930562+00:00,1.6944,ok,0,stop,355,77,432,0.25,
mt/set_7/ambiegen/odr/test-408,2026-08-31T06:15:45.930627+00:00,2026-08-31T06:15:47.625176+00:00,1.6945,ok,0,stop,354,77,431,0.15,
mt/set_18/ambiegen/test-543,2026-08-31T06:15:47.625223+00:00,2026-08-31T06:15:49.204604+00:00,1.5793,ok,0,stop,354,72,426,0.15,
mt/set_8/frenetic/odr/test-585,2026-08-31T06:15:49.204655+00:00,2026-08-31T06:15:50.911641+00:00,1.7069,ok,0,stop,354,78,432,0.15,
mt/set_18/frenetic/test-394,2026-08-31T06:15:50.911690+00:00,2026-08-31T06:15:53.225181+00:00,2.3135,ok,0,stop,353,77,430,0.15,
mt/set_11/frenetic/test-276,2026-08-31T06:15:53.225225+00:00,2026-08-31T06:15:54.887845+00:00,1.6626,ok,0,stop,353,72,425,0.15,
mt/set_16/frenetic/test-222,2026-08-31T06:15:54.887899+00:00,2026-08-31T06:15:56.462024+00:00,1.5741,ok,0,stop,354,72,426,0.15,
mt/set_16/frenetic/test-764,2026-08-31T06:15:56.462078+00:00,2026-08-31T06:15:58.183661+00:00,1.7215,ok,0,stop,354,77,431,0.15,
mt/set_16/ambiegen/test-241,2026-08-31T06:15:58.183712+00:00,2026-08-31T06:15:59.871517+00:00,1.6878,ok,0,stop,354,77,431,0.15,
mt/set_17/ambiegen/test-706,2026-08-31T06:15:59.871568+00:00,2026-08-31T06:16:01.449667+00:00,1.5781,ok,0,stop,354,72,426,0.15,
mt/set_13/frenetic/test-579,2026-08-31T06:16:01.449730+00:00,2026-08-31T06:16:03.097576+00:00,1.6478,ok,0,stop,354,72,426,0.15,
mt/set_18/frenetic/test-754,2026-08-31T06:16:03.097653+00:00,2026-08-31T06:16:04.785187+00:00,1.6875,ok,0,stop,354,77,431,0.15,
mt/set_14/frenetic_v/test-684,2026-08-31T06:16:04.785237+00:00,2026-08-31T06:16:06.374089+00:00,1.5888,ok,0,stop,355,72,427,0.15,
mt/set_10/frenetic_v/test-164,2026-08-31T06:16:06.374135+00:00,2026-08-31T06:16:07.982051+00:00,1.6079,ok,0,stop,354,72,426,0.15,
mt/set_7/frenetic/odr/test-428,2026-08-31T06:16:07.982095+00:00,2026-08-31T06:16:09.559651+00:00,1.5775,ok,0,stop,354,72,426,0.15,
mt/set_17/frenetic/test-170,2026-08-31T06:16:09.559697+00:00,2026-08-31T06:16:11.377369+00:00,1.8176,ok,0,stop,354,77,431,0.15,
mt/set_18/frenetic/test-236,2026-08-31T06:16:11.377420+00:00,2026-08-31T06:16:12.967929+00:00,1.5905,ok,0,stop,354,72,426,0.15,
mt/set_11/frenetic/test-374,2026-08-31T06:16:12.967993+00:00,2026-08-31T06:16:14.545545+00:00,1.5775,ok,0,stop,353,72,425,0.15,
mt_set5/ambiegen/test-417,2026-08-31T06:16:14.545610+00:00,2026-08-31T06:16:16.166301+00:00,1.6207,ok,0,stop,354,72,426,0.15,
mt/set_8/frenetic_v/odr/test-156,2026-08-31T06:16:16.166353+00:00,2026-08-31T06:16:17.881676+00:00,1.7153,ok,0,stop,355,78,433,0.15,
mt_set6/frenetic/test-347,2026-08-31T06:16:17.881730+00:00,2026-08-31T06:16:19.465578+00:00,1.5838,ok,0,stop,353,72,425,0.15,
mt/set_2/ambiegen/odr/test-691,2026-08-31T06:16:19.465635+00:00,2026-08-31T06:16:21.093168+00:00,1.6275,ok,0,stop,354,72,426,0.15,
mt/set_17/frenetic_v/test-614,2026-08-31T06:16:21.093222+00:00,2026-08-31T06:16:23.163249+00:00,2.07,ok,0,stop,355,92,447,0.15,
mt/set_8/ambiegen/odr/test-388,2026-08-31T06:16:23.163316+00:00,2026-08-31T06:16:24.904151+00:00,1.7408,ok,0,stop,354,77,431,0.15,
mt/set_18/frenetic/test-282,2026-08-31T06:16:24.904198+00:00,2026-08-31T06:16:26.672191+00:00,1.768,ok,0,stop,354,78,432,0.15,
mt/set_12/frenetic/test-540,2026-08-31T06:16:26.672239+00:00,2026-08-31T06:16:28.810790+00:00,2.1385,ok,0,stop,353,72,425,0.15,
mt/set_11/frenetic/test-354,2026-08-31T06:16:28.810839+00:00,2026-08-31T06:16:30.444979+00:00,1.6341,ok,0,stop,353,72,425,0.15,
mt/set_18/ambiegen/test-200,2026-08-31T06:16:30.445023+00:00,2026-08-31T06:16:32.020906+00:00,1.5759,ok,0,stop,354,72,426,0.15,
mt/set_13/frenetic_v/test-452,2026-08-31T06:16:32.020949+00:00,2026-08-31T06:16:33.594628+00:00,1.5736,ok,0,stop,355,72,427,0.15,
mt/set_11/frenetic/test-595,2026-08-31T06:16:33.594674+00:00,2026-08-31T06:16:35.166784+00:00,1.5721,ok,0,stop,353,72,425,0.15,
mt/set_9/ambiegen/test-886,2026-08-31T06:16:35.166832+00:00,2026-08-31T06:16:36.758342+00:00,1.5915,ok,0,stop,354,72,426,0.15,
mt_set5/ambiegen/test-577,2026-08-31T06:16:36.758384+00:00,2026-08-31T06:16:38.524765+00:00,1.7663,ok,0,stop,354,81,435,0.35,
mt/set_17/ambiegen/test-389,2026-08-31T06:16:38.524813+00:00,2026-08-31T06:16:40.034759+00:00,1.5099,ok,0,stop,354,69,423,0.65,
mt_set5/ambiegen/test-581,2026-08-31T06:16:40.034800+00:00,2026-08-31T06:16:41.801414+00:00,1.7666,ok,0,stop,354,81,435,0.35,
mt/set_10/frenetic/test-805,2026-08-31T06:16:41.801465+00:00,2026-08-31T06:16:43.480961+00:00,1.6795,ok,0,stop,354,77,431,0.15,
mt/set_13/ambiegen/test-617,2026-08-31T06:16:43.481003+00:00,2026-08-31T06:16:45.160487+00:00,1.6795,ok,0,stop,354,77,431,0.15,
mt/set_18/ambiegen/test-911,2026-08-31T06:16:45.160530+00:00,2026-08-31T06:16:46.732873+00:00,1.5723,ok,0,stop,354,72,426,0.15,
mt/set_13/ambiegen/test-74,2026-08-31T06:16:46.732920+00:00,2026-08-31T06:16:49.042732+00:00,2.3098,ok,0,stop,354,77,431,0.15,
mt/set_13/frenetic/test-873,2026-08-31T06:16:49.042775+00:00,2026-08-31T06:16:50.836571+00:00,1.7938,ok,0,stop,354,78,432,0.15,
mt/set_7/ambiegen/odr/test-77,2026-08-31T06:16:50.836614+00:00,2026-08-31T06:16:52.421523+00:00,1.5849,ok,0,stop,354,72,426,0.15,
mt/set_18/frenetic/test-805,2026-08-31T06:16:52.421569+00:00,2026-08-31T06:16:54.009155+00:00,1.5875,ok,0,stop,354,72,426,0.15,
mt/set_6/frenetic_v/test-676,2026-08-31T06:16:54.009221+00:00,2026-08-31T06:16:55.591864+00:00,1.5826,ok,0,stop,354,72,426,0.15,
mt/set_13/frenetic_v/test-492,2026-08-31T06:16:55.591910+00:00,2026-08-31T06:16:57.162600+00:00,1.5707,ok,0,stop,354,72,426,0.15,
mt/set_14/ambiegen/test-342,2026-08-31T06:16:57.162644+00:00,2026-08-31T06:16:58.909471+00:00,1.7468,ok,0,stop,354,77,431,0.15,
mt/set_16/frenetic_v/test-606,2026-08-31T06:16:58.909511+00:00,2026-08-31T06:17:00.482061+00:00,1.5725,ok,0,stop,355,72,427,0.15,
mt/set_13/frenetic/test-429,2026-08-31T06:17:00.482104+00:00,2026-08-31T06:17:02.162354+00:00,1.6802,ok,0,stop,353,77,430,0.15,
mt/set_18/frenetic/test-881,2026-08-31T06:17:02.162393+00:00,2026-08-31T06:17:03.741004+00:00,1.5786,ok,0,stop,354,72,426,0.15,
mt/set_11/frenetic/test-26,2026-08-31T06:17:03.741044+00:00,2026-08-31T06:17:05.526448+00:00,1.7854,ok,0,stop,354,77,431,0.15,
mt/set_18/ambiegen/test-506,2026-08-31T06:17:05.526493+00:00,2026-08-31T06:17:06.929112+00:00,1.4026,ok,0,stop,353,62,415,0.15,
mt/set_13/ambiegen/test-746,2026-08-31T06:17:06.929160+00:00,2026-08-31T06:17:08.631990+00:00,1.7028,ok,0,stop,354,78,432,0.15,
mt/set_14/ambiegen/test-215,2026-08-31T06:17:08.632034+00:00,2026-08-31T06:17:10.315681+00:00,1.6836,ok,0,stop,354,77,431,0.15,
mt/set_2/ambiegen/odr/test-763,2026-08-31T06:17:10.315727+00:00,2026-08-31T06:17:12.020473+00:00,1.7047,ok,0,stop,355,78,433,0.15,
mt/set_10/frenetic_v/test-648,2026-08-31T06:17:12.020517+00:00,2026-08-31T06:17:13.600040+00:00,1.5795,ok,0,stop,354,72,426,0.15,
mt/set_9/frenetic_v/test-265,2026-08-31T06:17:13.600082+00:00,2026-08-31T06:17:15.177401+00:00,1.5773,ok,0,stop,354,72,426,0.15,
mt/set_14/frenetic/test-53,2026-08-31T06:17:15.177445+00:00,2026-08-31T06:17:16.884310+00:00,1.7068,ok,0,stop,354,78,432,0.15,
mt/set_9/frenetic_v/test-495,2026-08-31T06:17:16.884354+00:00,2026-08-31T06:17:18.463256+00:00,1.5789,ok,0,stop,355,72,427,0.15,
mt/set_18/frenetic/test-490,2026-08-31T06:17:18.463301+00:00,2026-08-31T06:17:20.072684+00:00,1.6093,ok,0,stop,353,72,425,0.15,
mt/set_13/frenetic/test-657,2026-08-31T06:17:20.072733+00:00,2026-08-31T06:17:21.650753+00:00,1.578,ok,0,stop,353,72,425,0.15,
mt/set_7/frenetic_v/odr/test-258,2026-08-31T06:17:21.650796+00:00,2026-08-31T06:17:23.682066+00:00,2.0312,ok,0,stop,355,72,427,0.15,
mt/set_17/frenetic/test-152,2026-08-31T06:17:23.682108+00:00,2026-08-31T06:17:25.319730+00:00,1.6376,ok,0,stop,354,72,426,0.15,
mt/set_11/frenetic/test-589,2026-08-31T06:17:25.319772+00:00,2026-08-31T06:17:26.904351+00:00,1.5845,ok,0,stop,354,72,426,0.15,
mt/set_12/frenetic_v/test-243,2026-08-31T06:17:26.904430+00:00,2026-08-31T06:17:28.607797+00:00,1.7033,ok,0,stop,355,78,433,0.15,
mt/set_11/frenetic_v/test-424,2026-08-31T06:17:28.607842+00:00,2026-08-31T06:17:30.225097+00:00,1.6172,ok,0,stop,354,72,426,0.15,
mt/set_16/frenetic/test-492,2026-08-31T06:17:30.225141+00:00,2026-08-31T06:17:31.813756+00:00,1.5886,ok,0,stop,353,72,425,0.15,
mt/set_11/frenetic/test-332,2026-08-31T06:17:31.813800+00:00,2026-08-31T06:17:33.399111+00:00,1.5853,ok,0,stop,353,72,425,0.15,
mt/set_9/frenetic_v/test-152,2026-08-31T06:17:33.399182+00:00,2026-08-31T06:17:35.012726+00:00,1.6135,ok,0,stop,355,72,427,0.15,
mt/set_14/ambiegen/test-863,2026-08-31T06:17:35.012774+00:00,2026-08-31T06:17:36.782459+00:00,1.7696,ok,0,stop,354,81,435,0.35,
mt/set_11/frenetic_v/test-60,2026-08-31T06:17:36.782514+00:00,2026-08-31T06:17:38.515456+00:00,1.7329,ok,0,stop,355,78,433,0.15,
mt/set_18/frenetic/test-853,2026-08-31T06:17:38.515520+00:00,2026-08-31T06:17:40.120542+00:00,1.605,ok,0,stop,354,72,426,0.15,
mt/set_13/frenetic_v/test-155,2026-08-31T06:17:40.120597+00:00,2026-08-31T06:17:41.834329+00:00,1.7137,ok,0,stop,355,78,433,0.15,
mt/set_16/ambiegen/test-326,2026-08-31T06:17:41.834383+00:00,2026-08-31T06:17:44.147775+00:00,2.3134,ok,0,stop,354,77,431,0.15,
mt/set_8/frenetic_v/odr/test-84,2026-08-31T06:17:44.147829+00:00,2026-08-31T06:17:45.948303+00:00,1.8004,ok,0,stop,355,77,432,0.15,
mt/set_6/frenetic_v/test-929,2026-08-31T06:17:45.948365+00:00,2026-08-31T06:17:47.686611+00:00,1.7382,ok,0,stop,355,78,433,0.15,
mt/set_11/frenetic_v/test-158,2026-08-31T06:17:47.686663+00:00,2026-08-31T06:17:49.320964+00:00,1.6343,ok,0,stop,355,72,427,0.15,
mt/set_16/frenetic_v/test-432,2026-08-31T06:17:49.321018+00:00,2026-08-31T06:17:51.083233+00:00,1.7622,ok,0,stop,354,78,432,0.15,
mt/set_14/ambiegen/test-629,2026-08-31T06:17:51.083288+00:00,2026-08-31T06:17:53.242496+00:00,2.1592,ok,0,stop,354,96,450,0.35,
mt/set_12/frenetic/test-367,2026-08-31T06:17:53.242562+00:00,2026-08-31T06:17:54.848735+00:00,1.6061,ok,0,stop,353,72,425,0.15,
mt/set_11/frenetic_v/test-39,2026-08-31T06:17:54.848783+00:00,2026-08-31T06:17:56.421845+00:00,1.573,ok,0,stop,355,72,427,0.15,
mt/set_16/ambiegen/test-857,2026-08-31T06:17:56.421892+00:00,2026-08-31T06:17:57.993010+00:00,1.5711,ok,0,stop,354,72,426,0.15,
mt_set5/frenetic_v/test-378,2026-08-31T06:17:57.993066+00:00,2026-08-31T06:17:59.696484+00:00,1.7034,ok,0,stop,355,78,433,0.15,
mt/set_11/frenetic/test-599,2026-08-31T06:17:59.696536+00:00,2026-08-31T06:18:01.381727+00:00,1.6852,ok,0,stop,353,72,425,0.15,
mt/set_7/frenetic_v/odr/test-270,2026-08-31T06:18:01.381789+00:00,2026-08-31T06:18:02.953608+00:00,1.5718,ok,0,stop,355,71,426,0.15,
mt/set_6/frenetic_v/test-205,2026-08-31T06:18:02.953658+00:00,2026-08-31T06:18:04.529683+00:00,1.576,ok,0,stop,355,72,427,0.15,
mt_set6/frenetic/test-599,2026-08-31T06:18:04.529733+00:00,2026-08-31T06:18:06.104620+00:00,1.5749,ok,0,stop,354,72,426,0.15,
mt/set_18/ambiegen/test-118,2026-08-31T06:18:06.104674+00:00,2026-08-31T06:18:07.881556+00:00,1.7768,ok,0,stop,354,80,434,0.35,
mt/set_8/frenetic/odr/test-40,2026-08-31T06:18:07.881611+00:00,2026-08-31T06:18:09.459092+00:00,1.5774,ok,0,stop,354,72,426,0.15,
mt/set_11/frenetic/test-88,2026-08-31T06:18:09.459138+00:00,2026-08-31T06:18:11.141898+00:00,1.6827,ok,0,stop,353,77,430,0.15,
mt/set_16/frenetic/test-265,2026-08-31T06:18:11.141949+00:00,2026-08-31T06:18:12.717738+00:00,1.5758,ok,0,stop,354,72,426,0.15,
mt/set_11/frenetic/test-862,2026-08-31T06:18:12.717795+00:00,2026-08-31T06:18:14.296350+00:00,1.5785,ok,0,stop,353,72,425,0.15,
mt/set_12/ambiegen/test-592,2026-08-31T06:18:14.296420+00:00,2026-08-31T06:18:15.981185+00:00,1.6847,ok,0,stop,354,77,431,0.15,
mt/set_11/ambiegen/test-351,2026-08-31T06:18:15.981233+00:00,2026-08-31T06:18:17.663002+00:00,1.6817,ok,0,stop,354,77,431,0.15,
mt/set_7/frenetic_v/odr/test-452,2026-08-31T06:18:17.663066+00:00,2026-08-31T06:18:19.666708+00:00,2.0036,ok,0,stop,355,72,427,0.15,
mt/set_8/ambiegen/odr/test-62,2026-08-31T06:18:19.666768+00:00,2026-08-31T06:18:21.420275+00:00,1.7535,ok,0,stop,354,77,431,0.15,
mt/set_9/frenetic/test-720,2026-08-31T06:18:21.420335+00:00,2026-08-31T06:18:23.105389+00:00,1.685,ok,0,stop,353,77,430,0.15,
mt/set_6/frenetic_v/test-133,2026-08-31T06:18:23.105444+00:00,2026-08-31T06:18:24.789716+00:00,1.6842,ok,0,stop,355,77,432,0.15,
mt/set_11/frenetic/test-426,2026-08-31T06:18:24.789770+00:00,2026-08-31T06:18:26.473441+00:00,1.6836,ok,0,stop,354,77,431,0.15,
mt/set_6/frenetic_v/test-714,2026-08-31T06:18:26.473503+00:00,2026-08-31T06:18:28.092582+00:00,1.619,ok,0,stop,354,72,426,0.15,
mt/set_2/ambiegen/odr/test-204,2026-08-31T06:18:28.092671+00:00,2026-08-31T06:18:29.678436+00:00,1.5857,ok,0,stop,354,72,426,0.15,
mt/set_11/frenetic_v/test-749,2026-08-31T06:18:29.678484+00:00,2026-08-31T06:18:31.256740+00:00,1.5782,ok,0,stop,354,72,426,0.15,
mt/set_14/ambiegen/test-292,2026-08-31T06:18:31.256824+00:00,2026-08-31T06:18:32.952132+00:00,1.6953,ok,0,stop,354,77,431,0.15,
mt/set_7/frenetic/odr/test-331,2026-08-31T06:18:32.952192+00:00,2026-08-31T06:18:34.683038+00:00,1.7308,ok,0,stop,354,77,431,0.15,
mt/set_18/ambiegen/test-108,2026-08-31T06:18:34.683118+00:00,2026-08-31T06:18:36.260424+00:00,1.5773,ok,0,stop,354,72,426,0.15,
mt/set_17/frenetic/test-124,2026-08-31T06:18:36.260505+00:00,2026-08-31T06:18:37.838220+00:00,1.5777,ok,0,stop,353,72,425,0.15,
mt/set_17/frenetic/test-269,2026-08-31T06:18:37.838287+00:00,2026-08-31T06:18:39.993620+00:00,2.1553,ok,0,stop,353,72,425,0.15,
mt/set_9/frenetic/test-200,2026-08-31T06:18:39.993672+00:00,2026-08-31T06:18:41.650181+00:00,1.6565,ok,0,stop,353,72,425,0.15,
mt/set_2/ambiegen/odr/test-677,2026-08-31T06:18:41.650234+00:00,2026-08-31T06:18:43.258287+00:00,1.608,ok,0,stop,355,72,427,0.15,
mt/set_10/frenetic/test-112,2026-08-31T06:18:43.258339+00:00,2026-08-31T06:18:45.178449+00:00,1.9201,ok,0,stop,353,88,441,0.15,
mt/set_6/frenetic_v/test-843,2026-08-31T06:18:45.178500+00:00,2026-08-31T06:18:46.753414+00:00,1.5749,ok,0,stop,354,72,426,0.15,
mt_set5/ambiegen/test-23,2026-08-31T06:18:46.753472+00:00,2026-08-31T06:18:48.478221+00:00,1.7247,ok,0,stop,354,78,432,0.15,
mt_set6/frenetic/test-253,2026-08-31T06:18:48.478313+00:00,2026-08-31T06:18:50.214756+00:00,1.7364,ok,0,stop,354,77,431,0.15,
mt/set_8/ambiegen/odr/test-836,2026-08-31T06:18:50.214808+00:00,2026-08-31T06:18:51.905173+00:00,1.6903,ok,0,stop,354,77,431,0.15,
mt_set5/frenetic_v/test-757,2026-08-31T06:18:51.905277+00:00,2026-08-31T06:18:53.608982+00:00,1.7037,ok,0,stop,355,78,433,0.15,
mt/set_17/ambiegen/test-573,2026-08-31T06:18:53.609034+00:00,2026-08-31T06:18:55.184802+00:00,1.5757,ok,0,stop,355,72,427,0.15,
mt/set_16/frenetic_v/test-856,2026-08-31T06:18:55.184875+00:00,2026-08-31T06:18:56.882479+00:00,1.6976,ok,0,stop,354,72,426,0.15,
mt/set_7/ambiegen/odr/test-925,2026-08-31T06:18:56.882548+00:00,2026-08-31T06:18:58.490994+00:00,1.6084,ok,0,stop,354,72,426,0.15,
mt/set_14/frenetic_v/test-64,2026-08-31T06:18:58.491043+00:00,2026-08-31T06:19:00.076132+00:00,1.5851,ok,0,stop,354,72,426,0.15,
mt/set_16/ambiegen/test-406,2026-08-31T06:19:00.076181+00:00,2026-08-31T06:19:01.870241+00:00,1.794,ok,0,stop,354,80,434,0.15,
mt/set_7/frenetic/odr/test-652,2026-08-31T06:19:01.870291+00:00,2026-08-31T06:19:03.463094+00:00,1.5928,ok,0,stop,353,72,425,0.15,
mt/set_8/frenetic/odr/test-272,2026-08-31T06:19:03.463159+00:00,2026-08-31T06:19:05.172158+00:00,1.709,ok,0,stop,354,78,432,0.15,
mt/set_8/frenetic_v/odr/test-831,2026-08-31T06:19:05.172226+00:00,2026-08-31T06:19:06.742819+00:00,1.5706,ok,0,stop,355,72,427,0.15,
mt/set_16/ambiegen/test-82,2026-08-31T06:19:06.742873+00:00,2026-08-31T06:19:08.335806+00:00,1.5929,ok,0,stop,354,72,426,0.15,
mt/set_14/ambiegen/test-56,2026-08-31T06:19:08.335858+00:00,2026-08-31T06:19:10.202535+00:00,1.8666,ok,0,stop,355,82,437,0.35,
mt/set_12/frenetic/test-943,2026-08-31T06:19:10.202593+00:00,2026-08-31T06:19:11.799882+00:00,1.5973,ok,0,stop,353,72,425,0.15,
mt/set_8/frenetic_v/odr/test-561,2026-08-31T06:19:11.799933+00:00,2026-08-31T06:19:13.768107+00:00,1.9679,ok,0,stop,355,72,427,0.15,
mt/set_11/ambiegen/test-582,2026-08-31T06:19:13.768482+00:00,2026-08-31T06:19:15.688930+00:00,1.9204,ok,0,stop,354,78,432,0.15,
mt/set_6/frenetic_v/test-122,2026-08-31T06:19:15.688983+00:00,2026-08-31T06:19:17.267405+00:00,1.5784,ok,0,stop,355,72,427,0.15,
mt/set_8/frenetic/odr/test-318,2026-08-31T06:19:17.267457+00:00,2026-08-31T06:19:18.840708+00:00,1.5732,ok,0,stop,354,72,426,0.15,
mt/set_11/frenetic_v/test-449,2026-08-31T06:19:18.840780+00:00,2026-08-31T06:19:20.531188+00:00,1.6904,ok,0,stop,355,77,432,0.15,
mt/set_17/ambiegen/test-242,2026-08-31T06:19:20.531248+00:00,2026-08-31T06:19:22.250911+00:00,1.7196,ok,0,stop,355,78,433,0.15,
mt/set_12/frenetic_v/test-199,2026-08-31T06:19:22.250975+00:00,2026-08-31T06:19:23.827121+00:00,1.5761,ok,0,stop,355,72,427,0.15,
mt/set_14/frenetic/test-613,2026-08-31T06:19:23.827169+00:00,2026-08-31T06:19:25.507341+00:00,1.6801,ok,0,stop,354,77,431,0.15,
mt/set_13/ambiegen/test-371,2026-08-31T06:19:25.507415+00:00,2026-08-31T06:19:27.083945+00:00,1.5765,ok,0,stop,354,72,426,0.15,
mt/set_13/ambiegen/test-745,2026-08-31T06:19:27.084014+00:00,2026-08-31T06:19:28.658455+00:00,1.5744,ok,0,stop,354,72,426,0.15,
mt/set_12/ambiegen/test-471,2026-08-31T06:19:28.658505+00:00,2026-08-31T06:19:30.157227+00:00,1.4987,ok,0,stop,353,68,421,0.15,
mt/set_12/frenetic/test-575,2026-08-31T06:19:30.157275+00:00,2026-08-31T06:19:31.860838+00:00,1.7035,ok,0,stop,354,78,432,0.15,
mt/set_7/frenetic/odr/test-51,2026-08-31T06:19:31.860889+00:00,2026-08-31T06:19:33.996331+00:00,2.1354,ok,0,stop,353,72,425,0.15,
mt/set_7/ambiegen/odr/test-744,2026-08-31T06:19:33.996383+00:00,2026-08-31T06:19:35.638672+00:00,1.6422,ok,0,stop,354,72,426,0.15,
mt_set6/frenetic/test-848,2026-08-31T06:19:35.638836+00:00,2026-08-31T06:19:37.362872+00:00,1.724,ok,0,stop,354,77,431,0.15,
mt/set_14/frenetic_v/test-611,2026-08-31T06:19:37.362922+00:00,2026-08-31T06:19:38.933859+00:00,1.5709,ok,0,stop,354,72,426,0.15,
mt/set_8/ambiegen/odr/test-803,2026-08-31T06:19:38.933911+00:00,2026-08-31T06:19:40.505777+00:00,1.5718,ok,0,stop,354,72,426,0.15,
mt/set_17/frenetic/test-197,2026-08-31T06:19:40.505831+00:00,2026-08-31T06:19:42.182004+00:00,1.6761,ok,0,stop,354,77,431,0.15,
mt_set5/ambiegen/test-537,2026-08-31T06:19:42.182059+00:00,2026-08-31T06:19:43.819643+00:00,1.6376,ok,0,stop,354,72,426,0.15,
mt/set_17/frenetic/test-898,2026-08-31T06:19:43.819693+00:00,2026-08-31T06:19:45.389446+00:00,1.5697,ok,0,stop,353,72,425,0.15,
mt/set_12/frenetic_v/test-136,2026-08-31T06:19:45.389497+00:00,2026-08-31T06:19:46.939345+00:00,1.5498,ok,0,stop,355,71,426,0.15,
mt/set_8/frenetic/odr/test-691,2026-08-31T06:19:46.939393+00:00,2026-08-31T06:19:48.616198+00:00,1.6768,ok,0,stop,354,77,431,0.15,
mt/set_7/frenetic/odr/test-925,2026-08-31T06:19:48.616248+00:00,2026-08-31T06:19:50.647387+00:00,2.0311,ok,0,stop,353,89,442,0.15,
mt/set_8/frenetic/odr/test-847,2026-08-31T06:19:50.647447+00:00,2026-08-31T06:19:52.397064+00:00,1.7496,ok,0,stop,354,78,432,0.15,
mt/set_9/frenetic_v/test-87,2026-08-31T06:19:52.397121+00:00,2026-08-31T06:19:53.976516+00:00,1.5794,ok,0,stop,354,72,426,0.15,
mt/set_8/frenetic_v/odr/test-508,2026-08-31T06:19:53.976576+00:00,2026-08-31T06:19:55.555728+00:00,1.5791,ok,0,stop,355,72,427,0.15,
mt_set6/frenetic/test-634,2026-08-31T06:19:55.555796+00:00,2026-08-31T06:19:57.567459+00:00,2.0116,ok,0,stop,354,92,446,0.25,
mt/set_8/ambiegen/odr/test-93,2026-08-31T06:19:57.567552+00:00,2026-08-31T06:19:59.273062+00:00,1.7055,ok,0,stop,355,78,433,0.15,
mt/set_11/frenetic_v/test-119,2026-08-31T06:19:59.273118+00:00,2026-08-31T06:20:00.848495+00:00,1.5753,ok,0,stop,355,72,427,0.15,
mt/set_16/ambiegen/test-394,2026-08-31T06:20:00.848547+00:00,2026-08-31T06:20:02.425588+00:00,1.577,ok,0,stop,355,72,427,0.15,
mt/set_7/frenetic/odr/test-477,2026-08-31T06:20:02.425640+00:00,2026-08-31T06:20:04.167417+00:00,1.7417,ok,0,stop,354,78,432,0.15,
mt/set_14/frenetic/test-183,2026-08-31T06:20:04.167490+00:00,2026-08-31T06:20:05.752606+00:00,1.5851,ok,0,stop,354,72,426,0.15,
mt_set5/frenetic/test-522,2026-08-31T06:20:05.752663+00:00,2026-08-31T06:20:07.438098+00:00,1.6854,ok,0,stop,354,77,431,0.15,
mt/set_11/frenetic/test-269,2026-08-31T06:20:07.438146+00:00,2026-08-31T06:20:09.499227+00:00,2.0611,ok,0,stop,354,72,426,0.15,
mt_set5/frenetic/test-235,2026-08-31T06:20:09.499281+00:00,2026-08-31T06:20:11.262414+00:00,1.7631,ok,0,stop,354,78,432,0.15,
mt/set_14/ambiegen/test-355,2026-08-31T06:20:11.262457+00:00,2026-08-31T06:20:12.840666+00:00,1.5782,ok,0,stop,355,72,427,0.15,
mt/set_11/ambiegen/test-872,2026-08-31T06:20:12.840717+00:00,2026-08-31T06:20:14.715711+00:00,1.875,ok,0,stop,354,84,438,0.35,
mt/set_10/ambiegen/test-629,2026-08-31T06:20:14.715781+00:00,2026-08-31T06:20:16.291978+00:00,1.5762,ok,0,stop,353,72,425,0.15,
mt/set_2/ambiegen/odr/test-824,2026-08-31T06:20:16.292067+00:00,2026-08-31T06:20:18.182573+00:00,1.8905,ok,0,stop,354,86,440,0.25,
mt/set_7/ambiegen/odr/test-517,2026-08-31T06:20:18.182626+00:00,2026-08-31T06:20:19.865767+00:00,1.6831,ok,0,stop,354,75,429,0.35,
mt/set_11/ambiegen/test-256,2026-08-31T06:20:19.865826+00:00,2026-08-31T06:20:21.448319+00:00,1.5824,ok,0,stop,355,72,427,0.15,
mt/set_11/ambiegen/test-116,2026-08-31T06:20:21.448377+00:00,2026-08-31T06:20:23.468495+00:00,2.0201,ok,0,stop,354,91,445,0.25,
mt/set_9/frenetic/test-56,2026-08-31T06:20:23.468549+00:00,2026-08-31T06:20:25.034245+00:00,1.5657,ok,0,stop,354,71,425,0.15,
mt/set_13/frenetic/test-543,2026-08-31T06:20:25.034293+00:00,2026-08-31T06:20:26.727052+00:00,1.6927,ok,0,stop,354,77,431,0.15,
mt/set_12/frenetic/test-512,2026-08-31T06:20:26.727103+00:00,2026-08-31T06:20:28.603262+00:00,1.8757,ok,0,stop,353,77,430,0.15,
mt/set_9/ambiegen/test-524,2026-08-31T06:20:28.603900+00:00,2026-08-31T06:20:30.820181+00:00,2.2162,ok,0,stop,354,77,431,0.15,
mt/set_8/frenetic_v/odr/test-510,2026-08-31T06:20:30.820262+00:00,2026-08-31T06:20:32.487247+00:00,1.6669,ok,0,stop,354,72,426,0.15,
mt/set_10/frenetic_v/test-379,2026-08-31T06:20:32.487301+00:00,2026-08-31T06:20:34.225060+00:00,1.7377,ok,0,stop,355,77,432,0.15,
mt/set_8/ambiegen/odr/test-270,2026-08-31T06:20:34.225122+00:00,2026-08-31T06:20:36.131065+00:00,1.9059,ok,0,stop,354,85,439,0.35,
mt/set_10/frenetic_v/test-846,2026-08-31T06:20:36.131114+00:00,2026-08-31T06:20:37.732169+00:00,1.601,ok,0,stop,355,72,427,0.15,
mt/set_13/frenetic_v/test-593,2026-08-31T06:20:37.732217+00:00,2026-08-31T06:20:39.478233+00:00,1.746,ok,0,stop,355,77,432,0.15,
mt/set_9/frenetic_v/test-176,2026-08-31T06:20:39.478282+00:00,2026-08-31T06:20:41.060824+00:00,1.5825,ok,0,stop,355,72,427,0.15,
mt/set_9/frenetic/test-342,2026-08-31T06:20:41.060880+00:00,2026-08-31T06:20:42.772774+00:00,1.7119,ok,0,stop,354,78,432,0.15,
mt/set_6/frenetic_v/test-84,2026-08-31T06:20:42.772824+00:00,2026-08-31T06:20:44.350138+00:00,1.5773,ok,0,stop,355,72,427,0.15,
mt/set_11/frenetic_v/test-374,2026-08-31T06:20:44.350188+00:00,2026-08-31T06:20:45.929019+00:00,1.5788,ok,0,stop,354,72,426,0.15,
mt/set_12/frenetic/test-176,2026-08-31T06:20:45.929066+00:00,2026-08-31T06:20:47.660628+00:00,1.7315,ok,0,stop,353,77,430,0.15,
mt_set5/ambiegen/test-140,2026-08-31T06:20:47.660689+00:00,2026-08-31T06:20:49.221575+00:00,1.5608,ok,0,stop,355,69,424,0.65,
mt/set_10/frenetic_v/test-259,2026-08-31T06:20:49.221641+00:00,2026-08-31T06:20:50.798604+00:00,1.5769,ok,0,stop,354,72,426,0.15,
mt/set_14/ambiegen/test-151,2026-08-31T06:20:50.798656+00:00,2026-08-31T06:20:52.378026+00:00,1.5793,ok,0,stop,354,72,426,0.15,
mt/set_16/frenetic_v/test-90,2026-08-31T06:20:52.378076+00:00,2026-08-31T06:20:53.965551+00:00,1.5874,ok,0,stop,354,72,426,0.15,
mt/set_10/frenetic/test-610,2026-08-31T06:20:53.965600+00:00,2026-08-31T06:20:55.643690+00:00,1.6781,ok,0,stop,354,77,431,0.15,
mt/set_2/ambiegen/odr/test-522,2026-08-31T06:20:55.643742+00:00,2026-08-31T06:20:57.384135+00:00,1.7404,ok,0,stop,355,80,435,0.15,
mt/set_11/frenetic_v/test-413,2026-08-31T06:20:57.384183+00:00,2026-08-31T06:20:59.381678+00:00,1.9975,ok,0,stop,355,92,447,0.15,
mt/set_18/ambiegen/test-63,2026-08-31T06:20:59.381733+00:00,2026-08-31T06:21:00.964661+00:00,1.5829,ok,0,stop,354,72,426,0.15,
mt/set_6/frenetic_v/test-623,2026-08-31T06:21:00.964715+00:00,2026-08-31T06:21:02.544098+00:00,1.5793,ok,0,stop,354,72,426,0.15,
mt/set_16/frenetic_v/test-906,2026-08-31T06:21:02.544152+00:00,2026-08-31T06:21:04.161981+00:00,1.6177,ok,0,stop,355,72,427,0.15,
mt/set_18/frenetic_v/test-54,2026-08-31T06:21:04.162114+00:00,2026-08-31T06:21:06.442892+00:00,2.2807,ok,0,stop,355,77,432,0.15,
mt_set5/frenetic_v/test-562,2026-08-31T06:21:06.442977+00:00,2026-08-31T06:21:08.036951+00:00,1.5939,ok,0,stop,354,72,426,0.15,
mt/set_17/ambiegen/test-288,2026-08-31T06:21:08.037030+00:00,2026-08-31T06:21:09.621663+00:00,1.5846,ok,0,stop,354,72,426,0.15,
mt/set_8/frenetic_v/odr/test-316,2026-08-31T06:21:09.621728+00:00,2026-08-31T06:21:11.572510+00:00,1.9507,ok,0,stop,355,89,444,0.15,
mt/set_7/frenetic/odr/test-305,2026-08-31T06:21:11.572565+00:00,2026-08-31T06:21:13.189933+00:00,1.6173,ok,0,stop,353,72,425,0.15,
mt/set_10/ambiegen/test-435,2026-08-31T06:21:13.189983+00:00,2026-08-31T06:21:14.886712+00:00,1.6967,ok,0,stop,354,77,431,0.15,
mt/set_17/frenetic_v/test-719,2026-08-31T06:21:14.886764+00:00,2026-08-31T06:21:16.466093+00:00,1.5793,ok,0,stop,355,72,427,0.15,
mt/set_14/ambiegen/test-727,2026-08-31T06:21:16.466204+00:00,2026-08-31T06:21:18.046311+00:00,1.5801,ok,0,stop,354,72,426,0.15,
mt/set_14/ambiegen/test-339,2026-08-31T06:21:18.046361+00:00,2026-08-31T06:21:19.759724+00:00,1.7133,ok,0,stop,354,78,432,0.15,
mt/set_12/frenetic/test-639,2026-08-31T06:21:19.759792+00:00,2026-08-31T06:21:21.339568+00:00,1.5797,ok,0,stop,353,72,425,0.15,
mt/set_17/frenetic/test-830,2026-08-31T06:21:21.339614+00:00,2026-08-31T06:21:22.922638+00:00,1.583,ok,0,stop,354,72,426,0.15,
mt/set_16/frenetic_v/test-669,2026-08-31T06:21:22.922714+00:00,2026-08-31T06:21:25.079769+00:00,2.157,ok,0,stop,355,72,427,0.15,
mt/set_10/frenetic_v/test-778,2026-08-31T06:21:25.079815+00:00,2026-08-31T06:21:26.745674+00:00,1.6658,ok,0,stop,355,72,427,0.15,
mt/set_8/ambiegen/odr/test-297,2026-08-31T06:21:26.745727+00:00,2026-08-31T06:21:28.468647+00:00,1.7229,ok,0,stop,354,77,431,0.15,
mt/set_2/ambiegen/odr/test-448,2026-08-31T06:21:28.468713+00:00,2026-08-31T06:21:30.187043+00:00,1.7183,ok,0,stop,355,78,433,0.65,
mt/set_8/frenetic/odr/test-367,2026-08-31T06:21:30.187096+00:00,2026-08-31T06:21:31.878624+00:00,1.6915,ok,0,stop,353,77,430,0.15,
mt/set_6/frenetic_v/test-302,2026-08-31T06:21:31.878680+00:00,2026-08-31T06:21:33.459345+00:00,1.5806,ok,0,stop,354,72,426,0.15,
mt/set_11/ambiegen/test-165,2026-08-31T06:21:33.459391+00:00,2026-08-31T06:21:35.338559+00:00,1.8791,ok,0,stop,355,83,438,0.35,
mt/set_18/ambiegen/test-925,2026-08-31T06:21:35.338611+00:00,2026-08-31T06:21:37.074145+00:00,1.7355,ok,0,stop,355,78,433,0.15,
mt/set_16/frenetic/test-646,2026-08-31T06:21:37.074211+00:00,2026-08-31T06:21:38.763219+00:00,1.689,ok,0,stop,354,77,431,0.15,
mt/set_16/frenetic_v/test-509,2026-08-31T06:21:38.763277+00:00,2026-08-31T06:21:40.469933+00:00,1.7066,ok,0,stop,355,78,433,0.15,
mt/set_17/frenetic/test-202,2026-08-31T06:21:40.469985+00:00,2026-08-31T06:21:42.280525+00:00,1.8105,ok,0,stop,353,77,430,0.15,
mt/set_12/frenetic/test-267,2026-08-31T06:21:42.280604+00:00,2026-08-31T06:21:43.892580+00:00,1.6119,ok,0,stop,353,72,425,0.15,
mt/set_16/ambiegen/test-873,2026-08-31T06:21:43.892629+00:00,2026-08-31T06:21:45.592887+00:00,1.7002,ok,0,stop,354,77,431,0.15,
mt/set_16/ambiegen/test-123,2026-08-31T06:21:45.592939+00:00,2026-08-31T06:21:47.202321+00:00,1.6094,ok,0,stop,354,72,426,0.15,
mt/set_10/ambiegen/test-355,2026-08-31T06:21:47.202370+00:00,2026-08-31T06:21:48.798208+00:00,1.5958,ok,0,stop,355,72,427,0.15,
mt/set_14/ambiegen/test-494,2026-08-31T06:21:48.798257+00:00,2026-08-31T06:21:50.515031+00:00,1.7167,ok,0,stop,353,77,430,0.15,
mt/set_7/frenetic_v/odr/test-561,2026-08-31T06:21:50.515089+00:00,2026-08-31T06:21:52.250312+00:00,1.7352,ok,0,stop,355,77,432,0.15,
mt_set5/ambiegen/test-349,2026-08-31T06:21:52.250366+00:00,2026-08-31T06:21:53.880035+00:00,1.6296,ok,0,stop,354,72,426,0.15,
mt/set_13/frenetic/test-143,2026-08-31T06:21:53.880096+00:00,2026-08-31T06:21:55.509371+00:00,1.6292,ok,0,stop,354,72,426,0.15,
mt/set_9/frenetic_v/test-384,2026-08-31T06:21:55.509435+00:00,2026-08-31T06:21:57.136334+00:00,1.6269,ok,0,stop,354,72,426,0.15,
mt/set_13/frenetic/test-397,2026-08-31T06:21:57.136394+00:00,2026-08-31T06:21:58.712667+00:00,1.5762,ok,0,stop,354,72,426,0.15,
mt/set_8/frenetic_v/odr/test-188,2026-08-31T06:21:58.712728+00:00,2026-08-31T06:22:00.584297+00:00,1.8714,ok,0,stop,355,72,427,0.15,
mt/set_13/frenetic/test-687,2026-08-31T06:22:00.584625+00:00,2026-08-31T06:22:02.543371+00:00,1.9587,ok,0,stop,353,72,425,0.15,
mt/set_9/frenetic_v/test-909,2026-08-31T06:22:02.543424+00:00,2026-08-31T06:22:04.251581+00:00,1.7081,ok,0,stop,355,78,433,0.15,
mt/set_12/frenetic_v/test-7,2026-08-31T06:22:04.251626+00:00,2026-08-31T06:22:05.833989+00:00,1.5823,ok,0,stop,354,72,426,0.15,
mt/set_16/frenetic/test-787,2026-08-31T06:22:05.834035+00:00,2026-08-31T06:22:07.411840+00:00,1.5778,ok,0,stop,354,72,426,0.15,
mt_set6/frenetic/test-520,2026-08-31T06:22:07.411897+00:00,2026-08-31T06:22:09.008334+00:00,1.5964,ok,0,stop,353,72,425,0.15,
mt/set_12/ambiegen/test-372,2026-08-31T06:22:09.008390+00:00,2026-08-31T06:22:10.696404+00:00,1.688,ok,0,stop,354,77,431,0.15,
mt/set_10/frenetic_v/test-429,2026-08-31T06:22:10.696452+00:00,2026-08-31T06:22:12.275053+00:00,1.5786,ok,0,stop,354,72,426,0.15,
mt/set_9/frenetic/test-510,2026-08-31T06:22:12.275108+00:00,2026-08-31T06:22:13.849056+00:00,1.5739,ok,0,stop,354,72,426,0.15,
mt/set_10/ambiegen/test-28,2026-08-31T06:22:13.849104+00:00,2026-08-31T06:22:15.597796+00:00,1.7487,ok,0,stop,355,80,435,0.15,
mt/set_18/frenetic/test-518,2026-08-31T06:22:15.597848+00:00,2026-08-31T06:22:17.304178+00:00,1.7063,ok,0,stop,354,78,432,0.15,
mt/set_17/frenetic/test-927,2026-08-31T06:22:17.304230+00:00,2026-08-31T06:22:18.986220+00:00,1.682,ok,0,stop,354,77,431,0.15,
mt/set_12/ambiegen/test-594,2026-08-31T06:22:18.986267+00:00,2026-08-31T06:22:21.332840+00:00,2.3465,ok,0,stop,354,77,431,0.15,
mt/set_17/ambiegen/test-583,2026-08-31T06:22:21.332889+00:00,2026-08-31T06:22:23.207224+00:00,1.8743,ok,0,stop,354,82,436,0.35,
mt/set_10/frenetic_v/test-242,2026-08-31T06:22:23.207270+00:00,2026-08-31T06:22:24.779221+00:00,1.5719,ok,0,stop,354,72,426,0.15,
mt/set_13/frenetic_v/test-736,2026-08-31T06:22:24.779272+00:00,2026-08-31T06:22:26.459103+00:00,1.6798,ok,0,stop,355,77,432,0.15,
mt/set_17/ambiegen/test-104,2026-08-31T06:22:26.459153+00:00,2026-08-31T06:22:28.031062+00:00,1.5719,ok,0,stop,355,72,427,0.15,
mt/set_8/frenetic/odr/test-214,2026-08-31T06:22:28.031139+00:00,2026-08-31T06:22:29.733146+00:00,1.702,ok,0,stop,354,78,432,0.15,
mt/set_14/frenetic/test-843,2026-08-31T06:22:29.733216+00:00,2026-08-31T06:22:31.482978+00:00,1.7497,ok,0,stop,353,77,430,0.15,
mt/set_2/ambiegen/odr/test-860,2026-08-31T06:22:31.483028+00:00,2026-08-31T06:22:33.058958+00:00,1.5759,ok,0,stop,354,72,426,0.15,
mt/set_9/frenetic_v/test-945,2026-08-31T06:22:33.059010+00:00,2026-08-31T06:22:34.771373+00:00,1.7123,ok,0,stop,355,78,433,0.15,
mt/set_11/frenetic/test-60,2026-08-31T06:22:34.771421+00:00,2026-08-31T06:22:36.344183+00:00,1.5727,ok,0,stop,353,72,425,0.15,
mt/set_11/frenetic_v/test-905,2026-08-31T06:22:36.344232+00:00,2026-08-31T06:22:37.922561+00:00,1.5783,ok,0,stop,354,72,426,0.15,
mt/set_13/frenetic/test-583,2026-08-31T06:22:37.922613+00:00,2026-08-31T06:22:39.586302+00:00,1.6637,ok,0,stop,353,72,425,0.15,
mt/set_8/ambiegen/odr/test-466,2026-08-31T06:22:39.586358+00:00,2026-08-31T06:22:41.189546+00:00,1.6032,ok,0,stop,354,72,426,0.15,
mt/set_13/ambiegen/test-484,2026-08-31T06:22:41.189592+00:00,2026-08-31T06:22:42.765501+00:00,1.5759,ok,0,stop,354,72,426,0.15,
mt/set_14/ambiegen/test-479,2026-08-31T06:22:42.765568+00:00,2026-08-31T06:22:44.340126+00:00,1.5745,ok,0,stop,354,72,426,0.15,
mt/set_17/frenetic/test-507,2026-08-31T06:22:44.340177+00:00,2026-08-31T06:22:45.933269+00:00,1.5931,ok,0,stop,353,72,425,0.25,
mt_set5/frenetic/test-431,2026-08-31T06:22:45.933321+00:00,2026-08-31T06:22:47.512102+00:00,1.5787,ok,0,stop,354,72,426,0.15,
mt/set_9/frenetic/test-370,2026-08-31T06:22:47.512176+00:00,2026-08-31T06:22:49.095038+00:00,1.5828,ok,0,stop,354,72,426,0.15,
mt/set_18/frenetic/test-441,2026-08-31T06:22:49.095123+00:00,2026-08-31T06:22:50.676274+00:00,1.5811,ok,0,stop,353,72,425,0.15,
mt/set_9/ambiegen/test-336,2026-08-31T06:22:50.676330+00:00,2026-08-31T06:22:52.711233+00:00,2.0349,ok,0,stop,355,93,448,0.65,
mt/set_14/ambiegen/test-672,2026-08-31T06:22:52.711277+00:00,2026-08-31T06:22:54.394758+00:00,1.6834,ok,0,stop,354,77,431,0.15,
mt/set_14/ambiegen/test-180,2026-08-31T06:22:54.394806+00:00,2026-08-31T06:22:56.495836+00:00,2.101,ok,0,stop,354,72,426,0.15,
mt/set_2/ambiegen/odr/test-403,2026-08-31T06:22:56.495917+00:00,2026-08-31T06:22:58.253245+00:00,1.7573,ok,0,stop,355,77,432,0.15,
mt/set_9/frenetic_v/test-340,2026-08-31T06:22:58.253299+00:00,2026-08-31T06:22:59.952690+00:00,1.6994,ok,0,stop,355,78,433,0.15,
mt/set_2/ambiegen/odr/test-186,2026-08-31T06:22:59.952741+00:00,2026-08-31T06:23:01.717432+00:00,1.7647,ok,0,stop,354,81,435,0.35,
mt/set_6/frenetic_v/test-479,2026-08-31T06:23:01.717486+00:00,2026-08-31T06:23:03.331634+00:00,1.6141,ok,0,stop,355,72,427,0.15,
mt/set_17/ambiegen/test-950,2026-08-31T06:23:03.331695+00:00,2026-08-31T06:23:04.921127+00:00,1.5894,ok,0,stop,354,72,426,0.15,
mt/set_9/ambiegen/test-8,2026-08-31T06:23:04.921176+00:00,2026-08-31T06:23:06.494815+00:00,1.5736,ok,0,stop,354,72,426,0.15,
mt/set_14/ambiegen/test-635,2026-08-31T06:23:06.494895+00:00,2026-08-31T06:23:08.105417+00:00,1.6105,ok,0,stop,355,72,427,0.15,
mt/set_2/ambiegen/odr/test-708,2026-08-31T06:23:08.105471+00:00,2026-08-31T06:23:09.798798+00:00,1.6933,ok,0,stop,354,77,431,0.15,
mt/set_14/frenetic_v/test-762,2026-08-31T06:23:09.798851+00:00,2026-08-31T06:23:11.488293+00:00,1.6894,ok,0,stop,354,77,431,0.15,
mt/set_12/frenetic/test-124,2026-08-31T06:23:11.488342+00:00,2026-08-31T06:23:13.109955+00:00,1.6216,ok,0,stop,354,72,426,0.15,
mt/set_10/ambiegen/test-691,2026-08-31T06:23:13.110011+00:00,2026-08-31T06:23:14.862971+00:00,1.7527,ok,0,stop,354,76,430,0.45,
mt/set_8/frenetic_v/odr/test-738,2026-08-31T06:23:14.863317+00:00,2026-08-31T06:23:16.988690+00:00,2.1253,ok,0,stop,355,72,427,0.15,
mt_set5/frenetic/test-73,2026-08-31T06:23:16.988748+00:00,2026-08-31T06:23:18.807887+00:00,1.8191,ok,0,stop,354,78,432,0.15,
mt/set_2/ambiegen/odr/test-139,2026-08-31T06:23:18.807944+00:00,2026-08-31T06:23:20.382159+00:00,1.5742,ok,0,stop,354,72,426,0.15,
mt/set_16/frenetic_v/test-264,2026-08-31T06:23:20.382212+00:00,2026-08-31T06:23:22.378954+00:00,1.9967,ok,0,stop,355,92,447,0.15,
mt/set_11/frenetic_v/test-550,2026-08-31T06:23:22.379006+00:00,2026-08-31T06:23:24.055177+00:00,1.6761,ok,0,stop,354,77,431,0.15,
mt_set5/ambiegen/test-895,2026-08-31T06:23:24.055235+00:00,2026-08-31T06:23:25.802594+00:00,1.7473,ok,0,stop,354,77,431,0.15,
mt/set_7/ambiegen/odr/test-197,2026-08-31T06:23:25.802653+00:00,2026-08-31T06:23:27.372658+00:00,1.57,ok,0,stop,354,72,426,0.15,
mt/set_11/ambiegen/test-510,2026-08-31T06:23:27.372711+00:00,2026-08-31T06:23:28.943449+00:00,1.5707,ok,0,stop,355,72,427,0.15,
mt/set_18/ambiegen/test-512,2026-08-31T06:23:28.943504+00:00,2026-08-31T06:23:30.513813+00:00,1.5703,ok,0,stop,354,72,426,0.15,
mt/set_11/ambiegen/test-699,2026-08-31T06:23:30.513868+00:00,2026-08-31T06:23:32.253840+00:00,1.7399,ok,0,stop,355,80,435,0.15,
mt/set_9/frenetic/test-700,2026-08-31T06:23:32.253897+00:00,2026-08-31T06:23:33.931144+00:00,1.6772,ok,0,stop,354,72,426,0.15,
mt/set_10/frenetic_v/test-656,2026-08-31T06:23:33.931191+00:00,2026-08-31T06:23:35.526745+00:00,1.5955,ok,0,stop,355,72,427,0.15,
mt/set_7/frenetic/odr/test-141,2026-08-31T06:23:35.526817+00:00,2026-08-31T06:23:37.104379+00:00,1.5775,ok,0,stop,354,72,426,0.15,
mt_set6/frenetic/test-781,2026-08-31T06:23:37.104432+00:00,2026-08-31T06:23:38.798397+00:00,1.6939,ok,0,stop,354,77,431,0.15,
mt/set_17/frenetic_v/test-178,2026-08-31T06:23:38.798447+00:00,2026-08-31T06:23:40.368174+00:00,1.5697,ok,0,stop,354,72,426,0.15,
mt/set_10/frenetic_v/test-191,2026-08-31T06:23:40.368243+00:00,2026-08-31T06:23:41.937563+00:00,1.5693,ok,0,stop,355,72,427,0.15,
mt/set_14/ambiegen/test-174,2026-08-31T06:23:41.937610+00:00,2026-08-31T06:23:43.506804+00:00,1.5692,ok,0,stop,354,72,426,0.15,
mt/set_14/ambiegen/test-486,2026-08-31T06:23:43.506851+00:00,2026-08-31T06:23:45.076217+00:00,1.5693,ok,0,stop,355,72,427,0.15,
mt/set_12/frenetic_v/test-747,2026-08-31T06:23:45.076288+00:00,2026-08-31T06:23:46.757600+00:00,1.6813,ok,0,stop,355,77,432,0.15,
mt/set_9/frenetic_v/test-460,2026-08-31T06:23:46.757673+00:00,2026-08-31T06:23:48.330149+00:00,1.5724,ok,0,stop,354,72,426,0.15,
mt/set_14/frenetic_v/test-590,2026-08-31T06:23:48.330197+00:00,2026-08-31T06:23:49.916583+00:00,1.5862,ok,0,stop,355,72,427,0.15,
mt_set5/frenetic/test-411,2026-08-31T06:23:49.916901+00:00,2026-08-31T06:23:52.157820+00:00,2.2409,ok,0,stop,354,77,431,0.15,
mt/set_10/ambiegen/test-576,2026-08-31T06:23:52.157865+00:00,2026-08-31T06:23:53.801636+00:00,1.6437,ok,0,stop,355,72,427,0.15,
mt/set_13/ambiegen/test-253,2026-08-31T06:23:53.801692+00:00,2026-08-31T06:23:55.507391+00:00,1.7057,ok,0,stop,354,78,432,0.15,
mt/set_8/frenetic/odr/test-702,2026-08-31T06:23:55.507465+00:00,2026-08-31T06:23:57.081858+00:00,1.5744,ok,0,stop,354,72,426,0.15,
mt/set_12/frenetic_v/test-373,2026-08-31T06:23:57.081907+00:00,2026-08-31T06:23:58.658764+00:00,1.5768,ok,0,stop,354,72,426,0.15,
mt/set_14/ambiegen/test-21,2026-08-31T06:23:58.658819+00:00,2026-08-31T06:24:00.253168+00:00,1.5943,ok,0,stop,355,72,427,0.15,
mt/set_7/frenetic/odr/test-353,2026-08-31T06:24:00.253247+00:00,2026-08-31T06:24:01.834415+00:00,1.5811,ok,0,stop,354,72,426,0.15,
mt/set_11/ambiegen/test-431,2026-08-31T06:24:01.834487+00:00,2026-08-31T06:24:03.404323+00:00,1.5698,ok,0,stop,354,72,426,0.15,
mt/set_14/ambiegen/test-770,2026-08-31T06:24:03.404377+00:00,2026-08-31T06:24:05.228658+00:00,1.8242,ok,0,stop,354,84,438,0.35,
mt/set_11/frenetic_v/test-400,2026-08-31T06:24:05.228711+00:00,2026-08-31T06:24:06.799048+00:00,1.5703,ok,0,stop,355,72,427,0.15,
mt/set_14/ambiegen/test-15,2026-08-31T06:24:06.799091+00:00,2026-08-31T06:24:08.368278+00:00,1.5691,ok,0,stop,354,72,426,0.15,
mt/set_8/frenetic/odr/test-109,2026-08-31T06:24:08.368341+00:00,2026-08-31T06:24:09.937783+00:00,1.5694,ok,0,stop,354,72,426,0.15,
mt/set_16/frenetic/test-262,2026-08-31T06:24:09.937856+00:00,2026-08-31T06:24:12.431212+00:00,2.4933,ok,0,stop,353,77,430,0.15,
mt/set_7/frenetic_v/odr/test-58,2026-08-31T06:24:12.431260+00:00,2026-08-31T06:24:14.088094+00:00,1.6568,ok,0,stop,354,72,426,0.15,
mt/set_17/frenetic_v/test-438,2026-08-31T06:24:14.088144+00:00,2026-08-31T06:24:15.768615+00:00,1.6804,ok,0,stop,354,77,431,0.15,
mt/set_17/frenetic_v/test-473,2026-08-31T06:24:15.768668+00:00,2026-08-31T06:24:17.466475+00:00,1.6978,ok,0,stop,355,78,433,0.15,
mt/set_9/frenetic/test-561,2026-08-31T06:24:17.466524+00:00,2026-08-31T06:24:19.035079+00:00,1.5685,ok,0,stop,354,72,426,0.15,
mt/set_13/frenetic_v/test-254,2026-08-31T06:24:19.035131+00:00,2026-08-31T06:24:20.606088+00:00,1.5709,ok,0,stop,354,72,426,0.15,
mt/set_10/frenetic/test-768,2026-08-31T06:24:20.606185+00:00,2026-08-31T06:24:22.421672+00:00,1.8155,ok,0,stop,354,80,434,0.15,
mt/set_8/frenetic/odr/test-736,2026-08-31T06:24:22.421724+00:00,2026-08-31T06:24:24.118426+00:00,1.6967,ok,0,stop,354,78,432,0.15,
mt/set_16/ambiegen/test-408,2026-08-31T06:24:24.118477+00:00,2026-08-31T06:24:25.688666+00:00,1.5702,ok,0,stop,354,72,426,0.15,
mt_set5/ambiegen/test-707,2026-08-31T06:24:25.688718+00:00,2026-08-31T06:24:27.385924+00:00,1.6972,ok,0,stop,355,78,433,0.15,
mt/set_10/frenetic_v/test-489,2026-08-31T06:24:27.385980+00:00,2026-08-31T06:24:29.051262+00:00,1.6652,ok,0,stop,355,72,427,0.15,
mt_set5/frenetic/test-246,2026-08-31T06:24:29.051337+00:00,2026-08-31T06:24:30.759348+00:00,1.708,ok,0,stop,354,77,431,0.15,
mt/set_12/frenetic_v/test-118,2026-08-31T06:24:30.759432+00:00,2026-08-31T06:24:32.341344+00:00,1.5819,ok,0,stop,355,72,427,0.15,
mt/set_14/ambiegen/test-732,2026-08-31T06:24:32.341393+00:00,2026-08-31T06:24:34.092903+00:00,1.7515,ok,0,stop,355,80,435,0.15,
mt/set_12/frenetic/test-887,2026-08-31T06:24:34.092954+00:00,2026-08-31T06:24:35.683278+00:00,1.5903,ok,0,stop,353,72,425,0.15,
mt/set_8/frenetic/odr/test-210,2026-08-31T06:24:35.683337+00:00,2026-08-31T06:24:37.680745+00:00,1.9974,ok,0,stop,354,92,446,0.15,
mt/set_2/ambiegen/odr/test-355,2026-08-31T06:24:37.680800+00:00,2026-08-31T06:24:39.359660+00:00,1.6788,ok,0,stop,353,77,430,0.15,
mt_set5/frenetic_v/test-355,2026-08-31T06:24:39.359723+00:00,2026-08-31T06:24:40.929762+00:00,1.57,ok,0,stop,355,72,427,0.15,
mt/set_12/frenetic_v/test-669,2026-08-31T06:24:40.929837+00:00,2026-08-31T06:24:42.502861+00:00,1.573,ok,0,stop,355,72,427,0.15,
mt/set_10/ambiegen/test-720,2026-08-31T06:24:42.502918+00:00,2026-08-31T06:24:44.071702+00:00,1.5687,ok,0,stop,355,72,427,0.15,
mt/set_9/frenetic/test-239,2026-08-31T06:24:44.071757+00:00,2026-08-31T06:24:45.745901+00:00,1.6741,ok,0,stop,354,77,431,0.15,
mt/set_12/frenetic_v/test-572,2026-08-31T06:24:45.745958+00:00,2026-08-31T06:24:47.664323+00:00,1.9181,ok,0,stop,355,77,432,0.15,
mt_set5/frenetic/test-648,2026-08-31T06:24:47.664739+00:00,2026-08-31T06:24:49.712665+00:00,2.0476,ok,0,stop,353,72,425,0.15,
mt/set_10/frenetic/test-19,2026-08-31T06:24:49.713122+00:00,2026-08-31T06:24:51.332689+00:00,1.6195,ok,0,stop,354,72,426,0.15,
mt/set_9/frenetic/test-348,2026-08-31T06:24:51.332735+00:00,2026-08-31T06:24:53.039522+00:00,1.7068,ok,0,stop,354,78,432,0.15,
mt/set_18/ambiegen/test-351,2026-08-31T06:24:53.039573+00:00,2026-08-31T06:24:54.611697+00:00,1.5721,ok,0,stop,354,72,426,0.15,
mt/set_7/frenetic_v/odr/test-140,2026-08-31T06:24:54.611750+00:00,2026-08-31T06:24:56.315027+00:00,1.7032,ok,0,stop,355,77,432,0.15,
mt/set_11/ambiegen/test-356,2026-08-31T06:24:56.315077+00:00,2026-08-31T06:24:58.080755+00:00,1.7656,ok,0,stop,354,81,435,0.35,
mt/set_10/frenetic/test-704,2026-08-31T06:24:58.080828+00:00,2026-08-31T06:24:59.757020+00:00,1.6761,ok,0,stop,353,77,430,0.15,
mt_set5/ambiegen/test-625,2026-08-31T06:24:59.757095+00:00,2026-08-31T06:25:01.434854+00:00,1.6777,ok,0,stop,354,77,431,0.15,
mt/set_13/frenetic_v/test-230,2026-08-31T06:25:01.434902+00:00,2026-08-31T06:25:03.020738+00:00,1.5858,ok,0,stop,354,72,426,0.15,
mt/set_16/frenetic_v/test-532,2026-08-31T06:25:03.020788+00:00,2026-08-31T06:25:04.601750+00:00,1.5809,ok,0,stop,354,72,426,0.15,
mt/set_10/frenetic/test-391,2026-08-31T06:25:04.601800+00:00,2026-08-31T06:25:06.686503+00:00,2.0846,ok,0,stop,354,92,446,0.15,
mt/set_9/frenetic/test-194,2026-08-31T06:25:06.686728+00:00,2026-08-31T06:25:08.855521+00:00,2.1688,ok,0,stop,354,72,426,0.15,
mt/set_13/ambiegen/test-196,2026-08-31T06:25:08.855575+00:00,2026-08-31T06:25:10.517256+00:00,1.6616,ok,0,stop,354,72,426,0.15,
mt/set_18/frenetic_v/test-240,2026-08-31T06:25:10.517316+00:00,2026-08-31T06:25:12.087882+00:00,1.5705,ok,0,stop,355,72,427,0.15,
mt/set_16/frenetic/test-137,2026-08-31T06:25:12.087959+00:00,2026-08-31T06:25:13.762385+00:00,1.6744,ok,0,stop,353,77,430,0.15,
mt/set_8/frenetic_v/odr/test-415,2026-08-31T06:25:13.762438+00:00,2026-08-31T06:25:15.332029+00:00,1.5696,ok,0,stop,354,72,426,0.15,
mt/set_8/frenetic/odr/test-87,2026-08-31T06:25:15.332093+00:00,2026-08-31T06:25:17.054739+00:00,1.7226,ok,0,stop,354,77,431,0.15,
mt/set_11/frenetic_v/test-285,2026-08-31T06:25:17.054845+00:00,2026-08-31T06:25:18.665023+00:00,1.6101,ok,0,stop,355,72,427,0.15,
mt/set_13/ambiegen/test-8,2026-08-31T06:25:18.665072+00:00,2026-08-31T06:25:20.234598+00:00,1.5695,ok,0,stop,355,72,427,0.15,
mt/set_16/frenetic/test-896,2026-08-31T06:25:20.234668+00:00,2026-08-31T06:25:21.804813+00:00,1.5701,ok,0,stop,354,72,426,0.15,
mt/set_16/frenetic_v/test-122,2026-08-31T06:25:21.804885+00:00,2026-08-31T06:25:23.375990+00:00,1.5711,ok,0,stop,355,72,427,0.15,
mt/set_16/ambiegen/test-414,2026-08-31T06:25:23.376033+00:00,2026-08-31T06:25:25.008314+00:00,1.6322,ok,0,stop,354,75,429,0.65,
mt/set_18/ambiegen/test-656,2026-08-31T06:25:25.008363+00:00,2026-08-31T06:25:26.700536+00:00,1.6921,ok,0,stop,354,72,426,0.15,
mt/set_17/frenetic/test-697,2026-08-31T06:25:26.700586+00:00,2026-08-31T06:25:28.288163+00:00,1.5875,ok,0,stop,354,72,426,0.15,
mt/set_9/frenetic_v/test-725,2026-08-31T06:25:28.288224+00:00,2026-08-31T06:25:29.967394+00:00,1.6791,ok,0,stop,355,77,432,0.15,
mt/set_10/frenetic/test-119,2026-08-31T06:25:29.967456+00:00,2026-08-31T06:25:31.668440+00:00,1.7009,ok,0,stop,354,78,432,0.15,
mt/set_16/frenetic/test-585,2026-08-31T06:25:31.668496+00:00,2026-08-31T06:25:33.260375+00:00,1.5918,ok,0,stop,353,72,425,0.15,
mt/set_6/frenetic_v/test-603,2026-08-31T06:25:33.260431+00:00,2026-08-31T06:25:34.828206+00:00,1.5677,ok,0,stop,354,72,426,0.15,
mt/set_18/frenetic/test-875,2026-08-31T06:25:34.828261+00:00,2026-08-31T06:25:36.400125+00:00,1.5718,ok,0,stop,354,72,426,0.15,
mt/set_8/ambiegen/odr/test-484,2026-08-31T06:25:36.400183+00:00,2026-08-31T06:25:37.970576+00:00,1.5703,ok,0,stop,354,72,426,0.15,
mt/set_11/frenetic_v/test-790,2026-08-31T06:25:37.970651+00:00,2026-08-31T06:25:39.667881+00:00,1.6972,ok,0,stop,354,78,432,0.15,
mt/set_11/frenetic_v/test-159,2026-08-31T06:25:39.667931+00:00,2026-08-31T06:25:41.234902+00:00,1.5669,ok,0,stop,354,72,426,0.15,
mt_set5/ambiegen/test-27,2026-08-31T06:25:41.234976+00:00,2026-08-31T06:25:42.802980+00:00,1.568,ok,0,stop,354,72,426,0.15,
mt/set_13/frenetic_v/test-686,2026-08-31T06:25:42.803030+00:00,2026-08-31T06:25:45.080403+00:00,2.2773,ok,0,stop,354,77,431,0.15,
mt/set_14/frenetic_v/test-682,2026-08-31T06:25:45.080460+00:00,2026-08-31T06:25:46.840915+00:00,1.7604,ok,0,stop,355,77,432,0.15,
mt/set_8/ambiegen/odr/test-615,2026-08-31T06:25:46.840969+00:00,2026-08-31T06:25:48.408804+00:00,1.5678,ok,0,stop,354,72,426,0.15,
mt/set_17/frenetic/test-855,2026-08-31T06:25:48.408854+00:00,2026-08-31T06:25:49.978210+00:00,1.5693,ok,0,stop,353,72,425,0.15,
mt/set_13/frenetic/test-295,2026-08-31T06:25:49.978261+00:00,2026-08-31T06:25:51.555864+00:00,1.5776,ok,0,stop,354,72,426,0.15,
mt/set_17/frenetic_v/test-107,2026-08-31T06:25:51.555919+00:00,2026-08-31T06:25:53.250949+00:00,1.695,ok,0,stop,355,78,433,0.15,
mt_set5/ambiegen/test-666,2026-08-31T06:25:53.251021+00:00,2026-08-31T06:25:54.712910+00:00,1.4618,ok,0,stop,354,67,421,0.65,
mt/set_18/frenetic/test-772,2026-08-31T06:25:54.712996+00:00,2026-08-31T06:25:56.407551+00:00,1.6945,ok,0,stop,354,78,432,0.15,
mt/set_7/frenetic_v/odr/test-868,2026-08-31T06:25:56.407630+00:00,2026-08-31T06:25:58.102311+00:00,1.6946,ok,0,stop,355,78,433,0.15,
mt/set_13/frenetic/test-270,2026-08-31T06:25:58.102379+00:00,2026-08-31T06:25:59.800476+00:00,1.6981,ok,0,stop,354,78,432,0.15,
mt_set5/frenetic/test-808,2026-08-31T06:25:59.800549+00:00,2026-08-31T06:26:01.369929+00:00,1.5693,ok,0,stop,354,72,426,0.15,
mt/set_12/ambiegen/test-258,2026-08-31T06:26:01.369998+00:00,2026-08-31T06:26:03.743985+00:00,2.374,ok,0,stop,354,77,431,0.15,
mt/set_13/frenetic_v/test-233,2026-08-31T06:26:03.744035+00:00,2026-08-31T06:26:05.504122+00:00,1.7601,ok,0,stop,355,77,432,0.15,
mt/set_7/frenetic/odr/test-414,2026-08-31T06:26:05.504184+00:00,2026-08-31T06:26:07.077578+00:00,1.5734,ok,0,stop,354,72,426,0.15,
mt/set_7/ambiegen/odr/test-397,2026-08-31T06:26:07.077629+00:00,2026-08-31T06:26:08.648480+00:00,1.5708,ok,0,stop,354,72,426,0.15,
mt/set_13/frenetic_v/test-525,2026-08-31T06:26:08.648529+00:00,2026-08-31T06:26:10.218595+00:00,1.57,ok,0,stop,355,72,427,0.15,
mt/set_2/ambiegen/odr/test-704,2026-08-31T06:26:10.218635+00:00,2026-08-31T06:26:11.967723+00:00,1.7491,ok,0,stop,354,80,434,0.15,
mt/set_6/frenetic_v/test-866,2026-08-31T06:26:11.967772+00:00,2026-08-31T06:26:13.616414+00:00,1.6486,ok,0,stop,354,72,426,0.15,
mt/set_9/frenetic_v/test-250,2026-08-31T06:26:13.616466+00:00,2026-08-31T06:26:15.190115+00:00,1.5736,ok,0,stop,355,72,427,0.15,
mt/set_16/ambiegen/test-114,2026-08-31T06:26:15.190166+00:00,2026-08-31T06:26:16.767956+00:00,1.5778,ok,0,stop,354,72,426,0.15,
mt/set_16/frenetic/test-339,2026-08-31T06:26:16.768010+00:00,2026-08-31T06:26:18.451626+00:00,1.6836,ok,0,stop,354,77,431,0.15,
mt/set_6/frenetic_v/test-533,2026-08-31T06:26:18.451678+00:00,2026-08-31T06:26:20.156660+00:00,1.705,ok,0,stop,355,78,433,0.15,
mt/set_7/frenetic/odr/test-62,2026-08-31T06:26:20.156711+00:00,2026-08-31T06:26:21.840394+00:00,1.6837,ok,0,stop,353,72,425,0.15,
mt/set_10/ambiegen/test-553,2026-08-31T06:26:21.840443+00:00,2026-08-31T06:26:23.424530+00:00,1.5841,ok,0,stop,354,72,426,0.15,
mt/set_17/ambiegen/test-190,2026-08-31T06:26:23.424581+00:00,2026-08-31T06:26:24.995375+00:00,1.5708,ok,0,stop,354,72,426,0.15,
mt/set_18/frenetic_v/test-92,2026-08-31T06:26:24.995421+00:00,2026-08-31T06:26:26.562324+00:00,1.5669,ok,0,stop,355,72,427,0.15,
mt_set5/ambiegen/test-37,2026-08-31T06:26:26.562365+00:00,2026-08-31T06:26:28.243982+00:00,1.6816,ok,0,stop,354,77,431,0.15,
mt/set_12/frenetic_v/test-623,2026-08-31T06:26:28.244060+00:00,2026-08-31T06:26:29.811901+00:00,1.5678,ok,0,stop,354,72,426,0.15,
mt_set6/frenetic/test-103,2026-08-31T06:26:29.811943+00:00,2026-08-31T06:26:31.485921+00:00,1.674,ok,0,stop,354,77,431,0.15,
mt/set_11/ambiegen/test-391,2026-08-31T06:26:31.485962+00:00,2026-08-31T06:26:33.161842+00:00,1.6758,ok,0,stop,354,77,431,0.15,
mt/set_7/frenetic/odr/test-788,2026-08-31T06:26:33.161890+00:00,2026-08-31T06:26:34.728392+00:00,1.5665,ok,0,stop,354,72,426,0.15,
mt/set_18/frenetic_v/test-212,2026-08-31T06:26:34.728437+00:00,2026-08-31T06:26:36.296765+00:00,1.5683,ok,0,stop,354,72,426,0.15,
mt/set_10/frenetic_v/test-420,2026-08-31T06:26:36.296808+00:00,2026-08-31T06:26:37.969322+00:00,1.6725,ok,0,stop,355,77,432,0.15,
mt/set_13/frenetic/test-771,2026-08-31T06:26:37.969370+00:00,2026-08-31T06:26:40.369879+00:00,2.4005,ok,0,stop,353,77,430,0.15,
mt/set_14/frenetic/test-576,2026-08-31T06:26:40.369937+00:00,2026-08-31T06:26:42.457870+00:00,2.0879,ok,0,stop,354,92,446,0.15,
mt/set_14/ambiegen/test-663,2026-08-31T06:26:42.457925+00:00,2026-08-31T06:26:44.135650+00:00,1.6777,ok,0,stop,354,77,431,0.15,
mt/set_8/frenetic/odr/test-559,2026-08-31T06:26:44.135714+00:00,2026-08-31T06:26:45.705669+00:00,1.5699,ok,0,stop,353,72,425,0.15,
mt/set_12/frenetic_v/test-712,2026-08-31T06:26:45.705723+00:00,2026-08-31T06:26:47.295460+00:00,1.5897,ok,0,stop,355,72,427,0.15,
mt/set_11/frenetic/test-449,2026-08-31T06:26:47.295517+00:00,2026-08-31T06:26:48.972570+00:00,1.677,ok,0,stop,354,77,431,0.15,
mt/set_10/frenetic/test-487,2026-08-31T06:26:48.972623+00:00,2026-08-31T06:26:50.647639+00:00,1.675,ok,0,stop,353,77,430,0.15,
mt_set5/ambiegen/test-269,2026-08-31T06:26:50.647689+00:00,2026-08-31T06:26:52.322174+00:00,1.6745,ok,0,stop,354,77,431,0.15,
mt/set_9/ambiegen/test-869,2026-08-31T06:26:52.322233+00:00,2026-08-31T06:26:53.892926+00:00,1.5707,ok,0,stop,354,72,426,0.15,
mt/set_8/frenetic_v/odr/test-835,2026-08-31T06:26:53.892974+00:00,2026-08-31T06:26:55.463113+00:00,1.5701,ok,0,stop,354,72,426,0.15,
mt/set_10/frenetic/test-810,2026-08-31T06:26:55.463163+00:00,2026-08-31T06:26:57.034139+00:00,1.5709,ok,0,stop,353,72,425,0.15,
mt/set_8/frenetic_v/odr/test-128,2026-08-31T06:26:57.034187+00:00,2026-08-31T06:26:59.238173+00:00,2.204,ok,0,stop,355,72,427,0.15,
mt/set_10/frenetic_v/test-933,2026-08-31T06:26:59.238224+00:00,2026-08-31T06:27:00.973764+00:00,1.7355,ok,0,stop,354,77,431,0.15,
mt/set_9/frenetic/test-61,2026-08-31T06:27:00.973927+00:00,2026-08-31T06:27:02.585095+00:00,1.6111,ok,0,stop,354,72,426,0.15,
mt_set5/frenetic_v/test-486,2026-08-31T06:27:02.585153+00:00,2026-08-31T06:27:04.160725+00:00,1.5755,ok,0,stop,354,72,426,0.15,
mt/set_11/frenetic_v/test-56,2026-08-31T06:27:04.160804+00:00,2026-08-31T06:27:05.737065+00:00,1.5762,ok,0,stop,355,72,427,0.15,
mt/set_10/frenetic_v/test-524,2026-08-31T06:27:05.737120+00:00,2026-08-31T06:27:07.312365+00:00,1.5752,ok,0,stop,355,72,427,0.15,
mt/set_8/frenetic/odr/test-439,2026-08-31T06:27:07.312448+00:00,2026-08-31T06:27:09.003860+00:00,1.6914,ok,0,stop,353,77,430,0.15,
mt/set_17/frenetic/test-791,2026-08-31T06:27:09.003954+00:00,2026-08-31T06:27:10.666212+00:00,1.6622,ok,0,stop,354,72,426,0.15,
mt/set_13/ambiegen/test-143,2026-08-31T06:27:10.666290+00:00,2026-08-31T06:27:12.353239+00:00,1.6869,ok,0,stop,354,77,431,0.15,
mt/set_14/frenetic_v/test-872,2026-08-31T06:27:12.353318+00:00,2026-08-31T06:27:13.927528+00:00,1.5742,ok,0,stop,355,72,427,0.15,
mt/set_10/frenetic_v/test-655,2026-08-31T06:27:13.927607+00:00,2026-08-31T06:27:15.607119+00:00,1.6795,ok,0,stop,355,77,432,0.15,
mt/set_7/frenetic_v/odr/test-76,2026-08-31T06:27:15.607169+00:00,2026-08-31T06:27:17.312546+00:00,1.7053,ok,0,stop,355,78,433,0.15,
mt/set_14/frenetic_v/test-594,2026-08-31T06:27:17.312619+00:00,2026-08-31T06:27:18.988292+00:00,1.6756,ok,0,stop,355,72,427,0.15,
mt_set5/frenetic/test-272,2026-08-31T06:27:18.988393+00:00,2026-08-31T06:27:20.686655+00:00,1.6982,ok,0,stop,353,77,430,0.15,
mt/set_7/ambiegen/odr/test-738,2026-08-31T06:27:20.686703+00:00,2026-08-31T06:27:22.263059+00:00,1.5763,ok,0,stop,354,72,426,0.15,
mt_set5/frenetic_v/test-346,2026-08-31T06:27:22.263132+00:00,2026-08-31T06:27:23.980391+00:00,1.7172,ok,0,stop,355,78,433,0.15,
mt/set_17/frenetic_v/test-314,2026-08-31T06:27:23.980458+00:00,2026-08-31T06:27:25.558353+00:00,1.5779,ok,0,stop,355,72,427,0.15,
mt/set_13/frenetic/test-91,2026-08-31T06:27:25.558405+00:00,2026-08-31T06:27:27.261856+00:00,1.7034,ok,0,stop,354,78,432,0.15,
mt_set6/frenetic/test-751,2026-08-31T06:27:27.261936+00:00,2026-08-31T06:27:28.835189+00:00,1.5732,ok,0,stop,353,72,425,0.15,
mt/set_14/ambiegen/test-12,2026-08-31T06:27:28.835239+00:00,2026-08-31T06:27:30.535684+00:00,1.7004,ok,0,stop,354,78,432,0.15,
mt/set_18/frenetic/test-553,2026-08-31T06:27:30.535748+00:00,2026-08-31T06:27:32.107384+00:00,1.5716,ok,0,stop,353,72,425,0.15,
mt/set_13/frenetic/test-361,2026-08-31T06:27:32.107463+00:00,2026-08-31T06:27:33.785423+00:00,1.6779,ok,0,stop,353,77,430,0.15,
mt_set6/frenetic/test-16,2026-08-31T06:27:33.785499+00:00,2026-08-31T06:27:35.992527+00:00,2.207,ok,0,stop,353,72,425,0.15,
mt/set_18/frenetic_v/test-18,2026-08-31T06:27:35.992578+00:00,2026-08-31T06:27:37.762471+00:00,1.7698,ok,0,stop,355,78,433,0.15,
mt/set_9/ambiegen/test-308,2026-08-31T06:27:37.762675+00:00,2026-08-31T06:27:39.299699+00:00,1.537,ok,0,stop,354,70,424,0.25,
mt_set5/ambiegen/test-686,2026-08-31T06:27:39.299748+00:00,2026-08-31T06:27:40.978401+00:00,1.6786,ok,0,stop,355,77,432,0.15,
mt/set_13/frenetic/test-829,2026-08-31T06:27:40.978453+00:00,2026-08-31T06:27:42.550618+00:00,1.5721,ok,0,stop,354,72,426,0.15,
mt/set_17/ambiegen/test-327,2026-08-31T06:27:42.550666+00:00,2026-08-31T06:27:44.242653+00:00,1.692,ok,0,stop,354,77,431,0.15,
mt/set_18/ambiegen/test-458,2026-08-31T06:27:44.242706+00:00,2026-08-31T06:27:45.814638+00:00,1.5719,ok,0,stop,354,72,426,0.15,
mt/set_10/frenetic/test-664,2026-08-31T06:27:45.814696+00:00,2026-08-31T06:27:47.518744+00:00,1.704,ok,0,stop,354,78,432,0.15,
mt_set5/frenetic_v/test-439,2026-08-31T06:27:47.518795+00:00,2026-08-31T06:27:49.204285+00:00,1.6855,ok,0,stop,355,77,432,0.15,
mt/set_16/ambiegen/test-25,2026-08-31T06:27:49.204338+00:00,2026-08-31T06:27:50.910088+00:00,1.7057,ok,0,stop,355,78,433,0.65,
mt/set_2/ambiegen/odr/test-801,2026-08-31T06:27:50.910137+00:00,2026-08-31T06:27:52.847227+00:00,1.9371,ok,0,stop,355,78,433,0.15,
mt/set_10/frenetic_v/test-318,2026-08-31T06:27:52.847282+00:00,2026-08-31T06:27:54.655062+00:00,1.8077,ok,0,stop,355,72,427,0.15,
mt/set_8/frenetic_v/odr/test-685,2026-08-31T06:27:54.655117+00:00,2026-08-31T06:27:56.412333+00:00,1.7572,ok,0,stop,355,72,427,0.15,
mt/set_10/frenetic/test-528,2026-08-31T06:27:56.412393+00:00,2026-08-31T06:27:58.928432+00:00,2.516,ok,0,stop,353,72,425,0.15,
mt/set_17/frenetic_v/test-150,2026-08-31T06:27:58.928484+00:00,2026-08-31T06:28:00.907816+00:00,1.9793,ok,0,stop,355,77,432,0.15,
mt/set_10/ambiegen/test-409,2026-08-31T06:28:00.907896+00:00,2026-08-31T06:28:02.937907+00:00,2.03,ok,0,stop,355,78,433,0.15,
mt/set_17/frenetic_v/test-353,2026-08-31T06:28:02.937968+00:00,2026-08-31T06:28:04.914047+00:00,1.976,ok,0,stop,355,77,432,0.15,
mt/set_12/frenetic_v/test-166,2026-08-31T06:28:04.914098+00:00,2026-08-31T06:28:06.806463+00:00,1.8923,ok,0,stop,355,72,427,0.15,
mt_set5/frenetic/test-783,2026-08-31T06:28:06.806514+00:00,2026-08-31T06:28:08.874734+00:00,2.0682,ok,0,stop,353,72,425,0.15,
mt/set_14/frenetic_v/test-600,2026-08-31T06:28:08.874784+00:00,2026-08-31T06:28:10.936052+00:00,2.0612,ok,0,stop,354,72,426,0.15,
mt/set_14/frenetic_v/test-345,2026-08-31T06:28:10.936119+00:00,2026-08-31T06:28:12.947512+00:00,2.0113,ok,0,stop,354,72,426,0.15,
mt/set_11/ambiegen/test-651,2026-08-31T06:28:12.947572+00:00,2026-08-31T06:28:14.963038+00:00,2.0154,ok,0,stop,355,72,427,0.15,
mt/set_11/frenetic/test-508,2026-08-31T06:28:14.963090+00:00,2026-08-31T06:28:16.590585+00:00,1.6275,ok,0,stop,354,72,426,0.15,
mt/set_6/frenetic_v/test-752,2026-08-31T06:28:16.590636+00:00,2026-08-31T06:28:18.231230+00:00,1.6406,ok,0,stop,354,72,426,0.15,
mt/set_7/frenetic/odr/test-88,2026-08-31T06:28:18.231282+00:00,2026-08-31T06:28:19.801872+00:00,1.5705,ok,0,stop,353,72,425,0.15,
mt/set_7/frenetic/odr/test-458,2026-08-31T06:28:19.801933+00:00,2026-08-31T06:28:21.370182+00:00,1.5682,ok,0,stop,353,72,425,0.15,
mt/set_14/frenetic/test-907,2026-08-31T06:28:21.370230+00:00,2026-08-31T06:28:23.047032+00:00,1.6768,ok,0,stop,354,77,431,0.15,
mt/set_7/ambiegen/odr/test-879,2026-08-31T06:28:23.047085+00:00,2026-08-31T06:28:24.711003+00:00,1.6639,ok,0,stop,354,72,426,0.25,
mt/set_7/frenetic_v/odr/test-834,2026-08-31T06:28:24.711053+00:00,2026-08-31T06:28:26.294521+00:00,1.5834,ok,0,stop,355,72,427,0.15,
mt/set_10/frenetic_v/test-737,2026-08-31T06:28:26.294571+00:00,2026-08-31T06:28:27.862986+00:00,1.5684,ok,0,stop,355,72,427,0.15,
mt/set_16/frenetic/test-313,2026-08-31T06:28:27.863059+00:00,2026-08-31T06:28:29.432174+00:00,1.5691,ok,0,stop,354,72,426,0.15,
mt/set_13/frenetic_v/test-662,2026-08-31T06:28:29.432251+00:00,2026-08-31T06:28:31.119456+00:00,1.6872,ok,0,stop,354,77,431,0.15,
mt/set_9/frenetic/test-240,2026-08-31T06:28:31.119504+00:00,2026-08-31T06:28:32.691185+00:00,1.5716,ok,0,stop,354,72,426,0.15,
mt_set5/frenetic/test-406,2026-08-31T06:28:32.691234+00:00,2026-08-31T06:28:34.261737+00:00,1.5705,ok,0,stop,354,72,426,0.15,
mt/set_9/frenetic_v/test-310,2026-08-31T06:28:34.261795+00:00,2026-08-31T06:28:35.941497+00:00,1.6797,ok,0,stop,355,77,432,0.15,
mt/set_7/ambiegen/odr/test-187,2026-08-31T06:28:35.941547+00:00,2026-08-31T06:28:37.508553+00:00,1.567,ok,0,stop,355,72,427,0.15,
mt_set6/frenetic/test-54,2026-08-31T06:28:37.508611+00:00,2026-08-31T06:28:39.076404+00:00,1.5678,ok,0,stop,353,72,425,0.15,
mt/set_14/ambiegen/test-951,2026-08-31T06:28:39.076464+00:00,2026-08-31T06:28:40.648481+00:00,1.572,ok,0,stop,354,72,426,0.15,
mt/set_17/frenetic/test-805,2026-08-31T06:28:40.648540+00:00,2026-08-31T06:28:42.325177+00:00,1.6766,ok,0,stop,354,77,431,0.15,
mt/set_11/frenetic_v/test-6,2026-08-31T06:28:42.325244+00:00,2026-08-31T06:28:44.486885+00:00,2.1616,ok,0,stop,354,72,426,0.15,
mt/set_18/frenetic/test-15,2026-08-31T06:28:44.486935+00:00,2026-08-31T06:28:46.234244+00:00,1.7473,ok,0,stop,353,77,430,0.15,
mt/set_10/frenetic_v/test-741,2026-08-31T06:28:46.234322+00:00,2026-08-31T06:28:47.806676+00:00,1.5723,ok,0,stop,355,72,427,0.15,
mt/set_12/frenetic_v/test-39,2026-08-31T06:28:47.806751+00:00,2026-08-31T06:28:49.376122+00:00,1.5693,ok,0,stop,354,72,426,0.15,
mt/set_12/frenetic_v/test-573,2026-08-31T06:28:49.376165+00:00,2026-08-31T06:28:51.077655+00:00,1.7015,ok,0,stop,355,78,433,0.15,
mt/set_18/ambiegen/test-937,2026-08-31T06:28:51.077701+00:00,2026-08-31T06:28:53.054488+00:00,1.9768,ok,0,stop,354,91,445,0.25,
mt/set_16/frenetic/test-375,2026-08-31T06:28:53.054539+00:00,2026-08-31T06:28:54.624519+00:00,1.5699,ok,0,stop,354,72,426,0.15,
mt/set_17/frenetic/test-719,2026-08-31T06:28:54.624570+00:00,2026-08-31T06:28:56.207655+00:00,1.5831,ok,0,stop,353,72,425,0.15,
mt/set_2/ambiegen/odr/test-883,2026-08-31T06:28:56.207704+00:00,2026-08-31T06:28:57.888159+00:00,1.6804,ok,0,stop,354,77,431,0.15,
mt/set_7/frenetic/odr/test-705,2026-08-31T06:28:57.888216+00:00,2026-08-31T06:28:59.565064+00:00,1.6768,ok,0,stop,354,77,431,0.15,
mt/set_13/frenetic/test-706,2026-08-31T06:28:59.565121+00:00,2026-08-31T06:29:01.263319+00:00,1.6982,ok,0,stop,354,78,432,0.15,
mt/set_9/ambiegen/test-221,2026-08-31T06:29:01.263379+00:00,2026-08-31T06:29:02.939061+00:00,1.6757,ok,0,stop,354,77,431,0.15,
mt/set_13/ambiegen/test-716,2026-08-31T06:29:02.939112+00:00,2026-08-31T06:29:05.449846+00:00,2.5107,ok,0,stop,355,76,431,0.45,
mt/set_10/ambiegen/test-494,2026-08-31T06:29:05.449907+00:00,2026-08-31T06:29:07.239252+00:00,1.7893,ok,0,stop,354,78,432,0.15,
mt_set6/frenetic/test-466,2026-08-31T06:29:07.239301+00:00,2026-08-31T06:29:08.813869+00:00,1.5745,ok,0,stop,353,72,425,0.15,
mt/set_17/frenetic/test-294,2026-08-31T06:29:08.813926+00:00,2026-08-31T06:29:10.383914+00:00,1.57,ok,0,stop,353,72,425,0.15,
mt_set6/frenetic/test-47,2026-08-31T06:29:10.383965+00:00,2026-08-31T06:29:11.954679+00:00,1.5707,ok,0,stop,354,72,426,0.15,
mt/set_17/ambiegen/test-324,2026-08-31T06:29:11.954736+00:00,2026-08-31T06:29:13.544885+00:00,1.5901,ok,0,stop,354,72,426,0.15,
mt/set_2/ambiegen/odr/test-385,2026-08-31T06:29:13.544978+00:00,2026-08-31T06:29:15.625439+00:00,2.0804,ok,0,stop,354,92,446,0.15,
mt/set_11/ambiegen/test-317,2026-08-31T06:29:15.625488+00:00,2026-08-31T06:29:17.325002+00:00,1.6995,ok,0,stop,354,78,432,0.15,
mt/set_17/ambiegen/test-528,2026-08-31T06:29:17.325055+00:00,2026-08-31T06:29:19.037390+00:00,1.7123,ok,0,stop,354,78,432,0.15,
mt/set_7/ambiegen/odr/test-825,2026-08-31T06:29:19.037461+00:00,2026-08-31T06:29:20.615357+00:00,1.5779,ok,0,stop,354,72,426,0.15,
mt/set_7/frenetic/odr/test-665,2026-08-31T06:29:20.615408+00:00,2026-08-31T06:29:22.299149+00:00,1.6837,ok,0,stop,354,72,426,0.15,
mt/set_11/ambiegen/test-198,2026-08-31T06:29:22.299199+00:00,2026-08-31T06:29:24.001965+00:00,1.7027,ok,0,stop,354,77,431,0.15,
mt/set_9/frenetic_v/test-683,2026-08-31T06:29:24.002019+00:00,2026-08-31T06:29:25.580169+00:00,1.5781,ok,0,stop,355,72,427,0.15,
mt/set_9/ambiegen/test-436,2026-08-31T06:29:25.580217+00:00,2026-08-31T06:29:27.577620+00:00,1.9974,ok,0,stop,355,92,447,0.65,
mt/set_10/frenetic/test-708,2026-08-31T06:29:27.577661+00:00,2026-08-31T06:29:29.152434+00:00,1.5747,ok,0,stop,353,72,425,0.15,
mt/set_7/frenetic_v/odr/test-89,2026-08-31T06:29:29.152508+00:00,2026-08-31T06:29:30.830300+00:00,1.6778,ok,0,stop,355,77,432,0.15,
mt/set_10/frenetic/test-681,2026-08-31T06:29:30.830353+00:00,2026-08-31T06:29:32.400501+00:00,1.5701,ok,0,stop,354,72,426,0.15,
mt/set_10/ambiegen/test-834,2026-08-31T06:29:32.400552+00:00,2026-08-31T06:29:33.969852+00:00,1.5693,ok,0,stop,354,72,426,0.15,
mt/set_12/frenetic/test-467,2026-08-31T06:29:33.969908+00:00,2026-08-31T06:29:35.543289+00:00,1.5733,ok,0,stop,354,72,426,0.15,
mt/set_12/ambiegen/test-370,2026-08-31T06:29:35.543345+00:00,2026-08-31T06:29:37.123994+00:00,1.5806,ok,0,stop,354,72,426,0.15,
mt/set_14/frenetic/test-623,2026-08-31T06:29:37.124058+00:00,2026-08-31T06:29:38.707052+00:00,1.583,ok,0,stop,353,72,425,0.15,
mt/set_8/frenetic/odr/test-612,2026-08-31T06:29:38.707110+00:00,2026-08-31T06:29:40.413473+00:00,1.7063,ok,0,stop,354,78,432,0.15,
mt/set_11/frenetic_v/test-376,2026-08-31T06:29:40.413523+00:00,2026-08-31T06:29:42.499970+00:00,2.0864,ok,0,stop,354,72,426,0.15,
mt/set_13/frenetic_v/test-5,2026-08-31T06:29:42.500025+00:00,2026-08-31T06:29:44.106916+00:00,1.6069,ok,0,stop,355,72,427,0.15,
mt/set_17/frenetic/test-757,2026-08-31T06:29:44.106976+00:00,2026-08-31T06:29:45.686616+00:00,1.5796,ok,0,stop,353,72,425,0.15,
mt/set_2/ambiegen/odr/test-257,2026-08-31T06:29:45.686677+00:00,2026-08-31T06:29:47.369476+00:00,1.6828,ok,0,stop,355,77,432,0.15,
mt/set_9/ambiegen/test-555,2026-08-31T06:29:47.369538+00:00,2026-08-31T06:29:49.030190+00:00,1.6606,ok,0,stop,354,76,430,0.45,
mt/set_17/ambiegen/test-28,2026-08-31T06:29:49.030247+00:00,2026-08-31T06:29:50.947824+00:00,1.9175,ok,0,stop,354,88,442,0.35,
mt/set_11/ambiegen/test-839,2026-08-31T06:29:50.947878+00:00,2026-08-31T06:29:52.529713+00:00,1.5818,ok,0,stop,354,72,426,0.15,
mt/set_11/ambiegen/test-1,2026-08-31T06:29:52.529774+00:00,2026-08-31T06:29:54.110109+00:00,1.5803,ok,0,stop,354,72,426,0.15,
mt/set_18/frenetic/test-831,2026-08-31T06:29:54.110168+00:00,2026-08-31T06:29:55.691471+00:00,1.5813,ok,0,stop,353,72,425,0.15,
mt/set_10/frenetic/test-460,2026-08-31T06:29:55.691529+00:00,2026-08-31T06:29:57.276202+00:00,1.5846,ok,0,stop,353,72,425,0.15,
mt/set_12/frenetic_v/test-407,2026-08-31T06:29:57.276269+00:00,2026-08-31T06:29:58.860324+00:00,1.584,ok,0,stop,354,72,426,0.15,
mt/set_14/frenetic_v/test-630,2026-08-31T06:29:58.860383+00:00,2026-08-31T06:30:00.548882+00:00,1.6885,ok,0,stop,355,77,432,0.15,
mt/set_14/frenetic/test-385,2026-08-31T06:30:00.548940+00:00,2026-08-31T06:30:02.239254+00:00,1.6903,ok,0,stop,353,77,430,0.15,
mt/set_12/ambiegen/test-351,2026-08-31T06:30:02.239350+00:00,2026-08-31T06:30:04.322950+00:00,2.0835,ok,0,stop,354,92,446,0.15,
mt/set_8/frenetic_v/odr/test-645,2026-08-31T06:30:04.323052+00:00,2026-08-31T06:30:06.280355+00:00,1.9573,ok,0,stop,355,78,433,0.15,
mt/set_7/frenetic/odr/test-893,2026-08-31T06:30:06.280426+00:00,2026-08-31T06:30:08.067737+00:00,1.7873,ok,0,stop,353,77,430,0.15,
mt/set_11/frenetic/test-387,2026-08-31T06:30:08.067812+00:00,2026-08-31T06:30:09.674416+00:00,1.6066,ok,0,stop,354,72,426,0.15,
mt/set_9/frenetic_v/test-204,2026-08-31T06:30:09.674480+00:00,2026-08-31T06:30:11.301723+00:00,1.6272,ok,0,stop,355,72,427,0.15,
mt/set_17/frenetic_v/test-345,2026-08-31T06:30:11.301817+00:00,2026-08-31T06:30:12.879575+00:00,1.5777,ok,0,stop,354,72,426,0.15,
mt/set_16/frenetic_v/test-446,2026-08-31T06:30:12.879636+00:00,2026-08-31T06:30:14.460251+00:00,1.5806,ok,0,stop,354,72,426,0.15,
mt/set_8/ambiegen/odr/test-849,2026-08-31T06:30:14.460313+00:00,2026-08-31T06:30:16.036967+00:00,1.5766,ok,0,stop,354,72,426,0.15,
mt/set_14/frenetic/test-33,2026-08-31T06:30:16.037028+00:00,2026-08-31T06:30:17.741352+00:00,1.7043,ok,0,stop,354,78,432,0.15,
mt/set_8/frenetic/odr/test-72,2026-08-31T06:30:17.741411+00:00,2026-08-31T06:30:19.528831+00:00,1.7874,ok,0,stop,354,78,432,0.15,
mt/set_7/frenetic/odr/test-873,2026-08-31T06:30:19.528887+00:00,2026-08-31T06:30:21.104559+00:00,1.5756,ok,0,stop,354,72,426,0.15,
mt/set_8/frenetic_v/odr/test-577,2026-08-31T06:30:21.104619+00:00,2026-08-31T06:30:22.694466+00:00,1.5898,ok,0,stop,355,72,427,0.15,
mt/set_11/frenetic/test-226,2026-08-31T06:30:22.694526+00:00,2026-08-31T06:30:24.277304+00:00,1.5827,ok,0,stop,353,72,425,0.15,
mt/set_6/frenetic_v/test-461,2026-08-31T06:30:24.277360+00:00,2026-08-31T06:30:25.854606+00:00,1.5772,ok,0,stop,355,72,427,0.15,
mt/set_17/ambiegen/test-292,2026-08-31T06:30:25.854662+00:00,2026-08-31T06:30:27.429845+00:00,1.5751,ok,0,stop,354,72,426,0.15,
mt/set_18/ambiegen/test-780,2026-08-31T06:30:27.429893+00:00,2026-08-31T06:30:29.006538+00:00,1.5766,ok,0,stop,354,72,426,0.15,
mt_set5/frenetic/test-453,2026-08-31T06:30:29.006599+00:00,2026-08-31T06:30:30.625797+00:00,1.6192,ok,0,stop,354,72,426,0.25,
mt_set5/frenetic/test-38,2026-08-31T06:30:30.625862+00:00,2026-08-31T06:30:32.218778+00:00,1.5929,ok,0,stop,353,72,425,0.15,
mt/set_17/frenetic_v/test-386,2026-08-31T06:30:32.218841+00:00,2026-08-31T06:30:33.797845+00:00,1.579,ok,0,stop,355,72,427,0.15,
mt/set_14/ambiegen/test-829,2026-08-31T06:30:33.797905+00:00,2026-08-31T06:30:35.499733+00:00,1.7018,ok,0,stop,355,78,433,0.15,
mt/set_10/frenetic/test-875,2026-08-31T06:30:35.499788+00:00,2026-08-31T06:30:37.076380+00:00,1.5766,ok,0,stop,353,72,425,0.15,
mt/set_14/ambiegen/test-592,2026-08-31T06:30:37.076455+00:00,2026-08-31T06:30:38.660340+00:00,1.5838,ok,0,stop,355,72,427,0.15,
mt/set_16/frenetic/test-258,2026-08-31T06:30:38.660388+00:00,2026-08-31T06:30:40.238552+00:00,1.5781,ok,0,stop,354,72,426,0.15,
mt_set5/ambiegen/test-912,2026-08-31T06:30:40.238606+00:00,2026-08-31T06:30:41.822562+00:00,1.5839,ok,0,stop,354,72,426,0.15,
mt/set_9/ambiegen/test-605,2026-08-31T06:30:41.822619+00:00,2026-08-31T06:30:43.509166+00:00,1.6865,ok,0,stop,354,77,431,0.15,
mt/set_8/frenetic/odr/test-298,2026-08-31T06:30:43.509225+00:00,2026-08-31T06:30:45.115126+00:00,1.6059,ok,0,stop,354,72,426,0.15,
mt/set_14/ambiegen/test-54,2026-08-31T06:30:45.115187+00:00,2026-08-31T06:30:46.689194+00:00,1.574,ok,0,stop,355,72,427,0.15,
mt/set_7/frenetic_v/odr/test-934,2026-08-31T06:30:46.689248+00:00,2026-08-31T06:30:48.688806+00:00,1.9995,ok,0,stop,355,92,447,0.15,
mt/set_7/ambiegen/odr/test-690,2026-08-31T06:30:48.688881+00:00,2026-08-31T06:30:50.278939+00:00,1.59,ok,0,stop,354,72,426,0.15,
mt_set5/frenetic_v/test-267,2026-08-31T06:30:50.279077+00:00,2026-08-31T06:30:52.217874+00:00,1.9388,ok,0,stop,354,72,426,0.15,
mt/set_17/frenetic/test-459,2026-08-31T06:30:52.217930+00:00,2026-08-31T06:30:53.834710+00:00,1.6167,ok,0,stop,353,72,425,0.15,
mt/set_13/ambiegen/test-207,2026-08-31T06:30:53.834785+00:00,2026-08-31T06:30:55.411113+00:00,1.5763,ok,0,stop,355,72,427,0.15,
mt/set_13/frenetic_v/test-59,2026-08-31T06:30:55.411172+00:00,2026-08-31T06:30:56.987271+00:00,1.5761,ok,0,stop,355,72,427,0.15,
mt/set_7/frenetic_v/odr/test-17,2026-08-31T06:30:56.987330+00:00,2026-08-31T06:30:58.560872+00:00,1.5735,ok,0,stop,355,72,427,0.15,
mt_set5/ambiegen/test-330,2026-08-31T06:30:58.560922+00:00,2026-08-31T06:31:00.243267+00:00,1.6823,ok,0,stop,354,77,431,0.15,
mt/set_8/frenetic/odr/test-43,2026-08-31T06:31:00.243325+00:00,2026-08-31T06:31:01.921872+00:00,1.6785,ok,0,stop,353,77,430,0.15,
mt/set_8/frenetic/odr/test-274,2026-08-31T06:31:01.921918+00:00,2026-08-31T06:31:03.599750+00:00,1.6778,ok,0,stop,354,77,431,0.15,
mt_set5/ambiegen/test-491,2026-08-31T06:31:03.599806+00:00,2026-08-31T06:31:05.168686+00:00,1.5688,ok,0,stop,354,72,426,0.15,
mt/set_2/ambiegen/odr/test-439,2026-08-31T06:31:05.168739+00:00,2026-08-31T06:31:06.861491+00:00,1.6927,ok,0,stop,353,78,431,0.15,
mt/set_11/ambiegen/test-775,2026-08-31T06:31:06.861540+00:00,2026-08-31T06:31:08.556108+00:00,1.6945,ok,0,stop,355,78,433,0.65,
mt/set_12/frenetic/test-838,2026-08-31T06:31:08.556155+00:00,2026-08-31T06:31:10.128204+00:00,1.572,ok,0,stop,353,72,425,0.15,
mt/set_17/frenetic_v/test-357,2026-08-31T06:31:10.128251+00:00,2026-08-31T06:31:12.375512+00:00,2.2472,ok,0,stop,354,72,426,0.15,
mt/set_17/frenetic/test-860,2026-08-31T06:31:12.375559+00:00,2026-08-31T06:31:13.997727+00:00,1.6221,ok,0,stop,353,72,425,0.15,
mt/set_16/ambiegen/test-534,2026-08-31T06:31:13.997816+00:00,2026-08-31T06:31:16.046070+00:00,2.0482,ok,0,stop,355,92,447,0.65,
mt/set_11/frenetic/test-159,2026-08-31T06:31:16.046151+00:00,2026-08-31T06:31:17.615229+00:00,1.569,ok,0,stop,353,72,425,0.15,
mt/set_10/frenetic_v/test-226,2026-08-31T06:31:17.615315+00:00,2026-08-31T06:31:19.182670+00:00,1.5673,ok,0,stop,355,72,427,0.15,
mt/set_7/frenetic_v/odr/test-837,2026-08-31T06:31:19.182749+00:00,2026-08-31T06:31:20.856274+00:00,1.6735,ok,0,stop,355,77,432,0.15,
mt/set_10/ambiegen/test-779,2026-08-31T06:31:20.856329+00:00,2026-08-31T06:31:22.601084+00:00,1.7447,ok,0,stop,354,77,431,0.15,
mt/set_16/frenetic_v/test-910,2026-08-31T06:31:22.601151+00:00,2026-08-31T06:31:24.169503+00:00,1.5683,ok,0,stop,355,72,427,0.15,
mt_set5/frenetic_v/test-279,2026-08-31T06:31:24.169582+00:00,2026-08-31T06:31:25.740703+00:00,1.5711,ok,0,stop,355,72,427,0.15,
mt/set_17/frenetic_v/test-687,2026-08-31T06:31:25.740779+00:00,2026-08-31T06:31:27.311898+00:00,1.5711,ok,0,stop,354,72,426,0.15,
mt/set_14/ambiegen/test-762,2026-08-31T06:31:27.311952+00:00,2026-08-31T06:31:29.051841+00:00,1.7399,ok,0,stop,354,80,434,0.35,
mt/set_11/ambiegen/test-790,2026-08-31T06:31:29.051888+00:00,2026-08-31T06:31:30.736336+00:00,1.6844,ok,0,stop,354,72,426,0.15,
mt/set_13/ambiegen/test-478,2026-08-31T06:31:30.736389+00:00,2026-08-31T06:31:32.229082+00:00,1.4927,ok,0,stop,355,68,423,0.15,
mt/set_10/frenetic_v/test-106,2026-08-31T06:31:32.229134+00:00,2026-08-31T06:31:33.908761+00:00,1.6796,ok,0,stop,354,77,431,0.15,
mt_set5/frenetic_v/test-397,2026-08-31T06:31:33.908867+00:00,2026-08-31T06:31:35.588410+00:00,1.6795,ok,0,stop,355,77,432,0.15,
mt/set_10/frenetic_v/test-924,2026-08-31T06:31:35.588480+00:00,2026-08-31T06:31:37.310508+00:00,1.722,ok,0,stop,355,78,433,0.15,
mt/set_8/frenetic/odr/test-814,2026-08-31T06:31:37.310572+00:00,2026-08-31T06:31:38.883559+00:00,1.5729,ok,0,stop,353,72,425,0.15,
mt_set5/frenetic/test-533,2026-08-31T06:31:38.883617+00:00,2026-08-31T06:31:40.585482+00:00,1.7018,ok,0,stop,354,78,432,0.15,
mt/set_14/ambiegen/test-782,2026-08-31T06:31:40.585549+00:00,2026-08-31T06:31:42.159623+00:00,1.574,ok,0,stop,354,72,426,0.15,
mt/set_13/frenetic/test-21,2026-08-31T06:31:42.159683+00:00,2026-08-31T06:31:43.751642+00:00,1.5919,ok,0,stop,354,72,426,0.15,
mt_set5/frenetic/test-289,2026-08-31T06:31:43.751710+00:00,2026-08-31T06:31:45.388574+00:00,1.6368,ok,0,stop,354,72,426,0.15,
mt/set_16/ambiegen/test-432,2026-08-31T06:31:45.388627+00:00,2026-08-31T06:31:47.064832+00:00,1.6762,ok,0,stop,354,77,431,0.15,
mt/set_13/frenetic_v/test-22,2026-08-31T06:31:47.064906+00:00,2026-08-31T06:31:49.131850+00:00,2.0669,ok,0,stop,355,72,427,0.15,
mt/set_17/frenetic_v/test-492,2026-08-31T06:31:49.131900+00:00,2026-08-31T06:31:50.762755+00:00,1.6308,ok,0,stop,354,72,426,0.15,
mt/set_14/frenetic/test-467,2026-08-31T06:31:50.762807+00:00,2026-08-31T06:31:52.333749+00:00,1.5709,ok,0,stop,353,72,425,0.15,
mt/set_14/frenetic/test-370,2026-08-31T06:31:52.333798+00:00,2026-08-31T06:31:53.902967+00:00,1.5691,ok,0,stop,353,72,425,0.15,
mt/set_14/ambiegen/test-911,2026-08-31T06:31:53.903016+00:00,2026-08-31T06:31:55.578959+00:00,1.6759,ok,0,stop,353,77,430,0.15,
mt/set_10/frenetic/test-52,2026-08-31T06:31:55.579005+00:00,2026-08-31T06:31:57.167371+00:00,1.5883,ok,0,stop,353,72,425,0.15,
mt/set_9/frenetic/test-582,2026-08-31T06:31:57.167426+00:00,2026-08-31T06:31:58.736181+00:00,1.5687,ok,0,stop,353,72,425,0.15,
mt/set_18/frenetic_v/test-63,2026-08-31T06:31:58.736227+00:00,2026-08-31T06:32:00.305392+00:00,1.5691,ok,0,stop,355,72,427,0.15,
mt/set_2/ambiegen/odr/test-933,2026-08-31T06:32:00.305448+00:00,2026-08-31T06:32:01.981493+00:00,1.676,ok,0,stop,354,77,431,0.15,
mt/set_16/frenetic/test-577,2026-08-31T06:32:01.981546+00:00,2026-08-31T06:32:03.551562+00:00,1.57,ok,0,stop,353,72,425,0.15,
mt/set_12/ambiegen/test-200,2026-08-31T06:32:03.551616+00:00,2026-08-31T06:32:05.227909+00:00,1.6763,ok,0,stop,354,77,431,0.15,
mt/set_17/frenetic_v/test-485,2026-08-31T06:32:05.227963+00:00,2026-08-31T06:32:07.222141+00:00,1.9941,ok,0,stop,355,92,447,0.15,
mt/set_9/frenetic_v/test-874,2026-08-31T06:32:07.222188+00:00,2026-08-31T06:32:09.397785+00:00,2.1756,ok,0,stop,354,72,426,0.15,
mt/set_11/ambiegen/test-759,2026-08-31T06:32:09.397857+00:00,2026-08-31T06:32:11.051854+00:00,1.654,ok,0,stop,354,72,426,0.15,
mt/set_16/frenetic/test-116,2026-08-31T06:32:11.051908+00:00,2026-08-31T06:32:12.731257+00:00,1.6793,ok,0,stop,354,77,431,0.15,
mt/set_11/ambiegen/test-600,2026-08-31T06:32:12.731315+00:00,2026-08-31T06:32:14.410150+00:00,1.6788,ok,0,stop,354,77,431,0.15,
mt/set_17/frenetic/test-588,2026-08-31T06:32:14.410207+00:00,2026-08-31T06:32:15.980423+00:00,1.5702,ok,0,stop,354,72,426,0.15,
mt/set_13/ambiegen/test-24,2026-08-31T06:32:15.980480+00:00,2026-08-31T06:32:17.551758+00:00,1.5712,ok,0,stop,354,72,426,0.15,
mt/set_18/ambiegen/test-550,2026-08-31T06:32:17.551799+00:00,2026-08-31T06:32:19.193893+00:00,1.6421,ok,0,stop,354,72,426,0.15,
mt/set_8/frenetic_v/odr/test-177,2026-08-31T06:32:19.193956+00:00,2026-08-31T06:32:20.898857+00:00,1.7049,ok,0,stop,355,77,432,0.15,
mt/set_14/ambiegen/test-291,2026-08-31T06:32:20.898929+00:00,2026-08-31T06:32:22.632321+00:00,1.7334,ok,0,stop,355,78,433,0.15,
mt/set_16/frenetic/test-865,2026-08-31T06:32:22.632374+00:00,2026-08-31T06:32:24.207097+00:00,1.5747,ok,0,stop,354,72,426,0.15,
mt/set_8/frenetic/odr/test-147,2026-08-31T06:32:24.207161+00:00,2026-08-31T06:32:25.909782+00:00,1.7026,ok,0,stop,354,78,432,0.25,
mt/set_9/frenetic_v/test-647,2026-08-31T06:32:25.909849+00:00,2026-08-31T06:32:27.483176+00:00,1.5733,ok,0,stop,355,72,427,0.15,
mt/set_12/frenetic_v/test-719,2026-08-31T06:32:27.483231+00:00,2026-08-31T06:32:29.283780+00:00,1.8005,ok,0,stop,355,77,432,0.15,
mt/set_18/frenetic/test-926,2026-08-31T06:32:29.283843+00:00,2026-08-31T06:32:30.877579+00:00,1.5937,ok,0,stop,354,72,426,0.15,
mt/set_10/ambiegen/test-214,2026-08-31T06:32:30.877641+00:00,2026-08-31T06:32:32.578002+00:00,1.7003,ok,0,stop,355,78,433,0.15,
mt/set_16/ambiegen/test-747,2026-08-31T06:32:32.578061+00:00,2026-08-31T06:32:34.450416+00:00,1.8723,ok,0,stop,354,86,440,0.45,
mt/set_7/frenetic_v/odr/test-601,2026-08-31T06:32:34.450472+00:00,2026-08-31T06:32:36.032561+00:00,1.5821,ok,0,stop,355,72,427,0.15,
mt/set_7/frenetic/odr/test-471,2026-08-31T06:32:36.032617+00:00,2026-08-31T06:32:37.609545+00:00,1.5769,ok,0,stop,353,72,425,0.15,
mt/set_16/frenetic_v/test-207,2026-08-31T06:32:37.609603+00:00,2026-08-31T06:32:39.299513+00:00,1.6899,ok,0,stop,354,77,431,0.15,
mt/set_7/frenetic_v/odr/test-34,2026-08-31T06:32:39.299575+00:00,2026-08-31T06:32:40.879756+00:00,1.5801,ok,0,stop,354,72,426,0.15,
mt/set_14/frenetic_v/test-640,2026-08-31T06:32:40.879826+00:00,2026-08-31T06:32:42.464153+00:00,1.5843,ok,0,stop,354,72,426,0.15,
mt/set_9/ambiegen/test-228,2026-08-31T06:32:42.464205+00:00,2026-08-31T06:32:44.154789+00:00,1.6905,ok,0,stop,354,77,431,0.15,
mt/set_6/frenetic_v/test-702,2026-08-31T06:32:44.154948+00:00,2026-08-31T06:32:45.742501+00:00,1.5875,ok,0,stop,355,72,427,0.15,
mt/set_13/frenetic/test-132,2026-08-31T06:32:45.742567+00:00,2026-08-31T06:32:47.334590+00:00,1.592,ok,0,stop,353,72,425,0.15,
mt/set_18/ambiegen/test-247,2026-08-31T06:32:47.334663+00:00,2026-08-31T06:32:49.438051+00:00,2.1033,ok,0,stop,354,77,431,0.15,
mt/set_13/frenetic_v/test-426,2026-08-31T06:32:49.438110+00:00,2026-08-31T06:32:51.047416+00:00,1.6093,ok,0,stop,355,72,427,0.15,
mt/set_16/ambiegen/test-315,2026-08-31T06:32:51.047483+00:00,2026-08-31T06:32:52.637448+00:00,1.5899,ok,0,stop,354,72,426,0.15,
mt/set_17/frenetic/test-579,2026-08-31T06:32:52.637502+00:00,2026-08-31T06:32:54.218424+00:00,1.5809,ok,0,stop,353,72,425,0.15,
mt/set_12/ambiegen/test-51,2026-08-31T06:32:54.218481+00:00,2026-08-31T06:32:55.793363+00:00,1.5748,ok,0,stop,354,72,426,0.15,
mt/set_9/frenetic_v/test-578,2026-08-31T06:32:55.793421+00:00,2026-08-31T06:32:57.406267+00:00,1.6128,ok,0,stop,355,72,427,0.15,
mt/set_13/ambiegen/test-797,2026-08-31T06:32:57.406359+00:00,2026-08-31T06:32:59.099458+00:00,1.6931,ok,0,stop,354,77,431,0.15,
mt/set_7/frenetic/odr/test-107,2026-08-31T06:32:59.099513+00:00,2026-08-31T06:33:00.791444+00:00,1.6919,ok,0,stop,353,77,430,0.15,
mt/set_14/frenetic/test-57,2026-08-31T06:33:00.791503+00:00,2026-08-31T06:33:02.381004+00:00,1.5895,ok,0,stop,354,72,426,0.15,
mt_set5/ambiegen/test-930,2026-08-31T06:33:02.381066+00:00,2026-08-31T06:33:03.958906+00:00,1.5778,ok,0,stop,354,72,426,0.15,
mt/set_10/frenetic/test-91,2026-08-31T06:33:03.958961+00:00,2026-08-31T06:33:05.605698+00:00,1.6467,ok,0,stop,354,72,426,0.15,
mt/set_12/ambiegen/test-25,2026-08-31T06:33:05.605759+00:00,2026-08-31T06:33:07.249625+00:00,1.6438,ok,0,stop,354,72,426,0.15,
mt/set_13/frenetic_v/test-747,2026-08-31T06:33:07.249689+00:00,2026-08-31T06:33:08.897967+00:00,1.6482,ok,0,stop,355,72,427,0.15,
mt/set_18/frenetic/test-348,2026-08-31T06:33:08.898024+00:00,2026-08-31T06:33:10.600046+00:00,1.702,ok,0,stop,353,77,430,0.15,
mt/set_16/frenetic_v/test-2,2026-08-31T06:33:10.600120+00:00,2026-08-31T06:33:12.485501+00:00,1.8853,ok,0,stop,355,77,432,0.15,
mt/set_10/ambiegen/test-351,2026-08-31T06:33:12.485683+00:00,2026-08-31T06:33:14.630561+00:00,2.1448,ok,0,stop,355,92,447,0.15,
mt/set_16/frenetic/test-68,2026-08-31T06:33:14.630639+00:00,2026-08-31T06:33:16.349723+00:00,1.719,ok,0,stop,353,72,425,0.15,
mt_set6/frenetic/test-888,2026-08-31T06:33:16.349776+00:00,2026-08-31T06:33:17.930812+00:00,1.581,ok,0,stop,353,72,425,0.15,
mt/set_10/frenetic_v/test-287,2026-08-31T06:33:17.930868+00:00,2026-08-31T06:33:19.517820+00:00,1.5869,ok,0,stop,355,72,427,0.15,
mt/set_13/ambiegen/test-7,2026-08-31T06:33:19.517871+00:00,2026-08-31T06:33:21.105047+00:00,1.5871,ok,0,stop,355,72,427,0.15,
mt_set5/ambiegen/test-117,2026-08-31T06:33:21.105109+00:00,2026-08-31T06:33:22.800289+00:00,1.6951,ok,0,stop,355,77,432,0.15,
mt/set_13/ambiegen/test-89,2026-08-31T06:33:22.800355+00:00,2026-08-31T06:33:24.383136+00:00,1.5827,ok,0,stop,354,72,426,0.15,
mt/set_16/frenetic/test-118,2026-08-31T06:33:24.383186+00:00,2026-08-31T06:33:26.179431+00:00,1.7962,ok,0,stop,353,77,430,0.15,
mt/set_17/ambiegen/test-696,2026-08-31T06:33:26.179513+00:00,2026-08-31T06:33:27.807850+00:00,1.6283,ok,0,stop,354,72,426,0.15,
mt/set_16/ambiegen/test-100,2026-08-31T06:33:27.807908+00:00,2026-08-31T06:33:29.567277+00:00,1.7593,ok,0,stop,354,77,431,0.15,
mt_set5/ambiegen/test-460,2026-08-31T06:33:29.567334+00:00,2026-08-31T06:33:31.199640+00:00,1.6323,ok,0,stop,354,72,426,0.15,
mt/set_13/frenetic_v/test-165,2026-08-31T06:33:31.199699+00:00,2026-08-31T06:33:32.825896+00:00,1.6262,ok,0,stop,355,72,427,0.15,
mt_set5/frenetic_v/test-728,2026-08-31T06:33:32.825953+00:00,2026-08-31T06:33:34.437550+00:00,1.6116,ok,0,stop,354,72,426,0.15,
mt/set_16/frenetic_v/test-440,2026-08-31T06:33:34.437700+00:00,2026-08-31T06:33:36.057174+00:00,1.6194,ok,0,stop,355,72,427,0.15,
mt_set6/frenetic/test-144,2026-08-31T06:33:36.057232+00:00,2026-08-31T06:33:37.778463+00:00,1.7212,ok,0,stop,354,78,432,0.15,
mt/set_7/ambiegen/odr/test-103,2026-08-31T06:33:37.778535+00:00,2026-08-31T06:33:39.363193+00:00,1.5846,ok,0,stop,354,72,426,0.15,
mt/set_13/ambiegen/test-395,2026-08-31T06:33:39.363258+00:00,2026-08-31T06:33:41.050913+00:00,1.6876,ok,0,stop,354,77,431,0.15,
mt/set_2/ambiegen/odr/test-955,2026-08-31T06:33:41.050969+00:00,2026-08-31T06:33:42.633733+00:00,1.5827,ok,0,stop,355,72,427,0.15,
mt/set_9/frenetic_v/test-782,2026-08-31T06:33:42.633789+00:00,2026-08-31T06:33:44.219260+00:00,1.5854,ok,0,stop,355,72,427,0.15,
mt/set_16/frenetic_v/test-465,2026-08-31T06:33:44.219316+00:00,2026-08-31T06:33:45.905558+00:00,1.6862,ok,0,stop,355,77,432,0.15,
mt/set_6/frenetic_v/test-351,2026-08-31T06:33:45.905616+00:00,2026-08-31T06:33:47.589748+00:00,1.6841,ok,0,stop,354,77,431,0.15,
mt/set_12/frenetic_v/test-658,2026-08-31T06:33:47.589796+00:00,2026-08-31T06:33:49.184364+00:00,1.5945,ok,0,stop,355,72,427,0.15,
mt/set_13/frenetic_v/test-684,2026-08-31T06:33:49.184424+00:00,2026-08-31T06:33:50.807773+00:00,1.6233,ok,0,stop,355,72,427,0.15,
mt/set_18/frenetic/test-789,2026-08-31T06:33:50.807830+00:00,2026-08-31T06:33:52.527990+00:00,1.7201,ok,0,stop,354,77,431,0.15,
mt/set_16/frenetic/test-115,2026-08-31T06:33:52.528037+00:00,2026-08-31T06:33:54.110698+00:00,1.5826,ok,0,stop,354,72,426,0.15,
mt_set5/frenetic_v/test-611,2026-08-31T06:33:54.110756+00:00,2026-08-31T06:33:55.689343+00:00,1.5786,ok,0,stop,354,72,426,0.15,
mt/set_14/frenetic/test-847,2026-08-31T06:33:55.689396+00:00,2026-08-31T06:33:57.849400+00:00,2.16,ok,0,stop,354,72,426,0.15,
mt_set6/frenetic/test-503,2026-08-31T06:33:57.849453+00:00,2026-08-31T06:33:59.485374+00:00,1.6359,ok,0,stop,354,72,426,0.15,
mt/set_11/frenetic/test-758,2026-08-31T06:33:59.485425+00:00,2026-08-31T06:34:01.056010+00:00,1.5706,ok,0,stop,353,72,425,0.15,
mt/set_9/ambiegen/test-823,2026-08-31T06:34:01.056061+00:00,2026-08-31T06:34:02.816032+00:00,1.7599,ok,0,stop,354,81,435,0.35,
mt_set5/frenetic_v/test-459,2026-08-31T06:34:02.816104+00:00,2026-08-31T06:34:04.518441+00:00,1.7023,ok,0,stop,355,78,433,0.15,
mt/set_7/ambiegen/odr/test-279,2026-08-31T06:34:04.518498+00:00,2026-08-31T06:34:06.216841+00:00,1.6983,ok,0,stop,355,78,433,0.15,
mt_set5/frenetic_v/test-387,2026-08-31T06:34:06.216891+00:00,2026-08-31T06:34:07.789625+00:00,1.5727,ok,0,stop,354,72,426,0.15,
mt_set5/frenetic/test-72,2026-08-31T06:34:07.789693+00:00,2026-08-31T06:34:09.471761+00:00,1.682,ok,0,stop,354,77,431,0.15,
mt/set_13/ambiegen/test-428,2026-08-31T06:34:09.471838+00:00,2026-08-31T06:34:11.046882+00:00,1.575,ok,0,stop,354,72,426,0.15,
mt/set_11/ambiegen/test-411,2026-08-31T06:34:11.046934+00:00,2026-08-31T06:34:12.725061+00:00,1.6781,ok,0,stop,354,77,431,0.15,
mt/set_10/frenetic/test-754,2026-08-31T06:34:12.725115+00:00,2026-08-31T06:34:14.405674+00:00,1.6805,ok,0,stop,353,77,430,0.15,
mt/set_7/frenetic_v/odr/test-126,2026-08-31T06:34:14.405746+00:00,2026-08-31T06:34:16.923857+00:00,2.5181,ok,0,stop,355,80,435,0.15,
mt/set_17/ambiegen/test-256,2026-08-31T06:34:16.923931+00:00,2026-08-31T06:34:18.597169+00:00,1.6732,ok,0,stop,354,72,426,0.15,
mt/set_10/ambiegen/test-357,2026-08-31T06:34:18.597221+00:00,2026-08-31T06:34:20.167402+00:00,1.5701,ok,0,stop,354,72,426,0.15,
mt/set_16/ambiegen/test-454,2026-08-31T06:34:20.167474+00:00,2026-08-31T06:34:21.847896+00:00,1.6804,ok,0,stop,354,77,431,0.15,
mt/set_14/ambiegen/test-114,2026-08-31T06:34:21.848023+00:00,2026-08-31T06:34:23.422305+00:00,1.5742,ok,0,stop,354,72,426,0.15,
mt/set_12/ambiegen/test-264,2026-08-31T06:34:23.422357+00:00,2026-08-31T06:34:24.999181+00:00,1.5768,ok,0,stop,355,72,427,0.15,
mt/set_12/ambiegen/test-598,2026-08-31T06:34:24.999233+00:00,2026-08-31T06:34:26.649816+00:00,1.6506,ok,0,stop,354,72,426,0.15,
mt/set_11/frenetic_v/test-46,2026-08-31T06:34:26.649866+00:00,2026-08-31T06:34:28.222898+00:00,1.573,ok,0,stop,355,72,427,0.15,
mt/set_9/ambiegen/test-597,2026-08-31T06:34:28.222958+00:00,2026-08-31T06:34:29.984533+00:00,1.7615,ok,0,stop,355,80,435,0.15,
mt/set_12/frenetic/test-163,2026-08-31T06:34:29.984595+00:00,2026-08-31T06:34:31.588416+00:00,1.6038,ok,0,stop,353,72,425,0.25,
mt/set_17/ambiegen/test-255,2026-08-31T06:34:31.588466+00:00,2026-08-31T06:34:33.282043+00:00,1.6935,ok,0,stop,354,77,431,0.15,
mt/set_11/frenetic/test-953,2026-08-31T06:34:33.282100+00:00,2026-08-31T06:34:34.953558+00:00,1.6714,ok,0,stop,354,72,426,0.15,
mt/set_17/frenetic_v/test-500,2026-08-31T06:34:34.953618+00:00,2026-08-31T06:34:36.545898+00:00,1.5922,ok,0,stop,355,72,427,0.15,
mt/set_12/frenetic/test-41,2026-08-31T06:34:36.545965+00:00,2026-08-31T06:34:38.785247+00:00,2.2392,ok,0,stop,353,103,456,0.25,
mt_set5/ambiegen/test-66,2026-08-31T06:34:38.785308+00:00,2026-08-31T06:34:40.357465+00:00,1.5721,ok,0,stop,354,72,426,0.15,
mt/set_17/frenetic_v/test-454,2026-08-31T06:34:40.357526+00:00,2026-08-31T06:34:41.937182+00:00,1.5796,ok,0,stop,355,72,427,0.15,
mt/set_12/ambiegen/test-677,2026-08-31T06:34:41.937237+00:00,2026-08-31T06:34:43.643585+00:00,1.7063,ok,0,stop,355,78,433,0.15,
mt/set_13/ambiegen/test-826,2026-08-31T06:34:43.643634+00:00,2026-08-31T06:34:45.216588+00:00,1.5729,ok,0,stop,354,72,426,0.15,
mt/set_9/ambiegen/test-918,2026-08-31T06:34:45.216637+00:00,2026-08-31T06:34:46.893290+00:00,1.6766,ok,0,stop,354,77,431,0.15,
mt_set5/ambiegen/test-840,2026-08-31T06:34:46.893365+00:00,2026-08-31T06:34:48.466356+00:00,1.573,ok,0,stop,354,72,426,0.15,
mt/set_14/ambiegen/test-532,2026-08-31T06:34:48.466409+00:00,2026-08-31T06:34:50.153504+00:00,1.6871,ok,0,stop,354,77,431,0.15,
mt_set5/ambiegen/test-659,2026-08-31T06:34:50.153553+00:00,2026-08-31T06:34:52.156346+00:00,2.0028,ok,0,stop,354,92,446,0.15,
mt_set5/frenetic/test-55,2026-08-31T06:34:52.156394+00:00,2026-08-31T06:34:54.329167+00:00,2.1727,ok,0,stop,353,72,425,0.15,
mt/set_9/ambiegen/test-397,2026-08-31T06:34:54.329238+00:00,2026-08-31T06:34:56.021803+00:00,1.6925,ok,0,stop,354,72,426,0.15,
mt/set_10/frenetic/test-656,2026-08-31T06:34:56.021853+00:00,2026-08-31T06:34:57.743490+00:00,1.7216,ok,0,stop,354,78,432,0.15,
mt/set_12/frenetic/test-161,2026-08-31T06:34:57.743542+00:00,2026-08-31T06:34:59.423220+00:00,1.6796,ok,0,stop,354,77,431,0.15,
mt/set_16/frenetic/test-754,2026-08-31T06:34:59.423284+00:00,2026-08-31T06:35:01.012453+00:00,1.5891,ok,0,stop,354,72,426,0.15,
mt/set_17/ambiegen/test-513,2026-08-31T06:35:01.012518+00:00,2026-08-31T06:35:02.593715+00:00,1.5812,ok,0,stop,354,72,426,0.15,
mt/set_7/ambiegen/odr/test-475,2026-08-31T06:35:02.593770+00:00,2026-08-31T06:35:04.160784+00:00,1.567,ok,0,stop,353,72,425,0.15,
mt/set_12/frenetic_v/test-451,2026-08-31T06:35:04.160843+00:00,2026-08-31T06:35:05.854074+00:00,1.6932,ok,0,stop,355,77,432,0.15,
mt/set_11/frenetic/test-884,2026-08-31T06:35:05.854130+00:00,2026-08-31T06:35:07.427883+00:00,1.5737,ok,0,stop,353,72,425,0.15,
mt/set_10/frenetic_v/test-731,2026-08-31T06:35:07.427932+00:00,2026-08-31T06:35:09.427683+00:00,1.9997,ok,0,stop,355,92,447,0.15,
mt/set_18/frenetic/test-338,2026-08-31T06:35:09.427751+00:00,2026-08-31T06:35:11.000044+00:00,1.5723,ok,0,stop,354,72,426,0.15,
mt/set_16/frenetic_v/test-435,2026-08-31T06:35:11.000087+00:00,2026-08-31T06:35:13.321152+00:00,2.321,ok,0,stop,355,72,427,0.15,
mt/set_13/ambiegen/test-86,2026-08-31T06:35:13.321197+00:00,2026-08-31T06:35:14.982299+00:00,1.6611,ok,0,stop,355,72,427,0.15,
mt/set_13/ambiegen/test-147,2026-08-31T06:35:14.982348+00:00,2026-08-31T06:35:16.666268+00:00,1.6839,ok,0,stop,354,77,431,0.15,
mt/set_13/ambiegen/test-384,2026-08-31T06:35:16.666313+00:00,2026-08-31T06:35:18.349941+00:00,1.6836,ok,0,stop,353,77,430,0.15,
mt/set_14/ambiegen/test-896,2026-08-31T06:35:18.349992+00:00,2026-08-31T06:35:19.922738+00:00,1.5727,ok,0,stop,354,72,426,0.15,
mt/set_2/ambiegen/odr/test-419,2026-08-31T06:35:19.922786+00:00,2026-08-31T06:35:21.609927+00:00,1.6871,ok,0,stop,354,77,431,0.15,
mt/set_7/frenetic/odr/test-895,2026-08-31T06:35:21.609968+00:00,2026-08-31T06:35:23.274937+00:00,1.6649,ok,0,stop,354,72,426,0.15,
mt/set_7/frenetic_v/odr/test-146,2026-08-31T06:35:23.274986+00:00,2026-08-31T06:35:24.847190+00:00,1.5722,ok,0,stop,354,72,426,0.15,
mt/set_13/frenetic_v/test-131,2026-08-31T06:35:24.847243+00:00,2026-08-31T06:35:26.529454+00:00,1.6822,ok,0,stop,354,77,431,0.15,
mt/set_11/frenetic/test-875,2026-08-31T06:35:26.529504+00:00,2026-08-31T06:35:28.102907+00:00,1.5734,ok,0,stop,353,72,425,0.15,
mt/set_13/frenetic_v/test-639,2026-08-31T06:35:28.102959+00:00,2026-08-31T06:35:29.675588+00:00,1.5726,ok,0,stop,355,72,427,0.15,
mt/set_14/frenetic_v/test-863,2026-08-31T06:35:29.675654+00:00,2026-08-31T06:35:31.312480+00:00,1.6368,ok,0,stop,355,72,427,0.15,
mt/set_9/frenetic_v/test-633,2026-08-31T06:35:31.312535+00:00,2026-08-31T06:35:33.345710+00:00,2.0331,ok,0,stop,355,92,447,0.15,
mt/set_13/frenetic/test-359,2026-08-31T06:35:33.345762+00:00,2026-08-31T06:35:35.031327+00:00,1.6855,ok,0,stop,353,77,430,0.15,
mt/set_18/ambiegen/test-751,2026-08-31T06:35:35.031383+00:00,2026-08-31T06:35:36.710921+00:00,1.6795,ok,0,stop,354,77,431,0.15,
mt/set_2/ambiegen/odr/test-780,2026-08-31T06:35:36.710978+00:00,2026-08-31T06:35:38.206085+00:00,1.4951,ok,0,stop,355,67,422,0.65,
mt/set_14/frenetic/test-934,2026-08-31T06:35:38.206143+00:00,2026-08-31T06:35:39.905841+00:00,1.6997,ok,0,stop,354,77,431,0.15,
mt/set_6/frenetic_v/test-867,2026-08-31T06:35:39.905888+00:00,2026-08-31T06:35:41.465096+00:00,1.5592,ok,0,stop,355,71,426,0.15,
mt/set_16/frenetic/test-19,2026-08-31T06:35:41.465148+00:00,2026-08-31T06:35:43.171253+00:00,1.7061,ok,0,stop,354,78,432,0.15,
mt/set_18/ambiegen/test-705,2026-08-31T06:35:43.171296+00:00,2026-08-31T06:35:44.773942+00:00,1.6026,ok,0,stop,355,72,427,0.15,
mt/set_6/frenetic_v/test-769,2026-08-31T06:35:44.773994+00:00,2026-08-31T06:35:46.362480+00:00,1.5885,ok,0,stop,354,72,426,0.15,
mt/set_7/frenetic_v/odr/test-338,2026-08-31T06:35:46.362563+00:00,2026-08-31T06:35:47.937589+00:00,1.575,ok,0,stop,355,72,427,0.15,
mt/set_14/frenetic_v/test-415,2026-08-31T06:35:47.937665+00:00,2026-08-31T06:35:50.328874+00:00,2.3911,ok,0,stop,355,72,427,0.15,
mt/set_7/ambiegen/odr/test-36,2026-08-31T06:35:50.328994+00:00,2026-08-31T06:35:51.989069+00:00,1.66,ok,0,stop,354,72,426,0.15,
mt/set_13/frenetic_v/test-598,2026-08-31T06:35:51.989120+00:00,2026-08-31T06:35:53.693390+00:00,1.7042,ok,0,stop,355,78,433,0.15,
mt/set_17/frenetic/test-788,2026-08-31T06:35:53.693435+00:00,2026-08-31T06:35:55.270923+00:00,1.5775,ok,0,stop,353,72,425,0.15,
mt/set_14/ambiegen/test-729,2026-08-31T06:35:55.270974+00:00,2026-08-31T06:35:57.135482+00:00,1.8645,ok,0,stop,354,85,439,0.15,
mt/set_11/frenetic_v/test-464,2026-08-31T06:35:57.135534+00:00,2026-08-31T06:35:58.713991+00:00,1.5784,ok,0,stop,354,72,426,0.15,
mt_set5/frenetic_v/test-805,2026-08-31T06:35:58.714043+00:00,2026-08-31T06:36:00.291167+00:00,1.5771,ok,0,stop,354,72,426,0.15,
mt/set_10/frenetic_v/test-457,2026-08-31T06:36:00.291216+00:00,2026-08-31T06:36:01.871401+00:00,1.5802,ok,0,stop,355,72,427,0.15,
mt/set_12/frenetic_v/test-339,2026-08-31T06:36:01.871456+00:00,2026-08-31T06:36:03.559244+00:00,1.6878,ok,0,stop,355,77,432,0.15,
mt/set_8/frenetic_v/odr/test-805,2026-08-31T06:36:03.559295+00:00,2026-08-31T06:36:05.569234+00:00,2.0099,ok,0,stop,355,92,447,0.15,
mt/set_8/ambiegen/odr/test-43,2026-08-31T06:36:05.569282+00:00,2026-08-31T06:36:07.260727+00:00,1.6914,ok,0,stop,354,77,431,0.15,
mt/set_7/ambiegen/odr/test-531,2026-08-31T06:36:07.260784+00:00,2026-08-31T06:36:09.509545+00:00,2.2487,ok,0,stop,354,80,434,0.35,
mt/set_10/frenetic/test-627,2026-08-31T06:36:09.509606+00:00,2026-08-31T06:36:11.462132+00:00,1.9525,ok,0,stop,353,85,438,0.15,
mt/set_8/frenetic/odr/test-203,2026-08-31T06:36:11.462177+00:00,2026-08-31T06:36:13.038224+00:00,1.576,ok,0,stop,354,72,426,0.15,
mt/set_9/ambiegen/test-195,2026-08-31T06:36:13.038275+00:00,2026-08-31T06:36:14.529578+00:00,1.4913,ok,0,stop,354,68,422,0.35,
mt/set_14/ambiegen/test-36,2026-08-31T06:36:14.529626+00:00,2026-08-31T06:36:16.111744+00:00,1.5821,ok,0,stop,355,72,427,0.15,
mt/set_10/ambiegen/test-941,2026-08-31T06:36:16.111799+00:00,2026-08-31T06:36:17.791512+00:00,1.6797,ok,0,stop,354,77,431,0.15,
mt/set_8/ambiegen/odr/test-319,2026-08-31T06:36:17.791585+00:00,2026-08-31T06:36:19.445490+00:00,1.6539,ok,0,stop,354,72,426,0.15,
mt/set_10/ambiegen/test-19,2026-08-31T06:36:19.445541+00:00,2026-08-31T06:36:21.145050+00:00,1.6995,ok,0,stop,355,78,433,0.15,
mt/set_16/frenetic_v/test-12,2026-08-31T06:36:21.145106+00:00,2026-08-31T06:36:22.844732+00:00,1.6996,ok,0,stop,355,78,433,0.15,
mt/set_11/frenetic_v/test-738,2026-08-31T06:36:22.844790+00:00,2026-08-31T06:36:24.413120+00:00,1.5683,ok,0,stop,354,72,426,0.15,
mt/set_11/ambiegen/test-954,2026-08-31T06:36:24.413177+00:00,2026-08-31T06:36:26.087618+00:00,1.6744,ok,0,stop,354,77,431,0.15,
mt/set_12/ambiegen/test-553,2026-08-31T06:36:26.087667+00:00,2026-08-31T06:36:27.893126+00:00,1.8054,ok,0,stop,354,77,431,0.15,
mt/set_10/ambiegen/test-447,2026-08-31T06:36:27.893186+00:00,2026-08-31T06:36:29.756218+00:00,1.863,ok,0,stop,354,84,438,0.35,
mt/set_17/ambiegen/test-690,2026-08-31T06:36:29.756265+00:00,2026-08-31T06:36:31.337778+00:00,1.5815,ok,0,stop,354,72,426,0.15,
mt/set_13/ambiegen/test-771,2026-08-31T06:36:31.337826+00:00,2026-08-31T06:36:33.037634+00:00,1.6998,ok,0,stop,354,77,431,0.15,
mt/set_2/ambiegen/odr/test-375,2026-08-31T06:36:33.037685+00:00,2026-08-31T06:36:34.510126+00:00,1.4724,ok,0,stop,356,67,423,0.65,
mt_set6/frenetic/test-835,2026-08-31T06:36:34.510183+00:00,2026-08-31T06:36:36.092220+00:00,1.582,ok,0,stop,354,72,426,0.15,
mt/set_16/ambiegen/test-274,2026-08-31T06:36:36.092271+00:00,2026-08-31T06:36:37.809564+00:00,1.7173,ok,0,stop,354,78,432,0.65,
mt/set_7/frenetic/odr/test-316,2026-08-31T06:36:37.809614+00:00,2026-08-31T06:36:39.502205+00:00,1.6926,ok,0,stop,353,77,430,0.15,
mt/set_9/frenetic_v/test-484,2026-08-31T06:36:39.502257+00:00,2026-08-31T06:36:41.088675+00:00,1.5864,ok,0,stop,355,72,427,0.15,
mt/set_10/ambiegen/test-196,2026-08-31T06:36:41.088726+00:00,2026-08-31T06:36:42.675931+00:00,1.5872,ok,0,stop,354,72,426,0.15,
mt/set_9/frenetic/test-225,2026-08-31T06:36:42.675984+00:00,2026-08-31T06:36:44.819717+00:00,2.1437,ok,0,stop,353,72,425,0.15,
mt/set_14/frenetic_v/test-920,2026-08-31T06:36:44.819775+00:00,2026-08-31T06:36:46.469913+00:00,1.6501,ok,0,stop,355,72,427,0.15,
mt/set_8/ambiegen/odr/test-472,2026-08-31T06:36:46.469964+00:00,2026-08-31T06:36:48.153964+00:00,1.684,ok,0,stop,355,77,432,0.15,
mt/set_7/ambiegen/odr/test-311,2026-08-31T06:36:48.154016+00:00,2026-08-31T06:36:49.920841+00:00,1.7668,ok,0,stop,354,81,435,0.35,
mt/set_6/frenetic_v/test-593,2026-08-31T06:36:49.920893+00:00,2026-08-31T06:36:51.624487+00:00,1.7036,ok,0,stop,355,78,433,0.15,
mt/set_9/frenetic_v/test-180,2026-08-31T06:36:51.624533+00:00,2026-08-31T06:36:53.390372+00:00,1.7658,ok,0,stop,355,80,435,0.15,
mt/set_14/frenetic_v/test-772,2026-08-31T06:36:53.390432+00:00,2026-08-31T06:36:54.973897+00:00,1.5834,ok,0,stop,355,72,427,0.15,
mt/set_10/ambiegen/test-449,2026-08-31T06:36:54.973944+00:00,2026-08-31T06:36:56.891980+00:00,1.918,ok,0,stop,355,88,443,0.35,
mt/set_17/frenetic_v/test-278,2026-08-31T06:36:56.892032+00:00,2026-08-31T06:36:58.467895+00:00,1.5758,ok,0,stop,354,72,426,0.15,
mt/set_11/ambiegen/test-283,2026-08-31T06:36:58.467954+00:00,2026-08-31T06:37:00.088000+00:00,1.62,ok,0,stop,354,72,426,0.15,
mt_set5/frenetic/test-214,2026-08-31T06:37:00.088056+00:00,2026-08-31T06:37:01.727984+00:00,1.6399,ok,0,stop,354,72,426,0.15,
mt/set_8/frenetic/odr/test-446,2026-08-31T06:37:01.728034+00:00,2026-08-31T06:37:03.561810+00:00,1.8336,ok,0,stop,353,72,425,0.15,
mt/set_13/ambiegen/test-59,2026-08-31T06:37:03.562013+00:00,2026-08-31T06:37:05.821304+00:00,2.2592,ok,0,stop,354,72,426,0.15,
mt_set5/ambiegen/test-844,2026-08-31T06:37:05.821371+00:00,2026-08-31T06:37:07.613973+00:00,1.7926,ok,0,stop,354,77,431,0.15,
mt_set5/frenetic_v/test-325,2026-08-31T06:37:07.614032+00:00,2026-08-31T06:37:09.193981+00:00,1.5799,ok,0,stop,355,72,427,0.15,
mt/set_12/ambiegen/test-346,2026-08-31T06:37:09.194030+00:00,2026-08-31T06:37:11.030291+00:00,1.8362,ok,0,stop,354,84,438,0.35,
mt/set_12/ambiegen/test-653,2026-08-31T06:37:11.030352+00:00,2026-08-31T06:37:12.610397+00:00,1.58,ok,0,stop,353,72,425,0.15,
mt/set_18/frenetic/test-777,2026-08-31T06:37:12.610492+00:00,2026-08-31T06:37:14.347428+00:00,1.7369,ok,0,stop,354,77,431,0.15,
mt/set_11/ambiegen/test-293,2026-08-31T06:37:14.347537+00:00,2026-08-31T06:37:16.107997+00:00,1.7604,ok,0,stop,355,78,433,0.15,
mt_set5/frenetic/test-341,2026-08-31T06:37:16.108054+00:00,2026-08-31T06:37:18.118949+00:00,2.0109,ok,0,stop,354,92,446,0.15,
mt/set_13/ambiegen/test-120,2026-08-31T06:37:18.118999+00:00,2026-08-31T06:37:19.801500+00:00,1.6825,ok,0,stop,354,77,431,0.15,
mt/set_2/ambiegen/odr/test-269,2026-08-31T06:37:19.801550+00:00,2026-08-31T06:37:21.507855+00:00,1.7063,ok,0,stop,354,77,431,0.15,
mt/set_7/frenetic/odr/test-335,2026-08-31T06:37:21.507904+00:00,2026-08-31T06:37:23.343463+00:00,1.8355,ok,0,stop,354,78,432,0.15,
mt/set_14/frenetic/test-81,2026-08-31T06:37:23.343521+00:00,2026-08-31T06:37:25.045819+00:00,1.7023,ok,0,stop,353,77,430,0.15,
mt/set_14/frenetic_v/test-354,2026-08-31T06:37:25.045868+00:00,2026-08-31T06:37:26.629304+00:00,1.5834,ok,0,stop,355,72,427,0.15,
mt/set_18/frenetic/test-438,2026-08-31T06:37:26.629354+00:00,2026-08-31T06:37:28.226163+00:00,1.5968,ok,0,stop,353,72,425,0.15,
mt/set_9/ambiegen/test-805,2026-08-31T06:37:28.226217+00:00,2026-08-31T06:37:29.986616+00:00,1.7604,ok,0,stop,355,80,435,0.15,
mt/set_16/ambiegen/test-128,2026-08-31T06:37:29.986670+00:00,2026-08-31T06:37:31.592541+00:00,1.6058,ok,0,stop,354,72,426,0.15,
mt/set_12/frenetic_v/test-182,2026-08-31T06:37:31.592630+00:00,2026-08-31T06:37:33.179893+00:00,1.5872,ok,0,stop,354,72,426,0.15,
mt/set_9/frenetic_v/test-81,2026-08-31T06:37:33.179942+00:00,2026-08-31T06:37:35.176947+00:00,1.997,ok,0,stop,355,92,447,0.15,
mt/set_14/frenetic_v/test-759,2026-08-31T06:37:35.177006+00:00,2026-08-31T06:37:36.749890+00:00,1.5728,ok,0,stop,354,72,426,0.15,
mt/set_12/frenetic_v/test-530,2026-08-31T06:37:36.749951+00:00,2026-08-31T06:37:38.327617+00:00,1.5776,ok,0,stop,355,72,427,0.15,
mt_set5/frenetic_v/test-756,2026-08-31T06:37:38.327670+00:00,2026-08-31T06:37:39.906929+00:00,1.5791,ok,0,stop,355,72,427,0.15,
mt/set_16/frenetic_v/test-162,2026-08-31T06:37:39.907135+00:00,2026-08-31T06:37:42.376914+00:00,2.4697,ok,0,stop,355,77,432,0.15,
mt/set_12/frenetic_v/test-370,2026-08-31T06:37:42.376995+00:00,2026-08-31T06:37:44.017230+00:00,1.6402,ok,0,stop,355,71,426,0.15,
mt/set_12/ambiegen/test-817,2026-08-31T06:37:44.017279+00:00,2026-08-31T06:37:45.589816+00:00,1.5725,ok,0,stop,354,72,426,0.15,
mt/set_11/frenetic_v/test-111,2026-08-31T06:37:45.589865+00:00,2026-08-31T06:37:47.167129+00:00,1.5772,ok,0,stop,355,72,427,0.15,
mt/set_6/frenetic_v/test-807,2026-08-31T06:37:47.167179+00:00,2026-08-31T06:37:48.857046+00:00,1.6898,ok,0,stop,355,77,432,0.15,
mt/set_16/frenetic/test-451,2026-08-31T06:37:48.857096+00:00,2026-08-31T06:37:50.462886+00:00,1.6058,ok,0,stop,354,72,426,0.15,
mt/set_16/frenetic_v/test-407,2026-08-31T06:37:50.462932+00:00,2026-08-31T06:37:52.040760+00:00,1.5778,ok,0,stop,354,72,426,0.15,
mt_set5/frenetic_v/test-753,2026-08-31T06:37:52.040804+00:00,2026-08-31T06:37:54.040733+00:00,1.9999,ok,0,stop,355,92,447,0.15,
mt/set_9/frenetic_v/test-891,2026-08-31T06:37:54.040786+00:00,2026-08-31T06:37:55.616728+00:00,1.5759,ok,0,stop,355,72,427,0.15,
mt/set_12/frenetic_v/test-288,2026-08-31T06:37:55.616781+00:00,2026-08-31T06:37:57.301843+00:00,1.685,ok,0,stop,354,77,431,0.15,
mt/set_2/ambiegen/odr/test-334,2026-08-31T06:37:57.301894+00:00,2026-08-31T06:37:58.985518+00:00,1.6836,ok,0,stop,353,77,430,0.15,
mt/set_10/frenetic_v/test-619,2026-08-31T06:37:58.985570+00:00,2026-08-31T06:38:01.222586+00:00,2.2367,ok,0,stop,355,72,427,0.15,
mt_set5/frenetic_v/test-797,2026-08-31T06:38:01.222977+00:00,2026-08-31T06:38:02.954743+00:00,1.7316,ok,0,stop,355,72,427,0.15,
mt/set_18/frenetic_v/test-10,2026-08-31T06:38:02.954852+00:00,2026-08-31T06:38:04.696825+00:00,1.7419,ok,0,stop,355,77,432,0.15,
mt/set_6/frenetic_v/test-478,2026-08-31T06:38:04.696869+00:00,2026-08-31T06:38:06.378042+00:00,1.6811,ok,0,stop,354,77,431,0.15,
mt/set_11/frenetic_v/test-199,2026-08-31T06:38:06.378100+00:00,2026-08-31T06:38:07.947389+00:00,1.5692,ok,0,stop,354,72,426,0.15,
mt/set_7/frenetic/odr/test-609,2026-08-31T06:38:07.947468+00:00,2026-08-31T06:38:09.517811+00:00,1.5703,ok,0,stop,354,72,426,0.15,
mt/set_6/frenetic_v/test-894,2026-08-31T06:38:09.517861+00:00,2026-08-31T06:38:11.090226+00:00,1.5723,ok,0,stop,355,72,427,0.15,
mt/set_13/frenetic_v/test-748,2026-08-31T06:38:11.090267+00:00,2026-08-31T06:38:12.755056+00:00,1.6647,ok,0,stop,355,72,427,0.15,
mt/set_12/frenetic/test-908,2026-08-31T06:38:12.755131+00:00,2026-08-31T06:38:14.432701+00:00,1.6775,ok,0,stop,353,77,430,0.15,
mt/set_7/frenetic/odr/test-871,2026-08-31T06:38:14.432749+00:00,2026-08-31T06:38:16.030457+00:00,1.5977,ok,0,stop,354,72,426,0.15,
mt/set_18/frenetic_v/test-23,2026-08-31T06:38:16.030507+00:00,2026-08-31T06:38:17.601830+00:00,1.5713,ok,0,stop,354,72,426,0.15,
mt/set_18/frenetic/test-462,2026-08-31T06:38:17.601891+00:00,2026-08-31T06:38:19.172185+00:00,1.5703,ok,0,stop,354,72,426,0.15,
mt/set_7/frenetic_v/odr/test-624,2026-08-31T06:38:19.172241+00:00,2026-08-31T06:38:21.263573+00:00,2.0913,ok,0,stop,355,92,447,0.15,
mt/set_9/ambiegen/test-667,2026-08-31T06:38:21.263631+00:00,2026-08-31T06:38:23.021083+00:00,1.7574,ok,0,stop,355,78,433,0.15,
mt/set_10/frenetic/test-103,2026-08-31T06:38:23.021162+00:00,2026-08-31T06:38:24.630583+00:00,1.6094,ok,0,stop,353,72,425,0.15,
mt/set_12/frenetic/test-896,2026-08-31T06:38:24.630649+00:00,2026-08-31T06:38:26.330049+00:00,1.6994,ok,0,stop,353,77,430,0.15,
mt_set6/frenetic/test-651,2026-08-31T06:38:26.330129+00:00,2026-08-31T06:38:27.920813+00:00,1.5906,ok,0,stop,353,72,425,0.15,
mt/set_8/ambiegen/odr/test-940,2026-08-31T06:38:27.920866+00:00,2026-08-31T06:38:29.618323+00:00,1.6974,ok,0,stop,355,78,433,0.15,
mt/set_6/frenetic_v/test-234,2026-08-31T06:38:29.618373+00:00,2026-08-31T06:38:31.188504+00:00,1.5701,ok,0,stop,354,72,426,0.15,
mt/set_7/frenetic_v/odr/test-179,2026-08-31T06:38:31.188557+00:00,2026-08-31T06:38:33.182454+00:00,1.9939,ok,0,stop,355,92,447,0.15,
mt/set_8/frenetic_v/odr/test-925,2026-08-31T06:38:33.182509+00:00,2026-08-31T06:38:34.856640+00:00,1.6741,ok,0,stop,355,77,432,0.15,
mt/set_18/ambiegen/test-345,2026-08-31T06:38:34.856685+00:00,2026-08-31T06:38:36.424364+00:00,1.5676,ok,0,stop,354,72,426,0.15,
mt/set_18/ambiegen/test-878,2026-08-31T06:38:36.424414+00:00,2026-08-31T06:38:38.098367+00:00,1.6739,ok,0,stop,354,77,431,0.15,
mt_set6/frenetic/test-477,2026-08-31T06:38:38.098491+00:00,2026-08-31T06:38:40.205303+00:00,2.1068,ok,0,stop,353,72,425,0.15,
mt/set_11/frenetic/test-757,2026-08-31T06:38:40.205350+00:00,2026-08-31T06:38:41.828301+00:00,1.6229,ok,0,stop,353,72,425,0.15,
mt/set_7/ambiegen/odr/test-199,2026-08-31T06:38:41.828355+00:00,2026-08-31T06:38:43.503701+00:00,1.6753,ok,0,stop,354,77,431,0.15,
mt/set_6/frenetic_v/test-117,2026-08-31T06:38:43.503754+00:00,2026-08-31T06:38:45.073571+00:00,1.5698,ok,0,stop,354,72,426,0.15,
mt/set_17/frenetic/test-835,2026-08-31T06:38:45.073620+00:00,2026-08-31T06:38:46.641625+00:00,1.568,ok,0,stop,353,72,425,0.15,
mt/set_17/frenetic/test-296,2026-08-31T06:38:46.641675+00:00,2026-08-31T06:38:48.223784+00:00,1.5821,ok,0,stop,354,72,426,0.15,
mt/set_9/frenetic_v/test-214,2026-08-31T06:38:48.223835+00:00,2026-08-31T06:38:50.224233+00:00,2.0004,ok,0,stop,355,92,447,0.15,
mt/set_9/ambiegen/test-890,2026-08-31T06:38:50.224283+00:00,2026-08-31T06:38:51.907054+00:00,1.6827,ok,0,stop,354,77,431,0.15,
mt/set_9/frenetic_v/test-390,2026-08-31T06:38:51.907102+00:00,2026-08-31T06:38:53.587520+00:00,1.6804,ok,0,stop,355,77,432,0.15,
mt/set_12/frenetic/test-878,2026-08-31T06:38:53.587571+00:00,2026-08-31T06:38:55.273817+00:00,1.6862,ok,0,stop,354,77,431,0.15,
mt/set_12/frenetic_v/test-158,2026-08-31T06:38:55.273866+00:00,2026-08-31T06:38:56.852017+00:00,1.5781,ok,0,stop,354,72,426,0.15,
mt/set_8/ambiegen/odr/test-630,2026-08-31T06:38:56.852065+00:00,2026-08-31T06:38:58.623545+00:00,1.7714,ok,0,stop,354,77,431,0.15,
mt/set_9/ambiegen/test-258,2026-08-31T06:38:58.623725+00:00,2026-08-31T06:39:00.757186+00:00,2.1334,ok,0,stop,354,77,431,0.15,
mt_set5/ambiegen/test-502,2026-08-31T06:39:00.757233+00:00,2026-08-31T06:39:02.659412+00:00,1.9021,ok,0,stop,354,82,436,0.35,
mt_set5/frenetic/test-250,2026-08-31T06:39:02.659480+00:00,2026-08-31T06:39:04.257724+00:00,1.5982,ok,0,stop,354,72,426,0.15,
mt/set_9/frenetic/test-333,2026-08-31T06:39:04.257786+00:00,2026-08-31T06:39:05.839882+00:00,1.5821,ok,0,stop,353,72,425,0.15,
mt/set_17/frenetic/test-51,2026-08-31T06:39:05.839938+00:00,2026-08-31T06:39:07.520120+00:00,1.6801,ok,0,stop,353,77,430,0.15,
mt/set_6/frenetic_v/test-1,2026-08-31T06:39:07.520190+00:00,2026-08-31T06:39:09.244401+00:00,1.7242,ok,0,stop,355,78,433,0.15,
mt/set_10/ambiegen/test-911,2026-08-31T06:39:09.244465+00:00,2026-08-31T06:39:10.913100+00:00,1.6686,ok,0,stop,354,72,426,0.15,
mt/set_11/frenetic/test-918,2026-08-31T06:39:10.913164+00:00,2026-08-31T06:39:12.505522+00:00,1.5923,ok,0,stop,354,72,426,0.15,
mt_set6/frenetic/test-161,2026-08-31T06:39:12.505573+00:00,2026-08-31T06:39:14.079026+00:00,1.5734,ok,0,stop,354,72,426,0.15,
mt/set_13/frenetic_v/test-271,2026-08-31T06:39:14.079081+00:00,2026-08-31T06:39:15.652708+00:00,1.5736,ok,0,stop,354,72,426,0.15,
mt/set_12/ambiegen/test-184,2026-08-31T06:39:15.652758+00:00,2026-08-31T06:39:17.224363+00:00,1.5716,ok,0,stop,354,72,426,0.15,
mt/set_10/frenetic/test-490,2026-08-31T06:39:17.224406+00:00,2026-08-31T06:39:18.897391+00:00,1.673,ok,0,stop,353,72,425,0.15,
mt_set5/ambiegen/test-579,2026-08-31T06:39:18.897447+00:00,2026-08-31T06:39:20.661822+00:00,1.7643,ok,0,stop,354,78,432,0.65,
mt/set_14/frenetic/test-500,2026-08-31T06:39:20.661877+00:00,2026-08-31T06:39:22.697576+00:00,2.0357,ok,0,stop,354,92,446,0.15,
mt/set_16/frenetic_v/test-160,2026-08-31T06:39:22.697633+00:00,2026-08-31T06:39:24.269259+00:00,1.5716,ok,0,stop,355,72,427,0.15,
mt/set_14/ambiegen/test-751,2026-08-31T06:39:24.269314+00:00,2026-08-31T06:39:25.851073+00:00,1.5817,ok,0,stop,353,72,425,0.15,
mt_set5/frenetic_v/test-870,2026-08-31T06:39:25.851123+00:00,2026-08-31T06:39:27.552275+00:00,1.7011,ok,0,stop,355,78,433,0.15,
mt_set5/ambiegen/test-206,2026-08-31T06:39:27.552327+00:00,2026-08-31T06:39:29.232303+00:00,1.6799,ok,0,stop,355,77,432,0.15,
mt/set_11/ambiegen/test-461,2026-08-31T06:39:29.232374+00:00,2026-08-31T06:39:30.930913+00:00,1.6985,ok,0,stop,355,78,433,0.15,
mt/set_11/frenetic/test-706,2026-08-31T06:39:30.930965+00:00,2026-08-31T06:39:32.502390+00:00,1.5714,ok,0,stop,354,72,426,0.15,
mt/set_11/ambiegen/test-281,2026-08-31T06:39:32.502432+00:00,2026-08-31T06:39:34.070710+00:00,1.5682,ok,0,stop,354,72,426,0.15,
mt/set_11/frenetic/test-58,2026-08-31T06:39:34.070760+00:00,2026-08-31T06:39:36.090803+00:00,2.0198,ok,0,stop,354,72,426,0.15,
mt/set_10/frenetic_v/test-942,2026-08-31T06:39:36.091085+00:00,2026-08-31T06:39:38.316213+00:00,2.2251,ok,0,stop,355,92,447,0.15,
mt/set_13/frenetic_v/test-10,2026-08-31T06:39:38.316259+00:00,2026-08-31T06:39:40.295754+00:00,1.9795,ok,0,stop,354,91,445,0.15,
mt/set_9/ambiegen/test-843,2026-08-31T06:39:40.295803+00:00,2026-08-31T06:39:41.973707+00:00,1.6779,ok,0,stop,354,77,431,0.15,
mt/set_16/frenetic/test-450,2026-08-31T06:39:41.973748+00:00,2026-08-31T06:39:43.547800+00:00,1.574,ok,0,stop,354,72,426,0.15,
mt/set_6/frenetic_v/test-141,2026-08-31T06:39:43.547851+00:00,2026-08-31T06:39:45.159854+00:00,1.612,ok,0,stop,354,72,426,0.15,
mt/set_11/ambiegen/test-370,2026-08-31T06:39:45.159928+00:00,2026-08-31T06:39:46.753309+00:00,1.5933,ok,0,stop,354,72,426,0.15,
mt/set_14/frenetic_v/test-215,2026-08-31T06:39:46.753361+00:00,2026-08-31T06:39:48.336930+00:00,1.5835,ok,0,stop,355,72,427,0.15,
mt/set_14/frenetic_v/test-339,2026-08-31T06:39:48.336975+00:00,2026-08-31T06:39:49.916884+00:00,1.5799,ok,0,stop,354,72,426,0.15,
mt/set_17/frenetic/test-594,2026-08-31T06:39:49.916936+00:00,2026-08-31T06:39:51.501121+00:00,1.5842,ok,0,stop,354,72,426,0.15,
mt/set_18/ambiegen/test-95,2026-08-31T06:39:51.501174+00:00,2026-08-31T06:39:53.194069+00:00,1.6929,ok,0,stop,354,77,431,0.15,
mt/set_16/ambiegen/test-460,2026-08-31T06:39:53.194120+00:00,2026-08-31T06:39:54.971478+00:00,1.7773,ok,0,stop,354,80,434,0.15,
mt/set_10/frenetic/test-104,2026-08-31T06:39:54.971524+00:00,2026-08-31T06:39:57.191621+00:00,2.2201,ok,0,stop,353,77,430,0.15,
mt/set_16/frenetic_v/test-946,2026-08-31T06:39:57.191672+00:00,2026-08-31T06:39:58.868118+00:00,1.6764,ok,0,stop,355,72,427,0.15,
mt/set_9/ambiegen/test-449,2026-08-31T06:39:58.868180+00:00,2026-08-31T06:40:00.445476+00:00,1.5773,ok,0,stop,354,72,426,0.15,
mt/set_9/ambiegen/test-653,2026-08-31T06:40:00.445535+00:00,2026-08-31T06:40:02.181417+00:00,1.7358,ok,0,stop,354,77,431,0.15,
mt/set_6/frenetic_v/test-103,2026-08-31T06:40:02.181467+00:00,2026-08-31T06:40:03.769369+00:00,1.5879,ok,0,stop,354,72,426,0.15,
mt/set_8/frenetic_v/odr/test-800,2026-08-31T06:40:03.769463+00:00,2026-08-31T06:40:05.352442+00:00,1.5829,ok,0,stop,354,72,426,0.15,
mt/set_18/frenetic/test-743,2026-08-31T06:40:05.352497+00:00,2026-08-31T06:40:07.012516+00:00,1.66,ok,0,stop,354,72,426,0.15,
mt/set_11/ambiegen/test-901,2026-08-31T06:40:07.012564+00:00,2026-08-31T06:40:08.703108+00:00,1.6905,ok,0,stop,354,77,431,0.15,
mt/set_8/ambiegen/odr/test-737,2026-08-31T06:40:08.703167+00:00,2026-08-31T06:40:10.409081+00:00,1.7059,ok,0,stop,355,78,433,0.15,
mt/set_13/frenetic_v/test-879,2026-08-31T06:40:10.409133+00:00,2026-08-31T06:40:12.124036+00:00,1.7149,ok,0,stop,355,78,433,0.15,
mt/set_17/frenetic/test-534,2026-08-31T06:40:12.124089+00:00,2026-08-31T06:40:13.695556+00:00,1.5714,ok,0,stop,353,72,425,0.15,
mt/set_10/frenetic/test-485,2026-08-31T06:40:13.695606+00:00,2026-08-31T06:40:15.381992+00:00,1.6864,ok,0,stop,353,72,425,0.15,
mt/set_14/ambiegen/test-772,2026-08-31T06:40:15.382035+00:00,2026-08-31T06:40:17.163020+00:00,1.7809,ok,0,stop,354,81,435,0.35,
mt/set_16/frenetic_v/test-884,2026-08-31T06:40:17.163081+00:00,2026-08-31T06:40:18.842750+00:00,1.6796,ok,0,stop,355,77,432,0.15,
mt/set_7/frenetic/odr/test-744,2026-08-31T06:40:18.842803+00:00,2026-08-31T06:40:20.415363+00:00,1.5725,ok,0,stop,353,72,425,0.15,
mt/set_8/frenetic/odr/test-45,2026-08-31T06:40:20.415411+00:00,2026-08-31T06:40:22.133889+00:00,1.7184,ok,0,stop,354,78,432,0.15,
mt/set_10/ambiegen/test-191,2026-08-31T06:40:22.133944+00:00,2026-08-31T06:40:23.813765+00:00,1.6798,ok,0,stop,354,77,431,0.15,
mt/set_7/frenetic_v/odr/test-675,2026-08-31T06:40:23.813818+00:00,2026-08-31T06:40:25.387243+00:00,1.5734,ok,0,stop,355,72,427,0.15,
mt/set_18/frenetic/test-90,2026-08-31T06:40:25.387292+00:00,2026-08-31T06:40:27.088968+00:00,1.7016,ok,0,stop,354,78,432,0.15,
mt/set_10/frenetic/test-566,2026-08-31T06:40:27.089020+00:00,2026-08-31T06:40:28.663717+00:00,1.5747,ok,0,stop,354,72,426,0.15,
mt/set_16/frenetic_v/test-711,2026-08-31T06:40:28.663767+00:00,2026-08-31T06:40:30.241785+00:00,1.578,ok,0,stop,354,72,426,0.15,
mt/set_7/frenetic_v/odr/test-57,2026-08-31T06:40:30.241827+00:00,2026-08-31T06:40:31.950283+00:00,1.7084,ok,0,stop,355,72,427,0.15,
mt/set_9/frenetic_v/test-568,2026-08-31T06:40:31.950464+00:00,2026-08-31T06:40:34.002417+00:00,2.0519,ok,0,stop,354,77,431,0.15,
mt/set_13/frenetic_v/test-1,2026-08-31T06:40:34.002513+00:00,2026-08-31T06:40:35.649790+00:00,1.6472,ok,0,stop,354,72,426,0.15,
mt/set_17/ambiegen/test-46,2026-08-31T06:40:35.649850+00:00,2026-08-31T06:40:37.341285+00:00,1.6914,ok,0,stop,355,77,432,0.15,
mt/set_6/frenetic_v/test-490,2026-08-31T06:40:37.341346+00:00,2026-08-31T06:40:38.925445+00:00,1.5841,ok,0,stop,355,72,427,0.15,
mt/set_17/frenetic/test-121,2026-08-31T06:40:38.925495+00:00,2026-08-31T06:40:40.703151+00:00,1.7776,ok,0,stop,354,81,435,0.15,
mt/set_12/frenetic/test-782,2026-08-31T06:40:40.703207+00:00,2026-08-31T06:40:42.297139+00:00,1.5939,ok,0,stop,353,72,425,0.15,
mt_set5/ambiegen/test-510,2026-08-31T06:40:42.297228+00:00,2026-08-31T06:40:43.877665+00:00,1.5804,ok,0,stop,354,72,426,0.15,
mt/set_13/ambiegen/test-554,2026-08-31T06:40:43.877722+00:00,2026-08-31T06:40:45.461318+00:00,1.5836,ok,0,stop,354,72,426,0.15,
mt/set_14/ambiegen/test-778,2026-08-31T06:40:45.461373+00:00,2026-08-31T06:40:47.216100+00:00,1.7547,ok,0,stop,354,80,434,0.35,
mt/set_7/ambiegen/odr/test-551,2026-08-31T06:40:47.216156+00:00,2026-08-31T06:40:48.951763+00:00,1.7356,ok,0,stop,355,77,432,0.15,
mt/set_18/ambiegen/test-620,2026-08-31T06:40:48.951817+00:00,2026-08-31T06:40:50.707365+00:00,1.7555,ok,0,stop,353,77,430,0.15,
mt/set_14/ambiegen/test-794,2026-08-31T06:40:50.707426+00:00,2026-08-31T06:40:52.429475+00:00,1.722,ok,0,stop,354,77,431,0.15,
mt/set_14/frenetic/test-108,2026-08-31T06:40:52.429525+00:00,2026-08-31T06:40:54.938454+00:00,2.5089,ok,0,stop,354,72,426,0.15,
mt/set_12/frenetic/test-663,2026-08-31T06:40:54.938510+00:00,2026-08-31T06:40:57.048293+00:00,2.1097,ok,0,stop,354,92,446,0.15,
mt/set_14/ambiegen/test-118,2026-08-31T06:40:57.048345+00:00,2026-08-31T06:40:58.806326+00:00,1.7579,ok,0,stop,355,80,435,0.15,
mt/set_8/frenetic/odr/test-316,2026-08-31T06:40:58.806372+00:00,2026-08-31T06:41:00.525073+00:00,1.7187,ok,0,stop,354,78,432,0.15,
mt/set_9/frenetic/test-575,2026-08-31T06:41:00.525145+00:00,2026-08-31T06:41:02.103654+00:00,1.5785,ok,0,stop,353,72,425,0.15,
mt/set_7/frenetic/odr/test-345,2026-08-31T06:41:02.103702+00:00,2026-08-31T06:41:03.841793+00:00,1.738,ok,0,stop,353,77,430,0.15,
mt/set_8/frenetic_v/odr/test-87,2026-08-31T06:41:03.841893+00:00,2026-08-31T06:41:05.600773+00:00,1.7588,ok,0,stop,355,78,433,0.15,
mt/set_17/ambiegen/test-596,2026-08-31T06:41:05.600825+00:00,2026-08-31T06:41:07.180147+00:00,1.5793,ok,0,stop,354,72,426,0.15,
mt/set_12/frenetic/test-656,2026-08-31T06:41:07.180200+00:00,2026-08-31T06:41:08.885710+00:00,1.7055,ok,0,stop,354,78,432,0.15,
mt/set_17/ambiegen/test-615,2026-08-31T06:41:08.885768+00:00,2026-08-31T06:41:10.567943+00:00,1.6821,ok,0,stop,354,77,431,0.15,
mt_set5/frenetic/test-591,2026-08-31T06:41:10.567996+00:00,2026-08-31T06:41:12.277491+00:00,1.7095,ok,0,stop,353,72,425,0.15,
mt/set_6/frenetic_v/test-795,2026-08-31T06:41:12.277544+00:00,2026-08-31T06:41:13.886764+00:00,1.6092,ok,0,stop,354,72,426,0.15,
mt/set_6/frenetic_v/test-221,2026-08-31T06:41:13.886816+00:00,2026-08-31T06:41:15.463880+00:00,1.577,ok,0,stop,355,72,427,0.15,
mt/set_2/ambiegen/odr/test-521,2026-08-31T06:41:15.463924+00:00,2026-08-31T06:41:17.073748+00:00,1.6098,ok,0,stop,354,72,426,0.15,
mt_set6/frenetic/test-777,2026-08-31T06:41:17.073803+00:00,2026-08-31T06:41:18.669318+00:00,1.5955,ok,0,stop,353,72,425,0.15,
mt/set_9/frenetic/test-619,2026-08-31T06:41:18.669371+00:00,2026-08-31T06:41:20.246884+00:00,1.5775,ok,0,stop,354,72,426,0.15,
mt/set_13/ambiegen/test-82,2026-08-31T06:41:20.246931+00:00,2026-08-31T06:41:21.856758+00:00,1.6098,ok,0,stop,354,72,426,0.15,
mt/set_16/frenetic/test-528,2026-08-31T06:41:21.856816+00:00,2026-08-31T06:41:23.446546+00:00,1.5897,ok,0,stop,354,72,426,0.15,
mt/set_11/ambiegen/test-354,2026-08-31T06:41:23.446592+00:00,2026-08-31T06:41:25.220227+00:00,1.7736,ok,0,stop,354,81,435,0.35,
mt/set_7/ambiegen/odr/test-257,2026-08-31T06:41:25.220283+00:00,2026-08-31T06:41:26.829353+00:00,1.609,ok,0,stop,353,71,424,0.15,
mt_set6/frenetic/test-335,2026-08-31T06:41:26.829431+00:00,2026-08-31T06:41:28.457144+00:00,1.6277,ok,0,stop,354,72,426,0.15,
mt/set_7/frenetic/odr/test-339,2026-08-31T06:41:28.457234+00:00,2026-08-31T06:41:31.046174+00:00,2.5889,ok,0,stop,353,77,430,0.15,
mt_set6/frenetic/test-700,2026-08-31T06:41:31.046228+00:00,2026-08-31T06:41:32.687732+00:00,1.6415,ok,0,stop,354,72,426,0.15,
mt/set_16/ambiegen/test-530,2026-08-31T06:41:32.687799+00:00,2026-08-31T06:41:34.431618+00:00,1.7438,ok,0,stop,354,80,434,0.35,
mt_set5/frenetic_v/test-867,2026-08-31T06:41:34.431665+00:00,2026-08-31T06:41:36.003650+00:00,1.572,ok,0,stop,355,72,427,0.15,
mt/set_12/ambiegen/test-734,2026-08-31T06:41:36.003703+00:00,2026-08-31T06:41:37.579460+00:00,1.5757,ok,0,stop,355,72,427,0.15,
mt/set_16/ambiegen/test-592,2026-08-31T06:41:37.579513+00:00,2026-08-31T06:41:39.295436+00:00,1.7159,ok,0,stop,354,78,432,0.15,
mt/set_10/frenetic/test-246,2026-08-31T06:41:39.295488+00:00,2026-08-31T06:41:40.872747+00:00,1.5772,ok,0,stop,353,72,425,0.15,
mt/set_17/frenetic_v/test-288,2026-08-31T06:41:40.872796+00:00,2026-08-31T06:41:42.445486+00:00,1.5727,ok,0,stop,355,72,427,0.15,
mt/set_7/frenetic/odr/test-403,2026-08-31T06:41:42.445534+00:00,2026-08-31T06:41:44.017417+00:00,1.5719,ok,0,stop,354,72,426,0.15,
mt/set_10/frenetic_v/test-374,2026-08-31T06:41:44.017465+00:00,2026-08-31T06:41:45.718093+00:00,1.7006,ok,0,stop,355,78,433,0.15,
mt/set_9/ambiegen/test-218,2026-08-31T06:41:45.718153+00:00,2026-08-31T06:41:47.463204+00:00,1.745,ok,0,stop,354,80,434,0.35,
mt/set_10/ambiegen/test-37,2026-08-31T06:41:47.463256+00:00,2026-08-31T06:41:49.196619+00:00,1.7332,ok,0,stop,355,78,433,0.15,
mt/set_2/ambiegen/odr/test-181,2026-08-31T06:41:49.196872+00:00,2026-08-31T06:41:51.608376+00:00,2.4115,ok,0,stop,355,72,427,0.15,
mt/set_7/ambiegen/odr/test-387,2026-08-31T06:41:51.608438+00:00,2026-08-31T06:41:53.411157+00:00,1.8027,ok,0,stop,354,78,432,0.15,
mt/set_16/frenetic_v/test-244,2026-08-31T06:41:53.411213+00:00,2026-08-31T06:41:54.990633+00:00,1.5794,ok,0,stop,355,72,427,0.15,
mt/set_11/ambiegen/test-529,2026-08-31T06:41:54.990702+00:00,2026-08-31T06:41:56.576877+00:00,1.5861,ok,0,stop,354,72,426,0.15,
mt/set_7/ambiegen/odr/test-546,2026-08-31T06:41:56.576931+00:00,2026-08-31T06:41:58.279146+00:00,1.7022,ok,0,stop,354,77,431,0.15,
mt/set_14/frenetic_v/test-739,2026-08-31T06:41:58.279198+00:00,2026-08-31T06:41:59.899910+00:00,1.6207,ok,0,stop,355,72,427,0.15,
mt/set_13/frenetic_v/test-911,2026-08-31T06:41:59.899995+00:00,2026-08-31T06:42:01.547691+00:00,1.6477,ok,0,stop,354,72,426,0.15,
mt/set_18/ambiegen/test-789,2026-08-31T06:42:01.547735+00:00,2026-08-31T06:42:03.192704+00:00,1.6449,ok,0,stop,354,75,429,0.35,
mt_set5/ambiegen/test-11,2026-08-31T06:42:03.192754+00:00,2026-08-31T06:42:04.876872+00:00,1.6841,ok,0,stop,354,77,431,0.15,
mt/set_7/frenetic/odr/test-821,2026-08-31T06:42:04.876923+00:00,2026-08-31T06:42:06.560229+00:00,1.6833,ok,0,stop,353,77,430,0.15,
mt/set_14/frenetic_v/test-322,2026-08-31T06:42:06.560283+00:00,2026-08-31T06:42:08.140604+00:00,1.5803,ok,0,stop,355,72,427,0.15,
mt/set_17/frenetic/test-498,2026-08-31T06:42:08.140685+00:00,2026-08-31T06:42:09.952166+00:00,1.8114,ok,0,stop,354,78,432,0.15,
mt/set_14/frenetic_v/test-198,2026-08-31T06:42:09.952216+00:00,2026-08-31T06:42:11.560484+00:00,1.6082,ok,0,stop,354,72,426,0.15,
mt/set_7/ambiegen/odr/test-309,2026-08-31T06:42:11.560532+00:00,2026-08-31T06:42:13.249551+00:00,1.689,ok,0,stop,354,77,431,0.45,
mt/set_11/frenetic/test-102,2026-08-31T06:42:13.249627+00:00,2026-08-31T06:42:14.839591+00:00,1.5899,ok,0,stop,353,72,425,0.15,
mt_set5/frenetic_v/test-84,2026-08-31T06:42:14.839650+00:00,2026-08-31T06:42:16.417439+00:00,1.5777,ok,0,stop,355,72,427,0.15,
mt/set_12/ambiegen/test-259,2026-08-31T06:42:16.417500+00:00,2026-08-31T06:42:18.492881+00:00,2.0753,ok,0,stop,354,95,449,0.35,
mt/set_11/frenetic/test-110,2026-08-31T06:42:18.492951+00:00,2026-08-31T06:42:20.180031+00:00,1.687,ok,0,stop,354,77,431,0.15,
mt/set_14/frenetic_v/test-887,2026-08-31T06:42:20.180081+00:00,2026-08-31T06:42:21.755991+00:00,1.5759,ok,0,stop,355,72,427,0.15,
mt/set_14/ambiegen/test-139,2026-08-31T06:42:21.756070+00:00,2026-08-31T06:42:23.338249+00:00,1.5821,ok,0,stop,354,72,426,0.15,
mt/set_8/ambiegen/odr/test-581,2026-08-31T06:42:23.338307+00:00,2026-08-31T06:42:25.023356+00:00,1.685,ok,0,stop,354,77,431,0.15,
mt/set_12/ambiegen/test-638,2026-08-31T06:42:25.023417+00:00,2026-08-31T06:42:27.154119+00:00,2.1307,ok,0,stop,355,72,427,0.15,
mt/set_14/frenetic_v/test-50,2026-08-31T06:42:27.154171+00:00,2026-08-31T06:42:28.897193+00:00,1.743,ok,0,stop,355,78,433,0.15,
mt/set_7/frenetic_v/odr/test-535,2026-08-31T06:42:28.897244+00:00,2026-08-31T06:42:30.608554+00:00,1.7113,ok,0,stop,355,78,433,0.15,
mt/set_13/frenetic_v/test-245,2026-08-31T06:42:30.608600+00:00,2026-08-31T06:42:32.184212+00:00,1.5756,ok,0,stop,355,72,427,0.15,
mt/set_9/frenetic/test-341,2026-08-31T06:42:32.184255+00:00,2026-08-31T06:42:33.758748+00:00,1.5744,ok,0,stop,354,72,426,0.15,
mt/set_10/ambiegen/test-932,2026-08-31T06:42:33.758821+00:00,2026-08-31T06:42:35.345455+00:00,1.5866,ok,0,stop,354,72,426,0.15,
mt/set_9/frenetic_v/test-799,2026-08-31T06:42:35.345510+00:00,2026-08-31T06:42:37.048870+00:00,1.7033,ok,0,stop,355,78,433,0.15,
mt/set_9/frenetic_v/test-542,2026-08-31T06:42:37.048928+00:00,2026-08-31T06:42:38.623104+00:00,1.5741,ok,0,stop,354,72,426,0.15,
mt/set_16/ambiegen/test-926,2026-08-31T06:42:38.623155+00:00,2026-08-31T06:42:40.302007+00:00,1.6788,ok,0,stop,354,77,431,0.15,
mt/set_6/frenetic_v/test-798,2026-08-31T06:42:40.302068+00:00,2026-08-31T06:42:41.875679+00:00,1.5736,ok,0,stop,355,72,427,0.15,
mt/set_17/ambiegen/test-655,2026-08-31T06:42:41.875735+00:00,2026-08-31T06:42:43.449016+00:00,1.5732,ok,0,stop,354,72,426,0.15,
mt_set5/frenetic/test-229,2026-08-31T06:42:43.449075+00:00,2026-08-31T06:42:45.152007+00:00,1.7029,ok,0,stop,354,78,432,0.15,
mt/set_10/frenetic/test-509,2026-08-31T06:42:45.152057+00:00,2026-08-31T06:42:47.499584+00:00,2.3475,ok,0,stop,354,72,426,0.15,
mt/set_12/frenetic/test-304,2026-08-31T06:42:47.499646+00:00,2026-08-31T06:42:49.261616+00:00,1.7619,ok,0,stop,353,77,430,0.15,
mt/set_12/frenetic/test-335,2026-08-31T06:42:49.261709+00:00,2026-08-31T06:42:50.985383+00:00,1.7236,ok,0,stop,353,77,430,0.15,
mt/set_13/ambiegen/test-181,2026-08-31T06:42:50.985435+00:00,2026-08-31T06:42:52.697650+00:00,1.7122,ok,0,stop,355,78,433,0.15,
mt/set_10/frenetic_v/test-21,2026-08-31T06:42:52.697703+00:00,2026-08-31T06:42:54.434521+00:00,1.7368,ok,0,stop,355,77,432,0.15,
mt/set_18/ambiegen/test-65,2026-08-31T06:42:54.434600+00:00,2026-08-31T06:42:56.061134+00:00,1.6265,ok,0,stop,354,72,426,0.15,
mt/set_2/ambiegen/odr/test-354,2026-08-31T06:42:56.061184+00:00,2026-08-31T06:42:57.753452+00:00,1.6922,ok,0,stop,354,72,426,0.15,
mt/set_11/frenetic/test-242,2026-08-31T06:42:57.753562+00:00,2026-08-31T06:42:59.398250+00:00,1.6446,ok,0,stop,353,72,425,0.15,
mt/set_17/frenetic/test-102,2026-08-31T06:42:59.398310+00:00,2026-08-31T06:43:01.165168+00:00,1.7668,ok,0,stop,354,78,432,0.15,
mt/set_8/frenetic_v/odr/test-628,2026-08-31T06:43:01.165221+00:00,2026-08-31T06:43:02.755891+00:00,1.5906,ok,0,stop,354,72,426,0.15,
mt/set_18/frenetic/test-483,2026-08-31T06:43:02.755940+00:00,2026-08-31T06:43:04.345205+00:00,1.5892,ok,0,stop,353,72,425,0.15,
mt/set_17/frenetic/test-570,2026-08-31T06:43:04.345252+00:00,2026-08-31T06:43:05.940442+00:00,1.5951,ok,0,stop,354,72,426,0.15,
mt/set_7/frenetic/odr/test-232,2026-08-31T06:43:05.940539+00:00,2026-08-31T06:43:07.726740+00:00,1.7861,ok,0,stop,354,77,431,0.15,
mt/set_9/frenetic/test-321,2026-08-31T06:43:07.726808+00:00,2026-08-31T06:43:09.461092+00:00,1.7342,ok,0,stop,353,77,430,0.15,
mt/set_11/frenetic/test-406,2026-08-31T06:43:09.461156+00:00,2026-08-31T06:43:11.059947+00:00,1.5987,ok,0,stop,353,72,425,0.15,
mt/set_17/frenetic_v/test-506,2026-08-31T06:43:11.060003+00:00,2026-08-31T06:43:13.078554+00:00,2.0185,ok,0,stop,355,92,447,0.15,
mt/set_12/frenetic/test-104,2026-08-31T06:43:13.078616+00:00,2026-08-31T06:43:14.659029+00:00,1.5804,ok,0,stop,354,72,426,0.15,
mt/set_18/ambiegen/test-845,2026-08-31T06:43:14.659078+00:00,2026-08-31T06:43:16.349373+00:00,1.6903,ok,0,stop,354,77,431,0.15,
mt/set_16/frenetic_v/test-226,2026-08-31T06:43:16.349430+00:00,2026-08-31T06:43:17.946482+00:00,1.597,ok,0,stop,355,72,427,0.15,
mt/set_12/frenetic/test-363,2026-08-31T06:43:17.946538+00:00,2026-08-31T06:43:19.627872+00:00,1.6813,ok,0,stop,353,77,430,0.15,
mt/set_14/ambiegen/test-202,2026-08-31T06:43:19.627929+00:00,2026-08-31T06:43:21.308767+00:00,1.6808,ok,0,stop,354,77,431,0.15,
mt/set_13/frenetic_v/test-273,2026-08-31T06:43:21.308820+00:00,2026-08-31T06:43:22.990195+00:00,1.6813,ok,0,stop,355,77,432,0.15,
mt/set_16/frenetic/test-708,2026-08-31T06:43:22.990271+00:00,2026-08-31T06:43:25.103529+00:00,2.113,ok,0,stop,354,78,432,0.25,
mt/set_13/frenetic_v/test-447,2026-08-31T06:43:25.103852+00:00,2026-08-31T06:43:27.004578+00:00,1.9007,ok,0,stop,355,77,432,0.15,
mt/set_7/frenetic_v/odr/test-876,2026-08-31T06:43:27.004629+00:00,2026-08-31T06:43:28.629661+00:00,1.625,ok,0,stop,355,72,427,0.15,
mt/set_12/ambiegen/test-260,2026-08-31T06:43:28.629702+00:00,2026-08-31T06:43:30.363499+00:00,1.7338,ok,0,stop,354,77,431,0.15,
mt/set_12/frenetic_v/test-61,2026-08-31T06:43:30.363571+00:00,2026-08-31T06:43:31.957422+00:00,1.5938,ok,0,stop,354,72,426,0.15,
mt/set_2/ambiegen/odr/test-872,2026-08-31T06:43:31.957489+00:00,2026-08-31T06:43:34.131681+00:00,2.1741,ok,0,stop,355,96,451,0.35,
mt/set_13/ambiegen/test-674,2026-08-31T06:43:34.131761+00:00,2026-08-31T06:43:35.775084+00:00,1.6433,ok,0,stop,354,72,426,0.15,
mt/set_7/frenetic_v/odr/test-49,2026-08-31T06:43:35.775135+00:00,2026-08-31T06:43:37.414183+00:00,1.639,ok,0,stop,354,72,426,0.15,
mt/set_8/frenetic_v/odr/test-41,2026-08-31T06:43:37.414239+00:00,2026-08-31T06:43:39.177360+00:00,1.763,ok,0,stop,355,77,432,0.15,
mt/set_10/frenetic_v/test-2,2026-08-31T06:43:39.177444+00:00,2026-08-31T06:43:40.789139+00:00,1.6117,ok,0,stop,355,72,427,0.15,
mt/set_12/frenetic_v/test-142,2026-08-31T06:43:40.789196+00:00,2026-08-31T06:43:42.516139+00:00,1.7269,ok,0,stop,355,77,432,0.15,
mt/set_10/frenetic/test-67,2026-08-31T06:43:42.516195+00:00,2026-08-31T06:43:44.126413+00:00,1.6102,ok,0,stop,353,72,425,0.15,
mt_set6/frenetic/test-763,2026-08-31T06:43:44.126464+00:00,2026-08-31T06:43:46.271672+00:00,2.1452,ok,0,stop,353,72,425,0.15,
mt_set5/frenetic/test-137,2026-08-31T06:43:46.271723+00:00,2026-08-31T06:43:47.918045+00:00,1.6462,ok,0,stop,354,72,426,0.15,
mt/set_18/frenetic/test-321,2026-08-31T06:43:47.918173+00:00,2026-08-31T06:43:49.542072+00:00,1.6239,ok,0,stop,353,72,425,0.15,
mt/set_17/frenetic/test-610,2026-08-31T06:43:49.542130+00:00,2026-08-31T06:43:51.220255+00:00,1.6781,ok,0,stop,353,77,430,0.15,
mt/set_7/frenetic_v/odr/test-886,2026-08-31T06:43:51.220325+00:00,2026-08-31T06:43:52.921564+00:00,1.7012,ok,0,stop,355,78,433,0.15,
mt/set_7/frenetic/odr/test-922,2026-08-31T06:43:52.921623+00:00,2026-08-31T06:43:54.624729+00:00,1.7031,ok,0,stop,354,77,431,0.15,
mt/set_17/ambiegen/test-683,2026-08-31T06:43:54.624782+00:00,2026-08-31T06:43:56.504680+00:00,1.8799,ok,0,stop,355,82,437,0.35,
mt/set_10/frenetic_v/test-34,2026-08-31T06:43:56.504731+00:00,2026-08-31T06:43:58.075964+00:00,1.5712,ok,0,stop,355,72,427,0.15,
mt/set_11/ambiegen/test-88,2026-08-31T06:43:58.076020+00:00,2026-08-31T06:43:59.651979+00:00,1.5759,ok,0,stop,353,72,425,0.15,
mt/set_10/frenetic_v/test-763,2026-08-31T06:43:59.652032+00:00,2026-08-31T06:44:01.223561+00:00,1.5715,ok,0,stop,354,72,426,0.15,
mt/set_2/ambiegen/odr/test-461,2026-08-31T06:44:01.223615+00:00,2026-08-31T06:44:03.324791+00:00,2.1009,ok,0,stop,355,92,447,0.15,
mt/set_11/frenetic/test-274,2026-08-31T06:44:03.325274+00:00,2026-08-31T06:44:04.971695+00:00,1.6463,ok,0,stop,354,72,426,0.15,
mt/set_12/frenetic_v/test-804,2026-08-31T06:44:04.971748+00:00,2026-08-31T06:44:06.678377+00:00,1.7066,ok,0,stop,355,78,433,0.15,
mt/set_8/ambiegen/odr/test-98,2026-08-31T06:44:06.678433+00:00,2026-08-31T06:44:08.387743+00:00,1.7093,ok,0,stop,354,78,432,0.15,
mt/set_8/ambiegen/odr/test-73,2026-08-31T06:44:08.387798+00:00,2026-08-31T06:44:09.982789+00:00,1.595,ok,0,stop,354,72,426,0.15,
mt/set_9/frenetic/test-301,2026-08-31T06:44:09.982844+00:00,2026-08-31T06:44:11.564740+00:00,1.5819,ok,0,stop,353,72,425,0.15,
mt_set6/frenetic/test-704,2026-08-31T06:44:11.564795+00:00,2026-08-31T06:44:13.148277+00:00,1.5834,ok,0,stop,354,72,426,0.15,
mt/set_10/frenetic/test-559,2026-08-31T06:44:13.148336+00:00,2026-08-31T06:44:14.860057+00:00,1.7117,ok,0,stop,354,78,432,0.15,
mt/set_7/frenetic/odr/test-855,2026-08-31T06:44:14.860128+00:00,2026-08-31T06:44:16.438204+00:00,1.578,ok,0,stop,354,72,426,0.15,
mt/set_13/ambiegen/test-435,2026-08-31T06:44:16.438274+00:00,2026-08-31T06:44:18.016829+00:00,1.5785,ok,0,stop,354,72,426,0.15,
mt/set_8/frenetic/odr/test-61,2026-08-31T06:44:18.016907+00:00,2026-08-31T06:44:19.612741+00:00,1.5958,ok,0,stop,353,72,425,0.15,
mt/set_12/frenetic_v/test-535,2026-08-31T06:44:19.612837+00:00,2026-08-31T06:44:21.187443+00:00,1.5746,ok,0,stop,354,72,426,0.15,
mt_set5/ambiegen/test-375,2026-08-31T06:44:21.187496+00:00,2026-08-31T06:44:23.475819+00:00,2.2883,ok,0,stop,354,72,426,0.15,
mt/set_9/ambiegen/test-796,2026-08-31T06:44:23.475873+00:00,2026-08-31T06:44:25.660511+00:00,2.1846,ok,0,stop,354,96,450,0.35,
mt/set_7/frenetic_v/odr/test-516,2026-08-31T06:44:25.660567+00:00,2026-08-31T06:44:27.348932+00:00,1.6883,ok,0,stop,354,77,431,0.15,
mt/set_7/frenetic/odr/test-472,2026-08-31T06:44:27.348994+00:00,2026-08-31T06:44:28.925950+00:00,1.5769,ok,0,stop,353,72,425,0.15,
mt_set5/frenetic/test-362,2026-08-31T06:44:28.926012+00:00,2026-08-31T06:44:30.665844+00:00,1.7398,ok,0,stop,354,78,432,0.15,
mt/set_10/frenetic/test-851,2026-08-31T06:44:30.665897+00:00,2026-08-31T06:44:32.262883+00:00,1.597,ok,0,stop,353,72,425,0.15,
mt/set_10/frenetic/test-445,2026-08-31T06:44:32.262938+00:00,2026-08-31T06:44:33.993709+00:00,1.7307,ok,0,stop,353,77,430,0.15,
mt/set_9/frenetic_v/test-205,2026-08-31T06:44:33.993764+00:00,2026-08-31T06:44:35.577486+00:00,1.5837,ok,0,stop,355,72,427,0.15,
mt/set_14/frenetic/test-476,2026-08-31T06:44:35.577541+00:00,2026-08-31T06:44:37.288473+00:00,1.7109,ok,0,stop,353,77,430,0.15,
mt/set_11/frenetic_v/test-220,2026-08-31T06:44:37.288531+00:00,2026-08-31T06:44:38.975287+00:00,1.6867,ok,0,stop,355,77,432,0.15,
mt/set_7/frenetic_v/odr/test-136,2026-08-31T06:44:38.975340+00:00,2026-08-31T06:44:40.555182+00:00,1.5798,ok,0,stop,354,72,426,0.15,
mt/set_16/frenetic_v/test-841,2026-08-31T06:44:40.555233+00:00,2026-08-31T06:44:42.538424+00:00,1.9829,ok,0,stop,355,72,427,0.15,
mt/set_16/frenetic_v/test-426,2026-08-31T06:44:42.538805+00:00,2026-08-31T06:44:44.364095+00:00,1.8252,ok,0,stop,354,72,426,0.15,
mt/set_17/frenetic/test-840,2026-08-31T06:44:44.364191+00:00,2026-08-31T06:44:46.060698+00:00,1.6965,ok,0,stop,354,72,426,0.15,
mt/set_8/ambiegen/odr/test-110,2026-08-31T06:44:46.060758+00:00,2026-08-31T06:44:47.755292+00:00,1.6945,ok,0,stop,354,77,431,0.35,
mt/set_10/ambiegen/test-273,2026-08-31T06:44:47.755346+00:00,2026-08-31T06:44:49.443708+00:00,1.6883,ok,0,stop,353,77,430,0.15,
mt/set_8/frenetic/odr/test-172,2026-08-31T06:44:49.443767+00:00,2026-08-31T06:44:51.146052+00:00,1.7023,ok,0,stop,354,77,431,0.15,
mt/set_18/ambiegen/test-580,2026-08-31T06:44:51.146101+00:00,2026-08-31T06:44:52.781524+00:00,1.6353,ok,0,stop,354,72,426,0.15,
mt/set_8/ambiegen/odr/test-525,2026-08-31T06:44:52.781647+00:00,2026-08-31T06:44:54.404602+00:00,1.6229,ok,0,stop,354,72,426,0.15,
mt/set_13/ambiegen/test-28,2026-08-31T06:44:54.404674+00:00,2026-08-31T06:44:55.994448+00:00,1.5897,ok,0,stop,355,72,427,0.25,
mt/set_16/frenetic_v/test-83,2026-08-31T06:44:55.994524+00:00,2026-08-31T06:44:57.680127+00:00,1.6856,ok,0,stop,355,77,432,0.15,
mt/set_16/frenetic/test-202,2026-08-31T06:44:57.680186+00:00,2026-08-31T06:44:59.376972+00:00,1.6968,ok,0,stop,353,77,430,0.15,
mt/set_8/ambiegen/odr/test-83,2026-08-31T06:44:59.377024+00:00,2026-08-31T06:45:01.182817+00:00,1.8058,ok,0,stop,354,77,431,0.15,
mt/set_6/frenetic_v/test-601,2026-08-31T06:45:01.182887+00:00,2026-08-31T06:45:02.922584+00:00,1.7397,ok,0,stop,355,78,433,0.15,
mt/set_12/ambiegen/test-243,2026-08-31T06:45:02.922635+00:00,2026-08-31T06:45:04.615277+00:00,1.6926,ok,0,stop,354,77,431,0.15,
mt/set_12/ambiegen/test-227,2026-08-31T06:45:04.615327+00:00,2026-08-31T06:45:06.197832+00:00,1.5825,ok,0,stop,354,72,426,0.15,
mt/set_6/frenetic_v/test-361,2026-08-31T06:45:06.197886+00:00,2026-08-31T06:45:07.886270+00:00,1.6884,ok,0,stop,355,77,432,0.15,
mt/set_8/ambiegen/odr/test-935,2026-08-31T06:45:07.886322+00:00,2026-08-31T06:45:09.476708+00:00,1.5904,ok,0,stop,354,72,426,0.15,
mt_set5/ambiegen/test-368,2026-08-31T06:45:09.476758+00:00,2026-08-31T06:45:11.058254+00:00,1.5815,ok,0,stop,354,72,426,0.15,
mt_set5/frenetic_v/test-469,2026-08-31T06:45:11.058308+00:00,2026-08-31T06:45:12.633524+00:00,1.5752,ok,0,stop,355,72,427,0.15,
mt/set_7/frenetic_v/odr/test-382,2026-08-31T06:45:12.633578+00:00,2026-08-31T06:45:14.211904+00:00,1.5783,ok,0,stop,355,72,427,0.15,
mt/set_9/frenetic_v/test-361,2026-08-31T06:45:14.211962+00:00,2026-08-31T06:45:15.921104+00:00,1.7091,ok,0,stop,355,78,433,0.15,
mt/set_9/ambiegen/test-99,2026-08-31T06:45:15.921159+00:00,2026-08-31T06:45:17.649180+00:00,1.728,ok,0,stop,354,79,433,0.45,
mt/set_12/ambiegen/test-491,2026-08-31T06:45:17.649270+00:00,2026-08-31T06:45:19.232919+00:00,1.5836,ok,0,stop,354,72,426,0.15,
mt/set_8/ambiegen/odr/test-295,2026-08-31T06:45:19.232972+00:00,2026-08-31T06:45:21.523962+00:00,2.291,ok,0,stop,354,78,432,0.15,
mt/set_8/ambiegen/odr/test-492,2026-08-31T06:45:21.524016+00:00,2026-08-31T06:45:23.175168+00:00,1.6511,ok,0,stop,354,72,426,0.15,
mt/set_13/frenetic/test-150,2026-08-31T06:45:23.175241+00:00,2026-08-31T06:45:24.757473+00:00,1.5822,ok,0,stop,354,72,426,0.15,
mt/set_11/frenetic/test-396,2026-08-31T06:45:24.757517+00:00,2026-08-31T06:45:26.449891+00:00,1.6923,ok,0,stop,353,77,430,0.15,
mt/set_9/ambiegen/test-78,2026-08-31T06:45:26.449945+00:00,2026-08-31T06:45:28.161139+00:00,1.7112,ok,0,stop,354,77,431,0.15,
mt/set_17/frenetic_v/test-365,2026-08-31T06:45:28.161201+00:00,2026-08-31T06:45:30.228528+00:00,2.0673,ok,0,stop,355,92,447,0.15,
mt/set_11/frenetic_v/test-237,2026-08-31T06:45:30.228592+00:00,2026-08-31T06:45:31.816612+00:00,1.588,ok,0,stop,355,72,427,0.15,
mt/set_13/ambiegen/test-373,2026-08-31T06:45:31.816665+00:00,2026-08-31T06:45:33.503036+00:00,1.6863,ok,0,stop,354,77,431,0.15,
mt/set_13/frenetic/test-802,2026-08-31T06:45:33.503088+00:00,2026-08-31T06:45:35.120818+00:00,1.6177,ok,0,stop,354,72,426,0.15,
mt/set_10/frenetic/test-816,2026-08-31T06:45:35.120873+00:00,2026-08-31T06:45:36.732528+00:00,1.6116,ok,0,stop,354,72,426,0.15,
mt/set_10/frenetic/test-343,2026-08-31T06:45:36.732601+00:00,2026-08-31T06:45:38.309873+00:00,1.5772,ok,0,stop,354,72,426,0.15,
mt/set_16/frenetic_v/test-132,2026-08-31T06:45:38.309927+00:00,2026-08-31T06:45:40.503294+00:00,2.1933,ok,0,stop,354,72,426,0.15,
mt/set_14/frenetic/test-382,2026-08-31T06:45:40.503339+00:00,2026-08-31T06:45:42.305129+00:00,1.8018,ok,0,stop,353,77,430,0.15,
mt/set_13/frenetic_v/test-840,2026-08-31T06:45:42.305179+00:00,2026-08-31T06:45:43.913132+00:00,1.6079,ok,0,stop,355,72,427,0.15,
mt/set_12/ambiegen/test-520,2026-08-31T06:45:43.913186+00:00,2026-08-31T06:45:45.502314+00:00,1.5891,ok,0,stop,354,72,426,0.15,
mt/set_14/frenetic_v/test-725,2026-08-31T06:45:45.502398+00:00,2026-08-31T06:45:47.189475+00:00,1.687,ok,0,stop,355,77,432,0.15,
mt/set_17/frenetic_v/test-32,2026-08-31T06:45:47.189533+00:00,2026-08-31T06:45:48.767555+00:00,1.578,ok,0,stop,355,72,427,0.15,
mt/set_8/ambiegen/odr/test-544,2026-08-31T06:45:48.767613+00:00,2026-08-31T06:45:50.326902+00:00,1.5592,ok,0,stop,355,70,425,0.65,
mt/set_8/ambiegen/odr/test-403,2026-08-31T06:45:50.326983+00:00,2026-08-31T06:45:52.074336+00:00,1.7473,ok,0,stop,354,77,431,0.15,
mt/set_18/frenetic/test-351,2026-08-31T06:45:52.074390+00:00,2026-08-31T06:45:53.764636+00:00,1.6902,ok,0,stop,354,77,431,0.15,
mt/set_12/ambiegen/test-399,2026-08-31T06:45:53.764691+00:00,2026-08-31T06:45:55.342021+00:00,1.5773,ok,0,stop,354,72,426,0.15,
mt/set_10/ambiegen/test-407,2026-08-31T06:45:55.342069+00:00,2026-08-31T06:45:56.920245+00:00,1.5781,ok,0,stop,354,72,426,0.15,
mt/set_7/frenetic/odr/test-142,2026-08-31T06:45:56.920310+00:00,2026-08-31T06:45:58.496675+00:00,1.5763,ok,0,stop,354,72,426,0.15,
mt/set_9/frenetic_v/test-162,2026-08-31T06:45:58.496735+00:00,2026-08-31T06:46:00.160334+00:00,1.6636,ok,0,stop,355,72,427,0.15,
mt_set6/frenetic/test-895,2026-08-31T06:46:00.160392+00:00,2026-08-31T06:46:01.784397+00:00,1.624,ok,0,stop,353,72,425,0.15,
mt/set_6/frenetic_v/test-373,2026-08-31T06:46:01.784448+00:00,2026-08-31T06:46:03.494195+00:00,1.7097,ok,0,stop,355,78,433,0.15,
mt/set_13/ambiegen/test-81,2026-08-31T06:46:03.494244+00:00,2026-08-31T06:46:05.183369+00:00,1.6891,ok,0,stop,354,77,431,0.15,
mt/set_11/frenetic/test-878,2026-08-31T06:46:05.183420+00:00,2026-08-31T06:46:06.872482+00:00,1.689,ok,0,stop,354,77,431,0.15,
mt/set_14/frenetic/test-396,2026-08-31T06:46:06.872530+00:00,2026-08-31T06:46:08.559578+00:00,1.687,ok,0,stop,354,77,431,0.15,
mt/set_17/frenetic/test-19,2026-08-31T06:46:08.559633+00:00,2026-08-31T06:46:10.135674+00:00,1.576,ok,0,stop,353,72,425,0.15,
mt_set5/ambiegen/test-337,2026-08-31T06:46:10.135725+00:00,2026-08-31T06:46:11.815207+00:00,1.6794,ok,0,stop,354,77,431,0.15,
mt/set_18/ambiegen/test-460,2026-08-31T06:46:11.815261+00:00,2026-08-31T06:46:13.495498+00:00,1.6802,ok,0,stop,354,77,431,0.15,
mt/set_14/ambiegen/test-300,2026-08-31T06:46:13.495552+00:00,2026-08-31T06:46:15.068587+00:00,1.573,ok,0,stop,354,72,426,0.15,
mt/set_18/frenetic/test-457,2026-08-31T06:46:15.068633+00:00,2026-08-31T06:46:17.507365+00:00,2.4387,ok,0,stop,353,77,430,0.15,
mt_set5/frenetic_v/test-774,2026-08-31T06:46:17.507421+00:00,2026-08-31T06:46:19.139971+00:00,1.6325,ok,0,stop,355,72,427,0.15,
mt/set_2/ambiegen/odr/test-150,2026-08-31T06:46:19.140036+00:00,2026-08-31T06:46:20.869355+00:00,1.7293,ok,0,stop,355,78,433,0.15,
mt/set_9/frenetic/test-521,2026-08-31T06:46:20.869415+00:00,2026-08-31T06:46:22.462562+00:00,1.5931,ok,0,stop,353,72,425,0.15,
mt_set6/frenetic/test-593,2026-08-31T06:46:22.462623+00:00,2026-08-31T06:46:24.154909+00:00,1.6922,ok,0,stop,353,77,430,0.15,
mt/set_9/frenetic_v/test-824,2026-08-31T06:46:24.154990+00:00,2026-08-31T06:46:25.692055+00:00,1.537,ok,0,stop,355,68,423,0.15,
mt/set_10/frenetic/test-43,2026-08-31T06:46:25.692117+00:00,2026-08-31T06:46:27.647675+00:00,1.9555,ok,0,stop,353,89,442,0.15,
mt/set_9/ambiegen/test-643,2026-08-31T06:46:27.647738+00:00,2026-08-31T06:46:29.376043+00:00,1.7283,ok,0,stop,354,78,432,0.65,
mt/set_8/frenetic_v/odr/test-383,2026-08-31T06:46:29.376109+00:00,2026-08-31T06:46:31.103607+00:00,1.7275,ok,0,stop,355,78,433,0.15,
mt/set_7/frenetic/odr/test-147,2026-08-31T06:46:31.103669+00:00,2026-08-31T06:46:32.678053+00:00,1.5743,ok,0,stop,353,72,425,0.15,
mt/set_10/frenetic_v/test-223,2026-08-31T06:46:32.678107+00:00,2026-08-31T06:46:34.272170+00:00,1.594,ok,0,stop,354,72,426,0.15,
mt/set_10/frenetic_v/test-515,2026-08-31T06:46:34.272228+00:00,2026-08-31T06:46:35.955535+00:00,1.6833,ok,0,stop,355,77,432,0.15,
mt/set_12/frenetic_v/test-633,2026-08-31T06:46:35.955580+00:00,2026-08-31T06:46:38.414145+00:00,2.4585,ok,0,stop,355,72,427,0.15,
mt/set_9/frenetic_v/test-72,2026-08-31T06:46:38.414207+00:00,2026-08-31T06:46:40.197979+00:00,1.7837,ok,0,stop,355,77,432,0.15,
mt/set_7/frenetic_v/odr/test-755,2026-08-31T06:46:40.198033+00:00,2026-08-31T06:46:41.809108+00:00,1.611,ok,0,stop,354,72,426,0.15,
mt/set_12/frenetic_v/test-272,2026-08-31T06:46:41.809163+00:00,2026-08-31T06:46:43.388191+00:00,1.579,ok,0,stop,354,72,426,0.15,
mt/set_13/ambiegen/test-505,2026-08-31T06:46:43.388247+00:00,2026-08-31T06:46:44.971185+00:00,1.5829,ok,0,stop,354,72,426,0.15,
mt/set_14/frenetic/test-465,2026-08-31T06:46:44.971261+00:00,2026-08-31T06:46:46.548376+00:00,1.5771,ok,0,stop,354,72,426,0.15,
mt/set_17/frenetic_v/test-550,2026-08-31T06:46:46.548427+00:00,2026-08-31T06:46:48.210356+00:00,1.6619,ok,0,stop,355,72,427,0.15,
mt/set_9/frenetic/test-817,2026-08-31T06:46:48.210415+00:00,2026-08-31T06:46:49.910941+00:00,1.7005,ok,0,stop,354,78,432,0.15,
mt/set_10/frenetic/test-603,2026-08-31T06:46:49.911000+00:00,2026-08-31T06:46:51.491276+00:00,1.5802,ok,0,stop,353,72,425,0.15,
mt_set5/ambiegen/test-831,2026-08-31T06:46:51.491341+00:00,2026-08-31T06:46:53.062118+00:00,1.5707,ok,0,stop,354,72,426,0.15,
mt/set_16/frenetic_v/test-356,2026-08-31T06:46:53.062181+00:00,2026-08-31T06:46:54.637161+00:00,1.5749,ok,0,stop,355,72,427,0.15,
mt/set_14/frenetic/test-716,2026-08-31T06:46:54.637221+00:00,2026-08-31T06:46:56.331516+00:00,1.6943,ok,0,stop,353,72,425,0.15,
mt/set_7/frenetic/odr/test-96,2026-08-31T06:46:56.331586+00:00,2026-08-31T06:46:57.938070+00:00,1.6064,ok,0,stop,354,72,426,0.15,
mt_set5/ambiegen/test-845,2026-08-31T06:46:57.938119+00:00,2026-08-31T06:46:59.579053+00:00,1.6409,ok,0,stop,354,75,429,0.35,
mt/set_18/ambiegen/test-393,2026-08-31T06:46:59.579106+00:00,2026-08-31T06:47:01.263194+00:00,1.684,ok,0,stop,354,77,431,0.15,
mt/set_17/ambiegen/test-899,2026-08-31T06:47:01.263259+00:00,2026-08-31T06:47:02.933060+00:00,1.6698,ok,0,stop,354,76,430,0.35,
mt/set_13/frenetic_v/test-829,2026-08-31T06:47:02.933135+00:00,2026-08-31T06:47:04.509405+00:00,1.5762,ok,0,stop,354,72,426,0.15,
mt/set_17/frenetic/test-657,2026-08-31T06:47:04.509458+00:00,2026-08-31T06:47:06.080467+00:00,1.571,ok,0,stop,354,72,426,0.15,
mt/set_13/frenetic_v/test-803,2026-08-31T06:47:06.080534+00:00,2026-08-31T06:47:07.656948+00:00,1.5764,ok,0,stop,355,72,427,0.15,
mt/set_17/frenetic/test-502,2026-08-31T06:47:07.657005+00:00,2026-08-31T06:47:09.234044+00:00,1.577,ok,0,stop,353,72,425,0.15,
mt/set_17/frenetic_v/test-359,2026-08-31T06:47:09.234129+00:00,2026-08-31T06:47:10.813030+00:00,1.5789,ok,0,stop,354,72,426,0.15,
mt/set_14/frenetic_v/test-728,2026-08-31T06:47:10.813085+00:00,2026-08-31T06:47:12.497658+00:00,1.6844,ok,0,stop,355,72,427,0.15,
mt/set_10/frenetic_v/test-41,2026-08-31T06:47:12.497827+00:00,2026-08-31T06:47:14.945517+00:00,2.4477,ok,0,stop,355,72,427,0.15,
mt/set_9/ambiegen/test-581,2026-08-31T06:47:14.945570+00:00,2026-08-31T06:47:16.737792+00:00,1.7922,ok,0,stop,354,81,435,0.35,
mt/set_13/frenetic_v/test-167,2026-08-31T06:47:16.737843+00:00,2026-08-31T06:47:18.315222+00:00,1.5773,ok,0,stop,354,72,426,0.15,
mt/set_17/ambiegen/test-705,2026-08-31T06:47:18.315309+00:00,2026-08-31T06:47:19.892257+00:00,1.5769,ok,0,stop,355,72,427,0.15,
mt/set_18/frenetic/test-350,2026-08-31T06:47:19.892308+00:00,2026-08-31T06:47:21.607176+00:00,1.7148,ok,0,stop,354,78,432,0.15,
mt/set_8/ambiegen/odr/test-756,2026-08-31T06:47:21.607235+00:00,2026-08-31T06:47:23.300069+00:00,1.6928,ok,0,stop,354,77,431,0.15,
mt/set_18/ambiegen/test-222,2026-08-31T06:47:23.300124+00:00,2026-08-31T06:47:25.344823+00:00,2.0447,ok,0,stop,354,94,448,0.35,
mt/set_16/frenetic/test-591,2026-08-31T06:47:25.344875+00:00,2026-08-31T06:47:27.033533+00:00,1.6886,ok,0,stop,354,77,431,0.15,
mt_set5/frenetic/test-694,2026-08-31T06:47:27.033590+00:00,2026-08-31T06:47:28.714245+00:00,1.6806,ok,0,stop,354,77,431,0.15,
mt/set_6/frenetic_v/test-208,2026-08-31T06:47:28.714303+00:00,2026-08-31T06:47:30.311721+00:00,1.5974,ok,0,stop,354,72,426,0.15,
mt/set_11/frenetic/test-310,2026-08-31T06:47:30.311778+00:00,2026-08-31T06:47:32.043054+00:00,1.7312,ok,0,stop,353,77,430,0.15,
mt_set5/frenetic/test-363,2026-08-31T06:47:32.043097+00:00,2026-08-31T06:47:34.611084+00:00,2.568,ok,0,stop,354,78,432,0.15,
mt_set5/ambiegen/test-320,2026-08-31T06:47:34.611133+00:00,2026-08-31T06:47:36.283283+00:00,1.6721,ok,0,stop,355,72,427,0.15,
mt/set_16/frenetic_v/test-804,2026-08-31T06:47:36.283333+00:00,2026-08-31T06:47:37.862309+00:00,1.5789,ok,0,stop,355,72,427,0.15,
mt/set_8/frenetic_v/odr/test-600,2026-08-31T06:47:37.862362+00:00,2026-08-31T06:47:39.444005+00:00,1.5816,ok,0,stop,355,72,427,0.15,
mt/set_18/ambiegen/test-744,2026-08-31T06:47:39.444056+00:00,2026-08-31T06:47:41.026887+00:00,1.5828,ok,0,stop,354,72,426,0.15,
mt/set_18/ambiegen/test-490,2026-08-31T06:47:41.026942+00:00,2026-08-31T06:47:42.715009+00:00,1.688,ok,0,stop,354,77,431,0.15,
mt/set_6/frenetic_v/test-247,2026-08-31T06:47:42.715064+00:00,2026-08-31T06:47:44.397334+00:00,1.6822,ok,0,stop,354,72,426,0.15,
mt/set_2/ambiegen/odr/test-222,2026-08-31T06:47:44.397386+00:00,2026-08-31T06:47:46.103789+00:00,1.7064,ok,0,stop,355,78,433,0.65,
mt/set_6/frenetic_v/test-316,2026-08-31T06:47:46.103845+00:00,2026-08-31T06:47:47.681947+00:00,1.5781,ok,0,stop,354,72,426,0.15,
mt/set_12/frenetic/test-30,2026-08-31T06:47:47.681998+00:00,2026-08-31T06:47:49.258023+00:00,1.576,ok,0,stop,353,72,425,0.15,
mt/set_18/frenetic_v/test-4,2026-08-31T06:47:49.258081+00:00,2026-08-31T06:47:50.851423+00:00,1.5933,ok,0,stop,355,72,427,0.15,
mt/set_10/ambiegen/test-688,2026-08-31T06:47:50.851476+00:00,2026-08-31T06:47:52.701890+00:00,1.8504,ok,0,stop,354,78,432,0.65,
mt/set_12/frenetic/test-915,2026-08-31T06:47:52.701953+00:00,2026-08-31T06:47:54.323668+00:00,1.6217,ok,0,stop,353,72,425,0.15,
mt/set_14/frenetic_v/test-855,2026-08-31T06:47:54.323728+00:00,2026-08-31T06:47:55.905737+00:00,1.582,ok,0,stop,355,72,427,0.15,
mt/set_11/frenetic_v/test-316,2026-08-31T06:47:55.905792+00:00,2026-08-31T06:47:57.499415+00:00,1.5936,ok,0,stop,354,72,426,0.15,
mt/set_18/frenetic/test-74,2026-08-31T06:47:57.499491+00:00,2026-08-31T06:47:59.202788+00:00,1.7033,ok,0,stop,353,77,430,0.15,
mt/set_7/ambiegen/odr/test-708,2026-08-31T06:47:59.202844+00:00,2026-08-31T06:48:00.783306+00:00,1.5804,ok,0,stop,354,72,426,0.15,
mt/set_7/frenetic/odr/test-321,2026-08-31T06:48:00.783368+00:00,2026-08-31T06:48:02.376921+00:00,1.5935,ok,0,stop,354,72,426,0.15,
mt/set_16/ambiegen/test-548,2026-08-31T06:48:02.376976+00:00,2026-08-31T06:48:03.968731+00:00,1.5917,ok,0,stop,355,72,427,0.15,
mt/set_2/ambiegen/odr/test-714,2026-08-31T06:48:03.968784+00:00,2026-08-31T06:48:05.566341+00:00,1.5975,ok,0,stop,355,72,427,0.15,
mt/set_11/frenetic/test-630,2026-08-31T06:48:05.566405+00:00,2026-08-31T06:48:07.253800+00:00,1.6874,ok,0,stop,353,77,430,0.15,
mt/set_9/frenetic/test-197,2026-08-31T06:48:07.253851+00:00,2026-08-31T06:48:08.841077+00:00,1.5872,ok,0,stop,353,72,425,0.15,
mt_set5/frenetic_v/test-199,2026-08-31T06:48:08.841153+00:00,2026-08-31T06:48:11.157230+00:00,2.316,ok,0,stop,354,72,426,0.15,
mt/set_18/frenetic/test-418,2026-08-31T06:48:11.157284+00:00,2026-08-31T06:48:12.836144+00:00,1.6788,ok,0,stop,354,72,426,0.15,
mt/set_12/frenetic/test-128,2026-08-31T06:48:12.836207+00:00,2026-08-31T06:48:14.427364+00:00,1.5911,ok,0,stop,354,72,426,0.15,
mt/set_12/frenetic_v/test-805,2026-08-31T06:48:14.427436+00:00,2026-08-31T06:48:16.005311+00:00,1.5778,ok,0,stop,355,72,427,0.15,
mt/set_13/ambiegen/test-847,2026-08-31T06:48:16.005393+00:00,2026-08-31T06:48:17.710258+00:00,1.7048,ok,0,stop,354,78,432,0.65,
mt/set_8/ambiegen/odr/test-929,2026-08-31T06:48:17.710327+00:00,2026-08-31T06:48:19.297393+00:00,1.587,ok,0,stop,355,72,427,0.15,
mt/set_18/ambiegen/test-363,2026-08-31T06:48:19.297448+00:00,2026-08-31T06:48:20.976374+00:00,1.6789,ok,0,stop,354,77,431,0.15,
mt/set_17/frenetic_v/test-332,2026-08-31T06:48:20.976430+00:00,2026-08-31T06:48:22.659598+00:00,1.6831,ok,0,stop,355,77,432,0.15,
mt/set_16/ambiegen/test-579,2026-08-31T06:48:22.659652+00:00,2026-08-31T06:48:24.242959+00:00,1.5833,ok,0,stop,355,72,427,0.15,
mt/set_14/ambiegen/test-704,2026-08-31T06:48:24.243023+00:00,2026-08-31T06:48:25.831052+00:00,1.588,ok,0,stop,354,72,426,0.15,
mt/set_7/frenetic/odr/test-945,2026-08-31T06:48:25.831108+00:00,2026-08-31T06:48:27.545384+00:00,1.7142,ok,0,stop,353,77,430,0.15,
mt/set_8/ambiegen/odr/test-271,2026-08-31T06:48:27.545468+00:00,2026-08-31T06:48:29.070617+00:00,1.525,ok,0,stop,354,68,422,0.15,
mt/set_18/ambiegen/test-210,2026-08-31T06:48:29.070854+00:00,2026-08-31T06:48:31.422508+00:00,2.3516,ok,0,stop,354,77,431,0.15,
mt/set_11/frenetic_v/test-109,2026-08-31T06:48:31.422564+00:00,2026-08-31T06:48:33.228509+00:00,1.8059,ok,0,stop,355,77,432,0.15,
mt/set_16/frenetic/test-662,2026-08-31T06:48:33.228565+00:00,2026-08-31T06:48:34.914333+00:00,1.6857,ok,0,stop,354,77,431,0.15,
mt/set_13/frenetic/test-661,2026-08-31T06:48:34.914424+00:00,2026-08-31T06:48:36.495108+00:00,1.5806,ok,0,stop,353,72,425,0.15,
mt/set_16/frenetic/test-270,2026-08-31T06:48:36.495161+00:00,2026-08-31T06:48:38.074277+00:00,1.5791,ok,0,stop,353,72,425,0.15,
mt/set_18/ambiegen/test-492,2026-08-31T06:48:38.074322+00:00,2026-08-31T06:48:39.820698+00:00,1.7463,ok,0,stop,355,80,435,0.35,
mt/set_12/frenetic/test-666,2026-08-31T06:48:39.820749+00:00,2026-08-31T06:48:41.477913+00:00,1.6571,ok,0,stop,353,72,425,0.15,
mt/set_16/ambiegen/test-521,2026-08-31T06:48:41.477962+00:00,2026-08-31T06:48:43.168655+00:00,1.6907,ok,0,stop,354,77,431,0.15,
mt/set_8/frenetic_v/odr/test-686,2026-08-31T06:48:43.168706+00:00,2026-08-31T06:48:44.769813+00:00,1.6011,ok,0,stop,355,72,427,0.15,
mt/set_18/frenetic/test-536,2026-08-31T06:48:44.769866+00:00,2026-08-31T06:48:46.465930+00:00,1.696,ok,0,stop,354,77,431,0.15,
mt/set_8/frenetic_v/odr/test-6,2026-08-31T06:48:46.465988+00:00,2026-08-31T06:48:48.047443+00:00,1.5814,ok,0,stop,354,72,426,0.15,
mt/set_9/frenetic_v/test-674,2026-08-31T06:48:48.047499+00:00,2026-08-31T06:48:49.746054+00:00,1.6985,ok,0,stop,355,72,427,0.15,
mt/set_14/frenetic/test-549,2026-08-31T06:48:49.746104+00:00,2026-08-31T06:48:51.778498+00:00,2.0324,ok,0,stop,354,92,446,0.15,
mt/set_7/frenetic/odr/test-453,2026-08-31T06:48:51.778554+00:00,2026-08-31T06:48:53.465737+00:00,1.6871,ok,0,stop,354,77,431,0.15,
mt/set_14/frenetic_v/test-182,2026-08-31T06:48:53.465828+00:00,2026-08-31T06:48:55.058543+00:00,1.5927,ok,0,stop,354,72,426,0.15,
mt/set_14/frenetic/test-309,2026-08-31T06:48:55.058601+00:00,2026-08-31T06:48:56.762535+00:00,1.7039,ok,0,stop,354,78,432,0.15,
mt/set_13/frenetic/test-481,2026-08-31T06:48:56.762588+00:00,2026-08-31T06:48:58.334184+00:00,1.5716,ok,0,stop,354,72,426,0.15,
mt/set_8/frenetic_v/odr/test-442,2026-08-31T06:48:58.334235+00:00,2026-08-31T06:49:00.020797+00:00,1.6865,ok,0,stop,354,77,431,0.15,
mt/set_18/ambiegen/test-275,2026-08-31T06:49:00.020850+00:00,2026-08-31T06:49:01.700451+00:00,1.6796,ok,0,stop,354,77,431,0.15,
mt/set_14/ambiegen/test-164,2026-08-31T06:49:01.700501+00:00,2026-08-31T06:49:03.381434+00:00,1.6809,ok,0,stop,353,77,430,0.15,
mt_set5/frenetic_v/test-569,2026-08-31T06:49:03.381487+00:00,2026-08-31T06:49:04.994009+00:00,1.6125,ok,0,stop,355,72,427,0.15,
mt/set_7/ambiegen/odr/test-334,2026-08-31T06:49:04.994073+00:00,2026-08-31T06:49:06.755331+00:00,1.7611,ok,0,stop,355,78,433,0.15,
mt/set_18/frenetic_v/test-12,2026-08-31T06:49:06.755516+00:00,2026-08-31T06:49:08.915989+00:00,2.1604,ok,0,stop,354,72,426,0.15,
mt/set_16/frenetic_v/test-409,2026-08-31T06:49:08.916039+00:00,2026-08-31T06:49:10.571496+00:00,1.6554,ok,0,stop,355,72,427,0.15,
mt/set_18/frenetic_v/test-89,2026-08-31T06:49:10.571570+00:00,2026-08-31T06:49:12.152496+00:00,1.5809,ok,0,stop,354,72,426,0.15,
mt/set_14/ambiegen/test-566,2026-08-31T06:49:12.152551+00:00,2026-08-31T06:49:13.733227+00:00,1.5806,ok,0,stop,354,72,426,0.15,
mt/set_16/ambiegen/test-634,2026-08-31T06:49:13.733280+00:00,2026-08-31T06:49:15.320695+00:00,1.5874,ok,0,stop,354,72,426,0.15,
mt/set_11/frenetic/test-130,2026-08-31T06:49:15.320747+00:00,2026-08-31T06:49:16.911550+00:00,1.5908,ok,0,stop,354,72,426,0.15,
mt/set_9/frenetic_v/test-418,2026-08-31T06:49:16.911605+00:00,2026-08-31T06:49:18.504196+00:00,1.5926,ok,0,stop,355,72,427,0.15,
mt/set_17/frenetic_v/test-231,2026-08-31T06:49:18.504247+00:00,2026-08-31T06:49:20.248567+00:00,1.7443,ok,0,stop,355,80,435,0.15,
mt/set_12/ambiegen/test-201,2026-08-31T06:49:20.248615+00:00,2026-08-31T06:49:21.967882+00:00,1.7192,ok,0,stop,354,78,432,0.15,
mt/set_10/frenetic/test-640,2026-08-31T06:49:21.967936+00:00,2026-08-31T06:49:23.708011+00:00,1.74,ok,0,stop,353,77,430,0.15,
mt/set_9/ambiegen/test-262,2026-08-31T06:49:23.708078+00:00,2026-08-31T06:49:25.325694+00:00,1.6176,ok,0,stop,354,72,426,0.15,
mt/set_12/ambiegen/test-684,2026-08-31T06:49:25.325752+00:00,2026-08-31T06:49:27.032874+00:00,1.7071,ok,0,stop,354,77,431,0.15,
mt/set_16/frenetic/test-110,2026-08-31T06:49:27.032924+00:00,2026-08-31T06:49:29.320524+00:00,2.2876,ok,0,stop,354,72,426,0.15,
mt/set_9/ambiegen/test-452,2026-08-31T06:49:29.320580+00:00,2026-08-31T06:49:31.001489+00:00,1.6809,ok,0,stop,354,72,426,0.15,
mt/set_12/frenetic_v/test-666,2026-08-31T06:49:31.001541+00:00,2026-08-31T06:49:32.578592+00:00,1.577,ok,0,stop,354,72,426,0.15,
mt/set_12/frenetic_v/test-491,2026-08-31T06:49:32.578645+00:00,2026-08-31T06:49:34.162300+00:00,1.5836,ok,0,stop,354,72,426,0.15,
mt/set_11/frenetic_v/test-164,2026-08-31T06:49:34.162351+00:00,2026-08-31T06:49:35.874716+00:00,1.7123,ok,0,stop,355,77,432,0.15,
mt/set_18/frenetic/test-906,2026-08-31T06:49:35.874768+00:00,2026-08-31T06:49:37.448653+00:00,1.5738,ok,0,stop,353,72,425,0.15,
mt/set_11/frenetic_v/test-84,2026-08-31T06:49:37.448726+00:00,2026-08-31T06:49:39.106888+00:00,1.6581,ok,0,stop,355,72,427,0.15,
mt/set_12/frenetic_v/test-160,2026-08-31T06:49:39.106964+00:00,2026-08-31T06:49:40.806757+00:00,1.6997,ok,0,stop,355,78,433,0.15,
mt/set_8/frenetic_v/odr/test-182,2026-08-31T06:49:40.806841+00:00,2026-08-31T06:49:42.383669+00:00,1.5768,ok,0,stop,354,72,426,0.15,
mt/set_12/ambiegen/test-332,2026-08-31T06:49:42.383720+00:00,2026-08-31T06:49:44.064009+00:00,1.6802,ok,0,stop,354,77,431,0.15,
mt/set_10/ambiegen/test-739,2026-08-31T06:49:44.064205+00:00,2026-08-31T06:49:45.746763+00:00,1.6825,ok,0,stop,354,77,431,0.15,
mt/set_11/frenetic_v/test-565,2026-08-31T06:49:45.746830+00:00,2026-08-31T06:49:47.407395+00:00,1.6605,ok,0,stop,355,72,427,0.15,
mt/set_8/frenetic_v/odr/test-479,2026-08-31T06:49:47.407446+00:00,2026-08-31T06:49:49.019747+00:00,1.6123,ok,0,stop,354,72,426,0.15,
mt/set_12/ambiegen/test-447,2026-08-31T06:49:49.019800+00:00,2026-08-31T06:49:50.599507+00:00,1.5797,ok,0,stop,354,72,426,0.15,
mt/set_12/ambiegen/test-864,2026-08-31T06:49:50.599560+00:00,2026-08-31T06:49:52.246663+00:00,1.6471,ok,0,stop,354,75,429,0.35,
mt/set_8/ambiegen/odr/test-146,2026-08-31T06:49:52.246727+00:00,2026-08-31T06:49:53.842946+00:00,1.5962,ok,0,stop,354,72,426,0.15,
mt/set_12/ambiegen/test-434,2026-08-31T06:49:53.842995+00:00,2026-08-31T06:49:55.481121+00:00,1.6381,ok,0,stop,354,72,426,0.15,
mt/set_18/ambiegen/test-390,2026-08-31T06:49:55.481171+00:00,2026-08-31T06:49:57.190764+00:00,1.7095,ok,0,stop,354,77,431,0.15,
mt/set_9/frenetic/test-27,2026-08-31T06:49:57.190841+00:00,2026-08-31T06:49:58.773375+00:00,1.5825,ok,0,stop,353,72,425,0.15,
mt/set_10/frenetic/test-581,2026-08-31T06:49:58.773503+00:00,2026-08-31T06:50:00.349845+00:00,1.5763,ok,0,stop,354,72,426,0.15,
mt/set_10/ambiegen/test-529,2026-08-31T06:50:00.349898+00:00,2026-08-31T06:50:01.949697+00:00,1.5998,ok,0,stop,353,72,425,0.15,
mt/set_14/ambiegen/test-817,2026-08-31T06:50:01.949754+00:00,2026-08-31T06:50:03.567816+00:00,1.618,ok,0,stop,354,72,426,0.15,
mt_set5/frenetic/test-399,2026-08-31T06:50:03.567898+00:00,2026-08-31T06:50:05.171520+00:00,1.6036,ok,0,stop,353,73,426,0.15,
mt/set_12/frenetic/test-112,2026-08-31T06:50:05.171583+00:00,2026-08-31T06:50:07.649212+00:00,2.4776,ok,0,stop,354,78,432,0.15,
mt/set_13/frenetic_v/test-382,2026-08-31T06:50:07.649278+00:00,2026-08-31T06:50:09.308755+00:00,1.6594,ok,0,stop,354,72,426,0.15,
mt/set_13/frenetic_v/test-403,2026-08-31T06:50:09.308828+00:00,2026-08-31T06:50:11.028831+00:00,1.72,ok,0,stop,355,78,433,0.15,
mt/set_8/ambiegen/odr/test-243,2026-08-31T06:50:11.028897+00:00,2026-08-31T06:50:12.616048+00:00,1.5871,ok,0,stop,355,72,427,0.15,
mt/set_9/ambiegen/test-144,2026-08-31T06:50:12.616104+00:00,2026-08-31T06:50:14.200137+00:00,1.584,ok,0,stop,354,72,426,0.15,
mt/set_13/frenetic/test-224,2026-08-31T06:50:14.200187+00:00,2026-08-31T06:50:15.812583+00:00,1.6124,ok,0,stop,354,72,426,0.15,
mt_set5/frenetic_v/test-114,2026-08-31T06:50:15.812637+00:00,2026-08-31T06:50:17.459412+00:00,1.6467,ok,0,stop,354,72,426,0.15,
mt/set_10/ambiegen/test-552,2026-08-31T06:50:17.459467+00:00,2026-08-31T06:50:19.388453+00:00,1.929,ok,0,stop,354,85,439,0.35,
mt/set_16/ambiegen/test-664,2026-08-31T06:50:19.388500+00:00,2026-08-31T06:50:21.086473+00:00,1.6979,ok,0,stop,355,77,432,0.15,
mt/set_10/frenetic/test-226,2026-08-31T06:50:21.086525+00:00,2026-08-31T06:50:22.684527+00:00,1.598,ok,0,stop,353,72,425,0.15,
mt/set_17/frenetic_v/test-68,2026-08-31T06:50:22.684579+00:00,2026-08-31T06:50:24.369104+00:00,1.6845,ok,0,stop,354,77,431,0.15,
mt/set_16/frenetic_v/test-214,2026-08-31T06:50:24.369183+00:00,2026-08-31T06:50:25.944893+00:00,1.5757,ok,0,stop,354,72,426,0.15,
mt/set_11/frenetic/test-370,2026-08-31T06:50:25.944943+00:00,2026-08-31T06:50:28.392471+00:00,2.4475,ok,0,stop,354,72,426,0.15,
mt_set5/ambiegen/test-229,2026-08-31T06:50:28.392522+00:00,2026-08-31T06:50:30.079624+00:00,1.6871,ok,0,stop,354,72,426,0.15,
mt_set5/frenetic/test-733,2026-08-31T06:50:30.079699+00:00,2026-08-31T06:50:31.772402+00:00,1.6927,ok,0,stop,354,77,431,0.15,
mt/set_11/frenetic/test-134,2026-08-31T06:50:31.772445+00:00,2026-08-31T06:50:33.357866+00:00,1.5854,ok,0,stop,353,72,425,0.15,
mt/set_14/frenetic/test-775,2026-08-31T06:50:33.357943+00:00,2026-08-31T06:50:34.933996+00:00,1.576,ok,0,stop,354,72,426,0.15,
mt/set_9/frenetic/test-407,2026-08-31T06:50:34.934043+00:00,2026-08-31T06:50:36.508306+00:00,1.5742,ok,0,stop,353,72,425,0.15,
mt/set_7/frenetic_v/odr/test-821,2026-08-31T06:50:36.508360+00:00,2026-08-31T06:50:38.173104+00:00,1.6647,ok,0,stop,355,72,427,0.15,
mt/set_7/ambiegen/odr/test-298,2026-08-31T06:50:38.173158+00:00,2026-08-31T06:50:39.916428+00:00,1.7432,ok,0,stop,355,80,435,0.15,
mt/set_17/frenetic/test-389,2026-08-31T06:50:39.916482+00:00,2026-08-31T06:50:41.488651+00:00,1.5721,ok,0,stop,353,72,425,0.15,
mt/set_7/frenetic_v/odr/test-765,2026-08-31T06:50:41.488701+00:00,2026-08-31T06:50:43.059917+00:00,1.5712,ok,0,stop,355,72,427,0.15,
mt_set6/frenetic/test-617,2026-08-31T06:50:43.059974+00:00,2026-08-31T06:50:44.629958+00:00,1.57,ok,0,stop,353,72,425,0.15,
mt/set_11/frenetic_v/test-556,2026-08-31T06:50:44.630009+00:00,2026-08-31T06:50:46.340693+00:00,1.7107,ok,0,stop,354,72,426,0.15,
mt/set_13/frenetic_v/test-193,2026-08-31T06:50:46.340747+00:00,2026-08-31T06:50:47.923144+00:00,1.5824,ok,0,stop,354,72,426,0.15,
mt/set_13/frenetic_v/test-365,2026-08-31T06:50:47.923194+00:00,2026-08-31T06:50:49.626783+00:00,1.7036,ok,0,stop,355,78,433,0.15,
mt/set_11/frenetic/test-771,2026-08-31T06:50:49.626833+00:00,2026-08-31T06:50:51.211547+00:00,1.5847,ok,0,stop,353,72,425,0.15,
mt/set_17/ambiegen/test-336,2026-08-31T06:50:51.211599+00:00,2026-08-31T06:50:53.260076+00:00,2.0484,ok,0,stop,354,92,446,0.15,
mt/set_14/ambiegen/test-189,2026-08-31T06:50:53.260128+00:00,2026-08-31T06:50:54.992896+00:00,1.7327,ok,0,stop,353,77,430,0.15,
mt/set_10/ambiegen/test-772,2026-08-31T06:50:54.992947+00:00,2026-08-31T06:50:56.573029+00:00,1.58,ok,0,stop,354,72,426,0.15,
mt/set_8/frenetic/odr/test-331,2026-08-31T06:50:56.573084+00:00,2026-08-31T06:50:58.164393+00:00,1.5913,ok,0,stop,353,72,425,0.15,
mt/set_9/frenetic_v/test-329,2026-08-31T06:50:58.164480+00:00,2026-08-31T06:50:59.743604+00:00,1.5791,ok,0,stop,354,72,426,0.15,
mt/set_7/frenetic/odr/test-362,2026-08-31T06:50:59.743660+00:00,2026-08-31T06:51:01.318115+00:00,1.5744,ok,0,stop,353,72,425,0.15,
mt/set_11/ambiegen/test-471,2026-08-31T06:51:01.318165+00:00,2026-08-31T06:51:02.998746+00:00,1.6805,ok,0,stop,354,77,431,0.15,
mt/set_10/frenetic_v/test-282,2026-08-31T06:51:02.998798+00:00,2026-08-31T06:51:05.181146+00:00,2.1822,ok,0,stop,355,72,427,0.15,
mt_set6/frenetic/test-712,2026-08-31T06:51:05.181381+00:00,2026-08-31T06:51:06.844831+00:00,1.6634,ok,0,stop,354,72,426,0.15,
mt/set_14/frenetic_v/test-24,2026-08-31T06:51:06.844906+00:00,2026-08-31T06:51:08.528965+00:00,1.684,ok,0,stop,354,77,431,0.15,
mt/set_12/frenetic_v/test-724,2026-08-31T06:51:08.529016+00:00,2026-08-31T06:51:10.294182+00:00,1.7651,ok,0,stop,355,81,436,0.15,
mt/set_8/frenetic/odr/test-30,2026-08-31T06:51:10.294233+00:00,2026-08-31T06:51:11.869317+00:00,1.5751,ok,0,stop,354,72,426,0.15,
mt/set_9/ambiegen/test-500,2026-08-31T06:51:11.869372+00:00,2026-08-31T06:51:13.569032+00:00,1.6996,ok,0,stop,354,77,431,0.15,
mt/set_14/frenetic/test-938,2026-08-31T06:51:13.569107+00:00,2026-08-31T06:51:15.145236+00:00,1.5761,ok,0,stop,353,72,425,0.15,
mt/set_17/frenetic_v/test-181,2026-08-31T06:51:15.145293+00:00,2026-08-31T06:51:16.721099+00:00,1.5758,ok,0,stop,355,72,427,0.15,
mt/set_13/frenetic/test-490,2026-08-31T06:51:16.721150+00:00,2026-08-31T06:51:18.295426+00:00,1.5742,ok,0,stop,353,72,425,0.15,
mt_set5/ambiegen/test-350,2026-08-31T06:51:18.295487+00:00,2026-08-31T06:51:19.870289+00:00,1.5748,ok,0,stop,355,72,427,0.15,
mt/set_13/ambiegen/test-294,2026-08-31T06:51:19.870344+00:00,2026-08-31T06:51:21.450236+00:00,1.5799,ok,0,stop,354,72,426,0.15,
mt/set_7/frenetic_v/odr/test-98,2026-08-31T06:51:21.450293+00:00,2026-08-31T06:51:23.138869+00:00,1.6885,ok,0,stop,355,77,432,0.15,
mt/set_8/frenetic_v/odr/test-918,2026-08-31T06:51:23.139018+00:00,2026-08-31T06:51:25.826422+00:00,2.6874,ok,0,stop,355,77,432,0.15,
mt/set_13/frenetic_v/test-164,2026-08-31T06:51:25.826466+00:00,2026-08-31T06:51:27.584621+00:00,1.7581,ok,0,stop,355,77,432,0.15,
mt/set_16/frenetic/test-491,2026-08-31T06:51:27.584732+00:00,2026-08-31T06:51:29.829253+00:00,2.2445,ok,0,stop,354,102,456,0.25,
mt/set_8/ambiegen/odr/test-242,2026-08-31T06:51:29.829316+00:00,2026-08-31T06:51:31.516419+00:00,1.6871,ok,0,stop,354,77,431,0.15,
mt/set_13/frenetic_v/test-557,2026-08-31T06:51:31.516499+00:00,2026-08-31T06:51:33.095723+00:00,1.5792,ok,0,stop,355,72,427,0.15,
mt_set5/frenetic/test-755,2026-08-31T06:51:33.095798+00:00,2026-08-31T06:51:34.673889+00:00,1.5781,ok,0,stop,354,72,426,0.15,
mt/set_9/frenetic_v/test-609,2026-08-31T06:51:34.673941+00:00,2026-08-31T06:51:36.332035+00:00,1.6581,ok,0,stop,355,72,427,0.15,
mt_set5/frenetic/test-357,2026-08-31T06:51:36.332086+00:00,2026-08-31T06:51:37.910088+00:00,1.578,ok,0,stop,353,72,425,0.15,
mt/set_13/frenetic/test-665,2026-08-31T06:51:37.910142+00:00,2026-08-31T06:51:39.600345+00:00,1.6902,ok,0,stop,354,77,431,0.15,
mt/set_11/ambiegen/test-914,2026-08-31T06:51:39.600400+00:00,2026-08-31T06:51:41.179006+00:00,1.5786,ok,0,stop,354,72,426,0.15,
mt/set_17/frenetic_v/test-627,2026-08-31T06:51:41.179085+00:00,2026-08-31T06:51:42.756529+00:00,1.5774,ok,0,stop,355,72,427,0.15,
mt/set_11/frenetic/test-253,2026-08-31T06:51:42.756584+00:00,2026-08-31T06:51:44.354360+00:00,1.5977,ok,0,stop,353,72,425,0.15,
mt_set6/frenetic/test-464,2026-08-31T06:51:44.354462+00:00,2026-08-31T06:51:45.993578+00:00,1.6391,ok,0,stop,353,72,425,0.15,
mt/set_17/ambiegen/test-390,2026-08-31T06:51:45.993638+00:00,2026-08-31T06:51:47.508567+00:00,1.5149,ok,0,stop,354,69,423,0.65,
mt/set_17/ambiegen/test-93,2026-08-31T06:51:47.508620+00:00,2026-08-31T06:51:49.098361+00:00,1.5897,ok,0,stop,354,72,426,0.15,
mt/set_8/frenetic_v/odr/test-73,2026-08-31T06:51:49.098412+00:00,2026-08-31T06:51:50.707482+00:00,1.609,ok,0,stop,355,72,427,0.15,
mt/set_10/frenetic/test-556,2026-08-31T06:51:50.707560+00:00,2026-08-31T06:51:52.289314+00:00,1.5817,ok,0,stop,353,72,425,0.15,
mt/set_7/frenetic/odr/test-60,2026-08-31T06:51:52.289386+00:00,2026-08-31T06:51:54.001470+00:00,1.712,ok,0,stop,354,78,432,0.15,
mt/set_13/ambiegen/test-567,2026-08-31T06:51:54.001530+00:00,2026-08-31T06:51:55.574445+00:00,1.5729,ok,0,stop,354,72,426,0.15,
mt/set_11/frenetic_v/test-520,2026-08-31T06:51:55.574509+00:00,2026-08-31T06:51:57.164776+00:00,1.5902,ok,0,stop,355,72,427,0.15,
mt/set_13/frenetic_v/test-634,2026-08-31T06:51:57.164838+00:00,2026-08-31T06:51:58.860501+00:00,1.6956,ok,0,stop,355,77,432,0.15,
mt_set5/ambiegen/test-429,2026-08-31T06:51:58.860565+00:00,2026-08-31T06:52:00.434790+00:00,1.5742,ok,0,stop,355,72,427,0.15,
mt/set_8/ambiegen/odr/test-241,2026-08-31T06:52:00.434848+00:00,2026-08-31T06:52:03.122442+00:00,2.6873,ok,0,stop,353,77,430,0.15,
mt/set_8/ambiegen/odr/test-604,2026-08-31T06:52:03.122822+00:00,2026-08-31T06:52:04.933615+00:00,1.8107,ok,0,stop,355,77,432,0.15,
mt/set_8/frenetic_v/odr/test-260,2026-08-31T06:52:04.933672+00:00,2026-08-31T06:52:06.521265+00:00,1.5876,ok,0,stop,354,72,426,0.15,
mt/set_9/frenetic_v/test-940,2026-08-31T06:52:06.521321+00:00,2026-08-31T06:52:08.233825+00:00,1.7125,ok,0,stop,355,78,433,0.15,
mt/set_10/frenetic_v/test-496,2026-08-31T06:52:08.233882+00:00,2026-08-31T06:52:09.821801+00:00,1.5879,ok,0,stop,354,72,426,0.15,
mt/set_12/frenetic/test-565,2026-08-31T06:52:09.821862+00:00,2026-08-31T06:52:11.801668+00:00,1.9798,ok,0,stop,353,89,442,0.15,
mt/set_11/frenetic/test-217,2026-08-31T06:52:11.801728+00:00,2026-08-31T06:52:13.496376+00:00,1.6946,ok,0,stop,353,77,430,0.15,
mt_set5/ambiegen/test-360,2026-08-31T06:52:13.496432+00:00,2026-08-31T06:52:15.477811+00:00,1.9813,ok,0,stop,355,89,444,0.15,
mt/set_10/ambiegen/test-705,2026-08-31T06:52:15.477872+00:00,2026-08-31T06:52:17.119070+00:00,1.6412,ok,0,stop,355,72,427,0.15,
mt/set_9/frenetic/test-448,2026-08-31T06:52:17.119137+00:00,2026-08-31T06:52:18.824017+00:00,1.7048,ok,0,stop,353,77,430,0.15,
mt/set_10/ambiegen/test-594,2026-08-31T06:52:18.824079+00:00,2026-08-31T06:52:20.690024+00:00,1.8659,ok,0,stop,354,85,439,0.35,
mt/set_9/frenetic/test-379,2026-08-31T06:52:20.690080+00:00,2026-08-31T06:52:22.893153+00:00,2.203,ok,0,stop,353,72,425,0.15,
mt/set_10/frenetic/test-893,2026-08-31T06:52:22.893225+00:00,2026-08-31T06:52:24.508818+00:00,1.6155,ok,0,stop,353,72,425,0.15,
mt/set_14/ambiegen/test-310,2026-08-31T06:52:24.508901+00:00,2026-08-31T06:52:26.287763+00:00,1.7788,ok,0,stop,355,78,433,0.15,
mt/set_8/frenetic/odr/test-558,2026-08-31T06:52:26.287822+00:00,2026-08-31T06:52:27.873098+00:00,1.5852,ok,0,stop,354,72,426,0.15,
mt/set_12/frenetic_v/test-926,2026-08-31T06:52:27.873150+00:00,2026-08-31T06:52:29.577502+00:00,1.7043,ok,0,stop,355,77,432,0.15,
mt/set_17/ambiegen/test-392,2026-08-31T06:52:29.577545+00:00,2026-08-31T06:52:31.464028+00:00,1.8864,ok,0,stop,354,86,440,0.45,
mt/set_8/frenetic/odr/test-557,2026-08-31T06:52:31.464096+00:00,2026-08-31T06:52:33.105171+00:00,1.641,ok,0,stop,354,72,426,0.15,
mt/set_10/frenetic/test-683,2026-08-31T06:52:33.105351+00:00,2026-08-31T06:52:34.738733+00:00,1.6333,ok,0,stop,353,72,425,0.15,
mt/set_6/frenetic_v/test-718,2026-08-31T06:52:34.738791+00:00,2026-08-31T06:52:36.463158+00:00,1.7243,ok,0,stop,355,78,433,0.15,
mt/set_12/frenetic/test-430,2026-08-31T06:52:36.463208+00:00,2026-08-31T06:52:38.041447+00:00,1.5782,ok,0,stop,353,72,425,0.15,
mt/set_9/frenetic/test-550,2026-08-31T06:52:38.041496+00:00,2026-08-31T06:52:39.627146+00:00,1.5856,ok,0,stop,354,72,426,0.15,
mt/set_8/frenetic_v/odr/test-884,2026-08-31T06:52:39.627203+00:00,2026-08-31T06:52:41.410620+00:00,1.7834,ok,0,stop,355,77,432,0.15,
mt/set_8/frenetic/odr/test-116,2026-08-31T06:52:41.410673+00:00,2026-08-31T06:52:43.010535+00:00,1.5998,ok,0,stop,353,72,425,0.15,
mt/set_13/frenetic_v/test-432,2026-08-31T06:52:43.010591+00:00,2026-08-31T06:52:44.723520+00:00,1.7129,ok,0,stop,355,78,433,0.15,
mt/set_12/frenetic_v/test-103,2026-08-31T06:52:44.723576+00:00,2026-08-31T06:52:46.315107+00:00,1.5915,ok,0,stop,354,72,426,0.15,
mt/set_14/frenetic/test-159,2026-08-31T06:52:46.315160+00:00,2026-08-31T06:52:47.906000+00:00,1.5908,ok,0,stop,354,72,426,0.15,
mt/set_16/frenetic_v/test-321,2026-08-31T06:52:47.906051+00:00,2026-08-31T06:52:49.481648+00:00,1.5756,ok,0,stop,355,72,427,0.15,
mt/set_7/frenetic/odr/test-378,2026-08-31T06:52:49.481732+00:00,2026-08-31T06:52:51.075298+00:00,1.5935,ok,0,stop,354,72,426,0.15,
mt/set_18/ambiegen/test-145,2026-08-31T06:52:51.075348+00:00,2026-08-31T06:52:52.776567+00:00,1.7012,ok,0,stop,354,77,431,0.15,
mt_set5/frenetic_v/test-841,2026-08-31T06:52:52.776619+00:00,2026-08-31T06:52:54.363795+00:00,1.5871,ok,0,stop,355,72,427,0.15,
mt/set_17/frenetic/test-428,2026-08-31T06:52:54.363847+00:00,2026-08-31T06:52:55.959456+00:00,1.5956,ok,0,stop,354,72,426,0.15,
mt/set_18/frenetic/test-956,2026-08-31T06:52:55.959502+00:00,2026-08-31T06:52:57.644565+00:00,1.685,ok,0,stop,353,77,430,0.15,
mt/set_16/frenetic_v/test-232,2026-08-31T06:52:57.644613+00:00,2026-08-31T06:52:59.992248+00:00,2.3476,ok,0,stop,355,72,427,0.15,
mt/set_8/ambiegen/odr/test-797,2026-08-31T06:52:59.992307+00:00,2026-08-31T06:53:01.613993+00:00,1.6216,ok,0,stop,353,71,424,0.05,
mt/set_10/ambiegen/test-0,2026-08-31T06:53:01.614052+00:00,2026-08-31T06:53:03.193372+00:00,1.5793,ok,0,stop,354,72,426,0.15,
mt/set_12/ambiegen/test-159,2026-08-31T06:53:03.193434+00:00,2026-08-31T06:53:04.764050+00:00,1.5706,ok,0,stop,354,72,426,0.15,
mt/set_17/frenetic/test-57,2026-08-31T06:53:04.764099+00:00,2026-08-31T06:53:06.443776+00:00,1.6796,ok,0,stop,353,77,430,0.15,
mt/set_10/frenetic_v/test-835,2026-08-31T06:53:06.443835+00:00,2026-08-31T06:53:08.056391+00:00,1.6125,ok,0,stop,355,72,427,0.15,
mt/set_14/frenetic_v/test-648,2026-08-31T06:53:08.056451+00:00,2026-08-31T06:53:09.643984+00:00,1.5875,ok,0,stop,355,72,427,0.15,
mt/set_10/frenetic_v/test-95,2026-08-31T06:53:09.644035+00:00,2026-08-31T06:53:11.218941+00:00,1.5749,ok,0,stop,355,72,427,0.15,
mt/set_10/frenetic_v/test-315,2026-08-31T06:53:11.219002+00:00,2026-08-31T06:53:12.900362+00:00,1.6813,ok,0,stop,355,77,432,0.15,
mt/set_7/frenetic_v/odr/test-320,2026-08-31T06:53:12.900416+00:00,2026-08-31T06:53:14.584705+00:00,1.6843,ok,0,stop,355,77,432,0.15,
mt/set_7/ambiegen/odr/test-348,2026-08-31T06:53:14.584757+00:00,2026-08-31T06:53:16.301805+00:00,1.717,ok,0,stop,354,78,432,0.15,
mt/set_17/frenetic_v/test-529,2026-08-31T06:53:16.301859+00:00,2026-08-31T06:53:17.876488+00:00,1.5746,ok,0,stop,354,72,426,0.15,
mt/set_2/ambiegen/odr/test-564,2026-08-31T06:53:17.876542+00:00,2026-08-31T06:53:20.545234+00:00,2.6687,ok,0,stop,354,77,431,0.15,
mt/set_12/ambiegen/test-95,2026-08-31T06:53:20.545288+00:00,2026-08-31T06:53:22.220511+00:00,1.6752,ok,0,stop,354,72,426,0.15,
mt/set_10/frenetic_v/test-770,2026-08-31T06:53:22.220619+00:00,2026-08-31T06:53:23.921767+00:00,1.7011,ok,0,stop,355,77,432,0.15,
mt/set_18/frenetic_v/test-14,2026-08-31T06:53:23.921810+00:00,2026-08-31T06:53:25.502067+00:00,1.5802,ok,0,stop,354,72,426,0.15,
mt/set_13/ambiegen/test-787,2026-08-31T06:53:25.502118+00:00,2026-08-31T06:53:27.505795+00:00,2.0036,ok,0,stop,355,92,447,0.65,
mt/set_11/frenetic_v/test-167,2026-08-31T06:53:27.505847+00:00,2026-08-31T06:53:29.078598+00:00,1.5727,ok,0,stop,355,72,427,0.15,
mt_set5/frenetic/test-445,2026-08-31T06:53:29.078651+00:00,2026-08-31T06:53:30.839399+00:00,1.7607,ok,0,stop,353,77,430,0.15,
mt_set5/ambiegen/test-76,2026-08-31T06:53:30.839449+00:00,2026-08-31T06:53:32.415439+00:00,1.576,ok,0,stop,354,72,426,0.15,
mt/set_12/frenetic/test-823,2026-08-31T06:53:32.415492+00:00,2026-08-31T06:53:33.987360+00:00,1.5718,ok,0,stop,354,72,426,0.15,
mt/set_9/frenetic_v/test-907,2026-08-31T06:53:33.987415+00:00,2026-08-31T06:53:35.561046+00:00,1.5736,ok,0,stop,354,72,426,0.15,
mt_set5/ambiegen/test-146,2026-08-31T06:53:35.561097+00:00,2026-08-31T06:53:37.153927+00:00,1.5928,ok,0,stop,354,72,426,0.15,
mt/set_7/frenetic/odr/test-677,2026-08-31T06:53:37.154045+00:00,2026-08-31T06:53:38.935859+00:00,1.7818,ok,0,stop,354,77,431,0.15,
mt/set_16/frenetic/test-397,2026-08-31T06:53:38.935912+00:00,2026-08-31T06:53:40.676309+00:00,1.7404,ok,0,stop,354,77,431,0.15,
mt/set_8/frenetic/odr/test-268,2026-08-31T06:53:40.676385+00:00,2026-08-31T06:53:42.357017+00:00,1.6806,ok,0,stop,354,77,431,0.15,
mt/set_9/frenetic/test-267,2026-08-31T06:53:42.357090+00:00,2026-08-31T06:53:43.944537+00:00,1.5874,ok,0,stop,353,72,425,0.15,
mt/set_17/frenetic_v/test-692,2026-08-31T06:53:43.944596+00:00,2026-08-31T06:53:45.626600+00:00,1.682,ok,0,stop,354,77,431,0.15,
mt/set_8/frenetic_v/odr/test-9,2026-08-31T06:53:45.626650+00:00,2026-08-31T06:53:47.205704+00:00,1.579,ok,0,stop,354,72,426,0.15,
mt/set_8/ambiegen/odr/test-570,2026-08-31T06:53:47.205753+00:00,2026-08-31T06:53:48.791972+00:00,1.5862,ok,0,stop,354,72,426,0.15,
mt/set_16/frenetic_v/test-118,2026-08-31T06:53:48.792026+00:00,2026-08-31T06:53:50.389031+00:00,1.597,ok,0,stop,354,72,426,0.15,
mt/set_2/ambiegen/odr/test-866,2026-08-31T06:53:50.389095+00:00,2026-08-31T06:53:51.967043+00:00,1.5779,ok,0,stop,354,72,426,0.15,
mt/set_2/ambiegen/odr/test-854,2026-08-31T06:53:51.967101+00:00,2026-08-31T06:53:53.543350+00:00,1.5762,ok,0,stop,354,72,426,0.15,
mt/set_12/frenetic/test-42,2026-08-31T06:53:53.543405+00:00,2026-08-31T06:53:55.458246+00:00,1.9147,ok,0,stop,353,77,430,0.15,
mt/set_9/frenetic/test-260,2026-08-31T06:53:55.458517+00:00,2026-08-31T06:53:57.589820+00:00,2.1312,ok,0,stop,353,72,425,0.15,
mt/set_11/frenetic/test-122,2026-08-31T06:53:57.589902+00:00,2026-08-31T06:53:59.359878+00:00,1.7699,ok,0,stop,354,78,432,0.15,
mt/set_17/frenetic/test-930,2026-08-31T06:53:59.359958+00:00,2026-08-31T06:54:00.936178+00:00,1.5762,ok,0,stop,353,72,425,0.15,
mt/set_8/frenetic_v/odr/test-39,2026-08-31T06:54:00.936228+00:00,2026-08-31T06:54:02.506941+00:00,1.5707,ok,0,stop,355,72,427,0.15,
mt/set_12/frenetic_v/test-579,2026-08-31T06:54:02.507021+00:00,2026-08-31T06:54:04.226426+00:00,1.7194,ok,0,stop,355,78,433,0.15,
mt/set_7/frenetic/odr/test-399,2026-08-31T06:54:04.226484+00:00,2026-08-31T06:54:05.925247+00:00,1.6987,ok,0,stop,354,78,432,0.15,
mt/set_14/frenetic/test-236,2026-08-31T06:54:05.925299+00:00,2026-08-31T06:54:07.646430+00:00,1.7211,ok,0,stop,353,79,432,0.15,
mt/set_9/frenetic/test-818,2026-08-31T06:54:07.646477+00:00,2026-08-31T06:54:09.219393+00:00,1.5729,ok,0,stop,353,72,425,0.15,
mt/set_10/frenetic/test-337,2026-08-31T06:54:09.219446+00:00,2026-08-31T06:54:10.896765+00:00,1.6773,ok,0,stop,353,77,430,0.25,
mt/set_18/ambiegen/test-137,2026-08-31T06:54:10.896838+00:00,2026-08-31T06:54:12.469052+00:00,1.5722,ok,0,stop,354,72,426,0.15,
mt/set_16/frenetic/test-407,2026-08-31T06:54:12.469126+00:00,2026-08-31T06:54:14.176948+00:00,1.7078,ok,0,stop,354,78,432,0.15,
mt/set_9/frenetic_v/test-58,2026-08-31T06:54:14.177029+00:00,2026-08-31T06:54:16.604359+00:00,2.4273,ok,0,stop,354,72,426,0.15,
mt/set_8/ambiegen/odr/test-445,2026-08-31T06:54:16.604407+00:00,2026-08-31T06:54:18.355729+00:00,1.7513,ok,0,stop,354,77,431,0.15,
mt/set_14/frenetic/test-516,2026-08-31T06:54:18.355809+00:00,2026-08-31T06:54:20.110993+00:00,1.7551,ok,0,stop,353,78,431,0.15,
mt/set_7/ambiegen/odr/test-883,2026-08-31T06:54:20.111052+00:00,2026-08-31T06:54:21.687810+00:00,1.5767,ok,0,stop,354,72,426,0.15,
mt_set6/frenetic/test-830,2026-08-31T06:54:21.687860+00:00,2026-08-31T06:54:23.387621+00:00,1.6997,ok,0,stop,354,78,432,0.15,
mt/set_9/ambiegen/test-926,2026-08-31T06:54:23.387678+00:00,2026-08-31T06:54:24.959350+00:00,1.5716,ok,0,stop,354,72,426,0.15,
mt/set_13/frenetic/test-936,2026-08-31T06:54:24.959402+00:00,2026-08-31T06:54:26.616057+00:00,1.6566,ok,0,stop,353,72,425,0.15,
mt/set_17/frenetic/test-865,2026-08-31T06:54:26.616110+00:00,2026-08-31T06:54:28.292934+00:00,1.6768,ok,0,stop,354,77,431,0.15,
mt/set_10/ambiegen/test-585,2026-08-31T06:54:28.292989+00:00,2026-08-31T06:54:29.872734+00:00,1.5797,ok,0,stop,354,72,426,0.15,
mt/set_14/frenetic/test-137,2026-08-31T06:54:29.872784+00:00,2026-08-31T06:54:31.445605+00:00,1.5728,ok,0,stop,354,72,426,0.15,
mt_set5/frenetic_v/test-6,2026-08-31T06:54:31.445654+00:00,2026-08-31T06:54:33.018247+00:00,1.5726,ok,0,stop,355,72,427,0.15,
mt/set_17/ambiegen/test-925,2026-08-31T06:54:33.018330+00:00,2026-08-31T06:54:34.831161+00:00,1.8128,ok,0,stop,355,78,433,0.15,
mt/set_12/ambiegen/test-801,2026-08-31T06:54:34.831216+00:00,2026-08-31T06:54:36.549276+00:00,1.718,ok,0,stop,354,77,431,0.15,
mt/set_10/ambiegen/test-411,2026-08-31T06:54:36.549353+00:00,2026-08-31T06:54:38.144257+00:00,1.5949,ok,0,stop,354,72,426,0.15,
mt/set_8/frenetic/odr/test-65,2026-08-31T06:54:38.144341+00:00,2026-08-31T06:54:39.727685+00:00,1.5833,ok,0,stop,354,72,426,0.15,
mt_set6/frenetic/test-868,2026-08-31T06:54:39.727738+00:00,2026-08-31T06:54:41.307239+00:00,1.5795,ok,0,stop,354,72,426,0.15,
mt_set6/frenetic/test-2,2026-08-31T06:54:41.307300+00:00,2026-08-31T06:54:42.888301+00:00,1.581,ok,0,stop,353,72,425,0.15,
mt/set_18/ambiegen/test-353,2026-08-31T06:54:42.888357+00:00,2026-08-31T06:54:44.459954+00:00,1.5716,ok,0,stop,354,72,426,0.15,
mt_set5/ambiegen/test-122,2026-08-31T06:54:44.460019+00:00,2026-08-31T06:54:46.133245+00:00,1.6732,ok,0,stop,354,76,430,0.45,
mt/set_18/frenetic/test-794,2026-08-31T06:54:46.133302+00:00,2026-08-31T06:54:47.810157+00:00,1.6768,ok,0,stop,353,77,430,0.15,
mt/set_12/frenetic/test-865,2026-08-31T06:54:47.810206+00:00,2026-08-31T06:54:49.385149+00:00,1.5749,ok,0,stop,354,72,426,0.15,
mt/set_14/frenetic/test-426,2026-08-31T06:54:49.385201+00:00,2026-08-31T06:54:51.064757+00:00,1.6795,ok,0,stop,353,77,430,0.15,
mt_set5/frenetic/test-181,2026-08-31T06:54:51.064815+00:00,2026-08-31T06:54:52.639633+00:00,1.5748,ok,0,stop,353,72,425,0.15,
mt/set_7/frenetic_v/odr/test-581,2026-08-31T06:54:52.639705+00:00,2026-08-31T06:54:54.891213+00:00,2.2515,ok,0,stop,354,72,426,0.15,
mt_set5/frenetic_v/test-820,2026-08-31T06:54:54.891267+00:00,2026-08-31T06:54:56.530706+00:00,1.6394,ok,0,stop,355,72,427,0.15,
mt/set_12/frenetic/test-922,2026-08-31T06:54:56.530757+00:00,2026-08-31T06:54:58.244046+00:00,1.7132,ok,0,stop,354,78,432,0.15,
mt/set_8/frenetic/odr/test-96,2026-08-31T06:54:58.244093+00:00,2026-08-31T06:54:59.819724+00:00,1.5756,ok,0,stop,354,72,426,0.15,
mt/set_8/frenetic_v/odr/test-46,2026-08-31T06:54:59.819783+00:00,2026-08-31T06:55:01.503233+00:00,1.6834,ok,0,stop,355,77,432,0.15,
mt_set6/frenetic/test-698,2026-08-31T06:55:01.503287+00:00,2026-08-31T06:55:03.113919+00:00,1.6106,ok,0,stop,353,72,425,0.15,
mt_set6/frenetic/test-485,2026-08-31T06:55:03.113973+00:00,2026-08-31T06:55:04.701139+00:00,1.5871,ok,0,stop,354,72,426,0.15,
mt/set_9/frenetic_v/test-690,2026-08-31T06:55:04.701191+00:00,2026-08-31T06:55:06.296647+00:00,1.5954,ok,0,stop,354,72,426,0.15,
mt/set_16/ambiegen/test-743,2026-08-31T06:55:06.296701+00:00,2026-08-31T06:55:07.877948+00:00,1.5812,ok,0,stop,354,72,426,0.15,
mt/set_14/frenetic_v/test-622,2026-08-31T06:55:07.878000+00:00,2026-08-31T06:55:09.460416+00:00,1.5824,ok,0,stop,355,72,427,0.15,
mt/set_11/ambiegen/test-519,2026-08-31T06:55:09.460479+00:00,2026-08-31T06:55:11.149652+00:00,1.6891,ok,0,stop,354,77,431,0.15,
mt/set_9/frenetic_v/test-631,2026-08-31T06:55:11.149704+00:00,2026-08-31T06:55:12.848037+00:00,1.6983,ok,0,stop,355,77,432,0.15,
mt/set_10/frenetic_v/test-704,2026-08-31T06:55:12.848109+00:00,2026-08-31T06:55:15.217876+00:00,2.3697,ok,0,stop,355,72,427,0.15,
mt_set5/ambiegen/test-711,2026-08-31T06:55:15.217932+00:00,2026-08-31T06:55:17.031271+00:00,1.8133,ok,0,stop,355,78,433,0.15,
mt/set_11/frenetic/test-570,2026-08-31T06:55:17.031326+00:00,2026-08-31T06:55:18.617930+00:00,1.5866,ok,0,stop,354,72,426,0.15,
mt/set_11/frenetic/test-541,2026-08-31T06:55:18.617981+00:00,2026-08-31T06:55:20.203023+00:00,1.585,ok,0,stop,353,72,425,0.15,
mt/set_14/frenetic_v/test-683,2026-08-31T06:55:20.203076+00:00,2026-08-31T06:55:21.784745+00:00,1.5816,ok,0,stop,354,72,426,0.15,
mt/set_18/frenetic/test-428,2026-08-31T06:55:21.784796+00:00,2026-08-31T06:55:23.361330+00:00,1.5765,ok,0,stop,353,72,425,0.15,
mt/set_10/frenetic/test-564,2026-08-31T06:55:23.361385+00:00,2026-08-31T06:55:24.986591+00:00,1.6251,ok,0,stop,353,72,425,0.15,
mt/set_18/ambiegen/test-535,2026-08-31T06:55:24.986707+00:00,2026-08-31T06:55:26.618968+00:00,1.6322,ok,0,stop,354,72,426,0.15,
mt/set_11/frenetic_v/test-668,2026-08-31T06:55:26.619023+00:00,2026-08-31T06:55:28.327565+00:00,1.7085,ok,0,stop,355,78,433,0.15,
mt/set_17/ambiegen/test-626,2026-08-31T06:55:28.327624+00:00,2026-08-31T06:55:30.065855+00:00,1.7382,ok,0,stop,355,79,434,0.25,
mt/set_9/frenetic/test-591,2026-08-31T06:55:30.065906+00:00,2026-08-31T06:55:31.773116+00:00,1.7072,ok,0,stop,354,78,432,0.15,
mt/set_9/frenetic_v/test-648,2026-08-31T06:55:31.773179+00:00,2026-08-31T06:55:33.466459+00:00,1.6932,ok,0,stop,355,72,427,0.15,
mt/set_2/ambiegen/odr/test-805,2026-08-31T06:55:33.466512+00:00,2026-08-31T06:55:35.219574+00:00,1.753,ok,0,stop,354,78,432,0.15,
mt/set_14/frenetic_v/test-488,2026-08-31T06:55:35.219625+00:00,2026-08-31T06:55:36.800064+00:00,1.5804,ok,0,stop,355,72,427,0.15,
mt/set_18/frenetic/test-654,2026-08-31T06:55:36.800119+00:00,2026-08-31T06:55:38.495458+00:00,1.6953,ok,0,stop,354,77,431,0.15,
mt/set_13/ambiegen/test-599,2026-08-31T06:55:38.495551+00:00,2026-08-31T06:55:40.081702+00:00,1.5861,ok,0,stop,355,72,427,0.15,
mt/set_8/frenetic/odr/test-789,2026-08-31T06:55:40.081749+00:00,2026-08-31T06:55:41.587603+00:00,1.5058,ok,0,stop,354,68,422,0.15,
mt/set_10/ambiegen/test-934,2026-08-31T06:55:41.587689+00:00,2026-08-31T06:55:43.284169+00:00,1.6964,ok,0,stop,353,77,430,0.15,
mt/set_2/ambiegen/odr/test-130,2026-08-31T06:55:43.284246+00:00,2026-08-31T06:55:44.997225+00:00,1.7129,ok,0,stop,354,78,432,0.15,
mt_set6/frenetic/test-330,2026-08-31T06:55:44.997302+00:00,2026-08-31T06:55:46.693509+00:00,1.6962,ok,0,stop,353,77,430,0.15,
mt/set_7/ambiegen/odr/test-450,2026-08-31T06:55:46.693590+00:00,2026-08-31T06:55:48.395085+00:00,1.7015,ok,0,stop,355,78,433,0.15,
mt/set_16/ambiegen/test-132,2026-08-31T06:55:48.395147+00:00,2026-08-31T06:55:49.907382+00:00,1.5122,ok,0,stop,354,69,423,0.45,
mt_set5/frenetic_v/test-834,2026-08-31T06:55:49.907440+00:00,2026-08-31T06:55:51.501589+00:00,1.5941,ok,0,stop,355,72,427,0.15,
mt/set_8/ambiegen/odr/test-932,2026-08-31T06:55:51.501648+00:00,2026-08-31T06:55:53.884396+00:00,2.3827,ok,0,stop,354,77,431,0.15,
mt/set_13/frenetic_v/test-428,2026-08-31T06:55:53.884445+00:00,2026-08-31T06:55:55.538779+00:00,1.6543,ok,0,stop,355,72,427,0.15,
mt_set6/frenetic/test-212,2026-08-31T06:55:55.538836+00:00,2026-08-31T06:55:57.247120+00:00,1.7083,ok,0,stop,354,78,432,0.15,
mt_set5/frenetic_v/test-132,2026-08-31T06:55:57.247173+00:00,2026-08-31T06:55:58.822664+00:00,1.5755,ok,0,stop,354,72,426,0.15,
mt/set_16/ambiegen/test-606,2026-08-31T06:55:58.822730+00:00,2026-08-31T06:56:00.399399+00:00,1.5766,ok,0,stop,354,72,426,0.15,
mt/set_13/frenetic/test-131,2026-08-31T06:56:00.399456+00:00,2026-08-31T06:56:01.990233+00:00,1.5907,ok,0,stop,353,72,425,0.15,
mt/set_13/frenetic/test-691,2026-08-31T06:56:01.990289+00:00,2026-08-31T06:56:03.565104+00:00,1.5748,ok,0,stop,354,72,426,0.15,
mt_set6/frenetic/test-590,2026-08-31T06:56:03.565170+00:00,2026-08-31T06:56:05.143530+00:00,1.5783,ok,0,stop,354,72,426,0.15,
mt/set_14/frenetic_v/test-813,2026-08-31T06:56:05.143608+00:00,2026-08-31T06:56:06.847938+00:00,1.7043,ok,0,stop,355,78,433,0.15,
mt/set_12/ambiegen/test-65,2026-08-31T06:56:06.848001+00:00,2026-08-31T06:56:08.535440+00:00,1.6874,ok,0,stop,354,77,431,0.15,
mt/set_10/ambiegen/test-515,2026-08-31T06:56:08.535500+00:00,2026-08-31T06:56:10.121027+00:00,1.5855,ok,0,stop,354,72,426,0.15,
mt/set_9/ambiegen/test-714,2026-08-31T06:56:10.121076+00:00,2026-08-31T06:56:11.694778+00:00,1.5737,ok,0,stop,354,72,426,0.15,
mt/set_7/frenetic/odr/test-755,2026-08-31T06:56:11.694828+00:00,2026-08-31T06:56:14.077217+00:00,2.3823,ok,0,stop,353,72,425,0.15,
mt/set_17/frenetic_v/test-720,2026-08-31T06:56:14.077277+00:00,2026-08-31T06:56:15.769545+00:00,1.6922,ok,0,stop,355,72,427,0.15,
mt/set_9/frenetic/test-60,2026-08-31T06:56:15.769606+00:00,2026-08-31T06:56:17.346930+00:00,1.5773,ok,0,stop,353,72,425,0.15,
mt/set_13/frenetic/test-487,2026-08-31T06:56:17.346981+00:00,2026-08-31T06:56:19.355252+00:00,2.0082,ok,0,stop,354,92,446,0.15,
mt/set_9/ambiegen/test-512,2026-08-31T06:56:19.355329+00:00,2026-08-31T06:56:21.040014+00:00,1.6846,ok,0,stop,354,77,431,0.15,
mt/set_9/frenetic_v/test-878,2026-08-31T06:56:21.040066+00:00,2026-08-31T06:56:22.634744+00:00,1.5946,ok,0,stop,354,72,426,0.15,
mt/set_6/frenetic_v/test-930,2026-08-31T06:56:22.634839+00:00,2026-08-31T06:56:24.289925+00:00,1.6551,ok,0,stop,354,72,426,0.15,
mt/set_10/frenetic/test-387,2026-08-31T06:56:24.289977+00:00,2026-08-31T06:56:25.991493+00:00,1.7015,ok,0,stop,354,77,431,0.15,
mt/set_2/ambiegen/odr/test-922,2026-08-31T06:56:25.991547+00:00,2026-08-31T06:56:27.688377+00:00,1.6968,ok,0,stop,354,77,431,0.15,
mt/set_11/ambiegen/test-222,2026-08-31T06:56:27.688429+00:00,2026-08-31T06:56:29.390530+00:00,1.7021,ok,0,stop,354,77,431,0.15,
mt_set6/frenetic/test-521,2026-08-31T06:56:29.390591+00:00,2026-08-31T06:56:31.056944+00:00,1.6663,ok,0,stop,353,72,425,0.15,
mt/set_8/ambiegen/odr/test-199,2026-08-31T06:56:31.057007+00:00,2026-08-31T06:56:32.684879+00:00,1.6278,ok,0,stop,354,72,426,0.15,
mt_set5/frenetic_v/test-98,2026-08-31T06:56:32.684930+00:00,2026-08-31T06:56:34.258513+00:00,1.5735,ok,0,stop,354,72,426,0.15,
mt/set_9/ambiegen/test-402,2026-08-31T06:56:34.258581+00:00,2026-08-31T06:56:35.948964+00:00,1.6903,ok,0,stop,354,77,431,0.15,
mt/set_17/ambiegen/test-215,2026-08-31T06:56:35.949026+00:00,2026-08-31T06:56:37.672300+00:00,1.7232,ok,0,stop,355,78,433,0.15,
mt/set_12/frenetic/test-919,2026-08-31T06:56:37.672350+00:00,2026-08-31T06:56:39.350162+00:00,1.6778,ok,0,stop,353,77,430,0.15,
mt/set_14/frenetic/test-490,2026-08-31T06:56:39.350216+00:00,2026-08-31T06:56:40.923201+00:00,1.5729,ok,0,stop,353,72,425,0.15,
mt/set_17/frenetic/test-749,2026-08-31T06:56:40.923261+00:00,2026-08-31T06:56:42.617869+00:00,1.6946,ok,0,stop,353,77,430,0.15,
mt_set5/frenetic_v/test-586,2026-08-31T06:56:42.617934+00:00,2026-08-31T06:56:44.198439+00:00,1.5805,ok,0,stop,355,72,427,0.15,
mt_set5/frenetic_v/test-274,2026-08-31T06:56:44.198488+00:00,2026-08-31T06:56:45.918719+00:00,1.7202,ok,0,stop,355,78,433,0.15,
mt/set_12/frenetic/test-355,2026-08-31T06:56:45.918771+00:00,2026-08-31T06:56:47.491745+00:00,1.5729,ok,0,stop,353,72,425,0.15,
mt/set_9/frenetic_v/test-79,2026-08-31T06:56:47.491798+00:00,2026-08-31T06:56:49.162804+00:00,1.6708,ok,0,stop,354,72,426,0.15,
mt/set_13/frenetic/test-19,2026-08-31T06:56:49.163191+00:00,2026-08-31T06:56:51.392852+00:00,2.2296,ok,0,stop,354,72,426,0.15,
mt/set_12/frenetic/test-861,2026-08-31T06:56:51.392937+00:00,2026-08-31T06:56:53.059397+00:00,1.6664,ok,0,stop,354,72,426,0.15,
mt/set_7/ambiegen/odr/test-434,2026-08-31T06:56:53.059451+00:00,2026-08-31T06:56:54.752672+00:00,1.6932,ok,0,stop,354,77,431,0.15,
mt/set_13/frenetic_v/test-666,2026-08-31T06:56:54.752727+00:00,2026-08-31T06:56:56.329357+00:00,1.5766,ok,0,stop,355,72,427,0.15,
mt/set_6/frenetic_v/test-857,2026-08-31T06:56:56.329409+00:00,2026-08-31T06:56:57.907103+00:00,1.5777,ok,0,stop,355,72,427,0.15,
mt/set_16/frenetic_v/test-800,2026-08-31T06:56:57.907156+00:00,2026-08-31T06:56:59.520356+00:00,1.6132,ok,0,stop,355,72,427,0.15,
mt/set_2/ambiegen/odr/test-582,2026-08-31T06:56:59.520410+00:00,2026-08-31T06:57:01.099531+00:00,1.5791,ok,0,stop,355,72,427,0.15,
mt/set_8/frenetic_v/odr/test-869,2026-08-31T06:57:01.099582+00:00,2026-08-31T06:57:02.684336+00:00,1.5847,ok,0,stop,354,72,426,0.15,
mt/set_13/frenetic/test-251,2026-08-31T06:57:02.684421+00:00,2026-08-31T06:57:04.273799+00:00,1.5893,ok,0,stop,353,72,425,0.15,
mt/set_17/frenetic_v/test-571,2026-08-31T06:57:04.273879+00:00,2026-08-31T06:57:05.856614+00:00,1.5827,ok,0,stop,354,72,426,0.15,
mt/set_16/frenetic_v/test-810,2026-08-31T06:57:05.856668+00:00,2026-08-31T06:57:07.871305+00:00,2.0146,ok,0,stop,355,92,447,0.15,
mt/set_12/ambiegen/test-98,2026-08-31T06:57:07.871358+00:00,2026-08-31T06:57:10.001083+00:00,2.1296,ok,0,stop,355,72,427,0.15,
mt/set_17/frenetic_v/test-633,2026-08-31T06:57:10.001242+00:00,2026-08-31T06:57:11.729665+00:00,1.7284,ok,0,stop,355,72,427,0.15,
mt/set_16/frenetic_v/test-896,2026-08-31T06:57:11.729751+00:00,2026-08-31T06:57:13.577688+00:00,1.8479,ok,0,stop,355,80,435,0.15,
mt_set5/ambiegen/test-45,2026-08-31T06:57:13.577755+00:00,2026-08-31T06:57:15.269822+00:00,1.6919,ok,0,stop,354,77,431,0.15,
mt/set_11/frenetic_v/test-523,2026-08-31T06:57:15.269873+00:00,2026-08-31T06:57:16.955854+00:00,1.6859,ok,0,stop,355,77,432,0.15,
mt/set_6/frenetic_v/test-154,2026-08-31T06:57:16.955906+00:00,2026-08-31T06:57:18.647077+00:00,1.6911,ok,0,stop,354,77,431,0.15,
mt_set5/frenetic_v/test-558,2026-08-31T06:57:18.647132+00:00,2026-08-31T06:57:20.732177+00:00,2.085,ok,0,stop,355,92,447,0.15,
mt/set_17/frenetic/test-245,2026-08-31T06:57:20.732234+00:00,2026-08-31T06:57:22.313716+00:00,1.5814,ok,0,stop,354,72,426,0.15,
mt_set5/ambiegen/test-800,2026-08-31T06:57:22.313766+00:00,2026-08-31T06:57:23.895599+00:00,1.5818,ok,0,stop,354,72,426,0.15,
mt/set_6/frenetic_v/test-416,2026-08-31T06:57:23.895652+00:00,2026-08-31T06:57:25.598648+00:00,1.703,ok,0,stop,355,78,433,0.15,
mt/set_8/frenetic_v/odr/test-554,2026-08-31T06:57:25.598708+00:00,2026-08-31T06:57:27.279115+00:00,1.6804,ok,0,stop,355,77,432,0.15,
mt/set_12/frenetic/test-564,2026-08-31T06:57:27.279165+00:00,2026-08-31T06:57:28.979796+00:00,1.7006,ok,0,stop,353,72,425,0.15,
mt/set_8/frenetic/odr/test-171,2026-08-31T06:57:28.979876+00:00,2026-08-31T06:57:30.590811+00:00,1.6109,ok,0,stop,354,72,426,0.15,
mt_set5/frenetic_v/test-189,2026-08-31T06:57:30.590862+00:00,2026-08-31T06:57:32.172520+00:00,1.5816,ok,0,stop,354,72,426,0.15,
mt/set_12/frenetic/test-60,2026-08-31T06:57:32.172569+00:00,2026-08-31T06:57:33.851255+00:00,1.6787,ok,0,stop,353,77,430,0.15,
mt/set_7/frenetic_v/odr/test-238,2026-08-31T06:57:33.851318+00:00,2026-08-31T06:57:35.463105+00:00,1.6118,ok,0,stop,355,72,427,0.15,
mt/set_17/ambiegen/test-525,2026-08-31T06:57:35.463161+00:00,2026-08-31T06:57:37.049672+00:00,1.5865,ok,0,stop,354,72,426,0.15,
mt/set_8/frenetic/odr/test-613,2026-08-31T06:57:37.049727+00:00,2026-08-31T06:57:38.632058+00:00,1.5823,ok,0,stop,353,72,425,0.15,
mt/set_17/ambiegen/test-401,2026-08-31T06:57:38.632111+00:00,2026-08-31T06:57:40.323235+00:00,1.6911,ok,0,stop,354,77,431,0.15,
mt/set_6/frenetic_v/test-436,2026-08-31T06:57:40.323295+00:00,2026-08-31T06:57:42.018300+00:00,1.695,ok,0,stop,355,77,432,0.15,
mt/set_8/frenetic/odr/test-694,2026-08-31T06:57:42.018354+00:00,2026-08-31T06:57:43.593187+00:00,1.5748,ok,0,stop,354,72,426,0.15,
mt/set_16/frenetic_v/test-453,2026-08-31T06:57:43.593240+00:00,2026-08-31T06:57:45.171720+00:00,1.5784,ok,0,stop,354,72,426,0.15,
mt/set_13/frenetic_v/test-777,2026-08-31T06:57:45.171776+00:00,2026-08-31T06:57:46.924923+00:00,1.753,ok,0,stop,355,78,433,0.15,
mt/set_8/frenetic_v/odr/test-328,2026-08-31T06:57:46.925256+00:00,2026-08-31T06:57:49.289164+00:00,2.3639,ok,0,stop,355,72,427,0.15,
mt/set_14/frenetic/test-275,2026-08-31T06:57:49.289217+00:00,2026-08-31T06:57:51.045853+00:00,1.7566,ok,0,stop,354,77,431,0.15,
mt/set_18/ambiegen/test-185,2026-08-31T06:57:51.045904+00:00,2026-08-31T06:57:52.625461+00:00,1.5795,ok,0,stop,354,72,426,0.15,
mt/set_2/ambiegen/odr/test-910,2026-08-31T06:57:52.625510+00:00,2026-08-31T06:57:54.330649+00:00,1.7051,ok,0,stop,355,77,432,0.15,
mt/set_17/ambiegen/test-171,2026-08-31T06:57:54.330705+00:00,2026-08-31T06:57:56.047464+00:00,1.7167,ok,0,stop,354,77,431,0.15,
mt/set_18/ambiegen/test-66,2026-08-31T06:57:56.047514+00:00,2026-08-31T06:57:57.638376+00:00,1.5908,ok,0,stop,354,72,426,0.15,
mt/set_8/ambiegen/odr/test-844,2026-08-31T06:57:57.638433+00:00,2026-08-31T06:57:59.215404+00:00,1.5769,ok,0,stop,353,72,425,0.15,
mt_set5/frenetic/test-564,2026-08-31T06:57:59.215459+00:00,2026-08-31T06:58:00.898888+00:00,1.6834,ok,0,stop,353,77,430,0.15,
mt/set_17/frenetic_v/test-17,2026-08-31T06:58:00.898944+00:00,2026-08-31T06:58:02.481031+00:00,1.582,ok,0,stop,355,72,427,0.15,
mt/set_2/ambiegen/odr/test-614,2026-08-31T06:58:02.481130+00:00,2026-08-31T06:58:04.253065+00:00,1.7719,ok,0,stop,355,80,435,0.15,
mt/set_8/frenetic_v/odr/test-144,2026-08-31T06:58:04.253127+00:00,2026-08-31T06:58:05.844345+00:00,1.5912,ok,0,stop,354,72,426,0.15,
mt/set_17/ambiegen/test-798,2026-08-31T06:58:05.844401+00:00,2026-08-31T06:58:08.458600+00:00,2.6142,ok,0,stop,354,84,438,0.25,
mt/set_17/frenetic/test-753,2026-08-31T06:58:08.458649+00:00,2026-08-31T06:58:10.245734+00:00,1.787,ok,0,stop,354,77,431,0.15,
mt/set_17/ambiegen/test-27,2026-08-31T06:58:10.245831+00:00,2026-08-31T06:58:11.828590+00:00,1.5827,ok,0,stop,355,72,427,0.15,
mt/set_14/frenetic/test-217,2026-08-31T06:58:11.828641+00:00,2026-08-31T06:58:13.558674+00:00,1.73,ok,0,stop,354,78,432,0.15,
mt/set_16/frenetic/test-314,2026-08-31T06:58:13.558744+00:00,2026-08-31T06:58:15.250294+00:00,1.6915,ok,0,stop,354,77,431,0.15,
mt/set_16/frenetic/test-189,2026-08-31T06:58:15.250344+00:00,2026-08-31T06:58:16.828323+00:00,1.5779,ok,0,stop,354,72,426,0.15,
mt_set5/frenetic/test-677,2026-08-31T06:58:16.828377+00:00,2026-08-31T06:58:18.491321+00:00,1.6629,ok,0,stop,354,72,426,0.15,
mt/set_9/frenetic_v/test-746,2026-08-31T06:58:18.491374+00:00,2026-08-31T06:58:20.066769+00:00,1.5754,ok,0,stop,354,72,426,0.15,
mt/set_7/ambiegen/odr/test-386,2026-08-31T06:58:20.066826+00:00,2026-08-31T06:58:21.754761+00:00,1.6879,ok,0,stop,354,77,431,0.15,
mt/set_12/frenetic_v/test-163,2026-08-31T06:58:21.754809+00:00,2026-08-31T06:58:23.335545+00:00,1.5807,ok,0,stop,355,72,427,0.15,
mt/set_16/frenetic_v/test-515,2026-08-31T06:58:23.335595+00:00,2026-08-31T06:58:25.081019+00:00,1.7454,ok,0,stop,355,80,435,0.15,
mt/set_7/frenetic/odr/test-946,2026-08-31T06:58:25.081072+00:00,2026-08-31T06:58:26.792504+00:00,1.7114,ok,0,stop,353,72,425,0.15,
mt/set_14/ambiegen/test-492,2026-08-31T06:58:26.792552+00:00,2026-08-31T06:58:28.493796+00:00,1.7012,ok,0,stop,354,77,431,0.15,
mt/set_13/frenetic/test-111,2026-08-31T06:58:28.493891+00:00,2026-08-31T06:58:30.074227+00:00,1.5803,ok,0,stop,354,72,426,0.25,
mt/set_12/ambiegen/test-541,2026-08-31T06:58:30.074279+00:00,2026-08-31T06:58:31.655696+00:00,1.5814,ok,0,stop,354,72,426,0.15,
mt/set_10/frenetic_v/test-723,2026-08-31T06:58:31.655748+00:00,2026-08-31T06:58:33.381151+00:00,1.7254,ok,0,stop,355,77,432,0.15,
mt/set_17/ambiegen/test-246,2026-08-31T06:58:33.381214+00:00,2026-08-31T06:58:35.024550+00:00,1.6433,ok,0,stop,354,72,426,0.15,
mt/set_7/frenetic/odr/test-866,2026-08-31T06:58:35.024619+00:00,2026-08-31T06:58:36.656156+00:00,1.6315,ok,0,stop,354,72,426,0.15,
mt_set5/ambiegen/test-124,2026-08-31T06:58:36.656197+00:00,2026-08-31T06:58:38.592512+00:00,1.9363,ok,0,stop,354,89,443,0.35,
mt/set_14/frenetic_v/test-75,2026-08-31T06:58:38.592565+00:00,2026-08-31T06:58:40.296502+00:00,1.7039,ok,0,stop,355,78,433,0.15,
mt/set_10/frenetic/test-901,2026-08-31T06:58:40.296556+00:00,2026-08-31T06:58:41.870317+00:00,1.5737,ok,0,stop,354,72,426,0.15,
mt/set_16/frenetic/test-947,2026-08-31T06:58:41.870368+00:00,2026-08-31T06:58:43.648899+00:00,1.7783,ok,0,stop,354,77,431,0.15,
mt/set_12/ambiegen/test-397,2026-08-31T06:58:43.649092+00:00,2026-08-31T06:58:45.937037+00:00,2.2879,ok,0,stop,354,72,426,0.15,
mt/set_17/frenetic/test-233,2026-08-31T06:58:45.937094+00:00,2026-08-31T06:58:47.733382+00:00,1.7963,ok,0,stop,354,78,432,0.15,
mt/set_9/ambiegen/test-311,2026-08-31T06:58:47.733443+00:00,2026-08-31T06:58:49.306107+00:00,1.5726,ok,0,stop,355,72,427,0.15,
mt_set5/frenetic/test-789,2026-08-31T06:58:49.306160+00:00,2026-08-31T06:58:50.987267+00:00,1.6811,ok,0,stop,354,77,431,0.15,
mt_set5/frenetic_v/test-121,2026-08-31T06:58:50.987318+00:00,2026-08-31T06:58:52.673893+00:00,1.6865,ok,0,stop,354,77,431,0.15,
mt/set_16/frenetic/test-71,2026-08-31T06:58:52.673944+00:00,2026-08-31T06:58:54.355210+00:00,1.6812,ok,0,stop,353,77,430,0.15,
mt/set_17/frenetic/test-644,2026-08-31T06:58:54.355257+00:00,2026-08-31T06:58:55.930324+00:00,1.575,ok,0,stop,353,72,425,0.15,
mt/set_18/ambiegen/test-627,2026-08-31T06:58:55.930377+00:00,2026-08-31T06:58:57.619773+00:00,1.6894,ok,0,stop,354,77,431,0.15,
mt/set_17/frenetic/test-646,2026-08-31T06:58:57.619818+00:00,2026-08-31T06:58:59.197083+00:00,1.5772,ok,0,stop,354,72,426,0.15,
mt_set6/frenetic/test-553,2026-08-31T06:58:59.197130+00:00,2026-08-31T06:59:00.777037+00:00,1.5799,ok,0,stop,353,72,425,0.15,
mt/set_11/frenetic_v/test-703,2026-08-31T06:59:00.777089+00:00,2026-08-31T06:59:02.461691+00:00,1.6846,ok,0,stop,355,77,432,0.15,
mt/set_16/frenetic_v/test-210,2026-08-31T06:59:02.461744+00:00,2026-08-31T06:59:04.247339+00:00,1.7854,ok,0,stop,354,72,426,0.15,
mt/set_6/frenetic_v/test-98,2026-08-31T06:59:04.247640+00:00,2026-08-31T06:59:06.329320+00:00,2.0815,ok,0,stop,354,77,431,0.15,
mt/set_16/ambiegen/test-188,2026-08-31T06:59:06.329572+00:00,2026-08-31T06:59:07.995499+00:00,1.6659,ok,0,stop,355,72,427,0.15,
mt/set_17/frenetic/test-25,2026-08-31T06:59:07.995549+00:00,2026-08-31T06:59:09.675890+00:00,1.6803,ok,0,stop,354,77,431,0.15,
mt/set_7/frenetic/odr/test-253,2026-08-31T06:59:09.675946+00:00,2026-08-31T06:59:11.355557+00:00,1.6796,ok,0,stop,353,77,430,0.15,
mt/set_14/ambiegen/test-38,2026-08-31T06:59:11.355612+00:00,2026-08-31T06:59:13.456783+00:00,2.1011,ok,0,stop,354,96,450,0.35,
mt/set_17/ambiegen/test-582,2026-08-31T06:59:13.456838+00:00,2026-08-31T06:59:15.055041+00:00,1.5981,ok,0,stop,354,72,426,0.15,
mt/set_14/ambiegen/test-654,2026-08-31T06:59:15.055144+00:00,2026-08-31T06:59:16.717999+00:00,1.6628,ok,0,stop,355,72,427,0.15,
mt/set_10/frenetic_v/test-622,2026-08-31T06:59:16.718052+00:00,2026-08-31T06:59:18.296896+00:00,1.5788,ok,0,stop,354,72,426,0.15,
mt/set_8/ambiegen/odr/test-336,2026-08-31T06:59:18.296947+00:00,2026-08-31T06:59:20.040899+00:00,1.7439,ok,0,stop,354,80,434,0.15,
mt/set_10/frenetic/test-426,2026-08-31T06:59:20.040953+00:00,2026-08-31T06:59:21.613509+00:00,1.5725,ok,0,stop,353,72,425,0.15,
mt/set_18/ambiegen/test-271,2026-08-31T06:59:21.613560+00:00,2026-08-31T06:59:23.291891+00:00,1.6783,ok,0,stop,355,72,427,0.15,
mt/set_12/frenetic_v/test-179,2026-08-31T06:59:23.291948+00:00,2026-08-31T06:59:24.990526+00:00,1.6985,ok,0,stop,355,77,432,0.15,
mt/set_7/frenetic_v/odr/test-240,2026-08-31T06:59:24.990579+00:00,2026-08-31T06:59:26.566110+00:00,1.5755,ok,0,stop,354,72,426,0.15,
mt/set_17/frenetic_v/test-714,2026-08-31T06:59:26.566168+00:00,2026-08-31T06:59:28.139544+00:00,1.5733,ok,0,stop,354,72,426,0.15,
mt/set_14/frenetic_v/test-654,2026-08-31T06:59:28.139596+00:00,2026-08-31T06:59:29.733340+00:00,1.5937,ok,0,stop,354,72,426,0.15,
mt/set_11/frenetic_v/test-439,2026-08-31T06:59:29.733392+00:00,2026-08-31T06:59:31.309769+00:00,1.5763,ok,0,stop,355,72,427,0.15,
mt/set_12/frenetic/test-769,2026-08-31T06:59:31.309820+00:00,2026-08-31T06:59:32.882846+00:00,1.573,ok,0,stop,354,72,426,0.15,
mt/set_8/ambiegen/odr/test-345,2026-08-31T06:59:32.882896+00:00,2026-08-31T06:59:34.459129+00:00,1.5762,ok,0,stop,354,72,426,0.15,
mt/set_14/frenetic_v/test-61,2026-08-31T06:59:34.459186+00:00,2026-08-31T06:59:36.164043+00:00,1.7048,ok,0,stop,355,78,433,0.15,
mt/set_2/ambiegen/odr/test-961,2026-08-31T06:59:36.164090+00:00,2026-08-31T06:59:37.738725+00:00,1.5746,ok,0,stop,355,72,427,0.15,
mt/set_7/ambiegen/odr/test-164,2026-08-31T06:59:37.738783+00:00,2026-08-31T06:59:39.424311+00:00,1.6855,ok,0,stop,354,77,431,0.15,
mt/set_7/ambiegen/odr/test-169,2026-08-31T06:59:39.424359+00:00,2026-08-31T06:59:41.798163+00:00,2.3738,ok,0,stop,355,72,427,0.15,
mt/set_8/frenetic_v/odr/test-727,2026-08-31T06:59:41.798219+00:00,2026-08-31T06:59:43.464810+00:00,1.6666,ok,0,stop,355,72,427,0.15,
mt/set_7/frenetic/odr/test-682,2026-08-31T06:59:43.464869+00:00,2026-08-31T06:59:45.163527+00:00,1.6986,ok,0,stop,353,77,430,0.15,
mt/set_7/ambiegen/odr/test-417,2026-08-31T06:59:45.163581+00:00,2026-08-31T06:59:46.854313+00:00,1.6907,ok,0,stop,354,77,431,0.15,
mt_set5/ambiegen/test-700,2026-08-31T06:59:46.854371+00:00,2026-08-31T06:59:48.573266+00:00,1.7189,ok,0,stop,354,77,431,0.15,
mt/set_18/frenetic/test-647,2026-08-31T06:59:48.573320+00:00,2026-08-31T06:59:50.213299+00:00,1.6399,ok,0,stop,354,72,426,0.15,
mt/set_13/frenetic/test-464,2026-08-31T06:59:50.213357+00:00,2026-08-31T06:59:51.823479+00:00,1.6101,ok,0,stop,354,72,426,0.15,
mt/set_12/frenetic/test-573,2026-08-31T06:59:51.823536+00:00,2026-08-31T06:59:53.410363+00:00,1.5868,ok,0,stop,353,72,425,0.15,
mt/set_9/ambiegen/test-725,2026-08-31T06:59:53.410450+00:00,2026-08-31T06:59:54.999505+00:00,1.589,ok,0,stop,354,72,426,0.15,
mt/set_16/frenetic/test-566,2026-08-31T06:59:54.999562+00:00,2026-08-31T06:59:56.690484+00:00,1.6909,ok,0,stop,354,77,431,0.15,
mt_set5/ambiegen/test-827,2026-08-31T06:59:56.690538+00:00,2026-08-31T06:59:58.278815+00:00,1.5882,ok,0,stop,354,72,426,0.15,
mt/set_10/frenetic_v/test-545,2026-08-31T06:59:58.278872+00:00,2026-08-31T06:59:59.979386+00:00,1.7003,ok,0,stop,355,72,427,0.15,
mt/set_7/ambiegen/odr/test-820,2026-08-31T06:59:59.979737+00:00,2026-08-31T07:00:02.261791+00:00,2.2819,ok,0,stop,353,77,430,0.15,
mt/set_11/frenetic/test-420,2026-08-31T07:00:02.262009+00:00,2026-08-31T07:00:04.052462+00:00,1.7904,ok,0,stop,354,78,432,0.15,
mt/set_17/frenetic/test-501,2026-08-31T07:00:04.052513+00:00,2026-08-31T07:00:05.626279+00:00,1.5737,ok,0,stop,353,72,425,0.15,
mt/set_7/ambiegen/odr/test-769,2026-08-31T07:00:05.626330+00:00,2026-08-31T07:00:07.205074+00:00,1.5787,ok,0,stop,354,72,426,0.15,
mt/set_6/frenetic_v/test-129,2026-08-31T07:00:07.205124+00:00,2026-08-31T07:00:08.681644+00:00,1.4765,ok,0,stop,355,67,422,0.1,
mt/set_16/frenetic/test-388,2026-08-31T07:00:08.681695+00:00,2026-08-31T07:00:10.422799+00:00,1.741,ok,0,stop,354,78,432,0.15,
mt_set6/frenetic/test-462,2026-08-31T07:00:10.422883+00:00,2026-08-31T07:00:12.191453+00:00,1.7685,ok,0,stop,353,77,430,0.15,
mt/set_18/frenetic/test-934,2026-08-31T07:00:12.191514+00:00,2026-08-31T07:00:13.875783+00:00,1.6842,ok,0,stop,354,77,431,0.15,
mt/set_11/ambiegen/test-910,2026-08-31T07:00:13.875838+00:00,2026-08-31T07:00:15.877765+00:00,2.0019,ok,0,stop,355,92,447,0.15,
mt/set_17/frenetic/test-151,2026-08-31T07:00:15.877817+00:00,2026-08-31T07:00:17.556899+00:00,1.679,ok,0,stop,354,77,431,0.15,
mt/set_11/frenetic_v/test-268,2026-08-31T07:00:17.556949+00:00,2026-08-31T07:00:19.252201+00:00,1.6952,ok,0,stop,355,72,427,0.15,
mt/set_17/frenetic_v/test-205,2026-08-31T07:00:19.252252+00:00,2026-08-31T07:00:20.854714+00:00,1.6024,ok,0,stop,354,72,426,0.15,
mt/set_12/frenetic_v/test-550,2026-08-31T07:00:20.854791+00:00,2026-08-31T07:00:22.862978+00:00,2.0082,ok,0,stop,355,92,447,0.15,
mt/set_11/ambiegen/test-447,2026-08-31T07:00:22.863030+00:00,2026-08-31T07:00:24.460669+00:00,1.5976,ok,0,stop,354,72,426,0.15,
mt/set_8/frenetic_v/odr/test-594,2026-08-31T07:00:24.460722+00:00,2026-08-31T07:00:26.176034+00:00,1.7153,ok,0,stop,355,78,433,0.15,
mt/set_8/frenetic/odr/test-404,2026-08-31T07:00:26.176123+00:00,2026-08-31T07:00:27.760827+00:00,1.5847,ok,0,stop,354,72,426,0.15,
mt/set_8/frenetic_v/odr/test-804,2026-08-31T07:00:27.760881+00:00,2026-08-31T07:00:29.346140+00:00,1.5852,ok,0,stop,355,72,427,0.15,
mt/set_14/frenetic_v/test-95,2026-08-31T07:00:29.346203+00:00,2026-08-31T07:00:30.936369+00:00,1.5901,ok,0,stop,354,72,426,0.15,
mt/set_14/ambiegen/test-377,2026-08-31T07:00:30.936439+00:00,2026-08-31T07:00:32.614673+00:00,1.6782,ok,0,stop,354,77,431,0.15,
mt/set_18/ambiegen/test-274,2026-08-31T07:00:32.614730+00:00,2026-08-31T07:00:34.192683+00:00,1.5779,ok,0,stop,355,72,427,0.15,
mt/set_13/frenetic/test-275,2026-08-31T07:00:34.192733+00:00,2026-08-31T07:00:35.936599+00:00,1.7436,ok,0,stop,353,77,430,0.15,
mt/set_11/frenetic_v/test-688,2026-08-31T07:00:35.936944+00:00,2026-08-31T07:00:38.216881+00:00,2.2799,ok,0,stop,354,72,426,0.15,
mt/set_7/ambiegen/odr/test-821,2026-08-31T07:00:38.216928+00:00,2026-08-31T07:00:39.858883+00:00,1.6419,ok,0,stop,354,72,426,0.15,
mt/set_13/frenetic/test-252,2026-08-31T07:00:39.858931+00:00,2026-08-31T07:00:41.435928+00:00,1.577,ok,0,stop,353,72,425,0.15,
mt/set_12/frenetic/test-856,2026-08-31T07:00:41.435982+00:00,2026-08-31T07:00:43.013089+00:00,1.5771,ok,0,stop,354,72,426,0.25,
mt/set_17/frenetic_v/test-312,2026-08-31T07:00:43.013150+00:00,2026-08-31T07:00:44.589659+00:00,1.5765,ok,0,stop,354,72,426,0.15,
mt/set_10/frenetic_v/test-717,2026-08-31T07:00:44.589716+00:00,2026-08-31T07:00:46.188750+00:00,1.599,ok,0,stop,355,72,427,0.15,
mt_set5/ambiegen/test-915,2026-08-31T07:00:46.188809+00:00,2026-08-31T07:00:47.761721+00:00,1.5729,ok,0,stop,354,72,426,0.15,
mt/set_18/frenetic/test-571,2026-08-31T07:00:47.761775+00:00,2026-08-31T07:00:49.335179+00:00,1.5734,ok,0,stop,353,72,425,0.15,
mt/set_18/ambiegen/test-503,2026-08-31T07:00:49.335231+00:00,2026-08-31T07:00:50.909514+00:00,1.5742,ok,0,stop,353,72,425,0.15,
mt/set_11/frenetic/test-829,2026-08-31T07:00:50.909564+00:00,2026-08-31T07:00:52.488990+00:00,1.5794,ok,0,stop,354,72,426,0.15,
mt/set_9/ambiegen/test-317,2026-08-31T07:00:52.489037+00:00,2026-08-31T07:00:54.084452+00:00,1.5954,ok,0,stop,354,72,426,0.15,
mt/set_13/ambiegen/test-219,2026-08-31T07:00:54.084506+00:00,2026-08-31T07:00:55.911608+00:00,1.8269,ok,0,stop,354,81,435,0.15,
mt/set_8/frenetic_v/odr/test-181,2026-08-31T07:00:55.911839+00:00,2026-08-31T07:00:58.192678+00:00,2.2808,ok,0,stop,355,68,423,0.15,
mt/set_9/ambiegen/test-478,2026-08-31T07:00:58.192735+00:00,2026-08-31T07:00:59.956966+00:00,1.7642,ok,0,stop,355,76,431,0.45,
mt_set5/frenetic_v/test-490,2026-08-31T07:00:59.957038+00:00,2026-08-31T07:01:01.545299+00:00,1.5882,ok,0,stop,354,72,426,0.15,
mt/set_9/frenetic_v/test-375,2026-08-31T07:01:01.545354+00:00,2026-08-31T07:01:03.125112+00:00,1.5797,ok,0,stop,355,72,427,0.15,
mt/set_14/frenetic_v/test-86,2026-08-31T07:01:03.125183+00:00,2026-08-31T07:01:04.699911+00:00,1.5747,ok,0,stop,354,72,426,0.15,
mt/set_18/frenetic/test-527,2026-08-31T07:01:04.699991+00:00,2026-08-31T07:01:06.393893+00:00,1.6938,ok,0,stop,354,77,431,0.15,
mt/set_12/frenetic_v/test-911,2026-08-31T07:01:06.393979+00:00,2026-08-31T07:01:08.040057+00:00,1.646,ok,0,stop,355,72,427,0.15,
mt/set_10/frenetic/test-132,2026-08-31T07:01:08.040108+00:00,2026-08-31T07:01:09.624650+00:00,1.5845,ok,0,stop,354,72,426,0.15,
mt/set_14/ambiegen/test-830,2026-08-31T07:01:09.624702+00:00,2026-08-31T07:01:11.208033+00:00,1.5833,ok,0,stop,354,72,426,0.15,
mt/set_13/frenetic/test-756,2026-08-31T07:01:11.208085+00:00,2026-08-31T07:01:12.893909+00:00,1.6858,ok,0,stop,353,77,430,0.15,
mt/set_11/frenetic_v/test-507,2026-08-31T07:01:12.893961+00:00,2026-08-31T07:01:14.485329+00:00,1.5913,ok,0,stop,355,72,427,0.15,
mt/set_7/frenetic_v/odr/test-471,2026-08-31T07:01:14.485423+00:00,2026-08-31T07:01:16.274514+00:00,1.7891,ok,0,stop,355,77,432,0.15,
mt/set_10/ambiegen/test-707,2026-08-31T07:01:16.274574+00:00,2026-08-31T07:01:17.857504+00:00,1.5829,ok,0,stop,354,72,426,0.15,
mt/set_17/frenetic/test-505,2026-08-31T07:01:17.857585+00:00,2026-08-31T07:01:19.543814+00:00,1.6862,ok,0,stop,354,77,431,0.15,
mt/set_14/ambiegen/test-769,2026-08-31T07:01:19.543868+00:00,2026-08-31T07:01:21.531920+00:00,1.988,ok,0,stop,354,91,445,0.25,
mt/set_7/frenetic_v/odr/test-285,2026-08-31T07:01:21.531975+00:00,2026-08-31T07:01:23.150969+00:00,1.619,ok,0,stop,354,72,426,0.15,
mt/set_9/ambiegen/test-650,2026-08-31T07:01:23.151025+00:00,2026-08-31T07:01:25.166967+00:00,2.0159,ok,0,stop,355,92,447,0.15,
mt/set_16/ambiegen/test-80,2026-08-31T07:01:25.167023+00:00,2026-08-31T07:01:26.932223+00:00,1.7652,ok,0,stop,354,81,435,0.35,
mt/set_9/ambiegen/test-507,2026-08-31T07:01:26.932279+00:00,2026-08-31T07:01:28.630850+00:00,1.6985,ok,0,stop,354,78,432,0.15,
mt/set_11/frenetic/test-368,2026-08-31T07:01:28.630908+00:00,2026-08-31T07:01:30.203996+00:00,1.573,ok,0,stop,353,72,425,0.15,
mt/set_18/ambiegen/test-489,2026-08-31T07:01:30.204048+00:00,2026-08-31T07:01:31.787987+00:00,1.5839,ok,0,stop,354,72,426,0.15,
mt/set_8/frenetic_v/odr/test-588,2026-08-31T07:01:31.788042+00:00,2026-08-31T07:01:33.546193+00:00,1.7579,ok,0,stop,355,77,432,0.15,
mt/set_12/ambiegen/test-266,2026-08-31T07:01:33.546581+00:00,2026-08-31T07:01:35.755151+00:00,2.2085,ok,0,stop,354,78,432,0.25,
mt_set5/frenetic_v/test-545,2026-08-31T07:01:35.755239+00:00,2026-08-31T07:01:37.383733+00:00,1.6285,ok,0,stop,354,72,426,0.15,
mt/set_13/frenetic/test-727,2026-08-31T07:01:37.383804+00:00,2026-08-31T07:01:38.957617+00:00,1.5738,ok,0,stop,354,72,426,0.15,
mt/set_14/frenetic/test-278,2026-08-31T07:01:38.957691+00:00,2026-08-31T07:01:40.546916+00:00,1.5892,ok,0,stop,354,72,426,0.15,
mt/set_16/frenetic/test-682,2026-08-31T07:01:40.546964+00:00,2026-08-31T07:01:42.147507+00:00,1.6005,ok,0,stop,353,72,425,0.15,
mt/set_11/frenetic/test-355,2026-08-31T07:01:42.147561+00:00,2026-08-31T07:01:43.856038+00:00,1.7084,ok,0,stop,354,77,431,0.15,
mt/set_17/frenetic_v/test-706,2026-08-31T07:01:43.856084+00:00,2026-08-31T07:01:45.431869+00:00,1.5758,ok,0,stop,354,72,426,0.15,
mt/set_11/frenetic/test-89,2026-08-31T07:01:45.431920+00:00,2026-08-31T07:01:47.118604+00:00,1.6866,ok,0,stop,354,77,431,0.15,
mt/set_7/frenetic_v/odr/test-101,2026-08-31T07:01:47.118663+00:00,2026-08-31T07:01:48.696763+00:00,1.5781,ok,0,stop,355,72,427,0.15,
mt/set_10/frenetic/test-859,2026-08-31T07:01:48.696817+00:00,2026-08-31T07:01:50.380232+00:00,1.6834,ok,0,stop,354,77,431,0.15,
mt/set_11/ambiegen/test-407,2026-08-31T07:01:50.380308+00:00,2026-08-31T07:01:51.952502+00:00,1.5722,ok,0,stop,354,72,426,0.15,
mt/set_16/ambiegen/test-434,2026-08-31T07:01:51.952556+00:00,2026-08-31T07:01:54.384502+00:00,2.4319,ok,0,stop,354,72,426,0.15,
mt/set_14/frenetic/test-686,2026-08-31T07:01:54.384559+00:00,2026-08-31T07:01:56.487389+00:00,2.1028,ok,0,stop,354,92,446,0.15,
mt_set5/ambiegen/test-12,2026-08-31T07:01:56.487440+00:00,2026-08-31T07:01:58.167763+00:00,1.6803,ok,0,stop,354,77,431,0.15,
mt/set_9/ambiegen/test-554,2026-08-31T07:01:58.167817+00:00,2026-08-31T07:01:59.653928+00:00,1.4861,ok,0,stop,354,68,422,0.45,
mt/set_8/ambiegen/odr/test-170,2026-08-31T07:01:59.653975+00:00,2026-08-31T07:02:01.736350+00:00,2.0823,ok,0,stop,354,96,450,0.35,
mt/set_6/frenetic_v/test-171,2026-08-31T07:02:01.736425+00:00,2026-08-31T07:02:03.305198+00:00,1.5687,ok,0,stop,355,72,427,0.15,
mt/set_7/frenetic/odr/test-602,2026-08-31T07:02:03.305277+00:00,2026-08-31T07:02:05.075037+00:00,1.7697,ok,0,stop,354,77,431,0.15,
mt/set_17/frenetic/test-740,2026-08-31T07:02:05.075088+00:00,2026-08-31T07:02:06.755000+00:00,1.6799,ok,0,stop,354,77,431,0.15,
mt/set_16/ambiegen/test-447,2026-08-31T07:02:06.755074+00:00,2026-08-31T07:02:08.331177+00:00,1.5761,ok,0,stop,354,72,426,0.15,
mt/set_8/ambiegen/odr/test-362,2026-08-31T07:02:08.331222+00:00,2026-08-31T07:02:09.905924+00:00,1.5747,ok,0,stop,354,72,426,0.15,
mt/set_12/ambiegen/test-718,2026-08-31T07:02:09.905996+00:00,2026-08-31T07:02:11.616920+00:00,1.7109,ok,0,stop,354,78,432,0.65,
mt/set_10/frenetic/test-109,2026-08-31T07:02:11.616966+00:00,2026-08-31T07:02:13.293061+00:00,1.676,ok,0,stop,353,72,425,0.15,
mt/set_11/frenetic/test-909,2026-08-31T07:02:13.293141+00:00,2026-08-31T07:02:14.880927+00:00,1.5877,ok,0,stop,354,72,426,0.15,
mt/set_9/ambiegen/test-526,2026-08-31T07:02:14.880991+00:00,2026-08-31T07:02:16.456466+00:00,1.5754,ok,0,stop,354,72,426,0.15,
mt/set_18/ambiegen/test-234,2026-08-31T07:02:16.456517+00:00,2026-08-31T07:02:18.035218+00:00,1.5787,ok,0,stop,354,72,426,0.15,
mt/set_10/frenetic_v/test-543,2026-08-31T07:02:18.035265+00:00,2026-08-31T07:02:19.760478+00:00,1.7252,ok,0,stop,355,78,433,0.15,
mt/set_17/frenetic/test-55,2026-08-31T07:02:19.760553+00:00,2026-08-31T07:02:21.337162+00:00,1.5766,ok,0,stop,353,72,425,0.15,
mt/set_2/ambiegen/odr/test-253,2026-08-31T07:02:21.337218+00:00,2026-08-31T07:02:22.920592+00:00,1.5833,ok,0,stop,355,72,427,0.15,
mt/set_14/ambiegen/test-535,2026-08-31T07:02:22.920660+00:00,2026-08-31T07:02:24.581887+00:00,1.6612,ok,0,stop,354,76,430,0.35,
mt/set_14/ambiegen/test-89,2026-08-31T07:02:24.581942+00:00,2026-08-31T07:02:26.161206+00:00,1.5792,ok,0,stop,354,72,426,0.15,
mt/set_10/ambiegen/test-769,2026-08-31T07:02:26.161258+00:00,2026-08-31T07:02:27.746526+00:00,1.5852,ok,0,stop,354,72,426,0.15,
mt/set_2/ambiegen/odr/test-735,2026-08-31T07:02:27.746581+00:00,2026-08-31T07:02:29.328860+00:00,1.5822,ok,0,stop,354,72,426,0.15,
mt/set_13/frenetic_v/test-349,2026-08-31T07:02:29.328934+00:00,2026-08-31T07:02:31.777075+00:00,2.4481,ok,0,stop,354,72,426,0.15,
mt_set5/frenetic/test-9,2026-08-31T07:02:31.777131+00:00,2026-08-31T07:02:33.446842+00:00,1.6697,ok,0,stop,353,72,425,0.15,
mt/set_14/frenetic/test-284,2026-08-31T07:02:33.446890+00:00,2026-08-31T07:02:35.027620+00:00,1.5807,ok,0,stop,353,72,425,0.15,
mt/set_8/ambiegen/odr/test-413,2026-08-31T07:02:35.027671+00:00,2026-08-31T07:02:36.608740+00:00,1.581,ok,0,stop,355,72,427,0.15,
mt/set_9/frenetic_v/test-37,2026-08-31T07:02:36.608788+00:00,2026-08-31T07:02:38.299855+00:00,1.691,ok,0,stop,355,77,432,0.15,
mt/set_10/frenetic_v/test-934,2026-08-31T07:02:38.299903+00:00,2026-08-31T07:02:39.887874+00:00,1.5879,ok,0,stop,354,72,426,0.15,
mt/set_18/frenetic/test-399,2026-08-31T07:02:39.887924+00:00,2026-08-31T07:02:41.471268+00:00,1.5833,ok,0,stop,353,72,425,0.15,
mt/set_16/ambiegen/test-796,2026-08-31T07:02:41.471345+00:00,2026-08-31T07:02:43.422188+00:00,1.9508,ok,0,stop,354,89,443,0.35,
mt/set_14/frenetic/test-446,2026-08-31T07:02:43.422319+00:00,2026-08-31T07:02:45.201774+00:00,1.7794,ok,0,stop,354,81,435,0.15,
mt/set_11/frenetic/test-415,2026-08-31T07:02:45.201822+00:00,2026-08-31T07:02:46.788751+00:00,1.5869,ok,0,stop,353,72,425,0.15,
mt/set_7/frenetic/odr/test-408,2026-08-31T07:02:46.788809+00:00,2026-08-31T07:02:48.371854+00:00,1.583,ok,0,stop,353,72,425,0.15,
mt/set_12/frenetic_v/test-565,2026-08-31T07:02:48.371904+00:00,2026-08-31T07:02:50.029100+00:00,1.6571,ok,0,stop,355,72,427,0.15,
mt/set_2/ambiegen/odr/test-110,2026-08-31T07:02:50.029260+00:00,2026-08-31T07:02:52.074067+00:00,2.0448,ok,0,stop,355,72,427,0.15,
mt/set_17/ambiegen/test-799,2026-08-31T07:02:52.074121+00:00,2026-08-31T07:02:53.929382+00:00,1.8552,ok,0,stop,354,77,431,0.15,
mt_set6/frenetic/test-202,2026-08-31T07:02:53.929455+00:00,2026-08-31T07:02:55.506083+00:00,1.5766,ok,0,stop,354,72,426,0.15,
mt/set_18/ambiegen/test-205,2026-08-31T07:02:55.506158+00:00,2026-08-31T07:02:57.349657+00:00,1.8435,ok,0,stop,354,84,438,0.25,
mt/set_14/frenetic_v/test-108,2026-08-31T07:02:57.349708+00:00,2026-08-31T07:02:58.935715+00:00,1.586,ok,0,stop,355,72,427,0.15,
mt/set_9/frenetic_v/test-322,2026-08-31T07:02:58.935768+00:00,2026-08-31T07:03:00.659552+00:00,1.7237,ok,0,stop,354,77,431,0.15,
mt/set_13/frenetic/test-167,2026-08-31T07:03:00.659635+00:00,2026-08-31T07:03:02.324175+00:00,1.6645,ok,0,stop,354,72,426,0.15,
mt/set_6/frenetic_v/test-777,2026-08-31T07:03:02.324225+00:00,2026-08-31T07:03:03.902360+00:00,1.5781,ok,0,stop,355,72,427,0.15,
mt/set_17/frenetic/test-290,2026-08-31T07:03:03.902412+00:00,2026-08-31T07:03:05.579606+00:00,1.6772,ok,0,stop,354,77,431,0.15,
mt/set_2/ambiegen/odr/test-287,2026-08-31T07:03:05.579661+00:00,2026-08-31T07:03:07.259180+00:00,1.6795,ok,0,stop,354,77,431,0.15,
mt/set_16/frenetic/test-367,2026-08-31T07:03:07.259228+00:00,2026-08-31T07:03:08.829355+00:00,1.5701,ok,0,stop,354,72,426,0.15,
mt/set_17/ambiegen/test-600,2026-08-31T07:03:08.829404+00:00,2026-08-31T07:03:10.603603+00:00,1.7742,ok,0,stop,355,78,433,0.15,
mt/set_13/frenetic_v/test-227,2026-08-31T07:03:10.603653+00:00,2026-08-31T07:03:12.314481+00:00,1.7108,ok,0,stop,354,77,431,0.15,
mt_set5/frenetic/test-551,2026-08-31T07:03:12.314537+00:00,2026-08-31T07:03:13.899790+00:00,1.5852,ok,0,stop,354,72,426,0.15,
mt/set_11/frenetic/test-442,2026-08-31T07:03:13.899843+00:00,2026-08-31T07:03:15.475805+00:00,1.5759,ok,0,stop,353,72,425,0.15,
mt/set_14/frenetic/test-479,2026-08-31T07:03:15.475853+00:00,2026-08-31T07:03:17.073469+00:00,1.5976,ok,0,stop,354,72,426,0.15,
mt/set_16/ambiegen/test-812,2026-08-31T07:03:17.073522+00:00,2026-08-31T07:03:18.646021+00:00,1.5725,ok,0,stop,355,72,427,0.15,
mt_set6/frenetic/test-909,2026-08-31T07:03:18.646073+00:00,2026-08-31T07:03:20.220980+00:00,1.5749,ok,0,stop,353,72,425,0.15,
mt_set5/frenetic_v/test-507,2026-08-31T07:03:20.221031+00:00,2026-08-31T07:03:21.969971+00:00,1.7489,ok,0,stop,355,80,435,0.15,
mt_set5/frenetic/test-296,2026-08-31T07:03:21.970022+00:00,2026-08-31T07:03:23.546540+00:00,1.5765,ok,0,stop,354,72,426,0.15,
mt_set6/frenetic/test-606,2026-08-31T07:03:23.546589+00:00,2026-08-31T07:03:25.232302+00:00,1.6857,ok,0,stop,353,77,430,0.15,
mt/set_7/frenetic_v/odr/test-95,2026-08-31T07:03:25.232353+00:00,2026-08-31T07:03:26.811874+00:00,1.5795,ok,0,stop,354,72,426,0.15,
mt/set_13/frenetic/test-191,2026-08-31T07:03:26.811924+00:00,2026-08-31T07:03:29.095146+00:00,2.2832,ok,0,stop,353,72,425,0.15,
mt/set_11/ambiegen/test-594,2026-08-31T07:03:29.095263+00:00,2026-08-31T07:03:30.736841+00:00,1.6415,ok,0,stop,354,72,426,0.15,
mt/set_16/frenetic/test-486,2026-08-31T07:03:30.736895+00:00,2026-08-31T07:03:32.432097+00:00,1.6952,ok,0,stop,353,77,430,0.15,
mt/set_18/frenetic/test-908,2026-08-31T07:03:32.432144+00:00,2026-08-31T07:03:34.006857+00:00,1.5747,ok,0,stop,354,72,426,0.15,
mt/set_12/frenetic_v/test-157,2026-08-31T07:03:34.006908+00:00,2026-08-31T07:03:35.582141+00:00,1.5752,ok,0,stop,355,72,427,0.15,
mt/set_17/frenetic/test-285,2026-08-31T07:03:35.582203+00:00,2026-08-31T07:03:37.277381+00:00,1.6951,ok,0,stop,354,77,431,0.15,
mt/set_18/frenetic_v/test-73,2026-08-31T07:03:37.277432+00:00,2026-08-31T07:03:38.852902+00:00,1.5754,ok,0,stop,355,72,427,0.15,
mt/set_8/frenetic/odr/test-241,2026-08-31T07:03:38.852955+00:00,2026-08-31T07:03:40.556884+00:00,1.7039,ok,0,stop,354,78,432,0.15,
mt_set5/frenetic/test-41,2026-08-31T07:03:40.556957+00:00,2026-08-31T07:03:42.240011+00:00,1.683,ok,0,stop,353,77,430,0.15,
mt/set_13/ambiegen/test-705,2026-08-31T07:03:42.240067+00:00,2026-08-31T07:03:43.811921+00:00,1.5718,ok,0,stop,354,72,426,0.15,
mt/set_14/frenetic/test-552,2026-08-31T07:03:43.811970+00:00,2026-08-31T07:03:45.404902+00:00,1.5929,ok,0,stop,353,72,425,0.15,
mt/set_6/frenetic_v/test-692,2026-08-31T07:03:45.404954+00:00,2026-08-31T07:03:46.985440+00:00,1.5805,ok,0,stop,355,72,427,0.15,
mt/set_11/frenetic/test-10,2026-08-31T07:03:46.985489+00:00,2026-08-31T07:03:49.238135+00:00,2.2526,ok,0,stop,354,72,426,0.15,
mt/set_17/ambiegen/test-902,2026-08-31T07:03:49.238283+00:00,2026-08-31T07:03:51.083741+00:00,1.8454,ok,0,stop,355,78,433,0.35,
mt/set_13/ambiegen/test-525,2026-08-31T07:03:51.083831+00:00,2026-08-31T07:03:52.739202+00:00,1.6553,ok,0,stop,354,72,426,0.15,
mt/set_13/frenetic_v/test-410,2026-08-31T07:03:52.739256+00:00,2026-08-31T07:03:54.329726+00:00,1.5904,ok,0,stop,355,72,427,0.15,
mt/set_14/frenetic/test-801,2026-08-31T07:03:54.329804+00:00,2026-08-31T07:03:55.918797+00:00,1.5889,ok,0,stop,353,72,425,0.15,
mt/set_13/ambiegen/test-360,2026-08-31T07:03:55.918879+00:00,2026-08-31T07:03:57.617023+00:00,1.6981,ok,0,stop,354,77,431,0.15,
mt/set_8/frenetic_v/odr/test-734,2026-08-31T07:03:57.617079+00:00,2026-08-31T07:03:59.200032+00:00,1.5829,ok,0,stop,355,72,427,0.15,
mt_set5/frenetic_v/test-124,2026-08-31T07:03:59.200108+00:00,2026-08-31T07:04:00.870753+00:00,1.6706,ok,0,stop,354,72,426,0.15,
mt_set6/frenetic/test-644,2026-08-31T07:04:00.870805+00:00,2026-08-31T07:04:02.584018+00:00,1.7132,ok,0,stop,354,78,432,0.15,
mt/set_7/frenetic_v/odr/test-560,2026-08-31T07:04:02.584085+00:00,2026-08-31T07:04:04.156163+00:00,1.572,ok,0,stop,354,72,426,0.15,
mt/set_8/frenetic/odr/test-232,2026-08-31T07:04:04.156217+00:00,2026-08-31T07:04:05.853731+00:00,1.6975,ok,0,stop,353,77,430,0.15,
mt/set_8/frenetic_v/odr/test-56,2026-08-31T07:04:05.853782+00:00,2026-08-31T07:04:07.640664+00:00,1.7869,ok,0,stop,354,77,431,0.15,
mt/set_10/ambiegen/test-207,2026-08-31T07:04:07.640754+00:00,2026-08-31T07:04:09.249160+00:00,1.6084,ok,0,stop,354,72,426,0.15,
mt/set_9/frenetic_v/test-243,2026-08-31T07:04:09.249213+00:00,2026-08-31T07:04:10.966738+00:00,1.7175,ok,0,stop,355,78,433,0.15,
mt/set_18/frenetic/test-614,2026-08-31T07:04:10.966789+00:00,2026-08-31T07:04:12.646668+00:00,1.6798,ok,0,stop,353,77,430,0.15,
mt_set5/frenetic/test-349,2026-08-31T07:04:12.646730+00:00,2026-08-31T07:04:14.288618+00:00,1.6419,ok,0,stop,353,72,425,0.15,
mt_set5/frenetic_v/test-720,2026-08-31T07:04:14.288674+00:00,2026-08-31T07:04:15.881965+00:00,1.5933,ok,0,stop,355,72,427,0.15,
mt/set_7/frenetic_v/odr/test-912,2026-08-31T07:04:15.882018+00:00,2026-08-31T07:04:17.567935+00:00,1.6859,ok,0,stop,354,77,431,0.15,
mt/set_11/frenetic/test-74,2026-08-31T07:04:17.567986+00:00,2026-08-31T07:04:19.272817+00:00,1.7048,ok,0,stop,354,77,431,0.25,
mt/set_13/frenetic_v/test-162,2026-08-31T07:04:19.272870+00:00,2026-08-31T07:04:20.848983+00:00,1.5761,ok,0,stop,354,72,426,0.15,
mt/set_16/frenetic_v/test-929,2026-08-31T07:04:20.849038+00:00,2026-08-31T07:04:22.431014+00:00,1.5819,ok,0,stop,354,72,426,0.15,
mt/set_10/frenetic/test-643,2026-08-31T07:04:22.431089+00:00,2026-08-31T07:04:24.013985+00:00,1.5829,ok,0,stop,354,72,426,0.15,
mt/set_9/frenetic/test-678,2026-08-31T07:04:24.014042+00:00,2026-08-31T07:04:25.691948+00:00,1.6779,ok,0,stop,353,77,430,0.15,
mt/set_17/frenetic/test-683,2026-08-31T07:04:25.691997+00:00,2026-08-31T07:04:28.452929+00:00,2.7608,ok,0,stop,354,92,446,0.15,
mt/set_2/ambiegen/odr/test-91,2026-08-31T07:04:28.453096+00:00,2026-08-31T07:04:30.088054+00:00,1.6349,ok,0,stop,354,72,426,0.25,
mt/set_18/ambiegen/test-950,2026-08-31T07:04:30.088109+00:00,2026-08-31T07:04:31.768708+00:00,1.6806,ok,0,stop,354,77,431,0.15,
mt/set_16/ambiegen/test-928,2026-08-31T07:04:31.768770+00:00,2026-08-31T07:04:33.450507+00:00,1.6817,ok,0,stop,354,77,431,0.15,
mt/set_18/ambiegen/test-638,2026-08-31T07:04:33.450556+00:00,2026-08-31T07:04:35.158010+00:00,1.7074,ok,0,stop,354,77,431,0.15,
mt/set_17/ambiegen/test-780,2026-08-31T07:04:35.158060+00:00,2026-08-31T07:04:36.840314+00:00,1.6822,ok,0,stop,353,77,430,0.15,
mt/set_10/frenetic/test-849,2026-08-31T07:04:36.840362+00:00,2026-08-31T07:04:38.522832+00:00,1.6824,ok,0,stop,353,77,430,0.15,
mt/set_17/frenetic/test-477,2026-08-31T07:04:38.522880+00:00,2026-08-31T07:04:40.208802+00:00,1.6859,ok,0,stop,354,77,431,0.15,
mt_set5/frenetic_v/test-800,2026-08-31T07:04:40.208856+00:00,2026-08-31T07:04:41.789673+00:00,1.5808,ok,0,stop,355,72,427,0.15,
mt/set_11/frenetic_v/test-760,2026-08-31T07:04:41.789727+00:00,2026-08-31T07:04:43.476086+00:00,1.6863,ok,0,stop,355,77,432,0.15,
mt_set5/frenetic_v/test-866,2026-08-31T07:04:43.476137+00:00,2026-08-31T07:04:45.053460+00:00,1.5773,ok,0,stop,354,72,426,0.15,
mt/set_8/frenetic_v/odr/test-710,2026-08-31T07:04:45.053518+00:00,2026-08-31T07:04:47.326849+00:00,2.2733,ok,0,stop,354,72,426,0.15,
mt/set_18/frenetic_v/test-241,2026-08-31T07:04:47.326901+00:00,2026-08-31T07:04:49.112742+00:00,1.7858,ok,0,stop,355,77,432,0.15,
mt/set_18/frenetic/test-442,2026-08-31T07:04:49.112791+00:00,2026-08-31T07:04:50.688546+00:00,1.5757,ok,0,stop,354,72,426,0.15,
mt/set_9/ambiegen/test-162,2026-08-31T07:04:50.688601+00:00,2026-08-31T07:04:52.285440+00:00,1.5968,ok,0,stop,354,72,426,0.15,
mt/set_12/frenetic_v/test-392,2026-08-31T07:04:52.285516+00:00,2026-08-31T07:04:53.859772+00:00,1.5742,ok,0,stop,355,72,427,0.15,
mt_set5/ambiegen/test-949,2026-08-31T07:04:53.859819+00:00,2026-08-31T07:04:55.434627+00:00,1.5748,ok,0,stop,354,72,426,0.15,
mt/set_9/frenetic_v/test-600,2026-08-31T07:04:55.434678+00:00,2026-08-31T07:04:57.088405+00:00,1.6537,ok,0,stop,354,72,426,0.15,
mt_set5/frenetic/test-464,2026-08-31T07:04:57.088470+00:00,2026-08-31T07:04:58.670417+00:00,1.5819,ok,0,stop,353,72,425,0.15,
mt/set_9/frenetic_v/test-148,2026-08-31T07:04:58.670470+00:00,2026-08-31T07:05:00.248456+00:00,1.578,ok,0,stop,355,72,427,0.15,
mt/set_13/frenetic_v/test-673,2026-08-31T07:05:00.248505+00:00,2026-08-31T07:05:01.948624+00:00,1.7001,ok,0,stop,355,78,433,0.15,
mt/set_7/ambiegen/odr/test-817,2026-08-31T07:05:01.948675+00:00,2026-08-31T07:05:03.521793+00:00,1.5731,ok,0,stop,355,72,427,0.15,
mt/set_14/frenetic/test-24,2026-08-31T07:05:03.521845+00:00,2026-08-31T07:05:05.176678+00:00,1.6548,ok,0,stop,353,72,425,0.15,
mt/set_10/frenetic/test-667,2026-08-31T07:05:05.176731+00:00,2026-08-31T07:05:06.777159+00:00,1.6004,ok,0,stop,353,72,425,0.15,
mt/set_10/ambiegen/test-446,2026-08-31T07:05:06.777220+00:00,2026-08-31T07:05:08.442814+00:00,1.6656,ok,0,stop,354,76,430,0.45,
mt/set_11/frenetic_v/test-351,2026-08-31T07:05:08.442870+00:00,2026-08-31T07:05:10.023867+00:00,1.581,ok,0,stop,355,72,427,0.15,
mt/set_17/frenetic_v/test-287,2026-08-31T07:05:10.023921+00:00,2026-08-31T07:05:11.712834+00:00,1.6889,ok,0,stop,355,77,432,0.15,
mt/set_9/frenetic_v/test-259,2026-08-31T07:05:11.712897+00:00,2026-08-31T07:05:13.291802+00:00,1.5789,ok,0,stop,354,72,426,0.15,
mt/set_13/frenetic_v/test-435,2026-08-31T07:05:13.291856+00:00,2026-08-31T07:05:15.000993+00:00,1.7091,ok,0,stop,355,78,433,0.15,
mt/set_7/ambiegen/odr/test-91,2026-08-31T07:05:15.001050+00:00,2026-08-31T07:05:17.097768+00:00,2.0967,ok,0,stop,354,96,450,0.35,
mt/set_16/ambiegen/test-215,2026-08-31T07:05:17.097827+00:00,2026-08-31T07:05:18.781667+00:00,1.6838,ok,0,stop,353,77,430,0.15,
mt_set5/ambiegen/test-164,2026-08-31T07:05:18.781718+00:00,2026-08-31T07:05:20.464136+00:00,1.6824,ok,0,stop,354,77,431,0.15,
mt/set_14/ambiegen/test-799,2026-08-31T07:05:20.464196+00:00,2026-08-31T07:05:22.162294+00:00,1.698,ok,0,stop,354,77,431,0.15,
mt/set_11/frenetic/test-12,2026-08-31T07:05:22.162439+00:00,2026-08-31T07:05:24.580178+00:00,2.4177,ok,0,stop,353,72,425,0.15,
mt_set5/frenetic/test-636,2026-08-31T07:05:24.580228+00:00,2026-08-31T07:05:26.246737+00:00,1.6665,ok,0,stop,354,72,426,0.15,
mt/set_8/frenetic_v/odr/test-345,2026-08-31T07:05:26.246789+00:00,2026-08-31T07:05:27.823172+00:00,1.5763,ok,0,stop,355,72,427,0.15,
mt/set_11/ambiegen/test-507,2026-08-31T07:05:27.823220+00:00,2026-08-31T07:05:29.401054+00:00,1.5778,ok,0,stop,354,72,426,0.15,
mt/set_6/frenetic_v/test-743,2026-08-31T07:05:29.401110+00:00,2026-08-31T07:05:30.976438+00:00,1.5753,ok,0,stop,354,72,426,0.15,
mt/set_18/ambiegen/test-683,2026-08-31T07:05:30.976490+00:00,2026-08-31T07:05:32.755925+00:00,1.7794,ok,0,stop,354,81,435,0.35,
mt_set6/frenetic/test-352,2026-08-31T07:05:32.756010+00:00,2026-08-31T07:05:34.334071+00:00,1.578,ok,0,stop,353,72,425,0.15,
mt/set_13/frenetic/test-926,2026-08-31T07:05:34.334125+00:00,2026-08-31T07:05:36.021484+00:00,1.6873,ok,0,stop,354,77,431,0.15,
mt/set_11/ambiegen/test-623,2026-08-31T07:05:36.021535+00:00,2026-08-31T07:05:37.727350+00:00,1.7058,ok,0,stop,354,77,431,0.15,
mt/set_18/frenetic/test-446,2026-08-31T07:05:37.727397+00:00,2026-08-31T07:05:39.309949+00:00,1.5825,ok,0,stop,353,72,425,0.15,
mt/set_17/ambiegen/test-581,2026-08-31T07:05:39.309996+00:00,2026-08-31T07:05:40.974533+00:00,1.6645,ok,0,stop,355,76,431,0.65,
mt/set_12/frenetic/test-956,2026-08-31T07:05:40.974583+00:00,2026-08-31T07:05:43.280249+00:00,2.3055,ok,0,stop,353,77,430,0.15,
mt/set_18/ambiegen/test-805,2026-08-31T07:05:43.280467+00:00,2026-08-31T07:05:44.922931+00:00,1.6424,ok,0,stop,353,72,425,0.15,
mt/set_11/frenetic_v/test-670,2026-08-31T07:05:44.923008+00:00,2026-08-31T07:05:46.590913+00:00,1.6679,ok,0,stop,355,72,427,0.15,
mt/set_17/frenetic_v/test-553,2026-08-31T07:05:46.590962+00:00,2026-08-31T07:05:48.177783+00:00,1.5868,ok,0,stop,355,72,427,0.15,
mt_set5/ambiegen/test-237,2026-08-31T07:05:48.177835+00:00,2026-08-31T07:05:49.871563+00:00,1.6937,ok,0,stop,354,77,431,0.15,
mt/set_14/ambiegen/test-250,2026-08-31T07:05:49.871613+00:00,2026-08-31T07:05:51.455092+00:00,1.5834,ok,0,stop,353,72,425,0.15,
mt/set_13/ambiegen/test-237,2026-08-31T07:05:51.455146+00:00,2026-08-31T07:05:53.040343+00:00,1.5852,ok,0,stop,354,72,426,0.15,
mt/set_9/ambiegen/test-346,2026-08-31T07:05:53.040393+00:00,2026-08-31T07:05:54.813528+00:00,1.7731,ok,0,stop,354,77,431,0.15,
mt/set_14/ambiegen/test-317,2026-08-31T07:05:54.813579+00:00,2026-08-31T07:05:56.506583+00:00,1.693,ok,0,stop,354,77,431,0.15,
mt/set_7/ambiegen/odr/test-80,2026-08-31T07:05:56.506633+00:00,2026-08-31T07:05:58.092480+00:00,1.5858,ok,0,stop,354,72,426,0.15,
mt/set_10/ambiegen/test-230,2026-08-31T07:05:58.092530+00:00,2026-08-31T07:05:59.764213+00:00,1.6716,ok,0,stop,354,76,430,0.45,
mt/set_18/frenetic/test-148,2026-08-31T07:05:59.764304+00:00,2026-08-31T07:06:01.531890+00:00,1.7675,ok,0,stop,353,77,430,0.15,
mt/set_14/frenetic_v/test-179,2026-08-31T07:06:01.531942+00:00,2026-08-31T07:06:03.142532+00:00,1.6106,ok,0,stop,354,72,426,0.15,
mt/set_12/frenetic_v/test-610,2026-08-31T07:06:03.142584+00:00,2026-08-31T07:06:04.844140+00:00,1.7015,ok,0,stop,355,78,433,0.15,
mt_set5/ambiegen/test-528,2026-08-31T07:06:04.844193+00:00,2026-08-31T07:06:06.418051+00:00,1.5738,ok,0,stop,353,72,425,0.15,
mt/set_9/frenetic/test-783,2026-08-31T07:06:06.418106+00:00,2026-08-31T07:06:08.122934+00:00,1.7048,ok,0,stop,353,77,430,0.15,
mt/set_7/frenetic/odr/test-747,2026-08-31T07:06:08.122979+00:00,2026-08-31T07:06:09.702880+00:00,1.5799,ok,0,stop,353,72,425,0.15,
mt/set_13/ambiegen/test-145,2026-08-31T07:06:09.702933+00:00,2026-08-31T07:06:11.408235+00:00,1.7053,ok,0,stop,354,78,432,0.15,
mt_set5/ambiegen/test-546,2026-08-31T07:06:11.408284+00:00,2026-08-31T07:06:12.989044+00:00,1.5807,ok,0,stop,354,72,426,0.15,
mt/set_17/frenetic_v/test-385,2026-08-31T07:06:12.989105+00:00,2026-08-31T07:06:14.563762+00:00,1.5746,ok,0,stop,354,72,426,0.15,
mt_set6/frenetic/test-910,2026-08-31T07:06:14.563808+00:00,2026-08-31T07:06:16.244299+00:00,1.6804,ok,0,stop,353,77,430,0.15,
mt/set_8/ambiegen/odr/test-196,2026-08-31T07:06:16.244346+00:00,2026-08-31T07:06:17.824172+00:00,1.5798,ok,0,stop,354,72,426,0.15,
mt_set5/frenetic_v/test-408,2026-08-31T07:06:17.824223+00:00,2026-08-31T07:06:20.068518+00:00,2.2443,ok,0,stop,354,72,426,0.15,
mt/set_10/frenetic/test-13,2026-08-31T07:06:20.068575+00:00,2026-08-31T07:06:21.732810+00:00,1.6642,ok,0,stop,353,72,425,0.15,
mt/set_7/frenetic/odr/test-749,2026-08-31T07:06:21.732857+00:00,2026-08-31T07:06:23.306485+00:00,1.5736,ok,0,stop,354,72,426,0.15,
mt/set_10/frenetic/test-715,2026-08-31T07:06:23.306536+00:00,2026-08-31T07:06:24.883439+00:00,1.5769,ok,0,stop,354,72,426,0.15,
mt/set_12/frenetic_v/test-841,2026-08-31T07:06:24.883495+00:00,2026-08-31T07:06:26.454686+00:00,1.5712,ok,0,stop,354,72,426,0.15,
mt/set_18/ambiegen/test-530,2026-08-31T07:06:26.454755+00:00,2026-08-31T07:06:28.162088+00:00,1.7073,ok,0,stop,354,78,432,0.15,
mt/set_16/frenetic_v/test-30,2026-08-31T07:06:28.162152+00:00,2026-08-31T07:06:29.734926+00:00,1.5727,ok,0,stop,354,72,426,0.15,
mt/set_6/frenetic_v/test-697,2026-08-31T07:06:29.734981+00:00,2026-08-31T07:06:31.307700+00:00,1.5727,ok,0,stop,355,72,427,0.15,
mt/set_14/frenetic_v/test-558,2026-08-31T07:06:31.307754+00:00,2026-08-31T07:06:32.880228+00:00,1.5724,ok,0,stop,355,72,427,0.15,
mt/set_14/frenetic/test-598,2026-08-31T07:06:32.880295+00:00,2026-08-31T07:06:34.560770+00:00,1.6804,ok,0,stop,353,77,430,0.15,
mt/set_8/frenetic/odr/test-692,2026-08-31T07:06:34.560823+00:00,2026-08-31T07:06:36.562200+00:00,2.0013,ok,0,stop,354,92,446,0.15,
mt/set_10/frenetic_v/test-217,2026-08-31T07:06:36.562265+00:00,2026-08-31T07:06:38.139650+00:00,1.5773,ok,0,stop,355,72,427,0.15,
mt/set_14/frenetic_v/test-921,2026-08-31T07:06:38.139711+00:00,2026-08-31T07:06:40.687520+00:00,2.5478,ok,0,stop,354,77,431,0.15,
mt/set_14/frenetic/test-836,2026-08-31T07:06:40.687570+00:00,2026-08-31T07:06:42.368495+00:00,1.6809,ok,0,stop,353,72,425,0.15,
mt/set_17/ambiegen/test-198,2026-08-31T07:06:42.368547+00:00,2026-08-31T07:06:43.944110+00:00,1.5755,ok,0,stop,354,72,426,0.15,
mt/set_9/frenetic_v/test-890,2026-08-31T07:06:43.944155+00:00,2026-08-31T07:06:45.532153+00:00,1.588,ok,0,stop,354,72,426,0.15,
mt/set_18/ambiegen/test-716,2026-08-31T07:06:45.532202+00:00,2026-08-31T07:06:47.109284+00:00,1.577,ok,0,stop,354,72,426,0.15,
mt/set_9/frenetic_v/test-19,2026-08-31T07:06:47.109338+00:00,2026-08-31T07:06:48.685924+00:00,1.5765,ok,0,stop,354,72,426,0.15,
mt/set_10/ambiegen/test-654,2026-08-31T07:06:48.685978+00:00,2026-08-31T07:06:50.302658+00:00,1.6166,ok,0,stop,354,72,426,0.15,
mt/set_16/frenetic_v/test-638,2026-08-31T07:06:50.302765+00:00,2026-08-31T07:06:51.936544+00:00,1.6337,ok,0,stop,355,72,427,0.15,
mt/set_18/ambiegen/test-713,2026-08-31T07:06:51.936592+00:00,2026-08-31T07:06:53.520615+00:00,1.584,ok,0,stop,354,72,426,0.15,
mt/set_10/ambiegen/test-44,2026-08-31T07:06:53.520671+00:00,2026-08-31T07:06:55.100664+00:00,1.58,ok,0,stop,354,72,426,0.15,
mt/set_16/frenetic_v/test-890,2026-08-31T07:06:55.100722+00:00,2026-08-31T07:06:56.793965+00:00,1.6932,ok,0,stop,355,77,432,0.15,
mt/set_12/frenetic/test-798,2026-08-31T07:06:56.794048+00:00,2026-08-31T07:06:58.481192+00:00,1.6871,ok,0,stop,353,72,425,0.15,
mt_set5/frenetic/test-310,2026-08-31T07:06:58.481244+00:00,2026-08-31T07:07:00.074275+00:00,1.593,ok,0,stop,353,72,425,0.15,
mt/set_11/frenetic_v/test-303,2026-08-31T07:07:00.074326+00:00,2026-08-31T07:07:01.655138+00:00,1.5808,ok,0,stop,355,72,427,0.15,
mt/set_18/ambiegen/test-631,2026-08-31T07:07:01.655198+00:00,2026-08-31T07:07:03.361630+00:00,1.7064,ok,0,stop,354,78,432,0.65,
mt/set_7/frenetic_v/odr/test-190,2026-08-31T07:07:03.361682+00:00,2026-08-31T07:07:04.951722+00:00,1.59,ok,0,stop,355,72,427,0.15,
mt/set_9/frenetic/test-293,2026-08-31T07:07:04.951789+00:00,2026-08-31T07:07:06.528148+00:00,1.5763,ok,0,stop,354,72,426,0.15,
mt/set_17/frenetic/test-532,2026-08-31T07:07:06.528198+00:00,2026-08-31T07:07:08.103321+00:00,1.5751,ok,0,stop,354,72,426,0.15,
mt/set_9/frenetic/test-675,2026-08-31T07:07:08.103371+00:00,2026-08-31T07:07:10.110272+00:00,2.0069,ok,0,stop,354,92,446,0.15,
mt/set_10/frenetic/test-162,2026-08-31T07:07:10.110323+00:00,2026-08-31T07:07:11.859353+00:00,1.749,ok,0,stop,354,80,434,0.15,
mt/set_7/frenetic_v/odr/test-44,2026-08-31T07:07:11.859405+00:00,2026-08-31T07:07:13.541932+00:00,1.6825,ok,0,stop,355,77,432,0.15,
mt/set_18/ambiegen/test-901,2026-08-31T07:07:13.541983+00:00,2026-08-31T07:07:15.127122+00:00,1.5851,ok,0,stop,354,72,426,0.15,
mt/set_10/frenetic_v/test-167,2026-08-31T07:07:15.127171+00:00,2026-08-31T07:07:17.143082+00:00,2.0159,ok,0,stop,354,72,426,0.15,
mt/set_13/frenetic/test-95,2026-08-31T07:07:17.143132+00:00,2026-08-31T07:07:18.775501+00:00,1.6323,ok,0,stop,354,72,426,0.15,
mt/set_18/ambiegen/test-386,2026-08-31T07:07:18.775553+00:00,2026-08-31T07:07:20.365047+00:00,1.5895,ok,0,stop,354,72,426,0.15,
mt/set_10/ambiegen/test-269,2026-08-31T07:07:20.365101+00:00,2026-08-31T07:07:21.950702+00:00,1.5856,ok,0,stop,354,72,426,0.15,
mt/set_14/ambiegen/test-51,2026-08-31T07:07:21.950753+00:00,2026-08-31T07:07:23.540805+00:00,1.59,ok,0,stop,354,72,426,0.15,
mt/set_7/frenetic/odr/test-385,2026-08-31T07:07:23.540855+00:00,2026-08-31T07:07:25.130507+00:00,1.5896,ok,0,stop,353,72,425,0.15,
mt/set_16/frenetic_v/test-514,2026-08-31T07:07:25.130563+00:00,2026-08-31T07:07:26.819740+00:00,1.6891,ok,0,stop,355,77,432,0.15,
mt/set_9/frenetic/test-368,2026-08-31T07:07:26.819791+00:00,2026-08-31T07:07:28.519291+00:00,1.6995,ok,0,stop,353,77,430,0.15,
mt/set_10/ambiegen/test-104,2026-08-31T07:07:28.519341+00:00,2026-08-31T07:07:30.105133+00:00,1.5858,ok,0,stop,354,72,426,0.15,
mt/set_13/frenetic/test-752,2026-08-31T07:07:30.105181+00:00,2026-08-31T07:07:31.811747+00:00,1.7065,ok,0,stop,353,77,430,0.15,
mt/set_16/frenetic/test-25,2026-08-31T07:07:31.811801+00:00,2026-08-31T07:07:33.400678+00:00,1.5888,ok,0,stop,353,72,425,0.15,
mt/set_9/ambiegen/test-767,2026-08-31T07:07:33.400729+00:00,2026-08-31T07:07:35.332079+00:00,1.9313,ok,0,stop,354,87,441,0.25,
mt/set_7/frenetic_v/odr/test-741,2026-08-31T07:07:35.332134+00:00,2026-08-31T07:07:37.783034+00:00,2.4509,ok,0,stop,355,77,432,0.15,
mt/set_11/frenetic/test-459,2026-08-31T07:07:37.783084+00:00,2026-08-31T07:07:39.469503+00:00,1.6864,ok,0,stop,353,72,425,0.15,
mt/set_10/frenetic_v/test-773,2026-08-31T07:07:39.469557+00:00,2026-08-31T07:07:41.067114+00:00,1.5975,ok,0,stop,354,72,426,0.15,
mt/set_8/ambiegen/odr/test-280,2026-08-31T07:07:41.067192+00:00,2026-08-31T07:07:42.593234+00:00,1.526,ok,0,stop,354,67,421,0.65,
mt_set5/ambiegen/test-191,2026-08-31T07:07:42.593285+00:00,2026-08-31T07:07:44.180960+00:00,1.5876,ok,0,stop,354,72,426,0.15,
mt/set_9/frenetic/test-357,2026-08-31T07:07:44.181033+00:00,2026-08-31T07:07:45.759874+00:00,1.5788,ok,0,stop,354,72,426,0.15,
mt/set_9/frenetic/test-481,2026-08-31T07:07:45.759928+00:00,2026-08-31T07:07:47.547218+00:00,1.7872,ok,0,stop,354,78,432,0.15,
mt/set_12/ambiegen/test-678,2026-08-31T07:07:47.547291+00:00,2026-08-31T07:07:49.251474+00:00,1.7041,ok,0,stop,354,78,432,0.15,
mt_set5/ambiegen/test-587,2026-08-31T07:07:49.251531+00:00,2026-08-31T07:07:50.829968+00:00,1.5784,ok,0,stop,354,72,426,0.15,
mt/set_14/frenetic_v/test-854,2026-08-31T07:07:50.830019+00:00,2026-08-31T07:07:52.563974+00:00,1.7339,ok,0,stop,355,78,433,0.15,
mt/set_13/frenetic/test-507,2026-08-31T07:07:52.564028+00:00,2026-08-31T07:07:54.144161+00:00,1.5801,ok,0,stop,353,72,425,0.15,
mt/set_14/frenetic_v/test-672,2026-08-31T07:07:54.144216+00:00,2026-08-31T07:07:55.848146+00:00,1.7039,ok,0,stop,355,72,427,0.15,
mt/set_18/frenetic/test-771,2026-08-31T07:07:55.848199+00:00,2026-08-31T07:07:57.451962+00:00,1.6037,ok,0,stop,353,72,425,0.15,
mt_set5/frenetic_v/test-525,2026-08-31T07:07:57.452013+00:00,2026-08-31T07:07:59.027846+00:00,1.5758,ok,0,stop,355,72,427,0.15,
mt/set_12/frenetic/test-685,2026-08-31T07:07:59.027902+00:00,2026-08-31T07:08:00.602965+00:00,1.575,ok,0,stop,354,72,426,0.15,
mt/set_13/ambiegen/test-302,2026-08-31T07:08:00.603020+00:00,2026-08-31T07:08:02.190015+00:00,1.587,ok,0,stop,354,72,426,0.15,
mt/set_13/frenetic/test-296,2026-08-31T07:08:02.190065+00:00,2026-08-31T07:08:03.765199+00:00,1.5751,ok,0,stop,353,72,425,0.15,
mt/set_13/frenetic/test-613,2026-08-31T07:08:03.765257+00:00,2026-08-31T07:08:05.467622+00:00,1.7023,ok,0,stop,354,77,431,0.15,
mt/set_6/frenetic_v/test-278,2026-08-31T07:08:05.467678+00:00,2026-08-31T07:08:07.057496+00:00,1.5898,ok,0,stop,355,72,427,0.15,
mt/set_16/frenetic_v/test-848,2026-08-31T07:08:07.057546+00:00,2026-08-31T07:08:08.636780+00:00,1.5792,ok,0,stop,354,72,426,0.15,
mt/set_18/frenetic_v/test-225,2026-08-31T07:08:08.636832+00:00,2026-08-31T07:08:10.349796+00:00,1.7129,ok,0,stop,355,78,433,0.15,
mt/set_7/frenetic/odr/test-188,2026-08-31T07:08:10.349856+00:00,2026-08-31T07:08:11.933395+00:00,1.5835,ok,0,stop,353,72,425,0.15,
mt/set_14/frenetic_v/test-85,2026-08-31T07:08:11.933473+00:00,2026-08-31T07:08:13.556758+00:00,1.6232,ok,0,stop,355,72,427,0.15,
mt/set_16/frenetic_v/test-583,2026-08-31T07:08:13.556822+00:00,2026-08-31T07:08:15.869829+00:00,2.313,ok,0,stop,355,77,432,0.15,
mt_set6/frenetic/test-547,2026-08-31T07:08:15.869889+00:00,2026-08-31T07:08:17.507912+00:00,1.638,ok,0,stop,353,72,425,0.15,
mt/set_11/frenetic/test-225,2026-08-31T07:08:17.507980+00:00,2026-08-31T07:08:19.194113+00:00,1.6861,ok,0,stop,354,77,431,0.15,
mt/set_16/frenetic_v/test-421,2026-08-31T07:08:19.194247+00:00,2026-08-31T07:08:20.770654+00:00,1.5764,ok,0,stop,355,72,427,0.15,
mt/set_7/frenetic_v/odr/test-642,2026-08-31T07:08:20.770780+00:00,2026-08-31T07:08:22.375893+00:00,1.6051,ok,0,stop,355,72,427,0.15,
mt_set5/ambiegen/test-347,2026-08-31T07:08:22.375953+00:00,2026-08-31T07:08:24.129749+00:00,1.7538,ok,0,stop,354,78,432,0.15,
mt/set_8/ambiegen/odr/test-843,2026-08-31T07:08:24.129806+00:00,2026-08-31T07:08:25.854960+00:00,1.7251,ok,0,stop,354,77,431,0.15,
mt/set_9/ambiegen/test-131,2026-08-31T07:08:25.855019+00:00,2026-08-31T07:08:27.588220+00:00,1.7332,ok,0,stop,354,77,431,0.15,
mt_set6/frenetic/test-541,2026-08-31T07:08:27.588269+00:00,2026-08-31T07:08:29.191335+00:00,1.603,ok,0,stop,353,72,425,0.15,
mt/set_10/frenetic/test-582,2026-08-31T07:08:29.191389+00:00,2026-08-31T07:08:30.780984+00:00,1.5896,ok,0,stop,354,72,426,0.15,
mt/set_9/frenetic_v/test-102,2026-08-31T07:08:30.781037+00:00,2026-08-31T07:08:32.371759+00:00,1.5907,ok,0,stop,354,72,426,0.15,
mt/set_12/ambiegen/test-899,2026-08-31T07:08:32.371811+00:00,2026-08-31T07:08:34.772995+00:00,2.4011,ok,0,stop,353,72,425,0.15,
mt_set6/frenetic/test-731,2026-08-31T07:08:34.773075+00:00,2026-08-31T07:08:36.445704+00:00,1.6726,ok,0,stop,353,72,425,0.15,
mt/set_7/frenetic_v/odr/test-699,2026-08-31T07:08:36.445821+00:00,2026-08-31T07:08:38.047010+00:00,1.6012,ok,0,stop,355,72,427,0.15,
mt_set6/frenetic/test-721,2026-08-31T07:08:38.047066+00:00,2026-08-31T07:08:39.801458+00:00,1.7543,ok,0,stop,354,77,431,0.15,
mt/set_12/frenetic/test-306,2026-08-31T07:08:39.801529+00:00,2026-08-31T07:08:41.541968+00:00,1.7404,ok,0,stop,353,77,430,0.15,
mt_set6/frenetic/test-834,2026-08-31T07:08:41.542025+00:00,2026-08-31T07:08:43.234457+00:00,1.6924,ok,0,stop,353,77,430,0.15,
mt/set_16/ambiegen/test-57,2026-08-31T07:08:43.234510+00:00,2026-08-31T07:08:44.892863+00:00,1.6583,ok,0,stop,354,72,426,0.15,
mt_set5/frenetic_v/test-542,2026-08-31T07:08:44.892913+00:00,2026-08-31T07:08:46.474105+00:00,1.5812,ok,0,stop,355,72,427,0.15,
mt/set_10/frenetic_v/test-637,2026-08-31T07:08:46.474164+00:00,2026-08-31T07:08:48.053682+00:00,1.5795,ok,0,stop,354,72,426,0.15,
mt/set_2/ambiegen/odr/test-288,2026-08-31T07:08:48.053738+00:00,2026-08-31T07:08:50.055729+00:00,2.002,ok,0,stop,353,92,445,0.15,
mt_set5/frenetic/test-649,2026-08-31T07:08:50.055780+00:00,2026-08-31T07:08:51.633208+00:00,1.5774,ok,0,stop,354,72,426,0.15,
mt/set_9/frenetic/test-98,2026-08-31T07:08:51.633264+00:00,2026-08-31T07:08:53.319750+00:00,1.6865,ok,0,stop,354,72,426,0.15,
mt/set_6/frenetic_v/test-188,2026-08-31T07:08:53.319800+00:00,2026-08-31T07:08:54.917787+00:00,1.598,ok,0,stop,354,72,426,0.15,
mt/set_17/frenetic_v/test-375,2026-08-31T07:08:54.917837+00:00,2026-08-31T07:08:56.504077+00:00,1.5862,ok,0,stop,355,72,427,0.15,
mt/set_11/ambiegen/test-443,2026-08-31T07:08:56.504126+00:00,2026-08-31T07:08:58.195406+00:00,1.6912,ok,0,stop,353,77,430,0.15,
mt/set_18/frenetic/test-630,2026-08-31T07:08:58.195459+00:00,2026-08-31T07:08:59.787462+00:00,1.592,ok,0,stop,353,72,425,0.15,
mt/set_16/frenetic/test-370,2026-08-31T07:08:59.787516+00:00,2026-08-31T07:09:01.368445+00:00,1.5809,ok,0,stop,354,72,426,0.15,
mt/set_9/frenetic/test-825,2026-08-31T07:09:01.368499+00:00,2026-08-31T07:09:03.060747+00:00,1.6922,ok,0,stop,353,77,430,0.15,
mt/set_16/frenetic_v/test-612,2026-08-31T07:09:03.060798+00:00,2026-08-31T07:09:04.648556+00:00,1.5877,ok,0,stop,355,72,427,0.15,
mt/set_14/frenetic_v/test-662,2026-08-31T07:09:04.648630+00:00,2026-08-31T07:09:06.367838+00:00,1.7192,ok,0,stop,355,77,432,0.15,
mt/set_6/frenetic_v/test-466,2026-08-31T07:09:06.367915+00:00,2026-08-31T07:09:08.154206+00:00,1.7863,ok,0,stop,355,78,433,0.15,
mt_set6/frenetic/test-89,2026-08-31T07:09:08.154270+00:00,2026-08-31T07:09:09.777625+00:00,1.6233,ok,0,stop,353,72,425,0.15,
mt/set_13/frenetic/test-247,2026-08-31T07:09:09.777677+00:00,2026-08-31T07:09:12.205190+00:00,2.4275,ok,0,stop,354,72,426,0.15,
mt/set_11/ambiegen/test-663,2026-08-31T07:09:12.205246+00:00,2026-08-31T07:09:13.861938+00:00,1.6567,ok,0,stop,354,72,426,0.15,
mt/set_12/frenetic/test-813,2026-08-31T07:09:13.861991+00:00,2026-08-31T07:09:15.453321+00:00,1.5913,ok,0,stop,353,72,425,0.15,
mt/set_17/frenetic_v/test-444,2026-08-31T07:09:15.453373+00:00,2026-08-31T07:09:17.033148+00:00,1.5797,ok,0,stop,354,72,426,0.15,
mt/set_17/ambiegen/test-579,2026-08-31T07:09:17.033198+00:00,2026-08-31T07:09:18.833848+00:00,1.8006,ok,0,stop,354,82,436,0.35,
mt/set_18/ambiegen/test-214,2026-08-31T07:09:18.833897+00:00,2026-08-31T07:09:20.489143+00:00,1.6552,ok,0,stop,354,72,426,0.15,
mt/set_8/frenetic/odr/test-327,2026-08-31T07:09:20.489201+00:00,2026-08-31T07:09:22.251453+00:00,1.7622,ok,0,stop,354,77,431,0.15,
mt/set_7/ambiegen/odr/test-852,2026-08-31T07:09:22.251510+00:00,2026-08-31T07:09:23.790296+00:00,1.5387,ok,0,stop,355,67,422,0.65,
mt/set_8/frenetic_v/odr/test-617,2026-08-31T07:09:23.790355+00:00,2026-08-31T07:09:25.456926+00:00,1.6665,ok,0,stop,354,72,426,0.15,
mt/set_10/ambiegen/test-336,2026-08-31T07:09:25.456993+00:00,2026-08-31T07:09:27.118618+00:00,1.6616,ok,0,stop,354,72,426,0.15,
mt/set_14/frenetic/test-307,2026-08-31T07:09:27.118679+00:00,2026-08-31T07:09:28.717037+00:00,1.5983,ok,0,stop,353,72,425,0.15,
mt/set_9/frenetic_v/test-292,2026-08-31T07:09:28.717101+00:00,2026-08-31T07:09:30.299873+00:00,1.5827,ok,0,stop,355,72,427,0.15,
mt/set_8/ambiegen/odr/test-312,2026-08-31T07:09:30.299928+00:00,2026-08-31T07:09:32.718321+00:00,2.4184,ok,0,stop,354,77,431,0.15,
mt/set_9/frenetic/test-166,2026-08-31T07:09:32.718376+00:00,2026-08-31T07:09:34.401516+00:00,1.6831,ok,0,stop,353,72,425,0.15,
mt/set_13/ambiegen/test-56,2026-08-31T07:09:34.401571+00:00,2026-08-31T07:09:35.984338+00:00,1.5827,ok,0,stop,354,72,426,0.15,
mt/set_14/frenetic/test-543,2026-08-31T07:09:35.984395+00:00,2026-08-31T07:09:37.560787+00:00,1.5764,ok,0,stop,354,72,426,0.15,
mt/set_13/frenetic/test-751,2026-08-31T07:09:37.560836+00:00,2026-08-31T07:09:39.137392+00:00,1.5765,ok,0,stop,353,72,425,0.15,
mt/set_7/ambiegen/odr/test-229,2026-08-31T07:09:39.137445+00:00,2026-08-31T07:09:40.824343+00:00,1.6869,ok,0,stop,354,77,431,0.15,
mt/set_16/ambiegen/test-937,2026-08-31T07:09:40.824399+00:00,2026-08-31T07:09:42.495793+00:00,1.6714,ok,0,stop,354,72,426,0.15,
mt/set_14/frenetic/test-269,2026-08-31T07:09:42.495847+00:00,2026-08-31T07:09:44.183606+00:00,1.6877,ok,0,stop,354,77,431,0.15,
mt/set_8/frenetic_v/odr/test-196,2026-08-31T07:09:44.183665+00:00,2026-08-31T07:09:46.199061+00:00,2.0154,ok,0,stop,355,92,447,0.15,
mt/set_18/frenetic_v/test-35,2026-08-31T07:09:46.199155+00:00,2026-08-31T07:09:47.891661+00:00,1.6925,ok,0,stop,355,77,432,0.15,
mt/set_12/ambiegen/test-724,2026-08-31T07:09:47.891722+00:00,2026-08-31T07:09:49.577825+00:00,1.6861,ok,0,stop,354,77,431,0.15,
mt/set_14/frenetic/test-606,2026-08-31T07:09:49.577892+00:00,2026-08-31T07:09:51.261662+00:00,1.6837,ok,0,stop,354,72,426,0.15,
mt/set_17/ambiegen/test-715,2026-08-31T07:09:51.261713+00:00,2026-08-31T07:09:52.988225+00:00,1.7265,ok,0,stop,354,77,431,0.15,
mt/set_17/ambiegen/test-511,2026-08-31T07:09:52.988275+00:00,2026-08-31T07:09:54.562957+00:00,1.5746,ok,0,stop,354,72,426,0.15,
mt/set_10/frenetic_v/test-875,2026-08-31T07:09:54.563011+00:00,2026-08-31T07:09:56.251853+00:00,1.6888,ok,0,stop,355,77,432,0.15,
mt/set_7/ambiegen/odr/test-893,2026-08-31T07:09:56.251904+00:00,2026-08-31T07:09:58.045299+00:00,1.7934,ok,0,stop,354,81,435,0.35,
mt/set_13/frenetic_v/test-183,2026-08-31T07:09:58.045350+00:00,2026-08-31T07:09:59.620175+00:00,1.5748,ok,0,stop,354,72,426,0.15,
mt_set5/ambiegen/test-227,2026-08-31T07:09:59.620225+00:00,2026-08-31T07:10:01.624086+00:00,2.0038,ok,0,stop,355,92,447,0.15,
mt/set_9/ambiegen/test-709,2026-08-31T07:10:01.624143+00:00,2026-08-31T07:10:03.205108+00:00,1.5809,ok,0,stop,354,72,426,0.15,
mt/set_17/frenetic_v/test-355,2026-08-31T07:10:03.205175+00:00,2026-08-31T07:10:05.203699+00:00,1.9985,ok,0,stop,355,92,447,0.15,
mt/set_13/frenetic/test-180,2026-08-31T07:10:05.203752+00:00,2026-08-31T07:10:06.777796+00:00,1.574,ok,0,stop,353,72,425,0.15,
mt/set_7/frenetic_v/odr/test-196,2026-08-31T07:10:06.777854+00:00,2026-08-31T07:10:08.353279+00:00,1.5753,ok,0,stop,355,72,427,0.15,
mt/set_17/frenetic_v/test-93,2026-08-31T07:10:08.353332+00:00,2026-08-31T07:10:10.521438+00:00,2.1681,ok,0,stop,354,72,426,0.15,
mt/set_9/frenetic/test-287,2026-08-31T07:10:10.521494+00:00,2026-08-31T07:10:12.177837+00:00,1.6563,ok,0,stop,353,72,425,0.15,
mt/set_9/frenetic/test-782,2026-08-31T07:10:12.177904+00:00,2026-08-31T07:10:13.870914+00:00,1.693,ok,0,stop,354,77,431,0.15,
mt/set_8/ambiegen/odr/test-401,2026-08-31T07:10:13.870974+00:00,2026-08-31T07:10:15.447094+00:00,1.5761,ok,0,stop,354,72,426,0.15,
mt/set_11/ambiegen/test-952,2026-08-31T07:10:15.447149+00:00,2026-08-31T07:10:17.022263+00:00,1.5751,ok,0,stop,354,72,426,0.15,
mt/set_9/frenetic/test-563,2026-08-31T07:10:17.022317+00:00,2026-08-31T07:10:18.708954+00:00,1.6866,ok,0,stop,354,77,431,0.15,
mt/set_9/ambiegen/test-455,2026-08-31T07:10:18.709004+00:00,2026-08-31T07:10:20.391804+00:00,1.6828,ok,0,stop,354,77,431,0.15,
mt/set_7/frenetic/odr/test-507,2026-08-31T07:10:20.391859+00:00,2026-08-31T07:10:21.986885+00:00,1.595,ok,0,stop,353,72,425,0.15,
mt/set_7/frenetic/odr/test-193,2026-08-31T07:10:21.986941+00:00,2026-08-31T07:10:23.588920+00:00,1.6019,ok,0,stop,353,72,425,0.15,
mt/set_17/ambiegen/test-366,2026-08-31T07:10:23.588976+00:00,2026-08-31T07:10:25.298442+00:00,1.7094,ok,0,stop,353,78,431,0.15,
mt_set5/ambiegen/test-575,2026-08-31T07:10:25.298504+00:00,2026-08-31T07:10:27.016879+00:00,1.7183,ok,0,stop,355,78,433,0.15,
mt/set_6/frenetic_v/test-233,2026-08-31T07:10:27.016936+00:00,2026-08-31T07:10:28.720731+00:00,1.7034,ok,0,stop,355,68,423,0.15,
mt_set5/frenetic_v/test-828,2026-08-31T07:10:28.721232+00:00,2026-08-31T07:10:30.958739+00:00,2.2374,ok,0,stop,354,77,431,0.15,
mt/set_13/frenetic_v/test-120,2026-08-31T07:10:30.958793+00:00,2026-08-31T07:10:32.771350+00:00,1.8125,ok,0,stop,355,78,433,0.15,
mt/set_11/frenetic/test-809,2026-08-31T07:10:32.771404+00:00,2026-08-31T07:10:34.357589+00:00,1.5862,ok,0,stop,353,72,425,0.15,
mt/set_18/frenetic/test-299,2026-08-31T07:10:34.357639+00:00,2026-08-31T07:10:35.962844+00:00,1.6052,ok,0,stop,354,72,426,0.15,
mt/set_16/ambiegen/test-50,2026-08-31T07:10:35.962902+00:00,2026-08-31T07:10:37.712374+00:00,1.7494,ok,0,stop,354,79,433,0.25,
mt/set_13/ambiegen/test-377,2026-08-31T07:10:37.712439+00:00,2026-08-31T07:10:39.417834+00:00,1.7053,ok,0,stop,354,77,431,0.15,
mt/set_8/frenetic_v/odr/test-609,2026-08-31T07:10:39.417921+00:00,2026-08-31T07:10:41.082441+00:00,1.6645,ok,0,stop,355,72,427,0.15,
mt/set_10/frenetic/test-792,2026-08-31T07:10:41.082500+00:00,2026-08-31T07:10:42.776469+00:00,1.6939,ok,0,stop,353,77,430,0.15,
mt/set_16/frenetic_v/test-80,2026-08-31T07:10:42.776522+00:00,2026-08-31T07:10:44.360663+00:00,1.5841,ok,0,stop,354,72,426,0.15,
mt_set5/frenetic/test-281,2026-08-31T07:10:44.360714+00:00,2026-08-31T07:10:46.045148+00:00,1.6844,ok,0,stop,354,77,431,0.15,
mt/set_13/ambiegen/test-697,2026-08-31T07:10:46.045203+00:00,2026-08-31T07:10:47.619730+00:00,1.5745,ok,0,stop,354,72,426,0.15,
mt/set_9/frenetic_v/test-216,2026-08-31T07:10:47.619781+00:00,2026-08-31T07:10:49.300817+00:00,1.681,ok,0,stop,355,72,427,0.15,
mt/set_6/frenetic_v/test-641,2026-08-31T07:10:49.300874+00:00,2026-08-31T07:10:50.945984+00:00,1.6451,ok,0,stop,354,72,426,0.15,
mt/set_8/ambiegen/odr/test-218,2026-08-31T07:10:50.946040+00:00,2026-08-31T07:10:52.710885+00:00,1.7648,ok,0,stop,355,78,433,0.15,
mt/set_9/frenetic_v/test-69,2026-08-31T07:10:52.710942+00:00,2026-08-31T07:10:54.477320+00:00,1.7663,ok,0,stop,355,78,433,0.15,
mt/set_11/ambiegen/test-350,2026-08-31T07:10:54.477374+00:00,2026-08-31T07:10:56.197469+00:00,1.7201,ok,0,stop,354,77,431,0.15,
mt/set_7/frenetic_v/odr/test-201,2026-08-31T07:10:56.197523+00:00,2026-08-31T07:10:57.883601+00:00,1.686,ok,0,stop,354,77,431,0.15,
mt/set_6/frenetic_v/test-762,2026-08-31T07:10:57.883654+00:00,2026-08-31T07:10:59.460079+00:00,1.5764,ok,0,stop,355,72,427,0.15,
mt/set_9/ambiegen/test-13,2026-08-31T07:10:59.460136+00:00,2026-08-31T07:11:01.035393+00:00,1.5752,ok,0,stop,354,72,426,0.15,
mt/set_11/frenetic_v/test-862,2026-08-31T07:11:01.035451+00:00,2026-08-31T07:11:02.612368+00:00,1.5769,ok,0,stop,354,72,426,0.15,
mt_set5/ambiegen/test-500,2026-08-31T07:11:02.612420+00:00,2026-08-31T07:11:04.186895+00:00,1.5744,ok,0,stop,354,72,426,0.15,
mt/set_16/frenetic_v/test-332,2026-08-31T07:11:04.186947+00:00,2026-08-31T07:11:05.764429+00:00,1.5775,ok,0,stop,355,72,427,0.15,
mt_set5/frenetic_v/test-172,2026-08-31T07:11:05.764480+00:00,2026-08-31T07:11:07.567757+00:00,1.8031,ok,0,stop,354,72,426,0.15,
mt/set_16/frenetic/test-692,2026-08-31T07:11:07.568042+00:00,2026-08-31T07:11:09.546839+00:00,1.9787,ok,0,stop,354,72,426,0.15,
mt/set_14/frenetic/test-615,2026-08-31T07:11:09.546892+00:00,2026-08-31T07:11:11.239524+00:00,1.6926,ok,0,stop,353,77,430,0.15,
mt/set_10/frenetic_v/test-493,2026-08-31T07:11:11.239619+00:00,2026-08-31T07:11:12.854035+00:00,1.6144,ok,0,stop,355,72,427,0.15,
mt/set_17/frenetic_v/test-87,2026-08-31T07:11:12.854087+00:00,2026-08-31T07:11:14.493784+00:00,1.6397,ok,0,stop,354,72,426,0.15,
mt/set_9/frenetic_v/test-476,2026-08-31T07:11:14.493842+00:00,2026-08-31T07:11:16.147830+00:00,1.654,ok,0,stop,355,72,427,0.15,
mt_set5/frenetic/test-67,2026-08-31T07:11:16.147888+00:00,2026-08-31T07:11:17.728699+00:00,1.5808,ok,0,stop,353,72,425,0.15,
mt/set_13/frenetic_v/test-627,2026-08-31T07:11:17.728775+00:00,2026-08-31T07:11:19.304951+00:00,1.5761,ok,0,stop,354,72,426,0.15,
mt/set_14/frenetic/test-157,2026-08-31T07:11:19.305005+00:00,2026-08-31T07:11:21.008010+00:00,1.703,ok,0,stop,354,78,432,0.25,
mt/set_12/frenetic_v/test-249,2026-08-31T07:11:21.008094+00:00,2026-08-31T07:11:22.585689+00:00,1.5776,ok,0,stop,355,72,427,0.15,
mt/set_9/ambiegen/test-898,2026-08-31T07:11:22.585744+00:00,2026-08-31T07:11:24.163653+00:00,1.5779,ok,0,stop,354,72,426,0.15,
mt/set_9/ambiegen/test-753,2026-08-31T07:11:24.163707+00:00,2026-08-31T07:11:25.865843+00:00,1.7021,ok,0,stop,354,77,431,0.15,
mt/set_9/frenetic/test-431,2026-08-31T07:11:25.865927+00:00,2026-08-31T07:11:27.549165+00:00,1.683,ok,0,stop,354,72,426,0.15,
mt/set_7/frenetic/odr/test-612,2026-08-31T07:11:27.549621+00:00,2026-08-31T07:11:29.740057+00:00,2.1904,ok,0,stop,354,72,426,0.15,
mt/set_13/frenetic_v/test-342,2026-08-31T07:11:29.740130+00:00,2026-08-31T07:11:31.568061+00:00,1.8279,ok,0,stop,355,78,433,0.15,
mt/set_14/ambiegen/test-742,2026-08-31T07:11:31.568116+00:00,2026-08-31T07:11:33.197935+00:00,1.6298,ok,0,stop,354,72,426,0.15,
mt/set_18/ambiegen/test-553,2026-08-31T07:11:33.197981+00:00,2026-08-31T07:11:34.959556+00:00,1.7615,ok,0,stop,355,80,435,0.15,
mt/set_11/frenetic/test-528,2026-08-31T07:11:34.959612+00:00,2026-08-31T07:11:36.547519+00:00,1.5879,ok,0,stop,354,72,426,0.15,
mt/set_11/frenetic_v/test-32,2026-08-31T07:11:36.547575+00:00,2026-08-31T07:11:38.141823+00:00,1.5942,ok,0,stop,355,72,427,0.15,
mt/set_9/frenetic/test-47,2026-08-31T07:11:38.141871+00:00,2026-08-31T07:11:39.818038+00:00,1.6761,ok,0,stop,354,72,426,0.15,
mt_set6/frenetic/test-341,2026-08-31T07:11:39.818093+00:00,2026-08-31T07:11:41.447193+00:00,1.6291,ok,0,stop,354,72,426,0.15,
mt/set_9/frenetic/test-57,2026-08-31T07:11:41.447245+00:00,2026-08-31T07:11:43.081921+00:00,1.6346,ok,0,stop,354,72,426,0.15,
mt_set5/frenetic/test-794,2026-08-31T07:11:43.081978+00:00,2026-08-31T07:11:44.821426+00:00,1.7394,ok,0,stop,354,77,431,0.15,
mt/set_8/frenetic_v/odr/test-671,2026-08-31T07:11:44.821489+00:00,2026-08-31T07:11:46.353864+00:00,1.5323,ok,0,stop,355,68,423,0.15,
mt/set_8/frenetic_v/odr/test-491,2026-08-31T07:11:46.353959+00:00,2026-08-31T07:11:48.127119+00:00,1.7731,ok,0,stop,354,77,431,0.15,
mt/set_9/frenetic_v/test-161,2026-08-31T07:11:48.127181+00:00,2026-08-31T07:11:49.896882+00:00,1.7697,ok,0,stop,355,81,436,0.15,
mt/set_10/frenetic/test-522,2026-08-31T07:11:49.896931+00:00,2026-08-31T07:11:51.509136+00:00,1.6121,ok,0,stop,353,72,425,0.15,
mt/set_11/ambiegen/test-824,2026-08-31T07:11:51.509230+00:00,2026-08-31T07:11:53.113421+00:00,1.6041,ok,0,stop,354,72,426,0.15,
mt/set_7/ambiegen/odr/test-853,2026-08-31T07:11:53.113493+00:00,2026-08-31T07:11:54.818946+00:00,1.7054,ok,0,stop,355,78,433,0.65,
mt/set_9/frenetic/test-413,2026-08-31T07:11:54.819021+00:00,2026-08-31T07:11:56.396013+00:00,1.577,ok,0,stop,354,72,426,0.15,
mt/set_13/frenetic_v/test-232,2026-08-31T07:11:56.396070+00:00,2026-08-31T07:11:57.977062+00:00,1.581,ok,0,stop,355,72,427,0.15,
mt/set_13/frenetic_v/test-584,2026-08-31T07:11:57.977125+00:00,2026-08-31T07:11:59.555324+00:00,1.5782,ok,0,stop,354,72,426,0.15,
mt/set_8/frenetic/odr/test-186,2026-08-31T07:11:59.555382+00:00,2026-08-31T07:12:01.133771+00:00,1.5783,ok,0,stop,354,72,426,0.15,
mt/set_14/frenetic_v/test-721,2026-08-31T07:12:01.133821+00:00,2026-08-31T07:12:02.716312+00:00,1.5825,ok,0,stop,354,72,426,0.15,
mt/set_14/frenetic_v/test-379,2026-08-31T07:12:02.716373+00:00,2026-08-31T07:12:04.621325+00:00,1.9048,ok,0,stop,355,77,432,0.15,
mt/set_8/frenetic/odr/test-230,2026-08-31T07:12:04.621573+00:00,2026-08-31T07:12:06.664688+00:00,2.043,ok,0,stop,354,72,426,0.15,
mt/set_12/frenetic_v/test-239,2026-08-31T07:12:06.664782+00:00,2026-08-31T07:12:08.324314+00:00,1.6595,ok,0,stop,354,72,426,0.15,
mt/set_14/ambiegen/test-453,2026-08-31T07:12:08.324372+00:00,2026-08-31T07:12:10.003069+00:00,1.6787,ok,0,stop,354,77,431,0.15,
mt/set_2/ambiegen/odr/test-51,2026-08-31T07:12:10.003133+00:00,2026-08-31T07:12:11.576784+00:00,1.5736,ok,0,stop,355,72,427,0.15,
mt/set_11/frenetic_v/test-485,2026-08-31T07:12:11.576858+00:00,2026-08-31T07:12:13.287711+00:00,1.7108,ok,0,stop,355,78,433,0.15,
mt_set5/frenetic_v/test-526,2026-08-31T07:12:13.287785+00:00,2026-08-31T07:12:14.862063+00:00,1.5742,ok,0,stop,355,72,427,0.15,
mt_set6/frenetic/test-890,2026-08-31T07:12:14.862130+00:00,2026-08-31T07:12:16.435528+00:00,1.5734,ok,0,stop,354,72,426,0.15,
mt/set_10/ambiegen/test-781,2026-08-31T07:12:16.435581+00:00,2026-08-31T07:12:18.006386+00:00,1.5708,ok,0,stop,354,72,426,0.15,
mt/set_7/frenetic_v/odr/test-472,2026-08-31T07:12:18.006441+00:00,2026-08-31T07:12:19.705900+00:00,1.6994,ok,0,stop,355,78,433,0.15,
mt/set_14/frenetic_v/test-830,2026-08-31T07:12:19.705955+00:00,2026-08-31T07:12:21.704181+00:00,1.9982,ok,0,stop,355,92,447,0.15,
mt/set_18/ambiegen/test-850,2026-08-31T07:12:21.704245+00:00,2026-08-31T07:12:23.405033+00:00,1.7008,ok,0,stop,355,78,433,0.15,
mt/set_16/ambiegen/test-495,2026-08-31T07:12:23.405088+00:00,2026-08-31T07:12:24.980323+00:00,1.5752,ok,0,stop,354,72,426,0.15,
mt/set_17/frenetic/test-375,2026-08-31T07:12:24.980376+00:00,2026-08-31T07:12:27.229798+00:00,2.2494,ok,0,stop,353,72,425,0.15,
mt/set_10/frenetic_v/test-931,2026-08-31T07:12:27.229872+00:00,2026-08-31T07:12:28.825321+00:00,1.5954,ok,0,stop,355,68,423,0.15,
mt/set_2/ambiegen/odr/test-226,2026-08-31T07:12:28.825434+00:00,2026-08-31T07:12:30.423277+00:00,1.5978,ok,0,stop,354,72,426,0.15,
mt/set_6/frenetic_v/test-12,2026-08-31T07:12:30.423334+00:00,2026-08-31T07:12:32.402444+00:00,1.9791,ok,0,stop,354,91,445,0.15,
mt/set_14/frenetic_v/test-529,2026-08-31T07:12:32.402503+00:00,2026-08-31T07:12:33.978758+00:00,1.5762,ok,0,stop,355,72,427,0.15,
mt/set_16/ambiegen/test-327,2026-08-31T07:12:33.978841+00:00,2026-08-31T07:12:35.668414+00:00,1.6895,ok,0,stop,354,77,431,0.15,
mt/set_8/ambiegen/odr/test-736,2026-08-31T07:12:35.668509+00:00,2026-08-31T07:12:37.540000+00:00,1.8715,ok,0,stop,355,81,436,0.35,
mt/set_14/frenetic_v/test-200,2026-08-31T07:12:37.540062+00:00,2026-08-31T07:12:39.167419+00:00,1.6273,ok,0,stop,354,72,426,0.15,
mt/set_18/frenetic/test-891,2026-08-31T07:12:39.167500+00:00,2026-08-31T07:12:40.916863+00:00,1.7493,ok,0,stop,354,77,431,0.15,
mt/set_8/ambiegen/odr/test-20,2026-08-31T07:12:40.916940+00:00,2026-08-31T07:12:42.545578+00:00,1.6286,ok,0,stop,354,72,426,0.15,
mt/set_7/frenetic/odr/test-496,2026-08-31T07:12:42.545634+00:00,2026-08-31T07:12:44.339890+00:00,1.7942,ok,0,stop,354,78,432,0.15,
mt/set_12/frenetic/test-259,2026-08-31T07:12:44.339953+00:00,2026-08-31T07:12:46.123283+00:00,1.7833,ok,0,stop,353,77,430,0.15,
mt/set_16/frenetic_v/test-314,2026-08-31T07:12:46.123344+00:00,2026-08-31T07:12:48.147186+00:00,2.0238,ok,0,stop,355,92,447,0.15,
mt/set_12/ambiegen/test-937,2026-08-31T07:12:48.147241+00:00,2026-08-31T07:12:49.784057+00:00,1.6368,ok,0,stop,354,72,426,0.15,
mt/set_10/frenetic_v/test-580,2026-08-31T07:12:49.784110+00:00,2026-08-31T07:12:51.429223+00:00,1.6451,ok,0,stop,355,72,427,0.15,
mt/set_10/ambiegen/test-20,2026-08-31T07:12:51.429279+00:00,2026-08-31T07:12:53.401750+00:00,1.9724,ok,0,stop,354,89,443,0.35,
mt/set_13/frenetic_v/test-790,2026-08-31T07:12:53.401798+00:00,2026-08-31T07:12:54.984068+00:00,1.5822,ok,0,stop,355,72,427,0.15,
mt/set_14/ambiegen/test-531,2026-08-31T07:12:54.984122+00:00,2026-08-31T07:12:56.674463+00:00,1.6903,ok,0,stop,355,77,432,0.15,
mt_set6/frenetic/test-874,2026-08-31T07:12:56.674518+00:00,2026-08-31T07:12:58.273140+00:00,1.5986,ok,0,stop,354,72,426,0.15,
mt/set_9/frenetic/test-248,2026-08-31T07:12:58.273193+00:00,2026-08-31T07:12:59.851563+00:00,1.5783,ok,0,stop,353,72,425,0.15,
mt_set5/ambiegen/test-687,2026-08-31T07:12:59.851617+00:00,2026-08-31T07:13:01.542142+00:00,1.6905,ok,0,stop,354,77,431,0.15,
mt/set_7/frenetic_v/odr/test-435,2026-08-31T07:13:01.542208+00:00,2026-08-31T07:13:03.460328+00:00,1.9178,ok,0,stop,354,72,426,0.15,
mt/set_11/frenetic_v/test-334,2026-08-31T07:13:03.460759+00:00,2026-08-31T07:13:05.487114+00:00,2.0263,ok,0,stop,354,72,426,0.15,
mt/set_17/ambiegen/test-943,2026-08-31T07:13:05.487204+00:00,2026-08-31T07:13:07.185964+00:00,1.6987,ok,0,stop,354,72,426,0.25,
mt/set_9/ambiegen/test-633,2026-08-31T07:13:07.186014+00:00,2026-08-31T07:13:08.771638+00:00,1.5856,ok,0,stop,354,72,426,0.15,
mt/set_6/frenetic_v/test-110,2026-08-31T07:13:08.771688+00:00,2026-08-31T07:13:10.353619+00:00,1.5819,ok,0,stop,355,72,427,0.15,
mt/set_12/ambiegen/test-544,2026-08-31T07:13:10.353675+00:00,2026-08-31T07:13:12.135826+00:00,1.7821,ok,0,stop,354,78,432,0.15,
mt/set_18/ambiegen/test-502,2026-08-31T07:13:12.135880+00:00,2026-08-31T07:13:13.771505+00:00,1.6356,ok,0,stop,354,72,426,0.15,
mt/set_7/ambiegen/odr/test-439,2026-08-31T07:13:13.771563+00:00,2026-08-31T07:13:15.374536+00:00,1.6029,ok,0,stop,354,72,426,0.15,
mt_set5/ambiegen/test-738,2026-08-31T07:13:15.374594+00:00,2026-08-31T07:13:16.962488+00:00,1.5878,ok,0,stop,354,72,426,0.15,
mt/set_12/frenetic/test-134,2026-08-31T07:13:16.962551+00:00,2026-08-31T07:13:18.619046+00:00,1.6564,ok,0,stop,354,72,426,0.15,
mt/set_10/frenetic/test-440,2026-08-31T07:13:18.619130+00:00,2026-08-31T07:13:20.209130+00:00,1.59,ok,0,stop,353,72,425,0.15,
mt/set_8/ambiegen/odr/test-812,2026-08-31T07:13:20.209195+00:00,2026-08-31T07:13:21.891869+00:00,1.6826,ok,0,stop,354,77,431,0.15,
mt/set_9/frenetic_v/test-486,2026-08-31T07:13:21.891935+00:00,2026-08-31T07:13:23.470537+00:00,1.5786,ok,0,stop,355,72,427,0.15,
mt_set6/frenetic/test-627,2026-08-31T07:13:23.470606+00:00,2026-08-31T07:13:25.981857+00:00,2.5112,ok,0,stop,353,72,425,0.15,
mt/set_12/ambiegen/test-821,2026-08-31T07:13:25.981916+00:00,2026-08-31T07:13:27.670748+00:00,1.6888,ok,0,stop,355,72,427,0.15,
mt/set_18/frenetic/test-823,2026-08-31T07:13:27.670817+00:00,2026-08-31T07:13:29.348717+00:00,1.6779,ok,0,stop,354,77,431,0.15,
mt/set_16/frenetic/test-797,2026-08-31T07:13:29.348779+00:00,2026-08-31T07:13:30.928662+00:00,1.5798,ok,0,stop,353,72,425,0.15,
mt/set_9/frenetic_v/test-581,2026-08-31T07:13:30.928721+00:00,2026-08-31T07:13:32.637462+00:00,1.7087,ok,0,stop,355,78,433,0.15,
mt/set_10/frenetic/test-700,2026-08-31T07:13:32.637522+00:00,2026-08-31T07:13:34.321837+00:00,1.6843,ok,0,stop,354,77,431,0.15,
mt/set_14/frenetic/test-393,2026-08-31T07:13:34.321895+00:00,2026-08-31T07:13:36.123965+00:00,1.802,ok,0,stop,354,78,432,0.15,
mt/set_13/frenetic_v/test-528,2026-08-31T07:13:36.124042+00:00,2026-08-31T07:13:37.840576+00:00,1.7165,ok,0,stop,355,78,433,0.15,
mt_set5/frenetic/test-139,2026-08-31T07:13:37.840632+00:00,2026-08-31T07:13:39.425107+00:00,1.5844,ok,0,stop,353,72,425,0.15,
mt/set_17/frenetic_v/test-727,2026-08-31T07:13:39.425158+00:00,2026-08-31T07:13:41.008938+00:00,1.5837,ok,0,stop,354,72,426,0.15,
mt/set_10/frenetic/test-507,2026-08-31T07:13:41.009038+00:00,2026-08-31T07:13:42.597024+00:00,1.5879,ok,0,stop,353,72,425,0.15,
mt/set_11/ambiegen/test-497,2026-08-31T07:13:42.597076+00:00,2026-08-31T07:13:44.399720+00:00,1.8026,ok,0,stop,354,77,431,0.15,
mt_set6/frenetic/test-115,2026-08-31T07:13:44.399777+00:00,2026-08-31T07:13:46.004651+00:00,1.6048,ok,0,stop,353,72,425,0.15,
mt/set_17/frenetic/test-371,2026-08-31T07:13:46.004707+00:00,2026-08-31T07:13:47.582101+00:00,1.5774,ok,0,stop,353,72,425,0.15,
mt/set_12/frenetic/test-584,2026-08-31T07:13:47.582156+00:00,2026-08-31T07:13:49.161471+00:00,1.5793,ok,0,stop,353,72,425,0.15,
mt/set_12/frenetic_v/test-448,2026-08-31T07:13:49.161528+00:00,2026-08-31T07:13:50.752601+00:00,1.591,ok,0,stop,354,72,426,0.15,
mt/set_8/frenetic_v/odr/test-740,2026-08-31T07:13:50.752655+00:00,2026-08-31T07:13:52.459461+00:00,1.7068,ok,0,stop,355,77,432,0.15,
mt/set_9/ambiegen/test-40,2026-08-31T07:13:52.459522+00:00,2026-08-31T07:13:54.151649+00:00,1.6921,ok,0,stop,354,77,431,0.15,
mt_set5/frenetic_v/test-264,2026-08-31T07:13:54.151715+00:00,2026-08-31T07:13:55.740651+00:00,1.5889,ok,0,stop,354,72,426,0.15,
mt/set_14/ambiegen/test-733,2026-08-31T07:13:55.740710+00:00,2026-08-31T07:13:57.325219+00:00,1.5845,ok,0,stop,355,72,427,0.15,
mt/set_11/ambiegen/test-649,2026-08-31T07:13:57.325271+00:00,2026-08-31T07:13:58.982681+00:00,1.6574,ok,0,stop,355,75,430,0.35,
mt/set_8/ambiegen/odr/test-255,2026-08-31T07:13:58.982743+00:00,2026-08-31T07:14:00.718639+00:00,1.7359,ok,0,stop,354,78,432,0.15,
mt/set_12/frenetic/test-523,2026-08-31T07:14:00.718734+00:00,2026-08-31T07:14:02.829610+00:00,2.1107,ok,0,stop,354,72,426,0.15,
mt/set_17/frenetic/test-52,2026-08-31T07:14:02.829819+00:00,2026-08-31T07:14:04.682898+00:00,1.853,ok,0,stop,354,77,431,0.15,
mt/set_11/frenetic_v/test-696,2026-08-31T07:14:04.682958+00:00,2026-08-31T07:14:06.265477+00:00,1.5825,ok,0,stop,355,72,427,0.15,
mt/set_16/frenetic/test-793,2026-08-31T07:14:06.265525+00:00,2026-08-31T07:14:07.849527+00:00,1.584,ok,0,stop,354,72,426,0.15,
mt/set_14/frenetic_v/test-769,2026-08-31T07:14:07.849609+00:00,2026-08-31T07:14:09.430894+00:00,1.5812,ok,0,stop,354,72,426,0.15,
mt/set_12/ambiegen/test-741,2026-08-31T07:14:09.430948+00:00,2026-08-31T07:14:11.119211+00:00,1.6882,ok,0,stop,354,77,431,0.15,
mt/set_10/frenetic_v/test-271,2026-08-31T07:14:11.119263+00:00,2026-08-31T07:14:12.698374+00:00,1.5791,ok,0,stop,354,72,426,0.15,
mt/set_12/frenetic_v/test-757,2026-08-31T07:14:12.698434+00:00,2026-08-31T07:14:14.272737+00:00,1.5743,ok,0,stop,355,72,427,0.15,
mt/set_8/frenetic_v/odr/test-909,2026-08-31T07:14:14.272790+00:00,2026-08-31T07:14:15.855437+00:00,1.5826,ok,0,stop,354,72,426,0.15,
mt/set_12/frenetic/test-233,2026-08-31T07:14:15.855491+00:00,2026-08-31T07:14:17.445807+00:00,1.5903,ok,0,stop,353,72,425,0.15,
mt/set_17/ambiegen/test-355,2026-08-31T07:14:17.445857+00:00,2026-08-31T07:14:19.208739+00:00,1.7628,ok,0,stop,355,78,433,0.15,
mt/set_8/frenetic_v/odr/test-183,2026-08-31T07:14:19.208791+00:00,2026-08-31T07:14:21.292019+00:00,2.0832,ok,0,stop,355,92,447,0.15,
mt_set5/frenetic/test-77,2026-08-31T07:14:21.292069+00:00,2026-08-31T07:14:23.382967+00:00,2.0907,ok,0,stop,354,77,431,0.15,
mt/set_14/frenetic_v/test-395,2026-08-31T07:14:23.383248+00:00,2026-08-31T07:14:25.278406+00:00,1.8951,ok,0,stop,355,72,427,0.15,
mt/set_9/frenetic/test-358,2026-08-31T07:14:25.278502+00:00,2026-08-31T07:14:27.042678+00:00,1.7641,ok,0,stop,353,77,430,0.15,
mt/set_7/ambiegen/odr/test-246,2026-08-31T07:14:27.042762+00:00,2026-08-31T07:14:28.623749+00:00,1.5809,ok,0,stop,354,72,426,0.15,
mt_set6/frenetic/test-635,2026-08-31T07:14:28.623814+00:00,2026-08-31T07:14:30.332937+00:00,1.7091,ok,0,stop,354,78,432,0.15,
mt/set_7/frenetic/odr/test-352,2026-08-31T07:14:30.333002+00:00,2026-08-31T07:14:32.025115+00:00,1.6921,ok,0,stop,354,77,431,0.15,
mt/set_13/ambiegen/test-68,2026-08-31T07:14:32.025181+00:00,2026-08-31T07:14:33.640051+00:00,1.6148,ok,0,stop,354,72,426,0.15,
mt/set_10/ambiegen/test-775,2026-08-31T07:14:33.640138+00:00,2026-08-31T07:14:35.428187+00:00,1.788,ok,0,stop,354,78,432,0.15,
mt/set_7/frenetic_v/odr/test-575,2026-08-31T07:14:35.428238+00:00,2026-08-31T07:14:37.004273+00:00,1.576,ok,0,stop,354,72,426,0.15,
mt/set_14/ambiegen/test-881,2026-08-31T07:14:37.004328+00:00,2026-08-31T07:14:38.584923+00:00,1.5806,ok,0,stop,354,72,426,0.15,
mt/set_8/frenetic/odr/test-320,2026-08-31T07:14:38.584989+00:00,2026-08-31T07:14:40.161494+00:00,1.5765,ok,0,stop,354,72,426,0.15,
mt/set_17/frenetic/test-738,2026-08-31T07:14:40.161573+00:00,2026-08-31T07:14:41.746051+00:00,1.5844,ok,0,stop,353,72,425,0.15,
mt/set_11/frenetic_v/test-57,2026-08-31T07:14:41.746109+00:00,2026-08-31T07:14:43.512039+00:00,1.7659,ok,0,stop,355,77,432,0.15,
mt/set_13/ambiegen/test-531,2026-08-31T07:14:43.512092+00:00,2026-08-31T07:14:45.208649+00:00,1.6965,ok,0,stop,354,77,431,0.15,
mt/set_14/ambiegen/test-795,2026-08-31T07:14:45.208704+00:00,2026-08-31T07:14:47.055019+00:00,1.8463,ok,0,stop,354,84,438,0.15,
mt/set_6/frenetic_v/test-786,2026-08-31T07:14:47.055078+00:00,2026-08-31T07:14:48.636770+00:00,1.5817,ok,0,stop,354,72,426,0.15,
mt/set_17/frenetic/test-65,2026-08-31T07:14:48.636828+00:00,2026-08-31T07:14:50.224583+00:00,1.5877,ok,0,stop,353,72,425,0.15,
mt/set_9/frenetic/test-214,2026-08-31T07:14:50.224634+00:00,2026-08-31T07:14:51.932323+00:00,1.7077,ok,0,stop,354,78,432,0.15,
mt/set_17/ambiegen/test-711,2026-08-31T07:14:51.932374+00:00,2026-08-31T07:14:53.512186+00:00,1.5798,ok,0,stop,353,72,425,0.15,
mt/set_7/ambiegen/odr/test-142,2026-08-31T07:14:53.512239+00:00,2026-08-31T07:14:55.108572+00:00,1.5963,ok,0,stop,353,72,425,0.15,
mt/set_9/frenetic/test-55,2026-08-31T07:14:55.108633+00:00,2026-08-31T07:14:56.684760+00:00,1.5761,ok,0,stop,353,72,425,0.15,
mt/set_8/frenetic/odr/test-279,2026-08-31T07:14:56.684810+00:00,2026-08-31T07:14:58.279318+00:00,1.5945,ok,0,stop,353,72,425,0.15,
mt/set_8/ambiegen/odr/test-416,2026-08-31T07:14:58.279368+00:00,2026-08-31T07:14:59.878756+00:00,1.5994,ok,0,stop,354,72,426,0.15,
mt/set_16/frenetic/test-555,2026-08-31T07:14:59.878814+00:00,2026-08-31T07:15:01.885523+00:00,2.0065,ok,0,stop,354,72,426,0.15,
mt/set_2/ambiegen/odr/test-378,2026-08-31T07:15:01.885802+00:00,2026-08-31T07:15:03.684582+00:00,1.7987,ok,0,stop,355,67,422,0.65,
mt/set_9/frenetic_v/test-777,2026-08-31T07:15:03.684647+00:00,2026-08-31T07:15:05.329595+00:00,1.6449,ok,0,stop,354,72,426,0.15,
mt/set_7/frenetic_v/odr/test-400,2026-08-31T07:15:05.329648+00:00,2026-08-31T07:15:06.926760+00:00,1.5971,ok,0,stop,354,72,426,0.15,
mt/set_10/ambiegen/test-271,2026-08-31T07:15:06.926816+00:00,2026-08-31T07:15:08.507359+00:00,1.5805,ok,0,stop,354,72,426,0.15,
mt/set_13/frenetic_v/test-6,2026-08-31T07:15:08.507416+00:00,2026-08-31T07:15:10.219030+00:00,1.7116,ok,0,stop,355,77,432,0.15,
mt/set_17/ambiegen/test-434,2026-08-31T07:15:10.219086+00:00,2026-08-31T07:15:11.817729+00:00,1.5986,ok,0,stop,354,72,426,0.15,
mt/set_16/frenetic/test-102,2026-08-31T07:15:11.817782+00:00,2026-08-31T07:15:13.502464+00:00,1.6847,ok,0,stop,354,77,431,0.15,
mt/set_11/frenetic_v/test-627,2026-08-31T07:15:13.502517+00:00,2026-08-31T07:15:15.200950+00:00,1.6984,ok,0,stop,355,77,432,0.15,
mt/set_9/frenetic_v/test-908,2026-08-31T07:15:15.201013+00:00,2026-08-31T07:15:17.231296+00:00,2.0302,ok,0,stop,355,92,447,0.15,
mt/set_6/frenetic_v/test-730,2026-08-31T07:15:17.231369+00:00,2026-08-31T07:15:18.828531+00:00,1.5971,ok,0,stop,355,72,427,0.15,
mt/set_18/frenetic/test-368,2026-08-31T07:15:18.828591+00:00,2026-08-31T07:15:20.435936+00:00,1.6073,ok,0,stop,353,72,425,0.15,
mt/set_16/frenetic/test-195,2026-08-31T07:15:20.435989+00:00,2026-08-31T07:15:22.404960+00:00,1.9687,ok,0,stop,354,72,426,0.15,
mt/set_6/frenetic_v/test-632,2026-08-31T07:15:22.405384+00:00,2026-08-31T07:15:24.414032+00:00,2.0086,ok,0,stop,354,72,426,0.15,
mt/set_14/ambiegen/test-332,2026-08-31T07:15:24.414090+00:00,2026-08-31T07:15:26.133449+00:00,1.7193,ok,0,stop,354,72,426,0.25,
mt/set_14/frenetic_v/test-115,2026-08-31T07:15:26.133532+00:00,2026-08-31T07:15:27.729398+00:00,1.5958,ok,0,stop,354,72,426,0.15,
mt/set_7/frenetic_v/odr/test-323,2026-08-31T07:15:27.729451+00:00,2026-08-31T07:15:29.325945+00:00,1.5965,ok,0,stop,354,72,426,0.15,
mt/set_7/frenetic_v/odr/test-938,2026-08-31T07:15:29.326000+00:00,2026-08-31T07:15:30.923182+00:00,1.5971,ok,0,stop,354,72,426,0.15,
mt/set_13/frenetic_v/test-68,2026-08-31T07:15:30.923246+00:00,2026-08-31T07:15:32.528645+00:00,1.6054,ok,0,stop,355,72,427,0.15,
mt/set_2/ambiegen/odr/test-368,2026-08-31T07:15:32.528699+00:00,2026-08-31T07:15:34.221236+00:00,1.6925,ok,0,stop,354,72,426,0.15,
mt/set_2/ambiegen/odr/test-270,2026-08-31T07:15:34.221290+00:00,2026-08-31T07:15:35.940672+00:00,1.7194,ok,0,stop,354,77,431,0.15,
mt/set_13/ambiegen/test-391,2026-08-31T07:15:35.940727+00:00,2026-08-31T07:15:37.546069+00:00,1.6053,ok,0,stop,354,72,426,0.15,
mt/set_9/ambiegen/test-299,2026-08-31T07:15:37.546124+00:00,2026-08-31T07:15:39.249182+00:00,1.703,ok,0,stop,354,77,431,0.15,
mt/set_16/frenetic_v/test-679,2026-08-31T07:15:39.249236+00:00,2026-08-31T07:15:40.849139+00:00,1.5999,ok,0,stop,354,72,426,0.15,
mt_set5/frenetic/test-358,2026-08-31T07:15:40.849198+00:00,2026-08-31T07:15:42.523436+00:00,1.6742,ok,0,stop,354,72,426,0.15,
mt/set_7/ambiegen/odr/test-654,2026-08-31T07:15:42.523488+00:00,2026-08-31T07:15:44.228627+00:00,1.7051,ok,0,stop,354,77,431,0.15,
mt_set5/ambiegen/test-359,2026-08-31T07:15:44.228693+00:00,2026-08-31T07:15:45.980359+00:00,1.7516,ok,0,stop,355,80,435,0.15,
mt/set_7/frenetic_v/odr/test-857,2026-08-31T07:15:45.980413+00:00,2026-08-31T07:15:47.559872+00:00,1.5794,ok,0,stop,354,72,426,0.15,
mt/set_10/frenetic/test-326,2026-08-31T07:15:47.559939+00:00,2026-08-31T07:15:49.287158+00:00,1.7272,ok,0,stop,354,78,432,0.15,
mt/set_7/frenetic/odr/test-564,2026-08-31T07:15:49.287221+00:00,2026-08-31T07:15:50.873356+00:00,1.5861,ok,0,stop,354,72,426,0.15,
mt/set_12/frenetic_v/test-576,2026-08-31T07:15:50.873411+00:00,2026-08-31T07:15:52.477790+00:00,1.6043,ok,0,stop,355,72,427,0.15,
mt/set_17/frenetic/test-480,2026-08-31T07:15:52.477844+00:00,2026-08-31T07:15:54.195246+00:00,1.7174,ok,0,stop,354,78,432,0.15,
mt/set_9/frenetic/test-464,2026-08-31T07:15:54.195306+00:00,2026-08-31T07:15:55.784809+00:00,1.5895,ok,0,stop,353,72,425,0.15,
mt/set_14/ambiegen/test-685,2026-08-31T07:15:55.784866+00:00,2026-08-31T07:15:57.373504+00:00,1.5886,ok,0,stop,354,72,426,0.15,
mt/set_8/frenetic_v/odr/test-897,2026-08-31T07:15:57.373565+00:00,2026-08-31T07:15:58.958323+00:00,1.5847,ok,0,stop,354,72,426,0.15,
mt/set_9/frenetic_v/test-140,2026-08-31T07:15:58.958382+00:00,2026-08-31T07:16:00.970420+00:00,2.012,ok,0,stop,355,92,447,0.15,
mt/set_11/frenetic_v/test-41,2026-08-31T07:16:00.970475+00:00,2026-08-31T07:16:03.359212+00:00,2.3887,ok,0,stop,354,72,426,0.15,
mt_set6/frenetic/test-626,2026-08-31T07:16:03.359257+00:00,2026-08-31T07:16:05.116557+00:00,1.7573,ok,0,stop,354,77,431,0.25,
mt/set_7/frenetic/odr/test-721,2026-08-31T07:16:05.116613+00:00,2026-08-31T07:16:06.818780+00:00,1.7021,ok,0,stop,353,77,430,0.25,
mt/set_16/frenetic_v/test-593,2026-08-31T07:16:06.818837+00:00,2026-08-31T07:16:08.401847+00:00,1.583,ok,0,stop,354,72,426,0.15,
mt/set_16/ambiegen/test-605,2026-08-31T07:16:08.401905+00:00,2026-08-31T07:16:10.004176+00:00,1.6022,ok,0,stop,354,72,426,0.15,
mt/set_18/ambiegen/test-129,2026-08-31T07:16:10.004230+00:00,2026-08-31T07:16:11.611998+00:00,1.6077,ok,0,stop,354,72,426,0.15,
mt/set_18/ambiegen/test-71,2026-08-31T07:16:11.612051+00:00,2026-08-31T07:16:13.370989+00:00,1.7589,ok,0,stop,354,79,433,0.25,
mt/set_7/ambiegen/odr/test-328,2026-08-31T07:16:13.371045+00:00,2026-08-31T07:16:15.017716+00:00,1.6466,ok,0,stop,354,72,426,0.15,
mt/set_6/frenetic_v/test-290,2026-08-31T07:16:15.017792+00:00,2026-08-31T07:16:17.077444+00:00,2.0596,ok,0,stop,355,92,447,0.15,
mt/set_10/frenetic_v/test-530,2026-08-31T07:16:17.077508+00:00,2026-08-31T07:16:18.703168+00:00,1.6256,ok,0,stop,354,72,426,0.15,
mt/set_7/frenetic_v/odr/test-132,2026-08-31T07:16:18.703225+00:00,2026-08-31T07:16:20.455723+00:00,1.7525,ok,0,stop,354,77,431,0.15,
mt/set_16/frenetic_v/test-115,2026-08-31T07:16:20.455780+00:00,2026-08-31T07:16:22.100327+00:00,1.6445,ok,0,stop,355,72,427,0.15,
mt/set_12/ambiegen/test-316,2026-08-31T07:16:22.100389+00:00,2026-08-31T07:16:23.933181+00:00,1.8327,ok,0,stop,354,78,432,0.65,
mt/set_16/frenetic_v/test-732,2026-08-31T07:16:23.933369+00:00,2026-08-31T07:16:26.170895+00:00,2.2375,ok,0,stop,354,77,431,0.15,
mt/set_7/ambiegen/odr/test-200,2026-08-31T07:16:26.170957+00:00,2026-08-31T07:16:27.869880+00:00,1.6989,ok,0,stop,355,72,427,0.15,
mt/set_14/frenetic/test-221,2026-08-31T07:16:27.869942+00:00,2026-08-31T07:16:29.484098+00:00,1.6141,ok,0,stop,354,72,426,0.15,
mt/set_11/frenetic_v/test-582,2026-08-31T07:16:29.484162+00:00,2026-08-31T07:16:31.532566+00:00,2.0484,ok,0,stop,355,92,447,0.15,
mt/set_2/ambiegen/odr/test-864,2026-08-31T07:16:31.532630+00:00,2026-08-31T07:16:33.282784+00:00,1.7501,ok,0,stop,355,78,433,0.15,
mt/set_17/frenetic_v/test-625,2026-08-31T07:16:33.282845+00:00,2026-08-31T07:16:34.873782+00:00,1.5909,ok,0,stop,355,72,427,0.15,
mt/set_13/frenetic_v/test-482,2026-08-31T07:16:34.873842+00:00,2026-08-31T07:16:36.511196+00:00,1.6373,ok,0,stop,355,72,427,0.15,
mt/set_18/ambiegen/test-904,2026-08-31T07:16:36.511273+00:00,2026-08-31T07:16:38.334972+00:00,1.8237,ok,0,stop,355,80,435,0.15,
mt/set_17/frenetic/test-217,2026-08-31T07:16:38.335056+00:00,2026-08-31T07:16:39.956580+00:00,1.6215,ok,0,stop,354,72,426,0.15,
mt/set_10/ambiegen/test-384,2026-08-31T07:16:39.956632+00:00,2026-08-31T07:16:41.572889+00:00,1.6162,ok,0,stop,354,72,426,0.15,
mt/set_17/frenetic/test-529,2026-08-31T07:16:41.572960+00:00,2026-08-31T07:16:43.180247+00:00,1.6072,ok,0,stop,353,72,425,0.15,
mt/set_9/frenetic/test-428,2026-08-31T07:16:43.180294+00:00,2026-08-31T07:16:44.977748+00:00,1.7974,ok,0,stop,354,77,431,0.15,
mt/set_13/ambiegen/test-655,2026-08-31T07:16:44.977803+00:00,2026-08-31T07:16:46.719618+00:00,1.7418,ok,0,stop,354,77,431,0.15,
mt/set_11/frenetic/test-558,2026-08-31T07:16:46.719681+00:00,2026-08-31T07:16:48.436276+00:00,1.7166,ok,0,stop,354,77,431,0.15,
mt/set_8/frenetic_v/odr/test-179,2026-08-31T07:16:48.436329+00:00,2026-08-31T07:16:50.044836+00:00,1.6085,ok,0,stop,354,72,426,0.15,
mt_set5/ambiegen/test-598,2026-08-31T07:16:50.044913+00:00,2026-08-31T07:16:51.777197+00:00,1.7322,ok,0,stop,353,77,430,0.15,
mt/set_7/frenetic_v/odr/test-187,2026-08-31T07:16:51.777288+00:00,2026-08-31T07:16:53.396644+00:00,1.6193,ok,0,stop,355,72,427,0.15,
mt/set_17/ambiegen/test-699,2026-08-31T07:16:53.396696+00:00,2026-08-31T07:16:55.017272+00:00,1.6205,ok,0,stop,355,72,427,0.15,
mt/set_13/frenetic_v/test-784,2026-08-31T07:16:55.017323+00:00,2026-08-31T07:16:56.736898+00:00,1.7195,ok,0,stop,355,77,432,0.15,
mt/set_18/frenetic/test-416,2026-08-31T07:16:56.736951+00:00,2026-08-31T07:16:58.361732+00:00,1.6247,ok,0,stop,354,72,426,0.15,
mt/set_8/frenetic_v/odr/test-284,2026-08-31T07:16:58.361795+00:00,2026-08-31T07:16:59.973025+00:00,1.6112,ok,0,stop,355,72,427,0.15,
mt/set_17/ambiegen/test-814,2026-08-31T07:16:59.973087+00:00,2026-08-31T07:17:01.693990+00:00,1.7209,ok,0,stop,353,77,430,0.15,
mt_set5/frenetic/test-255,2026-08-31T07:17:01.694046+00:00,2026-08-31T07:17:03.309018+00:00,1.6149,ok,0,stop,354,72,426,0.15,
mt/set_18/ambiegen/test-578,2026-08-31T07:17:03.309070+00:00,2026-08-31T07:17:05.625139+00:00,2.316,ok,0,stop,355,72,427,0.15,
mt/set_10/ambiegen/test-490,2026-08-31T07:17:05.625223+00:00,2026-08-31T07:17:07.299160+00:00,1.6739,ok,0,stop,354,72,426,0.15,
mt/set_11/frenetic/test-754,2026-08-31T07:17:07.299231+00:00,2026-08-31T07:17:09.014958+00:00,1.7157,ok,0,stop,354,77,431,0.15,
mt/set_11/frenetic_v/test-591,2026-08-31T07:17:09.015014+00:00,2026-08-31T07:17:10.625096+00:00,1.61,ok,0,stop,355,72,427,0.15,
mt/set_16/frenetic_v/test-740,2026-08-31T07:17:10.625150+00:00,2026-08-31T07:17:12.234983+00:00,1.6098,ok,0,stop,355,72,427,0.15,
mt/set_10/frenetic_v/test-767,2026-08-31T07:17:12.235036+00:00,2026-08-31T07:17:13.957166+00:00,1.7221,ok,0,stop,355,77,432,0.15,
mt/set_7/frenetic_v/odr/test-658,2026-08-31T07:17:13.957223+00:00,2026-08-31T07:17:15.563781+00:00,1.6065,ok,0,stop,354,72,426,0.15,
mt/set_11/frenetic/test-135,2026-08-31T07:17:15.563856+00:00,2026-08-31T07:17:17.170239+00:00,1.6063,ok,0,stop,353,72,425,0.15,
mt/set_16/ambiegen/test-303,2026-08-31T07:17:17.170293+00:00,2026-08-31T07:17:18.912200+00:00,1.7419,ok,0,stop,354,78,432,0.15,
mt/set_10/frenetic/test-214,2026-08-31T07:17:18.912279+00:00,2026-08-31T07:17:20.522088+00:00,1.6098,ok,0,stop,353,72,425,0.15,
mt/set_9/ambiegen/test-339,2026-08-31T07:17:20.522143+00:00,2026-08-31T07:17:22.137026+00:00,1.6148,ok,0,stop,354,72,426,0.15,
mt/set_13/ambiegen/test-563,2026-08-31T07:17:22.137084+00:00,2026-08-31T07:17:23.737890+00:00,1.6008,ok,0,stop,354,72,426,0.15,
mt/set_18/frenetic/test-637,2026-08-31T07:17:23.737953+00:00,2026-08-31T07:17:26.170558+00:00,2.4326,ok,0,stop,353,77,430,0.15,
mt/set_8/frenetic/odr/test-121,2026-08-31T07:17:26.170627+00:00,2026-08-31T07:17:27.974661+00:00,1.804,ok,0,stop,354,77,431,0.15,
mt/set_8/frenetic_v/odr/test-49,2026-08-31T07:17:27.974733+00:00,2026-08-31T07:17:29.594132+00:00,1.6194,ok,0,stop,354,72,426,0.15,
mt/set_9/frenetic_v/test-419,2026-08-31T07:17:29.594193+00:00,2026-08-31T07:17:31.206566+00:00,1.6123,ok,0,stop,355,72,427,0.15,
mt_set6/frenetic/test-169,2026-08-31T07:17:31.206624+00:00,2026-08-31T07:17:32.922810+00:00,1.7161,ok,0,stop,353,77,430,0.15,
mt/set_7/frenetic/odr/test-487,2026-08-31T07:17:32.922860+00:00,2026-08-31T07:17:34.532482+00:00,1.6096,ok,0,stop,354,72,426,0.15,
mt/set_7/ambiegen/odr/test-84,2026-08-31T07:17:34.532543+00:00,2026-08-31T07:17:36.155918+00:00,1.6233,ok,0,stop,354,72,426,0.15,
mt/set_10/frenetic_v/test-581,2026-08-31T07:17:36.156001+00:00,2026-08-31T07:17:37.940365+00:00,1.7843,ok,0,stop,355,77,432,0.15,
mt/set_16/frenetic/test-106,2026-08-31T07:17:37.940412+00:00,2026-08-31T07:17:39.658147+00:00,1.7177,ok,0,stop,354,77,431,0.15,
mt/set_14/ambiegen/test-952,2026-08-31T07:17:39.658209+00:00,2026-08-31T07:17:41.393683+00:00,1.7354,ok,0,stop,354,77,431,0.15,
mt/set_16/ambiegen/test-693,2026-08-31T07:17:41.393735+00:00,2026-08-31T07:17:42.981658+00:00,1.5879,ok,0,stop,353,71,424,0.15,
mt/set_11/frenetic_v/test-515,2026-08-31T07:17:42.981715+00:00,2026-08-31T07:17:44.597163+00:00,1.6154,ok,0,stop,355,72,427,0.15,
mt/set_17/ambiegen/test-105,2026-08-31T07:17:44.597220+00:00,2026-08-31T07:17:46.297417+00:00,1.7002,ok,0,stop,354,72,426,0.15,
mt/set_2/ambiegen/odr/test-706,2026-08-31T07:17:46.297501+00:00,2026-08-31T07:17:47.942556+00:00,1.645,ok,0,stop,355,72,427,0.15,
mt/set_8/ambiegen/odr/test-665,2026-08-31T07:17:47.942617+00:00,2026-08-31T07:17:49.684965+00:00,1.7423,ok,0,stop,354,77,431,0.15,
mt/set_12/frenetic/test-939,2026-08-31T07:17:49.685037+00:00,2026-08-31T07:17:51.735708+00:00,2.0506,ok,0,stop,354,92,446,0.15,
mt/set_12/ambiegen/test-630,2026-08-31T07:17:51.735768+00:00,2026-08-31T07:17:53.499766+00:00,1.764,ok,0,stop,354,77,431,0.15,
mt/set_11/frenetic_v/test-407,2026-08-31T07:17:53.499838+00:00,2026-08-31T07:17:55.027281+00:00,1.5274,ok,0,stop,355,68,423,0.15,
mt/set_12/ambiegen/test-448,2026-08-31T07:17:55.027338+00:00,2026-08-31T07:17:56.640862+00:00,1.6135,ok,0,stop,354,72,426,0.15,
mt/set_14/ambiegen/test-868,2026-08-31T07:17:56.640915+00:00,2026-08-31T07:17:58.360306+00:00,1.7194,ok,0,stop,354,77,431,0.15,
mt/set_7/ambiegen/odr/test-409,2026-08-31T07:17:58.360369+00:00,2026-08-31T07:18:00.074191+00:00,1.7138,ok,0,stop,355,78,433,0.15,
mt/set_16/ambiegen/test-32,2026-08-31T07:18:00.074251+00:00,2026-08-31T07:18:01.661766+00:00,1.5875,ok,0,stop,355,72,427,0.15,
mt/set_9/frenetic/test-226,2026-08-31T07:18:01.661813+00:00,2026-08-31T07:18:03.366336+00:00,1.7045,ok,0,stop,354,78,432,0.15,
mt_set5/frenetic/test-696,2026-08-31T07:18:03.366386+00:00,2026-08-31T07:18:05.672421+00:00,2.3058,ok,0,stop,353,77,430,0.15,
mt/set_18/frenetic_v/test-76,2026-08-31T07:18:05.672823+00:00,2026-08-31T07:18:07.492382+00:00,1.8195,ok,0,stop,355,72,427,0.15,
mt/set_13/frenetic/test-97,2026-08-31T07:18:07.492435+00:00,2026-08-31T07:18:09.098026+00:00,1.6056,ok,0,stop,354,72,426,0.15,
mt/set_6/frenetic_v/test-512,2026-08-31T07:18:09.098081+00:00,2026-08-31T07:18:10.703566+00:00,1.6055,ok,0,stop,354,72,426,0.15,
mt/set_9/ambiegen/test-264,2026-08-31T07:18:10.703618+00:00,2026-08-31T07:18:12.311034+00:00,1.6074,ok,0,stop,355,72,427,0.15,
mt/set_14/frenetic/test-611,2026-08-31T07:18:12.311085+00:00,2026-08-31T07:18:14.024752+00:00,1.7136,ok,0,stop,354,77,431,0.15,
mt/set_18/frenetic/test-163,2026-08-31T07:18:14.024835+00:00,2026-08-31T07:18:15.743479+00:00,1.7186,ok,0,stop,354,77,431,0.15,
mt_set5/frenetic/test-747,2026-08-31T07:18:15.743530+00:00,2026-08-31T07:18:17.352942+00:00,1.6094,ok,0,stop,353,72,425,0.15,
mt/set_17/frenetic_v/test-25,2026-08-31T07:18:17.353165+00:00,2026-08-31T07:18:19.075798+00:00,1.7225,ok,0,stop,354,77,431,0.15,
mt/set_8/ambiegen/odr/test-425,2026-08-31T07:18:19.075872+00:00,2026-08-31T07:18:20.682025+00:00,1.6061,ok,0,stop,354,72,426,0.15,
mt/set_7/frenetic_v/odr/test-96,2026-08-31T07:18:20.682090+00:00,2026-08-31T07:18:22.404091+00:00,1.7219,ok,0,stop,355,77,432,0.15,
mt/set_17/frenetic/test-831,2026-08-31T07:18:22.404169+00:00,2026-08-31T07:18:24.022577+00:00,1.6184,ok,0,stop,354,72,426,0.15,
mt_set5/frenetic/test-71,2026-08-31T07:18:24.022677+00:00,2026-08-31T07:18:25.638267+00:00,1.6155,ok,0,stop,353,72,425,0.15,
mt/set_12/frenetic_v/test-552,2026-08-31T07:18:25.638401+00:00,2026-08-31T07:18:28.054536+00:00,2.4161,ok,0,stop,355,72,427,0.15,
mt/set_7/ambiegen/odr/test-14,2026-08-31T07:18:28.054697+00:00,2026-08-31T07:18:29.919072+00:00,1.8643,ok,0,stop,355,79,434,0.25,
mt/set_13/frenetic_v/test-628,2026-08-31T07:18:29.919127+00:00,2026-08-31T07:18:31.533268+00:00,1.6141,ok,0,stop,355,72,427,0.15,
mt/set_17/ambiegen/test-757,2026-08-31T07:18:31.533329+00:00,2026-08-31T07:18:33.256457+00:00,1.7231,ok,0,stop,354,77,431,0.15,
mt/set_10/ambiegen/test-749,2026-08-31T07:18:33.256531+00:00,2026-08-31T07:18:34.870133+00:00,1.6136,ok,0,stop,354,72,426,0.15,
mt/set_9/frenetic_v/test-5,2026-08-31T07:18:34.870192+00:00,2026-08-31T07:18:36.485947+00:00,1.6157,ok,0,stop,355,72,427,0.15,
mt_set5/ambiegen/test-457,2026-08-31T07:18:36.486007+00:00,2026-08-31T07:18:38.277327+00:00,1.7913,ok,0,stop,354,77,431,0.15,
mt/set_18/frenetic/test-804,2026-08-31T07:18:38.277402+00:00,2026-08-31T07:18:39.996681+00:00,1.7192,ok,0,stop,354,77,431,0.15,
mt/set_6/frenetic_v/test-720,2026-08-31T07:18:39.996745+00:00,2026-08-31T07:18:41.614110+00:00,1.6173,ok,0,stop,355,72,427,0.15,
mt/set_8/frenetic/odr/test-62,2026-08-31T07:18:41.614195+00:00,2026-08-31T07:18:43.236362+00:00,1.6221,ok,0,stop,354,72,426,0.15,
mt/set_18/ambiegen/test-476,2026-08-31T07:18:43.236448+00:00,2026-08-31T07:18:44.947970+00:00,1.7115,ok,0,stop,354,76,430,0.45,
mt/set_9/frenetic_v/test-316,2026-08-31T07:18:44.948031+00:00,2026-08-31T07:18:46.570837+00:00,1.6228,ok,0,stop,355,72,427,0.15,
mt/set_17/frenetic/test-284,2026-08-31T07:18:46.570906+00:00,2026-08-31T07:18:48.257980+00:00,1.6868,ok,0,stop,353,72,425,0.15,
mt/set_11/frenetic/test-607,2026-08-31T07:18:48.258261+00:00,2026-08-31T07:18:49.894151+00:00,1.6359,ok,0,stop,354,72,426,0.15,
mt/set_9/ambiegen/test-749,2026-08-31T07:18:49.894211+00:00,2026-08-31T07:18:51.508152+00:00,1.6139,ok,0,stop,354,72,426,0.15,
mt_set6/frenetic/test-255,2026-08-31T07:18:51.508208+00:00,2026-08-31T07:18:53.222902+00:00,1.7147,ok,0,stop,354,77,431,0.15,
mt/set_6/frenetic_v/test-235,2026-08-31T07:18:53.222964+00:00,2026-08-31T07:18:54.967765+00:00,1.7448,ok,0,stop,355,78,433,0.15,
mt_set5/frenetic_v/test-484,2026-08-31T07:18:54.967846+00:00,2026-08-31T07:18:56.578370+00:00,1.6105,ok,0,stop,355,72,427,0.15,
mt_set5/frenetic/test-115,2026-08-31T07:18:56.578431+00:00,2026-08-31T07:18:58.193793+00:00,1.6153,ok,0,stop,354,72,426,0.15,
mt/set_14/frenetic_v/test-166,2026-08-31T07:18:58.193860+00:00,2026-08-31T07:18:59.935460+00:00,1.7416,ok,0,stop,355,78,433,0.15,
mt/set_11/frenetic_v/test-628,2026-08-31T07:18:59.935515+00:00,2026-08-31T07:19:01.545949+00:00,1.6104,ok,0,stop,355,72,427,0.15,
mt/set_10/frenetic_v/test-237,2026-08-31T07:19:01.546016+00:00,2026-08-31T07:19:03.271854+00:00,1.7258,ok,0,stop,354,77,431,0.15,
mt_set6/frenetic/test-416,2026-08-31T07:19:03.271922+00:00,2026-08-31T07:19:04.883226+00:00,1.6113,ok,0,stop,354,72,426,0.15,
mt/set_17/frenetic_v/test-180,2026-08-31T07:19:04.883283+00:00,2026-08-31T07:19:07.503581+00:00,2.6203,ok,0,stop,355,72,427,0.15,
mt/set_2/ambiegen/odr/test-963,2026-08-31T07:19:07.503670+00:00,2026-08-31T07:19:09.154625+00:00,1.6509,ok,0,stop,355,72,427,0.15,
mt/set_14/frenetic_v/test-570,2026-08-31T07:19:09.154713+00:00,2026-08-31T07:19:10.766134+00:00,1.6114,ok,0,stop,354,72,426,0.15,
mt/set_16/ambiegen/test-157,2026-08-31T07:19:10.766205+00:00,2026-08-31T07:19:12.355227+00:00,1.589,ok,0,stop,354,72,426,0.15,
mt/set_7/frenetic_v/odr/test-281,2026-08-31T07:19:12.355297+00:00,2026-08-31T07:19:14.072214+00:00,1.7169,ok,0,stop,355,77,432,0.15,
mt/set_2/ambiegen/odr/test-841,2026-08-31T07:19:14.072269+00:00,2026-08-31T07:19:15.704283+00:00,1.632,ok,0,stop,354,72,426,0.15,
mt/set_13/ambiegen/test-908,2026-08-31T07:19:15.704336+00:00,2026-08-31T07:19:17.436406+00:00,1.732,ok,0,stop,353,77,430,0.15,
mt/set_11/frenetic/test-680,2026-08-31T07:19:17.436465+00:00,2026-08-31T07:19:19.043313+00:00,1.6068,ok,0,stop,353,72,425,0.15,
mt/set_8/frenetic_v/odr/test-730,2026-08-31T07:19:19.043372+00:00,2026-08-31T07:19:20.755837+00:00,1.7124,ok,0,stop,355,77,432,0.15,
mt/set_17/ambiegen/test-731,2026-08-31T07:19:20.755973+00:00,2026-08-31T07:19:22.364535+00:00,1.6085,ok,0,stop,354,72,426,0.15,
mt/set_18/ambiegen/test-926,2026-08-31T07:19:22.364595+00:00,2026-08-31T07:19:23.964098+00:00,1.5995,ok,0,stop,354,72,426,0.15,
mt/set_8/frenetic/odr/test-165,2026-08-31T07:19:23.964159+00:00,2026-08-31T07:19:25.707193+00:00,1.743,ok,0,stop,354,78,432,0.15,
mt/set_11/frenetic_v/test-421,2026-08-31T07:19:25.707264+00:00,2026-08-31T07:19:27.408617+00:00,1.7012,ok,0,stop,354,72,426,0.15,
mt/set_17/frenetic_v/test-522,2026-08-31T07:19:27.408898+00:00,2026-08-31T07:19:29.548309+00:00,2.1394,ok,0,stop,354,72,426,0.15,
mt/set_8/frenetic/odr/test-471,2026-08-31T07:19:29.548373+00:00,2026-08-31T07:19:31.355036+00:00,1.8066,ok,0,stop,353,77,430,0.15,
mt/set_17/ambiegen/test-852,2026-08-31T07:19:31.355084+00:00,2026-08-31T07:19:32.961468+00:00,1.6063,ok,0,stop,354,72,426,0.15,
mt/set_14/frenetic_v/test-122,2026-08-31T07:19:32.961526+00:00,2026-08-31T07:19:34.580728+00:00,1.6192,ok,0,stop,355,72,427,0.15,
mt_set5/frenetic_v/test-186,2026-08-31T07:19:34.580791+00:00,2026-08-31T07:19:36.101264+00:00,1.5204,ok,0,stop,355,68,423,0.15,
mt/set_16/ambiegen/test-954,2026-08-31T07:19:36.101346+00:00,2026-08-31T07:19:37.963733+00:00,1.8623,ok,0,stop,355,84,439,0.15,
mt/set_11/ambiegen/test-235,2026-08-31T07:19:37.963803+00:00,2026-08-31T07:19:39.611722+00:00,1.6479,ok,0,stop,354,72,426,0.15,
mt/set_8/frenetic_v/odr/test-326,2026-08-31T07:19:39.611827+00:00,2026-08-31T07:19:41.263343+00:00,1.6515,ok,0,stop,355,72,427,0.15,
mt/set_14/frenetic_v/test-235,2026-08-31T07:19:41.263401+00:00,2026-08-31T07:19:42.869381+00:00,1.6059,ok,0,stop,355,72,427,0.15,
mt/set_12/frenetic_v/test-91,2026-08-31T07:19:42.869526+00:00,2026-08-31T07:19:44.477834+00:00,1.6083,ok,0,stop,355,72,427,0.15,
mt/set_11/ambiegen/test-537,2026-08-31T07:19:44.477888+00:00,2026-08-31T07:19:46.460032+00:00,1.9821,ok,0,stop,354,89,443,0.65,
mt/set_13/frenetic/test-50,2026-08-31T07:19:46.460087+00:00,2026-08-31T07:19:48.071232+00:00,1.6111,ok,0,stop,353,72,425,0.15,
mt/set_13/frenetic/test-39,2026-08-31T07:19:48.071286+00:00,2026-08-31T07:19:49.924392+00:00,1.8531,ok,0,stop,354,78,432,0.15,
mt/set_10/frenetic/test-825,2026-08-31T07:19:49.924450+00:00,2026-08-31T07:19:51.574591+00:00,1.6501,ok,0,stop,354,72,426,0.15,
mt/set_14/ambiegen/test-434,2026-08-31T07:19:51.574647+00:00,2026-08-31T07:19:53.183550+00:00,1.6088,ok,0,stop,354,72,426,0.15,
mt/set_18/frenetic/test-175,2026-08-31T07:19:53.183631+00:00,2026-08-31T07:19:54.918997+00:00,1.7353,ok,0,stop,354,78,432,0.15,
mt/set_13/frenetic/test-158,2026-08-31T07:19:54.919060+00:00,2026-08-31T07:19:56.541258+00:00,1.6222,ok,0,stop,353,72,425,0.15,
mt/set_14/frenetic_v/test-858,2026-08-31T07:19:56.541320+00:00,2026-08-31T07:19:58.153616+00:00,1.6122,ok,0,stop,354,72,426,0.15,
mt/set_17/frenetic_v/test-497,2026-08-31T07:19:58.153694+00:00,2026-08-31T07:19:59.761371+00:00,1.6076,ok,0,stop,354,72,426,0.15,
mt/set_18/ambiegen/test-725,2026-08-31T07:19:59.761435+00:00,2026-08-31T07:20:01.308746+00:00,1.5473,ok,0,stop,354,69,423,0.65,
mt/set_16/frenetic/test-862,2026-08-31T07:20:01.308862+00:00,2026-08-31T07:20:02.925396+00:00,1.6165,ok,0,stop,354,72,426,0.15,
mt/set_9/frenetic_v/test-9,2026-08-31T07:20:02.925463+00:00,2026-08-31T07:20:04.532542+00:00,1.607,ok,0,stop,355,72,427,0.15,
mt/set_2/ambiegen/odr/test-867,2026-08-31T07:20:04.532601+00:00,2026-08-31T07:20:06.274727+00:00,1.7421,ok,0,stop,354,78,432,0.15,
mt/set_16/frenetic/test-364,2026-08-31T07:20:06.274786+00:00,2026-08-31T07:20:08.458652+00:00,2.1837,ok,0,stop,354,72,426,0.15,
mt/set_17/frenetic/test-754,2026-08-31T07:20:08.458969+00:00,2026-08-31T07:20:10.234625+00:00,1.7756,ok,0,stop,353,72,425,0.15,
mt/set_12/frenetic_v/test-531,2026-08-31T07:20:10.234683+00:00,2026-08-31T07:20:11.860378+00:00,1.6257,ok,0,stop,354,72,426,0.15,
mt/set_17/frenetic/test-384,2026-08-31T07:20:11.860436+00:00,2026-08-31T07:20:13.680440+00:00,1.82,ok,0,stop,354,81,435,0.15,
mt/set_9/frenetic_v/test-18,2026-08-31T07:20:13.680519+00:00,2026-08-31T07:20:15.298396+00:00,1.6178,ok,0,stop,355,72,427,0.15,
mt/set_10/frenetic_v/test-296,2026-08-31T07:20:15.298459+00:00,2026-08-31T07:20:16.923607+00:00,1.6251,ok,0,stop,354,72,426,0.15,
mt/set_11/frenetic/test-203,2026-08-31T07:20:16.923707+00:00,2026-08-31T07:20:18.535124+00:00,1.6114,ok,0,stop,353,72,425,0.15,
mt/set_14/frenetic/test-139,2026-08-31T07:20:18.535201+00:00,2026-08-31T07:20:20.142951+00:00,1.6077,ok,0,stop,353,72,425,0.15,
mt/set_14/frenetic/test-797,2026-08-31T07:20:20.143011+00:00,2026-08-31T07:20:21.872703+00:00,1.7297,ok,0,stop,353,77,430,0.15,
mt/set_8/frenetic/odr/test-137,2026-08-31T07:20:21.872761+00:00,2026-08-31T07:20:23.622717+00:00,1.7499,ok,0,stop,354,78,432,0.15,
mt_set5/frenetic/test-726,2026-08-31T07:20:23.622777+00:00,2026-08-31T07:20:25.356064+00:00,1.7333,ok,0,stop,354,77,431,0.15,
mt/set_16/ambiegen/test-72,2026-08-31T07:20:25.356121+00:00,2026-08-31T07:20:26.963319+00:00,1.6072,ok,0,stop,353,72,425,0.15,
mt/set_8/ambiegen/odr/test-228,2026-08-31T07:20:26.963377+00:00,2026-08-31T07:20:28.651685+00:00,1.6882,ok,0,stop,354,72,426,0.15,
mt/set_10/frenetic_v/test-510,2026-08-31T07:20:28.651858+00:00,2026-08-31T07:20:31.137211+00:00,2.4853,ok,0,stop,354,77,431,0.15,
mt/set_10/frenetic_v/test-401,2026-08-31T07:20:31.137267+00:00,2026-08-31T07:20:32.985902+00:00,1.8486,ok,0,stop,355,78,433,0.15,
mt/set_2/ambiegen/odr/test-193,2026-08-31T07:20:32.985962+00:00,2026-08-31T07:20:34.708036+00:00,1.722,ok,0,stop,354,77,431,0.15,
mt_set5/frenetic/test-739,2026-08-31T07:20:34.708092+00:00,2026-08-31T07:20:36.420564+00:00,1.7124,ok,0,stop,353,77,430,0.15,
mt/set_9/ambiegen/test-403,2026-08-31T07:20:36.420620+00:00,2026-08-31T07:20:38.130952+00:00,1.7103,ok,0,stop,354,77,431,0.15,
mt_set5/frenetic/test-430,2026-08-31T07:20:38.131010+00:00,2026-08-31T07:20:39.736894+00:00,1.6058,ok,0,stop,354,72,426,0.15,
mt/set_10/ambiegen/test-960,2026-08-31T07:20:39.736949+00:00,2026-08-31T07:20:41.549436+00:00,1.8124,ok,0,stop,355,80,435,0.15,
mt/set_18/frenetic/test-901,2026-08-31T07:20:41.549521+00:00,2026-08-31T07:20:43.329382+00:00,1.7798,ok,0,stop,353,77,430,0.15,
mt/set_13/ambiegen/test-613,2026-08-31T07:20:43.329451+00:00,2026-08-31T07:20:44.938427+00:00,1.6089,ok,0,stop,354,72,426,0.15,
mt/set_14/frenetic/test-13,2026-08-31T07:20:44.938481+00:00,2026-08-31T07:20:46.547601+00:00,1.6091,ok,0,stop,353,72,425,0.15,
mt/set_12/frenetic_v/test-814,2026-08-31T07:20:46.547657+00:00,2026-08-31T07:20:48.151153+00:00,1.6035,ok,0,stop,355,72,427,0.15,
mt/set_18/ambiegen/test-439,2026-08-31T07:20:48.151212+00:00,2026-08-31T07:20:49.948111+00:00,1.7969,ok,0,stop,354,77,431,0.15,
mt/set_7/frenetic_v/odr/test-110,2026-08-31T07:20:49.948164+00:00,2026-08-31T07:20:51.624026+00:00,1.6758,ok,0,stop,355,72,427,0.15,
mt/set_12/frenetic/test-123,2026-08-31T07:20:51.624096+00:00,2026-08-31T07:20:53.692268+00:00,2.0681,ok,0,stop,354,92,446,0.15,
mt/set_10/frenetic_v/test-477,2026-08-31T07:20:53.692478+00:00,2026-08-31T07:20:55.430415+00:00,1.7379,ok,0,stop,355,78,433,0.15,
mt_set5/frenetic_v/test-584,2026-08-31T07:20:55.430495+00:00,2026-08-31T07:20:57.057623+00:00,1.6271,ok,0,stop,355,72,427,0.15,
mt/set_16/ambiegen/test-730,2026-08-31T07:20:57.057777+00:00,2026-08-31T07:20:58.736751+00:00,1.6789,ok,0,stop,354,75,429,0.35,
mt/set_6/frenetic_v/test-435,2026-08-31T07:20:58.736820+00:00,2026-08-31T07:21:00.353093+00:00,1.6162,ok,0,stop,354,72,426,0.15,
mt/set_9/ambiegen/test-794,2026-08-31T07:21:00.353151+00:00,2026-08-31T07:21:01.962390+00:00,1.6092,ok,0,stop,355,72,427,0.15,
mt/set_13/frenetic/test-712,2026-08-31T07:21:01.962464+00:00,2026-08-31T07:21:03.604932+00:00,1.6424,ok,0,stop,353,72,425,0.15,
mt/set_9/frenetic/test-217,2026-08-31T07:21:03.604994+00:00,2026-08-31T07:21:05.212039+00:00,1.607,ok,0,stop,353,72,425,0.15,
mt/set_11/frenetic_v/test-822,2026-08-31T07:21:05.212096+00:00,2026-08-31T07:21:06.931586+00:00,1.7194,ok,0,stop,354,77,431,0.15,
mt/set_16/ambiegen/test-451,2026-08-31T07:21:06.931651+00:00,2026-08-31T07:21:08.541611+00:00,1.6099,ok,0,stop,354,72,426,0.15,
mt/set_12/frenetic/test-201,2026-08-31T07:21:08.541744+00:00,2026-08-31T07:21:10.819229+00:00,2.2774,ok,0,stop,353,72,425,0.15,
mt/set_18/frenetic/test-682,2026-08-31T07:21:10.819286+00:00,2026-08-31T07:21:12.566891+00:00,1.7476,ok,0,stop,354,77,431,0.15,
mt/set_13/frenetic_v/test-221,2026-08-31T07:21:12.566960+00:00,2026-08-31T07:21:14.159329+00:00,1.5923,ok,0,stop,354,72,426,0.15,
mt_set5/frenetic_v/test-613,2026-08-31T07:21:14.159410+00:00,2026-08-31T07:21:15.760045+00:00,1.6006,ok,0,stop,355,72,427,0.15,
mt/set_14/frenetic/test-436,2026-08-31T07:21:15.760103+00:00,2026-08-31T07:21:17.346495+00:00,1.5864,ok,0,stop,353,72,425,0.15,
mt/set_8/frenetic_v/odr/test-613,2026-08-31T07:21:17.346558+00:00,2026-08-31T07:21:18.993704+00:00,1.6471,ok,0,stop,354,72,426,0.15,
mt/set_8/frenetic/odr/test-816,2026-08-31T07:21:18.993763+00:00,2026-08-31T07:21:20.610887+00:00,1.6171,ok,0,stop,354,72,426,0.15,
mt/set_16/frenetic_v/test-273,2026-08-31T07:21:20.610946+00:00,2026-08-31T07:21:22.193586+00:00,1.5826,ok,0,stop,355,72,427,0.15,
mt/set_8/ambiegen/odr/test-651,2026-08-31T07:21:22.193645+00:00,2026-08-31T07:21:23.920782+00:00,1.7271,ok,0,stop,354,78,432,0.65,
mt/set_11/frenetic_v/test-75,2026-08-31T07:21:23.920841+00:00,2026-08-31T07:21:25.629488+00:00,1.7086,ok,0,stop,355,78,433,0.15,
mt_set6/frenetic/test-897,2026-08-31T07:21:25.629553+00:00,2026-08-31T07:21:27.245828+00:00,1.6162,ok,0,stop,353,72,425,0.15,
mt/set_7/ambiegen/odr/test-206,2026-08-31T07:21:27.245887+00:00,2026-08-31T07:21:28.976518+00:00,1.7306,ok,0,stop,354,77,431,0.15,
mt/set_16/frenetic/test-952,2026-08-31T07:21:28.976691+00:00,2026-08-31T07:21:30.704672+00:00,1.7279,ok,0,stop,354,77,431,0.15,
mt/set_17/ambiegen/test-432,2026-08-31T07:21:30.704725+00:00,2026-08-31T07:21:32.734481+00:00,2.0296,ok,0,stop,355,72,427,0.15,
mt/set_12/frenetic_v/test-298,2026-08-31T07:21:32.734794+00:00,2026-08-31T07:21:34.455271+00:00,1.7204,ok,0,stop,355,72,427,0.15,
mt/set_6/frenetic_v/test-281,2026-08-31T07:21:34.455356+00:00,2026-08-31T07:21:36.115090+00:00,1.6597,ok,0,stop,354,72,426,0.15,
mt/set_10/ambiegen/test-471,2026-08-31T07:21:36.115146+00:00,2026-08-31T07:21:37.886729+00:00,1.7715,ok,0,stop,354,81,435,0.35,
mt/set_17/frenetic/test-934,2026-08-31T07:21:37.886795+00:00,2026-08-31T07:21:39.490929+00:00,1.6041,ok,0,stop,354,72,426,0.15,
mt_set5/frenetic/test-120,2026-08-31T07:21:39.491001+00:00,2026-08-31T07:21:41.127061+00:00,1.636,ok,0,stop,353,72,425,0.15,
mt/set_17/frenetic/test-458,2026-08-31T07:21:41.127228+00:00,2026-08-31T07:21:42.848468+00:00,1.7212,ok,0,stop,354,77,431,0.15,
mt/set_8/ambiegen/odr/test-460,2026-08-31T07:21:42.848599+00:00,2026-08-31T07:21:44.679521+00:00,1.8309,ok,0,stop,355,78,433,0.15,
mt/set_9/frenetic_v/test-688,2026-08-31T07:21:44.679657+00:00,2026-08-31T07:21:46.753758+00:00,2.0741,ok,0,stop,355,92,447,0.15,
mt_set6/frenetic/test-903,2026-08-31T07:21:46.753893+00:00,2026-08-31T07:21:48.365494+00:00,1.6116,ok,0,stop,353,72,425,0.15,
mt_set5/ambiegen/test-857,2026-08-31T07:21:48.365621+00:00,2026-08-31T07:21:49.985191+00:00,1.6195,ok,0,stop,354,72,426,0.15,
mt/set_14/frenetic_v/test-232,2026-08-31T07:21:49.985337+00:00,2026-08-31T07:21:51.732616+00:00,1.7472,ok,0,stop,354,77,431,0.15,
mt/set_11/frenetic_v/test-516,2026-08-31T07:21:51.732785+00:00,2026-08-31T07:21:53.550703+00:00,1.8178,ok,0,stop,355,78,433,0.15,
mt/set_11/frenetic/test-805,2026-08-31T07:21:53.550779+00:00,2026-08-31T07:21:55.214730+00:00,1.6639,ok,0,stop,353,72,425,0.15,
mt/set_17/frenetic_v/test-490,2026-08-31T07:21:55.214805+00:00,2026-08-31T07:21:56.849713+00:00,1.6349,ok,0,stop,355,72,427,0.15,
mt/set_6/frenetic_v/test-201,2026-08-31T07:21:56.849788+00:00,2026-08-31T07:21:58.487949+00:00,1.6381,ok,0,stop,355,72,427,0.15,
mt/set_13/ambiegen/test-47,2026-08-31T07:21:58.488005+00:00,2026-08-31T07:22:00.129673+00:00,1.6416,ok,0,stop,354,72,426,0.15,
mt/set_9/frenetic/test-41,2026-08-31T07:22:00.129752+00:00,2026-08-31T07:22:01.902623+00:00,1.7728,ok,0,stop,354,77,431,0.15,
mt_set6/frenetic/test-392,2026-08-31T07:22:01.902681+00:00,2026-08-31T07:22:03.541308+00:00,1.6386,ok,0,stop,353,72,425,0.25,
mt/set_16/frenetic/test-541,2026-08-31T07:22:03.541593+00:00,2026-08-31T07:22:05.184673+00:00,1.6429,ok,0,stop,353,72,425,0.15,
mt/set_14/frenetic/test-8,2026-08-31T07:22:05.184820+00:00,2026-08-31T07:22:06.787470+00:00,1.6026,ok,0,stop,353,72,425,0.15,
mt/set_18/ambiegen/test-67,2026-08-31T07:22:06.787564+00:00,2026-08-31T07:22:08.392311+00:00,1.6047,ok,0,stop,354,72,426,0.15,
mt/set_14/frenetic_v/test-658,2026-08-31T07:22:08.392519+00:00,2026-08-31T07:22:10.005875+00:00,1.6133,ok,0,stop,354,72,426,0.15,
mt/set_17/ambiegen/test-772,2026-08-31T07:22:10.006089+00:00,2026-08-31T07:22:11.618962+00:00,1.6128,ok,0,stop,354,72,426,0.15,
mt/set_12/frenetic/test-404,2026-08-31T07:22:11.619121+00:00,2026-08-31T07:22:14.054712+00:00,2.4355,ok,0,stop,353,72,425,0.15,
mt/set_13/ambiegen/test-688,2026-08-31T07:22:14.054765+00:00,2026-08-31T07:22:15.720846+00:00,1.666,ok,0,stop,354,72,426,0.15,
mt/set_11/frenetic/test-823,2026-08-31T07:22:15.720900+00:00,2026-08-31T07:22:17.329744+00:00,1.6088,ok,0,stop,353,72,425,0.15,
mt/set_8/frenetic_v/odr/test-745,2026-08-31T07:22:17.329840+00:00,2026-08-31T07:22:18.945182+00:00,1.6153,ok,0,stop,355,72,427,0.15,
mt_set5/frenetic/test-317,2026-08-31T07:22:18.945236+00:00,2026-08-31T07:22:20.666591+00:00,1.7213,ok,0,stop,353,77,430,0.15,
mt_set6/frenetic/test-461,2026-08-31T07:22:20.666648+00:00,2026-08-31T07:22:22.316755+00:00,1.6501,ok,0,stop,353,72,425,0.15,
mt/set_10/frenetic/test-415,2026-08-31T07:22:22.316811+00:00,2026-08-31T07:22:24.039743+00:00,1.7229,ok,0,stop,353,77,430,0.15,
mt/set_8/frenetic/odr/test-577,2026-08-31T07:22:24.039810+00:00,2026-08-31T07:22:25.646193+00:00,1.6063,ok,0,stop,353,72,425,0.15,
mt/set_12/frenetic_v/test-934,2026-08-31T07:22:25.646258+00:00,2026-08-31T07:22:27.367758+00:00,1.7215,ok,0,stop,354,78,432,0.15,
mt/set_18/ambiegen/test-902,2026-08-31T07:22:27.367819+00:00,2026-08-31T07:22:28.987028+00:00,1.6192,ok,0,stop,355,72,427,0.15,
mt/set_16/frenetic/test-324,2026-08-31T07:22:28.987085+00:00,2026-08-31T07:22:30.604345+00:00,1.6172,ok,0,stop,353,72,425,0.15,
mt/set_2/ambiegen/odr/test-868,2026-08-31T07:22:30.604529+00:00,2026-08-31T07:22:32.797706+00:00,2.1927,ok,0,stop,354,78,432,0.15,
mt/set_16/frenetic_v/test-121,2026-08-31T07:22:32.798112+00:00,2026-08-31T07:22:34.608412+00:00,1.8102,ok,0,stop,354,72,426,0.15,
mt/set_17/frenetic_v/test-123,2026-08-31T07:22:34.608552+00:00,2026-08-31T07:22:36.421213+00:00,1.8126,ok,0,stop,355,77,432,0.15,
mt_set5/frenetic/test-58,2026-08-31T07:22:36.421288+00:00,2026-08-31T07:22:38.030888+00:00,1.6096,ok,0,stop,354,72,426,0.15,
mt/set_16/frenetic/test-510,2026-08-31T07:22:38.030945+00:00,2026-08-31T07:22:39.643006+00:00,1.612,ok,0,stop,353,72,425,0.15,
mt/set_9/ambiegen/test-615,2026-08-31T07:22:39.643065+00:00,2026-08-31T07:22:41.353167+00:00,1.7101,ok,0,stop,355,77,432,0.15,
mt/set_10/frenetic/test-315,2026-08-31T07:22:41.353248+00:00,2026-08-31T07:22:43.111186+00:00,1.7579,ok,0,stop,354,78,432,0.15,
mt/set_10/frenetic/test-417,2026-08-31T07:22:43.111239+00:00,2026-08-31T07:22:44.797634+00:00,1.6864,ok,0,stop,353,72,425,0.25,
mt/set_12/frenetic_v/test-501,2026-08-31T07:22:44.797690+00:00,2026-08-31T07:22:46.423739+00:00,1.626,ok,0,stop,355,72,427,0.15,
mt_set5/frenetic_v/test-324,2026-08-31T07:22:46.423800+00:00,2026-08-31T07:22:48.142316+00:00,1.7185,ok,0,stop,354,77,431,0.15,
mt/set_12/frenetic/test-903,2026-08-31T07:22:48.142395+00:00,2026-08-31T07:22:49.768101+00:00,1.6257,ok,0,stop,353,72,425,0.15,
mt/set_8/ambiegen/odr/test-918,2026-08-31T07:22:49.768159+00:00,2026-08-31T07:22:51.391317+00:00,1.6231,ok,0,stop,354,72,426,0.15,
mt/set_7/ambiegen/odr/test-730,2026-08-31T07:22:51.391374+00:00,2026-08-31T07:22:53.225696+00:00,1.8343,ok,0,stop,355,78,433,0.15,
mt/set_14/frenetic_v/test-530,2026-08-31T07:22:53.225752+00:00,2026-08-31T07:22:54.995524+00:00,1.7697,ok,0,stop,355,77,432,0.15,
mt/set_12/ambiegen/test-76,2026-08-31T07:22:54.995583+00:00,2026-08-31T07:22:56.624594+00:00,1.629,ok,0,stop,354,72,426,0.15,
mt_set5/ambiegen/test-570,2026-08-31T07:22:56.624650+00:00,2026-08-31T07:22:58.263085+00:00,1.6384,ok,0,stop,354,72,426,0.15,
mt/set_13/frenetic/test-273,2026-08-31T07:22:58.263145+00:00,2026-08-31T07:22:59.898601+00:00,1.6354,ok,0,stop,354,72,426,0.15,
mt/set_8/frenetic_v/odr/test-367,2026-08-31T07:22:59.898664+00:00,2026-08-31T07:23:01.507153+00:00,1.6085,ok,0,stop,354,72,426,0.15,
mt_set5/ambiegen/test-759,2026-08-31T07:23:01.507215+00:00,2026-08-31T07:23:03.107933+00:00,1.6007,ok,0,stop,355,72,427,0.15,
mt/set_8/frenetic/odr/test-859,2026-08-31T07:23:03.107992+00:00,2026-08-31T07:23:04.867977+00:00,1.7599,ok,0,stop,353,77,430,0.15,
mt/set_17/ambiegen/test-153,2026-08-31T07:23:04.868037+00:00,2026-08-31T07:23:06.607794+00:00,1.7397,ok,0,stop,355,78,433,0.15,
mt/set_14/frenetic_v/test-686,2026-08-31T07:23:06.607849+00:00,2026-08-31T07:23:08.215960+00:00,1.6081,ok,0,stop,354,72,426,0.15,
mt/set_16/ambiegen/test-328,2026-08-31T07:23:08.216017+00:00,2026-08-31T07:23:09.824034+00:00,1.608,ok,0,stop,354,72,426,0.15,
mt/set_12/frenetic/test-198,2026-08-31T07:23:09.824102+00:00,2026-08-31T07:23:12.429341+00:00,2.605,ok,0,stop,354,77,431,0.15,
mt/set_13/ambiegen/test-390,2026-08-31T07:23:12.429634+00:00,2026-08-31T07:23:15.183527+00:00,2.7538,ok,0,stop,354,72,426,0.15,
mt/set_10/frenetic_v/test-922,2026-08-31T07:23:15.183657+00:00,2026-08-31T07:23:16.967858+00:00,1.7842,ok,0,stop,354,72,426,0.15,
mt/set_13/ambiegen/test-711,2026-08-31T07:23:16.967920+00:00,2026-08-31T07:23:18.576596+00:00,1.6086,ok,0,stop,355,72,427,0.15,
mt/set_7/frenetic/odr/test-76,2026-08-31T07:23:18.576668+00:00,2026-08-31T07:23:20.197501+00:00,1.6208,ok,0,stop,354,72,426,0.15,
mt/set_13/frenetic_v/test-289,2026-08-31T07:23:20.197570+00:00,2026-08-31T07:23:21.956724+00:00,1.7591,ok,0,stop,354,77,431,0.15,
mt/set_17/frenetic/test-678,2026-08-31T07:23:21.956791+00:00,2026-08-31T07:23:23.698784+00:00,1.742,ok,0,stop,354,77,431,0.15,
mt/set_14/ambiegen/test-944,2026-08-31T07:23:23.698838+00:00,2026-08-31T07:23:25.359300+00:00,1.6604,ok,0,stop,354,72,426,0.15,
mt/set_16/frenetic/test-58,2026-08-31T07:23:25.359396+00:00,2026-08-31T07:23:27.011232+00:00,1.6518,ok,0,stop,353,72,425,0.15,
mt/set_11/frenetic/test-105,2026-08-31T07:23:27.011306+00:00,2026-08-31T07:23:28.639281+00:00,1.6279,ok,0,stop,354,72,426,0.15,
mt/set_14/frenetic/test-130,2026-08-31T07:23:28.639369+00:00,2026-08-31T07:23:30.247924+00:00,1.6085,ok,0,stop,353,72,425,0.15,
mt/set_12/frenetic_v/test-931,2026-08-31T07:23:30.247998+00:00,2026-08-31T07:23:31.864644+00:00,1.6166,ok,0,stop,354,72,426,0.15,
mt/set_13/ambiegen/test-267,2026-08-31T07:23:31.864731+00:00,2026-08-31T07:23:33.498826+00:00,1.634,ok,0,stop,354,72,426,0.15,
mt/set_8/frenetic/odr/test-712,2026-08-31T07:23:33.498901+00:00,2026-08-31T07:23:35.151272+00:00,1.6523,ok,0,stop,353,72,425,0.15,
mt/set_8/frenetic_v/odr/test-817,2026-08-31T07:23:35.151345+00:00,2026-08-31T07:23:36.800329+00:00,1.6489,ok,0,stop,354,72,426,0.15,
mt/set_11/frenetic_v/test-616,2026-08-31T07:23:36.800433+00:00,2026-08-31T07:23:38.558707+00:00,1.7582,ok,0,stop,354,77,431,0.15,
mt/set_17/ambiegen/test-541,2026-08-31T07:23:38.558778+00:00,2026-08-31T07:23:41.006119+00:00,2.4471,ok,0,stop,355,78,433,0.15,
mt/set_10/ambiegen/test-363,2026-08-31T07:23:41.006464+00:00,2026-08-31T07:23:42.993234+00:00,1.9867,ok,0,stop,354,72,426,0.15,
mt/set_12/frenetic/test-772,2026-08-31T07:23:42.993316+00:00,2026-08-31T07:23:44.947559+00:00,1.9542,ok,0,stop,354,78,432,0.15,
mt/set_6/frenetic_v/test-575,2026-08-31T07:23:44.947625+00:00,2026-08-31T07:23:46.665330+00:00,1.7177,ok,0,stop,355,77,432,0.15,
mt/set_18/frenetic/test-216,2026-08-31T07:23:46.665395+00:00,2026-08-31T07:23:48.286447+00:00,1.621,ok,0,stop,354,72,426,0.15,
mt_set5/frenetic_v/test-725,2026-08-31T07:23:48.286541+00:00,2026-08-31T07:23:49.881308+00:00,1.5947,ok,0,stop,355,72,427,0.15,
mt/set_16/frenetic/test-944,2026-08-31T07:23:49.881368+00:00,2026-08-31T07:23:51.584289+00:00,1.7029,ok,0,stop,354,77,431,0.15,
mt/set_18/ambiegen/test-643,2026-08-31T07:23:51.584351+00:00,2026-08-31T07:23:53.293944+00:00,1.7095,ok,0,stop,355,78,433,0.15,
mt/set_17/frenetic_v/test-213,2026-08-31T07:23:53.294038+00:00,2026-08-31T07:23:55.141634+00:00,1.8476,ok,0,stop,355,78,433,0.15,
mt/set_14/ambiegen/test-807,2026-08-31T07:23:55.141693+00:00,2026-08-31T07:23:56.832534+00:00,1.6908,ok,0,stop,353,77,430,0.15,
mt/set_16/frenetic/test-784,2026-08-31T07:23:56.832593+00:00,2026-08-31T07:23:58.574922+00:00,1.7423,ok,0,stop,354,78,432,0.15,
mt/set_8/frenetic/odr/test-146,2026-08-31T07:23:58.574987+00:00,2026-08-31T07:24:00.185546+00:00,1.6105,ok,0,stop,354,72,426,0.15,
mt/set_11/frenetic/test-468,2026-08-31T07:24:00.185615+00:00,2026-08-31T07:24:01.925507+00:00,1.7399,ok,0,stop,354,78,432,0.15,
mt/set_11/ambiegen/test-97,2026-08-31T07:24:01.925606+00:00,2026-08-31T07:24:03.553067+00:00,1.6274,ok,0,stop,354,72,426,0.15,
mt/set_11/ambiegen/test-427,2026-08-31T07:24:03.553128+00:00,2026-08-31T07:24:05.515633+00:00,1.9625,ok,0,stop,354,78,432,0.45,
mt/set_8/frenetic/odr/test-625,2026-08-31T07:24:05.515694+00:00,2026-08-31T07:24:07.141530+00:00,1.6258,ok,0,stop,353,72,425,0.15,
mt/set_12/ambiegen/test-907,2026-08-31T07:24:07.141586+00:00,2026-08-31T07:24:08.874674+00:00,1.733,ok,0,stop,353,77,430,0.15,
mt/set_16/frenetic_v/test-668,2026-08-31T07:24:08.874757+00:00,2026-08-31T07:24:10.484641+00:00,1.6098,ok,0,stop,355,72,427,0.15,
mt/set_8/frenetic/odr/test-52,2026-08-31T07:24:10.484697+00:00,2026-08-31T07:24:12.093086+00:00,1.6084,ok,0,stop,354,72,426,0.15,
mt/set_14/frenetic_v/test-589,2026-08-31T07:24:12.093141+00:00,2026-08-31T07:24:13.703221+00:00,1.61,ok,0,stop,355,72,427,0.15,
mt/set_12/frenetic_v/test-97,2026-08-31T07:24:13.703283+00:00,2026-08-31T07:24:15.428446+00:00,1.7251,ok,0,stop,355,77,432,0.15,
mt/set_8/ambiegen/odr/test-674,2026-08-31T07:24:15.428531+00:00,2026-08-31T07:24:17.174735+00:00,1.7461,ok,0,stop,354,78,432,0.15,
mt/set_13/frenetic_v/test-294,2026-08-31T07:24:17.174799+00:00,2026-08-31T07:24:18.784695+00:00,1.6099,ok,0,stop,354,72,426,0.15,
mt/set_13/frenetic/test-444,2026-08-31T07:24:18.784766+00:00,2026-08-31T07:24:20.564534+00:00,1.7797,ok,0,stop,354,78,432,0.15,
mt/set_8/frenetic_v/odr/test-844,2026-08-31T07:24:20.564598+00:00,2026-08-31T07:24:22.347762+00:00,1.7831,ok,0,stop,355,80,435,0.15,
mt_set5/frenetic_v/test-88,2026-08-31T07:24:22.347863+00:00,2026-08-31T07:24:23.975111+00:00,1.6272,ok,0,stop,354,72,426,0.15,
mt/set_16/frenetic_v/test-205,2026-08-31T07:24:23.975174+00:00,2026-08-31T07:24:25.592839+00:00,1.6176,ok,0,stop,355,72,427,0.15,
mt/set_13/ambiegen/test-262,2026-08-31T07:24:25.592906+00:00,2026-08-31T07:24:27.236327+00:00,1.6434,ok,0,stop,353,72,425,0.15,
mt/set_14/frenetic/test-160,2026-08-31T07:24:27.236410+00:00,2026-08-31T07:24:28.819022+00:00,1.5826,ok,0,stop,354,72,426,0.15,
mt/set_12/ambiegen/test-235,2026-08-31T07:24:28.819095+00:00,2026-08-31T07:24:32.167264+00:00,3.3481,ok,0,stop,354,77,431,0.15,
mt/set_11/ambiegen/test-822,2026-08-31T07:24:32.167323+00:00,2026-08-31T07:24:34.032692+00:00,1.8653,ok,0,stop,354,77,431,0.15,
mt/set_13/ambiegen/test-413,2026-08-31T07:24:34.032764+00:00,2026-08-31T07:24:35.753120+00:00,1.7203,ok,0,stop,354,77,431,0.15,
mt_set6/frenetic/test-580,2026-08-31T07:24:35.753188+00:00,2026-08-31T07:24:37.363370+00:00,1.6101,ok,0,stop,353,72,425,0.15,
mt/set_8/frenetic_v/odr/test-746,2026-08-31T07:24:37.363419+00:00,2026-08-31T07:24:38.974443+00:00,1.611,ok,0,stop,354,72,426,0.15,
mt/set_18/frenetic/test-422,2026-08-31T07:24:38.974529+00:00,2026-08-31T07:24:40.785361+00:00,1.8108,ok,0,stop,354,81,435,0.15,
mt/set_10/frenetic/test-179,2026-08-31T07:24:40.785437+00:00,2026-08-31T07:24:42.549151+00:00,1.7637,ok,0,stop,354,77,431,0.15,
mt/set_8/frenetic_v/odr/test-675,2026-08-31T07:24:42.549215+00:00,2026-08-31T07:24:44.285557+00:00,1.7363,ok,0,stop,354,77,431,0.15,
mt/set_13/ambiegen/test-400,2026-08-31T07:24:44.285643+00:00,2026-08-31T07:24:46.040703+00:00,1.755,ok,0,stop,354,78,432,0.15,
mt/set_9/frenetic/test-706,2026-08-31T07:24:46.040760+00:00,2026-08-31T07:24:47.775559+00:00,1.7348,ok,0,stop,353,77,430,0.15,
mt/set_11/frenetic/test-682,2026-08-31T07:24:47.775618+00:00,2026-08-31T07:24:49.392917+00:00,1.6173,ok,0,stop,353,72,425,0.15,
mt/set_7/frenetic/odr/test-597,2026-08-31T07:24:49.392982+00:00,2026-08-31T07:24:51.123567+00:00,1.7305,ok,0,stop,354,77,431,0.15,
mt_set5/frenetic/test-852,2026-08-31T07:24:51.123637+00:00,2026-08-31T07:24:52.852611+00:00,1.7289,ok,0,stop,353,77,430,0.15,
mt/set_14/ambiegen/test-298,2026-08-31T07:24:52.852679+00:00,2026-08-31T07:24:54.466737+00:00,1.614,ok,0,stop,354,72,426,0.15,
mt_set6/frenetic/test-413,2026-08-31T07:24:54.466810+00:00,2026-08-31T07:24:56.083453+00:00,1.6166,ok,0,stop,353,72,425,0.15,
mt/set_17/ambiegen/test-481,2026-08-31T07:24:56.083520+00:00,2026-08-31T07:24:57.700829+00:00,1.6173,ok,0,stop,354,72,426,0.15,
mt/set_7/frenetic_v/odr/test-455,2026-08-31T07:24:57.700912+00:00,2026-08-31T07:24:59.316806+00:00,1.6158,ok,0,stop,354,72,426,0.15,
mt/set_13/ambiegen/test-811,2026-08-31T07:24:59.316901+00:00,2026-08-31T07:25:02.773546+00:00,3.4566,ok,0,stop,355,78,433,0.15,
mt/set_13/frenetic_v/test-542,2026-08-31T07:25:02.773608+00:00,2026-08-31T07:25:04.526328+00:00,1.7526,ok,0,stop,355,72,427,0.15,
mt/set_14/frenetic_v/test-236,2026-08-31T07:25:04.526469+00:00,2026-08-31T07:25:06.297213+00:00,1.7707,ok,0,stop,355,72,427,0.15,
mt/set_12/ambiegen/test-765,2026-08-31T07:25:06.297290+00:00,2026-08-31T07:25:07.895655+00:00,1.5983,ok,0,stop,354,72,426,0.15,
mt/set_17/frenetic_v/test-184,2026-08-31T07:25:07.895711+00:00,2026-08-31T07:25:09.490779+00:00,1.595,ok,0,stop,355,72,427,0.15,
mt/set_11/frenetic_v/test-117,2026-08-31T07:25:09.490839+00:00,2026-08-31T07:25:11.511026+00:00,2.0201,ok,0,stop,355,92,447,0.15,
mt/set_10/frenetic_v/test-624,2026-08-31T07:25:11.511086+00:00,2026-08-31T07:25:13.095425+00:00,1.5843,ok,0,stop,355,72,427,0.15,
mt/set_18/frenetic/test-213,2026-08-31T07:25:13.095469+00:00,2026-08-31T07:25:14.797867+00:00,1.7024,ok,0,stop,354,78,432,0.15,
mt/set_16/frenetic_v/test-139,2026-08-31T07:25:14.797924+00:00,2026-08-31T07:25:16.965356+00:00,2.1674,ok,0,stop,355,92,447,0.15,
mt/set_2/ambiegen/odr/test-441,2026-08-31T07:25:16.965419+00:00,2026-08-31T07:25:18.572636+00:00,1.6072,ok,0,stop,354,72,426,0.15,
mt/set_10/frenetic/test-748,2026-08-31T07:25:18.572698+00:00,2026-08-31T07:25:20.287298+00:00,1.7145,ok,0,stop,353,77,430,0.15,
mt/set_17/ambiegen/test-251,2026-08-31T07:25:20.287417+00:00,2026-08-31T07:25:21.916660+00:00,1.6292,ok,0,stop,354,72,426,0.15,
mt/set_10/frenetic/test-527,2026-08-31T07:25:21.916718+00:00,2026-08-31T07:25:23.550089+00:00,1.6333,ok,0,stop,353,72,425,0.15,
mt/set_14/frenetic_v/test-297,2026-08-31T07:25:23.550157+00:00,2026-08-31T07:25:25.174959+00:00,1.6248,ok,0,stop,355,72,427,0.15,
mt/set_18/ambiegen/test-918,2026-08-31T07:25:25.175021+00:00,2026-08-31T07:25:26.827056+00:00,1.652,ok,0,stop,354,72,426,0.25,
mt/set_13/ambiegen/test-804,2026-08-31T07:25:26.827183+00:00,2026-08-31T07:25:28.690350+00:00,1.8631,ok,0,stop,354,76,430,0.35,
mt/set_9/frenetic_v/test-521,2026-08-31T07:25:28.690414+00:00,2026-08-31T07:25:30.314709+00:00,1.6242,ok,0,stop,355,72,427,0.15,
mt/set_8/frenetic/odr/test-154,2026-08-31T07:25:30.314812+00:00,2026-08-31T07:25:31.926070+00:00,1.6112,ok,0,stop,354,72,426,0.15,
mt/set_11/frenetic_v/test-557,2026-08-31T07:25:31.926149+00:00,2026-08-31T07:25:33.644347+00:00,1.7181,ok,0,stop,355,77,432,0.15,
mt/set_16/ambiegen/test-53,2026-08-31T07:25:33.644437+00:00,2026-08-31T07:25:35.461341+00:00,1.8169,ok,0,stop,354,81,435,0.35,
mt/set_17/ambiegen/test-716,2026-08-31T07:25:35.461407+00:00,2026-08-31T07:25:37.087008+00:00,1.6256,ok,0,stop,354,72,426,0.15,
mt/set_12/ambiegen/test-357,2026-08-31T07:25:37.087087+00:00,2026-08-31T07:25:39.140030+00:00,2.0529,ok,0,stop,354,91,445,0.25,
mt/set_2/ambiegen/odr/test-16,2026-08-31T07:25:39.140085+00:00,2026-08-31T07:25:40.850982+00:00,1.7109,ok,0,stop,355,77,432,0.15,
mt/set_14/ambiegen/test-484,2026-08-31T07:25:40.851043+00:00,2026-08-31T07:25:42.742238+00:00,1.8912,ok,0,stop,354,85,439,0.35,
mt/set_14/ambiegen/test-598,2026-08-31T07:25:42.742286+00:00,2026-08-31T07:25:44.428957+00:00,1.6866,ok,0,stop,354,77,431,0.15,
mt/set_12/ambiegen/test-857,2026-08-31T07:25:44.429013+00:00,2026-08-31T07:25:46.016168+00:00,1.5871,ok,0,stop,354,72,426,0.15,
mt/set_13/frenetic/test-633,2026-08-31T07:25:46.016237+00:00,2026-08-31T07:25:47.638896+00:00,1.6226,ok,0,stop,354,72,426,0.15,
mt/set_9/frenetic/test-866,2026-08-31T07:25:47.638962+00:00,2026-08-31T07:25:49.372860+00:00,1.7339,ok,0,stop,354,77,431,0.15,
mt/set_9/frenetic/test-689,2026-08-31T07:25:49.372927+00:00,2026-08-31T07:25:50.990138+00:00,1.6172,ok,0,stop,353,72,425,0.15,
mt/set_17/frenetic/test-631,2026-08-31T07:25:50.990230+00:00,2026-08-31T07:25:54.055415+00:00,3.0649,ok,0,stop,353,72,425,0.15,
mt/set_11/ambiegen/test-508,2026-08-31T07:25:54.055873+00:00,2026-08-31T07:25:56.074088+00:00,2.0182,ok,0,stop,354,72,426,0.15,
mt/set_8/frenetic_v/odr/test-903,2026-08-31T07:25:56.074154+00:00,2026-08-31T07:25:57.713965+00:00,1.6398,ok,0,stop,354,72,426,0.15,
mt/set_17/frenetic_v/test-210,2026-08-31T07:25:57.714023+00:00,2026-08-31T07:25:59.332849+00:00,1.6188,ok,0,stop,355,72,427,0.15,
mt/set_8/ambiegen/odr/test-668,2026-08-31T07:25:59.332924+00:00,2026-08-31T07:26:01.051206+00:00,1.7182,ok,0,stop,354,76,430,0.45,
mt/set_7/ambiegen/odr/test-643,2026-08-31T07:26:01.051263+00:00,2026-08-31T07:26:02.786416+00:00,1.7351,ok,0,stop,354,77,431,0.15,
mt/set_12/frenetic/test-246,2026-08-31T07:26:02.786474+00:00,2026-08-31T07:26:04.423278+00:00,1.6368,ok,0,stop,353,72,425,0.15,
mt/set_7/frenetic_v/odr/test-477,2026-08-31T07:26:04.423347+00:00,2026-08-31T07:26:06.233324+00:00,1.8099,ok,0,stop,355,78,433,0.15,
mt/set_11/frenetic_v/test-410,2026-08-31T07:26:06.233507+00:00,2026-08-31T07:26:07.854050+00:00,1.6205,ok,0,stop,354,72,426,0.15,
mt/set_13/frenetic_v/test-571,2026-08-31T07:26:07.854111+00:00,2026-08-31T07:26:09.455063+00:00,1.6009,ok,0,stop,355,72,427,0.15,
mt_set5/ambiegen/test-241,2026-08-31T07:26:09.455123+00:00,2026-08-31T07:26:11.157842+00:00,1.7027,ok,0,stop,355,77,432,0.15,
mt/set_16/frenetic/test-562,2026-08-31T07:26:11.157901+00:00,2026-08-31T07:26:12.886630+00:00,1.7287,ok,0,stop,353,77,430,0.15,
mt/set_9/ambiegen/test-609,2026-08-31T07:26:12.886717+00:00,2026-08-31T07:26:14.497265+00:00,1.6105,ok,0,stop,354,72,426,0.15,
mt/set_7/frenetic/odr/test-503,2026-08-31T07:26:14.497331+00:00,2026-08-31T07:26:16.129547+00:00,1.6322,ok,0,stop,354,72,426,0.15,
mt/set_14/frenetic/test-604,2026-08-31T07:26:16.129620+00:00,2026-08-31T07:26:18.858632+00:00,2.729,ok,0,stop,354,72,426,0.15,
mt/set_8/frenetic/odr/test-437,2026-08-31T07:26:18.858719+00:00,2026-08-31T07:26:20.644154+00:00,1.7854,ok,0,stop,354,78,432,0.15,
mt_set6/frenetic/test-271,2026-08-31T07:26:20.644230+00:00,2026-08-31T07:26:22.345344+00:00,1.7011,ok,0,stop,354,72,426,0.15,
mt/set_9/ambiegen/test-506,2026-08-31T07:26:22.345407+00:00,2026-08-31T07:26:23.939799+00:00,1.5944,ok,0,stop,354,72,426,0.15,
mt_set6/frenetic/test-737,2026-08-31T07:26:23.939869+00:00,2026-08-31T07:26:25.561101+00:00,1.6212,ok,0,stop,353,72,425,0.15,
mt/set_9/frenetic_v/test-514,2026-08-31T07:26:25.561170+00:00,2026-08-31T07:26:27.192473+00:00,1.6313,ok,0,stop,355,72,427,0.15,
mt/set_2/ambiegen/odr/test-299,2026-08-31T07:26:27.192536+00:00,2026-08-31T07:26:28.816122+00:00,1.6235,ok,0,stop,355,72,427,0.15,
mt/set_7/frenetic/odr/test-210,2026-08-31T07:26:28.816208+00:00,2026-08-31T07:26:30.664031+00:00,1.8478,ok,0,stop,353,77,430,0.25,
mt/set_14/ambiegen/test-40,2026-08-31T07:26:30.664099+00:00,2026-08-31T07:26:32.742364+00:00,2.0782,ok,0,stop,355,92,447,0.15,
mt/set_8/frenetic_v/odr/test-529,2026-08-31T07:26:32.742429+00:00,2026-08-31T07:26:34.342065+00:00,1.5996,ok,0,stop,354,72,426,0.15,
mt/set_9/ambiegen/test-177,2026-08-31T07:26:34.342138+00:00,2026-08-31T07:26:35.957081+00:00,1.6149,ok,0,stop,354,72,426,0.15,
mt/set_13/frenetic_v/test-194,2026-08-31T07:26:35.957141+00:00,2026-08-31T07:26:37.565502+00:00,1.6083,ok,0,stop,354,72,426,0.15,
mt/set_10/ambiegen/test-683,2026-08-31T07:26:37.565561+00:00,2026-08-31T07:26:39.289551+00:00,1.724,ok,0,stop,354,77,431,0.15,
mt/set_10/frenetic/test-913,2026-08-31T07:26:39.289615+00:00,2026-08-31T07:26:41.158394+00:00,1.8687,ok,0,stop,354,78,432,0.15,
mt/set_16/frenetic/test-371,2026-08-31T07:26:41.158462+00:00,2026-08-31T07:26:42.960808+00:00,1.8023,ok,0,stop,353,77,430,0.15,
mt_set6/frenetic/test-21,2026-08-31T07:26:42.960868+00:00,2026-08-31T07:26:44.684111+00:00,1.7232,ok,0,stop,354,77,431,0.15,
mt/set_18/frenetic/test-643,2026-08-31T07:26:44.684168+00:00,2026-08-31T07:26:46.212734+00:00,1.5285,ok,0,stop,354,68,422,0.15,
mt/set_17/ambiegen/test-866,2026-08-31T07:26:46.212796+00:00,2026-08-31T07:26:47.842856+00:00,1.63,ok,0,stop,354,72,426,0.15,
mt_set5/frenetic_v/test-681,2026-08-31T07:26:47.842923+00:00,2026-08-31T07:26:49.571717+00:00,1.7288,ok,0,stop,355,77,432,0.15,
mt/set_18/ambiegen/test-384,2026-08-31T07:26:49.571800+00:00,2026-08-31T07:26:51.192284+00:00,1.6204,ok,0,stop,354,72,426,0.15,
mt/set_7/ambiegen/odr/test-130,2026-08-31T07:26:51.192352+00:00,2026-08-31T07:26:52.813254+00:00,1.6209,ok,0,stop,354,72,426,0.15,
mt_set6/frenetic/test-245,2026-08-31T07:26:52.813329+00:00,2026-08-31T07:26:54.571361+00:00,1.758,ok,0,stop,354,78,432,0.15,
mt/set_10/ambiegen/test-519,2026-08-31T07:26:54.571457+00:00,2026-08-31T07:26:56.198411+00:00,1.6269,ok,0,stop,353,72,425,0.15,
mt/set_11/frenetic/test-461,2026-08-31T07:26:56.198468+00:00,2026-08-31T07:26:57.953028+00:00,1.7545,ok,0,stop,353,77,430,0.15,
mt/set_17/frenetic_v/test-106,2026-08-31T07:26:57.953132+00:00,2026-08-31T07:26:59.595181+00:00,1.642,ok,0,stop,354,72,426,0.15,
mt/set_13/frenetic_v/test-915,2026-08-31T07:26:59.595238+00:00,2026-08-31T07:27:01.543755+00:00,1.9481,ok,0,stop,355,72,427,0.15,
mt/set_14/frenetic_v/test-185,2026-08-31T07:27:01.544546+00:00,2026-08-31T07:27:04.142271+00:00,2.5976,ok,0,stop,354,72,426,0.15,
mt/set_7/frenetic_v/odr/test-574,2026-08-31T07:27:04.142411+00:00,2026-08-31T07:27:05.719859+00:00,1.5774,ok,0,stop,355,68,423,0.15,
mt_set6/frenetic/test-616,2026-08-31T07:27:05.719939+00:00,2026-08-31T07:27:07.474810+00:00,1.7548,ok,0,stop,354,77,431,0.15,
mt/set_18/frenetic/test-279,2026-08-31T07:27:07.474868+00:00,2026-08-31T07:27:09.538740+00:00,2.0638,ok,0,stop,354,92,446,0.25,
mt/set_14/ambiegen/test-630,2026-08-31T07:27:09.538819+00:00,2026-08-31T07:27:11.518487+00:00,1.9796,ok,0,stop,354,86,440,0.45,
mt/set_6/frenetic_v/test-817,2026-08-31T07:27:11.518548+00:00,2026-08-31T07:27:13.154162+00:00,1.6356,ok,0,stop,355,72,427,0.15,
mt/set_16/frenetic/test-556,2026-08-31T07:27:13.154228+00:00,2026-08-31T07:27:14.879568+00:00,1.7253,ok,0,stop,353,77,430,0.15,
mt/set_9/ambiegen/test-704,2026-08-31T07:27:14.879672+00:00,2026-08-31T07:27:16.496648+00:00,1.6169,ok,0,stop,354,72,426,0.15,
mt/set_7/frenetic_v/odr/test-24,2026-08-31T07:27:16.496717+00:00,2026-08-31T07:27:18.104131+00:00,1.6074,ok,0,stop,355,72,427,0.15,
mt/set_10/frenetic_v/test-660,2026-08-31T07:27:18.104198+00:00,2026-08-31T07:27:19.719419+00:00,1.6152,ok,0,stop,354,72,426,0.15,
mt/set_9/ambiegen/test-65,2026-08-31T07:27:19.719563+00:00,2026-08-31T07:27:21.359890+00:00,1.6403,ok,0,stop,354,72,426,0.15,
mt/set_9/ambiegen/test-372,2026-08-31T07:27:21.361611+00:00,2026-08-31T07:27:24.419793+00:00,3.0581,ok,0,stop,355,78,433,0.25,
mt/set_6/frenetic_v/test-629,2026-08-31T07:27:24.420009+00:00,2026-08-31T07:27:26.206914+00:00,1.7867,ok,0,stop,354,72,426,0.15,
mt/set_16/frenetic_v/test-556,2026-08-31T07:27:26.207651+00:00,2026-08-31T07:27:28.062299+00:00,1.8545,ok,0,stop,355,78,433,0.15,
mt/set_10/frenetic/test-679,2026-08-31T07:27:28.062471+00:00,2026-08-31T07:27:29.690562+00:00,1.628,ok,0,stop,353,72,425,0.15,
mt/set_12/frenetic_v/test-938,2026-08-31T07:27:29.690783+00:00,2026-08-31T07:27:31.418631+00:00,1.7278,ok,0,stop,355,78,433,0.15,
mt/set_10/ambiegen/test-929,2026-08-31T07:27:31.418864+00:00,2026-08-31T07:27:33.152573+00:00,1.7336,ok,0,stop,354,77,431,0.15,
mt/set_17/frenetic_v/test-665,2026-08-31T07:27:33.152665+00:00,2026-08-31T07:27:34.772586+00:00,1.6199,ok,0,stop,354,72,426,0.15,
mt/set_9/frenetic_v/test-788,2026-08-31T07:27:34.772645+00:00,2026-08-31T07:27:36.526129+00:00,1.7534,ok,0,stop,354,72,426,0.15,
mt/set_11/frenetic/test-377,2026-08-31T07:27:36.526197+00:00,2026-08-31T07:27:38.151852+00:00,1.6256,ok,0,stop,353,72,425,0.15,
mt/set_10/ambiegen/test-8,2026-08-31T07:27:38.151935+00:00,2026-08-31T07:27:39.868859+00:00,1.7169,ok,0,stop,354,77,431,0.15,
mt_set5/frenetic_v/test-857,2026-08-31T07:27:39.868928+00:00,2026-08-31T07:27:41.603965+00:00,1.735,ok,0,stop,355,77,432,0.15,
mt/set_11/ambiegen/test-15,2026-08-31T07:27:41.604046+00:00,2026-08-31T07:27:43.374439+00:00,1.7703,ok,0,stop,354,78,432,0.15,
mt/set_16/frenetic_v/test-543,2026-08-31T07:27:43.374515+00:00,2026-08-31T07:27:45.179872+00:00,1.8053,ok,0,stop,355,78,433,0.15,
mt/set_2/ambiegen/odr/test-948,2026-08-31T07:27:45.179937+00:00,2026-08-31T07:27:46.977375+00:00,1.7974,ok,0,stop,355,72,427,0.15,
mt/set_9/ambiegen/test-470,2026-08-31T07:27:46.977443+00:00,2026-08-31T07:27:48.912785+00:00,1.9353,ok,0,stop,354,84,438,0.35,
mt_set6/frenetic/test-373,2026-08-31T07:27:48.912874+00:00,2026-08-31T07:27:50.565194+00:00,1.6523,ok,0,stop,353,72,425,0.15,
mt/set_13/frenetic_v/test-344,2026-08-31T07:27:50.565266+00:00,2026-08-31T07:27:52.195114+00:00,1.6298,ok,0,stop,355,72,427,0.15,
mt/set_7/ambiegen/odr/test-209,2026-08-31T07:27:52.195207+00:00,2026-08-31T07:27:53.847507+00:00,1.6523,ok,0,stop,355,72,427,0.15,
mt/set_11/ambiegen/test-22,2026-08-31T07:27:53.847570+00:00,2026-08-31T07:27:55.659264+00:00,1.8116,ok,0,stop,354,78,432,0.65,
mt/set_16/frenetic_v/test-747,2026-08-31T07:27:55.659373+00:00,2026-08-31T07:27:57.329376+00:00,1.67,ok,0,stop,355,72,427,0.15,
mt/set_8/frenetic_v/odr/test-797,2026-08-31T07:27:57.329447+00:00,2026-08-31T07:27:59.123849+00:00,1.7944,ok,0,stop,355,78,433,0.15,
mt/set_8/frenetic/odr/test-626,2026-08-31T07:27:59.123926+00:00,2026-08-31T07:28:00.803542+00:00,1.6796,ok,0,stop,353,72,425,0.15,
mt/set_8/frenetic/odr/test-249,2026-08-31T07:28:00.803635+00:00,2026-08-31T07:28:02.568593+00:00,1.7649,ok,0,stop,354,77,431,0.15,
mt/set_11/frenetic/test-651,2026-08-31T07:28:02.568666+00:00,2026-08-31T07:28:04.206633+00:00,1.6379,ok,0,stop,353,72,425,0.15,
mt/set_10/frenetic_v/test-759,2026-08-31T07:28:04.206710+00:00,2026-08-31T07:28:05.832719+00:00,1.626,ok,0,stop,354,72,426,0.15,
mt/set_10/frenetic_v/test-187,2026-08-31T07:28:05.832792+00:00,2026-08-31T07:28:07.466160+00:00,1.6333,ok,0,stop,355,72,427,0.15,
mt/set_8/ambiegen/odr/test-423,2026-08-31T07:28:07.466258+00:00,2026-08-31T07:28:09.111584+00:00,1.6453,ok,0,stop,355,72,427,0.15,
mt/set_10/frenetic/test-852,2026-08-31T07:28:09.111651+00:00,2026-08-31T07:28:10.867140+00:00,1.7555,ok,0,stop,354,78,432,0.15,
mt/set_17/frenetic_v/test-669,2026-08-31T07:28:10.867192+00:00,2026-08-31T07:28:13.538880+00:00,2.6714,ok,0,stop,354,72,426,0.15,
mt_set6/frenetic/test-143,2026-08-31T07:28:13.539251+00:00,2026-08-31T07:28:15.945130+00:00,2.4058,ok,0,stop,354,72,426,0.15,
mt/set_13/ambiegen/test-731,2026-08-31T07:28:15.945200+00:00,2026-08-31T07:28:17.570632+00:00,1.6254,ok,0,stop,354,72,426,0.15,
mt/set_11/frenetic/test-683,2026-08-31T07:28:17.570754+00:00,2026-08-31T07:28:19.189185+00:00,1.6184,ok,0,stop,353,72,425,0.15,
mt/set_14/frenetic_v/test-445,2026-08-31T07:28:19.189240+00:00,2026-08-31T07:28:20.931230+00:00,1.7419,ok,0,stop,355,78,433,0.15,
mt/set_10/frenetic/test-341,2026-08-31T07:28:20.931299+00:00,2026-08-31T07:28:22.549048+00:00,1.6177,ok,0,stop,354,72,426,0.15,
mt/set_10/frenetic_v/test-779,2026-08-31T07:28:22.549123+00:00,2026-08-31T07:28:24.192626+00:00,1.6435,ok,0,stop,354,72,426,0.15,
mt/set_18/frenetic/test-452,2026-08-31T07:28:24.192690+00:00,2026-08-31T07:28:25.817641+00:00,1.6249,ok,0,stop,354,72,426,0.15,
mt/set_13/frenetic_v/test-198,2026-08-31T07:28:25.817706+00:00,2026-08-31T07:28:27.440463+00:00,1.6227,ok,0,stop,354,72,426,0.15,
mt_set5/frenetic_v/test-358,2026-08-31T07:28:27.440579+00:00,2026-08-31T07:28:29.182193+00:00,1.7416,ok,0,stop,354,77,431,0.15,
mt_set5/frenetic_v/test-269,2026-08-31T07:28:29.182268+00:00,2026-08-31T07:28:30.927045+00:00,1.7447,ok,0,stop,354,77,431,0.15,
mt/set_13/frenetic/test-448,2026-08-31T07:28:30.927120+00:00,2026-08-31T07:28:32.562067+00:00,1.6349,ok,0,stop,354,72,426,0.15,
mt/set_12/ambiegen/test-277,2026-08-31T07:28:32.562150+00:00,2026-08-31T07:28:34.198900+00:00,1.6367,ok,0,stop,354,72,426,0.15,
mt/set_9/frenetic/test-469,2026-08-31T07:28:34.198994+00:00,2026-08-31T07:28:35.823712+00:00,1.6247,ok,0,stop,354,72,426,0.15,
mt/set_16/frenetic/test-760,2026-08-31T07:28:35.823786+00:00,2026-08-31T07:28:37.556270+00:00,1.7324,ok,0,stop,354,77,431,0.15,
mt/set_14/ambiegen/test-389,2026-08-31T07:28:37.556343+00:00,2026-08-31T07:28:39.489521+00:00,1.9331,ok,0,stop,354,86,440,0.65,
mt_set5/frenetic/test-762,2026-08-31T07:28:39.489582+00:00,2026-08-31T07:28:41.282065+00:00,1.7924,ok,0,stop,354,77,431,0.15,
mt_set6/frenetic/test-401,2026-08-31T07:28:41.282320+00:00,2026-08-31T07:28:43.804378+00:00,2.522,ok,0,stop,353,72,425,0.15,
mt/set_8/frenetic/odr/test-315,2026-08-31T07:28:43.804459+00:00,2026-08-31T07:28:45.624307+00:00,1.8198,ok,0,stop,354,72,426,0.15,
mt/set_10/frenetic/test-466,2026-08-31T07:28:45.624387+00:00,2026-08-31T07:28:47.260628+00:00,1.6362,ok,0,stop,354,72,426,0.15,
mt_set5/ambiegen/test-621,2026-08-31T07:28:47.260706+00:00,2026-08-31T07:28:49.008907+00:00,1.7482,ok,0,stop,354,77,431,0.15,
mt/set_7/frenetic/odr/test-720,2026-08-31T07:28:49.008977+00:00,2026-08-31T07:28:50.625281+00:00,1.6163,ok,0,stop,354,72,426,0.15,
mt/set_16/frenetic_v/test-219,2026-08-31T07:28:50.625375+00:00,2026-08-31T07:28:52.239895+00:00,1.6145,ok,0,stop,354,72,426,0.15,
mt/set_10/frenetic/test-221,2026-08-31T07:28:52.239953+00:00,2026-08-31T07:28:53.855108+00:00,1.6151,ok,0,stop,353,72,425,0.15,
mt/set_18/frenetic/test-886,2026-08-31T07:28:53.855169+00:00,2026-08-31T07:28:55.657574+00:00,1.8023,ok,0,stop,353,77,430,0.15,
mt/set_9/ambiegen/test-477,2026-08-31T07:28:55.657771+00:00,2026-08-31T07:28:57.624057+00:00,1.9662,ok,0,stop,354,86,440,0.45,
mt/set_8/frenetic/odr/test-282,2026-08-31T07:28:57.624119+00:00,2026-08-31T07:28:59.223593+00:00,1.5994,ok,0,stop,353,72,425,0.15,
mt_set5/frenetic/test-506,2026-08-31T07:28:59.223654+00:00,2026-08-31T07:29:00.955518+00:00,1.7318,ok,0,stop,353,77,430,0.15,
mt/set_7/frenetic_v/odr/test-374,2026-08-31T07:29:00.955586+00:00,2026-08-31T07:29:02.589455+00:00,1.6338,ok,0,stop,354,72,426,0.15,
mt/set_7/ambiegen/odr/test-125,2026-08-31T07:29:02.589587+00:00,2026-08-31T07:29:04.417173+00:00,1.8275,ok,0,stop,355,81,436,0.25,
mt/set_10/frenetic/test-854,2026-08-31T07:29:04.417229+00:00,2026-08-31T07:29:06.218659+00:00,1.8014,ok,0,stop,354,72,426,0.15,
mt/set_17/ambiegen/test-905,2026-08-31T07:29:06.218761+00:00,2026-08-31T07:29:07.825760+00:00,1.607,ok,0,stop,353,72,425,0.15,
mt/set_16/frenetic/test-747,2026-08-31T07:29:07.825816+00:00,2026-08-31T07:29:09.533188+00:00,1.7073,ok,0,stop,354,78,432,0.25,
mt/set_16/frenetic/test-493,2026-08-31T07:29:09.533260+00:00,2026-08-31T07:29:11.116408+00:00,1.5831,ok,0,stop,353,72,425,0.15,
mt/set_14/frenetic_v/test-211,2026-08-31T07:29:11.116464+00:00,2026-08-31T07:29:12.802942+00:00,1.6864,ok,0,stop,355,77,432,0.15,
mt_set5/ambiegen/test-814,2026-08-31T07:29:12.803005+00:00,2026-08-31T07:29:14.523376+00:00,1.7203,ok,0,stop,354,77,431,0.15,
mt/set_6/frenetic_v/test-446,2026-08-31T07:29:14.523458+00:00,2026-08-31T07:29:16.257935+00:00,1.7344,ok,0,stop,355,78,433,0.15,
mt/set_14/ambiegen/test-321,2026-08-31T07:29:16.257999+00:00,2026-08-31T07:29:17.872683+00:00,1.6146,ok,0,stop,355,72,427,0.15,
mt/set_8/frenetic_v/odr/test-829,2026-08-31T07:29:17.872737+00:00,2026-08-31T07:29:19.484798+00:00,1.612,ok,0,stop,355,72,427,0.15,
mt/set_14/ambiegen/test-515,2026-08-31T07:29:19.484855+00:00,2026-08-31T07:29:21.193640+00:00,1.7087,ok,0,stop,354,77,431,0.15,
mt/set_13/ambiegen/test-713,2026-08-31T07:29:21.193724+00:00,2026-08-31T07:29:22.929582+00:00,1.7358,ok,0,stop,354,78,432,0.65,
mt/set_13/ambiegen/test-545,2026-08-31T07:29:22.929651+00:00,2026-08-31T07:29:24.974436+00:00,2.0447,ok,0,stop,354,92,446,0.15,
mt/set_11/frenetic_v/test-820,2026-08-31T07:29:24.974496+00:00,2026-08-31T07:29:26.691869+00:00,1.7173,ok,0,stop,355,77,432,0.15,
mt/set_16/frenetic/test-689,2026-08-31T07:29:26.691950+00:00,2026-08-31T07:29:28.854484+00:00,2.1621,ok,0,stop,354,72,426,0.15,
mt/set_9/frenetic/test-686,2026-08-31T07:29:28.855337+00:00,2026-08-31T07:29:31.126218+00:00,2.2708,ok,0,stop,353,72,425,0.15,
mt/set_16/frenetic/test-100,2026-08-31T07:29:31.126297+00:00,2026-08-31T07:29:32.735971+00:00,1.6096,ok,0,stop,354,72,426,0.15,
mt/set_13/frenetic/test-527,2026-08-31T07:29:32.736031+00:00,2026-08-31T07:29:34.353864+00:00,1.6178,ok,0,stop,353,72,425,0.15,
mt/set_8/frenetic_v/odr/test-409,2026-08-31T07:29:34.353930+00:00,2026-08-31T07:29:35.951129+00:00,1.5972,ok,0,stop,355,72,427,0.15,
mt/set_9/frenetic/test-112,2026-08-31T07:29:35.951187+00:00,2026-08-31T07:29:37.663567+00:00,1.7123,ok,0,stop,354,77,431,0.15,
mt/set_13/ambiegen/test-271,2026-08-31T07:29:37.663632+00:00,2026-08-31T07:29:39.359094+00:00,1.6954,ok,0,stop,354,77,431,0.15,
mt/set_7/frenetic_v/odr/test-634,2026-08-31T07:29:39.359155+00:00,2026-08-31T07:29:41.078646+00:00,1.7195,ok,0,stop,354,77,431,0.15,
mt/set_17/frenetic_v/test-593,2026-08-31T07:29:41.078716+00:00,2026-08-31T07:29:42.819122+00:00,1.7404,ok,0,stop,355,78,433,0.15,
mt_set5/ambiegen/test-105,2026-08-31T07:29:42.819184+00:00,2026-08-31T07:29:44.560825+00:00,1.7416,ok,0,stop,355,78,433,0.15,
mt/set_11/frenetic/test-844,2026-08-31T07:29:44.560888+00:00,2026-08-31T07:29:46.173921+00:00,1.613,ok,0,stop,354,72,426,0.15,
mt/set_18/ambiegen/test-302,2026-08-31T07:29:46.173978+00:00,2026-08-31T07:29:47.782805+00:00,1.6088,ok,0,stop,354,72,426,0.15,
mt_set5/ambiegen/test-235,2026-08-31T07:29:47.782860+00:00,2026-08-31T07:29:49.715753+00:00,1.9327,ok,0,stop,354,77,431,0.15,
mt/set_9/frenetic_v/test-380,2026-08-31T07:29:49.716181+00:00,2026-08-31T07:29:52.402412+00:00,2.6862,ok,0,stop,355,78,433,0.15,
mt/set_9/frenetic/test-751,2026-08-31T07:29:52.402467+00:00,2026-08-31T07:29:54.232890+00:00,1.8304,ok,0,stop,353,72,425,0.15,
mt/set_7/frenetic_v/odr/test-450,2026-08-31T07:29:54.232968+00:00,2026-08-31T07:29:55.844437+00:00,1.6114,ok,0,stop,355,72,427,0.15,
