scenario_id,start_time,end_time,latency_sec,status,retry_count,finish_reason,input_tokens,output_tokens,total_tokens,risk_score,error
mt/set_14/frenetic_v/test-196,2026-08-30T18:06:06.986660+00:00,2026-08-30T18:06:11.066777+00:00,4.08,ok,0,stop,412,80,492,0.2,
mt/set_18/ambiegen/test-412,2026-08-30T18:06:11.066817+00:00,2026-08-30T18:06:12.664625+00:00,1.5978,ok,0,stop,410,80,490,0.2,
mt/set_8/ambiegen/odr/test-951,2026-08-30T18:06:12.664668+00:00,2026-08-30T18:06:14.204168+00:00,1.5395,ok,0,stop,410,78,488,0.2,
mt/set_8/frenetic_v/odr/test-865,2026-08-30T18:06:14.204210+00:00,2026-08-30T18:06:15.779818+00:00,1.5756,ok,0,stop,412,80,492,0.2,
mt/set_17/ambiegen/test-934,2026-08-30T18:06:15.779860+00:00,2026-08-30T18:06:17.313629+00:00,1.5337,ok,0,stop,410,77,487,0.2,
mt/set_17/ambiegen/test-312,2026-08-30T18:06:17.313672+00:00,2026-08-30T18:06:18.849540+00:00,1.5358,ok,0,stop,410,78,488,0.2,
mt/set_14/ambiegen/test-98,2026-08-30T18:06:18.849583+00:00,2026-08-30T18:06:20.385317+00:00,1.5357,ok,0,stop,410,78,488,0.2,
mt/set_18/ambiegen/test-70,2026-08-30T18:06:20.385357+00:00,2026-08-30T18:06:22.093738+00:00,1.7083,ok,0,stop,410,87,497,0.2,
mt/set_8/frenetic_v/odr/test-127,2026-08-30T18:06:22.093785+00:00,2026-08-30T18:06:23.628737+00:00,1.5349,ok,0,stop,412,78,490,0.2,
mt/set_7/ambiegen/odr/test-767,2026-08-30T18:06:23.628775+00:00,2026-08-30T18:06:25.336525+00:00,1.7077,ok,0,stop,410,87,497,0.0,
mt/set_10/frenetic_v/test-365,2026-08-30T18:06:25.336562+00:00,2026-08-30T18:06:26.916546+00:00,1.58,ok,0,stop,412,80,492,0.2,
mt/set_7/frenetic_v/odr/test-259,2026-08-30T18:06:26.916584+00:00,2026-08-30T18:06:29.104851+00:00,2.1882,ok,0,stop,411,80,491,0.2,
mt/set_9/frenetic/test-696,2026-08-30T18:06:29.104894+00:00,2026-08-30T18:06:30.714734+00:00,1.6098,ok,0,stop,411,78,489,0.2,
mt/set_16/ambiegen/test-552,2026-08-30T18:06:30.714807+00:00,2026-08-30T18:06:32.142091+00:00,1.4272,ok,0,stop,410,72,482,0.0,
mt_set5/frenetic/test-0,2026-08-30T18:06:32.142130+00:00,2026-08-30T18:06:33.741141+00:00,1.599,ok,0,stop,411,81,492,0.2,
mt/set_10/frenetic/test-47,2026-08-30T18:06:33.741204+00:00,2026-08-30T18:06:35.338077+00:00,1.5968,ok,0,stop,410,81,491,0.2,
mt/set_9/ambiegen/test-647,2026-08-30T18:06:35.338116+00:00,2026-08-30T18:06:36.891873+00:00,1.5537,ok,0,stop,410,78,488,0.2,
mt_set5/ambiegen/test-275,2026-08-30T18:06:36.891936+00:00,2026-08-30T18:06:38.429734+00:00,1.5378,ok,0,stop,410,78,488,0.2,
mt/set_12/ambiegen/test-92,2026-08-30T18:06:38.429773+00:00,2026-08-30T18:06:39.929080+00:00,1.4993,ok,0,stop,411,76,487,0.2,
mt/set_7/ambiegen/odr/test-237,2026-08-30T18:06:39.929119+00:00,2026-08-30T18:06:41.465110+00:00,1.536,ok,0,stop,410,78,488,0.2,
mt/set_11/ambiegen/test-746,2026-08-30T18:06:41.465152+00:00,2026-08-30T18:06:43.002069+00:00,1.5369,ok,0,stop,410,78,488,0.2,
mt_set6/frenetic/test-674,2026-08-30T18:06:43.002107+00:00,2026-08-30T18:06:44.597686+00:00,1.5955,ok,0,stop,411,81,492,0.2,
mt/set_11/frenetic_v/test-336,2026-08-30T18:06:44.597726+00:00,2026-08-30T18:06:46.267028+00:00,1.6692,ok,0,stop,411,80,491,0.2,
mt/set_8/ambiegen/odr/test-198,2026-08-30T18:06:46.267217+00:00,2026-08-30T18:06:48.058575+00:00,1.7913,ok,0,stop,409,72,481,0.0,
mt_set5/frenetic/test-178,2026-08-30T18:06:48.058629+00:00,2026-08-30T18:06:49.730671+00:00,1.672,ok,0,stop,411,81,492,0.2,
mt/set_7/ambiegen/odr/test-859,2026-08-30T18:06:49.730723+00:00,2026-08-30T18:06:51.385999+00:00,1.6552,ok,0,stop,411,84,495,0.2,
mt/set_9/frenetic_v/test-351,2026-08-30T18:06:51.386042+00:00,2026-08-30T18:06:52.963580+00:00,1.5775,ok,0,stop,412,80,492,0.2,
mt/set_11/frenetic_v/test-409,2026-08-30T18:06:52.963645+00:00,2026-08-30T18:06:54.540876+00:00,1.5772,ok,0,stop,412,80,492,0.2,
mt/set_8/frenetic_v/odr/test-111,2026-08-30T18:06:54.540916+00:00,2026-08-30T18:06:56.172972+00:00,1.632,ok,0,stop,412,80,492,0.2,
mt/set_17/frenetic/test-937,2026-08-30T18:06:56.173066+00:00,2026-08-30T18:06:57.792241+00:00,1.6191,ok,0,stop,411,81,492,0.2,
mt/set_9/frenetic/test-12,2026-08-30T18:06:57.792288+00:00,2026-08-30T18:06:59.330790+00:00,1.5385,ok,0,stop,411,78,489,0.2,
mt/set_10/ambiegen/test-192,2026-08-30T18:06:59.330853+00:00,2026-08-30T18:07:00.869127+00:00,1.5382,ok,0,stop,410,78,488,0.2,
mt/set_17/frenetic/test-32,2026-08-30T18:07:00.869171+00:00,2026-08-30T18:07:02.465106+00:00,1.5959,ok,0,stop,410,81,491,0.2,
mt_set6/frenetic/test-867,2026-08-30T18:07:02.465149+00:00,2026-08-30T18:07:04.093108+00:00,1.6279,ok,0,stop,411,78,489,0.2,
mt/set_17/ambiegen/test-733,2026-08-30T18:07:04.093166+00:00,2026-08-30T18:07:05.598912+00:00,1.5057,ok,0,stop,410,75,485,0.2,
mt/set_17/frenetic_v/test-327,2026-08-30T18:07:05.598971+00:00,2026-08-30T18:07:07.173414+00:00,1.5744,ok,0,stop,412,80,492,0.2,
mt/set_11/frenetic_v/test-928,2026-08-30T18:07:07.173477+00:00,2026-08-30T18:07:08.826369+00:00,1.6529,ok,0,stop,412,84,496,0.2,
mt/set_14/ambiegen/test-675,2026-08-30T18:07:08.826412+00:00,2026-08-30T18:07:10.339817+00:00,1.5134,ok,0,stop,410,76,486,0.2,
mt/set_14/frenetic_v/test-775,2026-08-30T18:07:10.339880+00:00,2026-08-30T18:07:11.918530+00:00,1.5786,ok,0,stop,412,80,492,0.2,
mt/set_12/frenetic_v/test-849,2026-08-30T18:07:11.918574+00:00,2026-08-30T18:07:13.500469+00:00,1.5819,ok,0,stop,412,80,492,0.2,
mt/set_2/ambiegen/odr/test-457,2026-08-30T18:07:13.500514+00:00,2026-08-30T18:07:15.043815+00:00,1.5433,ok,0,stop,410,78,488,0.2,
mt/set_18/frenetic_v/test-242,2026-08-30T18:07:15.043860+00:00,2026-08-30T18:07:16.587424+00:00,1.5435,ok,0,stop,411,78,489,0.2,
mt/set_11/frenetic/test-822,2026-08-30T18:07:16.587469+00:00,2026-08-30T18:07:18.168804+00:00,1.5813,ok,0,stop,411,80,491,0.2,
mt_set6/frenetic/test-147,2026-08-30T18:07:18.168847+00:00,2026-08-30T18:07:19.710889+00:00,1.542,ok,0,stop,411,78,489,0.2,
mt/set_17/ambiegen/test-653,2026-08-30T18:07:19.710933+00:00,2026-08-30T18:07:21.867754+00:00,2.1568,ok,0,stop,410,87,497,0.2,
mt/set_2/ambiegen/odr/test-465,2026-08-30T18:07:21.867804+00:00,2026-08-30T18:07:23.653673+00:00,1.7858,ok,0,stop,410,87,497,0.2,
mt/set_7/ambiegen/odr/test-750,2026-08-30T18:07:23.653717+00:00,2026-08-30T18:07:25.190903+00:00,1.5372,ok,0,stop,410,78,488,0.2,
mt/set_9/frenetic_v/test-529,2026-08-30T18:07:25.190948+00:00,2026-08-30T18:07:26.844547+00:00,1.6536,ok,0,stop,411,84,495,0.2,
mt/set_8/frenetic/odr/test-644,2026-08-30T18:07:26.844590+00:00,2026-08-30T18:07:28.380553+00:00,1.5359,ok,0,stop,411,78,489,0.2,
mt/set_12/ambiegen/test-339,2026-08-30T18:07:28.380599+00:00,2026-08-30T18:07:30.100175+00:00,1.7195,ok,0,stop,410,87,497,0.2,
mt/set_12/ambiegen/test-257,2026-08-30T18:07:30.100255+00:00,2026-08-30T18:07:31.638485+00:00,1.5382,ok,0,stop,410,78,488,0.2,
mt/set_9/frenetic/test-421,2026-08-30T18:07:31.638527+00:00,2026-08-30T18:07:33.233443+00:00,1.5949,ok,0,stop,411,81,492,0.2,
mt/set_17/ambiegen/test-785,2026-08-30T18:07:33.233486+00:00,2026-08-30T18:07:34.732749+00:00,1.4992,ok,0,stop,410,76,486,0.2,
mt_set5/frenetic/test-416,2026-08-30T18:07:34.732792+00:00,2026-08-30T18:07:36.271163+00:00,1.5383,ok,0,stop,411,78,489,0.2,
mt/set_7/frenetic_v/odr/test-815,2026-08-30T18:07:36.271205+00:00,2026-08-30T18:07:37.926974+00:00,1.6557,ok,0,stop,412,84,496,0.2,
mt_set6/frenetic/test-530,2026-08-30T18:07:37.927018+00:00,2026-08-30T18:07:39.521513+00:00,1.5945,ok,0,stop,410,81,491,0.2,
mt/set_10/frenetic_v/test-393,2026-08-30T18:07:39.521559+00:00,2026-08-30T18:07:41.572329+00:00,2.0507,ok,0,stop,412,80,492,0.2,
mt/set_17/ambiegen/test-820,2026-08-30T18:07:41.572374+00:00,2026-08-30T18:07:43.311214+00:00,1.7388,ok,0,stop,411,84,495,0.2,
mt/set_17/frenetic_v/test-341,2026-08-30T18:07:43.311259+00:00,2026-08-30T18:07:44.889286+00:00,1.578,ok,0,stop,412,80,492,0.2,
mt/set_18/ambiegen/test-350,2026-08-30T18:07:44.889330+00:00,2026-08-30T18:07:46.429285+00:00,1.5399,ok,0,stop,410,78,488,0.2,
mt/set_18/frenetic_v/test-70,2026-08-30T18:07:46.429334+00:00,2026-08-30T18:07:48.006557+00:00,1.5772,ok,0,stop,412,80,492,0.2,
mt/set_10/frenetic/test-339,2026-08-30T18:07:48.006599+00:00,2026-08-30T18:07:49.544897+00:00,1.5383,ok,0,stop,411,78,489,0.2,
mt/set_16/frenetic/test-166,2026-08-30T18:07:49.544939+00:00,2026-08-30T18:07:51.205553+00:00,1.6606,ok,0,stop,411,81,492,0.2,
mt/set_14/ambiegen/test-466,2026-08-30T18:07:51.205597+00:00,2026-08-30T18:07:52.859060+00:00,1.6534,ok,0,stop,411,84,495,0.2,
mt_set5/frenetic/test-565,2026-08-30T18:07:52.859105+00:00,2026-08-30T18:07:54.512511+00:00,1.6534,ok,0,stop,411,84,495,0.2,
mt/set_17/ambiegen/test-890,2026-08-30T18:07:54.512553+00:00,2026-08-30T18:07:56.165003+00:00,1.6524,ok,0,stop,411,84,495,0.2,
mt/set_11/frenetic/test-851,2026-08-30T18:07:56.165047+00:00,2026-08-30T18:07:57.861716+00:00,1.6966,ok,0,stop,411,81,492,0.2,
mt/set_16/ambiegen/test-397,2026-08-30T18:07:57.861759+00:00,2026-08-30T18:07:59.427436+00:00,1.5656,ok,0,stop,410,78,488,0.2,
mt/set_17/frenetic_v/test-638,2026-08-30T18:07:59.427479+00:00,2026-08-30T18:08:00.963942+00:00,1.5364,ok,0,stop,411,78,489,0.2,
mt/set_9/frenetic_v/test-241,2026-08-30T18:08:00.964005+00:00,2026-08-30T18:08:02.616126+00:00,1.6521,ok,0,stop,412,84,496,0.2,
mt/set_6/frenetic_v/test-520,2026-08-30T18:08:02.616186+00:00,2026-08-30T18:08:04.189430+00:00,1.5732,ok,0,stop,412,80,492,0.2,
mt/set_10/frenetic_v/test-9,2026-08-30T18:08:04.189472+00:00,2026-08-30T18:08:05.772808+00:00,1.5833,ok,0,stop,412,80,492,0.2,
mt/set_18/frenetic/test-286,2026-08-30T18:08:05.772868+00:00,2026-08-30T18:08:07.367097+00:00,1.5942,ok,0,stop,411,81,492,0.2,
mt_set5/frenetic/test-765,2026-08-30T18:08:07.367156+00:00,2026-08-30T18:08:08.962108+00:00,1.5949,ok,0,stop,411,81,492,0.2,
mt/set_11/ambiegen/test-876,2026-08-30T18:08:08.962151+00:00,2026-08-30T18:08:10.614741+00:00,1.6526,ok,0,stop,410,84,494,0.2,
mt/set_11/frenetic_v/test-705,2026-08-30T18:08:10.614784+00:00,2026-08-30T18:08:12.188657+00:00,1.5738,ok,0,stop,412,80,492,0.2,
mt_set5/ambiegen/test-674,2026-08-30T18:08:12.188698+00:00,2026-08-30T18:08:13.685898+00:00,1.4972,ok,0,stop,410,76,486,0.2,
mt/set_8/ambiegen/odr/test-930,2026-08-30T18:08:13.685943+00:00,2026-08-30T18:08:15.263796+00:00,1.5777,ok,0,stop,411,78,489,0.2,
mt/set_8/frenetic_v/odr/test-711,2026-08-30T18:08:15.263953+00:00,2026-08-30T18:08:17.302942+00:00,2.0389,ok,0,stop,412,80,492,0.2,
mt_set5/ambiegen/test-802,2026-08-30T18:08:17.303019+00:00,2026-08-30T18:08:18.907418+00:00,1.6044,ok,0,stop,410,78,488,0.2,
mt/set_8/frenetic_v/odr/test-451,2026-08-30T18:08:18.907458+00:00,2026-08-30T18:08:20.481152+00:00,1.5737,ok,0,stop,412,80,492,0.2,
mt_set5/ambiegen/test-57,2026-08-30T18:08:20.481212+00:00,2026-08-30T18:08:22.018280+00:00,1.537,ok,0,stop,410,78,488,0.2,
mt/set_8/ambiegen/odr/test-330,2026-08-30T18:08:22.018324+00:00,2026-08-30T18:08:23.537534+00:00,1.5192,ok,0,stop,410,76,486,0.2,
mt/set_12/frenetic_v/test-930,2026-08-30T18:08:23.537578+00:00,2026-08-30T18:08:25.119486+00:00,1.5819,ok,0,stop,412,80,492,0.2,
mt/set_7/ambiegen/odr/test-361,2026-08-30T18:08:25.119533+00:00,2026-08-30T18:08:26.839268+00:00,1.7197,ok,0,stop,410,87,497,0.2,
mt/set_11/frenetic_v/test-642,2026-08-30T18:08:26.839311+00:00,2026-08-30T18:08:28.499273+00:00,1.6599,ok,0,stop,412,84,496,0.2,
mt/set_9/ambiegen/test-140,2026-08-30T18:08:28.499323+00:00,2026-08-30T18:08:30.159482+00:00,1.6601,ok,0,stop,410,84,494,0.2,
mt/set_10/frenetic/test-201,2026-08-30T18:08:30.159526+00:00,2026-08-30T18:08:31.760231+00:00,1.6007,ok,0,stop,411,81,492,0.2,
mt/set_18/ambiegen/test-774,2026-08-30T18:08:31.760274+00:00,2026-08-30T18:08:33.417144+00:00,1.6568,ok,0,stop,409,84,493,0.2,
mt/set_7/frenetic/odr/test-422,2026-08-30T18:08:33.417186+00:00,2026-08-30T18:08:35.332789+00:00,1.9156,ok,0,stop,410,78,488,0.2,
mt/set_11/frenetic_v/test-781,2026-08-30T18:08:35.332837+00:00,2026-08-30T18:08:37.005237+00:00,1.6724,ok,0,stop,412,80,492,0.2,
mt/set_10/frenetic_v/test-42,2026-08-30T18:08:37.005278+00:00,2026-08-30T18:08:38.662360+00:00,1.657,ok,0,stop,411,84,495,0.2,
mt/set_10/frenetic/test-775,2026-08-30T18:08:38.662411+00:00,2026-08-30T18:08:40.258895+00:00,1.5964,ok,0,stop,411,81,492,0.2,
mt/set_12/ambiegen/test-665,2026-08-30T18:08:40.258942+00:00,2026-08-30T18:08:41.797416+00:00,1.5384,ok,0,stop,410,78,488,0.2,
mt/set_8/frenetic/odr/test-590,2026-08-30T18:08:41.797462+00:00,2026-08-30T18:08:43.393739+00:00,1.5962,ok,0,stop,410,81,491,0.2,
mt/set_8/frenetic/odr/test-667,2026-08-30T18:08:43.393783+00:00,2026-08-30T18:08:45.056463+00:00,1.6626,ok,0,stop,410,81,491,0.2,
mt/set_13/ambiegen/test-438,2026-08-30T18:08:45.056506+00:00,2026-08-30T18:08:46.592099+00:00,1.5355,ok,0,stop,410,78,488,0.2,
mt/set_16/frenetic_v/test-319,2026-08-30T18:08:46.592160+00:00,2026-08-30T18:08:48.167879+00:00,1.5757,ok,0,stop,412,80,492,0.2,
mt/set_7/ambiegen/odr/test-446,2026-08-30T18:08:48.167921+00:00,2026-08-30T18:08:49.704567+00:00,1.5366,ok,0,stop,410,78,488,0.2,
mt_set5/frenetic_v/test-666,2026-08-30T18:08:49.704612+00:00,2026-08-30T18:08:51.356685+00:00,1.652,ok,0,stop,412,84,496,0.2,
mt/set_17/frenetic_v/test-456,2026-08-30T18:08:51.356761+00:00,2026-08-30T18:08:52.972184+00:00,1.6154,ok,0,stop,411,78,489,0.2,
mt/set_11/frenetic_v/test-189,2026-08-30T18:08:52.972242+00:00,2026-08-30T18:08:54.522438+00:00,1.5502,ok,0,stop,411,78,489,0.2,
mt/set_16/ambiegen/test-405,2026-08-30T18:08:54.522485+00:00,2026-08-30T18:08:56.022800+00:00,1.5003,ok,0,stop,410,76,486,0.2,
mt/set_16/frenetic_v/test-297,2026-08-30T18:08:56.022843+00:00,2026-08-30T18:08:57.600639+00:00,1.5778,ok,0,stop,412,80,492,0.2,
mt/set_8/frenetic_v/odr/test-495,2026-08-30T18:08:57.600683+00:00,2026-08-30T18:08:59.264151+00:00,1.6634,ok,0,stop,412,84,496,0.2,
mt/set_11/ambiegen/test-484,2026-08-30T18:08:59.264197+00:00,2026-08-30T18:09:00.761400+00:00,1.4972,ok,0,stop,410,76,486,0.2,
mt/set_17/frenetic/test-127,2026-08-30T18:09:00.761447+00:00,2026-08-30T18:09:02.353681+00:00,1.5922,ok,0,stop,410,81,491,0.2,
mt/set_12/frenetic_v/test-799,2026-08-30T18:09:02.353731+00:00,2026-08-30T18:09:03.927816+00:00,1.574,ok,0,stop,412,80,492,0.2,
mt/set_13/ambiegen/test-150,2026-08-30T18:09:03.927885+00:00,2026-08-30T18:09:05.465917+00:00,1.538,ok,0,stop,410,78,488,0.2,
mt/set_9/ambiegen/test-798,2026-08-30T18:09:05.465967+00:00,2026-08-30T18:09:06.943003+00:00,1.477,ok,0,stop,410,75,485,0.2,
mt_set6/frenetic/test-690,2026-08-30T18:09:06.943044+00:00,2026-08-30T18:09:08.909292+00:00,1.966,ok,0,stop,411,81,492,0.2,
mt/set_18/frenetic/test-801,2026-08-30T18:09:08.909796+00:00,2026-08-30T18:09:10.607680+00:00,1.6978,ok,0,stop,410,78,488,0.2,
mt/set_11/ambiegen/test-527,2026-08-30T18:09:10.607728+00:00,2026-08-30T18:09:12.092290+00:00,1.4845,ok,0,stop,410,75,485,0.2,
mt/set_16/frenetic_v/test-384,2026-08-30T18:09:12.092339+00:00,2026-08-30T18:09:13.670354+00:00,1.578,ok,0,stop,412,80,492,0.2,
mt_set5/frenetic_v/test-663,2026-08-30T18:09:13.670403+00:00,2026-08-30T18:09:15.320662+00:00,1.6502,ok,0,stop,412,84,496,0.2,
mt/set_16/frenetic/test-570,2026-08-30T18:09:15.320705+00:00,2026-08-30T18:09:16.917585+00:00,1.5968,ok,0,stop,411,81,492,0.2,
mt/set_16/ambiegen/test-595,2026-08-30T18:09:16.917632+00:00,2026-08-30T18:09:18.569376+00:00,1.6517,ok,0,stop,410,84,494,0.2,
mt/set_8/frenetic_v/odr/test-545,2026-08-30T18:09:18.569421+00:00,2026-08-30T18:09:20.221041+00:00,1.6516,ok,0,stop,411,84,495,0.2,
mt/set_11/frenetic/test-136,2026-08-30T18:09:20.221088+00:00,2026-08-30T18:09:21.871972+00:00,1.6508,ok,0,stop,411,84,495,0.2,
mt/set_17/frenetic_v/test-354,2026-08-30T18:09:21.872016+00:00,2026-08-30T18:09:23.523998+00:00,1.6519,ok,0,stop,412,84,496,0.2,
mt_set5/frenetic_v/test-39,2026-08-30T18:09:23.524043+00:00,2026-08-30T18:09:25.098671+00:00,1.5746,ok,0,stop,411,80,491,0.2,
mt/set_6/frenetic_v/test-215,2026-08-30T18:09:25.098721+00:00,2026-08-30T18:09:26.635991+00:00,1.5372,ok,0,stop,411,78,489,0.2,
mt/set_2/ambiegen/odr/test-115,2026-08-30T18:09:26.636037+00:00,2026-08-30T18:09:28.790772+00:00,2.1547,ok,0,stop,411,75,486,0.2,
mt/set_17/ambiegen/test-768,2026-08-30T18:09:28.790834+00:00,2026-08-30T18:09:30.411209+00:00,1.6203,ok,0,stop,410,78,488,0.2,
mt/set_10/frenetic_v/test-308,2026-08-30T18:09:30.411252+00:00,2026-08-30T18:09:32.071999+00:00,1.6607,ok,0,stop,412,84,496,0.2,
mt/set_12/ambiegen/test-33,2026-08-30T18:09:32.072040+00:00,2026-08-30T18:09:33.577174+00:00,1.5051,ok,0,stop,410,76,486,0.2,
mt/set_6/frenetic_v/test-453,2026-08-30T18:09:33.577216+00:00,2026-08-30T18:09:35.115520+00:00,1.5383,ok,0,stop,411,78,489,0.2,
mt/set_12/frenetic/test-500,2026-08-30T18:09:35.115566+00:00,2026-08-30T18:09:36.689932+00:00,1.5743,ok,0,stop,411,80,491,0.2,
mt/set_17/frenetic/test-841,2026-08-30T18:09:36.689974+00:00,2026-08-30T18:09:38.351562+00:00,1.6616,ok,0,stop,410,81,491,0.2,
mt/set_12/ambiegen/test-349,2026-08-30T18:09:38.351605+00:00,2026-08-30T18:09:39.889169+00:00,1.5375,ok,0,stop,410,78,488,0.2,
mt/set_11/ambiegen/test-903,2026-08-30T18:09:39.889211+00:00,2026-08-30T18:09:41.425584+00:00,1.5363,ok,0,stop,410,78,488,0.2,
mt/set_16/ambiegen/test-105,2026-08-30T18:09:41.425625+00:00,2026-08-30T18:09:43.078623+00:00,1.653,ok,0,stop,411,84,495,0.2,
mt/set_9/frenetic/test-317,2026-08-30T18:09:43.078664+00:00,2026-08-30T18:09:44.720108+00:00,1.6412,ok,0,stop,410,81,491,0.2,
mt/set_7/frenetic_v/odr/test-182,2026-08-30T18:09:44.720434+00:00,2026-08-30T18:09:46.308510+00:00,1.588,ok,0,stop,412,76,488,0.2,
mt/set_13/frenetic_v/test-860,2026-08-30T18:09:46.308553+00:00,2026-08-30T18:09:47.881825+00:00,1.5732,ok,0,stop,412,80,492,0.2,
mt/set_7/frenetic/odr/test-365,2026-08-30T18:09:47.881869+00:00,2026-08-30T18:09:49.416985+00:00,1.5351,ok,0,stop,410,78,488,0.2,
mt/set_8/ambiegen/odr/test-702,2026-08-30T18:09:49.417030+00:00,2026-08-30T18:09:50.961768+00:00,1.5447,ok,0,stop,410,78,488,0.2,
mt/set_13/frenetic_v/test-613,2026-08-30T18:09:50.961830+00:00,2026-08-30T18:09:52.498432+00:00,1.5366,ok,0,stop,411,78,489,0.2,
mt/set_16/frenetic/test-294,2026-08-30T18:09:52.498474+00:00,2026-08-30T18:09:54.035172+00:00,1.5367,ok,0,stop,410,78,488,0.2,
mt/set_9/frenetic/test-268,2026-08-30T18:09:54.035213+00:00,2026-08-30T18:09:55.628998+00:00,1.5937,ok,0,stop,411,81,492,0.2,
mt/set_9/frenetic_v/test-697,2026-08-30T18:09:55.629050+00:00,2026-08-30T18:09:57.281004+00:00,1.6519,ok,0,stop,412,84,496,0.2,
mt/set_16/frenetic/test-453,2026-08-30T18:09:57.281047+00:00,2026-08-30T18:09:58.875862+00:00,1.5948,ok,0,stop,410,81,491,0.2,
mt_set5/ambiegen/test-623,2026-08-30T18:09:58.875903+00:00,2026-08-30T18:10:00.410548+00:00,1.5346,ok,0,stop,410,78,488,0.2,
mt/set_14/ambiegen/test-23,2026-08-30T18:10:00.410587+00:00,2026-08-30T18:10:02.707677+00:00,2.2971,ok,0,stop,410,84,494,0.2,
mt/set_7/ambiegen/odr/test-516,2026-08-30T18:10:02.707720+00:00,2026-08-30T18:10:04.445503+00:00,1.7378,ok,0,stop,411,84,495,0.0,
mt/set_13/frenetic_v/test-779,2026-08-30T18:10:04.445548+00:00,2026-08-30T18:10:06.019607+00:00,1.574,ok,0,stop,412,80,492,0.2,
mt/set_12/frenetic/test-132,2026-08-30T18:10:06.019650+00:00,2026-08-30T18:10:07.556168+00:00,1.5365,ok,0,stop,411,78,489,0.2,
mt_set5/frenetic/test-331,2026-08-30T18:10:07.556211+00:00,2026-08-30T18:10:09.164092+00:00,1.6078,ok,0,stop,410,81,491,0.2,
mt/set_9/ambiegen/test-892,2026-08-30T18:10:09.164137+00:00,2026-08-30T18:10:10.702421+00:00,1.5382,ok,0,stop,410,78,488,0.2,
mt/set_7/frenetic_v/odr/test-638,2026-08-30T18:10:10.702471+00:00,2026-08-30T18:10:12.355580+00:00,1.6531,ok,0,stop,412,84,496,0.2,
mt/set_16/frenetic/test-448,2026-08-30T18:10:12.355673+00:00,2026-08-30T18:10:13.949683+00:00,1.594,ok,0,stop,411,81,492,0.2,
mt/set_11/frenetic/test-892,2026-08-30T18:10:13.949729+00:00,2026-08-30T18:10:15.523773+00:00,1.574,ok,0,stop,411,80,491,0.2,
mt_set5/frenetic/test-611,2026-08-30T18:10:15.523817+00:00,2026-08-30T18:10:17.059601+00:00,1.5358,ok,0,stop,410,78,488,0.2,
mt/set_13/frenetic/test-46,2026-08-30T18:10:17.059642+00:00,2026-08-30T18:10:18.711101+00:00,1.6514,ok,0,stop,410,84,494,0.2,
mt/set_7/frenetic/odr/test-349,2026-08-30T18:10:18.711146+00:00,2026-08-30T18:10:20.782013+00:00,2.0708,ok,0,stop,411,81,492,0.2,
mt/set_10/ambiegen/test-593,2026-08-30T18:10:20.782180+00:00,2026-08-30T18:10:22.306460+00:00,1.5242,ok,0,stop,410,75,485,0.2,
mt/set_18/ambiegen/test-394,2026-08-30T18:10:22.306525+00:00,2026-08-30T18:10:23.798701+00:00,1.4921,ok,0,stop,410,72,482,0.0,
mt/set_7/frenetic/odr/test-715,2026-08-30T18:10:23.798744+00:00,2026-08-30T18:10:25.392939+00:00,1.5942,ok,0,stop,410,81,491,0.2,
mt_set6/frenetic/test-395,2026-08-30T18:10:25.392984+00:00,2026-08-30T18:10:26.985788+00:00,1.5928,ok,0,stop,410,81,491,0.2,
mt/set_18/ambiegen/test-823,2026-08-30T18:10:26.985831+00:00,2026-08-30T18:10:28.636747+00:00,1.6509,ok,0,stop,410,84,494,0.2,
mt/set_14/frenetic_v/test-634,2026-08-30T18:10:28.636786+00:00,2026-08-30T18:10:30.224724+00:00,1.5879,ok,0,stop,411,78,489,0.2,
mt/set_18/ambiegen/test-399,2026-08-30T18:10:30.224820+00:00,2026-08-30T18:10:31.780769+00:00,1.5559,ok,0,stop,410,78,488,0.2,
mt/set_9/frenetic_v/test-382,2026-08-30T18:10:31.780809+00:00,2026-08-30T18:10:33.440962+00:00,1.6601,ok,0,stop,411,84,495,0.2,
mt/set_2/ambiegen/odr/test-260,2026-08-30T18:10:33.441001+00:00,2026-08-30T18:10:34.981589+00:00,1.5406,ok,0,stop,410,78,488,0.2,
mt/set_16/ambiegen/test-629,2026-08-30T18:10:34.981627+00:00,2026-08-30T18:10:36.518446+00:00,1.5368,ok,0,stop,410,78,488,0.2,
mt_set5/frenetic_v/test-367,2026-08-30T18:10:36.518486+00:00,2026-08-30T18:10:38.180138+00:00,1.6616,ok,0,stop,412,80,492,0.2,
mt/set_17/ambiegen/test-131,2026-08-30T18:10:38.180177+00:00,2026-08-30T18:10:39.706921+00:00,1.5267,ok,0,stop,411,76,487,0.2,
mt/set_12/frenetic_v/test-154,2026-08-30T18:10:39.706961+00:00,2026-08-30T18:10:41.283051+00:00,1.576,ok,0,stop,411,80,491,0.2,
mt/set_7/frenetic_v/odr/test-54,2026-08-30T18:10:41.283113+00:00,2026-08-30T18:10:42.938124+00:00,1.655,ok,0,stop,412,84,496,0.2,
mt/set_9/frenetic/test-532,2026-08-30T18:10:42.938188+00:00,2026-08-30T18:10:44.524402+00:00,1.5862,ok,0,stop,411,80,491,0.2,
mt/set_16/frenetic/test-948,2026-08-30T18:10:44.524467+00:00,2026-08-30T18:10:46.063940+00:00,1.5394,ok,0,stop,410,78,488,0.2,
mt/set_2/ambiegen/odr/test-395,2026-08-30T18:10:46.063981+00:00,2026-08-30T18:10:47.991100+00:00,1.9271,ok,0,stop,409,98,507,0.2,
mt/set_8/frenetic/odr/test-218,2026-08-30T18:10:47.991143+00:00,2026-08-30T18:10:49.531198+00:00,1.54,ok,0,stop,411,78,489,0.2,
mt/set_11/frenetic/test-326,2026-08-30T18:10:49.531240+00:00,2026-08-30T18:10:51.068011+00:00,1.5367,ok,0,stop,410,78,488,0.2,
mt/set_14/frenetic/test-529,2026-08-30T18:10:51.068071+00:00,2026-08-30T18:10:52.722136+00:00,1.654,ok,0,stop,411,84,495,0.2,
mt_set5/frenetic/test-529,2026-08-30T18:10:52.722197+00:00,2026-08-30T18:10:54.426649+00:00,1.7042,ok,0,stop,410,78,488,0.2,
mt/set_13/frenetic/test-854,2026-08-30T18:10:54.426931+00:00,2026-08-30T18:10:56.652303+00:00,2.2253,ok,0,stop,410,81,491,0.2,
mt/set_2/ambiegen/odr/test-350,2026-08-30T18:10:56.652346+00:00,2026-08-30T18:10:58.191680+00:00,1.5393,ok,0,stop,410,78,488,0.2,
mt_set5/frenetic/test-154,2026-08-30T18:10:58.191720+00:00,2026-08-30T18:10:59.729200+00:00,1.5374,ok,0,stop,411,78,489,0.2,
mt/set_10/frenetic_v/test-612,2026-08-30T18:10:59.729262+00:00,2026-08-30T18:11:01.382446+00:00,1.6531,ok,0,stop,411,84,495,0.2,
mt/set_18/ambiegen/test-746,2026-08-30T18:11:01.382507+00:00,2026-08-30T18:11:02.889750+00:00,1.5072,ok,0,stop,410,76,486,0.2,
mt/set_7/frenetic_v/odr/test-569,2026-08-30T18:11:02.889794+00:00,2026-08-30T18:11:04.466775+00:00,1.5769,ok,0,stop,412,80,492,0.2,
mt/set_17/frenetic_v/test-194,2026-08-30T18:11:04.466826+00:00,2026-08-30T18:11:06.042826+00:00,1.576,ok,0,stop,412,80,492,0.2,
mt_set5/ambiegen/test-358,2026-08-30T18:11:06.042869+00:00,2026-08-30T18:11:07.752855+00:00,1.7099,ok,0,stop,410,87,497,0.2,
mt/set_10/frenetic_v/test-428,2026-08-30T18:11:07.752917+00:00,2026-08-30T18:11:09.405339+00:00,1.6524,ok,0,stop,411,84,495,0.2,
mt/set_14/frenetic/test-176,2026-08-30T18:11:09.405382+00:00,2026-08-30T18:11:10.999906+00:00,1.5945,ok,0,stop,411,81,492,0.2,
mt_set5/frenetic_v/test-789,2026-08-30T18:11:10.999968+00:00,2026-08-30T18:11:12.651754+00:00,1.6517,ok,0,stop,412,84,496,0.2,
mt/set_16/ambiegen/test-186,2026-08-30T18:11:12.651796+00:00,2026-08-30T18:11:15.017015+00:00,2.3652,ok,0,stop,410,87,497,0.2,
mt/set_16/frenetic_v/test-81,2026-08-30T18:11:15.017059+00:00,2026-08-30T18:11:16.671994+00:00,1.6549,ok,0,stop,411,80,491,0.2,
mt/set_13/frenetic_v/test-388,2026-08-30T18:11:16.672054+00:00,2026-08-30T18:11:18.246329+00:00,1.5742,ok,0,stop,412,80,492,0.2,
mt/set_18/frenetic/test-591,2026-08-30T18:11:18.246372+00:00,2026-08-30T18:11:19.843436+00:00,1.597,ok,0,stop,410,81,491,0.2,
mt_set5/ambiegen/test-568,2026-08-30T18:11:19.843480+00:00,2026-08-30T18:11:21.382778+00:00,1.5393,ok,0,stop,410,78,488,0.2,
mt/set_17/ambiegen/test-189,2026-08-30T18:11:21.382818+00:00,2026-08-30T18:11:22.920865+00:00,1.538,ok,0,stop,410,78,488,0.2,
mt_set5/frenetic/test-243,2026-08-30T18:11:22.920942+00:00,2026-08-30T18:11:24.563047+00:00,1.6421,ok,0,stop,410,78,488,0.2,
mt/set_10/ambiegen/test-353,2026-08-30T18:11:24.563091+00:00,2026-08-30T18:11:26.220137+00:00,1.657,ok,0,stop,409,84,493,0.0,
mt/set_11/frenetic/test-669,2026-08-30T18:11:26.220178+00:00,2026-08-30T18:11:27.755739+00:00,1.5355,ok,0,stop,411,78,489,0.2,
mt/set_7/ambiegen/odr/test-223,2026-08-30T18:11:27.755782+00:00,2026-08-30T18:11:29.254951+00:00,1.4991,ok,0,stop,410,76,486,0.2,
mt/set_11/frenetic_v/test-530,2026-08-30T18:11:29.254997+00:00,2026-08-30T18:11:30.916952+00:00,1.6619,ok,0,stop,411,80,491,0.2,
mt/set_12/frenetic_v/test-628,2026-08-30T18:11:30.916994+00:00,2026-08-30T18:11:32.583643+00:00,1.6666,ok,0,stop,411,84,495,0.2,
mt/set_10/frenetic_v/test-503,2026-08-30T18:11:32.583690+00:00,2026-08-30T18:11:34.237632+00:00,1.6539,ok,0,stop,412,84,496,0.2,
mt_set5/ambiegen/test-438,2026-08-30T18:11:34.237717+00:00,2026-08-30T18:11:35.812771+00:00,1.575,ok,0,stop,410,80,490,0.2,
mt_set5/frenetic/test-749,2026-08-30T18:11:35.812817+00:00,2026-08-30T18:11:37.416748+00:00,1.6039,ok,0,stop,410,81,491,0.2,
mt/set_14/frenetic_v/test-507,2026-08-30T18:11:37.416790+00:00,2026-08-30T18:11:38.992632+00:00,1.5758,ok,0,stop,412,80,492,0.2,
mt/set_14/ambiegen/test-416,2026-08-30T18:11:38.992674+00:00,2026-08-30T18:11:40.471694+00:00,1.479,ok,0,stop,410,75,485,0.2,
mt/set_11/frenetic/test-392,2026-08-30T18:11:40.471738+00:00,2026-08-30T18:11:42.008492+00:00,1.5367,ok,0,stop,411,78,489,0.2,
mt/set_11/ambiegen/test-902,2026-08-30T18:11:42.008537+00:00,2026-08-30T18:11:43.508047+00:00,1.4995,ok,0,stop,411,76,487,0.2,
mt/set_13/frenetic_v/test-395,2026-08-30T18:11:43.508089+00:00,2026-08-30T18:11:45.082416+00:00,1.5743,ok,0,stop,412,80,492,0.2,
mt/set_14/frenetic_v/test-932,2026-08-30T18:11:45.082458+00:00,2026-08-30T18:11:46.735481+00:00,1.653,ok,0,stop,412,84,496,0.2,
mt/set_2/ambiegen/odr/test-431,2026-08-30T18:11:46.735526+00:00,2026-08-30T18:11:48.215404+00:00,1.4798,ok,0,stop,411,75,486,0.2,
mt/set_8/frenetic_v/odr/test-698,2026-08-30T18:11:48.215444+00:00,2026-08-30T18:11:50.372204+00:00,2.1567,ok,0,stop,412,78,490,0.2,
mt/set_6/frenetic_v/test-759,2026-08-30T18:11:50.372248+00:00,2026-08-30T18:11:52.018954+00:00,1.6467,ok,0,stop,412,80,492,0.2,
mt/set_13/frenetic_v/test-387,2026-08-30T18:11:52.018998+00:00,2026-08-30T18:11:53.670310+00:00,1.6513,ok,0,stop,412,84,496,0.2,
mt/set_7/ambiegen/odr/test-456,2026-08-30T18:11:53.670354+00:00,2026-08-30T18:11:55.380384+00:00,1.71,ok,0,stop,410,87,497,0.2,
mt/set_7/frenetic/odr/test-274,2026-08-30T18:11:55.380427+00:00,2026-08-30T18:11:57.039596+00:00,1.6591,ok,0,stop,411,84,495,0.2,
mt/set_18/frenetic_v/test-223,2026-08-30T18:11:57.039642+00:00,2026-08-30T18:11:58.620518+00:00,1.5808,ok,0,stop,412,80,492,0.2,
mt/set_13/ambiegen/test-939,2026-08-30T18:11:58.620573+00:00,2026-08-30T18:12:00.333014+00:00,1.7124,ok,0,stop,411,87,498,0.2,
mt_set6/frenetic/test-376,2026-08-30T18:12:00.333057+00:00,2026-08-30T18:12:01.870133+00:00,1.537,ok,0,stop,411,78,489,0.2,
mt/set_16/frenetic_v/test-689,2026-08-30T18:12:01.870176+00:00,2026-08-30T18:12:03.528429+00:00,1.6582,ok,0,stop,412,84,496,0.2,
mt/set_8/frenetic/odr/test-846,2026-08-30T18:12:03.528473+00:00,2026-08-30T18:12:05.122707+00:00,1.5942,ok,0,stop,410,81,491,0.2,
mt/set_14/ambiegen/test-505,2026-08-30T18:12:05.122752+00:00,2026-08-30T18:12:06.831838+00:00,1.7091,ok,0,stop,411,87,498,0.2,
mt/set_9/frenetic/test-140,2026-08-30T18:12:06.831880+00:00,2026-08-30T18:12:08.964230+00:00,2.1323,ok,0,stop,411,78,489,0.2,
mt/set_7/frenetic/odr/test-9,2026-08-30T18:12:08.964271+00:00,2026-08-30T18:12:10.645167+00:00,1.6809,ok,0,stop,410,81,491,0.2,
mt/set_14/frenetic/test-226,2026-08-30T18:12:10.645231+00:00,2026-08-30T18:12:12.239663+00:00,1.5944,ok,0,stop,411,81,492,0.2,
mt_set5/ambiegen/test-615,2026-08-30T18:12:12.239713+00:00,2026-08-30T18:12:13.661128+00:00,1.4214,ok,0,stop,410,72,482,0.0,
mt_set5/ambiegen/test-19,2026-08-30T18:12:13.661192+00:00,2026-08-30T18:12:15.198350+00:00,1.5371,ok,0,stop,411,78,489,0.2,
mt/set_12/frenetic/test-138,2026-08-30T18:12:15.198392+00:00,2026-08-30T18:12:16.733386+00:00,1.535,ok,0,stop,411,78,489,0.2,
mt/set_13/frenetic_v/test-337,2026-08-30T18:12:16.733428+00:00,2026-08-30T18:12:18.375667+00:00,1.6422,ok,0,stop,412,80,492,0.2,
mt/set_12/frenetic_v/test-217,2026-08-30T18:12:18.375710+00:00,2026-08-30T18:12:19.949028+00:00,1.5733,ok,0,stop,412,80,492,0.2,
mt/set_13/frenetic/test-457,2026-08-30T18:12:19.949092+00:00,2026-08-30T18:12:21.541751+00:00,1.5926,ok,0,stop,410,81,491,0.2,
mt/set_7/ambiegen/odr/test-838,2026-08-30T18:12:21.541791+00:00,2026-08-30T18:12:23.190317+00:00,1.6485,ok,0,stop,410,84,494,0.2,
mt/set_14/ambiegen/test-134,2026-08-30T18:12:23.190379+00:00,2026-08-30T18:12:24.731330+00:00,1.5409,ok,0,stop,410,78,488,0.2,
mt/set_17/ambiegen/test-236,2026-08-30T18:12:24.731412+00:00,2026-08-30T18:12:26.334567+00:00,1.6031,ok,0,stop,410,77,487,0.2,
mt/set_16/frenetic_v/test-608,2026-08-30T18:12:26.334610+00:00,2026-08-30T18:12:27.985287+00:00,1.6506,ok,0,stop,412,84,496,0.2,
mt/set_8/frenetic/odr/test-549,2026-08-30T18:12:27.985349+00:00,2026-08-30T18:12:29.517675+00:00,1.5323,ok,0,stop,411,78,489,0.2,
mt/set_7/ambiegen/odr/test-538,2026-08-30T18:12:29.517717+00:00,2026-08-30T18:12:31.073685+00:00,1.5559,ok,0,stop,409,78,487,0.2,
mt/set_16/frenetic_v/test-853,2026-08-30T18:12:31.073729+00:00,2026-08-30T18:12:32.610513+00:00,1.5367,ok,0,stop,411,78,489,0.2,
mt/set_14/frenetic/test-767,2026-08-30T18:12:32.610555+00:00,2026-08-30T18:12:34.206752+00:00,1.5962,ok,0,stop,410,81,491,0.2,
mt/set_14/frenetic_v/test-152,2026-08-30T18:12:34.206796+00:00,2026-08-30T18:12:35.861247+00:00,1.6544,ok,0,stop,412,84,496,0.2,
mt/set_2/ambiegen/odr/test-716,2026-08-30T18:12:35.861290+00:00,2026-08-30T18:12:37.399583+00:00,1.5383,ok,0,stop,410,78,488,0.2,
mt/set_6/frenetic_v/test-672,2026-08-30T18:12:37.399624+00:00,2026-08-30T18:12:38.932545+00:00,1.5329,ok,0,stop,411,78,489,0.2,
mt/set_13/frenetic/test-374,2026-08-30T18:12:38.932591+00:00,2026-08-30T18:12:40.466704+00:00,1.5341,ok,0,stop,411,78,489,0.2,
mt/set_14/frenetic_v/test-344,2026-08-30T18:12:40.466748+00:00,2026-08-30T18:12:42.463715+00:00,1.9969,ok,0,stop,412,80,492,0.2,
mt_set5/ambiegen/test-497,2026-08-30T18:12:42.463759+00:00,2026-08-30T18:12:44.060736+00:00,1.5969,ok,0,stop,410,78,488,0.2,
mt/set_17/ambiegen/test-876,2026-08-30T18:12:44.060783+00:00,2026-08-30T18:12:46.084888+00:00,2.0241,ok,0,stop,410,103,513,0.2,
mt/set_17/frenetic_v/test-507,2026-08-30T18:12:46.084952+00:00,2026-08-30T18:12:47.660542+00:00,1.5756,ok,0,stop,411,80,491,0.2,
mt_set6/frenetic/test-837,2026-08-30T18:12:47.660590+00:00,2026-08-30T18:12:49.252322+00:00,1.5917,ok,0,stop,410,81,491,0.2,
mt/set_14/frenetic/test-680,2026-08-30T18:12:49.252367+00:00,2026-08-30T18:12:50.860721+00:00,1.6083,ok,0,stop,411,81,492,0.2,
mt/set_2/ambiegen/odr/test-87,2026-08-30T18:12:50.860766+00:00,2026-08-30T18:12:52.396264+00:00,1.5355,ok,0,stop,410,78,488,0.2,
mt/set_7/ambiegen/odr/test-106,2026-08-30T18:12:52.396307+00:00,2026-08-30T18:12:53.930190+00:00,1.5339,ok,0,stop,410,78,488,0.2,
mt/set_18/frenetic/test-589,2026-08-30T18:12:53.930240+00:00,2026-08-30T18:12:55.521946+00:00,1.5917,ok,0,stop,411,81,492,0.2,
mt/set_8/frenetic_v/odr/test-203,2026-08-30T18:12:55.522023+00:00,2026-08-30T18:12:57.097569+00:00,1.5755,ok,0,stop,411,80,491,0.2,
mt/set_10/frenetic_v/test-618,2026-08-30T18:12:57.097612+00:00,2026-08-30T18:12:58.670707+00:00,1.5731,ok,0,stop,412,80,492,0.2,
mt/set_17/frenetic/test-486,2026-08-30T18:12:58.670750+00:00,2026-08-30T18:13:00.572125+00:00,1.901,ok,0,stop,411,78,489,0.2,
mt/set_10/ambiegen/test-520,2026-08-30T18:13:00.572507+00:00,2026-08-30T18:13:02.481056+00:00,1.9085,ok,0,stop,410,80,490,0.2,
mt/set_17/frenetic/test-335,2026-08-30T18:13:02.481136+00:00,2026-08-30T18:13:04.182118+00:00,1.7009,ok,0,stop,410,81,491,0.2,
mt/set_18/frenetic_v/test-125,2026-08-30T18:13:04.182178+00:00,2026-08-30T18:13:05.756416+00:00,1.5742,ok,0,stop,412,80,492,0.2,
mt/set_18/frenetic_v/test-68,2026-08-30T18:13:05.756458+00:00,2026-08-30T18:13:07.331006+00:00,1.5745,ok,0,stop,411,80,491,0.2,
mt/set_9/frenetic_v/test-71,2026-08-30T18:13:07.331052+00:00,2026-08-30T18:13:08.904557+00:00,1.5735,ok,0,stop,412,80,492,0.2,
mt/set_13/ambiegen/test-832,2026-08-30T18:13:08.904599+00:00,2026-08-30T18:13:10.506643+00:00,1.602,ok,0,stop,411,78,489,0.2,
mt/set_7/frenetic_v/odr/test-869,2026-08-30T18:13:10.506755+00:00,2026-08-30T18:13:12.050071+00:00,1.5433,ok,0,stop,412,78,490,0.2,
mt/set_16/frenetic/test-531,2026-08-30T18:13:12.050119+00:00,2026-08-30T18:13:13.702954+00:00,1.6528,ok,0,stop,411,84,495,0.2,
mt/set_9/frenetic/test-154,2026-08-30T18:13:13.703002+00:00,2026-08-30T18:13:15.242479+00:00,1.5394,ok,0,stop,410,78,488,0.2,
mt/set_6/frenetic_v/test-334,2026-08-30T18:13:15.242523+00:00,2026-08-30T18:13:16.897019+00:00,1.6545,ok,0,stop,411,84,495,0.2,
mt/set_16/frenetic/test-668,2026-08-30T18:13:16.897061+00:00,2026-08-30T18:13:18.489068+00:00,1.592,ok,0,stop,411,78,489,0.2,
mt/set_17/frenetic/test-793,2026-08-30T18:13:18.489110+00:00,2026-08-30T18:13:20.041137+00:00,1.552,ok,0,stop,410,78,488,0.2,
mt/set_7/frenetic/odr/test-140,2026-08-30T18:13:20.041179+00:00,2026-08-30T18:13:21.634404+00:00,1.5932,ok,0,stop,410,81,491,0.2,
mt/set_13/frenetic/test-162,2026-08-30T18:13:21.634448+00:00,2026-08-30T18:13:23.169465+00:00,1.535,ok,0,stop,411,78,489,0.2,
mt/set_16/ambiegen/test-62,2026-08-30T18:13:23.169509+00:00,2026-08-30T18:13:24.679941+00:00,1.5104,ok,0,stop,411,76,487,0.2,
mt/set_8/ambiegen/odr/test-549,2026-08-30T18:13:24.679982+00:00,2026-08-30T18:13:26.098096+00:00,1.4181,ok,0,stop,411,72,483,0.0,
mt/set_7/ambiegen/odr/test-388,2026-08-30T18:13:26.098160+00:00,2026-08-30T18:13:27.573340+00:00,1.4751,ok,0,stop,411,75,486,0.2,
mt/set_9/ambiegen/test-626,2026-08-30T18:13:27.573382+00:00,2026-08-30T18:13:29.067896+00:00,1.4945,ok,0,stop,410,76,486,0.2,
mt/set_14/frenetic/test-66,2026-08-30T18:13:29.067963+00:00,2026-08-30T18:13:30.603005+00:00,1.535,ok,0,stop,411,78,489,0.2,
mt/set_17/ambiegen/test-152,2026-08-30T18:13:30.603060+00:00,2026-08-30T18:13:32.025800+00:00,1.4227,ok,0,stop,410,72,482,0.0,
mt/set_8/frenetic/odr/test-639,2026-08-30T18:13:32.025845+00:00,2026-08-30T18:13:33.624214+00:00,1.5983,ok,0,stop,410,81,491,0.2,
mt_set6/frenetic/test-632,2026-08-30T18:13:33.624275+00:00,2026-08-30T18:13:35.571105+00:00,1.9467,ok,0,stop,410,81,491,0.2,
mt/set_8/ambiegen/odr/test-137,2026-08-30T18:13:35.571316+00:00,2026-08-30T18:13:37.201512+00:00,1.6302,ok,0,stop,410,78,488,0.2,
mt/set_9/frenetic/test-438,2026-08-30T18:13:37.201556+00:00,2026-08-30T18:13:38.743092+00:00,1.5415,ok,0,stop,410,78,488,0.2,
mt/set_10/ambiegen/test-516,2026-08-30T18:13:38.743156+00:00,2026-08-30T18:13:40.278459+00:00,1.5353,ok,0,stop,410,78,488,0.2,
mt/set_12/ambiegen/test-896,2026-08-30T18:13:40.278507+00:00,2026-08-30T18:13:41.814357+00:00,1.5358,ok,0,stop,411,78,489,0.2,
mt/set_9/ambiegen/test-256,2026-08-30T18:13:41.814399+00:00,2026-08-30T18:13:43.366487+00:00,1.5521,ok,0,stop,410,78,488,0.2,
mt/set_14/frenetic_v/test-895,2026-08-30T18:13:43.366532+00:00,2026-08-30T18:13:44.954449+00:00,1.5879,ok,0,stop,411,80,491,0.2,
mt/set_6/frenetic_v/test-226,2026-08-30T18:13:44.954492+00:00,2026-08-30T18:13:46.496417+00:00,1.5419,ok,0,stop,411,78,489,0.2,
mt/set_9/ambiegen/test-69,2026-08-30T18:13:46.496460+00:00,2026-08-30T18:13:48.000076+00:00,1.5036,ok,0,stop,410,76,486,0.2,
mt/set_16/ambiegen/test-804,2026-08-30T18:13:48.000133+00:00,2026-08-30T18:13:49.486573+00:00,1.4864,ok,0,stop,410,75,485,0.2,
mt/set_11/ambiegen/test-845,2026-08-30T18:13:49.486638+00:00,2026-08-30T18:13:51.078797+00:00,1.5921,ok,0,stop,410,78,488,0.2,
mt/set_11/ambiegen/test-647,2026-08-30T18:13:51.078845+00:00,2026-08-30T18:13:52.790212+00:00,1.7113,ok,0,stop,411,87,498,0.2,
mt/set_7/frenetic_v/odr/test-723,2026-08-30T18:13:52.790251+00:00,2026-08-30T18:13:54.928639+00:00,2.1384,ok,0,stop,411,80,491,0.2,
mt_set6/frenetic/test-494,2026-08-30T18:13:54.928682+00:00,2026-08-30T18:13:56.604547+00:00,1.6758,ok,0,stop,410,81,491,0.2,
mt/set_14/ambiegen/test-476,2026-08-30T18:13:56.604588+00:00,2026-08-30T18:13:58.140919+00:00,1.5363,ok,0,stop,410,78,488,0.2,
mt/set_9/frenetic/test-90,2026-08-30T18:13:58.140962+00:00,2026-08-30T18:13:59.678003+00:00,1.537,ok,0,stop,410,78,488,0.2,
mt/set_13/ambiegen/test-747,2026-08-30T18:13:59.678044+00:00,2026-08-30T18:14:01.157195+00:00,1.4791,ok,0,stop,410,75,485,0.2,
mt/set_13/ambiegen/test-22,2026-08-30T18:14:01.157239+00:00,2026-08-30T18:14:02.711803+00:00,1.5545,ok,0,stop,410,78,488,0.2,
mt/set_11/frenetic_v/test-195,2026-08-30T18:14:02.711847+00:00,2026-08-30T18:14:04.314181+00:00,1.6023,ok,0,stop,411,78,489,0.2,
mt/set_14/frenetic/test-889,2026-08-30T18:14:04.314224+00:00,2026-08-30T18:14:05.851001+00:00,1.5367,ok,0,stop,410,78,488,0.2,
mt/set_16/ambiegen/test-438,2026-08-30T18:14:05.851043+00:00,2026-08-30T18:14:07.387907+00:00,1.5368,ok,0,stop,410,78,488,0.2,
mt/set_14/ambiegen/test-754,2026-08-30T18:14:07.387949+00:00,2026-08-30T18:14:08.924223+00:00,1.5362,ok,0,stop,410,78,488,0.2,
mt/set_10/frenetic_v/test-254,2026-08-30T18:14:08.924270+00:00,2026-08-30T18:14:10.657925+00:00,1.7336,ok,0,stop,411,84,495,0.2,
mt/set_13/frenetic/test-496,2026-08-30T18:14:10.657967+00:00,2026-08-30T18:14:12.277193+00:00,1.6192,ok,0,stop,411,81,492,0.2,
mt/set_13/frenetic/test-862,2026-08-30T18:14:12.277257+00:00,2026-08-30T18:14:13.815132+00:00,1.5378,ok,0,stop,411,78,489,0.2,
mt/set_11/frenetic/test-824,2026-08-30T18:14:13.815175+00:00,2026-08-30T18:14:15.413149+00:00,1.5979,ok,0,stop,411,81,492,0.2,
mt/set_13/ambiegen/test-537,2026-08-30T18:14:15.413264+00:00,2026-08-30T18:14:16.951830+00:00,1.5385,ok,0,stop,410,77,487,0.2,
mt/set_6/frenetic_v/test-637,2026-08-30T18:14:16.951878+00:00,2026-08-30T18:14:18.537055+00:00,1.5851,ok,0,stop,411,80,491,0.2,
mt/set_17/frenetic/test-268,2026-08-30T18:14:18.537118+00:00,2026-08-30T18:14:20.084219+00:00,1.5471,ok,0,stop,411,78,489,0.2,
mt/set_9/frenetic_v/test-638,2026-08-30T18:14:20.084281+00:00,2026-08-30T18:14:21.660466+00:00,1.5761,ok,0,stop,411,80,491,0.2,
mt/set_16/frenetic/test-42,2026-08-30T18:14:21.660529+00:00,2026-08-30T18:14:23.254270+00:00,1.5937,ok,0,stop,410,81,491,0.2,
mt/set_16/ambiegen/test-674,2026-08-30T18:14:23.254317+00:00,2026-08-30T18:14:24.791776+00:00,1.5374,ok,0,stop,410,78,488,0.2,
mt/set_12/ambiegen/test-195,2026-08-30T18:14:24.791818+00:00,2026-08-30T18:14:26.272030+00:00,1.4802,ok,0,stop,411,75,486,0.2,
mt/set_2/ambiegen/odr/test-96,2026-08-30T18:14:26.272092+00:00,2026-08-30T18:14:27.983153+00:00,1.7106,ok,0,stop,411,75,486,0.2,
mt/set_10/frenetic_v/test-289,2026-08-30T18:14:27.983587+00:00,2026-08-30T18:14:29.958460+00:00,1.9748,ok,0,stop,412,84,496,0.2,
mt/set_18/frenetic/test-195,2026-08-30T18:14:29.958507+00:00,2026-08-30T18:14:31.551633+00:00,1.5931,ok,0,stop,410,81,491,0.2,
mt/set_11/frenetic/test-837,2026-08-30T18:14:31.551678+00:00,2026-08-30T18:14:33.145374+00:00,1.5937,ok,0,stop,411,81,492,0.2,
mt/set_8/frenetic/odr/test-169,2026-08-30T18:14:33.145416+00:00,2026-08-30T18:14:34.736567+00:00,1.5911,ok,0,stop,411,81,492,0.2,
mt/set_18/frenetic/test-648,2026-08-30T18:14:34.736611+00:00,2026-08-30T18:14:36.339147+00:00,1.6025,ok,0,stop,411,81,492,0.2,
mt/set_7/frenetic/odr/test-179,2026-08-30T18:14:36.339210+00:00,2026-08-30T18:14:37.988907+00:00,1.6497,ok,0,stop,411,84,495,0.2,
mt/set_7/frenetic_v/odr/test-469,2026-08-30T18:14:37.988948+00:00,2026-08-30T18:14:39.562038+00:00,1.5731,ok,0,stop,412,80,492,0.2,
mt/set_8/frenetic_v/odr/test-208,2026-08-30T18:14:39.562078+00:00,2026-08-30T18:14:41.211407+00:00,1.6493,ok,0,stop,412,84,496,0.2,
mt/set_14/ambiegen/test-330,2026-08-30T18:14:41.211449+00:00,2026-08-30T18:14:42.748996+00:00,1.5375,ok,0,stop,410,78,488,0.2,
mt/set_17/frenetic_v/test-632,2026-08-30T18:14:42.749036+00:00,2026-08-30T18:14:44.322251+00:00,1.5732,ok,0,stop,412,80,492,0.2,
mt/set_13/frenetic_v/test-564,2026-08-30T18:14:44.322291+00:00,2026-08-30T18:14:45.895723+00:00,1.5734,ok,0,stop,411,80,491,0.2,
mt/set_10/frenetic_v/test-119,2026-08-30T18:14:45.895786+00:00,2026-08-30T18:14:48.038663+00:00,2.1428,ok,0,stop,411,80,491,0.2,
mt/set_10/ambiegen/test-756,2026-08-30T18:14:48.038735+00:00,2026-08-30T18:14:49.583365+00:00,1.5446,ok,0,stop,411,74,485,0.2,
mt/set_11/ambiegen/test-57,2026-08-30T18:14:49.583416+00:00,2026-08-30T18:14:51.126571+00:00,1.5431,ok,0,stop,410,78,488,0.2,
mt/set_10/frenetic/test-207,2026-08-30T18:14:51.126614+00:00,2026-08-30T18:14:52.670349+00:00,1.5437,ok,0,stop,411,78,489,0.2,
mt/set_18/frenetic_v/test-228,2026-08-30T18:14:52.670392+00:00,2026-08-30T18:14:54.333295+00:00,1.6629,ok,0,stop,411,84,495,0.2,
mt/set_11/frenetic/test-944,2026-08-30T18:14:54.333361+00:00,2026-08-30T18:14:55.891258+00:00,1.5579,ok,0,stop,410,78,488,0.2,
mt/set_9/frenetic_v/test-159,2026-08-30T18:14:55.891314+00:00,2026-08-30T18:14:57.555147+00:00,1.6638,ok,0,stop,412,80,492,0.2,
mt_set5/frenetic_v/test-680,2026-08-30T18:14:57.555199+00:00,2026-08-30T18:14:59.091915+00:00,1.5367,ok,0,stop,411,78,489,0.2,
mt/set_16/ambiegen/test-662,2026-08-30T18:14:59.091967+00:00,2026-08-30T18:15:00.551804+00:00,1.4598,ok,0,stop,410,74,484,0.2,
mt/set_14/ambiegen/test-901,2026-08-30T18:15:00.551852+00:00,2026-08-30T18:15:02.747369+00:00,2.1955,ok,0,stop,411,112,523,0.2,
mt/set_2/ambiegen/odr/test-127,2026-08-30T18:15:02.747425+00:00,2026-08-30T18:15:04.284013+00:00,1.5366,ok,0,stop,410,78,488,0.2,
mt/set_8/ambiegen/odr/test-325,2026-08-30T18:15:04.284066+00:00,2026-08-30T18:15:06.040134+00:00,1.756,ok,0,stop,410,84,494,0.0,
mt_set6/frenetic/test-587,2026-08-30T18:15:06.040200+00:00,2026-08-30T18:15:07.637987+00:00,1.5978,ok,0,stop,410,81,491,0.2,
mt/set_11/frenetic/test-725,2026-08-30T18:15:07.638038+00:00,2026-08-30T18:15:09.232007+00:00,1.5939,ok,0,stop,410,81,491,0.2,
mt/set_17/ambiegen/test-661,2026-08-30T18:15:09.232058+00:00,2026-08-30T18:15:10.784780+00:00,1.5527,ok,0,stop,410,78,488,0.2,
mt/set_9/ambiegen/test-912,2026-08-30T18:15:10.784837+00:00,2026-08-30T18:15:12.263538+00:00,1.4787,ok,0,stop,410,75,485,0.2,
mt_set6/frenetic/test-187,2026-08-30T18:15:12.263591+00:00,2026-08-30T18:15:13.802314+00:00,1.5387,ok,0,stop,410,78,488,0.2,
mt/set_8/ambiegen/odr/test-606,2026-08-30T18:15:13.802377+00:00,2026-08-30T18:15:15.221272+00:00,1.4189,ok,0,stop,409,72,481,0.0,
mt/set_14/frenetic_v/test-207,2026-08-30T18:15:15.221326+00:00,2026-08-30T18:15:16.796403+00:00,1.575,ok,0,stop,412,80,492,0.2,
mt/set_16/ambiegen/test-792,2026-08-30T18:15:16.796453+00:00,2026-08-30T18:15:18.372936+00:00,1.5764,ok,0,stop,410,80,490,0.2,
mt/set_16/frenetic/test-633,2026-08-30T18:15:18.372986+00:00,2026-08-30T18:15:19.910316+00:00,1.5373,ok,0,stop,410,78,488,0.2,
mt/set_11/frenetic_v/test-321,2026-08-30T18:15:19.910370+00:00,2026-08-30T18:15:21.487939+00:00,1.5775,ok,0,stop,412,80,492,0.2,
mt/set_7/frenetic_v/odr/test-872,2026-08-30T18:15:21.487994+00:00,2026-08-30T18:15:23.646042+00:00,2.158,ok,0,stop,412,80,492,0.2,
mt/set_10/frenetic_v/test-525,2026-08-30T18:15:23.646090+00:00,2026-08-30T18:15:25.315178+00:00,1.669,ok,0,stop,411,80,491,0.2,
mt/set_12/frenetic/test-614,2026-08-30T18:15:25.315254+00:00,2026-08-30T18:15:26.911800+00:00,1.5965,ok,0,stop,410,81,491,0.2,
mt/set_9/ambiegen/test-816,2026-08-30T18:15:26.911862+00:00,2026-08-30T18:15:28.450625+00:00,1.5387,ok,0,stop,410,78,488,0.2,
mt_set5/ambiegen/test-102,2026-08-30T18:15:28.450685+00:00,2026-08-30T18:15:29.964416+00:00,1.5137,ok,0,stop,410,76,486,0.2,
mt/set_7/frenetic_v/odr/test-570,2026-08-30T18:15:29.964483+00:00,2026-08-30T18:15:31.644439+00:00,1.6799,ok,0,stop,412,84,496,0.2,
mt_set5/frenetic/test-337,2026-08-30T18:15:31.644497+00:00,2026-08-30T18:15:33.246616+00:00,1.6021,ok,0,stop,410,81,491,0.2,
mt/set_11/frenetic_v/test-163,2026-08-30T18:15:33.246666+00:00,2026-08-30T18:15:34.828669+00:00,1.582,ok,0,stop,411,80,491,0.2,
mt/set_10/ambiegen/test-485,2026-08-30T18:15:34.828717+00:00,2026-08-30T18:15:36.379494+00:00,1.5507,ok,0,stop,410,78,488,0.2,
mt/set_10/ambiegen/test-78,2026-08-30T18:15:36.379632+00:00,2026-08-30T18:15:37.886294+00:00,1.5066,ok,0,stop,410,76,486,0.2,
mt_set5/frenetic_v/test-816,2026-08-30T18:15:37.886352+00:00,2026-08-30T18:15:39.545119+00:00,1.6587,ok,0,stop,412,84,496,0.2,
mt/set_10/frenetic_v/test-381,2026-08-30T18:15:39.545195+00:00,2026-08-30T18:15:41.659801+00:00,2.1146,ok,0,stop,411,78,489,0.2,
mt/set_12/ambiegen/test-561,2026-08-30T18:15:41.659853+00:00,2026-08-30T18:15:43.110614+00:00,1.4507,ok,0,stop,410,72,482,0.0,
mt_set5/ambiegen/test-32,2026-08-30T18:15:43.110723+00:00,2026-08-30T18:15:44.707546+00:00,1.5968,ok,0,stop,410,78,488,0.2,
mt/set_8/frenetic/odr/test-46,2026-08-30T18:15:44.707605+00:00,2026-08-30T18:15:46.306865+00:00,1.5992,ok,0,stop,410,81,491,0.2,
mt_set6/frenetic/test-618,2026-08-30T18:15:46.306923+00:00,2026-08-30T18:15:47.911117+00:00,1.6042,ok,0,stop,410,81,491,0.2,
mt/set_13/frenetic/test-214,2026-08-30T18:15:47.911165+00:00,2026-08-30T18:15:49.506992+00:00,1.5958,ok,0,stop,411,81,492,0.2,
mt/set_9/ambiegen/test-386,2026-08-30T18:15:49.507048+00:00,2026-08-30T18:15:51.225624+00:00,1.7185,ok,0,stop,410,87,497,0.2,
mt/set_9/frenetic_v/test-238,2026-08-30T18:15:51.225711+00:00,2026-08-30T18:15:52.859795+00:00,1.634,ok,0,stop,412,80,492,0.2,
mt/set_10/frenetic/test-316,2026-08-30T18:15:52.859843+00:00,2026-08-30T18:15:54.455563+00:00,1.5957,ok,0,stop,410,81,491,0.2,
mt/set_2/ambiegen/odr/test-119,2026-08-30T18:15:54.455616+00:00,2026-08-30T18:15:55.993804+00:00,1.5382,ok,0,stop,409,78,487,0.2,
mt/set_12/ambiegen/test-63,2026-08-30T18:15:55.993846+00:00,2026-08-30T18:15:57.567245+00:00,1.5734,ok,0,stop,410,80,490,0.2,
mt/set_16/frenetic/test-387,2026-08-30T18:15:57.567313+00:00,2026-08-30T18:15:59.229614+00:00,1.6623,ok,0,stop,410,81,491,0.2,
mt/set_12/ambiegen/test-847,2026-08-30T18:15:59.229669+00:00,2026-08-30T18:16:00.751302+00:00,1.5216,ok,0,stop,411,76,487,0.2,
mt/set_17/frenetic/test-870,2026-08-30T18:16:00.751364+00:00,2026-08-30T18:16:02.346794+00:00,1.5954,ok,0,stop,410,81,491,0.2,
mt/set_13/ambiegen/test-201,2026-08-30T18:16:02.346844+00:00,2026-08-30T18:16:03.883884+00:00,1.537,ok,0,stop,410,78,488,0.2,
mt/set_13/frenetic_v/test-935,2026-08-30T18:16:03.883937+00:00,2026-08-30T18:16:05.538592+00:00,1.6546,ok,0,stop,412,84,496,0.2,
mt/set_8/frenetic_v/odr/test-480,2026-08-30T18:16:05.538660+00:00,2026-08-30T18:16:07.189699+00:00,1.651,ok,0,stop,411,84,495,0.2,
mt_set5/frenetic/test-668,2026-08-30T18:16:07.189756+00:00,2026-08-30T18:16:08.783259+00:00,1.5935,ok,0,stop,411,81,492,0.2,
mt/set_9/ambiegen/test-22,2026-08-30T18:16:08.783325+00:00,2026-08-30T18:16:10.435589+00:00,1.6522,ok,0,stop,410,84,494,0.2,
mt/set_8/frenetic/odr/test-475,2026-08-30T18:16:10.435647+00:00,2026-08-30T18:16:12.029940+00:00,1.5943,ok,0,stop,410,81,491,0.2,
mt/set_11/frenetic_v/test-511,2026-08-30T18:16:12.029990+00:00,2026-08-30T18:16:13.603905+00:00,1.5739,ok,0,stop,412,80,492,0.2,
mt/set_13/frenetic_v/test-465,2026-08-30T18:16:13.603952+00:00,2026-08-30T18:16:15.258289+00:00,1.6543,ok,0,stop,411,84,495,0.2,
mt_set5/frenetic_v/test-708,2026-08-30T18:16:15.258342+00:00,2026-08-30T18:16:17.265826+00:00,2.0075,ok,0,stop,412,84,496,0.2,
mt/set_12/frenetic/test-847,2026-08-30T18:16:17.265876+00:00,2026-08-30T18:16:18.923223+00:00,1.6573,ok,0,stop,411,81,492,0.2,
mt/set_6/frenetic_v/test-934,2026-08-30T18:16:18.923274+00:00,2026-08-30T18:16:20.503269+00:00,1.58,ok,0,stop,412,80,492,0.2,
mt/set_13/frenetic_v/test-668,2026-08-30T18:16:20.503320+00:00,2026-08-30T18:16:22.079223+00:00,1.5759,ok,0,stop,412,80,492,0.2,
mt/set_9/frenetic/test-340,2026-08-30T18:16:22.079301+00:00,2026-08-30T18:16:23.675218+00:00,1.5959,ok,0,stop,410,81,491,0.2,
mt/set_2/ambiegen/odr/test-519,2026-08-30T18:16:23.675299+00:00,2026-08-30T18:16:25.222051+00:00,1.5467,ok,0,stop,410,78,488,0.2,
mt/set_8/ambiegen/odr/test-936,2026-08-30T18:16:25.222134+00:00,2026-08-30T18:16:26.873807+00:00,1.6516,ok,0,stop,410,84,494,0.2,
mt/set_2/ambiegen/odr/test-182,2026-08-30T18:16:26.873859+00:00,2026-08-30T18:16:28.587614+00:00,1.7137,ok,0,stop,410,87,497,0.2,
mt/set_18/ambiegen/test-794,2026-08-30T18:16:28.587692+00:00,2026-08-30T18:16:30.200793+00:00,1.6131,ok,0,stop,411,82,493,0.2,
mt/set_11/ambiegen/test-544,2026-08-30T18:16:30.200863+00:00,2026-08-30T18:16:31.852898+00:00,1.652,ok,0,stop,411,84,495,0.2,
mt/set_14/frenetic/test-698,2026-08-30T18:16:31.852947+00:00,2026-08-30T18:16:33.452935+00:00,1.6,ok,0,stop,410,81,491,0.2,
mt_set5/frenetic_v/test-293,2026-08-30T18:16:33.452990+00:00,2026-08-30T18:16:35.518802+00:00,2.0658,ok,0,stop,412,80,492,0.2,
mt/set_16/frenetic/test-63,2026-08-30T18:16:35.518855+00:00,2026-08-30T18:16:37.163706+00:00,1.6448,ok,0,stop,410,81,491,0.2,
mt/set_9/ambiegen/test-587,2026-08-30T18:16:37.163795+00:00,2026-08-30T18:16:38.915049+00:00,1.7512,ok,0,stop,410,87,497,0.2,
mt/set_10/frenetic_v/test-766,2026-08-30T18:16:38.915097+00:00,2026-08-30T18:16:40.569253+00:00,1.6541,ok,0,stop,412,84,496,0.2,
mt/set_17/frenetic/test-341,2026-08-30T18:16:40.569304+00:00,2026-08-30T18:16:42.146759+00:00,1.5774,ok,0,stop,411,80,491,0.2,
mt/set_14/ambiegen/test-475,2026-08-30T18:16:42.146808+00:00,2026-08-30T18:16:43.684548+00:00,1.5377,ok,0,stop,410,78,488,0.2,
mt/set_2/ambiegen/odr/test-39,2026-08-30T18:16:43.684601+00:00,2026-08-30T18:16:45.334600+00:00,1.65,ok,0,stop,410,80,490,0.2,
mt/set_16/frenetic/test-919,2026-08-30T18:16:45.334658+00:00,2026-08-30T18:16:46.929780+00:00,1.5951,ok,0,stop,410,81,491,0.2,
mt/set_10/frenetic/test-354,2026-08-30T18:16:46.929830+00:00,2026-08-30T18:16:48.504754+00:00,1.5749,ok,0,stop,411,80,491,0.2,
mt/set_12/frenetic/test-502,2026-08-30T18:16:48.504801+00:00,2026-08-30T18:16:50.040344+00:00,1.5355,ok,0,stop,410,78,488,0.2,
mt/set_11/frenetic_v/test-655,2026-08-30T18:16:50.040392+00:00,2026-08-30T18:16:51.615564+00:00,1.5751,ok,0,stop,411,80,491,0.2,
mt/set_10/frenetic/test-57,2026-08-30T18:16:51.615613+00:00,2026-08-30T18:16:53.245039+00:00,1.6294,ok,0,stop,411,78,489,0.2,
mt/set_7/ambiegen/odr/test-952,2026-08-30T18:16:53.245102+00:00,2026-08-30T18:16:54.789154+00:00,1.544,ok,0,stop,410,78,488,0.2,
mt/set_9/ambiegen/test-901,2026-08-30T18:16:54.789203+00:00,2026-08-30T18:16:56.326416+00:00,1.5372,ok,0,stop,410,78,488,0.2,
mt/set_13/frenetic/test-101,2026-08-30T18:16:56.326464+00:00,2026-08-30T18:16:57.921884+00:00,1.5954,ok,0,stop,410,81,491,0.2,
mt/set_2/ambiegen/odr/test-593,2026-08-30T18:16:57.921976+00:00,2026-08-30T18:16:59.349664+00:00,1.4277,ok,0,stop,410,72,482,0.0,
mt/set_9/frenetic_v/test-83,2026-08-30T18:16:59.349718+00:00,2026-08-30T18:17:00.888077+00:00,1.5383,ok,0,stop,411,78,489,0.2,
mt/set_2/ambiegen/odr/test-417,2026-08-30T18:17:00.888132+00:00,2026-08-30T18:17:02.310165+00:00,1.422,ok,0,stop,409,72,481,0.0,
mt/set_11/ambiegen/test-269,2026-08-30T18:17:02.310214+00:00,2026-08-30T18:17:04.023434+00:00,1.7132,ok,0,stop,410,87,497,0.2,
mt/set_17/frenetic/test-531,2026-08-30T18:17:04.023488+00:00,2026-08-30T18:17:05.625635+00:00,1.6021,ok,0,stop,411,81,492,0.2,
mt/set_2/ambiegen/odr/test-276,2026-08-30T18:17:05.625692+00:00,2026-08-30T18:17:07.159447+00:00,1.5337,ok,0,stop,411,75,486,0.2,
mt/set_6/frenetic_v/test-25,2026-08-30T18:17:07.159500+00:00,2026-08-30T18:17:08.755823+00:00,1.5963,ok,0,stop,412,80,492,0.2,
mt/set_9/frenetic_v/test-119,2026-08-30T18:17:08.755879+00:00,2026-08-30T18:17:10.803953+00:00,2.048,ok,0,stop,412,78,490,0.2,
mt/set_10/ambiegen/test-721,2026-08-30T18:17:10.804073+00:00,2026-08-30T18:17:12.419669+00:00,1.6156,ok,0,stop,410,78,488,0.2,
mt/set_16/frenetic/test-361,2026-08-30T18:17:12.419714+00:00,2026-08-30T18:17:14.026600+00:00,1.6068,ok,0,stop,410,81,491,0.2,
mt_set5/ambiegen/test-335,2026-08-30T18:17:14.026678+00:00,2026-08-30T18:17:15.564953+00:00,1.5382,ok,0,stop,410,78,488,0.2,
mt/set_9/frenetic/test-66,2026-08-30T18:17:15.565016+00:00,2026-08-30T18:17:17.109760+00:00,1.5447,ok,0,stop,411,78,489,0.2,
mt/set_17/ambiegen/test-584,2026-08-30T18:17:17.109817+00:00,2026-08-30T18:17:18.629799+00:00,1.5199,ok,0,stop,410,75,485,0.2,
mt/set_18/frenetic/test-892,2026-08-30T18:17:18.629864+00:00,2026-08-30T18:17:20.266601+00:00,1.6367,ok,0,stop,410,81,491,0.2,
mt/set_18/frenetic/test-122,2026-08-30T18:17:20.266657+00:00,2026-08-30T18:17:21.803125+00:00,1.5364,ok,0,stop,411,78,489,0.2,
mt/set_14/ambiegen/test-442,2026-08-30T18:17:21.803171+00:00,2026-08-30T18:17:23.341409+00:00,1.5382,ok,0,stop,410,78,488,0.2,
mt/set_13/frenetic_v/test-582,2026-08-30T18:17:23.341465+00:00,2026-08-30T18:17:24.916791+00:00,1.5753,ok,0,stop,411,80,491,0.2,
mt/set_17/ambiegen/test-222,2026-08-30T18:17:24.916845+00:00,2026-08-30T18:17:26.395452+00:00,1.4786,ok,0,stop,411,75,486,0.2,
mt/set_12/frenetic/test-461,2026-08-30T18:17:26.395500+00:00,2026-08-30T18:17:27.988568+00:00,1.593,ok,0,stop,410,81,491,0.2,
mt/set_11/frenetic_v/test-641,2026-08-30T18:17:27.988616+00:00,2026-08-30T18:17:30.224838+00:00,2.2362,ok,0,stop,411,80,491,0.2,
mt/set_7/frenetic/odr/test-728,2026-08-30T18:17:30.224890+00:00,2026-08-30T18:17:31.841823+00:00,1.6169,ok,0,stop,411,78,489,0.2,
mt/set_7/frenetic/odr/test-798,2026-08-30T18:17:31.841873+00:00,2026-08-30T18:17:33.435516+00:00,1.5936,ok,0,stop,411,81,492,0.2,
mt/set_11/frenetic/test-922,2026-08-30T18:17:33.435563+00:00,2026-08-30T18:17:34.971448+00:00,1.5359,ok,0,stop,411,78,489,0.2,
mt/set_9/frenetic/test-109,2026-08-30T18:17:34.971503+00:00,2026-08-30T18:17:36.565086+00:00,1.5935,ok,0,stop,411,81,492,0.2,
mt/set_7/ambiegen/odr/test-251,2026-08-30T18:17:36.565145+00:00,2026-08-30T18:17:38.061402+00:00,1.4962,ok,0,stop,410,76,486,0.2,
mt/set_18/ambiegen/test-97,2026-08-30T18:17:38.061457+00:00,2026-08-30T18:17:39.665566+00:00,1.6041,ok,0,stop,410,78,488,0.2,
mt/set_13/frenetic_v/test-890,2026-08-30T18:17:39.665612+00:00,2026-08-30T18:17:41.320903+00:00,1.6553,ok,0,stop,411,84,495,0.2,
mt/set_9/frenetic_v/test-88,2026-08-30T18:17:41.320954+00:00,2026-08-30T18:17:42.975032+00:00,1.654,ok,0,stop,412,84,496,0.2,
mt/set_13/frenetic/test-314,2026-08-30T18:17:42.975082+00:00,2026-08-30T18:17:44.514434+00:00,1.5393,ok,0,stop,410,78,488,0.2,
mt/set_9/ambiegen/test-79,2026-08-30T18:17:44.514512+00:00,2026-08-30T18:17:46.265165+00:00,1.7506,ok,0,stop,410,84,494,0.2,
mt/set_14/ambiegen/test-85,2026-08-30T18:17:46.265210+00:00,2026-08-30T18:17:47.812536+00:00,1.5473,ok,0,stop,410,78,488,0.2,
mt/set_14/frenetic/test-444,2026-08-30T18:17:47.812603+00:00,2026-08-30T18:17:49.385475+00:00,1.5728,ok,0,stop,411,80,491,0.2,
mt/set_11/ambiegen/test-339,2026-08-30T18:17:49.385537+00:00,2026-08-30T18:17:50.804081+00:00,1.4185,ok,0,stop,410,72,482,0.0,
mt_set5/frenetic_v/test-128,2026-08-30T18:17:50.804156+00:00,2026-08-30T18:17:52.351586+00:00,1.5474,ok,0,stop,411,78,489,0.2,
mt/set_16/ambiegen/test-646,2026-08-30T18:17:52.351640+00:00,2026-08-30T18:17:53.884807+00:00,1.5331,ok,0,stop,410,78,488,0.2,
mt/set_10/frenetic/test-348,2026-08-30T18:17:53.884856+00:00,2026-08-30T18:17:55.475910+00:00,1.591,ok,0,stop,410,81,491,0.2,
mt/set_9/frenetic/test-336,2026-08-30T18:17:55.475961+00:00,2026-08-30T18:17:57.067109+00:00,1.5911,ok,0,stop,410,81,491,0.2,
mt/set_16/frenetic_v/test-495,2026-08-30T18:17:57.067164+00:00,2026-08-30T18:17:58.602291+00:00,1.5351,ok,0,stop,411,78,489,0.2,
mt/set_18/ambiegen/test-684,2026-08-30T18:17:58.602339+00:00,2026-08-30T18:18:00.100090+00:00,1.4977,ok,0,stop,410,76,486,0.2,
mt/set_17/ambiegen/test-418,2026-08-30T18:18:00.100142+00:00,2026-08-30T18:18:01.752260+00:00,1.6521,ok,0,stop,411,84,495,0.2,
mt/set_8/frenetic/odr/test-422,2026-08-30T18:18:01.752314+00:00,2026-08-30T18:18:03.824154+00:00,2.0718,ok,0,stop,410,81,491,0.2,
mt/set_7/frenetic_v/odr/test-154,2026-08-30T18:18:03.824206+00:00,2026-08-30T18:18:05.473419+00:00,1.6492,ok,0,stop,412,80,492,0.2,
mt/set_17/frenetic/test-188,2026-08-30T18:18:05.473500+00:00,2026-08-30T18:18:07.068252+00:00,1.5947,ok,0,stop,410,81,491,0.2,
mt/set_16/ambiegen/test-718,2026-08-30T18:18:07.068301+00:00,2026-08-30T18:18:08.564651+00:00,1.4963,ok,0,stop,411,76,487,0.2,
mt/set_11/ambiegen/test-726,2026-08-30T18:18:08.564699+00:00,2026-08-30T18:18:10.101976+00:00,1.5372,ok,0,stop,410,78,488,0.2,
mt/set_14/frenetic/test-334,2026-08-30T18:18:10.102026+00:00,2026-08-30T18:18:11.651067+00:00,1.549,ok,0,stop,410,78,488,0.2,
mt/set_9/ambiegen/test-707,2026-08-30T18:18:11.651121+00:00,2026-08-30T18:18:13.130279+00:00,1.4791,ok,0,stop,410,75,485,0.2,
mt/set_12/frenetic/test-926,2026-08-30T18:18:13.130331+00:00,2026-08-30T18:18:14.668307+00:00,1.5379,ok,0,stop,411,78,489,0.2,
mt/set_12/ambiegen/test-754,2026-08-30T18:18:14.668363+00:00,2026-08-30T18:18:16.205660+00:00,1.5373,ok,0,stop,410,78,488,0.2,
mt/set_13/frenetic/test-626,2026-08-30T18:18:16.205717+00:00,2026-08-30T18:18:17.742989+00:00,1.5372,ok,0,stop,410,78,488,0.2,
mt/set_9/ambiegen/test-58,2026-08-30T18:18:17.743087+00:00,2026-08-30T18:18:19.455387+00:00,1.7123,ok,0,stop,411,87,498,0.2,
mt/set_2/ambiegen/odr/test-512,2026-08-30T18:18:19.455450+00:00,2026-08-30T18:18:21.125979+00:00,1.6703,ok,0,stop,411,84,495,0.2,
mt/set_14/frenetic/test-655,2026-08-30T18:18:21.126291+00:00,2026-08-30T18:18:23.345068+00:00,2.2187,ok,0,stop,411,80,491,0.2,
mt/set_8/ambiegen/odr/test-617,2026-08-30T18:18:23.345115+00:00,2026-08-30T18:18:24.961617+00:00,1.6165,ok,0,stop,410,78,488,0.2,
mt/set_16/ambiegen/test-99,2026-08-30T18:18:24.961666+00:00,2026-08-30T18:18:26.537365+00:00,1.5757,ok,0,stop,411,80,491,0.2,
mt/set_8/frenetic/odr/test-416,2026-08-30T18:18:26.537413+00:00,2026-08-30T18:18:28.075840+00:00,1.5384,ok,0,stop,411,78,489,0.2,
mt/set_10/frenetic_v/test-572,2026-08-30T18:18:28.075882+00:00,2026-08-30T18:18:29.729731+00:00,1.6538,ok,0,stop,411,84,495,0.2,
mt/set_13/frenetic/test-857,2026-08-30T18:18:29.729780+00:00,2026-08-30T18:18:31.324503+00:00,1.5947,ok,0,stop,411,81,492,0.2,
mt/set_12/frenetic_v/test-680,2026-08-30T18:18:31.324552+00:00,2026-08-30T18:18:33.056150+00:00,1.7316,ok,0,stop,411,84,495,0.2,
mt/set_12/ambiegen/test-485,2026-08-30T18:18:33.056194+00:00,2026-08-30T18:18:34.554592+00:00,1.4984,ok,0,stop,410,76,486,0.2,
mt/set_11/frenetic_v/test-859,2026-08-30T18:18:34.554641+00:00,2026-08-30T18:18:36.207520+00:00,1.6528,ok,0,stop,411,84,495,0.2,
mt/set_7/frenetic_v/odr/test-721,2026-08-30T18:18:36.207576+00:00,2026-08-30T18:18:37.781900+00:00,1.5743,ok,0,stop,412,80,492,0.2,
mt_set5/frenetic/test-474,2026-08-30T18:18:37.781953+00:00,2026-08-30T18:18:39.398904+00:00,1.6169,ok,0,stop,411,78,489,0.2,
mt/set_12/ambiegen/test-930,2026-08-30T18:18:39.398950+00:00,2026-08-30T18:18:40.959392+00:00,1.5604,ok,0,stop,410,78,488,0.2,
mt/set_11/frenetic_v/test-54,2026-08-30T18:18:40.959458+00:00,2026-08-30T18:18:42.532714+00:00,1.5732,ok,0,stop,411,80,491,0.2,
mt/set_11/frenetic_v/test-386,2026-08-30T18:18:42.532761+00:00,2026-08-30T18:18:44.183655+00:00,1.6509,ok,0,stop,412,84,496,0.2,
mt/set_12/frenetic/test-604,2026-08-30T18:18:44.183705+00:00,2026-08-30T18:18:45.785869+00:00,1.6021,ok,0,stop,410,81,491,0.2,
mt/set_14/ambiegen/test-267,2026-08-30T18:18:45.785917+00:00,2026-08-30T18:18:47.321977+00:00,1.536,ok,0,stop,410,78,488,0.2,
mt/set_10/frenetic_v/test-451,2026-08-30T18:18:47.322026+00:00,2026-08-30T18:18:48.973724+00:00,1.6517,ok,0,stop,412,84,496,0.2,
mt/set_12/ambiegen/test-345,2026-08-30T18:18:48.973795+00:00,2026-08-30T18:18:50.452168+00:00,1.4783,ok,0,stop,410,75,485,0.2,
mt/set_14/frenetic_v/test-936,2026-08-30T18:18:50.452235+00:00,2026-08-30T18:18:52.104864+00:00,1.6526,ok,0,stop,412,84,496,0.2,
mt/set_2/ambiegen/odr/test-751,2026-08-30T18:18:52.104948+00:00,2026-08-30T18:18:53.604681+00:00,1.4997,ok,0,stop,411,76,487,0.2,
mt/set_12/ambiegen/test-285,2026-08-30T18:18:53.604728+00:00,2026-08-30T18:18:55.102391+00:00,1.4976,ok,0,stop,409,76,485,0.2,
mt_set5/ambiegen/test-240,2026-08-30T18:18:55.102468+00:00,2026-08-30T18:18:56.979564+00:00,1.8771,ok,0,stop,411,76,487,0.2,
mt/set_9/frenetic_v/test-469,2026-08-30T18:18:56.979623+00:00,2026-08-30T18:18:58.617159+00:00,1.6375,ok,0,stop,412,80,492,0.2,
mt/set_17/ambiegen/test-748,2026-08-30T18:18:58.617228+00:00,2026-08-30T18:19:00.096240+00:00,1.479,ok,0,stop,410,75,485,0.2,
mt/set_16/ambiegen/test-352,2026-08-30T18:19:00.096314+00:00,2026-08-30T18:19:01.709000+00:00,1.6127,ok,0,stop,410,82,492,0.2,
mt/set_8/frenetic_v/odr/test-29,2026-08-30T18:19:01.709055+00:00,2026-08-30T18:19:03.302926+00:00,1.5938,ok,0,stop,411,81,492,0.2,
mt/set_9/ambiegen/test-505,2026-08-30T18:19:03.303005+00:00,2026-08-30T18:19:04.788379+00:00,1.4853,ok,0,stop,411,75,486,0.2,
mt/set_12/frenetic_v/test-660,2026-08-30T18:19:04.788426+00:00,2026-08-30T18:19:06.441379+00:00,1.6529,ok,0,stop,411,84,495,0.2,
mt_set5/frenetic/test-813,2026-08-30T18:19:06.441434+00:00,2026-08-30T18:19:08.035312+00:00,1.5938,ok,0,stop,411,81,492,0.2,
mt/set_7/ambiegen/odr/test-289,2026-08-30T18:19:08.035363+00:00,2026-08-30T18:19:09.571056+00:00,1.5356,ok,0,stop,410,78,488,0.2,
mt/set_7/frenetic_v/odr/test-341,2026-08-30T18:19:09.571133+00:00,2026-08-30T18:19:11.146428+00:00,1.5753,ok,0,stop,412,80,492,0.2,
mt/set_14/frenetic_v/test-655,2026-08-30T18:19:11.146477+00:00,2026-08-30T18:19:12.799420+00:00,1.6529,ok,0,stop,411,84,495,0.2,
mt/set_12/frenetic_v/test-541,2026-08-30T18:19:12.799471+00:00,2026-08-30T18:19:14.375438+00:00,1.5759,ok,0,stop,412,80,492,0.2,
mt/set_8/ambiegen/odr/test-461,2026-08-30T18:19:14.375488+00:00,2026-08-30T18:19:16.484474+00:00,2.109,ok,0,stop,410,76,486,0.2,
mt/set_8/frenetic/odr/test-624,2026-08-30T18:19:16.484525+00:00,2026-08-30T18:19:18.107007+00:00,1.6224,ok,0,stop,411,78,489,0.2,
mt/set_18/ambiegen/test-46,2026-08-30T18:19:18.107055+00:00,2026-08-30T18:19:19.818240+00:00,1.7112,ok,0,stop,410,87,497,0.2,
mt/set_17/frenetic_v/test-411,2026-08-30T18:19:19.818294+00:00,2026-08-30T18:19:21.358937+00:00,1.5406,ok,0,stop,411,78,489,0.2,
mt/set_17/ambiegen/test-122,2026-08-30T18:19:21.358990+00:00,2026-08-30T18:19:22.896391+00:00,1.5374,ok,0,stop,411,78,489,0.2,
mt/set_17/ambiegen/test-544,2026-08-30T18:19:22.896441+00:00,2026-08-30T18:19:24.433490+00:00,1.537,ok,0,stop,410,78,488,0.2,
mt/set_8/frenetic_v/odr/test-709,2026-08-30T18:19:24.433544+00:00,2026-08-30T18:19:26.154863+00:00,1.7213,ok,0,stop,412,84,496,0.2,
mt/set_13/ambiegen/test-93,2026-08-30T18:19:26.154910+00:00,2026-08-30T18:19:27.694217+00:00,1.5393,ok,0,stop,410,78,488,0.2,
mt/set_17/ambiegen/test-493,2026-08-30T18:19:27.694267+00:00,2026-08-30T18:19:29.233637+00:00,1.5393,ok,0,stop,410,78,488,0.2,
mt/set_9/ambiegen/test-349,2026-08-30T18:19:29.233692+00:00,2026-08-30T18:19:30.943691+00:00,1.71,ok,0,stop,410,87,497,0.0,
mt/set_11/frenetic/test-40,2026-08-30T18:19:30.943734+00:00,2026-08-30T18:19:32.621366+00:00,1.6776,ok,0,stop,410,81,491,0.2,
mt/set_14/frenetic_v/test-129,2026-08-30T18:19:32.621419+00:00,2026-08-30T18:19:34.226004+00:00,1.6045,ok,0,stop,412,80,492,0.2,
mt/set_2/ambiegen/odr/test-344,2026-08-30T18:19:34.226082+00:00,2026-08-30T18:19:35.726940+00:00,1.5008,ok,0,stop,410,76,486,0.2,
mt_set5/frenetic_v/test-13,2026-08-30T18:19:35.726990+00:00,2026-08-30T18:19:37.303043+00:00,1.576,ok,0,stop,412,80,492,0.2,
mt/set_10/ambiegen/test-765,2026-08-30T18:19:37.303093+00:00,2026-08-30T18:19:38.973878+00:00,1.6708,ok,0,stop,410,84,494,0.0,
mt_set5/frenetic_v/test-456,2026-08-30T18:19:38.973972+00:00,2026-08-30T18:19:40.628531+00:00,1.6545,ok,0,stop,412,84,496,0.2,
mt/set_18/frenetic/test-893,2026-08-30T18:19:40.628588+00:00,2026-08-30T18:19:42.224137+00:00,1.5955,ok,0,stop,411,81,492,0.2,
mt/set_14/frenetic/test-826,2026-08-30T18:19:42.224185+00:00,2026-08-30T18:19:44.343458+00:00,2.1192,ok,0,stop,411,108,519,0.2,
mt/set_13/frenetic_v/test-458,2026-08-30T18:19:44.343509+00:00,2026-08-30T18:19:45.920147+00:00,1.5766,ok,0,stop,412,80,492,0.2,
mt/set_13/frenetic/test-49,2026-08-30T18:19:45.920193+00:00,2026-08-30T18:19:47.517956+00:00,1.5977,ok,0,stop,410,81,491,0.2,
mt/set_14/frenetic/test-441,2026-08-30T18:19:47.518027+00:00,2026-08-30T18:19:49.113546+00:00,1.5955,ok,0,stop,411,81,492,0.2,
mt/set_12/ambiegen/test-173,2026-08-30T18:19:49.113600+00:00,2026-08-30T18:19:51.253287+00:00,2.1397,ok,0,stop,411,84,495,0.2,
mt_set5/ambiegen/test-48,2026-08-30T18:19:51.253340+00:00,2026-08-30T18:19:52.736022+00:00,1.4827,ok,0,stop,410,72,482,0.0,
mt/set_11/frenetic_v/test-673,2026-08-30T18:19:52.736066+00:00,2026-08-30T18:19:54.311567+00:00,1.5755,ok,0,stop,412,80,492,0.2,
mt/set_8/ambiegen/odr/test-723,2026-08-30T18:19:54.311621+00:00,2026-08-30T18:19:56.506071+00:00,2.1944,ok,0,stop,410,112,522,0.2,
mt/set_10/frenetic/test-489,2026-08-30T18:19:56.506123+00:00,2026-08-30T18:19:58.112230+00:00,1.6061,ok,0,stop,410,81,491,0.2,
mt/set_18/ambiegen/test-359,2026-08-30T18:19:58.112283+00:00,2026-08-30T18:19:59.531668+00:00,1.4194,ok,0,stop,409,72,481,0.0,
mt_set5/frenetic_v/test-79,2026-08-30T18:19:59.531717+00:00,2026-08-30T18:20:01.065625+00:00,1.5339,ok,0,stop,411,78,489,0.2,
mt/set_14/frenetic/test-875,2026-08-30T18:20:01.065675+00:00,2026-08-30T18:20:02.601767+00:00,1.5361,ok,0,stop,411,78,489,0.2,
mt/set_10/frenetic/test-637,2026-08-30T18:20:02.601817+00:00,2026-08-30T18:20:04.138604+00:00,1.5368,ok,0,stop,411,78,489,0.2,
mt/set_16/frenetic/test-832,2026-08-30T18:20:04.138659+00:00,2026-08-30T18:20:05.711683+00:00,1.573,ok,0,stop,411,80,491,0.2,
mt/set_12/ambiegen/test-646,2026-08-30T18:20:05.711730+00:00,2026-08-30T18:20:07.249603+00:00,1.5378,ok,0,stop,410,78,488,0.2,
mt/set_7/frenetic/odr/test-150,2026-08-30T18:20:07.249680+00:00,2026-08-30T18:20:08.905981+00:00,1.6562,ok,0,stop,411,81,492,0.2,
mt/set_13/ambiegen/test-321,2026-08-30T18:20:08.906133+00:00,2026-08-30T18:20:10.781904+00:00,1.8757,ok,0,stop,410,72,482,0.0,
mt/set_16/ambiegen/test-329,2026-08-30T18:20:10.781957+00:00,2026-08-30T18:20:12.413039+00:00,1.631,ok,0,stop,410,78,488,0.2,
mt/set_17/frenetic/test-198,2026-08-30T18:20:12.413091+00:00,2026-08-30T18:20:13.954654+00:00,1.5415,ok,0,stop,410,78,488,0.2,
mt/set_9/frenetic/test-429,2026-08-30T18:20:13.954717+00:00,2026-08-30T18:20:15.496767+00:00,1.542,ok,0,stop,411,78,489,0.2,
mt_set5/frenetic_v/test-710,2026-08-30T18:20:15.496818+00:00,2026-08-30T18:20:17.078372+00:00,1.5815,ok,0,stop,412,80,492,0.2,
mt/set_11/frenetic_v/test-797,2026-08-30T18:20:17.078424+00:00,2026-08-30T18:20:18.770853+00:00,1.6924,ok,0,stop,412,84,496,0.2,
mt/set_14/ambiegen/test-222,2026-08-30T18:20:18.770937+00:00,2026-08-30T18:20:20.335204+00:00,1.5642,ok,0,stop,410,76,486,0.2,
mt/set_14/frenetic/test-187,2026-08-30T18:20:20.335252+00:00,2026-08-30T18:20:21.930979+00:00,1.5957,ok,0,stop,410,81,491,0.2,
mt/set_11/ambiegen/test-406,2026-08-30T18:20:21.931026+00:00,2026-08-30T18:20:23.471340+00:00,1.5403,ok,0,stop,410,78,488,0.2,
mt/set_18/frenetic_v/test-191,2026-08-30T18:20:23.471391+00:00,2026-08-30T18:20:25.049034+00:00,1.5776,ok,0,stop,412,80,492,0.2,
mt/set_9/ambiegen/test-734,2026-08-30T18:20:25.049082+00:00,2026-08-30T18:20:26.671564+00:00,1.6224,ok,0,stop,410,78,488,0.2,
mt/set_9/frenetic_v/test-720,2026-08-30T18:20:26.671617+00:00,2026-08-30T18:20:28.272338+00:00,1.6007,ok,0,stop,412,80,492,0.2,
mt/set_2/ambiegen/odr/test-289,2026-08-30T18:20:28.272384+00:00,2026-08-30T18:20:29.988297+00:00,1.7159,ok,0,stop,410,87,497,0.2,
mt_set5/frenetic/test-515,2026-08-30T18:20:29.988345+00:00,2026-08-30T18:20:31.644572+00:00,1.6562,ok,0,stop,410,84,494,0.2,
mt/set_14/frenetic_v/test-625,2026-08-30T18:20:31.644616+00:00,2026-08-30T18:20:33.239468+00:00,1.5948,ok,0,stop,412,80,492,0.2,
mt/set_14/frenetic/test-673,2026-08-30T18:20:33.239521+00:00,2026-08-30T18:20:34.883566+00:00,1.644,ok,0,stop,410,81,491,0.2,
mt/set_14/frenetic_v/test-458,2026-08-30T18:20:34.883618+00:00,2026-08-30T18:20:36.513873+00:00,1.6302,ok,0,stop,412,80,492,0.2,
mt/set_8/frenetic_v/odr/test-636,2026-08-30T18:20:36.513930+00:00,2026-08-30T18:20:38.097857+00:00,1.5839,ok,0,stop,411,80,491,0.2,
mt/set_12/frenetic_v/test-241,2026-08-30T18:20:38.097909+00:00,2026-08-30T18:20:39.678938+00:00,1.581,ok,0,stop,411,80,491,0.2,
mt_set5/ambiegen/test-315,2026-08-30T18:20:39.678991+00:00,2026-08-30T18:20:41.338095+00:00,1.6591,ok,0,stop,410,84,494,0.2,
mt/set_10/ambiegen/test-920,2026-08-30T18:20:41.338141+00:00,2026-08-30T18:20:42.988438+00:00,1.6501,ok,0,stop,410,75,485,0.2,
mt/set_10/frenetic_v/test-76,2026-08-30T18:20:42.988683+00:00,2026-08-30T18:20:44.819619+00:00,1.8309,ok,0,stop,412,80,492,0.2,
mt/set_13/ambiegen/test-121,2026-08-30T18:20:44.819713+00:00,2026-08-30T18:20:46.464750+00:00,1.645,ok,0,stop,410,80,490,0.2,
mt/set_7/frenetic_v/odr/test-169,2026-08-30T18:20:46.464804+00:00,2026-08-30T18:20:48.118965+00:00,1.6541,ok,0,stop,412,84,496,0.2,
mt/set_14/frenetic_v/test-612,2026-08-30T18:20:48.119014+00:00,2026-08-30T18:20:49.695490+00:00,1.5764,ok,0,stop,411,80,491,0.2,
mt/set_16/ambiegen/test-744,2026-08-30T18:20:49.695535+00:00,2026-08-30T18:20:51.234466+00:00,1.5389,ok,0,stop,410,78,488,0.2,
mt/set_13/frenetic/test-617,2026-08-30T18:20:51.234516+00:00,2026-08-30T18:20:52.818935+00:00,1.5844,ok,0,stop,411,80,491,0.2,
mt/set_18/ambiegen/test-341,2026-08-30T18:20:52.818986+00:00,2026-08-30T18:20:54.355019+00:00,1.536,ok,0,stop,410,78,488,0.2,
mt/set_10/ambiegen/test-922,2026-08-30T18:20:54.355059+00:00,2026-08-30T18:20:55.890232+00:00,1.5351,ok,0,stop,410,78,488,0.2,
mt/set_17/frenetic/test-694,2026-08-30T18:20:55.890281+00:00,2026-08-30T18:20:57.428108+00:00,1.5378,ok,0,stop,411,78,489,0.2,
mt/set_13/frenetic_v/test-102,2026-08-30T18:20:57.428173+00:00,2026-08-30T18:20:59.005719+00:00,1.5775,ok,0,stop,412,80,492,0.2,
mt/set_10/frenetic/test-611,2026-08-30T18:20:59.005787+00:00,2026-08-30T18:21:00.544245+00:00,1.5384,ok,0,stop,410,78,488,0.2,
mt/set_11/frenetic_v/test-187,2026-08-30T18:21:00.544331+00:00,2026-08-30T18:21:02.169248+00:00,1.6248,ok,0,stop,411,80,491,0.2,
mt/set_8/frenetic_v/odr/test-558,2026-08-30T18:21:02.169501+00:00,2026-08-30T18:21:04.300290+00:00,2.1307,ok,0,stop,412,80,492,0.2,
mt/set_8/frenetic_v/odr/test-215,2026-08-30T18:21:04.300343+00:00,2026-08-30T18:21:06.039467+00:00,1.7391,ok,0,stop,412,84,496,0.2,
mt/set_14/frenetic_v/test-535,2026-08-30T18:21:06.039514+00:00,2026-08-30T18:21:07.696074+00:00,1.6565,ok,0,stop,412,84,496,0.2,
mt/set_16/ambiegen/test-300,2026-08-30T18:21:07.696124+00:00,2026-08-30T18:21:09.116577+00:00,1.4204,ok,0,stop,409,72,481,0.0,
mt/set_16/ambiegen/test-731,2026-08-30T18:21:09.116624+00:00,2026-08-30T18:21:10.832764+00:00,1.7161,ok,0,stop,410,87,497,0.2,
mt/set_9/frenetic_v/test-404,2026-08-30T18:21:10.832818+00:00,2026-08-30T18:21:12.423393+00:00,1.5905,ok,0,stop,412,80,492,0.2,
mt/set_16/frenetic_v/test-371,2026-08-30T18:21:12.423479+00:00,2026-08-30T18:21:14.071919+00:00,1.6484,ok,0,stop,411,80,491,0.2,
mt/set_8/ambiegen/odr/test-455,2026-08-30T18:21:14.071969+00:00,2026-08-30T18:21:15.630637+00:00,1.5586,ok,0,stop,410,78,488,0.2,
mt/set_8/frenetic/odr/test-529,2026-08-30T18:21:15.630700+00:00,2026-08-30T18:21:17.225915+00:00,1.5952,ok,0,stop,410,81,491,0.2,
mt/set_6/frenetic_v/test-376,2026-08-30T18:21:17.225992+00:00,2026-08-30T18:21:18.801023+00:00,1.575,ok,0,stop,412,80,492,0.2,
mt_set5/ambiegen/test-964,2026-08-30T18:21:18.801077+00:00,2026-08-30T18:21:20.636422+00:00,1.8353,ok,0,stop,409,90,499,0.0,
mt/set_17/frenetic_v/test-59,2026-08-30T18:21:20.636501+00:00,2026-08-30T18:21:22.246076+00:00,1.6095,ok,0,stop,412,80,492,0.2,
mt/set_9/frenetic/test-468,2026-08-30T18:21:22.246126+00:00,2026-08-30T18:21:23.837407+00:00,1.5912,ok,0,stop,411,81,492,0.2,
mt/set_11/ambiegen/test-558,2026-08-30T18:21:23.837452+00:00,2026-08-30T18:21:25.315296+00:00,1.4778,ok,0,stop,410,75,485,0.2,
mt/set_9/ambiegen/test-825,2026-08-30T18:21:25.315366+00:00,2026-08-30T18:21:26.976690+00:00,1.6613,ok,0,stop,410,84,494,0.2,
mt/set_9/frenetic_v/test-210,2026-08-30T18:21:26.976741+00:00,2026-08-30T18:21:28.547706+00:00,1.5709,ok,0,stop,412,80,492,0.2,
mt/set_8/frenetic/odr/test-118,2026-08-30T18:21:28.547756+00:00,2026-08-30T18:21:30.140763+00:00,1.593,ok,0,stop,410,81,491,0.2,
mt/set_13/frenetic/test-853,2026-08-30T18:21:30.140816+00:00,2026-08-30T18:21:31.732877+00:00,1.592,ok,0,stop,410,81,491,0.2,
mt/set_8/frenetic/odr/test-322,2026-08-30T18:21:31.732943+00:00,2026-08-30T18:21:33.267477+00:00,1.5345,ok,0,stop,410,78,488,0.2,
mt/set_16/frenetic_v/test-521,2026-08-30T18:21:33.267550+00:00,2026-08-30T18:21:34.859965+00:00,1.5924,ok,0,stop,411,81,492,0.2,
mt/set_8/frenetic_v/odr/test-567,2026-08-30T18:21:34.860018+00:00,2026-08-30T18:21:36.509067+00:00,1.649,ok,0,stop,412,84,496,0.2,
mt_set5/frenetic_v/test-137,2026-08-30T18:21:36.509114+00:00,2026-08-30T18:21:38.419401+00:00,1.9101,ok,0,stop,411,80,491,0.2,
mt/set_8/ambiegen/odr/test-209,2026-08-30T18:21:38.419800+00:00,2026-08-30T18:21:40.067517+00:00,1.6476,ok,0,stop,410,78,488,0.2,
mt/set_8/ambiegen/odr/test-217,2026-08-30T18:21:40.067567+00:00,2026-08-30T18:21:42.189419+00:00,2.1218,ok,0,stop,410,108,518,0.2,
mt/set_13/ambiegen/test-140,2026-08-30T18:21:42.189471+00:00,2026-08-30T18:21:43.725652+00:00,1.5361,ok,0,stop,410,78,488,0.2,
mt/set_10/frenetic_v/test-713,2026-08-30T18:21:43.725704+00:00,2026-08-30T18:21:45.262052+00:00,1.5363,ok,0,stop,411,78,489,0.2,
mt/set_11/ambiegen/test-680,2026-08-30T18:21:45.262103+00:00,2026-08-30T18:21:46.926068+00:00,1.6639,ok,0,stop,410,84,494,0.2,
mt/set_17/frenetic/test-761,2026-08-30T18:21:46.926119+00:00,2026-08-30T18:21:48.519489+00:00,1.5933,ok,0,stop,410,81,491,0.2,
mt/set_11/frenetic/test-168,2026-08-30T18:21:48.519541+00:00,2026-08-30T18:21:50.111614+00:00,1.592,ok,0,stop,411,81,492,0.2,
mt/set_9/ambiegen/test-747,2026-08-30T18:21:50.111668+00:00,2026-08-30T18:21:51.646025+00:00,1.5343,ok,0,stop,410,78,488,0.2,
mt/set_16/frenetic_v/test-863,2026-08-30T18:21:51.646074+00:00,2026-08-30T18:21:53.219035+00:00,1.5729,ok,0,stop,412,80,492,0.2,
mt/set_7/ambiegen/odr/test-426,2026-08-30T18:21:53.219085+00:00,2026-08-30T18:21:54.793311+00:00,1.5742,ok,0,stop,410,80,490,0.2,
mt/set_16/frenetic_v/test-504,2026-08-30T18:21:54.793359+00:00,2026-08-30T18:21:56.590663+00:00,1.7969,ok,0,stop,411,81,492,0.2,
mt/set_12/ambiegen/test-722,2026-08-30T18:21:56.591277+00:00,2026-08-30T18:21:58.576793+00:00,1.9854,ok,0,stop,410,78,488,0.2,
mt/set_18/frenetic/test-27,2026-08-30T18:21:58.576849+00:00,2026-08-30T18:22:00.196154+00:00,1.6193,ok,0,stop,411,78,489,0.2,
mt_set5/frenetic_v/test-434,2026-08-30T18:22:00.196206+00:00,2026-08-30T18:22:01.848478+00:00,1.6522,ok,0,stop,411,84,495,0.2,
mt/set_11/frenetic/test-633,2026-08-30T18:22:01.848526+00:00,2026-08-30T18:22:03.384499+00:00,1.5359,ok,0,stop,411,78,489,0.2,
mt/set_13/frenetic/test-888,2026-08-30T18:22:03.384551+00:00,2026-08-30T18:22:04.959106+00:00,1.5745,ok,0,stop,411,80,491,0.2,
mt/set_11/frenetic_v/test-914,2026-08-30T18:22:04.959158+00:00,2026-08-30T18:22:06.547971+00:00,1.5888,ok,0,stop,412,80,492,0.2,
mt/set_16/frenetic_v/test-10,2026-08-30T18:22:06.548062+00:00,2026-08-30T18:22:08.213855+00:00,1.6658,ok,0,stop,411,80,491,0.2,
mt/set_10/frenetic/test-595,2026-08-30T18:22:08.213908+00:00,2026-08-30T18:22:09.753015+00:00,1.5391,ok,0,stop,410,78,488,0.2,
mt/set_10/ambiegen/test-160,2026-08-30T18:22:09.753065+00:00,2026-08-30T18:22:11.248985+00:00,1.4959,ok,0,stop,411,76,487,0.2,
mt/set_17/ambiegen/test-823,2026-08-30T18:22:11.249038+00:00,2026-08-30T18:22:12.860365+00:00,1.6113,ok,0,stop,410,82,492,0.2,
mt/set_8/frenetic_v/odr/test-583,2026-08-30T18:22:12.860415+00:00,2026-08-30T18:22:14.600339+00:00,1.7399,ok,0,stop,412,84,496,0.2,
mt/set_16/ambiegen/test-286,2026-08-30T18:22:14.600391+00:00,2026-08-30T18:22:16.284290+00:00,1.6839,ok,0,stop,411,84,495,0.2,
mt/set_13/ambiegen/test-312,2026-08-30T18:22:16.284343+00:00,2026-08-30T18:22:17.703639+00:00,1.4193,ok,0,stop,410,72,482,0.0,
mt/set_7/frenetic/odr/test-383,2026-08-30T18:22:17.703695+00:00,2026-08-30T18:22:19.297495+00:00,1.5938,ok,0,stop,410,81,491,0.2,
mt/set_13/ambiegen/test-581,2026-08-30T18:22:19.297549+00:00,2026-08-30T18:22:20.836434+00:00,1.5389,ok,0,stop,410,78,488,0.2,
mt/set_13/ambiegen/test-929,2026-08-30T18:22:20.836488+00:00,2026-08-30T18:22:22.256376+00:00,1.4199,ok,0,stop,409,72,481,0.0,
mt/set_10/ambiegen/test-757,2026-08-30T18:22:22.256474+00:00,2026-08-30T18:22:23.969310+00:00,1.7128,ok,0,stop,411,87,498,0.2,
mt/set_11/frenetic/test-506,2026-08-30T18:22:23.969360+00:00,2026-08-30T18:22:25.562908+00:00,1.5935,ok,0,stop,411,81,492,0.2,
mt/set_11/frenetic/test-384,2026-08-30T18:22:25.562970+00:00,2026-08-30T18:22:27.100341+00:00,1.5373,ok,0,stop,411,78,489,0.2,
mt_set5/frenetic/test-566,2026-08-30T18:22:27.100397+00:00,2026-08-30T18:22:28.700944+00:00,1.6005,ok,0,stop,411,81,492,0.2,
mt/set_17/frenetic_v/test-539,2026-08-30T18:22:28.700993+00:00,2026-08-30T18:22:30.359852+00:00,1.6588,ok,0,stop,412,84,496,0.2,
mt_set5/frenetic_v/test-77,2026-08-30T18:22:30.359899+00:00,2026-08-30T18:22:32.166624+00:00,1.8066,ok,0,stop,412,80,492,0.2,
mt/set_16/frenetic/test-687,2026-08-30T18:22:32.166865+00:00,2026-08-30T18:22:33.989420+00:00,1.8225,ok,0,stop,410,81,491,0.2,
mt/set_16/frenetic_v/test-530,2026-08-30T18:22:33.989470+00:00,2026-08-30T18:22:35.541397+00:00,1.5519,ok,0,stop,412,78,490,0.2,
mt/set_17/frenetic/test-781,2026-08-30T18:22:35.541448+00:00,2026-08-30T18:22:37.147702+00:00,1.6062,ok,0,stop,411,81,492,0.2,
mt/set_16/ambiegen/test-30,2026-08-30T18:22:37.147752+00:00,2026-08-30T18:22:38.656162+00:00,1.5084,ok,0,stop,410,76,486,0.2,
mt/set_12/frenetic/test-768,2026-08-30T18:22:38.656213+00:00,2026-08-30T18:22:40.274087+00:00,1.6178,ok,0,stop,411,81,492,0.2,
mt/set_8/frenetic/odr/test-507,2026-08-30T18:22:40.274156+00:00,2026-08-30T18:22:41.886819+00:00,1.6126,ok,0,stop,411,81,492,0.2,
mt/set_8/ambiegen/odr/test-953,2026-08-30T18:22:41.886869+00:00,2026-08-30T18:22:43.427496+00:00,1.5406,ok,0,stop,410,78,488,0.2,
mt/set_10/ambiegen/test-563,2026-08-30T18:22:43.427556+00:00,2026-08-30T18:22:45.084725+00:00,1.6571,ok,0,stop,411,84,495,0.2,
mt/set_17/ambiegen/test-840,2026-08-30T18:22:45.084780+00:00,2026-08-30T18:22:46.624253+00:00,1.5394,ok,0,stop,410,78,488,0.2,
mt/set_8/frenetic_v/odr/test-86,2026-08-30T18:22:46.624303+00:00,2026-08-30T18:22:48.281847+00:00,1.6575,ok,0,stop,412,84,496,0.2,
mt/set_8/frenetic/odr/test-663,2026-08-30T18:22:48.281901+00:00,2026-08-30T18:22:49.881294+00:00,1.5994,ok,0,stop,410,81,491,0.2,
mt/set_2/ambiegen/odr/test-627,2026-08-30T18:22:49.881355+00:00,2026-08-30T18:22:52.020066+00:00,2.1387,ok,0,stop,411,75,486,0.2,
mt/set_13/frenetic/test-56,2026-08-30T18:22:52.020119+00:00,2026-08-30T18:22:53.699972+00:00,1.6798,ok,0,stop,411,81,492,0.2,
mt_set5/frenetic_v/test-854,2026-08-30T18:22:53.700022+00:00,2026-08-30T18:22:55.281993+00:00,1.5819,ok,0,stop,412,80,492,0.2,
mt/set_10/frenetic/test-630,2026-08-30T18:22:55.282044+00:00,2026-08-30T18:22:56.882607+00:00,1.6005,ok,0,stop,411,81,492,0.2,
mt/set_7/frenetic_v/odr/test-937,2026-08-30T18:22:56.882701+00:00,2026-08-30T18:22:58.464102+00:00,1.5814,ok,0,stop,412,80,492,0.2,
mt/set_10/frenetic_v/test-718,2026-08-30T18:22:58.464153+00:00,2026-08-30T18:23:00.050186+00:00,1.586,ok,0,stop,412,80,492,0.2,
mt/set_9/frenetic_v/test-679,2026-08-30T18:23:00.050276+00:00,2026-08-30T18:23:01.650976+00:00,1.6007,ok,0,stop,411,78,489,0.2,
mt/set_17/frenetic_v/test-717,2026-08-30T18:23:01.651043+00:00,2026-08-30T18:23:03.253191+00:00,1.6021,ok,0,stop,411,80,491,0.2,
mt/set_13/frenetic_v/test-351,2026-08-30T18:23:03.253241+00:00,2026-08-30T18:23:04.833324+00:00,1.58,ok,0,stop,412,80,492,0.2,
mt_set5/ambiegen/test-249,2026-08-30T18:23:04.833376+00:00,2026-08-30T18:23:06.413600+00:00,1.5802,ok,0,stop,410,80,490,0.2,
mt/set_8/frenetic/odr/test-686,2026-08-30T18:23:06.413652+00:00,2026-08-30T18:23:08.017966+00:00,1.6043,ok,0,stop,410,78,488,0.2,
mt/set_10/frenetic/test-535,2026-08-30T18:23:08.018014+00:00,2026-08-30T18:23:09.646040+00:00,1.628,ok,0,stop,410,81,491,0.2,
mt/set_7/ambiegen/odr/test-762,2026-08-30T18:23:09.646094+00:00,2026-08-30T18:23:11.189809+00:00,1.5437,ok,0,stop,410,78,488,0.2,
mt/set_7/frenetic_v/odr/test-556,2026-08-30T18:23:11.189864+00:00,2026-08-30T18:23:12.775030+00:00,1.5851,ok,0,stop,412,80,492,0.2,
mt/set_9/frenetic/test-755,2026-08-30T18:23:12.775086+00:00,2026-08-30T18:23:14.327538+00:00,1.5524,ok,0,stop,411,78,489,0.2,
mt/set_12/frenetic_v/test-638,2026-08-30T18:23:14.327586+00:00,2026-08-30T18:23:15.846272+00:00,1.5187,ok,0,stop,412,76,488,0.2,
mt/set_9/frenetic/test-16,2026-08-30T18:23:15.846328+00:00,2026-08-30T18:23:17.458136+00:00,1.6118,ok,0,stop,410,81,491,0.2,
mt_set5/frenetic_v/test-149,2026-08-30T18:23:17.458186+00:00,2026-08-30T18:23:19.114104+00:00,1.6559,ok,0,stop,412,84,496,0.2,
mt/set_9/ambiegen/test-208,2026-08-30T18:23:19.114157+00:00,2026-08-30T18:23:20.653190+00:00,1.539,ok,0,stop,410,78,488,0.2,
mt/set_9/frenetic_v/test-378,2026-08-30T18:23:20.653246+00:00,2026-08-30T18:23:22.234373+00:00,1.5811,ok,0,stop,412,80,492,0.2,
mt/set_7/ambiegen/odr/test-86,2026-08-30T18:23:22.234428+00:00,2026-08-30T18:23:23.820255+00:00,1.5857,ok,0,stop,410,78,488,0.2,
mt/set_16/frenetic/test-931,2026-08-30T18:23:23.820506+00:00,2026-08-30T18:23:25.964323+00:00,2.1438,ok,0,stop,411,84,495,0.2,
mt_set6/frenetic/test-310,2026-08-30T18:23:25.964377+00:00,2026-08-30T18:23:27.574700+00:00,1.6103,ok,0,stop,410,81,491,0.2,
mt/set_8/frenetic/odr/test-410,2026-08-30T18:23:27.574761+00:00,2026-08-30T18:23:29.175350+00:00,1.6006,ok,0,stop,411,81,492,0.2,
mt/set_7/frenetic/odr/test-624,2026-08-30T18:23:29.175407+00:00,2026-08-30T18:23:30.814750+00:00,1.6393,ok,0,stop,410,81,491,0.2,
mt_set6/frenetic/test-173,2026-08-30T18:23:30.814807+00:00,2026-08-30T18:23:32.363435+00:00,1.5486,ok,0,stop,410,78,488,0.2,
mt/set_10/frenetic_v/test-260,2026-08-30T18:23:32.363491+00:00,2026-08-30T18:23:34.023530+00:00,1.66,ok,0,stop,411,84,495,0.2,
mt/set_12/ambiegen/test-748,2026-08-30T18:23:34.023583+00:00,2026-08-30T18:23:35.600869+00:00,1.5772,ok,0,stop,410,78,488,0.2,
mt/set_17/frenetic/test-549,2026-08-30T18:23:35.600919+00:00,2026-08-30T18:23:37.257093+00:00,1.6561,ok,0,stop,411,84,495,0.2,
mt/set_11/ambiegen/test-667,2026-08-30T18:23:37.257147+00:00,2026-08-30T18:23:38.833479+00:00,1.5763,ok,0,stop,410,78,488,0.2,
mt/set_11/ambiegen/test-754,2026-08-30T18:23:38.833536+00:00,2026-08-30T18:23:40.538915+00:00,1.7053,ok,0,stop,410,84,494,0.0,
mt_set5/frenetic/test-213,2026-08-30T18:23:40.538979+00:00,2026-08-30T18:23:42.194109+00:00,1.6551,ok,0,stop,410,81,491,0.2,
mt_set5/frenetic_v/test-813,2026-08-30T18:23:42.194156+00:00,2026-08-30T18:23:44.268279+00:00,2.0741,ok,0,stop,411,84,495,0.2,
mt_set5/frenetic/test-361,2026-08-30T18:23:44.268472+00:00,2026-08-30T18:23:45.895771+00:00,1.6272,ok,0,stop,410,78,488,0.2,
mt/set_14/frenetic_v/test-416,2026-08-30T18:23:45.895865+00:00,2026-08-30T18:23:47.648501+00:00,1.7526,ok,0,stop,412,84,496,0.2,
mt/set_6/frenetic_v/test-868,2026-08-30T18:23:47.648553+00:00,2026-08-30T18:23:49.321164+00:00,1.6726,ok,0,stop,411,84,495,0.2,
mt/set_11/ambiegen/test-146,2026-08-30T18:23:49.321217+00:00,2026-08-30T18:23:50.856903+00:00,1.5357,ok,0,stop,410,78,488,0.2,
mt/set_12/frenetic_v/test-691,2026-08-30T18:23:50.856955+00:00,2026-08-30T18:23:52.431793+00:00,1.5748,ok,0,stop,412,80,492,0.2,
mt/set_17/frenetic/test-538,2026-08-30T18:23:52.431836+00:00,2026-08-30T18:23:54.093344+00:00,1.6615,ok,0,stop,410,81,491,0.2,
mt/set_9/ambiegen/test-630,2026-08-30T18:23:54.093405+00:00,2026-08-30T18:23:55.744454+00:00,1.651,ok,0,stop,410,84,494,0.2,
mt/set_10/frenetic/test-283,2026-08-30T18:23:55.744505+00:00,2026-08-30T18:23:57.282835+00:00,1.5383,ok,0,stop,411,78,489,0.2,
mt/set_9/frenetic/test-36,2026-08-30T18:23:57.282885+00:00,2026-08-30T18:23:58.877179+00:00,1.5943,ok,0,stop,410,81,491,0.2,
mt/set_12/frenetic_v/test-262,2026-08-30T18:23:58.877229+00:00,2026-08-30T18:24:00.528098+00:00,1.6508,ok,0,stop,411,84,495,0.2,
mt/set_2/ambiegen/odr/test-749,2026-08-30T18:24:00.528145+00:00,2026-08-30T18:24:02.149653+00:00,1.6215,ok,0,stop,410,78,488,0.2,
mt/set_16/ambiegen/test-153,2026-08-30T18:24:02.149704+00:00,2026-08-30T18:24:03.739612+00:00,1.5899,ok,0,stop,410,80,490,0.2,
mt/set_18/ambiegen/test-703,2026-08-30T18:24:03.739662+00:00,2026-08-30T18:24:05.274677+00:00,1.535,ok,0,stop,410,78,488,0.2,
mt/set_18/ambiegen/test-326,2026-08-30T18:24:05.274739+00:00,2026-08-30T18:24:06.750912+00:00,1.4761,ok,0,stop,410,75,485,0.2,
mt/set_16/frenetic/test-929,2026-08-30T18:24:06.750957+00:00,2026-08-30T18:24:08.294875+00:00,1.5439,ok,0,stop,410,78,488,0.2,
mt/set_18/frenetic_v/test-29,2026-08-30T18:24:08.294926+00:00,2026-08-30T18:24:09.867339+00:00,1.5724,ok,0,stop,412,80,492,0.2,
mt/set_12/frenetic/test-617,2026-08-30T18:24:09.867387+00:00,2026-08-30T18:24:11.401482+00:00,1.5341,ok,0,stop,410,78,488,0.2,
mt/set_16/frenetic_v/test-820,2026-08-30T18:24:11.401536+00:00,2026-08-30T18:24:13.051876+00:00,1.6503,ok,0,stop,412,84,496,0.2,
mt/set_14/frenetic/test-891,2026-08-30T18:24:13.051929+00:00,2026-08-30T18:24:14.625319+00:00,1.5734,ok,0,stop,411,80,491,0.2,
mt/set_8/frenetic/odr/test-787,2026-08-30T18:24:14.625372+00:00,2026-08-30T18:24:16.160049+00:00,1.5346,ok,0,stop,411,78,489,0.2,
mt/set_11/frenetic/test-640,2026-08-30T18:24:16.160100+00:00,2026-08-30T18:24:18.081252+00:00,1.9208,ok,0,stop,411,84,495,0.2,
mt/set_10/frenetic_v/test-316,2026-08-30T18:24:18.081709+00:00,2026-08-30T18:24:20.077913+00:00,1.9959,ok,0,stop,412,84,496,0.2,
mt/set_17/ambiegen/test-910,2026-08-30T18:24:20.078316+00:00,2026-08-30T18:24:21.612311+00:00,1.5339,ok,0,stop,410,75,485,0.2,
mt/set_12/frenetic/test-501,2026-08-30T18:24:21.612373+00:00,2026-08-30T18:24:23.204714+00:00,1.5923,ok,0,stop,410,81,491,0.2,
mt/set_12/frenetic/test-247,2026-08-30T18:24:23.204768+00:00,2026-08-30T18:24:24.814935+00:00,1.6101,ok,0,stop,411,81,492,0.2,
mt_set5/frenetic_v/test-759,2026-08-30T18:24:24.814988+00:00,2026-08-30T18:24:26.387610+00:00,1.5726,ok,0,stop,411,80,491,0.2,
mt/set_8/frenetic_v/odr/test-669,2026-08-30T18:24:26.387662+00:00,2026-08-30T18:24:28.055467+00:00,1.6678,ok,0,stop,412,84,496,0.2,
mt/set_12/ambiegen/test-207,2026-08-30T18:24:28.055517+00:00,2026-08-30T18:24:29.589441+00:00,1.5339,ok,0,stop,411,78,489,0.2,
mt/set_17/frenetic_v/test-654,2026-08-30T18:24:29.589491+00:00,2026-08-30T18:24:31.161680+00:00,1.5722,ok,0,stop,412,80,492,0.2,
mt/set_10/ambiegen/test-537,2026-08-30T18:24:31.161729+00:00,2026-08-30T18:24:32.656124+00:00,1.4944,ok,0,stop,410,76,486,0.2,
mt/set_18/ambiegen/test-152,2026-08-30T18:24:32.656176+00:00,2026-08-30T18:24:34.672932+00:00,2.0167,ok,0,stop,411,103,514,0.2,
mt/set_17/frenetic/test-138,2026-08-30T18:24:34.672986+00:00,2026-08-30T18:24:36.264969+00:00,1.592,ok,0,stop,410,81,491,0.2,
mt_set5/frenetic_v/test-29,2026-08-30T18:24:36.265026+00:00,2026-08-30T18:24:38.475973+00:00,2.2109,ok,0,stop,412,84,496,0.2,
mt/set_13/frenetic_v/test-802,2026-08-30T18:24:38.476027+00:00,2026-08-30T18:24:40.135516+00:00,1.6595,ok,0,stop,412,80,492,0.2,
mt/set_6/frenetic_v/test-619,2026-08-30T18:24:40.135570+00:00,2026-08-30T18:24:41.784289+00:00,1.6487,ok,0,stop,412,84,496,0.2,
mt/set_13/frenetic/test-304,2026-08-30T18:24:41.784341+00:00,2026-08-30T18:24:43.377332+00:00,1.593,ok,0,stop,410,81,491,0.2,
mt/set_18/ambiegen/test-2,2026-08-30T18:24:43.377381+00:00,2026-08-30T18:24:44.796612+00:00,1.4192,ok,0,stop,410,72,482,0.0,
mt/set_9/frenetic_v/test-781,2026-08-30T18:24:44.796667+00:00,2026-08-30T18:24:46.332266+00:00,1.5356,ok,0,stop,411,78,489,0.2,
mt/set_6/frenetic_v/test-384,2026-08-30T18:24:46.332313+00:00,2026-08-30T18:24:48.058558+00:00,1.7262,ok,0,stop,412,84,496,0.2,
mt_set5/ambiegen/test-225,2026-08-30T18:24:48.058608+00:00,2026-08-30T18:24:49.541528+00:00,1.4829,ok,0,stop,410,75,485,0.2,
mt/set_11/frenetic_v/test-807,2026-08-30T18:24:49.541584+00:00,2026-08-30T18:24:51.088518+00:00,1.5469,ok,0,stop,411,78,489,0.2,
mt/set_13/frenetic/test-25,2026-08-30T18:24:51.088573+00:00,2026-08-30T18:24:52.783748+00:00,1.6951,ok,0,stop,411,84,495,0.2,
mt/set_10/frenetic_v/test-281,2026-08-30T18:24:52.783807+00:00,2026-08-30T18:24:54.440685+00:00,1.6568,ok,0,stop,411,84,495,0.2,
mt_set5/ambiegen/test-737,2026-08-30T18:24:54.440746+00:00,2026-08-30T18:24:56.204402+00:00,1.7636,ok,0,stop,410,84,494,0.2,
mt/set_9/ambiegen/test-447,2026-08-30T18:24:56.204462+00:00,2026-08-30T18:24:57.708537+00:00,1.504,ok,0,stop,410,75,485,0.2,
mt/set_8/ambiegen/odr/test-483,2026-08-30T18:24:57.708590+00:00,2026-08-30T18:24:59.288577+00:00,1.58,ok,0,stop,410,80,490,0.2,
mt_set5/ambiegen/test-352,2026-08-30T18:24:59.288637+00:00,2026-08-30T18:25:00.879884+00:00,1.5912,ok,0,stop,410,78,488,0.2,
mt_set6/frenetic/test-934,2026-08-30T18:25:00.879944+00:00,2026-08-30T18:25:02.526827+00:00,1.6468,ok,0,stop,410,81,491,0.2,
mt/set_10/frenetic_v/test-32,2026-08-30T18:25:02.526881+00:00,2026-08-30T18:25:04.153936+00:00,1.627,ok,0,stop,412,80,492,0.2,
mt/set_14/frenetic_v/test-229,2026-08-30T18:25:04.153990+00:00,2026-08-30T18:25:05.863081+00:00,1.7091,ok,0,stop,412,84,496,0.2,
mt/set_13/frenetic_v/test-912,2026-08-30T18:25:05.863173+00:00,2026-08-30T18:25:07.570353+00:00,1.7071,ok,0,stop,412,84,496,0.2,
mt/set_13/ambiegen/test-299,2026-08-30T18:25:07.570405+00:00,2026-08-30T18:25:09.103246+00:00,1.5328,ok,0,stop,411,76,487,0.2,
mt_set5/frenetic/test-763,2026-08-30T18:25:09.103297+00:00,2026-08-30T18:25:10.638236+00:00,1.5349,ok,0,stop,411,78,489,0.2,
mt/set_13/frenetic/test-886,2026-08-30T18:25:10.638283+00:00,2026-08-30T18:25:12.619510+00:00,1.981,ok,0,stop,411,84,495,0.2,
mt/set_10/frenetic_v/test-670,2026-08-30T18:25:12.619951+00:00,2026-08-30T18:25:14.537236+00:00,1.9172,ok,0,stop,412,80,492,0.2,
mt/set_18/frenetic/test-147,2026-08-30T18:25:14.537310+00:00,2026-08-30T18:25:16.132662+00:00,1.5953,ok,0,stop,410,81,491,0.2,
mt/set_7/ambiegen/odr/test-235,2026-08-30T18:25:16.132715+00:00,2026-08-30T18:25:17.667614+00:00,1.5349,ok,0,stop,410,78,488,0.2,
mt/set_7/frenetic_v/odr/test-302,2026-08-30T18:25:17.667666+00:00,2026-08-30T18:25:19.241472+00:00,1.5738,ok,0,stop,412,80,492,0.2,
mt/set_16/frenetic_v/test-20,2026-08-30T18:25:19.241523+00:00,2026-08-30T18:25:20.902743+00:00,1.6612,ok,0,stop,412,84,496,0.2,
mt/set_11/frenetic/test-872,2026-08-30T18:25:20.902798+00:00,2026-08-30T18:25:22.495609+00:00,1.5928,ok,0,stop,411,81,492,0.2,
mt/set_7/frenetic/odr/test-11,2026-08-30T18:25:22.495662+00:00,2026-08-30T18:25:24.029858+00:00,1.5342,ok,0,stop,411,78,489,0.2,
mt/set_16/frenetic/test-720,2026-08-30T18:25:24.029907+00:00,2026-08-30T18:25:25.621877+00:00,1.5919,ok,0,stop,410,81,491,0.2,
mt/set_7/ambiegen/odr/test-845,2026-08-30T18:25:25.621934+00:00,2026-08-30T18:25:27.156579+00:00,1.5346,ok,0,stop,410,78,488,0.2,
mt/set_16/ambiegen/test-564,2026-08-30T18:25:27.156629+00:00,2026-08-30T18:25:28.864889+00:00,1.7082,ok,0,stop,410,87,497,0.2,
mt_set5/frenetic_v/test-877,2026-08-30T18:25:28.864942+00:00,2026-08-30T18:25:30.440909+00:00,1.5759,ok,0,stop,412,80,492,0.2,
mt/set_12/frenetic_v/test-764,2026-08-30T18:25:30.441017+00:00,2026-08-30T18:25:32.521117+00:00,2.0801,ok,0,stop,411,80,491,0.2,
mt/set_8/ambiegen/odr/test-410,2026-08-30T18:25:32.521167+00:00,2026-08-30T18:25:34.319355+00:00,1.7982,ok,0,stop,410,87,497,0.0,
mt/set_11/frenetic_v/test-787,2026-08-30T18:25:34.319405+00:00,2026-08-30T18:25:35.900973+00:00,1.5815,ok,0,stop,412,80,492,0.2,
mt/set_13/frenetic_v/test-95,2026-08-30T18:25:35.901026+00:00,2026-08-30T18:25:37.480471+00:00,1.5794,ok,0,stop,412,80,492,0.2,
mt_set5/ambiegen/test-723,2026-08-30T18:25:37.480524+00:00,2026-08-30T18:25:39.138618+00:00,1.6581,ok,0,stop,410,84,494,0.2,
mt/set_9/frenetic_v/test-935,2026-08-30T18:25:39.138671+00:00,2026-08-30T18:25:40.677640+00:00,1.5389,ok,0,stop,411,78,489,0.2,
mt_set5/frenetic/test-827,2026-08-30T18:25:40.677690+00:00,2026-08-30T18:25:42.340455+00:00,1.6627,ok,0,stop,410,81,491,0.2,
mt_set5/ambiegen/test-136,2026-08-30T18:25:42.340510+00:00,2026-08-30T18:25:44.053212+00:00,1.7127,ok,0,stop,411,87,498,0.2,
mt/set_11/ambiegen/test-729,2026-08-30T18:25:44.053259+00:00,2026-08-30T18:25:45.576969+00:00,1.5237,ok,0,stop,410,76,486,0.2,
mt/set_11/frenetic_v/test-747,2026-08-30T18:25:45.577024+00:00,2026-08-30T18:25:47.229347+00:00,1.6523,ok,0,stop,412,84,496,0.2,
mt/set_7/frenetic_v/odr/test-589,2026-08-30T18:25:47.229400+00:00,2026-08-30T18:25:48.877559+00:00,1.6478,ok,0,stop,412,80,492,0.2,
mt/set_12/frenetic/test-23,2026-08-30T18:25:48.878042+00:00,2026-08-30T18:25:50.461042+00:00,1.5829,ok,0,stop,410,78,488,0.2,
mt/set_10/frenetic/test-517,2026-08-30T18:25:50.461095+00:00,2026-08-30T18:25:52.004332+00:00,1.5432,ok,0,stop,411,78,489,0.2,
mt/set_13/ambiegen/test-100,2026-08-30T18:25:52.004385+00:00,2026-08-30T18:25:53.547408+00:00,1.543,ok,0,stop,410,78,488,0.2,
mt/set_12/frenetic/test-902,2026-08-30T18:25:53.547463+00:00,2026-08-30T18:25:55.154487+00:00,1.607,ok,0,stop,410,81,491,0.2,
mt/set_2/ambiegen/odr/test-682,2026-08-30T18:25:55.154539+00:00,2026-08-30T18:25:56.639713+00:00,1.4851,ok,0,stop,410,75,485,0.2,
mt/set_11/frenetic_v/test-733,2026-08-30T18:25:56.639763+00:00,2026-08-30T18:25:58.218482+00:00,1.5787,ok,0,stop,412,80,492,0.2,
mt/set_7/ambiegen/odr/test-363,2026-08-30T18:25:58.218535+00:00,2026-08-30T18:25:59.790072+00:00,1.5715,ok,0,stop,409,78,487,0.2,
mt_set6/frenetic/test-659,2026-08-30T18:25:59.790122+00:00,2026-08-30T18:26:01.332611+00:00,1.5425,ok,0,stop,411,78,489,0.2,
mt_set5/ambiegen/test-843,2026-08-30T18:26:01.332670+00:00,2026-08-30T18:26:02.888280+00:00,1.5556,ok,0,stop,410,78,488,0.2,
mt/set_7/frenetic_v/odr/test-506,2026-08-30T18:26:02.888335+00:00,2026-08-30T18:26:04.457555+00:00,1.5692,ok,0,stop,411,78,489,0.2,
mt_set5/frenetic/test-738,2026-08-30T18:26:04.457609+00:00,2026-08-30T18:26:06.471482+00:00,2.0138,ok,0,stop,411,78,489,0.2,
mt_set5/frenetic_v/test-559,2026-08-30T18:26:06.471534+00:00,2026-08-30T18:26:08.120270+00:00,1.6487,ok,0,stop,412,80,492,0.2,
mt/set_11/frenetic/test-544,2026-08-30T18:26:08.120322+00:00,2026-08-30T18:26:09.705823+00:00,1.5855,ok,0,stop,411,78,489,0.2,
mt_set6/frenetic/test-276,2026-08-30T18:26:09.705875+00:00,2026-08-30T18:26:11.307878+00:00,1.602,ok,0,stop,411,81,492,0.2,
mt/set_8/frenetic/odr/test-373,2026-08-30T18:26:11.307931+00:00,2026-08-30T18:26:12.861886+00:00,1.5539,ok,0,stop,411,78,489,0.2,
mt/set_10/frenetic/test-545,2026-08-30T18:26:12.861936+00:00,2026-08-30T18:26:14.492754+00:00,1.6308,ok,0,stop,411,81,492,0.2,
mt/set_18/frenetic/test-454,2026-08-30T18:26:14.492808+00:00,2026-08-30T18:26:16.090759+00:00,1.5979,ok,0,stop,411,81,492,0.2,
mt/set_11/frenetic_v/test-553,2026-08-30T18:26:16.090813+00:00,2026-08-30T18:26:17.779293+00:00,1.6884,ok,0,stop,412,84,496,0.2,
mt_set5/frenetic_v/test-109,2026-08-30T18:26:17.779346+00:00,2026-08-30T18:26:19.447164+00:00,1.6678,ok,0,stop,412,84,496,0.2,
mt/set_18/frenetic_v/test-157,2026-08-30T18:26:19.447219+00:00,2026-08-30T18:26:21.061679+00:00,1.6144,ok,0,stop,411,81,492,0.2,
mt/set_16/frenetic/test-306,2026-08-30T18:26:21.061735+00:00,2026-08-30T18:26:22.664637+00:00,1.6029,ok,0,stop,411,78,489,0.2,
mt_set5/frenetic/test-433,2026-08-30T18:26:22.664691+00:00,2026-08-30T18:26:24.308988+00:00,1.6442,ok,0,stop,411,78,489,0.2,
mt/set_16/frenetic_v/test-88,2026-08-30T18:26:24.309158+00:00,2026-08-30T18:26:26.306091+00:00,1.9969,ok,0,stop,411,78,489,0.2,
mt/set_9/frenetic/test-5,2026-08-30T18:26:26.306145+00:00,2026-08-30T18:26:27.944728+00:00,1.6386,ok,0,stop,411,78,489,0.2,
mt/set_14/ambiegen/test-49,2026-08-30T18:26:27.944820+00:00,2026-08-30T18:26:29.653967+00:00,1.7091,ok,0,stop,410,84,494,0.0,
mt/set_16/frenetic_v/test-182,2026-08-30T18:26:29.654021+00:00,2026-08-30T18:26:31.314402+00:00,1.6603,ok,0,stop,411,84,495,0.2,
mt/set_8/frenetic_v/odr/test-930,2026-08-30T18:26:31.314452+00:00,2026-08-30T18:26:32.890813+00:00,1.5763,ok,0,stop,412,80,492,0.2,
mt/set_16/frenetic/test-213,2026-08-30T18:26:32.890866+00:00,2026-08-30T18:26:34.519145+00:00,1.6282,ok,0,stop,411,81,492,0.2,
mt/set_17/frenetic/test-751,2026-08-30T18:26:34.519218+00:00,2026-08-30T18:26:36.096083+00:00,1.5768,ok,0,stop,411,78,489,0.2,
mt/set_18/ambiegen/test-404,2026-08-30T18:26:36.096140+00:00,2026-08-30T18:26:37.816035+00:00,1.7199,ok,0,stop,410,87,497,0.2,
mt/set_11/frenetic_v/test-67,2026-08-30T18:26:37.816092+00:00,2026-08-30T18:26:39.396718+00:00,1.5806,ok,0,stop,412,80,492,0.2,
mt/set_17/ambiegen/test-540,2026-08-30T18:26:39.396766+00:00,2026-08-30T18:26:40.901702+00:00,1.5049,ok,0,stop,409,76,485,0.2,
mt/set_18/frenetic_v/test-234,2026-08-30T18:26:40.901754+00:00,2026-08-30T18:26:42.440848+00:00,1.5391,ok,0,stop,411,78,489,0.2,
mt/set_11/frenetic_v/test-742,2026-08-30T18:26:42.440896+00:00,2026-08-30T18:26:44.013629+00:00,1.5727,ok,0,stop,412,76,488,0.2,
mt/set_8/ambiegen/odr/test-515,2026-08-30T18:26:44.013681+00:00,2026-08-30T18:26:45.539568+00:00,1.5259,ok,0,stop,410,76,486,0.2,
mt/set_17/frenetic_v/test-538,2026-08-30T18:26:45.539612+00:00,2026-08-30T18:26:47.115860+00:00,1.5762,ok,0,stop,412,80,492,0.2,
mt/set_18/frenetic/test-509,2026-08-30T18:26:47.115909+00:00,2026-08-30T18:26:48.709886+00:00,1.5939,ok,0,stop,410,81,491,0.2,
mt/set_14/frenetic/test-277,2026-08-30T18:26:48.709938+00:00,2026-08-30T18:26:50.380135+00:00,1.6702,ok,0,stop,411,84,495,0.2,
mt/set_7/frenetic_v/odr/test-412,2026-08-30T18:26:50.380180+00:00,2026-08-30T18:26:51.959452+00:00,1.5792,ok,0,stop,412,80,492,0.2,
mt/set_7/ambiegen/odr/test-784,2026-08-30T18:26:51.959500+00:00,2026-08-30T18:26:53.500128+00:00,1.5406,ok,0,stop,410,78,488,0.2,
mt/set_13/ambiegen/test-20,2026-08-30T18:26:53.500176+00:00,2026-08-30T18:26:55.040650+00:00,1.5404,ok,0,stop,410,78,488,0.2,
mt/set_18/frenetic/test-865,2026-08-30T18:26:55.040704+00:00,2026-08-30T18:26:56.733664+00:00,1.6929,ok,0,stop,410,86,496,0.2,
mt/set_2/ambiegen/odr/test-92,2026-08-30T18:26:56.733707+00:00,2026-08-30T18:26:58.273952+00:00,1.5402,ok,0,stop,410,78,488,0.2,
mt/set_13/frenetic_v/test-774,2026-08-30T18:26:58.274014+00:00,2026-08-30T18:26:59.848454+00:00,1.5744,ok,0,stop,412,80,492,0.2,
mt/set_16/ambiegen/test-638,2026-08-30T18:26:59.848508+00:00,2026-08-30T18:27:01.901215+00:00,2.0527,ok,0,stop,410,80,490,0.2,
mt/set_12/ambiegen/test-787,2026-08-30T18:27:01.901290+00:00,2026-08-30T18:27:03.622303+00:00,1.721,ok,0,stop,410,84,494,0.2,
mt/set_16/ambiegen/test-656,2026-08-30T18:27:03.622362+00:00,2026-08-30T18:27:05.162415+00:00,1.54,ok,0,stop,410,78,488,0.2,
mt/set_18/frenetic/test-369,2026-08-30T18:27:05.162467+00:00,2026-08-30T18:27:06.760623+00:00,1.5981,ok,0,stop,411,81,492,0.2,
mt/set_8/frenetic/odr/test-206,2026-08-30T18:27:06.760682+00:00,2026-08-30T18:27:08.362593+00:00,1.6019,ok,0,stop,411,81,492,0.2,
mt/set_10/frenetic/test-902,2026-08-30T18:27:08.362653+00:00,2026-08-30T18:27:10.013944+00:00,1.6513,ok,0,stop,411,84,495,0.2,
mt/set_17/ambiegen/test-566,2026-08-30T18:27:10.013997+00:00,2026-08-30T18:27:11.550381+00:00,1.5364,ok,0,stop,411,78,489,0.2,
mt/set_10/ambiegen/test-302,2026-08-30T18:27:11.550429+00:00,2026-08-30T18:27:13.085501+00:00,1.535,ok,0,stop,410,78,488,0.2,
mt/set_9/ambiegen/test-130,2026-08-30T18:27:13.085555+00:00,2026-08-30T18:27:14.583174+00:00,1.4976,ok,0,stop,411,76,487,0.2,
mt/set_12/frenetic/test-100,2026-08-30T18:27:14.583211+00:00,2026-08-30T18:27:16.181450+00:00,1.5982,ok,0,stop,410,81,491,0.2,
mt/set_12/frenetic_v/test-751,2026-08-30T18:27:16.181522+00:00,2026-08-30T18:27:17.838977+00:00,1.6574,ok,0,stop,412,84,496,0.2,
mt/set_11/ambiegen/test-450,2026-08-30T18:27:17.839051+00:00,2026-08-30T18:27:19.698080+00:00,1.8589,ok,0,stop,410,78,488,0.2,
mt/set_9/frenetic_v/test-785,2026-08-30T18:27:19.698332+00:00,2026-08-30T18:27:21.394376+00:00,1.696,ok,0,stop,411,78,489,0.2,
mt/set_18/ambiegen/test-528,2026-08-30T18:27:21.394467+00:00,2026-08-30T18:27:22.994722+00:00,1.6002,ok,0,stop,410,78,488,0.2,
mt/set_13/ambiegen/test-843,2026-08-30T18:27:22.994770+00:00,2026-08-30T18:27:24.495652+00:00,1.5008,ok,0,stop,410,76,486,0.2,
mt/set_16/frenetic/test-498,2026-08-30T18:27:24.495726+00:00,2026-08-30T18:27:26.088839+00:00,1.5931,ok,0,stop,410,81,491,0.2,
mt/set_18/frenetic/test-174,2026-08-30T18:27:26.088887+00:00,2026-08-30T18:27:27.682682+00:00,1.5938,ok,0,stop,410,81,491,0.2,
mt/set_9/frenetic/test-858,2026-08-30T18:27:27.682775+00:00,2026-08-30T18:27:29.329354+00:00,1.6465,ok,0,stop,410,80,490,0.2,
mt/set_11/frenetic/test-927,2026-08-30T18:27:29.329431+00:00,2026-08-30T18:27:30.925050+00:00,1.5956,ok,0,stop,411,81,492,0.2,
mt/set_7/frenetic/odr/test-896,2026-08-30T18:27:30.925106+00:00,2026-08-30T18:27:32.521171+00:00,1.596,ok,0,stop,410,81,491,0.2,
mt_set5/frenetic/test-818,2026-08-30T18:27:32.521218+00:00,2026-08-30T18:27:34.117928+00:00,1.5967,ok,0,stop,410,81,491,0.2,
mt/set_9/ambiegen/test-18,2026-08-30T18:27:34.117977+00:00,2026-08-30T18:27:35.661318+00:00,1.5433,ok,0,stop,410,78,488,0.2,
mt/set_16/ambiegen/test-942,2026-08-30T18:27:35.661369+00:00,2026-08-30T18:27:37.450361+00:00,1.789,ok,0,stop,410,87,497,0.2,
mt/set_10/frenetic_v/test-808,2026-08-30T18:27:37.450423+00:00,2026-08-30T18:27:39.018288+00:00,1.5678,ok,0,stop,411,78,489,0.2,
mt/set_18/frenetic/test-797,2026-08-30T18:27:39.018339+00:00,2026-08-30T18:27:40.616020+00:00,1.5976,ok,0,stop,410,81,491,0.2,
mt_set6/frenetic/test-126,2026-08-30T18:27:40.616069+00:00,2026-08-30T18:27:42.278934+00:00,1.6628,ok,0,stop,411,84,495,0.2,
mt/set_6/frenetic_v/test-265,2026-08-30T18:27:42.278988+00:00,2026-08-30T18:27:43.854901+00:00,1.5759,ok,0,stop,412,80,492,0.2,
mt_set6/frenetic/test-492,2026-08-30T18:27:43.854954+00:00,2026-08-30T18:27:45.451573+00:00,1.5966,ok,0,stop,410,81,491,0.2,
mt/set_17/frenetic_v/test-552,2026-08-30T18:27:45.451624+00:00,2026-08-30T18:27:47.029533+00:00,1.5779,ok,0,stop,412,80,492,0.2,
mt/set_10/ambiegen/test-455,2026-08-30T18:27:47.029589+00:00,2026-08-30T18:27:48.684251+00:00,1.6546,ok,0,stop,410,84,494,0.2,
mt/set_14/frenetic_v/test-487,2026-08-30T18:27:48.684346+00:00,2026-08-30T18:27:50.264661+00:00,1.5803,ok,0,stop,411,78,489,0.2,
mt/set_12/frenetic_v/test-807,2026-08-30T18:27:50.264716+00:00,2026-08-30T18:27:51.947736+00:00,1.683,ok,0,stop,411,84,495,0.2,
mt_set6/frenetic/test-120,2026-08-30T18:27:51.947792+00:00,2026-08-30T18:27:53.947415+00:00,1.9996,ok,0,stop,411,81,492,0.2,
mt/set_13/frenetic/test-94,2026-08-30T18:27:53.947466+00:00,2026-08-30T18:27:55.553259+00:00,1.6057,ok,0,stop,411,78,489,0.2,
mt/set_18/frenetic/test-256,2026-08-30T18:27:55.553333+00:00,2026-08-30T18:27:57.154757+00:00,1.6014,ok,0,stop,410,81,491,0.2,
mt/set_7/ambiegen/odr/test-331,2026-08-30T18:27:57.154811+00:00,2026-08-30T18:27:58.691334+00:00,1.5365,ok,0,stop,410,78,488,0.2,
mt/set_17/frenetic/test-548,2026-08-30T18:27:58.691389+00:00,2026-08-30T18:28:00.228073+00:00,1.5366,ok,0,stop,410,78,488,0.2,
mt/set_17/ambiegen/test-608,2026-08-30T18:28:00.228149+00:00,2026-08-30T18:28:01.769064+00:00,1.5409,ok,0,stop,410,78,488,0.2,
mt/set_12/frenetic_v/test-620,2026-08-30T18:28:01.769139+00:00,2026-08-30T18:28:03.423076+00:00,1.6539,ok,0,stop,411,84,495,0.2,
mt/set_16/frenetic/test-672,2026-08-30T18:28:03.423149+00:00,2026-08-30T18:28:05.019770+00:00,1.5966,ok,0,stop,411,81,492,0.2,
mt/set_7/frenetic_v/odr/test-254,2026-08-30T18:28:05.019822+00:00,2026-08-30T18:28:06.596929+00:00,1.5771,ok,0,stop,412,80,492,0.2,
mt/set_10/frenetic_v/test-715,2026-08-30T18:28:06.596974+00:00,2026-08-30T18:28:08.140958+00:00,1.5439,ok,0,stop,411,78,489,0.2,
mt/set_13/frenetic/test-175,2026-08-30T18:28:08.141038+00:00,2026-08-30T18:28:09.736673+00:00,1.5956,ok,0,stop,410,81,491,0.2,
mt_set6/frenetic/test-536,2026-08-30T18:28:09.736728+00:00,2026-08-30T18:28:11.331334+00:00,1.5946,ok,0,stop,410,81,491,0.2,
mt/set_16/frenetic_v/test-776,2026-08-30T18:28:11.331407+00:00,2026-08-30T18:28:13.688643+00:00,2.3572,ok,0,stop,412,84,496,0.2,
mt/set_18/frenetic_v/test-7,2026-08-30T18:28:13.688695+00:00,2026-08-30T18:28:15.432414+00:00,1.7437,ok,0,stop,412,84,496,0.2,
mt/set_16/frenetic/test-810,2026-08-30T18:28:15.432475+00:00,2026-08-30T18:28:17.033757+00:00,1.6013,ok,0,stop,411,81,492,0.2,
mt/set_17/frenetic_v/test-202,2026-08-30T18:28:17.033812+00:00,2026-08-30T18:28:18.618665+00:00,1.5848,ok,0,stop,412,80,492,0.2,
mt/set_8/ambiegen/odr/test-347,2026-08-30T18:28:18.618732+00:00,2026-08-30T18:28:20.124478+00:00,1.5057,ok,0,stop,410,76,486,0.2,
mt_set5/frenetic/test-745,2026-08-30T18:28:20.124526+00:00,2026-08-30T18:28:21.725936+00:00,1.6014,ok,0,stop,410,81,491,0.2,
mt/set_2/ambiegen/odr/test-34,2026-08-30T18:28:21.725988+00:00,2026-08-30T18:28:23.451287+00:00,1.7253,ok,0,stop,410,84,494,0.2,
mt/set_10/ambiegen/test-339,2026-08-30T18:28:23.451343+00:00,2026-08-30T18:28:24.996556+00:00,1.5452,ok,0,stop,410,78,488,0.2,
mt/set_8/frenetic/odr/test-841,2026-08-30T18:28:24.996610+00:00,2026-08-30T18:28:26.599197+00:00,1.6026,ok,0,stop,410,81,491,0.2,
mt/set_2/ambiegen/odr/test-335,2026-08-30T18:28:26.599250+00:00,2026-08-30T18:28:28.027829+00:00,1.4285,ok,0,stop,409,72,481,0.0,
mt/set_12/frenetic/test-670,2026-08-30T18:28:28.027885+00:00,2026-08-30T18:28:29.681886+00:00,1.6539,ok,0,stop,410,81,491,0.2,
mt/set_11/frenetic/test-390,2026-08-30T18:28:29.682043+00:00,2026-08-30T18:28:31.339610+00:00,1.6575,ok,0,stop,410,81,491,0.2,
mt/set_8/frenetic_v/odr/test-417,2026-08-30T18:28:31.339667+00:00,2026-08-30T18:28:32.919835+00:00,1.5801,ok,0,stop,412,80,492,0.2,
mt/set_6/frenetic_v/test-646,2026-08-30T18:28:32.919891+00:00,2026-08-30T18:28:34.460805+00:00,1.5409,ok,0,stop,412,78,490,0.2,
mt/set_13/frenetic_v/test-783,2026-08-30T18:28:34.460860+00:00,2026-08-30T18:28:36.134153+00:00,1.6733,ok,0,stop,411,84,495,0.2,
mt/set_7/frenetic/odr/test-124,2026-08-30T18:28:36.134206+00:00,2026-08-30T18:28:37.673790+00:00,1.5396,ok,0,stop,410,78,488,0.2,
mt/set_14/frenetic_v/test-846,2026-08-30T18:28:37.673845+00:00,2026-08-30T18:28:39.329104+00:00,1.6552,ok,0,stop,411,84,495,0.2,
mt/set_9/frenetic_v/test-426,2026-08-30T18:28:39.329153+00:00,2026-08-30T18:28:40.907989+00:00,1.5788,ok,0,stop,412,80,492,0.2,
mt/set_11/frenetic/test-129,2026-08-30T18:28:40.908044+00:00,2026-08-30T18:28:42.472253+00:00,1.5642,ok,0,stop,411,78,489,0.2,
mt/set_14/ambiegen/test-218,2026-08-30T18:28:42.472302+00:00,2026-08-30T18:28:44.018171+00:00,1.5458,ok,0,stop,410,78,488,0.2,
mt_set5/frenetic_v/test-255,2026-08-30T18:28:44.018228+00:00,2026-08-30T18:28:45.596981+00:00,1.5787,ok,0,stop,411,80,491,0.2,
mt/set_18/ambiegen/test-262,2026-08-30T18:28:45.597030+00:00,2026-08-30T18:28:47.549851+00:00,1.9528,ok,0,stop,409,76,485,0.2,
mt/set_17/frenetic/test-352,2026-08-30T18:28:47.549915+00:00,2026-08-30T18:28:49.210062+00:00,1.6601,ok,0,stop,410,81,491,0.2,
mt/set_12/frenetic/test-889,2026-08-30T18:28:49.210129+00:00,2026-08-30T18:28:50.812112+00:00,1.6019,ok,0,stop,411,81,492,0.2,
mt/set_8/frenetic/odr/test-650,2026-08-30T18:28:50.812184+00:00,2026-08-30T18:28:52.438598+00:00,1.6264,ok,0,stop,410,81,491,0.2,
mt/set_11/frenetic_v/test-350,2026-08-30T18:28:52.438675+00:00,2026-08-30T18:28:54.025608+00:00,1.5869,ok,0,stop,412,80,492,0.2,
mt/set_10/ambiegen/test-884,2026-08-30T18:28:54.025659+00:00,2026-08-30T18:28:55.586221+00:00,1.5605,ok,0,stop,411,78,489,0.2,
mt/set_14/ambiegen/test-775,2026-08-30T18:28:55.586281+00:00,2026-08-30T18:28:57.124139+00:00,1.5378,ok,0,stop,411,76,487,0.2,
mt/set_6/frenetic_v/test-900,2026-08-30T18:28:57.124194+00:00,2026-08-30T18:28:58.700309+00:00,1.5761,ok,0,stop,412,80,492,0.2,
mt/set_7/frenetic/odr/test-372,2026-08-30T18:28:58.700385+00:00,2026-08-30T18:29:00.298076+00:00,1.5976,ok,0,stop,410,81,491,0.2,
mt/set_14/ambiegen/test-808,2026-08-30T18:29:00.298152+00:00,2026-08-30T18:29:01.821226+00:00,1.523,ok,0,stop,410,75,485,0.2,
mt/set_9/frenetic_v/test-11,2026-08-30T18:29:01.821278+00:00,2026-08-30T18:29:03.399463+00:00,1.5782,ok,0,stop,412,80,492,0.2,
mt/set_7/frenetic/odr/test-208,2026-08-30T18:29:03.399515+00:00,2026-08-30T18:29:05.082147+00:00,1.6826,ok,0,stop,411,84,495,0.2,
mt/set_14/ambiegen/test-312,2026-08-30T18:29:05.082225+00:00,2026-08-30T18:29:07.374503+00:00,2.2922,ok,0,stop,410,84,494,0.2,
mt/set_13/ambiegen/test-536,2026-08-30T18:29:07.374556+00:00,2026-08-30T18:29:08.906488+00:00,1.5319,ok,0,stop,410,72,482,0.0,
mt/set_18/frenetic/test-683,2026-08-30T18:29:08.906541+00:00,2026-08-30T18:29:10.456241+00:00,1.5497,ok,0,stop,410,78,488,0.2,
mt/set_16/ambiegen/test-4,2026-08-30T18:29:10.456373+00:00,2026-08-30T18:29:11.998103+00:00,1.5417,ok,0,stop,410,78,488,0.2,
mt/set_13/frenetic/test-75,2026-08-30T18:29:11.998182+00:00,2026-08-30T18:29:13.592845+00:00,1.5946,ok,0,stop,410,81,491,0.2,
mt/set_9/frenetic/test-504,2026-08-30T18:29:13.592909+00:00,2026-08-30T18:29:15.154804+00:00,1.5619,ok,0,stop,411,78,489,0.2,
mt/set_12/frenetic/test-756,2026-08-30T18:29:15.154857+00:00,2026-08-30T18:29:16.822507+00:00,1.6676,ok,0,stop,411,81,492,0.2,
mt_set5/frenetic_v/test-206,2026-08-30T18:29:16.822560+00:00,2026-08-30T18:29:18.406612+00:00,1.584,ok,0,stop,412,80,492,0.2,
mt/set_8/ambiegen/odr/test-358,2026-08-30T18:29:18.406683+00:00,2026-08-30T18:29:20.124257+00:00,1.7175,ok,0,stop,410,87,497,0.2,
mt/set_8/frenetic_v/odr/test-178,2026-08-30T18:29:20.124302+00:00,2026-08-30T18:29:21.699582+00:00,1.5752,ok,0,stop,412,80,492,0.2,
mt/set_8/frenetic_v/odr/test-239,2026-08-30T18:29:21.699633+00:00,2026-08-30T18:29:23.299354+00:00,1.5997,ok,0,stop,411,78,489,0.2,
mt/set_8/frenetic/odr/test-252,2026-08-30T18:29:23.299430+00:00,2026-08-30T18:29:24.942071+00:00,1.6426,ok,0,stop,410,81,491,0.2,
mt/set_14/ambiegen/test-865,2026-08-30T18:29:24.942276+00:00,2026-08-30T18:29:26.495734+00:00,1.5534,ok,0,stop,410,78,488,0.2,
mt/set_12/frenetic_v/test-932,2026-08-30T18:29:26.495801+00:00,2026-08-30T18:29:28.077688+00:00,1.5818,ok,0,stop,412,80,492,0.2,
mt_set5/ambiegen/test-658,2026-08-30T18:29:28.077888+00:00,2026-08-30T18:29:29.630936+00:00,1.553,ok,0,stop,410,78,488,0.2,
mt_set5/frenetic/test-146,2026-08-30T18:29:29.631095+00:00,2026-08-30T18:29:31.201502+00:00,1.5703,ok,0,stop,411,78,489,0.2,
mt/set_17/ambiegen/test-350,2026-08-30T18:29:31.201575+00:00,2026-08-30T18:29:32.878523+00:00,1.6769,ok,0,stop,411,84,495,0.0,
mt/set_7/frenetic_v/odr/test-734,2026-08-30T18:29:32.878575+00:00,2026-08-30T18:29:34.464634+00:00,1.586,ok,0,stop,411,80,491,0.2,
mt/set_16/ambiegen/test-625,2026-08-30T18:29:34.464689+00:00,2026-08-30T18:29:36.226602+00:00,1.7619,ok,0,stop,410,87,497,0.2,
mt/set_16/frenetic/test-776,2026-08-30T18:29:36.226659+00:00,2026-08-30T18:29:37.867909+00:00,1.6412,ok,0,stop,410,80,490,0.2,
mt/set_10/ambiegen/test-275,2026-08-30T18:29:37.867963+00:00,2026-08-30T18:29:39.447685+00:00,1.5797,ok,0,stop,410,78,488,0.2,
mt/set_13/frenetic_v/test-139,2026-08-30T18:29:39.447734+00:00,2026-08-30T18:29:41.626657+00:00,2.1789,ok,0,stop,411,80,491,0.2,
mt/set_11/ambiegen/test-918,2026-08-30T18:29:41.626712+00:00,2026-08-30T18:29:43.357884+00:00,1.7311,ok,0,stop,410,84,494,0.2,
mt/set_6/frenetic_v/test-815,2026-08-30T18:29:43.357949+00:00,2026-08-30T18:29:45.020095+00:00,1.6621,ok,0,stop,411,84,495,0.2,
mt/set_8/frenetic_v/odr/test-483,2026-08-30T18:29:45.020144+00:00,2026-08-30T18:29:46.604964+00:00,1.5848,ok,0,stop,411,80,491,0.2,
mt/set_2/ambiegen/odr/test-835,2026-08-30T18:29:46.605046+00:00,2026-08-30T18:29:48.342841+00:00,1.7377,ok,0,stop,410,87,497,0.2,
mt_set5/frenetic_v/test-407,2026-08-30T18:29:48.342920+00:00,2026-08-30T18:29:49.929417+00:00,1.5864,ok,0,stop,411,80,491,0.2,
mt/set_18/ambiegen/test-155,2026-08-30T18:29:49.929480+00:00,2026-08-30T18:29:51.518459+00:00,1.5889,ok,0,stop,410,80,490,0.2,
mt/set_13/ambiegen/test-288,2026-08-30T18:29:51.518499+00:00,2026-08-30T18:29:53.178434+00:00,1.6599,ok,0,stop,410,84,494,0.2,
mt/set_6/frenetic_v/test-722,2026-08-30T18:29:53.178483+00:00,2026-08-30T18:29:54.744559+00:00,1.566,ok,0,stop,411,78,489,0.2,
mt/set_17/ambiegen/test-551,2026-08-30T18:29:54.744611+00:00,2026-08-30T18:29:56.172138+00:00,1.4275,ok,0,stop,409,72,481,0.0,
mt/set_14/frenetic_v/test-153,2026-08-30T18:29:56.172187+00:00,2026-08-30T18:29:57.830992+00:00,1.6588,ok,0,stop,412,84,496,0.2,
mt/set_7/ambiegen/odr/test-189,2026-08-30T18:29:57.831037+00:00,2026-08-30T18:29:59.762999+00:00,1.9319,ok,0,stop,410,78,488,0.2,
mt_set5/ambiegen/test-731,2026-08-30T18:29:59.763045+00:00,2026-08-30T18:30:01.290572+00:00,1.5275,ok,0,stop,410,75,485,0.2,
mt/set_14/ambiegen/test-746,2026-08-30T18:30:01.290657+00:00,2026-08-30T18:30:02.886774+00:00,1.5961,ok,0,stop,410,78,488,0.2,
mt/set_7/frenetic/odr/test-467,2026-08-30T18:30:02.886834+00:00,2026-08-30T18:30:04.430069+00:00,1.5432,ok,0,stop,411,78,489,0.2,
mt/set_8/frenetic_v/odr/test-744,2026-08-30T18:30:04.430127+00:00,2026-08-30T18:30:06.091300+00:00,1.6611,ok,0,stop,412,84,496,0.2,
mt/set_10/ambiegen/test-812,2026-08-30T18:30:06.091352+00:00,2026-08-30T18:30:07.632194+00:00,1.5408,ok,0,stop,410,78,488,0.2,
mt/set_17/frenetic/test-861,2026-08-30T18:30:07.632243+00:00,2026-08-30T18:30:09.293851+00:00,1.6616,ok,0,stop,410,81,491,0.2,
mt/set_18/ambiegen/test-777,2026-08-30T18:30:09.293906+00:00,2026-08-30T18:30:10.834812+00:00,1.5409,ok,0,stop,410,78,488,0.2,
mt/set_8/frenetic_v/odr/test-880,2026-08-30T18:30:10.834866+00:00,2026-08-30T18:30:12.495636+00:00,1.6607,ok,0,stop,412,84,496,0.2,
mt/set_18/ambiegen/test-560,2026-08-30T18:30:12.495688+00:00,2026-08-30T18:30:14.039984+00:00,1.5443,ok,0,stop,410,78,488,0.2,
mt/set_13/frenetic_v/test-46,2026-08-30T18:30:14.040043+00:00,2026-08-30T18:30:15.585880+00:00,1.5458,ok,0,stop,411,78,489,0.2,
mt_set5/frenetic/test-748,2026-08-30T18:30:15.585930+00:00,2026-08-30T18:30:17.284173+00:00,1.6982,ok,0,stop,410,81,491,0.2,
mt/set_14/ambiegen/test-541,2026-08-30T18:30:17.284227+00:00,2026-08-30T18:30:18.965519+00:00,1.6813,ok,0,stop,410,84,494,0.2,
mt/set_9/frenetic_v/test-729,2026-08-30T18:30:18.965577+00:00,2026-08-30T18:30:20.573911+00:00,1.6083,ok,0,stop,412,80,492,0.2,
mt/set_9/frenetic_v/test-442,2026-08-30T18:30:20.573964+00:00,2026-08-30T18:30:22.167614+00:00,1.5936,ok,0,stop,411,80,491,0.2,
mt/set_10/frenetic_v/test-627,2026-08-30T18:30:22.167692+00:00,2026-08-30T18:30:23.775066+00:00,1.6073,ok,0,stop,412,80,492,0.2,
mt/set_11/frenetic_v/test-112,2026-08-30T18:30:23.775120+00:00,2026-08-30T18:30:25.334628+00:00,1.5595,ok,0,stop,411,78,489,0.2,
mt/set_17/ambiegen/test-839,2026-08-30T18:30:25.334669+00:00,2026-08-30T18:30:26.917157+00:00,1.5824,ok,0,stop,411,80,491,0.2,
mt/set_9/frenetic/test-398,2026-08-30T18:30:26.917239+00:00,2026-08-30T18:30:28.550527+00:00,1.6332,ok,0,stop,410,81,491,0.2,
mt/set_10/frenetic/test-140,2026-08-30T18:30:28.550586+00:00,2026-08-30T18:30:30.109979+00:00,1.5593,ok,0,stop,410,78,488,0.2,
mt/set_13/ambiegen/test-372,2026-08-30T18:30:30.110061+00:00,2026-08-30T18:30:31.654400+00:00,1.5443,ok,0,stop,410,78,488,0.2,
mt/set_12/frenetic/test-803,2026-08-30T18:30:31.654507+00:00,2026-08-30T18:30:33.664453+00:00,2.0097,ok,0,stop,411,78,489,0.2,
mt/set_8/frenetic/odr/test-494,2026-08-30T18:30:33.664841+00:00,2026-08-30T18:30:35.364939+00:00,1.7001,ok,0,stop,410,78,488,0.2,
mt/set_17/frenetic/test-6,2026-08-30T18:30:35.364987+00:00,2026-08-30T18:30:36.965526+00:00,1.6005,ok,0,stop,410,81,491,0.2,
mt/set_13/frenetic_v/test-172,2026-08-30T18:30:36.965592+00:00,2026-08-30T18:30:38.624789+00:00,1.6592,ok,0,stop,412,84,496,0.2,
mt/set_17/ambiegen/test-509,2026-08-30T18:30:38.624836+00:00,2026-08-30T18:30:40.128200+00:00,1.5033,ok,0,stop,411,76,487,0.2,
mt/set_9/ambiegen/test-738,2026-08-30T18:30:40.128241+00:00,2026-08-30T18:30:41.623640+00:00,1.4954,ok,0,stop,410,75,485,0.2,
mt/set_7/frenetic/odr/test-135,2026-08-30T18:30:41.623690+00:00,2026-08-30T18:30:43.165352+00:00,1.5416,ok,0,stop,411,78,489,0.2,
mt/set_12/frenetic_v/test-148,2026-08-30T18:30:43.165413+00:00,2026-08-30T18:30:44.825573+00:00,1.6601,ok,0,stop,412,84,496,0.2,
mt/set_6/frenetic_v/test-621,2026-08-30T18:30:44.825633+00:00,2026-08-30T18:30:46.477889+00:00,1.6522,ok,0,stop,412,84,496,0.2,
mt/set_7/ambiegen/odr/test-186,2026-08-30T18:30:46.477943+00:00,2026-08-30T18:30:48.013674+00:00,1.5357,ok,0,stop,410,78,488,0.2,
mt/set_12/ambiegen/test-525,2026-08-30T18:30:48.013753+00:00,2026-08-30T18:30:49.550207+00:00,1.5364,ok,0,stop,410,78,488,0.2,
mt/set_14/frenetic_v/test-896,2026-08-30T18:30:49.550281+00:00,2026-08-30T18:30:51.124342+00:00,1.574,ok,0,stop,412,80,492,0.2,
mt/set_11/ambiegen/test-239,2026-08-30T18:30:51.124391+00:00,2026-08-30T18:30:53.337304+00:00,2.2129,ok,0,stop,411,84,495,0.2,
mt/set_6/frenetic_v/test-152,2026-08-30T18:30:53.337354+00:00,2026-08-30T18:30:54.969272+00:00,1.6319,ok,0,stop,412,80,492,0.2,
mt/set_16/frenetic_v/test-318,2026-08-30T18:30:54.969358+00:00,2026-08-30T18:30:56.606249+00:00,1.6368,ok,0,stop,411,80,491,0.2,
mt/set_13/frenetic/test-679,2026-08-30T18:30:56.606299+00:00,2026-08-30T18:30:58.201241+00:00,1.5949,ok,0,stop,410,81,491,0.2,
mt/set_12/frenetic_v/test-677,2026-08-30T18:30:58.201295+00:00,2026-08-30T18:30:59.745594+00:00,1.5443,ok,0,stop,411,78,489,0.2,
mt/set_12/frenetic_v/test-1,2026-08-30T18:30:59.745640+00:00,2026-08-30T18:31:01.286317+00:00,1.5406,ok,0,stop,411,78,489,0.2,
mt/set_14/frenetic/test-562,2026-08-30T18:31:01.286365+00:00,2026-08-30T18:31:02.948447+00:00,1.6621,ok,0,stop,411,81,492,0.2,
mt/set_9/frenetic_v/test-473,2026-08-30T18:31:02.948491+00:00,2026-08-30T18:31:04.527470+00:00,1.5789,ok,0,stop,412,80,492,0.2,
mt/set_14/ambiegen/test-294,2026-08-30T18:31:04.527518+00:00,2026-08-30T18:31:06.186518+00:00,1.659,ok,0,stop,410,84,494,0.0,
mt_set5/frenetic/test-403,2026-08-30T18:31:06.186573+00:00,2026-08-30T18:31:07.782987+00:00,1.5964,ok,0,stop,410,81,491,0.2,
mt/set_18/frenetic/test-353,2026-08-30T18:31:07.783039+00:00,2026-08-30T18:31:09.437865+00:00,1.6548,ok,0,stop,411,84,495,0.2,
mt_set5/frenetic_v/test-862,2026-08-30T18:31:09.437913+00:00,2026-08-30T18:31:11.117153+00:00,1.6792,ok,0,stop,411,80,491,0.2,
mt/set_16/frenetic/test-821,2026-08-30T18:31:11.117228+00:00,2026-08-30T18:31:12.720289+00:00,1.603,ok,0,stop,410,81,491,0.2,
mt/set_8/ambiegen/odr/test-531,2026-08-30T18:31:12.720337+00:00,2026-08-30T18:31:14.221465+00:00,1.5011,ok,0,stop,410,76,486,0.2,
mt/set_8/frenetic_v/odr/test-751,2026-08-30T18:31:14.221513+00:00,2026-08-30T18:31:15.816627+00:00,1.5951,ok,0,stop,412,80,492,0.2,
mt_set6/frenetic/test-529,2026-08-30T18:31:15.816703+00:00,2026-08-30T18:31:17.477499+00:00,1.6608,ok,0,stop,411,84,495,0.2,
mt/set_14/ambiegen/test-653,2026-08-30T18:31:17.477553+00:00,2026-08-30T18:31:19.019418+00:00,1.5418,ok,0,stop,410,78,488,0.2,
mt/set_11/frenetic_v/test-244,2026-08-30T18:31:19.019473+00:00,2026-08-30T18:31:20.695838+00:00,1.6763,ok,0,stop,411,84,495,0.2,
mt/set_16/frenetic_v/test-527,2026-08-30T18:31:20.695891+00:00,2026-08-30T18:31:22.239795+00:00,1.5439,ok,0,stop,411,78,489,0.2,
mt/set_18/frenetic/test-594,2026-08-30T18:31:22.239841+00:00,2026-08-30T18:31:23.841180+00:00,1.6013,ok,0,stop,411,81,492,0.2,
mt/set_11/ambiegen/test-890,2026-08-30T18:31:23.841251+00:00,2026-08-30T18:31:25.381902+00:00,1.5406,ok,0,stop,410,78,488,0.2,
mt/set_8/frenetic/odr/test-229,2026-08-30T18:31:25.381976+00:00,2026-08-30T18:31:27.607773+00:00,2.2258,ok,0,stop,410,78,488,0.2,
mt/set_10/frenetic/test-761,2026-08-30T18:31:27.607822+00:00,2026-08-30T18:31:29.262166+00:00,1.6543,ok,0,stop,410,81,491,0.2,
mt/set_10/frenetic_v/test-404,2026-08-30T18:31:29.262216+00:00,2026-08-30T18:31:30.847598+00:00,1.5853,ok,0,stop,412,80,492,0.2,
mt/set_13/frenetic_v/test-277,2026-08-30T18:31:30.847671+00:00,2026-08-30T18:31:32.506008+00:00,1.6583,ok,0,stop,411,84,495,0.2,
mt/set_16/frenetic/test-685,2026-08-30T18:31:32.506051+00:00,2026-08-30T18:31:34.048831+00:00,1.5427,ok,0,stop,411,78,489,0.2,
mt/set_16/frenetic_v/test-375,2026-08-30T18:31:34.048878+00:00,2026-08-30T18:31:35.725213+00:00,1.6763,ok,0,stop,412,84,496,0.2,
mt/set_13/ambiegen/test-621,2026-08-30T18:31:35.725262+00:00,2026-08-30T18:31:37.379141+00:00,1.6538,ok,0,stop,410,84,494,0.0,
mt_set6/frenetic/test-865,2026-08-30T18:31:37.379195+00:00,2026-08-30T18:31:38.917244+00:00,1.538,ok,0,stop,411,78,489,0.2,
mt/set_10/ambiegen/test-406,2026-08-30T18:31:38.917293+00:00,2026-08-30T18:31:40.454060+00:00,1.5367,ok,0,stop,410,78,488,0.2,
mt/set_16/frenetic_v/test-721,2026-08-30T18:31:40.454116+00:00,2026-08-30T18:31:41.991257+00:00,1.5371,ok,0,stop,411,78,489,0.2,
mt_set6/frenetic/test-824,2026-08-30T18:31:41.991309+00:00,2026-08-30T18:31:43.585938+00:00,1.5946,ok,0,stop,411,81,492,0.2,
mt/set_13/frenetic_v/test-772,2026-08-30T18:31:43.585983+00:00,2026-08-30T18:31:45.859739+00:00,2.2737,ok,0,stop,412,84,496,0.2,
mt/set_12/ambiegen/test-140,2026-08-30T18:31:45.859806+00:00,2026-08-30T18:31:47.669104+00:00,1.8092,ok,0,stop,411,87,498,0.2,
mt/set_13/frenetic_v/test-90,2026-08-30T18:31:47.669253+00:00,2026-08-30T18:31:49.263869+00:00,1.5946,ok,0,stop,412,80,492,0.2,
mt/set_11/frenetic_v/test-618,2026-08-30T18:31:49.263916+00:00,2026-08-30T18:31:50.861947+00:00,1.598,ok,0,stop,412,80,492,0.2,
mt/set_11/frenetic/test-499,2026-08-30T18:31:50.861995+00:00,2026-08-30T18:31:52.469755+00:00,1.6077,ok,0,stop,410,81,491,0.2,
mt/set_13/frenetic_v/test-287,2026-08-30T18:31:52.469827+00:00,2026-08-30T18:31:54.049236+00:00,1.5794,ok,0,stop,411,80,491,0.2,
mt_set5/frenetic/test-324,2026-08-30T18:31:54.049351+00:00,2026-08-30T18:31:55.669937+00:00,1.6206,ok,0,stop,411,78,489,0.2,
mt/set_13/frenetic/test-184,2026-08-30T18:31:55.669988+00:00,2026-08-30T18:31:57.279084+00:00,1.6091,ok,0,stop,410,81,491,0.2,
mt/set_12/frenetic/test-9,2026-08-30T18:31:57.279138+00:00,2026-08-30T18:31:58.942886+00:00,1.6637,ok,0,stop,411,84,495,0.2,
mt_set5/frenetic_v/test-117,2026-08-30T18:31:58.942946+00:00,2026-08-30T18:32:00.566581+00:00,1.6236,ok,0,stop,412,80,492,0.2,
mt/set_6/frenetic_v/test-938,2026-08-30T18:32:00.566636+00:00,2026-08-30T18:32:02.200096+00:00,1.6334,ok,0,stop,411,80,491,0.2,
mt/set_10/frenetic/test-551,2026-08-30T18:32:02.200179+00:00,2026-08-30T18:32:03.843433+00:00,1.6432,ok,0,stop,410,78,488,0.2,
mt/set_7/ambiegen/odr/test-705,2026-08-30T18:32:03.843535+00:00,2026-08-30T18:32:05.381420+00:00,1.5378,ok,0,stop,410,78,488,0.2,
mt/set_9/frenetic/test-3,2026-08-30T18:32:05.381470+00:00,2026-08-30T18:32:06.976030+00:00,1.5945,ok,0,stop,410,81,491,0.2,
mt/set_9/frenetic_v/test-880,2026-08-30T18:32:06.976081+00:00,2026-08-30T18:32:08.524790+00:00,1.5487,ok,0,stop,411,78,489,0.2,
mt/set_16/ambiegen/test-777,2026-08-30T18:32:08.524869+00:00,2026-08-30T18:32:10.003842+00:00,1.4789,ok,0,stop,410,75,485,0.2,
mt/set_16/frenetic_v/test-358,2026-08-30T18:32:10.003892+00:00,2026-08-30T18:32:11.577395+00:00,1.5735,ok,0,stop,412,80,492,0.2,
mt/set_13/ambiegen/test-707,2026-08-30T18:32:11.577474+00:00,2026-08-30T18:32:13.112928+00:00,1.5354,ok,0,stop,410,78,488,0.2,
mt/set_9/ambiegen/test-61,2026-08-30T18:32:13.112983+00:00,2026-08-30T18:32:14.822835+00:00,1.7098,ok,0,stop,410,87,497,0.2,
mt/set_16/frenetic/test-930,2026-08-30T18:32:14.822910+00:00,2026-08-30T18:32:16.416182+00:00,1.5932,ok,0,stop,411,81,492,0.2,
mt/set_10/ambiegen/test-197,2026-08-30T18:32:16.416247+00:00,2026-08-30T18:32:17.915210+00:00,1.4989,ok,0,stop,411,76,487,0.2,
mt/set_17/frenetic_v/test-676,2026-08-30T18:32:17.915264+00:00,2026-08-30T18:32:19.984343+00:00,2.069,ok,0,stop,412,84,496,0.2,
mt/set_18/frenetic/test-760,2026-08-30T18:32:19.984394+00:00,2026-08-30T18:32:21.648078+00:00,1.6637,ok,0,stop,411,81,492,0.2,
mt/set_7/frenetic_v/odr/test-251,2026-08-30T18:32:21.648135+00:00,2026-08-30T18:32:23.299690+00:00,1.6515,ok,0,stop,412,84,496,0.2,
mt/set_7/frenetic_v/odr/test-114,2026-08-30T18:32:23.299781+00:00,2026-08-30T18:32:24.875609+00:00,1.5758,ok,0,stop,412,80,492,0.2,
mt/set_12/frenetic/test-208,2026-08-30T18:32:24.875674+00:00,2026-08-30T18:32:26.482019+00:00,1.6063,ok,0,stop,410,81,491,0.2,
mt/set_8/ambiegen/odr/test-950,2026-08-30T18:32:26.482082+00:00,2026-08-30T18:32:28.135578+00:00,1.6535,ok,0,stop,410,84,494,0.2,
mt/set_8/frenetic_v/odr/test-919,2026-08-30T18:32:28.135642+00:00,2026-08-30T18:32:29.709448+00:00,1.5738,ok,0,stop,412,80,492,0.2,
mt/set_14/frenetic/test-861,2026-08-30T18:32:29.709522+00:00,2026-08-30T18:32:31.302770+00:00,1.5932,ok,0,stop,411,81,492,0.2,
mt/set_17/ambiegen/test-55,2026-08-30T18:32:31.302829+00:00,2026-08-30T18:32:32.721456+00:00,1.4186,ok,0,stop,409,72,481,0.0,
mt/set_16/frenetic/test-326,2026-08-30T18:32:32.721517+00:00,2026-08-30T18:32:34.314551+00:00,1.593,ok,0,stop,410,81,491,0.2,
mt/set_2/ambiegen/odr/test-4,2026-08-30T18:32:34.314609+00:00,2026-08-30T18:32:35.852001+00:00,1.5374,ok,0,stop,410,78,488,0.2,
mt/set_11/frenetic/test-152,2026-08-30T18:32:35.852053+00:00,2026-08-30T18:32:37.928544+00:00,2.0763,ok,0,stop,411,84,495,0.2,
mt/set_8/frenetic_v/odr/test-716,2026-08-30T18:32:37.928805+00:00,2026-08-30T18:32:39.624643+00:00,1.6958,ok,0,stop,412,80,492,0.2,
mt/set_11/ambiegen/test-930,2026-08-30T18:32:39.624721+00:00,2026-08-30T18:32:41.186641+00:00,1.5619,ok,0,stop,411,77,488,0.2,
mt/set_18/frenetic/test-41,2026-08-30T18:32:41.186716+00:00,2026-08-30T18:32:42.723462+00:00,1.5367,ok,0,stop,411,78,489,0.2,
mt/set_10/ambiegen/test-343,2026-08-30T18:32:42.723510+00:00,2026-08-30T18:32:44.220034+00:00,1.4965,ok,0,stop,411,76,487,0.2,
mt/set_17/frenetic/test-846,2026-08-30T18:32:44.220085+00:00,2026-08-30T18:32:45.777126+00:00,1.557,ok,0,stop,411,78,489,0.2,
mt/set_16/ambiegen/test-598,2026-08-30T18:32:45.777175+00:00,2026-08-30T18:32:47.374740+00:00,1.5975,ok,0,stop,410,78,488,0.2,
mt/set_18/frenetic/test-656,2026-08-30T18:32:47.374853+00:00,2026-08-30T18:32:48.932285+00:00,1.5574,ok,0,stop,411,78,489,0.2,
mt/set_8/ambiegen/odr/test-457,2026-08-30T18:32:48.932335+00:00,2026-08-30T18:32:50.476049+00:00,1.5437,ok,0,stop,410,78,488,0.2,
mt/set_16/frenetic/test-837,2026-08-30T18:32:50.476126+00:00,2026-08-30T18:32:52.016938+00:00,1.5408,ok,0,stop,410,78,488,0.2,
mt_set5/ambiegen/test-169,2026-08-30T18:32:52.017011+00:00,2026-08-30T18:32:53.519354+00:00,1.5023,ok,0,stop,410,76,486,0.2,
mt/set_14/ambiegen/test-644,2026-08-30T18:32:53.519406+00:00,2026-08-30T18:32:55.199987+00:00,1.6805,ok,0,stop,410,80,490,0.2,
mt/set_9/frenetic_v/test-324,2026-08-30T18:32:55.200063+00:00,2026-08-30T18:32:56.748544+00:00,1.5484,ok,0,stop,411,78,489,0.2,
mt/set_17/frenetic/test-377,2026-08-30T18:32:56.748595+00:00,2026-08-30T18:32:58.348552+00:00,1.5999,ok,0,stop,411,81,492,0.2,
mt/set_14/frenetic_v/test-374,2026-08-30T18:32:58.348627+00:00,2026-08-30T18:33:00.035003+00:00,1.6863,ok,0,stop,412,84,496,0.2,
mt/set_13/ambiegen/test-401,2026-08-30T18:33:00.035055+00:00,2026-08-30T18:33:01.587086+00:00,1.552,ok,0,stop,410,78,488,0.2,
mt/set_12/frenetic/test-932,2026-08-30T18:33:01.587160+00:00,2026-08-30T18:33:03.128112+00:00,1.5409,ok,0,stop,411,78,489,0.2,
mt/set_14/frenetic_v/test-391,2026-08-30T18:33:03.128183+00:00,2026-08-30T18:33:04.711082+00:00,1.5829,ok,0,stop,411,80,491,0.2,
mt/set_14/frenetic_v/test-638,2026-08-30T18:33:04.711158+00:00,2026-08-30T18:33:06.253180+00:00,1.542,ok,0,stop,411,78,489,0.2,
mt/set_13/frenetic/test-107,2026-08-30T18:33:06.253235+00:00,2026-08-30T18:33:07.855380+00:00,1.6021,ok,0,stop,410,81,491,0.2,
mt_set6/frenetic/test-133,2026-08-30T18:33:07.855462+00:00,2026-08-30T18:33:09.435726+00:00,1.5802,ok,0,stop,411,78,489,0.2,
mt/set_14/frenetic_v/test-613,2026-08-30T18:33:09.435772+00:00,2026-08-30T18:33:11.199404+00:00,1.7633,ok,0,stop,412,80,492,0.2,
mt/set_10/ambiegen/test-49,2026-08-30T18:33:11.199737+00:00,2026-08-30T18:33:13.137608+00:00,1.9377,ok,0,stop,410,78,488,0.2,
mt/set_10/ambiegen/test-262,2026-08-30T18:33:13.137947+00:00,2026-08-30T18:33:14.720962+00:00,1.583,ok,0,stop,410,78,488,0.2,
