scenario_id,start_time,end_time,latency_sec,status,retry_count,finish_reason,input_tokens,output_tokens,total_tokens,risk_score,error
mt/set_14/frenetic_v/test-196,2026-08-30T18:50:04.916207+00:00,2026-08-30T18:50:07.406009+00:00,2.4897,error,0,,0,0,0,0.0,400 Client Error: Bad Request for url: http://localhost:8001/v1/chat/completions
mt/set_18/ambiegen/test-412,2026-08-30T18:50:07.406069+00:00,2026-08-30T18:50:07.411702+00:00,0.0056,error,0,,0,0,0,0.0,400 Client Error: Bad Request for url: http://localhost:8001/v1/chat/completions
mt/set_8/ambiegen/odr/test-951,2026-08-30T18:50:07.411733+00:00,2026-08-30T18:50:07.413736+00:00,0.0019,error,0,,0,0,0,0.0,400 Client Error: Bad Request for url: http://localhost:8001/v1/chat/completions
mt/set_8/frenetic_v/odr/test-865,2026-08-30T18:50:07.413761+00:00,2026-08-30T18:50:07.415589+00:00,0.0018,error,0,,0,0,0,0.0,400 Client Error: Bad Request for url: http://localhost:8001/v1/chat/completions
mt/set_17/ambiegen/test-934,2026-08-30T18:50:07.415613+00:00,2026-08-30T18:50:07.417408+00:00,0.0017,error,0,,0,0,0,0.0,400 Client Error: Bad Request for url: http://localhost:8001/v1/chat/completions
mt/set_17/ambiegen/test-312,2026-08-30T18:50:07.417433+00:00,2026-08-30T18:50:07.419209+00:00,0.0017,error,0,,0,0,0,0.0,400 Client Error: Bad Request for url: http://localhost:8001/v1/chat/completions
mt/set_14/ambiegen/test-98,2026-08-30T18:50:07.419231+00:00,2026-08-30T18:50:07.420973+00:00,0.0017,error,0,,0,0,0,0.0,400 Client Error: Bad Request for url: http://localhost:8001/v1/chat/completions
mt/set_18/ambiegen/test-70,2026-08-30T18:50:07.420996+00:00,2026-08-30T18:50:07.422714+00:00,0.0017,error,0,,0,0,0,0.0,400 Client Error: Bad Request for url: http://localhost:8001/v1/chat/completions
mt/set_8/frenetic_v/odr/test-127,2026-08-30T18:50:07.422737+00:00,2026-08-30T18:50:07.424433+00:00,0.0016,error,0,,0,0,0,0.0,400 Client Error: Bad Request for url: http://localhost:8001/v1/chat/completions
mt/set_7/ambiegen/odr/test-767,2026-08-30T18:50:07.424455+00:00,2026-08-30T18:50:07.426155+00:00,0.0016,error,0,,0,0,0,0.0,400 Client Error: Bad Request for url: http://localhost:8001/v1/chat/completions
mt/set_10/frenetic_v/test-365,2026-08-30T18:50:07.426177+00:00,2026-08-30T18:50:07.428878+00:00,0.0026,error,0,,0,0,0,0.0,400 Client Error: Bad Request for url: http://localhost:8001/v1/chat/completions
mt/set_7/frenetic_v/odr/test-259,2026-08-30T18:50:07.428903+00:00,2026-08-30T18:50:07.430733+00:00,0.0018,error,0,,0,0,0,0.0,400 Client Error: Bad Request for url: http://localhost:8001/v1/chat/completions
mt/set_9/frenetic/test-696,2026-08-30T18:50:07.430755+00:00,2026-08-30T18:50:07.432457+00:00,0.0017,error,0,,0,0,0,0.0,400 Client Error: Bad Request for url: http://localhost:8001/v1/chat/completions
mt/set_16/ambiegen/test-552,2026-08-30T18:50:07.432480+00:00,2026-08-30T18:50:07.434155+00:00,0.0016,error,0,,0,0,0,0.0,400 Client Error: Bad Request for url: http://localhost:8001/v1/chat/completions
mt_set5/frenetic/test-0,2026-08-30T18:50:07.434177+00:00,2026-08-30T18:50:07.436225+00:00,0.002,error,0,,0,0,0,0.0,400 Client Error: Bad Request for url: http://localhost:8001/v1/chat/completions
mt/set_10/frenetic/test-47,2026-08-30T18:50:07.436265+00:00,2026-08-30T18:50:07.438245+00:00,0.0019,error,0,,0,0,0,0.0,400 Client Error: Bad Request for url: http://localhost:8001/v1/chat/completions
mt/set_9/ambiegen/test-647,2026-08-30T18:50:07.438274+00:00,2026-08-30T18:50:07.440092+00:00,0.0018,error,0,,0,0,0,0.0,400 Client Error: Bad Request for url: http://localhost:8001/v1/chat/completions
mt_set5/ambiegen/test-275,2026-08-30T18:50:07.440115+00:00,2026-08-30T18:50:07.441793+00:00,0.0016,error,0,,0,0,0,0.0,400 Client Error: Bad Request for url: http://localhost:8001/v1/chat/completions
mt/set_12/ambiegen/test-92,2026-08-30T18:50:07.441814+00:00,2026-08-30T18:50:07.443482+00:00,0.0016,error,0,,0,0,0,0.0,400 Client Error: Bad Request for url: http://localhost:8001/v1/chat/completions
mt/set_7/ambiegen/odr/test-237,2026-08-30T18:50:07.443505+00:00,2026-08-30T18:50:07.445184+00:00,0.0016,error,0,,0,0,0,0.0,400 Client Error: Bad Request for url: http://localhost:8001/v1/chat/completions
mt/set_11/ambiegen/test-746,2026-08-30T18:50:07.445207+00:00,2026-08-30T18:50:07.447171+00:00,0.0019,error,0,,0,0,0,0.0,400 Client Error: Bad Request for url: http://localhost:8001/v1/chat/completions
mt_set6/frenetic/test-674,2026-08-30T18:50:07.447201+00:00,2026-08-30T18:50:07.449485+00:00,0.0022,error,0,,0,0,0,0.0,400 Client Error: Bad Request for url: http://localhost:8001/v1/chat/completions
mt/set_11/frenetic_v/test-336,2026-08-30T18:50:07.449516+00:00,2026-08-30T18:50:07.451371+00:00,0.0018,error,0,,0,0,0,0.0,400 Client Error: Bad Request for url: http://localhost:8001/v1/chat/completions
mt/set_8/ambiegen/odr/test-198,2026-08-30T18:50:07.451395+00:00,2026-08-30T18:50:07.453067+00:00,0.0016,error,0,,0,0,0,0.0,400 Client Error: Bad Request for url: http://localhost:8001/v1/chat/completions
mt_set5/frenetic/test-178,2026-08-30T18:50:07.453089+00:00,2026-08-30T18:50:07.454772+00:00,0.0016,error,0,,0,0,0,0.0,400 Client Error: Bad Request for url: http://localhost:8001/v1/chat/completions
mt/set_7/ambiegen/odr/test-859,2026-08-30T18:50:07.454795+00:00,2026-08-30T18:50:07.456467+00:00,0.0016,error,0,,0,0,0,0.0,400 Client Error: Bad Request for url: http://localhost:8001/v1/chat/completions
mt/set_9/frenetic_v/test-351,2026-08-30T18:50:07.456489+00:00,2026-08-30T18:50:07.458147+00:00,0.0016,error,0,,0,0,0,0.0,400 Client Error: Bad Request for url: http://localhost:8001/v1/chat/completions
mt/set_11/frenetic_v/test-409,2026-08-30T18:50:07.458169+00:00,2026-08-30T18:50:07.459864+00:00,0.0016,error,0,,0,0,0,0.0,400 Client Error: Bad Request for url: http://localhost:8001/v1/chat/completions
mt/set_8/frenetic_v/odr/test-111,2026-08-30T18:50:07.459887+00:00,2026-08-30T18:50:07.461547+00:00,0.0016,error,0,,0,0,0,0.0,400 Client Error: Bad Request for url: http://localhost:8001/v1/chat/completions
mt/set_17/frenetic/test-937,2026-08-30T18:50:07.461570+00:00,2026-08-30T18:50:07.463241+00:00,0.0016,error,0,,0,0,0,0.0,400 Client Error: Bad Request for url: http://localhost:8001/v1/chat/completions
mt/set_9/frenetic/test-12,2026-08-30T18:50:07.463264+00:00,2026-08-30T18:50:07.464945+00:00,0.0016,error,0,,0,0,0,0.0,400 Client Error: Bad Request for url: http://localhost:8001/v1/chat/completions
mt/set_10/ambiegen/test-192,2026-08-30T18:50:07.464967+00:00,2026-08-30T18:50:07.466632+00:00,0.0016,error,0,,0,0,0,0.0,400 Client Error: Bad Request for url: http://localhost:8001/v1/chat/completions
mt/set_17/frenetic/test-32,2026-08-30T18:50:07.466653+00:00,2026-08-30T18:50:07.468343+00:00,0.0016,error,0,,0,0,0,0.0,400 Client Error: Bad Request for url: http://localhost:8001/v1/chat/completions
mt_set6/frenetic/test-867,2026-08-30T18:50:07.468365+00:00,2026-08-30T18:50:07.470036+00:00,0.0016,error,0,,0,0,0,0.0,400 Client Error: Bad Request for url: http://localhost:8001/v1/chat/completions
mt/set_17/ambiegen/test-733,2026-08-30T18:50:07.470058+00:00,2026-08-30T18:50:07.471727+00:00,0.0016,error,0,,0,0,0,0.0,400 Client Error: Bad Request for url: http://localhost:8001/v1/chat/completions
mt/set_17/frenetic_v/test-327,2026-08-30T18:50:07.471749+00:00,2026-08-30T18:50:07.473419+00:00,0.0016,error,0,,0,0,0,0.0,400 Client Error: Bad Request for url: http://localhost:8001/v1/chat/completions
mt/set_11/frenetic_v/test-928,2026-08-30T18:50:07.473441+00:00,2026-08-30T18:50:07.475111+00:00,0.0016,error,0,,0,0,0,0.0,400 Client Error: Bad Request for url: http://localhost:8001/v1/chat/completions
mt/set_14/ambiegen/test-675,2026-08-30T18:50:07.475133+00:00,2026-08-30T18:50:07.476804+00:00,0.0016,error,0,,0,0,0,0.0,400 Client Error: Bad Request for url: http://localhost:8001/v1/chat/completions
mt/set_14/frenetic_v/test-775,2026-08-30T18:50:07.476826+00:00,2026-08-30T18:50:07.478491+00:00,0.0016,error,0,,0,0,0,0.0,400 Client Error: Bad Request for url: http://localhost:8001/v1/chat/completions
mt/set_12/frenetic_v/test-849,2026-08-30T18:50:07.478513+00:00,2026-08-30T18:50:07.480200+00:00,0.0016,error,0,,0,0,0,0.0,400 Client Error: Bad Request for url: http://localhost:8001/v1/chat/completions
mt/set_2/ambiegen/odr/test-457,2026-08-30T18:50:07.480222+00:00,2026-08-30T18:50:07.481880+00:00,0.0016,error,0,,0,0,0,0.0,400 Client Error: Bad Request for url: http://localhost:8001/v1/chat/completions
mt/set_18/frenetic_v/test-242,2026-08-30T18:50:07.481902+00:00,2026-08-30T18:50:07.483566+00:00,0.0016,error,0,,0,0,0,0.0,400 Client Error: Bad Request for url: http://localhost:8001/v1/chat/completions
mt/set_11/frenetic/test-822,2026-08-30T18:50:07.483587+00:00,2026-08-30T18:50:07.485246+00:00,0.0016,error,0,,0,0,0,0.0,400 Client Error: Bad Request for url: http://localhost:8001/v1/chat/completions
mt_set6/frenetic/test-147,2026-08-30T18:50:07.485269+00:00,2026-08-30T18:50:07.486934+00:00,0.0016,error,0,,0,0,0,0.0,400 Client Error: Bad Request for url: http://localhost:8001/v1/chat/completions
mt/set_17/ambiegen/test-653,2026-08-30T18:50:07.486955+00:00,2026-08-30T18:50:07.488631+00:00,0.0016,error,0,,0,0,0,0.0,400 Client Error: Bad Request for url: http://localhost:8001/v1/chat/completions
mt/set_2/ambiegen/odr/test-465,2026-08-30T18:50:07.488652+00:00,2026-08-30T18:50:07.490306+00:00,0.0016,error,0,,0,0,0,0.0,400 Client Error: Bad Request for url: http://localhost:8001/v1/chat/completions
mt/set_7/ambiegen/odr/test-750,2026-08-30T18:50:07.490328+00:00,2026-08-30T18:50:07.491998+00:00,0.0016,error,0,,0,0,0,0.0,400 Client Error: Bad Request for url: http://localhost:8001/v1/chat/completions
mt/set_9/frenetic_v/test-529,2026-08-30T18:50:07.492020+00:00,2026-08-30T18:50:07.493672+00:00,0.0016,error,0,,0,0,0,0.0,400 Client Error: Bad Request for url: http://localhost:8001/v1/chat/completions
mt/set_8/frenetic/odr/test-644,2026-08-30T18:50:07.493694+00:00,2026-08-30T18:50:07.495363+00:00,0.0016,error,0,,0,0,0,0.0,400 Client Error: Bad Request for url: http://localhost:8001/v1/chat/completions
mt/set_12/ambiegen/test-339,2026-08-30T18:50:07.495385+00:00,2026-08-30T18:50:07.497032+00:00,0.0016,error,0,,0,0,0,0.0,400 Client Error: Bad Request for url: http://localhost:8001/v1/chat/completions
mt/set_12/ambiegen/test-257,2026-08-30T18:50:07.497085+00:00,2026-08-30T18:50:07.498756+00:00,0.0016,error,0,,0,0,0,0.0,400 Client Error: Bad Request for url: http://localhost:8001/v1/chat/completions
mt/set_9/frenetic/test-421,2026-08-30T18:50:07.498779+00:00,2026-08-30T18:50:07.500447+00:00,0.0016,error,0,,0,0,0,0.0,400 Client Error: Bad Request for url: http://localhost:8001/v1/chat/completions
mt/set_17/ambiegen/test-785,2026-08-30T18:50:07.500470+00:00,2026-08-30T18:50:07.502114+00:00,0.0016,error,0,,0,0,0,0.0,400 Client Error: Bad Request for url: http://localhost:8001/v1/chat/completions
mt_set5/frenetic/test-416,2026-08-30T18:50:07.502137+00:00,2026-08-30T18:50:07.503820+00:00,0.0016,error,0,,0,0,0,0.0,400 Client Error: Bad Request for url: http://localhost:8001/v1/chat/completions
mt/set_7/frenetic_v/odr/test-815,2026-08-30T18:50:07.503842+00:00,2026-08-30T18:50:07.505489+00:00,0.0016,error,0,,0,0,0,0.0,400 Client Error: Bad Request for url: http://localhost:8001/v1/chat/completions
mt_set6/frenetic/test-530,2026-08-30T18:50:07.505511+00:00,2026-08-30T18:50:07.507172+00:00,0.0016,error,0,,0,0,0,0.0,400 Client Error: Bad Request for url: http://localhost:8001/v1/chat/completions
mt/set_10/frenetic_v/test-393,2026-08-30T18:50:07.507198+00:00,2026-08-30T18:50:07.508854+00:00,0.0016,error,0,,0,0,0,0.0,400 Client Error: Bad Request for url: http://localhost:8001/v1/chat/completions
mt/set_17/ambiegen/test-820,2026-08-30T18:50:07.508875+00:00,2026-08-30T18:50:07.510524+00:00,0.0016,error,0,,0,0,0,0.0,400 Client Error: Bad Request for url: http://localhost:8001/v1/chat/completions
mt/set_17/frenetic_v/test-341,2026-08-30T18:50:07.510545+00:00,2026-08-30T18:50:07.512224+00:00,0.0016,error,0,,0,0,0,0.0,400 Client Error: Bad Request for url: http://localhost:8001/v1/chat/completions
mt/set_18/ambiegen/test-350,2026-08-30T18:50:07.512245+00:00,2026-08-30T18:50:07.513900+00:00,0.0016,error,0,,0,0,0,0.0,400 Client Error: Bad Request for url: http://localhost:8001/v1/chat/completions
mt/set_18/frenetic_v/test-70,2026-08-30T18:50:07.513922+00:00,2026-08-30T18:50:07.515566+00:00,0.0016,error,0,,0,0,0,0.0,400 Client Error: Bad Request for url: http://localhost:8001/v1/chat/completions
mt/set_10/frenetic/test-339,2026-08-30T18:50:07.515588+00:00,2026-08-30T18:50:07.517296+00:00,0.0017,error,0,,0,0,0,0.0,400 Client Error: Bad Request for url: http://localhost:8001/v1/chat/completions
mt/set_16/frenetic/test-166,2026-08-30T18:50:07.517318+00:00,2026-08-30T18:50:07.519016+00:00,0.0016,error,0,,0,0,0,0.0,400 Client Error: Bad Request for url: http://localhost:8001/v1/chat/completions
mt/set_14/ambiegen/test-466,2026-08-30T18:50:07.519038+00:00,2026-08-30T18:50:07.520695+00:00,0.0016,error,0,,0,0,0,0.0,400 Client Error: Bad Request for url: http://localhost:8001/v1/chat/completions
mt_set5/frenetic/test-565,2026-08-30T18:50:07.520717+00:00,2026-08-30T18:50:07.522373+00:00,0.0016,error,0,,0,0,0,0.0,400 Client Error: Bad Request for url: http://localhost:8001/v1/chat/completions
mt/set_17/ambiegen/test-890,2026-08-30T18:50:07.522395+00:00,2026-08-30T18:50:07.524054+00:00,0.0016,error,0,,0,0,0,0.0,400 Client Error: Bad Request for url: http://localhost:8001/v1/chat/completions
mt/set_11/frenetic/test-851,2026-08-30T18:50:07.524076+00:00,2026-08-30T18:50:07.525729+00:00,0.0016,error,0,,0,0,0,0.0,400 Client Error: Bad Request for url: http://localhost:8001/v1/chat/completions
mt/set_16/ambiegen/test-397,2026-08-30T18:50:07.525751+00:00,2026-08-30T18:50:07.527411+00:00,0.0016,error,0,,0,0,0,0.0,400 Client Error: Bad Request for url: http://localhost:8001/v1/chat/completions
mt/set_17/frenetic_v/test-638,2026-08-30T18:50:07.527433+00:00,2026-08-30T18:50:07.529078+00:00,0.0016,error,0,,0,0,0,0.0,400 Client Error: Bad Request for url: http://localhost:8001/v1/chat/completions
mt/set_9/frenetic_v/test-241,2026-08-30T18:50:07.529100+00:00,2026-08-30T18:50:07.530760+00:00,0.0016,error,0,,0,0,0,0.0,400 Client Error: Bad Request for url: http://localhost:8001/v1/chat/completions
mt/set_6/frenetic_v/test-520,2026-08-30T18:50:07.530782+00:00,2026-08-30T18:50:07.532428+00:00,0.0016,error,0,,0,0,0,0.0,400 Client Error: Bad Request for url: http://localhost:8001/v1/chat/completions
mt/set_10/frenetic_v/test-9,2026-08-30T18:50:07.532449+00:00,2026-08-30T18:50:07.534093+00:00,0.0016,error,0,,0,0,0,0.0,400 Client Error: Bad Request for url: http://localhost:8001/v1/chat/completions
mt/set_18/frenetic/test-286,2026-08-30T18:50:07.534115+00:00,2026-08-30T18:50:07.535775+00:00,0.0016,error,0,,0,0,0,0.0,400 Client Error: Bad Request for url: http://localhost:8001/v1/chat/completions
mt_set5/frenetic/test-765,2026-08-30T18:50:07.535797+00:00,2026-08-30T18:50:07.537452+00:00,0.0016,error,0,,0,0,0,0.0,400 Client Error: Bad Request for url: http://localhost:8001/v1/chat/completions
mt/set_11/ambiegen/test-876,2026-08-30T18:50:07.537474+00:00,2026-08-30T18:50:07.539126+00:00,0.0016,error,0,,0,0,0,0.0,400 Client Error: Bad Request for url: http://localhost:8001/v1/chat/completions
mt/set_11/frenetic_v/test-705,2026-08-30T18:50:07.539148+00:00,2026-08-30T18:50:07.540796+00:00,0.0016,error,0,,0,0,0,0.0,400 Client Error: Bad Request for url: http://localhost:8001/v1/chat/completions
mt_set5/ambiegen/test-674,2026-08-30T18:50:07.540817+00:00,2026-08-30T18:50:07.542462+00:00,0.0016,error,0,,0,0,0,0.0,400 Client Error: Bad Request for url: http://localhost:8001/v1/chat/completions
mt/set_8/ambiegen/odr/test-930,2026-08-30T18:50:07.542484+00:00,2026-08-30T18:50:07.544152+00:00,0.0016,error,0,,0,0,0,0.0,400 Client Error: Bad Request for url: http://localhost:8001/v1/chat/completions
mt/set_8/frenetic_v/odr/test-711,2026-08-30T18:50:07.544173+00:00,2026-08-30T18:50:07.545814+00:00,0.0016,error,0,,0,0,0,0.0,400 Client Error: Bad Request for url: http://localhost:8001/v1/chat/completions
mt_set5/ambiegen/test-802,2026-08-30T18:50:07.545836+00:00,2026-08-30T18:50:07.547501+00:00,0.0016,error,0,,0,0,0,0.0,400 Client Error: Bad Request for url: http://localhost:8001/v1/chat/completions
mt/set_8/frenetic_v/odr/test-451,2026-08-30T18:50:07.547527+00:00,2026-08-30T18:50:07.549177+00:00,0.0016,error,0,,0,0,0,0.0,400 Client Error: Bad Request for url: http://localhost:8001/v1/chat/completions
mt_set5/ambiegen/test-57,2026-08-30T18:50:07.549198+00:00,2026-08-30T18:50:07.550849+00:00,0.0016,error,0,,0,0,0,0.0,400 Client Error: Bad Request for url: http://localhost:8001/v1/chat/completions
mt/set_8/ambiegen/odr/test-330,2026-08-30T18:50:07.550873+00:00,2026-08-30T18:50:07.552529+00:00,0.0016,error,0,,0,0,0,0.0,400 Client Error: Bad Request for url: http://localhost:8001/v1/chat/completions
mt/set_12/frenetic_v/test-930,2026-08-30T18:50:07.552550+00:00,2026-08-30T18:50:07.554189+00:00,0.0016,error,0,,0,0,0,0.0,400 Client Error: Bad Request for url: http://localhost:8001/v1/chat/completions
mt/set_7/ambiegen/odr/test-361,2026-08-30T18:50:07.554305+00:00,2026-08-30T18:50:07.556946+00:00,0.0026,error,0,,0,0,0,0.0,400 Client Error: Bad Request for url: http://localhost:8001/v1/chat/completions
mt/set_11/frenetic_v/test-642,2026-08-30T18:50:07.556975+00:00,2026-08-30T18:50:07.558757+00:00,0.0017,error,0,,0,0,0,0.0,400 Client Error: Bad Request for url: http://localhost:8001/v1/chat/completions
mt/set_9/ambiegen/test-140,2026-08-30T18:50:07.558779+00:00,2026-08-30T18:50:07.560440+00:00,0.0016,error,0,,0,0,0,0.0,400 Client Error: Bad Request for url: http://localhost:8001/v1/chat/completions
mt/set_10/frenetic/test-201,2026-08-30T18:50:07.560463+00:00,2026-08-30T18:50:07.562113+00:00,0.0016,error,0,,0,0,0,0.0,400 Client Error: Bad Request for url: http://localhost:8001/v1/chat/completions
mt/set_18/ambiegen/test-774,2026-08-30T18:50:07.562135+00:00,2026-08-30T18:50:07.563800+00:00,0.0016,error,0,,0,0,0,0.0,400 Client Error: Bad Request for url: http://localhost:8001/v1/chat/completions
mt/set_7/frenetic/odr/test-422,2026-08-30T18:50:07.563821+00:00,2026-08-30T18:50:07.565473+00:00,0.0016,error,0,,0,0,0,0.0,400 Client Error: Bad Request for url: http://localhost:8001/v1/chat/completions
mt/set_11/frenetic_v/test-781,2026-08-30T18:50:07.565495+00:00,2026-08-30T18:50:07.567298+00:00,0.0016,error,0,,0,0,0,0.0,400 Client Error: Bad Request for url: http://localhost:8001/v1/chat/completions
mt/set_10/frenetic_v/test-42,2026-08-30T18:50:07.567353+00:00,2026-08-30T18:50:07.569531+00:00,0.0021,error,0,,0,0,0,0.0,400 Client Error: Bad Request for url: http://localhost:8001/v1/chat/completions
mt/set_10/frenetic/test-775,2026-08-30T18:50:07.569561+00:00,2026-08-30T18:50:07.571335+00:00,0.0017,error,0,,0,0,0,0.0,400 Client Error: Bad Request for url: http://localhost:8001/v1/chat/completions
mt/set_12/ambiegen/test-665,2026-08-30T18:50:07.571358+00:00,2026-08-30T18:50:07.573012+00:00,0.0016,error,0,,0,0,0,0.0,400 Client Error: Bad Request for url: http://localhost:8001/v1/chat/completions
mt/set_8/frenetic/odr/test-590,2026-08-30T18:50:07.573035+00:00,2026-08-30T18:50:07.574754+00:00,0.0017,error,0,,0,0,0,0.0,400 Client Error: Bad Request for url: http://localhost:8001/v1/chat/completions
mt/set_8/frenetic/odr/test-667,2026-08-30T18:50:07.574777+00:00,2026-08-30T18:50:07.576462+00:00,0.0016,error,0,,0,0,0,0.0,400 Client Error: Bad Request for url: http://localhost:8001/v1/chat/completions
mt/set_13/ambiegen/test-438,2026-08-30T18:50:07.576485+00:00,2026-08-30T18:50:07.578148+00:00,0.0016,error,0,,0,0,0,0.0,400 Client Error: Bad Request for url: http://localhost:8001/v1/chat/completions
mt/set_16/frenetic_v/test-319,2026-08-30T18:50:07.578171+00:00,2026-08-30T18:50:07.579844+00:00,0.0016,error,0,,0,0,0,0.0,400 Client Error: Bad Request for url: http://localhost:8001/v1/chat/completions
mt/set_7/ambiegen/odr/test-446,2026-08-30T18:50:07.579870+00:00,2026-08-30T18:50:07.581559+00:00,0.0016,error,0,,0,0,0,0.0,400 Client Error: Bad Request for url: http://localhost:8001/v1/chat/completions
mt_set5/frenetic_v/test-666,2026-08-30T18:50:07.581584+00:00,2026-08-30T18:50:07.583291+00:00,0.0017,error,0,,0,0,0,0.0,400 Client Error: Bad Request for url: http://localhost:8001/v1/chat/completions
mt/set_17/frenetic_v/test-456,2026-08-30T18:50:07.583339+00:00,2026-08-30T18:50:07.585084+00:00,0.0017,error,0,,0,0,0,0.0,400 Client Error: Bad Request for url: http://localhost:8001/v1/chat/completions
mt/set_11/frenetic_v/test-189,2026-08-30T18:50:07.585106+00:00,2026-08-30T18:50:07.586805+00:00,0.0016,error,0,,0,0,0,0.0,400 Client Error: Bad Request for url: http://localhost:8001/v1/chat/completions
mt/set_16/ambiegen/test-405,2026-08-30T18:50:07.586828+00:00,2026-08-30T18:50:07.588495+00:00,0.0016,error,0,,0,0,0,0.0,400 Client Error: Bad Request for url: http://localhost:8001/v1/chat/completions
mt/set_16/frenetic_v/test-297,2026-08-30T18:50:07.588517+00:00,2026-08-30T18:50:07.590208+00:00,0.0016,error,0,,0,0,0,0.0,400 Client Error: Bad Request for url: http://localhost:8001/v1/chat/completions
mt/set_8/frenetic_v/odr/test-495,2026-08-30T18:50:07.590230+00:00,2026-08-30T18:50:07.591928+00:00,0.0016,error,0,,0,0,0,0.0,400 Client Error: Bad Request for url: http://localhost:8001/v1/chat/completions
mt/set_11/ambiegen/test-484,2026-08-30T18:50:07.591955+00:00,2026-08-30T18:50:07.593645+00:00,0.0016,error,0,,0,0,0,0.0,400 Client Error: Bad Request for url: http://localhost:8001/v1/chat/completions
mt/set_17/frenetic/test-127,2026-08-30T18:50:07.593668+00:00,2026-08-30T18:50:07.595357+00:00,0.0016,error,0,,0,0,0,0.0,400 Client Error: Bad Request for url: http://localhost:8001/v1/chat/completions
mt/set_12/frenetic_v/test-799,2026-08-30T18:50:07.595379+00:00,2026-08-30T18:50:07.597053+00:00,0.0016,error,0,,0,0,0,0.0,400 Client Error: Bad Request for url: http://localhost:8001/v1/chat/completions
mt/set_13/ambiegen/test-150,2026-08-30T18:50:07.597075+00:00,2026-08-30T18:50:07.598743+00:00,0.0016,error,0,,0,0,0,0.0,400 Client Error: Bad Request for url: http://localhost:8001/v1/chat/completions
mt/set_9/ambiegen/test-798,2026-08-30T18:50:07.598767+00:00,2026-08-30T18:50:07.600453+00:00,0.0016,error,0,,0,0,0,0.0,400 Client Error: Bad Request for url: http://localhost:8001/v1/chat/completions
mt_set6/frenetic/test-690,2026-08-30T18:50:07.600476+00:00,2026-08-30T18:50:07.602140+00:00,0.0016,error,0,,0,0,0,0.0,400 Client Error: Bad Request for url: http://localhost:8001/v1/chat/completions
mt/set_18/frenetic/test-801,2026-08-30T18:50:07.602163+00:00,2026-08-30T18:50:07.605858+00:00,0.0036,error,0,,0,0,0,0.0,400 Client Error: Bad Request for url: http://localhost:8001/v1/chat/completions
mt/set_11/ambiegen/test-527,2026-08-30T18:50:07.605884+00:00,2026-08-30T18:50:07.607664+00:00,0.0017,error,0,,0,0,0,0.0,400 Client Error: Bad Request for url: http://localhost:8001/v1/chat/completions
mt/set_16/frenetic_v/test-384,2026-08-30T18:50:07.607688+00:00,2026-08-30T18:50:07.609381+00:00,0.0016,error,0,,0,0,0,0.0,400 Client Error: Bad Request for url: http://localhost:8001/v1/chat/completions
mt_set5/frenetic_v/test-663,2026-08-30T18:50:07.609404+00:00,2026-08-30T18:50:07.611103+00:00,0.0016,error,0,,0,0,0,0.0,400 Client Error: Bad Request for url: http://localhost:8001/v1/chat/completions
mt/set_16/frenetic/test-570,2026-08-30T18:50:07.611127+00:00,2026-08-30T18:50:07.612799+00:00,0.0016,error,0,,0,0,0,0.0,400 Client Error: Bad Request for url: http://localhost:8001/v1/chat/completions
mt/set_16/ambiegen/test-595,2026-08-30T18:50:07.612821+00:00,2026-08-30T18:50:07.614493+00:00,0.0016,error,0,,0,0,0,0.0,400 Client Error: Bad Request for url: http://localhost:8001/v1/chat/completions
mt/set_8/frenetic_v/odr/test-545,2026-08-30T18:50:07.614517+00:00,2026-08-30T18:50:07.616685+00:00,0.0021,error,0,,0,0,0,0.0,400 Client Error: Bad Request for url: http://localhost:8001/v1/chat/completions
mt/set_11/frenetic/test-136,2026-08-30T18:50:07.616709+00:00,2026-08-30T18:50:07.618459+00:00,0.0017,error,0,,0,0,0,0.0,400 Client Error: Bad Request for url: http://localhost:8001/v1/chat/completions
mt/set_17/frenetic_v/test-354,2026-08-30T18:50:07.618481+00:00,2026-08-30T18:50:07.620178+00:00,0.0016,error,0,,0,0,0,0.0,400 Client Error: Bad Request for url: http://localhost:8001/v1/chat/completions
mt_set5/frenetic_v/test-39,2026-08-30T18:50:07.620202+00:00,2026-08-30T18:50:07.621874+00:00,0.0016,error,0,,0,0,0,0.0,400 Client Error: Bad Request for url: http://localhost:8001/v1/chat/completions
mt/set_6/frenetic_v/test-215,2026-08-30T18:50:07.621897+00:00,2026-08-30T18:50:07.623575+00:00,0.0016,error,0,,0,0,0,0.0,400 Client Error: Bad Request for url: http://localhost:8001/v1/chat/completions
mt/set_2/ambiegen/odr/test-115,2026-08-30T18:50:07.623598+00:00,2026-08-30T18:50:07.625272+00:00,0.0016,error,0,,0,0,0,0.0,400 Client Error: Bad Request for url: http://localhost:8001/v1/chat/completions
mt/set_17/ambiegen/test-768,2026-08-30T18:50:07.625294+00:00,2026-08-30T18:50:07.626964+00:00,0.0016,error,0,,0,0,0,0.0,400 Client Error: Bad Request for url: http://localhost:8001/v1/chat/completions
mt/set_10/frenetic_v/test-308,2026-08-30T18:50:07.626987+00:00,2026-08-30T18:50:07.628670+00:00,0.0016,error,0,,0,0,0,0.0,400 Client Error: Bad Request for url: http://localhost:8001/v1/chat/completions
mt/set_12/ambiegen/test-33,2026-08-30T18:50:07.628692+00:00,2026-08-30T18:50:07.630346+00:00,0.0016,error,0,,0,0,0,0.0,400 Client Error: Bad Request for url: http://localhost:8001/v1/chat/completions
mt/set_6/frenetic_v/test-453,2026-08-30T18:50:07.630368+00:00,2026-08-30T18:50:07.632045+00:00,0.0016,error,0,,0,0,0,0.0,400 Client Error: Bad Request for url: http://localhost:8001/v1/chat/completions
mt/set_12/frenetic/test-500,2026-08-30T18:50:07.632067+00:00,2026-08-30T18:50:07.633778+00:00,0.0017,error,0,,0,0,0,0.0,400 Client Error: Bad Request for url: http://localhost:8001/v1/chat/completions
mt/set_17/frenetic/test-841,2026-08-30T18:50:07.633801+00:00,2026-08-30T18:50:07.635496+00:00,0.0016,error,0,,0,0,0,0.0,400 Client Error: Bad Request for url: http://localhost:8001/v1/chat/completions
mt/set_12/ambiegen/test-349,2026-08-30T18:50:07.635519+00:00,2026-08-30T18:50:07.637179+00:00,0.0016,error,0,,0,0,0,0.0,400 Client Error: Bad Request for url: http://localhost:8001/v1/chat/completions
mt/set_11/ambiegen/test-903,2026-08-30T18:50:07.637201+00:00,2026-08-30T18:50:07.639646+00:00,0.0024,error,0,,0,0,0,0.0,400 Client Error: Bad Request for url: http://localhost:8001/v1/chat/completions
mt/set_16/ambiegen/test-105,2026-08-30T18:50:07.639671+00:00,2026-08-30T18:50:07.641441+00:00,0.0017,error,0,,0,0,0,0.0,400 Client Error: Bad Request for url: http://localhost:8001/v1/chat/completions
mt/set_9/frenetic/test-317,2026-08-30T18:50:07.641464+00:00,2026-08-30T18:50:07.643165+00:00,0.0016,error,0,,0,0,0,0.0,400 Client Error: Bad Request for url: http://localhost:8001/v1/chat/completions
mt/set_7/frenetic_v/odr/test-182,2026-08-30T18:50:07.643188+00:00,2026-08-30T18:50:07.644858+00:00,0.0016,error,0,,0,0,0,0.0,400 Client Error: Bad Request for url: http://localhost:8001/v1/chat/completions
mt/set_13/frenetic_v/test-860,2026-08-30T18:50:07.644880+00:00,2026-08-30T18:50:07.646559+00:00,0.0016,error,0,,0,0,0,0.0,400 Client Error: Bad Request for url: http://localhost:8001/v1/chat/completions
mt/set_7/frenetic/odr/test-365,2026-08-30T18:50:07.646583+00:00,2026-08-30T18:50:07.648311+00:00,0.0017,error,0,,0,0,0,0.0,400 Client Error: Bad Request for url: http://localhost:8001/v1/chat/completions
mt/set_8/ambiegen/odr/test-702,2026-08-30T18:50:07.648335+00:00,2026-08-30T18:50:07.650006+00:00,0.0016,error,0,,0,0,0,0.0,400 Client Error: Bad Request for url: http://localhost:8001/v1/chat/completions
mt/set_13/frenetic_v/test-613,2026-08-30T18:50:07.650028+00:00,2026-08-30T18:50:07.652194+00:00,0.0021,error,0,,0,0,0,0.0,400 Client Error: Bad Request for url: http://localhost:8001/v1/chat/completions
mt/set_16/frenetic/test-294,2026-08-30T18:50:07.652218+00:00,2026-08-30T18:50:07.653943+00:00,0.0017,error,0,,0,0,0,0.0,400 Client Error: Bad Request for url: http://localhost:8001/v1/chat/completions
mt/set_9/frenetic/test-268,2026-08-30T18:50:07.653966+00:00,2026-08-30T18:50:07.655653+00:00,0.0016,error,0,,0,0,0,0.0,400 Client Error: Bad Request for url: http://localhost:8001/v1/chat/completions
mt/set_9/frenetic_v/test-697,2026-08-30T18:50:07.655680+00:00,2026-08-30T18:50:07.657400+00:00,0.0017,error,0,,0,0,0,0.0,400 Client Error: Bad Request for url: http://localhost:8001/v1/chat/completions
mt/set_16/frenetic/test-453,2026-08-30T18:50:07.657423+00:00,2026-08-30T18:50:07.659153+00:00,0.0017,error,0,,0,0,0,0.0,400 Client Error: Bad Request for url: http://localhost:8001/v1/chat/completions
mt_set5/ambiegen/test-623,2026-08-30T18:50:07.659177+00:00,2026-08-30T18:50:07.660852+00:00,0.0016,error,0,,0,0,0,0.0,400 Client Error: Bad Request for url: http://localhost:8001/v1/chat/completions
mt/set_14/ambiegen/test-23,2026-08-30T18:50:07.660880+00:00,2026-08-30T18:50:07.662583+00:00,0.0017,error,0,,0,0,0,0.0,400 Client Error: Bad Request for url: http://localhost:8001/v1/chat/completions
mt/set_7/ambiegen/odr/test-516,2026-08-30T18:50:07.662607+00:00,2026-08-30T18:50:07.664397+00:00,0.0016,error,0,,0,0,0,0.0,400 Client Error: Bad Request for url: http://localhost:8001/v1/chat/completions
mt/set_13/frenetic_v/test-779,2026-08-30T18:50:07.664435+00:00,2026-08-30T18:50:07.666455+00:00,0.002,error,0,,0,0,0,0.0,400 Client Error: Bad Request for url: http://localhost:8001/v1/chat/completions
mt/set_12/frenetic/test-132,2026-08-30T18:50:07.666485+00:00,2026-08-30T18:50:07.668294+00:00,0.0018,error,0,,0,0,0,0.0,400 Client Error: Bad Request for url: http://localhost:8001/v1/chat/completions
mt_set5/frenetic/test-331,2026-08-30T18:50:07.668317+00:00,2026-08-30T18:50:07.669994+00:00,0.0016,error,0,,0,0,0,0.0,400 Client Error: Bad Request for url: http://localhost:8001/v1/chat/completions
mt/set_9/ambiegen/test-892,2026-08-30T18:50:07.670016+00:00,2026-08-30T18:50:07.671690+00:00,0.0016,error,0,,0,0,0,0.0,400 Client Error: Bad Request for url: http://localhost:8001/v1/chat/completions
mt/set_7/frenetic_v/odr/test-638,2026-08-30T18:50:07.671715+00:00,2026-08-30T18:50:07.673368+00:00,0.0016,error,0,,0,0,0,0.0,400 Client Error: Bad Request for url: http://localhost:8001/v1/chat/completions
mt/set_16/frenetic/test-448,2026-08-30T18:50:07.673417+00:00,2026-08-30T18:50:07.675093+00:00,0.0016,error,0,,0,0,0,0.0,400 Client Error: Bad Request for url: http://localhost:8001/v1/chat/completions
mt/set_11/frenetic/test-892,2026-08-30T18:50:07.675116+00:00,2026-08-30T18:50:07.677218+00:00,0.002,error,0,,0,0,0,0.0,400 Client Error: Bad Request for url: http://localhost:8001/v1/chat/completions
mt_set5/frenetic/test-611,2026-08-30T18:50:07.677242+00:00,2026-08-30T18:50:07.678961+00:00,0.0017,error,0,,0,0,0,0.0,400 Client Error: Bad Request for url: http://localhost:8001/v1/chat/completions
mt/set_13/frenetic/test-46,2026-08-30T18:50:07.678984+00:00,2026-08-30T18:50:07.680655+00:00,0.0016,error,0,,0,0,0,0.0,400 Client Error: Bad Request for url: http://localhost:8001/v1/chat/completions
mt/set_7/frenetic/odr/test-349,2026-08-30T18:50:07.680677+00:00,2026-08-30T18:50:07.682328+00:00,0.0016,error,0,,0,0,0,0.0,400 Client Error: Bad Request for url: http://localhost:8001/v1/chat/completions
mt/set_10/ambiegen/test-593,2026-08-30T18:50:07.682350+00:00,2026-08-30T18:50:07.684011+00:00,0.0016,error,0,,0,0,0,0.0,400 Client Error: Bad Request for url: http://localhost:8001/v1/chat/completions
mt/set_18/ambiegen/test-394,2026-08-30T18:50:07.684033+00:00,2026-08-30T18:50:07.685701+00:00,0.0016,error,0,,0,0,0,0.0,400 Client Error: Bad Request for url: http://localhost:8001/v1/chat/completions
mt/set_7/frenetic/odr/test-715,2026-08-30T18:50:07.685724+00:00,2026-08-30T18:50:07.687390+00:00,0.0016,error,0,,0,0,0,0.0,400 Client Error: Bad Request for url: http://localhost:8001/v1/chat/completions
mt_set6/frenetic/test-395,2026-08-30T18:50:07.687412+00:00,2026-08-30T18:50:07.689070+00:00,0.0016,error,0,,0,0,0,0.0,400 Client Error: Bad Request for url: http://localhost:8001/v1/chat/completions
mt/set_18/ambiegen/test-823,2026-08-30T18:50:07.689092+00:00,2026-08-30T18:50:07.690759+00:00,0.0016,error,0,,0,0,0,0.0,400 Client Error: Bad Request for url: http://localhost:8001/v1/chat/completions
mt/set_14/frenetic_v/test-634,2026-08-30T18:50:07.690781+00:00,2026-08-30T18:50:07.692443+00:00,0.0016,error,0,,0,0,0,0.0,400 Client Error: Bad Request for url: http://localhost:8001/v1/chat/completions
mt/set_18/ambiegen/test-399,2026-08-30T18:50:07.692466+00:00,2026-08-30T18:50:07.694139+00:00,0.0016,error,0,,0,0,0,0.0,400 Client Error: Bad Request for url: http://localhost:8001/v1/chat/completions
mt/set_9/frenetic_v/test-382,2026-08-30T18:50:07.694161+00:00,2026-08-30T18:50:07.695910+00:00,0.0017,error,0,,0,0,0,0.0,400 Client Error: Bad Request for url: http://localhost:8001/v1/chat/completions
mt/set_2/ambiegen/odr/test-260,2026-08-30T18:50:07.695933+00:00,2026-08-30T18:50:07.697734+00:00,0.0016,error,0,,0,0,0,0.0,400 Client Error: Bad Request for url: http://localhost:8001/v1/chat/completions
mt/set_16/ambiegen/test-629,2026-08-30T18:50:07.697791+00:00,2026-08-30T18:50:07.700314+00:00,0.0025,error,0,,0,0,0,0.0,400 Client Error: Bad Request for url: http://localhost:8001/v1/chat/completions
mt_set5/frenetic_v/test-367,2026-08-30T18:50:07.700345+00:00,2026-08-30T18:50:07.702112+00:00,0.0017,error,0,,0,0,0,0.0,400 Client Error: Bad Request for url: http://localhost:8001/v1/chat/completions
mt/set_17/ambiegen/test-131,2026-08-30T18:50:07.702135+00:00,2026-08-30T18:50:07.703810+00:00,0.0016,error,0,,0,0,0,0.0,400 Client Error: Bad Request for url: http://localhost:8001/v1/chat/completions
mt/set_12/frenetic_v/test-154,2026-08-30T18:50:07.703833+00:00,2026-08-30T18:50:07.705483+00:00,0.0016,error,0,,0,0,0,0.0,400 Client Error: Bad Request for url: http://localhost:8001/v1/chat/completions
mt/set_7/frenetic_v/odr/test-54,2026-08-30T18:50:07.705505+00:00,2026-08-30T18:50:07.707164+00:00,0.0016,error,0,,0,0,0,0.0,400 Client Error: Bad Request for url: http://localhost:8001/v1/chat/completions
mt/set_9/frenetic/test-532,2026-08-30T18:50:07.707186+00:00,2026-08-30T18:50:07.708848+00:00,0.0016,error,0,,0,0,0,0.0,400 Client Error: Bad Request for url: http://localhost:8001/v1/chat/completions
mt/set_16/frenetic/test-948,2026-08-30T18:50:07.708875+00:00,2026-08-30T18:50:07.710535+00:00,0.0016,error,0,,0,0,0,0.0,400 Client Error: Bad Request for url: http://localhost:8001/v1/chat/completions
mt/set_2/ambiegen/odr/test-395,2026-08-30T18:50:07.710558+00:00,2026-08-30T18:50:07.712696+00:00,0.0021,error,0,,0,0,0,0.0,400 Client Error: Bad Request for url: http://localhost:8001/v1/chat/completions
mt/set_8/frenetic/odr/test-218,2026-08-30T18:50:07.712720+00:00,2026-08-30T18:50:07.714436+00:00,0.0017,error,0,,0,0,0,0.0,400 Client Error: Bad Request for url: http://localhost:8001/v1/chat/completions
mt/set_11/frenetic/test-326,2026-08-30T18:50:07.714459+00:00,2026-08-30T18:50:07.716132+00:00,0.0016,error,0,,0,0,0,0.0,400 Client Error: Bad Request for url: http://localhost:8001/v1/chat/completions
mt/set_14/frenetic/test-529,2026-08-30T18:50:07.716154+00:00,2026-08-30T18:50:07.717813+00:00,0.0016,error,0,,0,0,0,0.0,400 Client Error: Bad Request for url: http://localhost:8001/v1/chat/completions
mt_set5/frenetic/test-529,2026-08-30T18:50:07.717835+00:00,2026-08-30T18:50:07.719497+00:00,0.0016,error,0,,0,0,0,0.0,400 Client Error: Bad Request for url: http://localhost:8001/v1/chat/completions
mt/set_13/frenetic/test-854,2026-08-30T18:50:07.719519+00:00,2026-08-30T18:50:07.721168+00:00,0.0016,error,0,,0,0,0,0.0,400 Client Error: Bad Request for url: http://localhost:8001/v1/chat/completions
mt/set_2/ambiegen/odr/test-350,2026-08-30T18:50:07.721191+00:00,2026-08-30T18:50:07.722861+00:00,0.0016,error,0,,0,0,0,0.0,400 Client Error: Bad Request for url: http://localhost:8001/v1/chat/completions
mt_set5/frenetic/test-154,2026-08-30T18:50:07.722884+00:00,2026-08-30T18:50:07.724534+00:00,0.0016,error,0,,0,0,0,0.0,400 Client Error: Bad Request for url: http://localhost:8001/v1/chat/completions
mt/set_10/frenetic_v/test-612,2026-08-30T18:50:07.724556+00:00,2026-08-30T18:50:07.726202+00:00,0.0016,error,0,,0,0,0,0.0,400 Client Error: Bad Request for url: http://localhost:8001/v1/chat/completions
mt/set_18/ambiegen/test-746,2026-08-30T18:50:07.726225+00:00,2026-08-30T18:50:07.728376+00:00,0.0021,error,0,,0,0,0,0.0,400 Client Error: Bad Request for url: http://localhost:8001/v1/chat/completions
mt/set_7/frenetic_v/odr/test-569,2026-08-30T18:50:07.728400+00:00,2026-08-30T18:50:07.730125+00:00,0.0017,error,0,,0,0,0,0.0,400 Client Error: Bad Request for url: http://localhost:8001/v1/chat/completions
mt/set_17/frenetic_v/test-194,2026-08-30T18:50:07.730147+00:00,2026-08-30T18:50:07.731824+00:00,0.0016,error,0,,0,0,0,0.0,400 Client Error: Bad Request for url: http://localhost:8001/v1/chat/completions
mt_set5/ambiegen/test-358,2026-08-30T18:50:07.731847+00:00,2026-08-30T18:50:07.733508+00:00,0.0016,error,0,,0,0,0,0.0,400 Client Error: Bad Request for url: http://localhost:8001/v1/chat/completions
mt/set_10/frenetic_v/test-428,2026-08-30T18:50:07.733530+00:00,2026-08-30T18:50:07.735191+00:00,0.0016,error,0,,0,0,0,0.0,400 Client Error: Bad Request for url: http://localhost:8001/v1/chat/completions
mt/set_14/frenetic/test-176,2026-08-30T18:50:07.735214+00:00,2026-08-30T18:50:07.737324+00:00,0.002,error,0,,0,0,0,0.0,400 Client Error: Bad Request for url: http://localhost:8001/v1/chat/completions
mt_set5/frenetic_v/test-789,2026-08-30T18:50:07.737348+00:00,2026-08-30T18:50:07.739068+00:00,0.0017,error,0,,0,0,0,0.0,400 Client Error: Bad Request for url: http://localhost:8001/v1/chat/completions
mt/set_16/ambiegen/test-186,2026-08-30T18:50:07.739090+00:00,2026-08-30T18:50:07.740764+00:00,0.0016,error,0,,0,0,0,0.0,400 Client Error: Bad Request for url: http://localhost:8001/v1/chat/completions
mt/set_16/frenetic_v/test-81,2026-08-30T18:50:07.740787+00:00,2026-08-30T18:50:07.742439+00:00,0.0016,error,0,,0,0,0,0.0,400 Client Error: Bad Request for url: http://localhost:8001/v1/chat/completions
mt/set_13/frenetic_v/test-388,2026-08-30T18:50:07.742460+00:00,2026-08-30T18:50:07.744124+00:00,0.0016,error,0,,0,0,0,0.0,400 Client Error: Bad Request for url: http://localhost:8001/v1/chat/completions
mt/set_18/frenetic/test-591,2026-08-30T18:50:07.744146+00:00,2026-08-30T18:50:07.745808+00:00,0.0016,error,0,,0,0,0,0.0,400 Client Error: Bad Request for url: http://localhost:8001/v1/chat/completions
mt_set5/ambiegen/test-568,2026-08-30T18:50:07.745831+00:00,2026-08-30T18:50:07.747495+00:00,0.0016,error,0,,0,0,0,0.0,400 Client Error: Bad Request for url: http://localhost:8001/v1/chat/completions
mt/set_17/ambiegen/test-189,2026-08-30T18:50:07.747517+00:00,2026-08-30T18:50:07.749173+00:00,0.0016,error,0,,0,0,0,0.0,400 Client Error: Bad Request for url: http://localhost:8001/v1/chat/completions
mt_set5/frenetic/test-243,2026-08-30T18:50:07.749199+00:00,2026-08-30T18:50:07.750865+00:00,0.0016,error,0,,0,0,0,0.0,400 Client Error: Bad Request for url: http://localhost:8001/v1/chat/completions
mt/set_10/ambiegen/test-353,2026-08-30T18:50:07.750887+00:00,2026-08-30T18:50:07.753022+00:00,0.0021,error,0,,0,0,0,0.0,400 Client Error: Bad Request for url: http://localhost:8001/v1/chat/completions
mt/set_11/frenetic/test-669,2026-08-30T18:50:07.753047+00:00,2026-08-30T18:50:07.754786+00:00,0.0017,error,0,,0,0,0,0.0,400 Client Error: Bad Request for url: http://localhost:8001/v1/chat/completions
mt/set_7/ambiegen/odr/test-223,2026-08-30T18:50:07.754810+00:00,2026-08-30T18:50:07.756465+00:00,0.0016,error,0,,0,0,0,0.0,400 Client Error: Bad Request for url: http://localhost:8001/v1/chat/completions
mt/set_11/frenetic_v/test-530,2026-08-30T18:50:07.756487+00:00,2026-08-30T18:50:07.758136+00:00,0.0016,error,0,,0,0,0,0.0,400 Client Error: Bad Request for url: http://localhost:8001/v1/chat/completions
mt/set_12/frenetic_v/test-628,2026-08-30T18:50:07.758160+00:00,2026-08-30T18:50:07.759828+00:00,0.0016,error,0,,0,0,0,0.0,400 Client Error: Bad Request for url: http://localhost:8001/v1/chat/completions
mt/set_10/frenetic_v/test-503,2026-08-30T18:50:07.759850+00:00,2026-08-30T18:50:07.761503+00:00,0.0016,error,0,,0,0,0,0.0,400 Client Error: Bad Request for url: http://localhost:8001/v1/chat/completions
mt_set5/ambiegen/test-438,2026-08-30T18:50:07.761550+00:00,2026-08-30T18:50:07.763250+00:00,0.0016,error,0,,0,0,0,0.0,400 Client Error: Bad Request for url: http://localhost:8001/v1/chat/completions
mt_set5/frenetic/test-749,2026-08-30T18:50:07.763274+00:00,2026-08-30T18:50:07.764935+00:00,0.0016,error,0,,0,0,0,0.0,400 Client Error: Bad Request for url: http://localhost:8001/v1/chat/completions
mt/set_14/frenetic_v/test-507,2026-08-30T18:50:07.764959+00:00,2026-08-30T18:50:07.766619+00:00,0.0016,error,0,,0,0,0,0.0,400 Client Error: Bad Request for url: http://localhost:8001/v1/chat/completions
mt/set_14/ambiegen/test-416,2026-08-30T18:50:07.766641+00:00,2026-08-30T18:50:07.768326+00:00,0.0016,error,0,,0,0,0,0.0,400 Client Error: Bad Request for url: http://localhost:8001/v1/chat/completions
mt/set_11/frenetic/test-392,2026-08-30T18:50:07.768349+00:00,2026-08-30T18:50:07.770009+00:00,0.0016,error,0,,0,0,0,0.0,400 Client Error: Bad Request for url: http://localhost:8001/v1/chat/completions
mt/set_11/ambiegen/test-902,2026-08-30T18:50:07.770031+00:00,2026-08-30T18:50:07.771692+00:00,0.0016,error,0,,0,0,0,0.0,400 Client Error: Bad Request for url: http://localhost:8001/v1/chat/completions
mt/set_13/frenetic_v/test-395,2026-08-30T18:50:07.771715+00:00,2026-08-30T18:50:07.773404+00:00,0.0016,error,0,,0,0,0,0.0,400 Client Error: Bad Request for url: http://localhost:8001/v1/chat/completions
mt/set_14/frenetic_v/test-932,2026-08-30T18:50:07.773428+00:00,2026-08-30T18:50:07.775106+00:00,0.0016,error,0,,0,0,0,0.0,400 Client Error: Bad Request for url: http://localhost:8001/v1/chat/completions
mt/set_2/ambiegen/odr/test-431,2026-08-30T18:50:07.775129+00:00,2026-08-30T18:50:07.776786+00:00,0.0016,error,0,,0,0,0,0.0,400 Client Error: Bad Request for url: http://localhost:8001/v1/chat/completions
mt/set_8/frenetic_v/odr/test-698,2026-08-30T18:50:07.776808+00:00,2026-08-30T18:50:07.778468+00:00,0.0016,error,0,,0,0,0,0.0,400 Client Error: Bad Request for url: http://localhost:8001/v1/chat/completions
mt/set_6/frenetic_v/test-759,2026-08-30T18:50:07.778490+00:00,2026-08-30T18:50:07.780143+00:00,0.0016,error,0,,0,0,0,0.0,400 Client Error: Bad Request for url: http://localhost:8001/v1/chat/completions
mt/set_13/frenetic_v/test-387,2026-08-30T18:50:07.780165+00:00,2026-08-30T18:50:07.781848+00:00,0.0016,error,0,,0,0,0,0.0,400 Client Error: Bad Request for url: http://localhost:8001/v1/chat/completions
mt/set_7/ambiegen/odr/test-456,2026-08-30T18:50:07.781870+00:00,2026-08-30T18:50:07.783561+00:00,0.0016,error,0,,0,0,0,0.0,400 Client Error: Bad Request for url: http://localhost:8001/v1/chat/completions
mt/set_7/frenetic/odr/test-274,2026-08-30T18:50:07.783584+00:00,2026-08-30T18:50:07.785289+00:00,0.0017,error,0,,0,0,0,0.0,400 Client Error: Bad Request for url: http://localhost:8001/v1/chat/completions
mt/set_18/frenetic_v/test-223,2026-08-30T18:50:07.785312+00:00,2026-08-30T18:50:07.787326+00:00,0.0019,error,0,,0,0,0,0.0,400 Client Error: Bad Request for url: http://localhost:8001/v1/chat/completions
mt/set_13/ambiegen/test-939,2026-08-30T18:50:07.787373+00:00,2026-08-30T18:50:07.789817+00:00,0.0024,error,0,,0,0,0,0.0,400 Client Error: Bad Request for url: http://localhost:8001/v1/chat/completions
mt_set6/frenetic/test-376,2026-08-30T18:50:07.789842+00:00,2026-08-30T18:50:07.791627+00:00,0.0017,error,0,,0,0,0,0.0,400 Client Error: Bad Request for url: http://localhost:8001/v1/chat/completions
mt/set_16/frenetic_v/test-689,2026-08-30T18:50:07.791651+00:00,2026-08-30T18:50:07.793332+00:00,0.0016,error,0,,0,0,0,0.0,400 Client Error: Bad Request for url: http://localhost:8001/v1/chat/completions
mt/set_8/frenetic/odr/test-846,2026-08-30T18:50:07.793355+00:00,2026-08-30T18:50:07.795019+00:00,0.0016,error,0,,0,0,0,0.0,400 Client Error: Bad Request for url: http://localhost:8001/v1/chat/completions
mt/set_14/ambiegen/test-505,2026-08-30T18:50:07.795042+00:00,2026-08-30T18:50:07.796731+00:00,0.0016,error,0,,0,0,0,0.0,400 Client Error: Bad Request for url: http://localhost:8001/v1/chat/completions
mt/set_9/frenetic/test-140,2026-08-30T18:50:07.796753+00:00,2026-08-30T18:50:07.798413+00:00,0.0016,error,0,,0,0,0,0.0,400 Client Error: Bad Request for url: http://localhost:8001/v1/chat/completions
mt/set_7/frenetic/odr/test-9,2026-08-30T18:50:07.798436+00:00,2026-08-30T18:50:07.800096+00:00,0.0016,error,0,,0,0,0,0.0,400 Client Error: Bad Request for url: http://localhost:8001/v1/chat/completions
mt/set_14/frenetic/test-226,2026-08-30T18:50:07.800119+00:00,2026-08-30T18:50:07.801797+00:00,0.0016,error,0,,0,0,0,0.0,400 Client Error: Bad Request for url: http://localhost:8001/v1/chat/completions
mt_set5/ambiegen/test-615,2026-08-30T18:50:07.801820+00:00,2026-08-30T18:50:07.803587+00:00,0.0017,error,0,,0,0,0,0.0,400 Client Error: Bad Request for url: http://localhost:8001/v1/chat/completions
mt_set5/ambiegen/test-19,2026-08-30T18:50:07.803609+00:00,2026-08-30T18:50:07.805302+00:00,0.0016,error,0,,0,0,0,0.0,400 Client Error: Bad Request for url: http://localhost:8001/v1/chat/completions
mt/set_12/frenetic/test-138,2026-08-30T18:50:07.805325+00:00,2026-08-30T18:50:07.806987+00:00,0.0016,error,0,,0,0,0,0.0,400 Client Error: Bad Request for url: http://localhost:8001/v1/chat/completions
mt/set_13/frenetic_v/test-337,2026-08-30T18:50:07.807010+00:00,2026-08-30T18:50:07.808703+00:00,0.0016,error,0,,0,0,0,0.0,400 Client Error: Bad Request for url: http://localhost:8001/v1/chat/completions
mt/set_12/frenetic_v/test-217,2026-08-30T18:50:07.808726+00:00,2026-08-30T18:50:07.810420+00:00,0.0016,error,0,,0,0,0,0.0,400 Client Error: Bad Request for url: http://localhost:8001/v1/chat/completions
mt/set_13/frenetic/test-457,2026-08-30T18:50:07.810443+00:00,2026-08-30T18:50:07.812122+00:00,0.0016,error,0,,0,0,0,0.0,400 Client Error: Bad Request for url: http://localhost:8001/v1/chat/completions
mt/set_7/ambiegen/odr/test-838,2026-08-30T18:50:07.812146+00:00,2026-08-30T18:50:07.813811+00:00,0.0016,error,0,,0,0,0,0.0,400 Client Error: Bad Request for url: http://localhost:8001/v1/chat/completions
mt/set_14/ambiegen/test-134,2026-08-30T18:50:07.813834+00:00,2026-08-30T18:50:07.815516+00:00,0.0016,error,0,,0,0,0,0.0,400 Client Error: Bad Request for url: http://localhost:8001/v1/chat/completions
mt/set_17/ambiegen/test-236,2026-08-30T18:50:07.815539+00:00,2026-08-30T18:50:07.817209+00:00,0.0016,error,0,,0,0,0,0.0,400 Client Error: Bad Request for url: http://localhost:8001/v1/chat/completions
mt/set_16/frenetic_v/test-608,2026-08-30T18:50:07.817231+00:00,2026-08-30T18:50:07.818909+00:00,0.0016,error,0,,0,0,0,0.0,400 Client Error: Bad Request for url: http://localhost:8001/v1/chat/completions
mt/set_8/frenetic/odr/test-549,2026-08-30T18:50:07.818933+00:00,2026-08-30T18:50:07.820613+00:00,0.0016,error,0,,0,0,0,0.0,400 Client Error: Bad Request for url: http://localhost:8001/v1/chat/completions
mt/set_7/ambiegen/odr/test-538,2026-08-30T18:50:07.820636+00:00,2026-08-30T18:50:07.822291+00:00,0.0016,error,0,,0,0,0,0.0,400 Client Error: Bad Request for url: http://localhost:8001/v1/chat/completions
mt/set_16/frenetic_v/test-853,2026-08-30T18:50:07.822314+00:00,2026-08-30T18:50:07.823986+00:00,0.0016,error,0,,0,0,0,0.0,400 Client Error: Bad Request for url: http://localhost:8001/v1/chat/completions
mt/set_14/frenetic/test-767,2026-08-30T18:50:07.824009+00:00,2026-08-30T18:50:07.826819+00:00,0.0027,error,0,,0,0,0,0.0,400 Client Error: Bad Request for url: http://localhost:8001/v1/chat/completions
mt/set_14/frenetic_v/test-152,2026-08-30T18:50:07.826865+00:00,2026-08-30T18:50:07.828897+00:00,0.002,error,0,,0,0,0,0.0,400 Client Error: Bad Request for url: http://localhost:8001/v1/chat/completions
mt/set_2/ambiegen/odr/test-716,2026-08-30T18:50:07.828921+00:00,2026-08-30T18:50:07.830630+00:00,0.0017,error,0,,0,0,0,0.0,400 Client Error: Bad Request for url: http://localhost:8001/v1/chat/completions
mt/set_6/frenetic_v/test-672,2026-08-30T18:50:07.830654+00:00,2026-08-30T18:50:07.832399+00:00,0.0017,error,0,,0,0,0,0.0,400 Client Error: Bad Request for url: http://localhost:8001/v1/chat/completions
mt/set_13/frenetic/test-374,2026-08-30T18:50:07.832424+00:00,2026-08-30T18:50:07.834178+00:00,0.0017,error,0,,0,0,0,0.0,400 Client Error: Bad Request for url: http://localhost:8001/v1/chat/completions
mt/set_14/frenetic_v/test-344,2026-08-30T18:50:07.834202+00:00,2026-08-30T18:50:07.835953+00:00,0.0017,error,0,,0,0,0,0.0,400 Client Error: Bad Request for url: http://localhost:8001/v1/chat/completions
mt_set5/ambiegen/test-497,2026-08-30T18:50:07.835976+00:00,2026-08-30T18:50:07.837978+00:00,0.0019,error,0,,0,0,0,0.0,400 Client Error: Bad Request for url: http://localhost:8001/v1/chat/completions
mt/set_17/ambiegen/test-876,2026-08-30T18:50:07.838004+00:00,2026-08-30T18:50:07.839819+00:00,0.0018,error,0,,0,0,0,0.0,400 Client Error: Bad Request for url: http://localhost:8001/v1/chat/completions
mt/set_17/frenetic_v/test-507,2026-08-30T18:50:07.839843+00:00,2026-08-30T18:50:07.841588+00:00,0.0017,error,0,,0,0,0,0.0,400 Client Error: Bad Request for url: http://localhost:8001/v1/chat/completions
mt_set6/frenetic/test-837,2026-08-30T18:50:07.841612+00:00,2026-08-30T18:50:07.843338+00:00,0.0017,error,0,,0,0,0,0.0,400 Client Error: Bad Request for url: http://localhost:8001/v1/chat/completions
mt/set_14/frenetic/test-680,2026-08-30T18:50:07.843361+00:00,2026-08-30T18:50:07.845033+00:00,0.0016,error,0,,0,0,0,0.0,400 Client Error: Bad Request for url: http://localhost:8001/v1/chat/completions
mt/set_2/ambiegen/odr/test-87,2026-08-30T18:50:07.845056+00:00,2026-08-30T18:50:07.846732+00:00,0.0016,error,0,,0,0,0,0.0,400 Client Error: Bad Request for url: http://localhost:8001/v1/chat/completions
mt/set_7/ambiegen/odr/test-106,2026-08-30T18:50:07.846754+00:00,2026-08-30T18:50:07.848417+00:00,0.0016,error,0,,0,0,0,0.0,400 Client Error: Bad Request for url: http://localhost:8001/v1/chat/completions
mt/set_18/frenetic/test-589,2026-08-30T18:50:07.848439+00:00,2026-08-30T18:50:07.850092+00:00,0.0016,error,0,,0,0,0,0.0,400 Client Error: Bad Request for url: http://localhost:8001/v1/chat/completions
mt/set_8/frenetic_v/odr/test-203,2026-08-30T18:50:07.850141+00:00,2026-08-30T18:50:07.851811+00:00,0.0016,error,0,,0,0,0,0.0,400 Client Error: Bad Request for url: http://localhost:8001/v1/chat/completions
mt/set_10/frenetic_v/test-618,2026-08-30T18:50:07.851833+00:00,2026-08-30T18:50:07.853493+00:00,0.0016,error,0,,0,0,0,0.0,400 Client Error: Bad Request for url: http://localhost:8001/v1/chat/completions
mt/set_17/frenetic/test-486,2026-08-30T18:50:07.853515+00:00,2026-08-30T18:50:07.855647+00:00,0.0021,error,0,,0,0,0,0.0,400 Client Error: Bad Request for url: http://localhost:8001/v1/chat/completions
mt/set_10/ambiegen/test-520,2026-08-30T18:50:07.855670+00:00,2026-08-30T18:50:07.857378+00:00,0.0017,error,0,,0,0,0,0.0,400 Client Error: Bad Request for url: http://localhost:8001/v1/chat/completions
mt/set_17/frenetic/test-335,2026-08-30T18:50:07.857400+00:00,2026-08-30T18:50:07.859057+00:00,0.0016,error,0,,0,0,0,0.0,400 Client Error: Bad Request for url: http://localhost:8001/v1/chat/completions
mt/set_18/frenetic_v/test-125,2026-08-30T18:50:07.859079+00:00,2026-08-30T18:50:07.860731+00:00,0.0016,error,0,,0,0,0,0.0,400 Client Error: Bad Request for url: http://localhost:8001/v1/chat/completions
mt/set_18/frenetic_v/test-68,2026-08-30T18:50:07.860753+00:00,2026-08-30T18:50:07.862399+00:00,0.0016,error,0,,0,0,0,0.0,400 Client Error: Bad Request for url: http://localhost:8001/v1/chat/completions
mt/set_9/frenetic_v/test-71,2026-08-30T18:50:07.862421+00:00,2026-08-30T18:50:07.864082+00:00,0.0016,error,0,,0,0,0,0.0,400 Client Error: Bad Request for url: http://localhost:8001/v1/chat/completions
mt/set_13/ambiegen/test-832,2026-08-30T18:50:07.864105+00:00,2026-08-30T18:50:07.865780+00:00,0.0016,error,0,,0,0,0,0.0,400 Client Error: Bad Request for url: http://localhost:8001/v1/chat/completions
mt/set_7/frenetic_v/odr/test-869,2026-08-30T18:50:07.865802+00:00,2026-08-30T18:50:07.867451+00:00,0.0016,error,0,,0,0,0,0.0,400 Client Error: Bad Request for url: http://localhost:8001/v1/chat/completions
mt/set_16/frenetic/test-531,2026-08-30T18:50:07.867474+00:00,2026-08-30T18:50:07.869111+00:00,0.0016,error,0,,0,0,0,0.0,400 Client Error: Bad Request for url: http://localhost:8001/v1/chat/completions
mt/set_9/frenetic/test-154,2026-08-30T18:50:07.869133+00:00,2026-08-30T18:50:07.870782+00:00,0.0016,error,0,,0,0,0,0.0,400 Client Error: Bad Request for url: http://localhost:8001/v1/chat/completions
mt/set_6/frenetic_v/test-334,2026-08-30T18:50:07.870804+00:00,2026-08-30T18:50:07.872434+00:00,0.0016,error,0,,0,0,0,0.0,400 Client Error: Bad Request for url: http://localhost:8001/v1/chat/completions
mt/set_16/frenetic/test-668,2026-08-30T18:50:07.872456+00:00,2026-08-30T18:50:07.874092+00:00,0.0016,error,0,,0,0,0,0.0,400 Client Error: Bad Request for url: http://localhost:8001/v1/chat/completions
mt/set_17/frenetic/test-793,2026-08-30T18:50:07.874115+00:00,2026-08-30T18:50:07.875777+00:00,0.0016,error,0,,0,0,0,0.0,400 Client Error: Bad Request for url: http://localhost:8001/v1/chat/completions
mt/set_7/frenetic/odr/test-140,2026-08-30T18:50:07.875800+00:00,2026-08-30T18:50:07.877445+00:00,0.0016,error,0,,0,0,0,0.0,400 Client Error: Bad Request for url: http://localhost:8001/v1/chat/completions
mt/set_13/frenetic/test-162,2026-08-30T18:50:07.877468+00:00,2026-08-30T18:50:07.879120+00:00,0.0016,error,0,,0,0,0,0.0,400 Client Error: Bad Request for url: http://localhost:8001/v1/chat/completions
mt/set_16/ambiegen/test-62,2026-08-30T18:50:07.879142+00:00,2026-08-30T18:50:07.880786+00:00,0.0016,error,0,,0,0,0,0.0,400 Client Error: Bad Request for url: http://localhost:8001/v1/chat/completions
mt/set_8/ambiegen/odr/test-549,2026-08-30T18:50:07.880808+00:00,2026-08-30T18:50:07.882440+00:00,0.0016,error,0,,0,0,0,0.0,400 Client Error: Bad Request for url: http://localhost:8001/v1/chat/completions
mt/set_7/ambiegen/odr/test-388,2026-08-30T18:50:07.882463+00:00,2026-08-30T18:50:07.884170+00:00,0.0017,error,0,,0,0,0,0.0,400 Client Error: Bad Request for url: http://localhost:8001/v1/chat/completions
mt/set_9/ambiegen/test-626,2026-08-30T18:50:07.884193+00:00,2026-08-30T18:50:07.886305+00:00,0.0021,error,0,,0,0,0,0.0,400 Client Error: Bad Request for url: http://localhost:8001/v1/chat/completions
mt/set_14/frenetic/test-66,2026-08-30T18:50:07.886327+00:00,2026-08-30T18:50:07.888033+00:00,0.0017,error,0,,0,0,0,0.0,400 Client Error: Bad Request for url: http://localhost:8001/v1/chat/completions
mt/set_17/ambiegen/test-152,2026-08-30T18:50:07.888055+00:00,2026-08-30T18:50:07.889702+00:00,0.0016,error,0,,0,0,0,0.0,400 Client Error: Bad Request for url: http://localhost:8001/v1/chat/completions
mt/set_8/frenetic/odr/test-639,2026-08-30T18:50:07.889724+00:00,2026-08-30T18:50:07.891367+00:00,0.0016,error,0,,0,0,0,0.0,400 Client Error: Bad Request for url: http://localhost:8001/v1/chat/completions
mt_set6/frenetic/test-632,2026-08-30T18:50:07.891389+00:00,2026-08-30T18:50:07.893042+00:00,0.0016,error,0,,0,0,0,0.0,400 Client Error: Bad Request for url: http://localhost:8001/v1/chat/completions
mt/set_8/ambiegen/odr/test-137,2026-08-30T18:50:07.893064+00:00,2026-08-30T18:50:07.894702+00:00,0.0016,error,0,,0,0,0,0.0,400 Client Error: Bad Request for url: http://localhost:8001/v1/chat/completions
mt/set_9/frenetic/test-438,2026-08-30T18:50:07.894724+00:00,2026-08-30T18:50:07.896357+00:00,0.0016,error,0,,0,0,0,0.0,400 Client Error: Bad Request for url: http://localhost:8001/v1/chat/completions
mt/set_10/ambiegen/test-516,2026-08-30T18:50:07.896378+00:00,2026-08-30T18:50:07.898027+00:00,0.0016,error,0,,0,0,0,0.0,400 Client Error: Bad Request for url: http://localhost:8001/v1/chat/completions
mt/set_12/ambiegen/test-896,2026-08-30T18:50:07.898048+00:00,2026-08-30T18:50:07.899689+00:00,0.0016,error,0,,0,0,0,0.0,400 Client Error: Bad Request for url: http://localhost:8001/v1/chat/completions
mt/set_9/ambiegen/test-256,2026-08-30T18:50:07.899711+00:00,2026-08-30T18:50:07.901340+00:00,0.0016,error,0,,0,0,0,0.0,400 Client Error: Bad Request for url: http://localhost:8001/v1/chat/completions
mt/set_14/frenetic_v/test-895,2026-08-30T18:50:07.901362+00:00,2026-08-30T18:50:07.903008+00:00,0.0016,error,0,,0,0,0,0.0,400 Client Error: Bad Request for url: http://localhost:8001/v1/chat/completions
mt/set_6/frenetic_v/test-226,2026-08-30T18:50:07.903030+00:00,2026-08-30T18:50:07.904692+00:00,0.0016,error,0,,0,0,0,0.0,400 Client Error: Bad Request for url: http://localhost:8001/v1/chat/completions
mt/set_9/ambiegen/test-69,2026-08-30T18:50:07.904713+00:00,2026-08-30T18:50:07.906340+00:00,0.0016,error,0,,0,0,0,0.0,400 Client Error: Bad Request for url: http://localhost:8001/v1/chat/completions
mt/set_16/ambiegen/test-804,2026-08-30T18:50:07.906361+00:00,2026-08-30T18:50:07.913142+00:00,0.0067,error,0,,0,0,0,0.0,400 Client Error: Bad Request for url: http://localhost:8001/v1/chat/completions
mt/set_11/ambiegen/test-845,2026-08-30T18:50:07.913190+00:00,2026-08-30T18:50:07.916340+00:00,0.0031,error,0,,0,0,0,0.0,400 Client Error: Bad Request for url: http://localhost:8001/v1/chat/completions
mt/set_11/ambiegen/test-647,2026-08-30T18:50:07.916386+00:00,2026-08-30T18:50:07.918897+00:00,0.0025,error,0,,0,0,0,0.0,400 Client Error: Bad Request for url: http://localhost:8001/v1/chat/completions
mt/set_7/frenetic_v/odr/test-723,2026-08-30T18:50:07.918924+00:00,2026-08-30T18:50:07.920838+00:00,0.0019,error,0,,0,0,0,0.0,400 Client Error: Bad Request for url: http://localhost:8001/v1/chat/completions
mt_set6/frenetic/test-494,2026-08-30T18:50:07.920862+00:00,2026-08-30T18:50:07.922654+00:00,0.0017,error,0,,0,0,0,0.0,400 Client Error: Bad Request for url: http://localhost:8001/v1/chat/completions
mt/set_14/ambiegen/test-476,2026-08-30T18:50:07.922677+00:00,2026-08-30T18:50:07.924533+00:00,0.0018,error,0,,0,0,0,0.0,400 Client Error: Bad Request for url: http://localhost:8001/v1/chat/completions
mt/set_9/frenetic/test-90,2026-08-30T18:50:07.924557+00:00,2026-08-30T18:50:07.926387+00:00,0.0018,error,0,,0,0,0,0.0,400 Client Error: Bad Request for url: http://localhost:8001/v1/chat/completions
mt/set_13/ambiegen/test-747,2026-08-30T18:50:07.926411+00:00,2026-08-30T18:50:07.928242+00:00,0.0018,error,0,,0,0,0,0.0,400 Client Error: Bad Request for url: http://localhost:8001/v1/chat/completions
mt/set_13/ambiegen/test-22,2026-08-30T18:50:07.928267+00:00,2026-08-30T18:50:07.930033+00:00,0.0017,error,0,,0,0,0,0.0,400 Client Error: Bad Request for url: http://localhost:8001/v1/chat/completions
mt/set_11/frenetic_v/test-195,2026-08-30T18:50:07.930056+00:00,2026-08-30T18:50:07.931791+00:00,0.0017,error,0,,0,0,0,0.0,400 Client Error: Bad Request for url: http://localhost:8001/v1/chat/completions
mt/set_14/frenetic/test-889,2026-08-30T18:50:07.931813+00:00,2026-08-30T18:50:07.933581+00:00,0.0017,error,0,,0,0,0,0.0,400 Client Error: Bad Request for url: http://localhost:8001/v1/chat/completions
mt/set_16/ambiegen/test-438,2026-08-30T18:50:07.933604+00:00,2026-08-30T18:50:07.935322+00:00,0.0017,error,0,,0,0,0,0.0,400 Client Error: Bad Request for url: http://localhost:8001/v1/chat/completions
mt/set_14/ambiegen/test-754,2026-08-30T18:50:07.935344+00:00,2026-08-30T18:50:07.937057+00:00,0.0017,error,0,,0,0,0,0.0,400 Client Error: Bad Request for url: http://localhost:8001/v1/chat/completions
mt/set_10/frenetic_v/test-254,2026-08-30T18:50:07.937079+00:00,2026-08-30T18:50:07.938770+00:00,0.0016,error,0,,0,0,0,0.0,400 Client Error: Bad Request for url: http://localhost:8001/v1/chat/completions
mt/set_13/frenetic/test-496,2026-08-30T18:50:07.938792+00:00,2026-08-30T18:50:07.940469+00:00,0.0016,error,0,,0,0,0,0.0,400 Client Error: Bad Request for url: http://localhost:8001/v1/chat/completions
mt/set_13/frenetic/test-862,2026-08-30T18:50:07.940492+00:00,2026-08-30T18:50:07.942167+00:00,0.0016,error,0,,0,0,0,0.0,400 Client Error: Bad Request for url: http://localhost:8001/v1/chat/completions
mt/set_11/frenetic/test-824,2026-08-30T18:50:07.942189+00:00,2026-08-30T18:50:07.943863+00:00,0.0016,error,0,,0,0,0,0.0,400 Client Error: Bad Request for url: http://localhost:8001/v1/chat/completions
mt/set_13/ambiegen/test-537,2026-08-30T18:50:07.944049+00:00,2026-08-30T18:50:07.946437+00:00,0.0023,error,0,,0,0,0,0.0,400 Client Error: Bad Request for url: http://localhost:8001/v1/chat/completions
mt/set_6/frenetic_v/test-637,2026-08-30T18:50:07.946466+00:00,2026-08-30T18:50:07.948263+00:00,0.0017,error,0,,0,0,0,0.0,400 Client Error: Bad Request for url: http://localhost:8001/v1/chat/completions
mt/set_17/frenetic/test-268,2026-08-30T18:50:07.948287+00:00,2026-08-30T18:50:07.949938+00:00,0.0016,error,0,,0,0,0,0.0,400 Client Error: Bad Request for url: http://localhost:8001/v1/chat/completions
mt/set_9/frenetic_v/test-638,2026-08-30T18:50:07.949962+00:00,2026-08-30T18:50:07.951641+00:00,0.0016,error,0,,0,0,0,0.0,400 Client Error: Bad Request for url: http://localhost:8001/v1/chat/completions
mt/set_16/frenetic/test-42,2026-08-30T18:50:07.951663+00:00,2026-08-30T18:50:07.953310+00:00,0.0016,error,0,,0,0,0,0.0,400 Client Error: Bad Request for url: http://localhost:8001/v1/chat/completions
mt/set_16/ambiegen/test-674,2026-08-30T18:50:07.953333+00:00,2026-08-30T18:50:07.954986+00:00,0.0016,error,0,,0,0,0,0.0,400 Client Error: Bad Request for url: http://localhost:8001/v1/chat/completions
mt/set_12/ambiegen/test-195,2026-08-30T18:50:07.955009+00:00,2026-08-30T18:50:07.956658+00:00,0.0016,error,0,,0,0,0,0.0,400 Client Error: Bad Request for url: http://localhost:8001/v1/chat/completions
mt/set_2/ambiegen/odr/test-96,2026-08-30T18:50:07.956681+00:00,2026-08-30T18:50:07.958328+00:00,0.0016,error,0,,0,0,0,0.0,400 Client Error: Bad Request for url: http://localhost:8001/v1/chat/completions
mt/set_10/frenetic_v/test-289,2026-08-30T18:50:07.958350+00:00,2026-08-30T18:50:07.960039+00:00,0.0016,error,0,,0,0,0,0.0,400 Client Error: Bad Request for url: http://localhost:8001/v1/chat/completions
mt/set_18/frenetic/test-195,2026-08-30T18:50:07.960065+00:00,2026-08-30T18:50:07.962411+00:00,0.0023,error,0,,0,0,0,0.0,400 Client Error: Bad Request for url: http://localhost:8001/v1/chat/completions
mt/set_11/frenetic/test-837,2026-08-30T18:50:07.962435+00:00,2026-08-30T18:50:07.964153+00:00,0.0017,error,0,,0,0,0,0.0,400 Client Error: Bad Request for url: http://localhost:8001/v1/chat/completions
mt/set_8/frenetic/odr/test-169,2026-08-30T18:50:07.964175+00:00,2026-08-30T18:50:07.965831+00:00,0.0016,error,0,,0,0,0,0.0,400 Client Error: Bad Request for url: http://localhost:8001/v1/chat/completions
mt/set_18/frenetic/test-648,2026-08-30T18:50:07.965854+00:00,2026-08-30T18:50:07.967504+00:00,0.0016,error,0,,0,0,0,0.0,400 Client Error: Bad Request for url: http://localhost:8001/v1/chat/completions
mt/set_7/frenetic/odr/test-179,2026-08-30T18:50:07.967526+00:00,2026-08-30T18:50:07.969171+00:00,0.0016,error,0,,0,0,0,0.0,400 Client Error: Bad Request for url: http://localhost:8001/v1/chat/completions
mt/set_7/frenetic_v/odr/test-469,2026-08-30T18:50:07.969194+00:00,2026-08-30T18:50:07.970861+00:00,0.0016,error,0,,0,0,0,0.0,400 Client Error: Bad Request for url: http://localhost:8001/v1/chat/completions
mt/set_8/frenetic_v/odr/test-208,2026-08-30T18:50:07.970885+00:00,2026-08-30T18:50:07.972535+00:00,0.0016,error,0,,0,0,0,0.0,400 Client Error: Bad Request for url: http://localhost:8001/v1/chat/completions
mt/set_14/ambiegen/test-330,2026-08-30T18:50:07.972557+00:00,2026-08-30T18:50:07.974282+00:00,0.0016,error,0,,0,0,0,0.0,400 Client Error: Bad Request for url: http://localhost:8001/v1/chat/completions
mt/set_17/frenetic_v/test-632,2026-08-30T18:50:07.974317+00:00,2026-08-30T18:50:07.976310+00:00,0.0019,error,0,,0,0,0,0.0,400 Client Error: Bad Request for url: http://localhost:8001/v1/chat/completions
mt/set_13/frenetic_v/test-564,2026-08-30T18:50:07.976341+00:00,2026-08-30T18:50:07.978094+00:00,0.0017,error,0,,0,0,0,0.0,400 Client Error: Bad Request for url: http://localhost:8001/v1/chat/completions
mt/set_10/frenetic_v/test-119,2026-08-30T18:50:07.978116+00:00,2026-08-30T18:50:07.979770+00:00,0.0016,error,0,,0,0,0,0.0,400 Client Error: Bad Request for url: http://localhost:8001/v1/chat/completions
mt/set_10/ambiegen/test-756,2026-08-30T18:50:07.979792+00:00,2026-08-30T18:50:07.981417+00:00,0.0016,error,0,,0,0,0,0.0,400 Client Error: Bad Request for url: http://localhost:8001/v1/chat/completions
mt/set_11/ambiegen/test-57,2026-08-30T18:50:07.981440+00:00,2026-08-30T18:50:07.984481+00:00,0.0029,error,0,,0,0,0,0.0,400 Client Error: Bad Request for url: http://localhost:8001/v1/chat/completions
mt/set_10/frenetic/test-207,2026-08-30T18:50:07.984530+00:00,2026-08-30T18:50:07.986660+00:00,0.0021,error,0,,0,0,0,0.0,400 Client Error: Bad Request for url: http://localhost:8001/v1/chat/completions
mt/set_18/frenetic_v/test-228,2026-08-30T18:50:07.986696+00:00,2026-08-30T18:50:07.988447+00:00,0.0017,error,0,,0,0,0,0.0,400 Client Error: Bad Request for url: http://localhost:8001/v1/chat/completions
mt/set_11/frenetic/test-944,2026-08-30T18:50:07.988470+00:00,2026-08-30T18:50:07.990114+00:00,0.0016,error,0,,0,0,0,0.0,400 Client Error: Bad Request for url: http://localhost:8001/v1/chat/completions
mt/set_9/frenetic_v/test-159,2026-08-30T18:50:07.990136+00:00,2026-08-30T18:50:07.991805+00:00,0.0016,error,0,,0,0,0,0.0,400 Client Error: Bad Request for url: http://localhost:8001/v1/chat/completions
mt_set5/frenetic_v/test-680,2026-08-30T18:50:07.991834+00:00,2026-08-30T18:50:07.993494+00:00,0.0016,error,0,,0,0,0,0.0,400 Client Error: Bad Request for url: http://localhost:8001/v1/chat/completions
mt/set_16/ambiegen/test-662,2026-08-30T18:50:07.993516+00:00,2026-08-30T18:50:07.995203+00:00,0.0016,error,0,,0,0,0,0.0,400 Client Error: Bad Request for url: http://localhost:8001/v1/chat/completions
mt/set_14/ambiegen/test-901,2026-08-30T18:50:07.995227+00:00,2026-08-30T18:50:07.996863+00:00,0.0016,error,0,,0,0,0,0.0,400 Client Error: Bad Request for url: http://localhost:8001/v1/chat/completions
mt/set_2/ambiegen/odr/test-127,2026-08-30T18:50:07.996885+00:00,2026-08-30T18:50:07.998565+00:00,0.0016,error,0,,0,0,0,0.0,400 Client Error: Bad Request for url: http://localhost:8001/v1/chat/completions
mt/set_8/ambiegen/odr/test-325,2026-08-30T18:50:07.998588+00:00,2026-08-30T18:50:08.000488+00:00,0.0018,error,0,,0,0,0,0.0,400 Client Error: Bad Request for url: http://localhost:8001/v1/chat/completions
mt_set6/frenetic/test-587,2026-08-30T18:50:08.000512+00:00,2026-08-30T18:50:08.002231+00:00,0.0017,error,0,,0,0,0,0.0,400 Client Error: Bad Request for url: http://localhost:8001/v1/chat/completions
mt/set_11/frenetic/test-725,2026-08-30T18:50:08.002253+00:00,2026-08-30T18:50:08.003967+00:00,0.0017,error,0,,0,0,0,0.0,400 Client Error: Bad Request for url: http://localhost:8001/v1/chat/completions
mt/set_17/ambiegen/test-661,2026-08-30T18:50:08.003990+00:00,2026-08-30T18:50:08.005658+00:00,0.0016,error,0,,0,0,0,0.0,400 Client Error: Bad Request for url: http://localhost:8001/v1/chat/completions
mt/set_9/ambiegen/test-912,2026-08-30T18:50:08.005682+00:00,2026-08-30T18:50:08.007353+00:00,0.0016,error,0,,0,0,0,0.0,400 Client Error: Bad Request for url: http://localhost:8001/v1/chat/completions
mt_set6/frenetic/test-187,2026-08-30T18:50:08.007376+00:00,2026-08-30T18:50:08.009063+00:00,0.0016,error,0,,0,0,0,0.0,400 Client Error: Bad Request for url: http://localhost:8001/v1/chat/completions
mt/set_8/ambiegen/odr/test-606,2026-08-30T18:50:08.009086+00:00,2026-08-30T18:50:08.010753+00:00,0.0016,error,0,,0,0,0,0.0,400 Client Error: Bad Request for url: http://localhost:8001/v1/chat/completions
mt/set_14/frenetic_v/test-207,2026-08-30T18:50:08.010777+00:00,2026-08-30T18:50:08.012647+00:00,0.0016,error,0,,0,0,0,0.0,400 Client Error: Bad Request for url: http://localhost:8001/v1/chat/completions
mt/set_16/ambiegen/test-792,2026-08-30T18:50:08.012730+00:00,2026-08-30T18:50:08.015328+00:00,0.0025,error,0,,0,0,0,0.0,400 Client Error: Bad Request for url: http://localhost:8001/v1/chat/completions
mt/set_16/frenetic/test-633,2026-08-30T18:50:08.015357+00:00,2026-08-30T18:50:08.017115+00:00,0.0017,error,0,,0,0,0,0.0,400 Client Error: Bad Request for url: http://localhost:8001/v1/chat/completions
mt/set_11/frenetic_v/test-321,2026-08-30T18:50:08.017138+00:00,2026-08-30T18:50:08.018817+00:00,0.0016,error,0,,0,0,0,0.0,400 Client Error: Bad Request for url: http://localhost:8001/v1/chat/completions
mt/set_7/frenetic_v/odr/test-872,2026-08-30T18:50:08.018840+00:00,2026-08-30T18:50:08.020504+00:00,0.0016,error,0,,0,0,0,0.0,400 Client Error: Bad Request for url: http://localhost:8001/v1/chat/completions
mt/set_10/frenetic_v/test-525,2026-08-30T18:50:08.020527+00:00,2026-08-30T18:50:08.022210+00:00,0.0016,error,0,,0,0,0,0.0,400 Client Error: Bad Request for url: http://localhost:8001/v1/chat/completions
mt/set_12/frenetic/test-614,2026-08-30T18:50:08.022233+00:00,2026-08-30T18:50:08.023922+00:00,0.0016,error,0,,0,0,0,0.0,400 Client Error: Bad Request for url: http://localhost:8001/v1/chat/completions
mt/set_9/ambiegen/test-816,2026-08-30T18:50:08.023944+00:00,2026-08-30T18:50:08.025607+00:00,0.0016,error,0,,0,0,0,0.0,400 Client Error: Bad Request for url: http://localhost:8001/v1/chat/completions
mt_set5/ambiegen/test-102,2026-08-30T18:50:08.025630+00:00,2026-08-30T18:50:08.027304+00:00,0.0016,error,0,,0,0,0,0.0,400 Client Error: Bad Request for url: http://localhost:8001/v1/chat/completions
mt/set_7/frenetic_v/odr/test-570,2026-08-30T18:50:08.027326+00:00,2026-08-30T18:50:08.028976+00:00,0.0016,error,0,,0,0,0,0.0,400 Client Error: Bad Request for url: http://localhost:8001/v1/chat/completions
mt_set5/frenetic/test-337,2026-08-30T18:50:08.028999+00:00,2026-08-30T18:50:08.030637+00:00,0.0016,error,0,,0,0,0,0.0,400 Client Error: Bad Request for url: http://localhost:8001/v1/chat/completions
mt/set_11/frenetic_v/test-163,2026-08-30T18:50:08.030660+00:00,2026-08-30T18:50:08.032327+00:00,0.0016,error,0,,0,0,0,0.0,400 Client Error: Bad Request for url: http://localhost:8001/v1/chat/completions
mt/set_10/ambiegen/test-485,2026-08-30T18:50:08.032350+00:00,2026-08-30T18:50:08.034004+00:00,0.0016,error,0,,0,0,0,0.0,400 Client Error: Bad Request for url: http://localhost:8001/v1/chat/completions
mt/set_10/ambiegen/test-78,2026-08-30T18:50:08.034056+00:00,2026-08-30T18:50:08.035717+00:00,0.0016,error,0,,0,0,0,0.0,400 Client Error: Bad Request for url: http://localhost:8001/v1/chat/completions
mt_set5/frenetic_v/test-816,2026-08-30T18:50:08.035740+00:00,2026-08-30T18:50:08.037400+00:00,0.0016,error,0,,0,0,0,0.0,400 Client Error: Bad Request for url: http://localhost:8001/v1/chat/completions
mt/set_10/frenetic_v/test-381,2026-08-30T18:50:08.037423+00:00,2026-08-30T18:50:08.039109+00:00,0.0016,error,0,,0,0,0,0.0,400 Client Error: Bad Request for url: http://localhost:8001/v1/chat/completions
mt/set_12/ambiegen/test-561,2026-08-30T18:50:08.039134+00:00,2026-08-30T18:50:08.041122+00:00,0.0019,error,0,,0,0,0,0.0,400 Client Error: Bad Request for url: http://localhost:8001/v1/chat/completions
mt_set5/ambiegen/test-32,2026-08-30T18:50:08.041152+00:00,2026-08-30T18:50:08.042898+00:00,0.0017,error,0,,0,0,0,0.0,400 Client Error: Bad Request for url: http://localhost:8001/v1/chat/completions
mt/set_8/frenetic/odr/test-46,2026-08-30T18:50:08.042922+00:00,2026-08-30T18:50:08.044598+00:00,0.0016,error,0,,0,0,0,0.0,400 Client Error: Bad Request for url: http://localhost:8001/v1/chat/completions
mt_set6/frenetic/test-618,2026-08-30T18:50:08.044621+00:00,2026-08-30T18:50:08.046287+00:00,0.0016,error,0,,0,0,0,0.0,400 Client Error: Bad Request for url: http://localhost:8001/v1/chat/completions
mt/set_13/frenetic/test-214,2026-08-30T18:50:08.046309+00:00,2026-08-30T18:50:08.047973+00:00,0.0016,error,0,,0,0,0,0.0,400 Client Error: Bad Request for url: http://localhost:8001/v1/chat/completions
mt/set_9/ambiegen/test-386,2026-08-30T18:50:08.047996+00:00,2026-08-30T18:50:08.049657+00:00,0.0016,error,0,,0,0,0,0.0,400 Client Error: Bad Request for url: http://localhost:8001/v1/chat/completions
mt/set_9/frenetic_v/test-238,2026-08-30T18:50:08.049680+00:00,2026-08-30T18:50:08.051338+00:00,0.0016,error,0,,0,0,0,0.0,400 Client Error: Bad Request for url: http://localhost:8001/v1/chat/completions
mt/set_10/frenetic/test-316,2026-08-30T18:50:08.051361+00:00,2026-08-30T18:50:08.053006+00:00,0.0016,error,0,,0,0,0,0.0,400 Client Error: Bad Request for url: http://localhost:8001/v1/chat/completions
mt/set_2/ambiegen/odr/test-119,2026-08-30T18:50:08.053029+00:00,2026-08-30T18:50:08.054677+00:00,0.0016,error,0,,0,0,0,0.0,400 Client Error: Bad Request for url: http://localhost:8001/v1/chat/completions
mt/set_12/ambiegen/test-63,2026-08-30T18:50:08.054706+00:00,2026-08-30T18:50:08.056345+00:00,0.0016,error,0,,0,0,0,0.0,400 Client Error: Bad Request for url: http://localhost:8001/v1/chat/completions
mt/set_16/frenetic/test-387,2026-08-30T18:50:08.056367+00:00,2026-08-30T18:50:08.058017+00:00,0.0016,error,0,,0,0,0,0.0,400 Client Error: Bad Request for url: http://localhost:8001/v1/chat/completions
mt/set_12/ambiegen/test-847,2026-08-30T18:50:08.058039+00:00,2026-08-30T18:50:08.059728+00:00,0.0016,error,0,,0,0,0,0.0,400 Client Error: Bad Request for url: http://localhost:8001/v1/chat/completions
mt/set_17/frenetic/test-870,2026-08-30T18:50:08.059751+00:00,2026-08-30T18:50:08.061388+00:00,0.0016,error,0,,0,0,0,0.0,400 Client Error: Bad Request for url: http://localhost:8001/v1/chat/completions
mt/set_13/ambiegen/test-201,2026-08-30T18:50:08.061410+00:00,2026-08-30T18:50:08.063090+00:00,0.0016,error,0,,0,0,0,0.0,400 Client Error: Bad Request for url: http://localhost:8001/v1/chat/completions
mt/set_13/frenetic_v/test-935,2026-08-30T18:50:08.063113+00:00,2026-08-30T18:50:08.064743+00:00,0.0016,error,0,,0,0,0,0.0,400 Client Error: Bad Request for url: http://localhost:8001/v1/chat/completions
mt/set_8/frenetic_v/odr/test-480,2026-08-30T18:50:08.064765+00:00,2026-08-30T18:50:08.066455+00:00,0.0016,error,0,,0,0,0,0.0,400 Client Error: Bad Request for url: http://localhost:8001/v1/chat/completions
mt_set5/frenetic/test-668,2026-08-30T18:50:08.066477+00:00,2026-08-30T18:50:08.068306+00:00,0.0018,error,0,,0,0,0,0.0,400 Client Error: Bad Request for url: http://localhost:8001/v1/chat/completions
mt/set_9/ambiegen/test-22,2026-08-30T18:50:08.068336+00:00,2026-08-30T18:50:08.070109+00:00,0.0017,error,0,,0,0,0,0.0,400 Client Error: Bad Request for url: http://localhost:8001/v1/chat/completions
mt/set_8/frenetic/odr/test-475,2026-08-30T18:50:08.070132+00:00,2026-08-30T18:50:08.071793+00:00,0.0016,error,0,,0,0,0,0.0,400 Client Error: Bad Request for url: http://localhost:8001/v1/chat/completions
mt/set_11/frenetic_v/test-511,2026-08-30T18:50:08.071815+00:00,2026-08-30T18:50:08.073455+00:00,0.0016,error,0,,0,0,0,0.0,400 Client Error: Bad Request for url: http://localhost:8001/v1/chat/completions
mt/set_13/frenetic_v/test-465,2026-08-30T18:50:08.073478+00:00,2026-08-30T18:50:08.075360+00:00,0.0016,error,0,,0,0,0,0.0,400 Client Error: Bad Request for url: http://localhost:8001/v1/chat/completions
mt_set5/frenetic_v/test-708,2026-08-30T18:50:08.075440+00:00,2026-08-30T18:50:08.077749+00:00,0.0022,error,0,,0,0,0,0.0,400 Client Error: Bad Request for url: http://localhost:8001/v1/chat/completions
mt/set_12/frenetic/test-847,2026-08-30T18:50:08.077778+00:00,2026-08-30T18:50:08.079521+00:00,0.0017,error,0,,0,0,0,0.0,400 Client Error: Bad Request for url: http://localhost:8001/v1/chat/completions
mt/set_6/frenetic_v/test-934,2026-08-30T18:50:08.079543+00:00,2026-08-30T18:50:08.081170+00:00,0.0016,error,0,,0,0,0,0.0,400 Client Error: Bad Request for url: http://localhost:8001/v1/chat/completions
mt/set_13/frenetic_v/test-668,2026-08-30T18:50:08.081192+00:00,2026-08-30T18:50:08.082837+00:00,0.0016,error,0,,0,0,0,0.0,400 Client Error: Bad Request for url: http://localhost:8001/v1/chat/completions
mt/set_9/frenetic/test-340,2026-08-30T18:50:08.082859+00:00,2026-08-30T18:50:08.084483+00:00,0.0016,error,0,,0,0,0,0.0,400 Client Error: Bad Request for url: http://localhost:8001/v1/chat/completions
mt/set_2/ambiegen/odr/test-519,2026-08-30T18:50:08.084504+00:00,2026-08-30T18:50:08.086135+00:00,0.0016,error,0,,0,0,0,0.0,400 Client Error: Bad Request for url: http://localhost:8001/v1/chat/completions
mt/set_8/ambiegen/odr/test-936,2026-08-30T18:50:08.086157+00:00,2026-08-30T18:50:08.087799+00:00,0.0016,error,0,,0,0,0,0.0,400 Client Error: Bad Request for url: http://localhost:8001/v1/chat/completions
mt/set_2/ambiegen/odr/test-182,2026-08-30T18:50:08.087821+00:00,2026-08-30T18:50:08.089440+00:00,0.0016,error,0,,0,0,0,0.0,400 Client Error: Bad Request for url: http://localhost:8001/v1/chat/completions
mt/set_18/ambiegen/test-794,2026-08-30T18:50:08.089462+00:00,2026-08-30T18:50:08.091331+00:00,0.0018,error,0,,0,0,0,0.0,400 Client Error: Bad Request for url: http://localhost:8001/v1/chat/completions
mt/set_11/ambiegen/test-544,2026-08-30T18:50:08.091355+00:00,2026-08-30T18:50:08.093033+00:00,0.0016,error,0,,0,0,0,0.0,400 Client Error: Bad Request for url: http://localhost:8001/v1/chat/completions
mt/set_14/frenetic/test-698,2026-08-30T18:50:08.093055+00:00,2026-08-30T18:50:08.094682+00:00,0.0016,error,0,,0,0,0,0.0,400 Client Error: Bad Request for url: http://localhost:8001/v1/chat/completions
mt_set5/frenetic_v/test-293,2026-08-30T18:50:08.094713+00:00,2026-08-30T18:50:08.096356+00:00,0.0016,error,0,,0,0,0,0.0,400 Client Error: Bad Request for url: http://localhost:8001/v1/chat/completions
mt/set_16/frenetic/test-63,2026-08-30T18:50:08.096379+00:00,2026-08-30T18:50:08.097999+00:00,0.0016,error,0,,0,0,0,0.0,400 Client Error: Bad Request for url: http://localhost:8001/v1/chat/completions
mt/set_9/ambiegen/test-587,2026-08-30T18:50:08.098021+00:00,2026-08-30T18:50:08.099666+00:00,0.0016,error,0,,0,0,0,0.0,400 Client Error: Bad Request for url: http://localhost:8001/v1/chat/completions
mt/set_10/frenetic_v/test-766,2026-08-30T18:50:08.099689+00:00,2026-08-30T18:50:08.101308+00:00,0.0016,error,0,,0,0,0,0.0,400 Client Error: Bad Request for url: http://localhost:8001/v1/chat/completions
mt/set_17/frenetic/test-341,2026-08-30T18:50:08.101331+00:00,2026-08-30T18:50:08.102960+00:00,0.0016,error,0,,0,0,0,0.0,400 Client Error: Bad Request for url: http://localhost:8001/v1/chat/completions
mt/set_14/ambiegen/test-475,2026-08-30T18:50:08.102982+00:00,2026-08-30T18:50:08.104636+00:00,0.0016,error,0,,0,0,0,0.0,400 Client Error: Bad Request for url: http://localhost:8001/v1/chat/completions
mt/set_2/ambiegen/odr/test-39,2026-08-30T18:50:08.104658+00:00,2026-08-30T18:50:08.106275+00:00,0.0016,error,0,,0,0,0,0.0,400 Client Error: Bad Request for url: http://localhost:8001/v1/chat/completions
mt/set_16/frenetic/test-919,2026-08-30T18:50:08.106298+00:00,2026-08-30T18:50:08.107935+00:00,0.0016,error,0,,0,0,0,0.0,400 Client Error: Bad Request for url: http://localhost:8001/v1/chat/completions
mt/set_10/frenetic/test-354,2026-08-30T18:50:08.107958+00:00,2026-08-30T18:50:08.109603+00:00,0.0016,error,0,,0,0,0,0.0,400 Client Error: Bad Request for url: http://localhost:8001/v1/chat/completions
mt/set_12/frenetic/test-502,2026-08-30T18:50:08.109625+00:00,2026-08-30T18:50:08.111258+00:00,0.0016,error,0,,0,0,0,0.0,400 Client Error: Bad Request for url: http://localhost:8001/v1/chat/completions
mt/set_11/frenetic_v/test-655,2026-08-30T18:50:08.111280+00:00,2026-08-30T18:50:08.112911+00:00,0.0016,error,0,,0,0,0,0.0,400 Client Error: Bad Request for url: http://localhost:8001/v1/chat/completions
mt/set_10/frenetic/test-57,2026-08-30T18:50:08.112933+00:00,2026-08-30T18:50:08.114559+00:00,0.0016,error,0,,0,0,0,0.0,400 Client Error: Bad Request for url: http://localhost:8001/v1/chat/completions
mt/set_7/ambiegen/odr/test-952,2026-08-30T18:50:08.114581+00:00,2026-08-30T18:50:08.116229+00:00,0.0016,error,0,,0,0,0,0.0,400 Client Error: Bad Request for url: http://localhost:8001/v1/chat/completions
mt/set_9/ambiegen/test-901,2026-08-30T18:50:08.116252+00:00,2026-08-30T18:50:08.117895+00:00,0.0016,error,0,,0,0,0,0.0,400 Client Error: Bad Request for url: http://localhost:8001/v1/chat/completions
mt/set_13/frenetic/test-101,2026-08-30T18:50:08.117918+00:00,2026-08-30T18:50:08.119556+00:00,0.0016,error,0,,0,0,0,0.0,400 Client Error: Bad Request for url: http://localhost:8001/v1/chat/completions
mt/set_2/ambiegen/odr/test-593,2026-08-30T18:50:08.119601+00:00,2026-08-30T18:50:08.121253+00:00,0.0016,error,0,,0,0,0,0.0,400 Client Error: Bad Request for url: http://localhost:8001/v1/chat/completions
mt/set_9/frenetic_v/test-83,2026-08-30T18:50:08.121277+00:00,2026-08-30T18:50:08.122923+00:00,0.0016,error,0,,0,0,0,0.0,400 Client Error: Bad Request for url: http://localhost:8001/v1/chat/completions
mt/set_2/ambiegen/odr/test-417,2026-08-30T18:50:08.122945+00:00,2026-08-30T18:50:08.124567+00:00,0.0016,error,0,,0,0,0,0.0,400 Client Error: Bad Request for url: http://localhost:8001/v1/chat/completions
mt/set_11/ambiegen/test-269,2026-08-30T18:50:08.124589+00:00,2026-08-30T18:50:08.126268+00:00,0.0016,error,0,,0,0,0,0.0,400 Client Error: Bad Request for url: http://localhost:8001/v1/chat/completions
mt/set_17/frenetic/test-531,2026-08-30T18:50:08.126290+00:00,2026-08-30T18:50:08.128672+00:00,0.0023,error,0,,0,0,0,0.0,400 Client Error: Bad Request for url: http://localhost:8001/v1/chat/completions
mt/set_2/ambiegen/odr/test-276,2026-08-30T18:50:08.128694+00:00,2026-08-30T18:50:08.130381+00:00,0.0016,error,0,,0,0,0,0.0,400 Client Error: Bad Request for url: http://localhost:8001/v1/chat/completions
mt/set_6/frenetic_v/test-25,2026-08-30T18:50:08.130405+00:00,2026-08-30T18:50:08.132057+00:00,0.0016,error,0,,0,0,0,0.0,400 Client Error: Bad Request for url: http://localhost:8001/v1/chat/completions
mt/set_9/frenetic_v/test-119,2026-08-30T18:50:08.132079+00:00,2026-08-30T18:50:08.133696+00:00,0.0016,error,0,,0,0,0,0.0,400 Client Error: Bad Request for url: http://localhost:8001/v1/chat/completions
mt/set_10/ambiegen/test-721,2026-08-30T18:50:08.133717+00:00,2026-08-30T18:50:08.135365+00:00,0.0016,error,0,,0,0,0,0.0,400 Client Error: Bad Request for url: http://localhost:8001/v1/chat/completions
mt/set_16/frenetic/test-361,2026-08-30T18:50:08.135387+00:00,2026-08-30T18:50:08.137008+00:00,0.0016,error,0,,0,0,0,0.0,400 Client Error: Bad Request for url: http://localhost:8001/v1/chat/completions
mt_set5/ambiegen/test-335,2026-08-30T18:50:08.137030+00:00,2026-08-30T18:50:08.138650+00:00,0.0016,error,0,,0,0,0,0.0,400 Client Error: Bad Request for url: http://localhost:8001/v1/chat/completions
mt/set_9/frenetic/test-66,2026-08-30T18:50:08.138672+00:00,2026-08-30T18:50:08.140417+00:00,0.0016,error,0,,0,0,0,0.0,400 Client Error: Bad Request for url: http://localhost:8001/v1/chat/completions
mt/set_17/ambiegen/test-584,2026-08-30T18:50:08.140452+00:00,2026-08-30T18:50:08.142371+00:00,0.0019,error,0,,0,0,0,0.0,400 Client Error: Bad Request for url: http://localhost:8001/v1/chat/completions
mt/set_18/frenetic/test-892,2026-08-30T18:50:08.142400+00:00,2026-08-30T18:50:08.144149+00:00,0.0017,error,0,,0,0,0,0.0,400 Client Error: Bad Request for url: http://localhost:8001/v1/chat/completions
mt/set_18/frenetic/test-122,2026-08-30T18:50:08.144172+00:00,2026-08-30T18:50:08.145816+00:00,0.0016,error,0,,0,0,0,0.0,400 Client Error: Bad Request for url: http://localhost:8001/v1/chat/completions
mt/set_14/ambiegen/test-442,2026-08-30T18:50:08.145838+00:00,2026-08-30T18:50:08.147472+00:00,0.0016,error,0,,0,0,0,0.0,400 Client Error: Bad Request for url: http://localhost:8001/v1/chat/completions
mt/set_13/frenetic_v/test-582,2026-08-30T18:50:08.147494+00:00,2026-08-30T18:50:08.149123+00:00,0.0016,error,0,,0,0,0,0.0,400 Client Error: Bad Request for url: http://localhost:8001/v1/chat/completions
mt/set_17/ambiegen/test-222,2026-08-30T18:50:08.149146+00:00,2026-08-30T18:50:08.150773+00:00,0.0016,error,0,,0,0,0,0.0,400 Client Error: Bad Request for url: http://localhost:8001/v1/chat/completions
mt/set_12/frenetic/test-461,2026-08-30T18:50:08.150795+00:00,2026-08-30T18:50:08.152430+00:00,0.0016,error,0,,0,0,0,0.0,400 Client Error: Bad Request for url: http://localhost:8001/v1/chat/completions
mt/set_11/frenetic_v/test-641,2026-08-30T18:50:08.152452+00:00,2026-08-30T18:50:08.154078+00:00,0.0016,error,0,,0,0,0,0.0,400 Client Error: Bad Request for url: http://localhost:8001/v1/chat/completions
mt/set_7/frenetic/odr/test-728,2026-08-30T18:50:08.154101+00:00,2026-08-30T18:50:08.155727+00:00,0.0016,error,0,,0,0,0,0.0,400 Client Error: Bad Request for url: http://localhost:8001/v1/chat/completions
mt/set_7/frenetic/odr/test-798,2026-08-30T18:50:08.155749+00:00,2026-08-30T18:50:08.157582+00:00,0.0016,error,0,,0,0,0,0.0,400 Client Error: Bad Request for url: http://localhost:8001/v1/chat/completions
mt/set_11/frenetic/test-922,2026-08-30T18:50:08.157655+00:00,2026-08-30T18:50:08.160317+00:00,0.0026,error,0,,0,0,0,0.0,400 Client Error: Bad Request for url: http://localhost:8001/v1/chat/completions
mt/set_9/frenetic/test-109,2026-08-30T18:50:08.160347+00:00,2026-08-30T18:50:08.162077+00:00,0.0017,error,0,,0,0,0,0.0,400 Client Error: Bad Request for url: http://localhost:8001/v1/chat/completions
mt/set_7/ambiegen/odr/test-251,2026-08-30T18:50:08.162099+00:00,2026-08-30T18:50:08.163746+00:00,0.0016,error,0,,0,0,0,0.0,400 Client Error: Bad Request for url: http://localhost:8001/v1/chat/completions
mt/set_18/ambiegen/test-97,2026-08-30T18:50:08.163768+00:00,2026-08-30T18:50:08.165404+00:00,0.0016,error,0,,0,0,0,0.0,400 Client Error: Bad Request for url: http://localhost:8001/v1/chat/completions
mt/set_13/frenetic_v/test-890,2026-08-30T18:50:08.165426+00:00,2026-08-30T18:50:08.167056+00:00,0.0016,error,0,,0,0,0,0.0,400 Client Error: Bad Request for url: http://localhost:8001/v1/chat/completions
mt/set_9/frenetic_v/test-88,2026-08-30T18:50:08.167078+00:00,2026-08-30T18:50:08.168704+00:00,0.0016,error,0,,0,0,0,0.0,400 Client Error: Bad Request for url: http://localhost:8001/v1/chat/completions
mt/set_13/frenetic/test-314,2026-08-30T18:50:08.168726+00:00,2026-08-30T18:50:08.170345+00:00,0.0016,error,0,,0,0,0,0.0,400 Client Error: Bad Request for url: http://localhost:8001/v1/chat/completions
mt/set_9/ambiegen/test-79,2026-08-30T18:50:08.170367+00:00,2026-08-30T18:50:08.172010+00:00,0.0016,error,0,,0,0,0,0.0,400 Client Error: Bad Request for url: http://localhost:8001/v1/chat/completions
mt/set_14/ambiegen/test-85,2026-08-30T18:50:08.172033+00:00,2026-08-30T18:50:08.173892+00:00,0.0018,error,0,,0,0,0,0.0,400 Client Error: Bad Request for url: http://localhost:8001/v1/chat/completions
mt/set_14/frenetic/test-444,2026-08-30T18:50:08.173915+00:00,2026-08-30T18:50:08.175609+00:00,0.0016,error,0,,0,0,0,0.0,400 Client Error: Bad Request for url: http://localhost:8001/v1/chat/completions
mt/set_11/ambiegen/test-339,2026-08-30T18:50:08.175630+00:00,2026-08-30T18:50:08.177260+00:00,0.0016,error,0,,0,0,0,0.0,400 Client Error: Bad Request for url: http://localhost:8001/v1/chat/completions
mt_set5/frenetic_v/test-128,2026-08-30T18:50:08.177281+00:00,2026-08-30T18:50:08.178907+00:00,0.0016,error,0,,0,0,0,0.0,400 Client Error: Bad Request for url: http://localhost:8001/v1/chat/completions
mt/set_16/ambiegen/test-646,2026-08-30T18:50:08.178928+00:00,2026-08-30T18:50:08.180550+00:00,0.0016,error,0,,0,0,0,0.0,400 Client Error: Bad Request for url: http://localhost:8001/v1/chat/completions
mt/set_10/frenetic/test-348,2026-08-30T18:50:08.180572+00:00,2026-08-30T18:50:08.182206+00:00,0.0016,error,0,,0,0,0,0.0,400 Client Error: Bad Request for url: http://localhost:8001/v1/chat/completions
mt/set_9/frenetic/test-336,2026-08-30T18:50:08.182229+00:00,2026-08-30T18:50:08.183847+00:00,0.0016,error,0,,0,0,0,0.0,400 Client Error: Bad Request for url: http://localhost:8001/v1/chat/completions
mt/set_16/frenetic_v/test-495,2026-08-30T18:50:08.183869+00:00,2026-08-30T18:50:08.185499+00:00,0.0016,error,0,,0,0,0,0.0,400 Client Error: Bad Request for url: http://localhost:8001/v1/chat/completions
mt/set_18/ambiegen/test-684,2026-08-30T18:50:08.185522+00:00,2026-08-30T18:50:08.187140+00:00,0.0016,error,0,,0,0,0,0.0,400 Client Error: Bad Request for url: http://localhost:8001/v1/chat/completions
mt/set_17/ambiegen/test-418,2026-08-30T18:50:08.187161+00:00,2026-08-30T18:50:08.188774+00:00,0.0016,error,0,,0,0,0,0.0,400 Client Error: Bad Request for url: http://localhost:8001/v1/chat/completions
mt/set_8/frenetic/odr/test-422,2026-08-30T18:50:08.188795+00:00,2026-08-30T18:50:08.190421+00:00,0.0016,error,0,,0,0,0,0.0,400 Client Error: Bad Request for url: http://localhost:8001/v1/chat/completions
mt/set_7/frenetic_v/odr/test-154,2026-08-30T18:50:08.190443+00:00,2026-08-30T18:50:08.192170+00:00,0.0017,error,0,,0,0,0,0.0,400 Client Error: Bad Request for url: http://localhost:8001/v1/chat/completions
mt/set_17/frenetic/test-188,2026-08-30T18:50:08.192193+00:00,2026-08-30T18:50:08.194193+00:00,0.0019,error,0,,0,0,0,0.0,400 Client Error: Bad Request for url: http://localhost:8001/v1/chat/completions
mt/set_16/ambiegen/test-718,2026-08-30T18:50:08.194216+00:00,2026-08-30T18:50:08.195929+00:00,0.0017,error,0,,0,0,0,0.0,400 Client Error: Bad Request for url: http://localhost:8001/v1/chat/completions
mt/set_11/ambiegen/test-726,2026-08-30T18:50:08.195952+00:00,2026-08-30T18:50:08.197618+00:00,0.0016,error,0,,0,0,0,0.0,400 Client Error: Bad Request for url: http://localhost:8001/v1/chat/completions
mt/set_14/frenetic/test-334,2026-08-30T18:50:08.197641+00:00,2026-08-30T18:50:08.199307+00:00,0.0016,error,0,,0,0,0,0.0,400 Client Error: Bad Request for url: http://localhost:8001/v1/chat/completions
mt/set_9/ambiegen/test-707,2026-08-30T18:50:08.199332+00:00,2026-08-30T18:50:08.201012+00:00,0.0016,error,0,,0,0,0,0.0,400 Client Error: Bad Request for url: http://localhost:8001/v1/chat/completions
mt/set_12/frenetic/test-926,2026-08-30T18:50:08.201034+00:00,2026-08-30T18:50:08.202713+00:00,0.0016,error,0,,0,0,0,0.0,400 Client Error: Bad Request for url: http://localhost:8001/v1/chat/completions
mt/set_12/ambiegen/test-754,2026-08-30T18:50:08.202736+00:00,2026-08-30T18:50:08.204441+00:00,0.0016,error,0,,0,0,0,0.0,400 Client Error: Bad Request for url: http://localhost:8001/v1/chat/completions
mt/set_13/frenetic/test-626,2026-08-30T18:50:08.204465+00:00,2026-08-30T18:50:08.206123+00:00,0.0016,error,0,,0,0,0,0.0,400 Client Error: Bad Request for url: http://localhost:8001/v1/chat/completions
mt/set_9/ambiegen/test-58,2026-08-30T18:50:08.206170+00:00,2026-08-30T18:50:08.207857+00:00,0.0016,error,0,,0,0,0,0.0,400 Client Error: Bad Request for url: http://localhost:8001/v1/chat/completions
mt/set_2/ambiegen/odr/test-512,2026-08-30T18:50:08.207881+00:00,2026-08-30T18:50:08.209547+00:00,0.0016,error,0,,0,0,0,0.0,400 Client Error: Bad Request for url: http://localhost:8001/v1/chat/completions
mt/set_14/frenetic/test-655,2026-08-30T18:50:08.209570+00:00,2026-08-30T18:50:08.211484+00:00,0.0019,error,0,,0,0,0,0.0,400 Client Error: Bad Request for url: http://localhost:8001/v1/chat/completions
mt/set_8/ambiegen/odr/test-617,2026-08-30T18:50:08.211509+00:00,2026-08-30T18:50:08.213222+00:00,0.0017,error,0,,0,0,0,0.0,400 Client Error: Bad Request for url: http://localhost:8001/v1/chat/completions
mt/set_16/ambiegen/test-99,2026-08-30T18:50:08.213244+00:00,2026-08-30T18:50:08.214893+00:00,0.0016,error,0,,0,0,0,0.0,400 Client Error: Bad Request for url: http://localhost:8001/v1/chat/completions
mt/set_8/frenetic/odr/test-416,2026-08-30T18:50:08.214916+00:00,2026-08-30T18:50:08.216557+00:00,0.0016,error,0,,0,0,0,0.0,400 Client Error: Bad Request for url: http://localhost:8001/v1/chat/completions
mt/set_10/frenetic_v/test-572,2026-08-30T18:50:08.216579+00:00,2026-08-30T18:50:08.218225+00:00,0.0016,error,0,,0,0,0,0.0,400 Client Error: Bad Request for url: http://localhost:8001/v1/chat/completions
mt/set_13/frenetic/test-857,2026-08-30T18:50:08.218249+00:00,2026-08-30T18:50:08.219905+00:00,0.0016,error,0,,0,0,0,0.0,400 Client Error: Bad Request for url: http://localhost:8001/v1/chat/completions
mt/set_12/frenetic_v/test-680,2026-08-30T18:50:08.219927+00:00,2026-08-30T18:50:08.221579+00:00,0.0016,error,0,,0,0,0,0.0,400 Client Error: Bad Request for url: http://localhost:8001/v1/chat/completions
mt/set_12/ambiegen/test-485,2026-08-30T18:50:08.221601+00:00,2026-08-30T18:50:08.223295+00:00,0.0016,error,0,,0,0,0,0.0,400 Client Error: Bad Request for url: http://localhost:8001/v1/chat/completions
mt/set_11/frenetic_v/test-859,2026-08-30T18:50:08.223317+00:00,2026-08-30T18:50:08.224960+00:00,0.0016,error,0,,0,0,0,0.0,400 Client Error: Bad Request for url: http://localhost:8001/v1/chat/completions
mt/set_7/frenetic_v/odr/test-721,2026-08-30T18:50:08.224983+00:00,2026-08-30T18:50:08.226640+00:00,0.0016,error,0,,0,0,0,0.0,400 Client Error: Bad Request for url: http://localhost:8001/v1/chat/completions
mt_set5/frenetic/test-474,2026-08-30T18:50:08.226663+00:00,2026-08-30T18:50:08.228317+00:00,0.0016,error,0,,0,0,0,0.0,400 Client Error: Bad Request for url: http://localhost:8001/v1/chat/completions
mt/set_12/ambiegen/test-930,2026-08-30T18:50:08.228340+00:00,2026-08-30T18:50:08.229971+00:00,0.0016,error,0,,0,0,0,0.0,400 Client Error: Bad Request for url: http://localhost:8001/v1/chat/completions
mt/set_11/frenetic_v/test-54,2026-08-30T18:50:08.229993+00:00,2026-08-30T18:50:08.231650+00:00,0.0016,error,0,,0,0,0,0.0,400 Client Error: Bad Request for url: http://localhost:8001/v1/chat/completions
mt/set_11/frenetic_v/test-386,2026-08-30T18:50:08.231672+00:00,2026-08-30T18:50:08.233305+00:00,0.0016,error,0,,0,0,0,0.0,400 Client Error: Bad Request for url: http://localhost:8001/v1/chat/completions
mt/set_12/frenetic/test-604,2026-08-30T18:50:08.233327+00:00,2026-08-30T18:50:08.234983+00:00,0.0016,error,0,,0,0,0,0.0,400 Client Error: Bad Request for url: http://localhost:8001/v1/chat/completions
mt/set_14/ambiegen/test-267,2026-08-30T18:50:08.235005+00:00,2026-08-30T18:50:08.236642+00:00,0.0016,error,0,,0,0,0,0.0,400 Client Error: Bad Request for url: http://localhost:8001/v1/chat/completions
mt/set_10/frenetic_v/test-451,2026-08-30T18:50:08.236664+00:00,2026-08-30T18:50:08.238305+00:00,0.0016,error,0,,0,0,0,0.0,400 Client Error: Bad Request for url: http://localhost:8001/v1/chat/completions
mt/set_12/ambiegen/test-345,2026-08-30T18:50:08.238327+00:00,2026-08-30T18:50:08.239977+00:00,0.0016,error,0,,0,0,0,0.0,400 Client Error: Bad Request for url: http://localhost:8001/v1/chat/completions
mt/set_14/frenetic_v/test-936,2026-08-30T18:50:08.239998+00:00,2026-08-30T18:50:08.241646+00:00,0.0016,error,0,,0,0,0,0.0,400 Client Error: Bad Request for url: http://localhost:8001/v1/chat/completions
mt/set_2/ambiegen/odr/test-751,2026-08-30T18:50:08.241668+00:00,2026-08-30T18:50:08.243307+00:00,0.0016,error,0,,0,0,0,0.0,400 Client Error: Bad Request for url: http://localhost:8001/v1/chat/completions
mt/set_12/ambiegen/test-285,2026-08-30T18:50:08.243329+00:00,2026-08-30T18:50:08.244979+00:00,0.0016,error,0,,0,0,0,0.0,400 Client Error: Bad Request for url: http://localhost:8001/v1/chat/completions
mt_set5/ambiegen/test-240,2026-08-30T18:50:08.245001+00:00,2026-08-30T18:50:08.246638+00:00,0.0016,error,0,,0,0,0,0.0,400 Client Error: Bad Request for url: http://localhost:8001/v1/chat/completions
mt/set_9/frenetic_v/test-469,2026-08-30T18:50:08.246660+00:00,2026-08-30T18:50:08.248323+00:00,0.0016,error,0,,0,0,0,0.0,400 Client Error: Bad Request for url: http://localhost:8001/v1/chat/completions
mt/set_17/ambiegen/test-748,2026-08-30T18:50:08.248345+00:00,2026-08-30T18:50:08.249978+00:00,0.0016,error,0,,0,0,0,0.0,400 Client Error: Bad Request for url: http://localhost:8001/v1/chat/completions
mt/set_16/ambiegen/test-352,2026-08-30T18:50:08.250001+00:00,2026-08-30T18:50:08.251650+00:00,0.0016,error,0,,0,0,0,0.0,400 Client Error: Bad Request for url: http://localhost:8001/v1/chat/completions
mt/set_8/frenetic_v/odr/test-29,2026-08-30T18:50:08.251673+00:00,2026-08-30T18:50:08.253325+00:00,0.0016,error,0,,0,0,0,0.0,400 Client Error: Bad Request for url: http://localhost:8001/v1/chat/completions
mt/set_9/ambiegen/test-505,2026-08-30T18:50:08.253348+00:00,2026-08-30T18:50:08.254998+00:00,0.0016,error,0,,0,0,0,0.0,400 Client Error: Bad Request for url: http://localhost:8001/v1/chat/completions
mt/set_12/frenetic_v/test-660,2026-08-30T18:50:08.255021+00:00,2026-08-30T18:50:08.256675+00:00,0.0016,error,0,,0,0,0,0.0,400 Client Error: Bad Request for url: http://localhost:8001/v1/chat/completions
mt_set5/frenetic/test-813,2026-08-30T18:50:08.256697+00:00,2026-08-30T18:50:08.258329+00:00,0.0016,error,0,,0,0,0,0.0,400 Client Error: Bad Request for url: http://localhost:8001/v1/chat/completions
mt/set_7/ambiegen/odr/test-289,2026-08-30T18:50:08.258351+00:00,2026-08-30T18:50:08.259999+00:00,0.0016,error,0,,0,0,0,0.0,400 Client Error: Bad Request for url: http://localhost:8001/v1/chat/completions
mt/set_7/frenetic_v/odr/test-341,2026-08-30T18:50:08.260022+00:00,2026-08-30T18:50:08.261678+00:00,0.0016,error,0,,0,0,0,0.0,400 Client Error: Bad Request for url: http://localhost:8001/v1/chat/completions
mt/set_14/frenetic_v/test-655,2026-08-30T18:50:08.261700+00:00,2026-08-30T18:50:08.263353+00:00,0.0016,error,0,,0,0,0,0.0,400 Client Error: Bad Request for url: http://localhost:8001/v1/chat/completions
mt/set_12/frenetic_v/test-541,2026-08-30T18:50:08.263376+00:00,2026-08-30T18:50:08.265011+00:00,0.0016,error,0,,0,0,0,0.0,400 Client Error: Bad Request for url: http://localhost:8001/v1/chat/completions
mt/set_8/ambiegen/odr/test-461,2026-08-30T18:50:08.265033+00:00,2026-08-30T18:50:08.266683+00:00,0.0016,error,0,,0,0,0,0.0,400 Client Error: Bad Request for url: http://localhost:8001/v1/chat/completions
mt/set_8/frenetic/odr/test-624,2026-08-30T18:50:08.266713+00:00,2026-08-30T18:50:08.268354+00:00,0.0016,error,0,,0,0,0,0.0,400 Client Error: Bad Request for url: http://localhost:8001/v1/chat/completions
mt/set_18/ambiegen/test-46,2026-08-30T18:50:08.268377+00:00,2026-08-30T18:50:08.271144+00:00,0.0027,error,0,,0,0,0,0.0,400 Client Error: Bad Request for url: http://localhost:8001/v1/chat/completions
mt/set_17/frenetic_v/test-411,2026-08-30T18:50:08.271168+00:00,2026-08-30T18:50:08.272899+00:00,0.0017,error,0,,0,0,0,0.0,400 Client Error: Bad Request for url: http://localhost:8001/v1/chat/completions
mt/set_17/ambiegen/test-122,2026-08-30T18:50:08.272921+00:00,2026-08-30T18:50:08.274563+00:00,0.0016,error,0,,0,0,0,0.0,400 Client Error: Bad Request for url: http://localhost:8001/v1/chat/completions
mt/set_17/ambiegen/test-544,2026-08-30T18:50:08.274584+00:00,2026-08-30T18:50:08.276236+00:00,0.0016,error,0,,0,0,0,0.0,400 Client Error: Bad Request for url: http://localhost:8001/v1/chat/completions
mt/set_8/frenetic_v/odr/test-709,2026-08-30T18:50:08.276259+00:00,2026-08-30T18:50:08.277901+00:00,0.0016,error,0,,0,0,0,0.0,400 Client Error: Bad Request for url: http://localhost:8001/v1/chat/completions
mt/set_13/ambiegen/test-93,2026-08-30T18:50:08.277923+00:00,2026-08-30T18:50:08.279570+00:00,0.0016,error,0,,0,0,0,0.0,400 Client Error: Bad Request for url: http://localhost:8001/v1/chat/completions
mt/set_17/ambiegen/test-493,2026-08-30T18:50:08.279593+00:00,2026-08-30T18:50:08.281241+00:00,0.0016,error,0,,0,0,0,0.0,400 Client Error: Bad Request for url: http://localhost:8001/v1/chat/completions
mt/set_9/ambiegen/test-349,2026-08-30T18:50:08.281263+00:00,2026-08-30T18:50:08.282903+00:00,0.0016,error,0,,0,0,0,0.0,400 Client Error: Bad Request for url: http://localhost:8001/v1/chat/completions
mt/set_11/frenetic/test-40,2026-08-30T18:50:08.282925+00:00,2026-08-30T18:50:08.284574+00:00,0.0016,error,0,,0,0,0,0.0,400 Client Error: Bad Request for url: http://localhost:8001/v1/chat/completions
mt/set_14/frenetic_v/test-129,2026-08-30T18:50:08.284597+00:00,2026-08-30T18:50:08.286238+00:00,0.0016,error,0,,0,0,0,0.0,400 Client Error: Bad Request for url: http://localhost:8001/v1/chat/completions
mt/set_2/ambiegen/odr/test-344,2026-08-30T18:50:08.286260+00:00,2026-08-30T18:50:08.287894+00:00,0.0016,error,0,,0,0,0,0.0,400 Client Error: Bad Request for url: http://localhost:8001/v1/chat/completions
mt_set5/frenetic_v/test-13,2026-08-30T18:50:08.287917+00:00,2026-08-30T18:50:08.289570+00:00,0.0016,error,0,,0,0,0,0.0,400 Client Error: Bad Request for url: http://localhost:8001/v1/chat/completions
mt/set_10/ambiegen/test-765,2026-08-30T18:50:08.289592+00:00,2026-08-30T18:50:08.291228+00:00,0.0016,error,0,,0,0,0,0.0,400 Client Error: Bad Request for url: http://localhost:8001/v1/chat/completions
mt_set5/frenetic_v/test-456,2026-08-30T18:50:08.291274+00:00,2026-08-30T18:50:08.292937+00:00,0.0016,error,0,,0,0,0,0.0,400 Client Error: Bad Request for url: http://localhost:8001/v1/chat/completions
mt/set_18/frenetic/test-893,2026-08-30T18:50:08.292959+00:00,2026-08-30T18:50:08.294604+00:00,0.0016,error,0,,0,0,0,0.0,400 Client Error: Bad Request for url: http://localhost:8001/v1/chat/completions
mt/set_14/frenetic/test-826,2026-08-30T18:50:08.294626+00:00,2026-08-30T18:50:08.296278+00:00,0.0016,error,0,,0,0,0,0.0,400 Client Error: Bad Request for url: http://localhost:8001/v1/chat/completions
mt/set_13/frenetic_v/test-458,2026-08-30T18:50:08.296301+00:00,2026-08-30T18:50:08.297944+00:00,0.0016,error,0,,0,0,0,0.0,400 Client Error: Bad Request for url: http://localhost:8001/v1/chat/completions
mt/set_13/frenetic/test-49,2026-08-30T18:50:08.297967+00:00,2026-08-30T18:50:08.299772+00:00,0.0016,error,0,,0,0,0,0.0,400 Client Error: Bad Request for url: http://localhost:8001/v1/chat/completions
mt/set_14/frenetic/test-441,2026-08-30T18:50:08.299827+00:00,2026-08-30T18:50:08.301949+00:00,0.0021,error,0,,0,0,0,0.0,400 Client Error: Bad Request for url: http://localhost:8001/v1/chat/completions
mt/set_12/ambiegen/test-173,2026-08-30T18:50:08.301978+00:00,2026-08-30T18:50:08.303751+00:00,0.0017,error,0,,0,0,0,0.0,400 Client Error: Bad Request for url: http://localhost:8001/v1/chat/completions
mt_set5/ambiegen/test-48,2026-08-30T18:50:08.303773+00:00,2026-08-30T18:50:08.305418+00:00,0.0016,error,0,,0,0,0,0.0,400 Client Error: Bad Request for url: http://localhost:8001/v1/chat/completions
mt/set_11/frenetic_v/test-673,2026-08-30T18:50:08.305442+00:00,2026-08-30T18:50:08.307100+00:00,0.0016,error,0,,0,0,0,0.0,400 Client Error: Bad Request for url: http://localhost:8001/v1/chat/completions
mt/set_8/ambiegen/odr/test-723,2026-08-30T18:50:08.307123+00:00,2026-08-30T18:50:08.308758+00:00,0.0016,error,0,,0,0,0,0.0,400 Client Error: Bad Request for url: http://localhost:8001/v1/chat/completions
mt/set_10/frenetic/test-489,2026-08-30T18:50:08.308781+00:00,2026-08-30T18:50:08.310434+00:00,0.0016,error,0,,0,0,0,0.0,400 Client Error: Bad Request for url: http://localhost:8001/v1/chat/completions
mt/set_18/ambiegen/test-359,2026-08-30T18:50:08.310457+00:00,2026-08-30T18:50:08.312175+00:00,0.0017,error,0,,0,0,0,0.0,400 Client Error: Bad Request for url: http://localhost:8001/v1/chat/completions
mt_set5/frenetic_v/test-79,2026-08-30T18:50:08.312197+00:00,2026-08-30T18:50:08.313854+00:00,0.0016,error,0,,0,0,0,0.0,400 Client Error: Bad Request for url: http://localhost:8001/v1/chat/completions
mt/set_14/frenetic/test-875,2026-08-30T18:50:08.313877+00:00,2026-08-30T18:50:08.315523+00:00,0.0016,error,0,,0,0,0,0.0,400 Client Error: Bad Request for url: http://localhost:8001/v1/chat/completions
mt/set_10/frenetic/test-637,2026-08-30T18:50:08.315546+00:00,2026-08-30T18:50:08.317187+00:00,0.0016,error,0,,0,0,0,0.0,400 Client Error: Bad Request for url: http://localhost:8001/v1/chat/completions
mt/set_16/frenetic/test-832,2026-08-30T18:50:08.317210+00:00,2026-08-30T18:50:08.318847+00:00,0.0016,error,0,,0,0,0,0.0,400 Client Error: Bad Request for url: http://localhost:8001/v1/chat/completions
mt/set_12/ambiegen/test-646,2026-08-30T18:50:08.318869+00:00,2026-08-30T18:50:08.320516+00:00,0.0016,error,0,,0,0,0,0.0,400 Client Error: Bad Request for url: http://localhost:8001/v1/chat/completions
mt/set_7/frenetic/odr/test-150,2026-08-30T18:50:08.320539+00:00,2026-08-30T18:50:08.322174+00:00,0.0016,error,0,,0,0,0,0.0,400 Client Error: Bad Request for url: http://localhost:8001/v1/chat/completions
mt/set_13/ambiegen/test-321,2026-08-30T18:50:08.322196+00:00,2026-08-30T18:50:08.323855+00:00,0.0016,error,0,,0,0,0,0.0,400 Client Error: Bad Request for url: http://localhost:8001/v1/chat/completions
mt/set_16/ambiegen/test-329,2026-08-30T18:50:08.323879+00:00,2026-08-30T18:50:08.326235+00:00,0.0023,error,0,,0,0,0,0.0,400 Client Error: Bad Request for url: http://localhost:8001/v1/chat/completions
mt/set_17/frenetic/test-198,2026-08-30T18:50:08.326260+00:00,2026-08-30T18:50:08.327990+00:00,0.0017,error,0,,0,0,0,0.0,400 Client Error: Bad Request for url: http://localhost:8001/v1/chat/completions
mt/set_9/frenetic/test-429,2026-08-30T18:50:08.328015+00:00,2026-08-30T18:50:08.329648+00:00,0.0016,error,0,,0,0,0,0.0,400 Client Error: Bad Request for url: http://localhost:8001/v1/chat/completions
mt_set5/frenetic_v/test-710,2026-08-30T18:50:08.329671+00:00,2026-08-30T18:50:08.331542+00:00,0.0018,error,0,,0,0,0,0.0,400 Client Error: Bad Request for url: http://localhost:8001/v1/chat/completions
mt/set_11/frenetic_v/test-797,2026-08-30T18:50:08.331566+00:00,2026-08-30T18:50:08.333253+00:00,0.0016,error,0,,0,0,0,0.0,400 Client Error: Bad Request for url: http://localhost:8001/v1/chat/completions
mt/set_14/ambiegen/test-222,2026-08-30T18:50:08.333275+00:00,2026-08-30T18:50:08.334961+00:00,0.0016,error,0,,0,0,0,0.0,400 Client Error: Bad Request for url: http://localhost:8001/v1/chat/completions
mt/set_14/frenetic/test-187,2026-08-30T18:50:08.334985+00:00,2026-08-30T18:50:08.336633+00:00,0.0016,error,0,,0,0,0,0.0,400 Client Error: Bad Request for url: http://localhost:8001/v1/chat/completions
mt/set_11/ambiegen/test-406,2026-08-30T18:50:08.336655+00:00,2026-08-30T18:50:08.338283+00:00,0.0016,error,0,,0,0,0,0.0,400 Client Error: Bad Request for url: http://localhost:8001/v1/chat/completions
mt/set_18/frenetic_v/test-191,2026-08-30T18:50:08.338305+00:00,2026-08-30T18:50:08.339946+00:00,0.0016,error,0,,0,0,0,0.0,400 Client Error: Bad Request for url: http://localhost:8001/v1/chat/completions
mt/set_9/ambiegen/test-734,2026-08-30T18:50:08.339968+00:00,2026-08-30T18:50:08.341574+00:00,0.0016,error,0,,0,0,0,0.0,400 Client Error: Bad Request for url: http://localhost:8001/v1/chat/completions
mt/set_9/frenetic_v/test-720,2026-08-30T18:50:08.341596+00:00,2026-08-30T18:50:08.343220+00:00,0.0016,error,0,,0,0,0,0.0,400 Client Error: Bad Request for url: http://localhost:8001/v1/chat/completions
mt/set_2/ambiegen/odr/test-289,2026-08-30T18:50:08.343242+00:00,2026-08-30T18:50:08.344845+00:00,0.0016,error,0,,0,0,0,0.0,400 Client Error: Bad Request for url: http://localhost:8001/v1/chat/completions
mt_set5/frenetic/test-515,2026-08-30T18:50:08.344867+00:00,2026-08-30T18:50:08.346472+00:00,0.0016,error,0,,0,0,0,0.0,400 Client Error: Bad Request for url: http://localhost:8001/v1/chat/completions
mt/set_14/frenetic_v/test-625,2026-08-30T18:50:08.346494+00:00,2026-08-30T18:50:08.348121+00:00,0.0016,error,0,,0,0,0,0.0,400 Client Error: Bad Request for url: http://localhost:8001/v1/chat/completions
mt/set_14/frenetic/test-673,2026-08-30T18:50:08.348143+00:00,2026-08-30T18:50:08.349744+00:00,0.0016,error,0,,0,0,0,0.0,400 Client Error: Bad Request for url: http://localhost:8001/v1/chat/completions
mt/set_14/frenetic_v/test-458,2026-08-30T18:50:08.349767+00:00,2026-08-30T18:50:08.351389+00:00,0.0016,error,0,,0,0,0,0.0,400 Client Error: Bad Request for url: http://localhost:8001/v1/chat/completions
mt/set_8/frenetic_v/odr/test-636,2026-08-30T18:50:08.351411+00:00,2026-08-30T18:50:08.353047+00:00,0.0016,error,0,,0,0,0,0.0,400 Client Error: Bad Request for url: http://localhost:8001/v1/chat/completions
mt/set_12/frenetic_v/test-241,2026-08-30T18:50:08.353069+00:00,2026-08-30T18:50:08.354712+00:00,0.0016,error,0,,0,0,0,0.0,400 Client Error: Bad Request for url: http://localhost:8001/v1/chat/completions
mt_set5/ambiegen/test-315,2026-08-30T18:50:08.354734+00:00,2026-08-30T18:50:08.356424+00:00,0.0016,error,0,,0,0,0,0.0,400 Client Error: Bad Request for url: http://localhost:8001/v1/chat/completions
mt/set_10/ambiegen/test-920,2026-08-30T18:50:08.356446+00:00,2026-08-30T18:50:08.358086+00:00,0.0016,error,0,,0,0,0,0.0,400 Client Error: Bad Request for url: http://localhost:8001/v1/chat/completions
mt/set_10/frenetic_v/test-76,2026-08-30T18:50:08.358108+00:00,2026-08-30T18:50:08.359732+00:00,0.0016,error,0,,0,0,0,0.0,400 Client Error: Bad Request for url: http://localhost:8001/v1/chat/completions
mt/set_13/ambiegen/test-121,2026-08-30T18:50:08.359754+00:00,2026-08-30T18:50:08.361374+00:00,0.0016,error,0,,0,0,0,0.0,400 Client Error: Bad Request for url: http://localhost:8001/v1/chat/completions
mt/set_7/frenetic_v/odr/test-169,2026-08-30T18:50:08.361397+00:00,2026-08-30T18:50:08.363011+00:00,0.0016,error,0,,0,0,0,0.0,400 Client Error: Bad Request for url: http://localhost:8001/v1/chat/completions
mt/set_14/frenetic_v/test-612,2026-08-30T18:50:08.363032+00:00,2026-08-30T18:50:08.364642+00:00,0.0016,error,0,,0,0,0,0.0,400 Client Error: Bad Request for url: http://localhost:8001/v1/chat/completions
mt/set_16/ambiegen/test-744,2026-08-30T18:50:08.364664+00:00,2026-08-30T18:50:08.366273+00:00,0.0016,error,0,,0,0,0,0.0,400 Client Error: Bad Request for url: http://localhost:8001/v1/chat/completions
mt/set_13/frenetic/test-617,2026-08-30T18:50:08.366296+00:00,2026-08-30T18:50:08.367923+00:00,0.0016,error,0,,0,0,0,0.0,400 Client Error: Bad Request for url: http://localhost:8001/v1/chat/completions
mt/set_18/ambiegen/test-341,2026-08-30T18:50:08.367946+00:00,2026-08-30T18:50:08.369564+00:00,0.0016,error,0,,0,0,0,0.0,400 Client Error: Bad Request for url: http://localhost:8001/v1/chat/completions
mt/set_10/ambiegen/test-922,2026-08-30T18:50:08.369586+00:00,2026-08-30T18:50:08.373505+00:00,0.0039,error,0,,0,0,0,0.0,400 Client Error: Bad Request for url: http://localhost:8001/v1/chat/completions
mt/set_17/frenetic/test-694,2026-08-30T18:50:08.373534+00:00,2026-08-30T18:50:08.375443+00:00,0.0019,error,0,,0,0,0,0.0,400 Client Error: Bad Request for url: http://localhost:8001/v1/chat/completions
mt/set_13/frenetic_v/test-102,2026-08-30T18:50:08.375468+00:00,2026-08-30T18:50:08.377100+00:00,0.0016,error,0,,0,0,0,0.0,400 Client Error: Bad Request for url: http://localhost:8001/v1/chat/completions
mt/set_10/frenetic/test-611,2026-08-30T18:50:08.377121+00:00,2026-08-30T18:50:08.378732+00:00,0.0016,error,0,,0,0,0,0.0,400 Client Error: Bad Request for url: http://localhost:8001/v1/chat/completions
mt/set_11/frenetic_v/test-187,2026-08-30T18:50:08.378781+00:00,2026-08-30T18:50:08.380397+00:00,0.0016,error,0,,0,0,0,0.0,400 Client Error: Bad Request for url: http://localhost:8001/v1/chat/completions
mt/set_8/frenetic_v/odr/test-558,2026-08-30T18:50:08.380419+00:00,2026-08-30T18:50:08.382034+00:00,0.0016,error,0,,0,0,0,0.0,400 Client Error: Bad Request for url: http://localhost:8001/v1/chat/completions
mt/set_8/frenetic_v/odr/test-215,2026-08-30T18:50:08.382056+00:00,2026-08-30T18:50:08.383767+00:00,0.0017,error,0,,0,0,0,0.0,400 Client Error: Bad Request for url: http://localhost:8001/v1/chat/completions
mt/set_14/frenetic_v/test-535,2026-08-30T18:50:08.383789+00:00,2026-08-30T18:50:08.385395+00:00,0.0016,error,0,,0,0,0,0.0,400 Client Error: Bad Request for url: http://localhost:8001/v1/chat/completions
mt/set_16/ambiegen/test-300,2026-08-30T18:50:08.385418+00:00,2026-08-30T18:50:08.387044+00:00,0.0016,error,0,,0,0,0,0.0,400 Client Error: Bad Request for url: http://localhost:8001/v1/chat/completions
mt/set_16/ambiegen/test-731,2026-08-30T18:50:08.387066+00:00,2026-08-30T18:50:08.388668+00:00,0.0016,error,0,,0,0,0,0.0,400 Client Error: Bad Request for url: http://localhost:8001/v1/chat/completions
mt/set_9/frenetic_v/test-404,2026-08-30T18:50:08.388691+00:00,2026-08-30T18:50:08.390299+00:00,0.0016,error,0,,0,0,0,0.0,400 Client Error: Bad Request for url: http://localhost:8001/v1/chat/completions
mt/set_16/frenetic_v/test-371,2026-08-30T18:50:08.390321+00:00,2026-08-30T18:50:08.392054+00:00,0.0016,error,0,,0,0,0,0.0,400 Client Error: Bad Request for url: http://localhost:8001/v1/chat/completions
mt/set_8/ambiegen/odr/test-455,2026-08-30T18:50:08.392090+00:00,2026-08-30T18:50:08.394490+00:00,0.0023,error,0,,0,0,0,0.0,400 Client Error: Bad Request for url: http://localhost:8001/v1/chat/completions
mt/set_8/frenetic/odr/test-529,2026-08-30T18:50:08.394527+00:00,2026-08-30T18:50:08.396311+00:00,0.0017,error,0,,0,0,0,0.0,400 Client Error: Bad Request for url: http://localhost:8001/v1/chat/completions
mt/set_6/frenetic_v/test-376,2026-08-30T18:50:08.396334+00:00,2026-08-30T18:50:08.397983+00:00,0.0016,error,0,,0,0,0,0.0,400 Client Error: Bad Request for url: http://localhost:8001/v1/chat/completions
mt_set5/ambiegen/test-964,2026-08-30T18:50:08.398006+00:00,2026-08-30T18:50:08.399666+00:00,0.0016,error,0,,0,0,0,0.0,400 Client Error: Bad Request for url: http://localhost:8001/v1/chat/completions
mt/set_17/frenetic_v/test-59,2026-08-30T18:50:08.399690+00:00,2026-08-30T18:50:08.401370+00:00,0.0016,error,0,,0,0,0,0.0,400 Client Error: Bad Request for url: http://localhost:8001/v1/chat/completions
mt/set_9/frenetic/test-468,2026-08-30T18:50:08.401393+00:00,2026-08-30T18:50:08.403076+00:00,0.0016,error,0,,0,0,0,0.0,400 Client Error: Bad Request for url: http://localhost:8001/v1/chat/completions
mt/set_11/ambiegen/test-558,2026-08-30T18:50:08.403098+00:00,2026-08-30T18:50:08.405085+00:00,0.0018,error,0,,0,0,0,0.0,400 Client Error: Bad Request for url: http://localhost:8001/v1/chat/completions
mt/set_9/ambiegen/test-825,2026-08-30T18:50:08.405146+00:00,2026-08-30T18:50:08.407396+00:00,0.0022,error,0,,0,0,0,0.0,400 Client Error: Bad Request for url: http://localhost:8001/v1/chat/completions
mt/set_9/frenetic_v/test-210,2026-08-30T18:50:08.407429+00:00,2026-08-30T18:50:08.409185+00:00,0.0017,error,0,,0,0,0,0.0,400 Client Error: Bad Request for url: http://localhost:8001/v1/chat/completions
mt/set_8/frenetic/odr/test-118,2026-08-30T18:50:08.409207+00:00,2026-08-30T18:50:08.410875+00:00,0.0016,error,0,,0,0,0,0.0,400 Client Error: Bad Request for url: http://localhost:8001/v1/chat/completions
mt/set_13/frenetic/test-853,2026-08-30T18:50:08.410897+00:00,2026-08-30T18:50:08.412540+00:00,0.0016,error,0,,0,0,0,0.0,400 Client Error: Bad Request for url: http://localhost:8001/v1/chat/completions
mt/set_8/frenetic/odr/test-322,2026-08-30T18:50:08.412564+00:00,2026-08-30T18:50:08.414205+00:00,0.0016,error,0,,0,0,0,0.0,400 Client Error: Bad Request for url: http://localhost:8001/v1/chat/completions
mt/set_16/frenetic_v/test-521,2026-08-30T18:50:08.414227+00:00,2026-08-30T18:50:08.415880+00:00,0.0016,error,0,,0,0,0,0.0,400 Client Error: Bad Request for url: http://localhost:8001/v1/chat/completions
mt/set_8/frenetic_v/odr/test-567,2026-08-30T18:50:08.415902+00:00,2026-08-30T18:50:08.417534+00:00,0.0016,error,0,,0,0,0,0.0,400 Client Error: Bad Request for url: http://localhost:8001/v1/chat/completions
mt_set5/frenetic_v/test-137,2026-08-30T18:50:08.417556+00:00,2026-08-30T18:50:08.419780+00:00,0.0022,error,0,,0,0,0,0.0,400 Client Error: Bad Request for url: http://localhost:8001/v1/chat/completions
mt/set_8/ambiegen/odr/test-209,2026-08-30T18:50:08.419810+00:00,2026-08-30T18:50:08.421585+00:00,0.0017,error,0,,0,0,0,0.0,400 Client Error: Bad Request for url: http://localhost:8001/v1/chat/completions
mt/set_8/ambiegen/odr/test-217,2026-08-30T18:50:08.421609+00:00,2026-08-30T18:50:08.423352+00:00,0.0017,error,0,,0,0,0,0.0,400 Client Error: Bad Request for url: http://localhost:8001/v1/chat/completions
mt/set_13/ambiegen/test-140,2026-08-30T18:50:08.423377+00:00,2026-08-30T18:50:08.425106+00:00,0.0017,error,0,,0,0,0,0.0,400 Client Error: Bad Request for url: http://localhost:8001/v1/chat/completions
mt/set_10/frenetic_v/test-713,2026-08-30T18:50:08.425131+00:00,2026-08-30T18:50:08.426816+00:00,0.0016,error,0,,0,0,0,0.0,400 Client Error: Bad Request for url: http://localhost:8001/v1/chat/completions
mt/set_11/ambiegen/test-680,2026-08-30T18:50:08.426839+00:00,2026-08-30T18:50:08.428540+00:00,0.0016,error,0,,0,0,0,0.0,400 Client Error: Bad Request for url: http://localhost:8001/v1/chat/completions
mt/set_17/frenetic/test-761,2026-08-30T18:50:08.428565+00:00,2026-08-30T18:50:08.430239+00:00,0.0016,error,0,,0,0,0,0.0,400 Client Error: Bad Request for url: http://localhost:8001/v1/chat/completions
mt/set_11/frenetic/test-168,2026-08-30T18:50:08.430262+00:00,2026-08-30T18:50:08.431937+00:00,0.0016,error,0,,0,0,0,0.0,400 Client Error: Bad Request for url: http://localhost:8001/v1/chat/completions
mt/set_9/ambiegen/test-747,2026-08-30T18:50:08.431960+00:00,2026-08-30T18:50:08.433603+00:00,0.0016,error,0,,0,0,0,0.0,400 Client Error: Bad Request for url: http://localhost:8001/v1/chat/completions
mt/set_16/frenetic_v/test-863,2026-08-30T18:50:08.433625+00:00,2026-08-30T18:50:08.435270+00:00,0.0016,error,0,,0,0,0,0.0,400 Client Error: Bad Request for url: http://localhost:8001/v1/chat/completions
mt/set_7/ambiegen/odr/test-426,2026-08-30T18:50:08.435293+00:00,2026-08-30T18:50:08.436940+00:00,0.0016,error,0,,0,0,0,0.0,400 Client Error: Bad Request for url: http://localhost:8001/v1/chat/completions
mt/set_16/frenetic_v/test-504,2026-08-30T18:50:08.436962+00:00,2026-08-30T18:50:08.438594+00:00,0.0016,error,0,,0,0,0,0.0,400 Client Error: Bad Request for url: http://localhost:8001/v1/chat/completions
mt/set_12/ambiegen/test-722,2026-08-30T18:50:08.438616+00:00,2026-08-30T18:50:08.440249+00:00,0.0016,error,0,,0,0,0,0.0,400 Client Error: Bad Request for url: http://localhost:8001/v1/chat/completions
mt/set_18/frenetic/test-27,2026-08-30T18:50:08.440271+00:00,2026-08-30T18:50:08.441902+00:00,0.0016,error,0,,0,0,0,0.0,400 Client Error: Bad Request for url: http://localhost:8001/v1/chat/completions
mt_set5/frenetic_v/test-434,2026-08-30T18:50:08.441924+00:00,2026-08-30T18:50:08.443566+00:00,0.0016,error,0,,0,0,0,0.0,400 Client Error: Bad Request for url: http://localhost:8001/v1/chat/completions
mt/set_11/frenetic/test-633,2026-08-30T18:50:08.443587+00:00,2026-08-30T18:50:08.445211+00:00,0.0016,error,0,,0,0,0,0.0,400 Client Error: Bad Request for url: http://localhost:8001/v1/chat/completions
mt/set_13/frenetic/test-888,2026-08-30T18:50:08.445233+00:00,2026-08-30T18:50:08.446959+00:00,0.0017,error,0,,0,0,0,0.0,400 Client Error: Bad Request for url: http://localhost:8001/v1/chat/completions
mt/set_11/frenetic_v/test-914,2026-08-30T18:50:08.446981+00:00,2026-08-30T18:50:08.448619+00:00,0.0016,error,0,,0,0,0,0.0,400 Client Error: Bad Request for url: http://localhost:8001/v1/chat/completions
mt/set_16/frenetic_v/test-10,2026-08-30T18:50:08.448643+00:00,2026-08-30T18:50:08.450264+00:00,0.0016,error,0,,0,0,0,0.0,400 Client Error: Bad Request for url: http://localhost:8001/v1/chat/completions
mt/set_10/frenetic/test-595,2026-08-30T18:50:08.450287+00:00,2026-08-30T18:50:08.451914+00:00,0.0016,error,0,,0,0,0,0.0,400 Client Error: Bad Request for url: http://localhost:8001/v1/chat/completions
mt/set_10/ambiegen/test-160,2026-08-30T18:50:08.451936+00:00,2026-08-30T18:50:08.453550+00:00,0.0016,error,0,,0,0,0,0.0,400 Client Error: Bad Request for url: http://localhost:8001/v1/chat/completions
mt/set_17/ambiegen/test-823,2026-08-30T18:50:08.453574+00:00,2026-08-30T18:50:08.455203+00:00,0.0016,error,0,,0,0,0,0.0,400 Client Error: Bad Request for url: http://localhost:8001/v1/chat/completions
mt/set_8/frenetic_v/odr/test-583,2026-08-30T18:50:08.455225+00:00,2026-08-30T18:50:08.456839+00:00,0.0016,error,0,,0,0,0,0.0,400 Client Error: Bad Request for url: http://localhost:8001/v1/chat/completions
mt/set_16/ambiegen/test-286,2026-08-30T18:50:08.456861+00:00,2026-08-30T18:50:08.458513+00:00,0.0016,error,0,,0,0,0,0.0,400 Client Error: Bad Request for url: http://localhost:8001/v1/chat/completions
mt/set_13/ambiegen/test-312,2026-08-30T18:50:08.458535+00:00,2026-08-30T18:50:08.460155+00:00,0.0016,error,0,,0,0,0,0.0,400 Client Error: Bad Request for url: http://localhost:8001/v1/chat/completions
mt/set_7/frenetic/odr/test-383,2026-08-30T18:50:08.460178+00:00,2026-08-30T18:50:08.461782+00:00,0.0016,error,0,,0,0,0,0.0,400 Client Error: Bad Request for url: http://localhost:8001/v1/chat/completions
mt/set_13/ambiegen/test-581,2026-08-30T18:50:08.461804+00:00,2026-08-30T18:50:08.463420+00:00,0.0016,error,0,,0,0,0,0.0,400 Client Error: Bad Request for url: http://localhost:8001/v1/chat/completions
mt/set_13/ambiegen/test-929,2026-08-30T18:50:08.463442+00:00,2026-08-30T18:50:08.465055+00:00,0.0016,error,0,,0,0,0,0.0,400 Client Error: Bad Request for url: http://localhost:8001/v1/chat/completions
mt/set_10/ambiegen/test-757,2026-08-30T18:50:08.465106+00:00,2026-08-30T18:50:08.466752+00:00,0.0016,error,0,,0,0,0,0.0,400 Client Error: Bad Request for url: http://localhost:8001/v1/chat/completions
mt/set_11/frenetic/test-506,2026-08-30T18:50:08.466774+00:00,2026-08-30T18:50:08.468388+00:00,0.0016,error,0,,0,0,0,0.0,400 Client Error: Bad Request for url: http://localhost:8001/v1/chat/completions
mt/set_11/frenetic/test-384,2026-08-30T18:50:08.468410+00:00,2026-08-30T18:50:08.470022+00:00,0.0016,error,0,,0,0,0,0.0,400 Client Error: Bad Request for url: http://localhost:8001/v1/chat/completions
mt_set5/frenetic/test-566,2026-08-30T18:50:08.470044+00:00,2026-08-30T18:50:08.471675+00:00,0.0016,error,0,,0,0,0,0.0,400 Client Error: Bad Request for url: http://localhost:8001/v1/chat/completions
mt/set_17/frenetic_v/test-539,2026-08-30T18:50:08.471697+00:00,2026-08-30T18:50:08.473316+00:00,0.0016,error,0,,0,0,0,0.0,400 Client Error: Bad Request for url: http://localhost:8001/v1/chat/completions
mt_set5/frenetic_v/test-77,2026-08-30T18:50:08.473338+00:00,2026-08-30T18:50:08.474952+00:00,0.0016,error,0,,0,0,0,0.0,400 Client Error: Bad Request for url: http://localhost:8001/v1/chat/completions
mt/set_16/frenetic/test-687,2026-08-30T18:50:08.474973+00:00,2026-08-30T18:50:08.476598+00:00,0.0016,error,0,,0,0,0,0.0,400 Client Error: Bad Request for url: http://localhost:8001/v1/chat/completions
mt/set_16/frenetic_v/test-530,2026-08-30T18:50:08.476619+00:00,2026-08-30T18:50:08.478244+00:00,0.0016,error,0,,0,0,0,0.0,400 Client Error: Bad Request for url: http://localhost:8001/v1/chat/completions
mt/set_17/frenetic/test-781,2026-08-30T18:50:08.478266+00:00,2026-08-30T18:50:08.479901+00:00,0.0016,error,0,,0,0,0,0.0,400 Client Error: Bad Request for url: http://localhost:8001/v1/chat/completions
mt/set_16/ambiegen/test-30,2026-08-30T18:50:08.479923+00:00,2026-08-30T18:50:08.481543+00:00,0.0016,error,0,,0,0,0,0.0,400 Client Error: Bad Request for url: http://localhost:8001/v1/chat/completions
mt/set_12/frenetic/test-768,2026-08-30T18:50:08.481565+00:00,2026-08-30T18:50:08.483178+00:00,0.0016,error,0,,0,0,0,0.0,400 Client Error: Bad Request for url: http://localhost:8001/v1/chat/completions
mt/set_8/frenetic/odr/test-507,2026-08-30T18:50:08.483211+00:00,2026-08-30T18:50:08.484832+00:00,0.0016,error,0,,0,0,0,0.0,400 Client Error: Bad Request for url: http://localhost:8001/v1/chat/completions
mt/set_8/ambiegen/odr/test-953,2026-08-30T18:50:08.484855+00:00,2026-08-30T18:50:08.486461+00:00,0.0016,error,0,,0,0,0,0.0,400 Client Error: Bad Request for url: http://localhost:8001/v1/chat/completions
mt/set_10/ambiegen/test-563,2026-08-30T18:50:08.486483+00:00,2026-08-30T18:50:08.488102+00:00,0.0016,error,0,,0,0,0,0.0,400 Client Error: Bad Request for url: http://localhost:8001/v1/chat/completions
mt/set_17/ambiegen/test-840,2026-08-30T18:50:08.488123+00:00,2026-08-30T18:50:08.489733+00:00,0.0016,error,0,,0,0,0,0.0,400 Client Error: Bad Request for url: http://localhost:8001/v1/chat/completions
mt/set_8/frenetic_v/odr/test-86,2026-08-30T18:50:08.489754+00:00,2026-08-30T18:50:08.491364+00:00,0.0016,error,0,,0,0,0,0.0,400 Client Error: Bad Request for url: http://localhost:8001/v1/chat/completions
mt/set_8/frenetic/odr/test-663,2026-08-30T18:50:08.491386+00:00,2026-08-30T18:50:08.493012+00:00,0.0016,error,0,,0,0,0,0.0,400 Client Error: Bad Request for url: http://localhost:8001/v1/chat/completions
mt/set_2/ambiegen/odr/test-627,2026-08-30T18:50:08.493034+00:00,2026-08-30T18:50:08.494642+00:00,0.0016,error,0,,0,0,0,0.0,400 Client Error: Bad Request for url: http://localhost:8001/v1/chat/completions
mt/set_13/frenetic/test-56,2026-08-30T18:50:08.494664+00:00,2026-08-30T18:50:08.502536+00:00,0.0078,error,0,,0,0,0,0.0,400 Client Error: Bad Request for url: http://localhost:8001/v1/chat/completions
mt_set5/frenetic_v/test-854,2026-08-30T18:50:08.502633+00:00,2026-08-30T18:50:08.504340+00:00,0.0017,error,0,,0,0,0,0.0,400 Client Error: Bad Request for url: http://localhost:8001/v1/chat/completions
mt/set_10/frenetic/test-630,2026-08-30T18:50:08.504386+00:00,2026-08-30T18:50:08.505997+00:00,0.0016,error,0,,0,0,0,0.0,400 Client Error: Bad Request for url: http://localhost:8001/v1/chat/completions
mt/set_7/frenetic_v/odr/test-937,2026-08-30T18:50:08.506049+00:00,2026-08-30T18:50:08.507682+00:00,0.0016,error,0,,0,0,0,0.0,400 Client Error: Bad Request for url: http://localhost:8001/v1/chat/completions
mt/set_10/frenetic_v/test-718,2026-08-30T18:50:08.507722+00:00,2026-08-30T18:50:08.509344+00:00,0.0016,error,0,,0,0,0,0.0,400 Client Error: Bad Request for url: http://localhost:8001/v1/chat/completions
mt/set_9/frenetic_v/test-679,2026-08-30T18:50:08.509435+00:00,2026-08-30T18:50:08.511065+00:00,0.0016,error,0,,0,0,0,0.0,400 Client Error: Bad Request for url: http://localhost:8001/v1/chat/completions
mt/set_17/frenetic_v/test-717,2026-08-30T18:50:08.511128+00:00,2026-08-30T18:50:08.512748+00:00,0.0016,error,0,,0,0,0,0.0,400 Client Error: Bad Request for url: http://localhost:8001/v1/chat/completions
mt/set_13/frenetic_v/test-351,2026-08-30T18:50:08.512787+00:00,2026-08-30T18:50:08.514386+00:00,0.0015,error,0,,0,0,0,0.0,400 Client Error: Bad Request for url: http://localhost:8001/v1/chat/completions
mt_set5/ambiegen/test-249,2026-08-30T18:50:08.514446+00:00,2026-08-30T18:50:08.516062+00:00,0.0016,error,0,,0,0,0,0.0,400 Client Error: Bad Request for url: http://localhost:8001/v1/chat/completions
mt/set_8/frenetic/odr/test-686,2026-08-30T18:50:08.516118+00:00,2026-08-30T18:50:08.517738+00:00,0.0016,error,0,,0,0,0,0.0,400 Client Error: Bad Request for url: http://localhost:8001/v1/chat/completions
mt/set_10/frenetic/test-535,2026-08-30T18:50:08.517778+00:00,2026-08-30T18:50:08.519477+00:00,0.0016,error,0,,0,0,0,0.0,400 Client Error: Bad Request for url: http://localhost:8001/v1/chat/completions
mt/set_7/ambiegen/odr/test-762,2026-08-30T18:50:08.519529+00:00,2026-08-30T18:50:08.521164+00:00,0.0016,error,0,,0,0,0,0.0,400 Client Error: Bad Request for url: http://localhost:8001/v1/chat/completions
mt/set_7/frenetic_v/odr/test-556,2026-08-30T18:50:08.521222+00:00,2026-08-30T18:50:08.522852+00:00,0.0016,error,0,,0,0,0,0.0,400 Client Error: Bad Request for url: http://localhost:8001/v1/chat/completions
mt/set_9/frenetic/test-755,2026-08-30T18:50:08.522905+00:00,2026-08-30T18:50:08.524549+00:00,0.0016,error,0,,0,0,0,0.0,400 Client Error: Bad Request for url: http://localhost:8001/v1/chat/completions
mt/set_12/frenetic_v/test-638,2026-08-30T18:50:08.524593+00:00,2026-08-30T18:50:08.526243+00:00,0.0016,error,0,,0,0,0,0.0,400 Client Error: Bad Request for url: http://localhost:8001/v1/chat/completions
mt/set_9/frenetic/test-16,2026-08-30T18:50:08.526305+00:00,2026-08-30T18:50:08.527936+00:00,0.0016,error,0,,0,0,0,0.0,400 Client Error: Bad Request for url: http://localhost:8001/v1/chat/completions
mt_set5/frenetic_v/test-149,2026-08-30T18:50:08.527988+00:00,2026-08-30T18:50:08.529594+00:00,0.0016,error,0,,0,0,0,0.0,400 Client Error: Bad Request for url: http://localhost:8001/v1/chat/completions
mt/set_9/ambiegen/test-208,2026-08-30T18:50:08.529651+00:00,2026-08-30T18:50:08.531269+00:00,0.0016,error,0,,0,0,0,0.0,400 Client Error: Bad Request for url: http://localhost:8001/v1/chat/completions
mt/set_9/frenetic_v/test-378,2026-08-30T18:50:08.531336+00:00,2026-08-30T18:50:08.532949+00:00,0.0016,error,0,,0,0,0,0.0,400 Client Error: Bad Request for url: http://localhost:8001/v1/chat/completions
mt/set_7/ambiegen/odr/test-86,2026-08-30T18:50:08.533010+00:00,2026-08-30T18:50:08.534624+00:00,0.0016,error,0,,0,0,0,0.0,400 Client Error: Bad Request for url: http://localhost:8001/v1/chat/completions
mt/set_16/frenetic/test-931,2026-08-30T18:50:08.534675+00:00,2026-08-30T18:50:08.536336+00:00,0.0016,error,0,,0,0,0,0.0,400 Client Error: Bad Request for url: http://localhost:8001/v1/chat/completions
mt_set6/frenetic/test-310,2026-08-30T18:50:08.536396+00:00,2026-08-30T18:50:08.537994+00:00,0.0015,error,0,,0,0,0,0.0,400 Client Error: Bad Request for url: http://localhost:8001/v1/chat/completions
mt/set_8/frenetic/odr/test-410,2026-08-30T18:50:08.538056+00:00,2026-08-30T18:50:08.539714+00:00,0.0016,error,0,,0,0,0,0.0,400 Client Error: Bad Request for url: http://localhost:8001/v1/chat/completions
mt/set_7/frenetic/odr/test-624,2026-08-30T18:50:08.539765+00:00,2026-08-30T18:50:08.541367+00:00,0.0015,error,0,,0,0,0,0.0,400 Client Error: Bad Request for url: http://localhost:8001/v1/chat/completions
mt_set6/frenetic/test-173,2026-08-30T18:50:08.541426+00:00,2026-08-30T18:50:08.543070+00:00,0.0016,error,0,,0,0,0,0.0,400 Client Error: Bad Request for url: http://localhost:8001/v1/chat/completions
mt/set_10/frenetic_v/test-260,2026-08-30T18:50:08.543108+00:00,2026-08-30T18:50:08.544719+00:00,0.0016,error,0,,0,0,0,0.0,400 Client Error: Bad Request for url: http://localhost:8001/v1/chat/completions
mt/set_12/ambiegen/test-748,2026-08-30T18:50:08.544761+00:00,2026-08-30T18:50:08.546361+00:00,0.0015,error,0,,0,0,0,0.0,400 Client Error: Bad Request for url: http://localhost:8001/v1/chat/completions
mt/set_17/frenetic/test-549,2026-08-30T18:50:08.546417+00:00,2026-08-30T18:50:08.548050+00:00,0.0016,error,0,,0,0,0,0.0,400 Client Error: Bad Request for url: http://localhost:8001/v1/chat/completions
mt/set_11/ambiegen/test-667,2026-08-30T18:50:08.548085+00:00,2026-08-30T18:50:08.549677+00:00,0.0015,error,0,,0,0,0,0.0,400 Client Error: Bad Request for url: http://localhost:8001/v1/chat/completions
mt/set_11/ambiegen/test-754,2026-08-30T18:50:08.549706+00:00,2026-08-30T18:50:08.551333+00:00,0.0016,error,0,,0,0,0,0.0,400 Client Error: Bad Request for url: http://localhost:8001/v1/chat/completions
mt_set5/frenetic/test-213,2026-08-30T18:50:08.551395+00:00,2026-08-30T18:50:08.553002+00:00,0.0016,error,0,,0,0,0,0.0,400 Client Error: Bad Request for url: http://localhost:8001/v1/chat/completions
mt_set5/frenetic_v/test-813,2026-08-30T18:50:08.553055+00:00,2026-08-30T18:50:08.554652+00:00,0.0015,error,0,,0,0,0,0.0,400 Client Error: Bad Request for url: http://localhost:8001/v1/chat/completions
mt_set5/frenetic/test-361,2026-08-30T18:50:08.554770+00:00,2026-08-30T18:50:08.556402+00:00,0.0016,error,0,,0,0,0,0.0,400 Client Error: Bad Request for url: http://localhost:8001/v1/chat/completions
mt/set_14/frenetic_v/test-416,2026-08-30T18:50:08.556441+00:00,2026-08-30T18:50:08.558059+00:00,0.0016,error,0,,0,0,0,0.0,400 Client Error: Bad Request for url: http://localhost:8001/v1/chat/completions
mt/set_6/frenetic_v/test-868,2026-08-30T18:50:08.558123+00:00,2026-08-30T18:50:08.559744+00:00,0.0016,error,0,,0,0,0,0.0,400 Client Error: Bad Request for url: http://localhost:8001/v1/chat/completions
mt/set_11/ambiegen/test-146,2026-08-30T18:50:08.559788+00:00,2026-08-30T18:50:08.561406+00:00,0.0016,error,0,,0,0,0,0.0,400 Client Error: Bad Request for url: http://localhost:8001/v1/chat/completions
mt/set_12/frenetic_v/test-691,2026-08-30T18:50:08.561441+00:00,2026-08-30T18:50:08.563065+00:00,0.0016,error,0,,0,0,0,0.0,400 Client Error: Bad Request for url: http://localhost:8001/v1/chat/completions
mt/set_17/frenetic/test-538,2026-08-30T18:50:08.563100+00:00,2026-08-30T18:50:08.564693+00:00,0.0015,error,0,,0,0,0,0.0,400 Client Error: Bad Request for url: http://localhost:8001/v1/chat/completions
mt/set_9/ambiegen/test-630,2026-08-30T18:50:08.564765+00:00,2026-08-30T18:50:08.566378+00:00,0.0016,error,0,,0,0,0,0.0,400 Client Error: Bad Request for url: http://localhost:8001/v1/chat/completions
mt/set_10/frenetic/test-283,2026-08-30T18:50:08.566417+00:00,2026-08-30T18:50:08.568049+00:00,0.0016,error,0,,0,0,0,0.0,400 Client Error: Bad Request for url: http://localhost:8001/v1/chat/completions
mt/set_9/frenetic/test-36,2026-08-30T18:50:08.568102+00:00,2026-08-30T18:50:08.569714+00:00,0.0016,error,0,,0,0,0,0.0,400 Client Error: Bad Request for url: http://localhost:8001/v1/chat/completions
mt/set_12/frenetic_v/test-262,2026-08-30T18:50:08.569750+00:00,2026-08-30T18:50:08.571366+00:00,0.0016,error,0,,0,0,0,0.0,400 Client Error: Bad Request for url: http://localhost:8001/v1/chat/completions
mt/set_2/ambiegen/odr/test-749,2026-08-30T18:50:08.571418+00:00,2026-08-30T18:50:08.573037+00:00,0.0016,error,0,,0,0,0,0.0,400 Client Error: Bad Request for url: http://localhost:8001/v1/chat/completions
mt/set_16/ambiegen/test-153,2026-08-30T18:50:08.573086+00:00,2026-08-30T18:50:08.574686+00:00,0.0015,error,0,,0,0,0,0.0,400 Client Error: Bad Request for url: http://localhost:8001/v1/chat/completions
mt/set_18/ambiegen/test-703,2026-08-30T18:50:08.574746+00:00,2026-08-30T18:50:08.576348+00:00,0.0016,error,0,,0,0,0,0.0,400 Client Error: Bad Request for url: http://localhost:8001/v1/chat/completions
mt/set_18/ambiegen/test-326,2026-08-30T18:50:08.576403+00:00,2026-08-30T18:50:08.578016+00:00,0.0016,error,0,,0,0,0,0.0,400 Client Error: Bad Request for url: http://localhost:8001/v1/chat/completions
mt/set_16/frenetic/test-929,2026-08-30T18:50:08.578036+00:00,2026-08-30T18:50:08.579642+00:00,0.0016,error,0,,0,0,0,0.0,400 Client Error: Bad Request for url: http://localhost:8001/v1/chat/completions
mt/set_18/frenetic_v/test-29,2026-08-30T18:50:08.579684+00:00,2026-08-30T18:50:08.581296+00:00,0.0016,error,0,,0,0,0,0.0,400 Client Error: Bad Request for url: http://localhost:8001/v1/chat/completions
mt/set_12/frenetic/test-617,2026-08-30T18:50:08.581327+00:00,2026-08-30T18:50:08.582941+00:00,0.0016,error,0,,0,0,0,0.0,400 Client Error: Bad Request for url: http://localhost:8001/v1/chat/completions
mt/set_16/frenetic_v/test-820,2026-08-30T18:50:08.582989+00:00,2026-08-30T18:50:08.584584+00:00,0.0015,error,0,,0,0,0,0.0,400 Client Error: Bad Request for url: http://localhost:8001/v1/chat/completions
mt/set_14/frenetic/test-891,2026-08-30T18:50:08.584618+00:00,2026-08-30T18:50:08.586224+00:00,0.0016,error,0,,0,0,0,0.0,400 Client Error: Bad Request for url: http://localhost:8001/v1/chat/completions
mt/set_8/frenetic/odr/test-787,2026-08-30T18:50:08.586271+00:00,2026-08-30T18:50:08.587890+00:00,0.0016,error,0,,0,0,0,0.0,400 Client Error: Bad Request for url: http://localhost:8001/v1/chat/completions
mt/set_11/frenetic/test-640,2026-08-30T18:50:08.587929+00:00,2026-08-30T18:50:08.589534+00:00,0.0016,error,0,,0,0,0,0.0,400 Client Error: Bad Request for url: http://localhost:8001/v1/chat/completions
mt/set_10/frenetic_v/test-316,2026-08-30T18:50:08.589564+00:00,2026-08-30T18:50:08.591217+00:00,0.0016,error,0,,0,0,0,0.0,400 Client Error: Bad Request for url: http://localhost:8001/v1/chat/completions
mt/set_17/ambiegen/test-910,2026-08-30T18:50:08.591265+00:00,2026-08-30T18:50:08.592866+00:00,0.0016,error,0,,0,0,0,0.0,400 Client Error: Bad Request for url: http://localhost:8001/v1/chat/completions
mt/set_12/frenetic/test-501,2026-08-30T18:50:08.592930+00:00,2026-08-30T18:50:08.594533+00:00,0.0016,error,0,,0,0,0,0.0,400 Client Error: Bad Request for url: http://localhost:8001/v1/chat/completions
mt/set_12/frenetic/test-247,2026-08-30T18:50:08.594567+00:00,2026-08-30T18:50:08.596201+00:00,0.0016,error,0,,0,0,0,0.0,400 Client Error: Bad Request for url: http://localhost:8001/v1/chat/completions
mt_set5/frenetic_v/test-759,2026-08-30T18:50:08.596249+00:00,2026-08-30T18:50:08.597855+00:00,0.0016,error,0,,0,0,0,0.0,400 Client Error: Bad Request for url: http://localhost:8001/v1/chat/completions
mt/set_8/frenetic_v/odr/test-669,2026-08-30T18:50:08.597912+00:00,2026-08-30T18:50:08.599526+00:00,0.0016,error,0,,0,0,0,0.0,400 Client Error: Bad Request for url: http://localhost:8001/v1/chat/completions
mt/set_12/ambiegen/test-207,2026-08-30T18:50:08.599561+00:00,2026-08-30T18:50:08.601188+00:00,0.0016,error,0,,0,0,0,0.0,400 Client Error: Bad Request for url: http://localhost:8001/v1/chat/completions
mt/set_17/frenetic_v/test-654,2026-08-30T18:50:08.601234+00:00,2026-08-30T18:50:08.602852+00:00,0.0016,error,0,,0,0,0,0.0,400 Client Error: Bad Request for url: http://localhost:8001/v1/chat/completions
mt/set_10/ambiegen/test-537,2026-08-30T18:50:08.602891+00:00,2026-08-30T18:50:08.604522+00:00,0.0016,error,0,,0,0,0,0.0,400 Client Error: Bad Request for url: http://localhost:8001/v1/chat/completions
mt/set_18/ambiegen/test-152,2026-08-30T18:50:08.604569+00:00,2026-08-30T18:50:08.606176+00:00,0.0016,error,0,,0,0,0,0.0,400 Client Error: Bad Request for url: http://localhost:8001/v1/chat/completions
mt/set_17/frenetic/test-138,2026-08-30T18:50:08.606225+00:00,2026-08-30T18:50:08.607840+00:00,0.0016,error,0,,0,0,0,0.0,400 Client Error: Bad Request for url: http://localhost:8001/v1/chat/completions
mt_set5/frenetic_v/test-29,2026-08-30T18:50:08.607888+00:00,2026-08-30T18:50:08.609500+00:00,0.0016,error,0,,0,0,0,0.0,400 Client Error: Bad Request for url: http://localhost:8001/v1/chat/completions
mt/set_13/frenetic_v/test-802,2026-08-30T18:50:08.609535+00:00,2026-08-30T18:50:08.611147+00:00,0.0016,error,0,,0,0,0,0.0,400 Client Error: Bad Request for url: http://localhost:8001/v1/chat/completions
mt/set_6/frenetic_v/test-619,2026-08-30T18:50:08.611205+00:00,2026-08-30T18:50:08.612808+00:00,0.0016,error,0,,0,0,0,0.0,400 Client Error: Bad Request for url: http://localhost:8001/v1/chat/completions
mt/set_13/frenetic/test-304,2026-08-30T18:50:08.612844+00:00,2026-08-30T18:50:08.614464+00:00,0.0016,error,0,,0,0,0,0.0,400 Client Error: Bad Request for url: http://localhost:8001/v1/chat/completions
mt/set_18/ambiegen/test-2,2026-08-30T18:50:08.614515+00:00,2026-08-30T18:50:08.616135+00:00,0.0016,error,0,,0,0,0,0.0,400 Client Error: Bad Request for url: http://localhost:8001/v1/chat/completions
mt/set_9/frenetic_v/test-781,2026-08-30T18:50:08.616194+00:00,2026-08-30T18:50:08.617812+00:00,0.0016,error,0,,0,0,0,0.0,400 Client Error: Bad Request for url: http://localhost:8001/v1/chat/completions
mt/set_6/frenetic_v/test-384,2026-08-30T18:50:08.617870+00:00,2026-08-30T18:50:08.619484+00:00,0.0016,error,0,,0,0,0,0.0,400 Client Error: Bad Request for url: http://localhost:8001/v1/chat/completions
mt_set5/ambiegen/test-225,2026-08-30T18:50:08.619534+00:00,2026-08-30T18:50:08.621142+00:00,0.0016,error,0,,0,0,0,0.0,400 Client Error: Bad Request for url: http://localhost:8001/v1/chat/completions
mt/set_11/frenetic_v/test-807,2026-08-30T18:50:08.621182+00:00,2026-08-30T18:50:08.622798+00:00,0.0016,error,0,,0,0,0,0.0,400 Client Error: Bad Request for url: http://localhost:8001/v1/chat/completions
mt/set_13/frenetic/test-25,2026-08-30T18:50:08.622836+00:00,2026-08-30T18:50:08.624454+00:00,0.0016,error,0,,0,0,0,0.0,400 Client Error: Bad Request for url: http://localhost:8001/v1/chat/completions
mt/set_10/frenetic_v/test-281,2026-08-30T18:50:08.624484+00:00,2026-08-30T18:50:08.626081+00:00,0.0015,error,0,,0,0,0,0.0,400 Client Error: Bad Request for url: http://localhost:8001/v1/chat/completions
mt_set5/ambiegen/test-737,2026-08-30T18:50:08.626132+00:00,2026-08-30T18:50:08.627775+00:00,0.0016,error,0,,0,0,0,0.0,400 Client Error: Bad Request for url: http://localhost:8001/v1/chat/completions
mt/set_9/ambiegen/test-447,2026-08-30T18:50:08.627827+00:00,2026-08-30T18:50:08.629437+00:00,0.0016,error,0,,0,0,0,0.0,400 Client Error: Bad Request for url: http://localhost:8001/v1/chat/completions
mt/set_8/ambiegen/odr/test-483,2026-08-30T18:50:08.629490+00:00,2026-08-30T18:50:08.631120+00:00,0.0016,error,0,,0,0,0,0.0,400 Client Error: Bad Request for url: http://localhost:8001/v1/chat/completions
mt_set5/ambiegen/test-352,2026-08-30T18:50:08.631175+00:00,2026-08-30T18:50:08.632778+00:00,0.0016,error,0,,0,0,0,0.0,400 Client Error: Bad Request for url: http://localhost:8001/v1/chat/completions
mt_set6/frenetic/test-934,2026-08-30T18:50:08.632830+00:00,2026-08-30T18:50:08.634432+00:00,0.0015,error,0,,0,0,0,0.0,400 Client Error: Bad Request for url: http://localhost:8001/v1/chat/completions
mt/set_10/frenetic_v/test-32,2026-08-30T18:50:08.634477+00:00,2026-08-30T18:50:08.636101+00:00,0.0016,error,0,,0,0,0,0.0,400 Client Error: Bad Request for url: http://localhost:8001/v1/chat/completions
mt/set_14/frenetic_v/test-229,2026-08-30T18:50:08.636135+00:00,2026-08-30T18:50:08.637735+00:00,0.0015,error,0,,0,0,0,0.0,400 Client Error: Bad Request for url: http://localhost:8001/v1/chat/completions
mt/set_13/frenetic_v/test-912,2026-08-30T18:50:08.637790+00:00,2026-08-30T18:50:08.639458+00:00,0.0016,error,0,,0,0,0,0.0,400 Client Error: Bad Request for url: http://localhost:8001/v1/chat/completions
mt/set_13/ambiegen/test-299,2026-08-30T18:50:08.639493+00:00,2026-08-30T18:50:08.641105+00:00,0.0016,error,0,,0,0,0,0.0,400 Client Error: Bad Request for url: http://localhost:8001/v1/chat/completions
mt_set5/frenetic/test-763,2026-08-30T18:50:08.641143+00:00,2026-08-30T18:50:08.642755+00:00,0.0016,error,0,,0,0,0,0.0,400 Client Error: Bad Request for url: http://localhost:8001/v1/chat/completions
mt/set_13/frenetic/test-886,2026-08-30T18:50:08.642785+00:00,2026-08-30T18:50:08.644398+00:00,0.0016,error,0,,0,0,0,0.0,400 Client Error: Bad Request for url: http://localhost:8001/v1/chat/completions
mt/set_10/frenetic_v/test-670,2026-08-30T18:50:08.644435+00:00,2026-08-30T18:50:08.646034+00:00,0.0015,error,0,,0,0,0,0.0,400 Client Error: Bad Request for url: http://localhost:8001/v1/chat/completions
mt/set_18/frenetic/test-147,2026-08-30T18:50:08.646089+00:00,2026-08-30T18:50:08.647711+00:00,0.0016,error,0,,0,0,0,0.0,400 Client Error: Bad Request for url: http://localhost:8001/v1/chat/completions
mt/set_7/ambiegen/odr/test-235,2026-08-30T18:50:08.647759+00:00,2026-08-30T18:50:08.649413+00:00,0.0016,error,0,,0,0,0,0.0,400 Client Error: Bad Request for url: http://localhost:8001/v1/chat/completions
mt/set_7/frenetic_v/odr/test-302,2026-08-30T18:50:08.649460+00:00,2026-08-30T18:50:08.651115+00:00,0.0016,error,0,,0,0,0,0.0,400 Client Error: Bad Request for url: http://localhost:8001/v1/chat/completions
mt/set_16/frenetic_v/test-20,2026-08-30T18:50:08.651161+00:00,2026-08-30T18:50:08.652790+00:00,0.0016,error,0,,0,0,0,0.0,400 Client Error: Bad Request for url: http://localhost:8001/v1/chat/completions
mt/set_11/frenetic/test-872,2026-08-30T18:50:08.652830+00:00,2026-08-30T18:50:08.654432+00:00,0.0016,error,0,,0,0,0,0.0,400 Client Error: Bad Request for url: http://localhost:8001/v1/chat/completions
mt/set_7/frenetic/odr/test-11,2026-08-30T18:50:08.654481+00:00,2026-08-30T18:50:08.656104+00:00,0.0016,error,0,,0,0,0,0.0,400 Client Error: Bad Request for url: http://localhost:8001/v1/chat/completions
mt/set_16/frenetic/test-720,2026-08-30T18:50:08.656142+00:00,2026-08-30T18:50:08.657779+00:00,0.0016,error,0,,0,0,0,0.0,400 Client Error: Bad Request for url: http://localhost:8001/v1/chat/completions
mt/set_7/ambiegen/odr/test-845,2026-08-30T18:50:08.657824+00:00,2026-08-30T18:50:08.659455+00:00,0.0016,error,0,,0,0,0,0.0,400 Client Error: Bad Request for url: http://localhost:8001/v1/chat/completions
mt/set_16/ambiegen/test-564,2026-08-30T18:50:08.659495+00:00,2026-08-30T18:50:08.661101+00:00,0.0016,error,0,,0,0,0,0.0,400 Client Error: Bad Request for url: http://localhost:8001/v1/chat/completions
mt_set5/frenetic_v/test-877,2026-08-30T18:50:08.661140+00:00,2026-08-30T18:50:08.662753+00:00,0.0016,error,0,,0,0,0,0.0,400 Client Error: Bad Request for url: http://localhost:8001/v1/chat/completions
mt/set_12/frenetic_v/test-764,2026-08-30T18:50:08.662783+00:00,2026-08-30T18:50:08.664402+00:00,0.0016,error,0,,0,0,0,0.0,400 Client Error: Bad Request for url: http://localhost:8001/v1/chat/completions
mt/set_8/ambiegen/odr/test-410,2026-08-30T18:50:08.664455+00:00,2026-08-30T18:50:08.666065+00:00,0.0016,error,0,,0,0,0,0.0,400 Client Error: Bad Request for url: http://localhost:8001/v1/chat/completions
mt/set_11/frenetic_v/test-787,2026-08-30T18:50:08.666095+00:00,2026-08-30T18:50:08.667718+00:00,0.0016,error,0,,0,0,0,0.0,400 Client Error: Bad Request for url: http://localhost:8001/v1/chat/completions
mt/set_13/frenetic_v/test-95,2026-08-30T18:50:08.667753+00:00,2026-08-30T18:50:08.669355+00:00,0.0016,error,0,,0,0,0,0.0,400 Client Error: Bad Request for url: http://localhost:8001/v1/chat/completions
mt_set5/ambiegen/test-723,2026-08-30T18:50:08.669401+00:00,2026-08-30T18:50:08.671028+00:00,0.0016,error,0,,0,0,0,0.0,400 Client Error: Bad Request for url: http://localhost:8001/v1/chat/completions
mt/set_9/frenetic_v/test-935,2026-08-30T18:50:08.671074+00:00,2026-08-30T18:50:08.672676+00:00,0.0016,error,0,,0,0,0,0.0,400 Client Error: Bad Request for url: http://localhost:8001/v1/chat/completions
mt_set5/frenetic/test-827,2026-08-30T18:50:08.672719+00:00,2026-08-30T18:50:08.674335+00:00,0.0016,error,0,,0,0,0,0.0,400 Client Error: Bad Request for url: http://localhost:8001/v1/chat/completions
mt_set5/ambiegen/test-136,2026-08-30T18:50:08.674381+00:00,2026-08-30T18:50:08.675988+00:00,0.0016,error,0,,0,0,0,0.0,400 Client Error: Bad Request for url: http://localhost:8001/v1/chat/completions
mt/set_11/ambiegen/test-729,2026-08-30T18:50:08.676020+00:00,2026-08-30T18:50:08.677622+00:00,0.0015,error,0,,0,0,0,0.0,400 Client Error: Bad Request for url: http://localhost:8001/v1/chat/completions
mt/set_11/frenetic_v/test-747,2026-08-30T18:50:08.677652+00:00,2026-08-30T18:50:08.679278+00:00,0.0016,error,0,,0,0,0,0.0,400 Client Error: Bad Request for url: http://localhost:8001/v1/chat/completions
mt/set_7/frenetic_v/odr/test-589,2026-08-30T18:50:08.679346+00:00,2026-08-30T18:50:08.680954+00:00,0.0016,error,0,,0,0,0,0.0,400 Client Error: Bad Request for url: http://localhost:8001/v1/chat/completions
mt/set_12/frenetic/test-23,2026-08-30T18:50:08.680991+00:00,2026-08-30T18:50:08.682593+00:00,0.0016,error,0,,0,0,0,0.0,400 Client Error: Bad Request for url: http://localhost:8001/v1/chat/completions
mt/set_10/frenetic/test-517,2026-08-30T18:50:08.682626+00:00,2026-08-30T18:50:08.684239+00:00,0.0016,error,0,,0,0,0,0.0,400 Client Error: Bad Request for url: http://localhost:8001/v1/chat/completions
mt/set_13/ambiegen/test-100,2026-08-30T18:50:08.684277+00:00,2026-08-30T18:50:08.685883+00:00,0.0016,error,0,,0,0,0,0.0,400 Client Error: Bad Request for url: http://localhost:8001/v1/chat/completions
mt/set_12/frenetic/test-902,2026-08-30T18:50:08.685914+00:00,2026-08-30T18:50:08.687536+00:00,0.0016,error,0,,0,0,0,0.0,400 Client Error: Bad Request for url: http://localhost:8001/v1/chat/completions
mt/set_2/ambiegen/odr/test-682,2026-08-30T18:50:08.687580+00:00,2026-08-30T18:50:08.689193+00:00,0.0016,error,0,,0,0,0,0.0,400 Client Error: Bad Request for url: http://localhost:8001/v1/chat/completions
mt/set_11/frenetic_v/test-733,2026-08-30T18:50:08.689223+00:00,2026-08-30T18:50:08.690831+00:00,0.0016,error,0,,0,0,0,0.0,400 Client Error: Bad Request for url: http://localhost:8001/v1/chat/completions
mt/set_7/ambiegen/odr/test-363,2026-08-30T18:50:08.690883+00:00,2026-08-30T18:50:08.692498+00:00,0.0016,error,0,,0,0,0,0.0,400 Client Error: Bad Request for url: http://localhost:8001/v1/chat/completions
mt_set6/frenetic/test-659,2026-08-30T18:50:08.692548+00:00,2026-08-30T18:50:08.694153+00:00,0.0016,error,0,,0,0,0,0.0,400 Client Error: Bad Request for url: http://localhost:8001/v1/chat/completions
mt_set5/ambiegen/test-843,2026-08-30T18:50:08.694200+00:00,2026-08-30T18:50:08.695811+00:00,0.0016,error,0,,0,0,0,0.0,400 Client Error: Bad Request for url: http://localhost:8001/v1/chat/completions
mt/set_7/frenetic_v/odr/test-506,2026-08-30T18:50:08.695855+00:00,2026-08-30T18:50:08.697482+00:00,0.0016,error,0,,0,0,0,0.0,400 Client Error: Bad Request for url: http://localhost:8001/v1/chat/completions
mt_set5/frenetic/test-738,2026-08-30T18:50:08.697523+00:00,2026-08-30T18:50:08.699149+00:00,0.0016,error,0,,0,0,0,0.0,400 Client Error: Bad Request for url: http://localhost:8001/v1/chat/completions
mt_set5/frenetic_v/test-559,2026-08-30T18:50:08.699196+00:00,2026-08-30T18:50:08.700808+00:00,0.0016,error,0,,0,0,0,0.0,400 Client Error: Bad Request for url: http://localhost:8001/v1/chat/completions
mt/set_11/frenetic/test-544,2026-08-30T18:50:08.700838+00:00,2026-08-30T18:50:08.702477+00:00,0.0016,error,0,,0,0,0,0.0,400 Client Error: Bad Request for url: http://localhost:8001/v1/chat/completions
mt_set6/frenetic/test-276,2026-08-30T18:50:08.702521+00:00,2026-08-30T18:50:08.704153+00:00,0.0016,error,0,,0,0,0,0.0,400 Client Error: Bad Request for url: http://localhost:8001/v1/chat/completions
mt/set_8/frenetic/odr/test-373,2026-08-30T18:50:08.704200+00:00,2026-08-30T18:50:08.705812+00:00,0.0016,error,0,,0,0,0,0.0,400 Client Error: Bad Request for url: http://localhost:8001/v1/chat/completions
mt/set_10/frenetic/test-545,2026-08-30T18:50:08.705842+00:00,2026-08-30T18:50:08.707462+00:00,0.0016,error,0,,0,0,0,0.0,400 Client Error: Bad Request for url: http://localhost:8001/v1/chat/completions
mt/set_18/frenetic/test-454,2026-08-30T18:50:08.707512+00:00,2026-08-30T18:50:08.709127+00:00,0.0016,error,0,,0,0,0,0.0,400 Client Error: Bad Request for url: http://localhost:8001/v1/chat/completions
mt/set_11/frenetic_v/test-553,2026-08-30T18:50:08.709162+00:00,2026-08-30T18:50:08.710779+00:00,0.0016,error,0,,0,0,0,0.0,400 Client Error: Bad Request for url: http://localhost:8001/v1/chat/completions
mt_set5/frenetic_v/test-109,2026-08-30T18:50:08.710828+00:00,2026-08-30T18:50:08.712441+00:00,0.0016,error,0,,0,0,0,0.0,400 Client Error: Bad Request for url: http://localhost:8001/v1/chat/completions
mt/set_18/frenetic_v/test-157,2026-08-30T18:50:08.712497+00:00,2026-08-30T18:50:08.714113+00:00,0.0016,error,0,,0,0,0,0.0,400 Client Error: Bad Request for url: http://localhost:8001/v1/chat/completions
mt/set_16/frenetic/test-306,2026-08-30T18:50:08.714147+00:00,2026-08-30T18:50:08.715815+00:00,0.0016,error,0,,0,0,0,0.0,400 Client Error: Bad Request for url: http://localhost:8001/v1/chat/completions
mt_set5/frenetic/test-433,2026-08-30T18:50:08.715870+00:00,2026-08-30T18:50:08.717480+00:00,0.0016,error,0,,0,0,0,0.0,400 Client Error: Bad Request for url: http://localhost:8001/v1/chat/completions
mt/set_16/frenetic_v/test-88,2026-08-30T18:50:08.717530+00:00,2026-08-30T18:50:08.719300+00:00,0.0017,error,0,,0,0,0,0.0,400 Client Error: Bad Request for url: http://localhost:8001/v1/chat/completions
mt/set_9/frenetic/test-5,2026-08-30T18:50:08.719335+00:00,2026-08-30T18:50:08.720949+00:00,0.0016,error,0,,0,0,0,0.0,400 Client Error: Bad Request for url: http://localhost:8001/v1/chat/completions
mt/set_14/ambiegen/test-49,2026-08-30T18:50:08.721001+00:00,2026-08-30T18:50:08.722622+00:00,0.0016,error,0,,0,0,0,0.0,400 Client Error: Bad Request for url: http://localhost:8001/v1/chat/completions
mt/set_16/frenetic_v/test-182,2026-08-30T18:50:08.722665+00:00,2026-08-30T18:50:08.724285+00:00,0.0016,error,0,,0,0,0,0.0,400 Client Error: Bad Request for url: http://localhost:8001/v1/chat/completions
mt/set_8/frenetic_v/odr/test-930,2026-08-30T18:50:08.724336+00:00,2026-08-30T18:50:08.725934+00:00,0.0015,error,0,,0,0,0,0.0,400 Client Error: Bad Request for url: http://localhost:8001/v1/chat/completions
mt/set_16/frenetic/test-213,2026-08-30T18:50:08.725969+00:00,2026-08-30T18:50:08.727602+00:00,0.0016,error,0,,0,0,0,0.0,400 Client Error: Bad Request for url: http://localhost:8001/v1/chat/completions
mt/set_17/frenetic/test-751,2026-08-30T18:50:08.727660+00:00,2026-08-30T18:50:08.729266+00:00,0.0016,error,0,,0,0,0,0.0,400 Client Error: Bad Request for url: http://localhost:8001/v1/chat/completions
mt/set_18/ambiegen/test-404,2026-08-30T18:50:08.729312+00:00,2026-08-30T18:50:08.730982+00:00,0.0016,error,0,,0,0,0,0.0,400 Client Error: Bad Request for url: http://localhost:8001/v1/chat/completions
mt/set_11/frenetic_v/test-67,2026-08-30T18:50:08.731013+00:00,2026-08-30T18:50:08.732629+00:00,0.0016,error,0,,0,0,0,0.0,400 Client Error: Bad Request for url: http://localhost:8001/v1/chat/completions
mt/set_17/ambiegen/test-540,2026-08-30T18:50:08.732673+00:00,2026-08-30T18:50:08.734279+00:00,0.0016,error,0,,0,0,0,0.0,400 Client Error: Bad Request for url: http://localhost:8001/v1/chat/completions
mt/set_18/frenetic_v/test-234,2026-08-30T18:50:08.734326+00:00,2026-08-30T18:50:08.735954+00:00,0.0016,error,0,,0,0,0,0.0,400 Client Error: Bad Request for url: http://localhost:8001/v1/chat/completions
mt/set_11/frenetic_v/test-742,2026-08-30T18:50:08.735984+00:00,2026-08-30T18:50:08.737684+00:00,0.0016,error,0,,0,0,0,0.0,400 Client Error: Bad Request for url: http://localhost:8001/v1/chat/completions
mt/set_8/ambiegen/odr/test-515,2026-08-30T18:50:08.737726+00:00,2026-08-30T18:50:08.739344+00:00,0.0016,error,0,,0,0,0,0.0,400 Client Error: Bad Request for url: http://localhost:8001/v1/chat/completions
mt/set_17/frenetic_v/test-538,2026-08-30T18:50:08.739396+00:00,2026-08-30T18:50:08.741016+00:00,0.0016,error,0,,0,0,0,0.0,400 Client Error: Bad Request for url: http://localhost:8001/v1/chat/completions
mt/set_18/frenetic/test-509,2026-08-30T18:50:08.741067+00:00,2026-08-30T18:50:08.742663+00:00,0.0015,error,0,,0,0,0,0.0,400 Client Error: Bad Request for url: http://localhost:8001/v1/chat/completions
mt/set_14/frenetic/test-277,2026-08-30T18:50:08.742702+00:00,2026-08-30T18:50:08.744318+00:00,0.0016,error,0,,0,0,0,0.0,400 Client Error: Bad Request for url: http://localhost:8001/v1/chat/completions
mt/set_7/frenetic_v/odr/test-412,2026-08-30T18:50:08.744362+00:00,2026-08-30T18:50:08.745975+00:00,0.0016,error,0,,0,0,0,0.0,400 Client Error: Bad Request for url: http://localhost:8001/v1/chat/completions
mt/set_7/ambiegen/odr/test-784,2026-08-30T18:50:08.746014+00:00,2026-08-30T18:50:08.747634+00:00,0.0016,error,0,,0,0,0,0.0,400 Client Error: Bad Request for url: http://localhost:8001/v1/chat/completions
mt/set_13/ambiegen/test-20,2026-08-30T18:50:08.747664+00:00,2026-08-30T18:50:08.749279+00:00,0.0016,error,0,,0,0,0,0.0,400 Client Error: Bad Request for url: http://localhost:8001/v1/chat/completions
mt/set_18/frenetic/test-865,2026-08-30T18:50:08.749334+00:00,2026-08-30T18:50:08.750943+00:00,0.0016,error,0,,0,0,0,0.0,400 Client Error: Bad Request for url: http://localhost:8001/v1/chat/completions
mt/set_2/ambiegen/odr/test-92,2026-08-30T18:50:08.750987+00:00,2026-08-30T18:50:08.752583+00:00,0.0015,error,0,,0,0,0,0.0,400 Client Error: Bad Request for url: http://localhost:8001/v1/chat/completions
mt/set_13/frenetic_v/test-774,2026-08-30T18:50:08.752614+00:00,2026-08-30T18:50:08.754219+00:00,0.0016,error,0,,0,0,0,0.0,400 Client Error: Bad Request for url: http://localhost:8001/v1/chat/completions
mt/set_16/ambiegen/test-638,2026-08-30T18:50:08.754254+00:00,2026-08-30T18:50:08.755937+00:00,0.0016,error,0,,0,0,0,0.0,400 Client Error: Bad Request for url: http://localhost:8001/v1/chat/completions
mt/set_12/ambiegen/test-787,2026-08-30T18:50:08.755966+00:00,2026-08-30T18:50:08.757575+00:00,0.0016,error,0,,0,0,0,0.0,400 Client Error: Bad Request for url: http://localhost:8001/v1/chat/completions
mt/set_16/ambiegen/test-656,2026-08-30T18:50:08.757606+00:00,2026-08-30T18:50:08.759228+00:00,0.0016,error,0,,0,0,0,0.0,400 Client Error: Bad Request for url: http://localhost:8001/v1/chat/completions
mt/set_18/frenetic/test-369,2026-08-30T18:50:08.759272+00:00,2026-08-30T18:50:08.760879+00:00,0.0016,error,0,,0,0,0,0.0,400 Client Error: Bad Request for url: http://localhost:8001/v1/chat/completions
mt/set_8/frenetic/odr/test-206,2026-08-30T18:50:08.760926+00:00,2026-08-30T18:50:08.762554+00:00,0.0016,error,0,,0,0,0,0.0,400 Client Error: Bad Request for url: http://localhost:8001/v1/chat/completions
mt/set_10/frenetic/test-902,2026-08-30T18:50:08.762584+00:00,2026-08-30T18:50:08.764197+00:00,0.0016,error,0,,0,0,0,0.0,400 Client Error: Bad Request for url: http://localhost:8001/v1/chat/completions
mt/set_17/ambiegen/test-566,2026-08-30T18:50:08.764239+00:00,2026-08-30T18:50:08.765832+00:00,0.0015,error,0,,0,0,0,0.0,400 Client Error: Bad Request for url: http://localhost:8001/v1/chat/completions
mt/set_10/ambiegen/test-302,2026-08-30T18:50:08.765867+00:00,2026-08-30T18:50:08.767498+00:00,0.0016,error,0,,0,0,0,0.0,400 Client Error: Bad Request for url: http://localhost:8001/v1/chat/completions
mt/set_9/ambiegen/test-130,2026-08-30T18:50:08.767541+00:00,2026-08-30T18:50:08.769157+00:00,0.0016,error,0,,0,0,0,0.0,400 Client Error: Bad Request for url: http://localhost:8001/v1/chat/completions
mt/set_12/frenetic/test-100,2026-08-30T18:50:08.769194+00:00,2026-08-30T18:50:08.770818+00:00,0.0016,error,0,,0,0,0,0.0,400 Client Error: Bad Request for url: http://localhost:8001/v1/chat/completions
mt/set_12/frenetic_v/test-751,2026-08-30T18:50:08.770856+00:00,2026-08-30T18:50:08.772458+00:00,0.0016,error,0,,0,0,0,0.0,400 Client Error: Bad Request for url: http://localhost:8001/v1/chat/completions
mt/set_11/ambiegen/test-450,2026-08-30T18:50:08.772489+00:00,2026-08-30T18:50:08.774084+00:00,0.0015,error,0,,0,0,0,0.0,400 Client Error: Bad Request for url: http://localhost:8001/v1/chat/completions
mt/set_9/frenetic_v/test-785,2026-08-30T18:50:08.774119+00:00,2026-08-30T18:50:08.775743+00:00,0.0016,error,0,,0,0,0,0.0,400 Client Error: Bad Request for url: http://localhost:8001/v1/chat/completions
mt/set_18/ambiegen/test-528,2026-08-30T18:50:08.775790+00:00,2026-08-30T18:50:08.777392+00:00,0.0015,error,0,,0,0,0,0.0,400 Client Error: Bad Request for url: http://localhost:8001/v1/chat/completions
mt/set_13/ambiegen/test-843,2026-08-30T18:50:08.777426+00:00,2026-08-30T18:50:08.779097+00:00,0.0016,error,0,,0,0,0,0.0,400 Client Error: Bad Request for url: http://localhost:8001/v1/chat/completions
mt/set_16/frenetic/test-498,2026-08-30T18:50:08.779141+00:00,2026-08-30T18:50:08.780759+00:00,0.0016,error,0,,0,0,0,0.0,400 Client Error: Bad Request for url: http://localhost:8001/v1/chat/completions
mt/set_18/frenetic/test-174,2026-08-30T18:50:08.780803+00:00,2026-08-30T18:50:08.782407+00:00,0.0016,error,0,,0,0,0,0.0,400 Client Error: Bad Request for url: http://localhost:8001/v1/chat/completions
mt/set_9/frenetic/test-858,2026-08-30T18:50:08.782459+00:00,2026-08-30T18:50:08.784061+00:00,0.0016,error,0,,0,0,0,0.0,400 Client Error: Bad Request for url: http://localhost:8001/v1/chat/completions
mt/set_11/frenetic/test-927,2026-08-30T18:50:08.784091+00:00,2026-08-30T18:50:08.785710+00:00,0.0016,error,0,,0,0,0,0.0,400 Client Error: Bad Request for url: http://localhost:8001/v1/chat/completions
mt/set_7/frenetic/odr/test-896,2026-08-30T18:50:08.785762+00:00,2026-08-30T18:50:08.787368+00:00,0.0016,error,0,,0,0,0,0.0,400 Client Error: Bad Request for url: http://localhost:8001/v1/chat/completions
mt_set5/frenetic/test-818,2026-08-30T18:50:08.787402+00:00,2026-08-30T18:50:08.789007+00:00,0.0016,error,0,,0,0,0,0.0,400 Client Error: Bad Request for url: http://localhost:8001/v1/chat/completions
mt/set_9/ambiegen/test-18,2026-08-30T18:50:08.789051+00:00,2026-08-30T18:50:08.790650+00:00,0.0015,error,0,,0,0,0,0.0,400 Client Error: Bad Request for url: http://localhost:8001/v1/chat/completions
mt/set_16/ambiegen/test-942,2026-08-30T18:50:08.790684+00:00,2026-08-30T18:50:08.792303+00:00,0.0016,error,0,,0,0,0,0.0,400 Client Error: Bad Request for url: http://localhost:8001/v1/chat/completions
mt/set_10/frenetic_v/test-808,2026-08-30T18:50:08.792336+00:00,2026-08-30T18:50:08.793952+00:00,0.0016,error,0,,0,0,0,0.0,400 Client Error: Bad Request for url: http://localhost:8001/v1/chat/completions
mt/set_18/frenetic/test-797,2026-08-30T18:50:08.794000+00:00,2026-08-30T18:50:08.795601+00:00,0.0015,error,0,,0,0,0,0.0,400 Client Error: Bad Request for url: http://localhost:8001/v1/chat/completions
mt_set6/frenetic/test-126,2026-08-30T18:50:08.795644+00:00,2026-08-30T18:50:08.797266+00:00,0.0016,error,0,,0,0,0,0.0,400 Client Error: Bad Request for url: http://localhost:8001/v1/chat/completions
mt/set_6/frenetic_v/test-265,2026-08-30T18:50:08.797317+00:00,2026-08-30T18:50:08.802892+00:00,0.0054,error,0,,0,0,0,0.0,400 Client Error: Bad Request for url: http://localhost:8001/v1/chat/completions
mt_set6/frenetic/test-492,2026-08-30T18:50:08.803127+00:00,2026-08-30T18:50:08.805274+00:00,0.0021,error,0,,0,0,0,0.0,400 Client Error: Bad Request for url: http://localhost:8001/v1/chat/completions
mt/set_17/frenetic_v/test-552,2026-08-30T18:50:08.805314+00:00,2026-08-30T18:50:08.806944+00:00,0.0016,error,0,,0,0,0,0.0,400 Client Error: Bad Request for url: http://localhost:8001/v1/chat/completions
mt/set_10/ambiegen/test-455,2026-08-30T18:50:08.806989+00:00,2026-08-30T18:50:08.808603+00:00,0.0016,error,0,,0,0,0,0.0,400 Client Error: Bad Request for url: http://localhost:8001/v1/chat/completions
mt/set_14/frenetic_v/test-487,2026-08-30T18:50:08.808675+00:00,2026-08-30T18:50:08.810325+00:00,0.0016,error,0,,0,0,0,0.0,400 Client Error: Bad Request for url: http://localhost:8001/v1/chat/completions
mt/set_12/frenetic_v/test-807,2026-08-30T18:50:08.810375+00:00,2026-08-30T18:50:08.812006+00:00,0.0016,error,0,,0,0,0,0.0,400 Client Error: Bad Request for url: http://localhost:8001/v1/chat/completions
mt_set6/frenetic/test-120,2026-08-30T18:50:08.812045+00:00,2026-08-30T18:50:08.813693+00:00,0.0016,error,0,,0,0,0,0.0,400 Client Error: Bad Request for url: http://localhost:8001/v1/chat/completions
mt/set_13/frenetic/test-94,2026-08-30T18:50:08.813747+00:00,2026-08-30T18:50:08.815383+00:00,0.0016,error,0,,0,0,0,0.0,400 Client Error: Bad Request for url: http://localhost:8001/v1/chat/completions
mt/set_18/frenetic/test-256,2026-08-30T18:50:08.815430+00:00,2026-08-30T18:50:08.817038+00:00,0.0016,error,0,,0,0,0,0.0,400 Client Error: Bad Request for url: http://localhost:8001/v1/chat/completions
mt/set_7/ambiegen/odr/test-331,2026-08-30T18:50:08.817082+00:00,2026-08-30T18:50:08.818739+00:00,0.0016,error,0,,0,0,0,0.0,400 Client Error: Bad Request for url: http://localhost:8001/v1/chat/completions
mt/set_17/frenetic/test-548,2026-08-30T18:50:08.818761+00:00,2026-08-30T18:50:08.820407+00:00,0.0016,error,0,,0,0,0,0.0,400 Client Error: Bad Request for url: http://localhost:8001/v1/chat/completions
mt/set_17/ambiegen/test-608,2026-08-30T18:50:08.820451+00:00,2026-08-30T18:50:08.822060+00:00,0.0016,error,0,,0,0,0,0.0,400 Client Error: Bad Request for url: http://localhost:8001/v1/chat/completions
mt/set_12/frenetic_v/test-620,2026-08-30T18:50:08.822104+00:00,2026-08-30T18:50:08.823750+00:00,0.0016,error,0,,0,0,0,0.0,400 Client Error: Bad Request for url: http://localhost:8001/v1/chat/completions
mt/set_16/frenetic/test-672,2026-08-30T18:50:08.823793+00:00,2026-08-30T18:50:08.825397+00:00,0.0016,error,0,,0,0,0,0.0,400 Client Error: Bad Request for url: http://localhost:8001/v1/chat/completions
mt/set_7/frenetic_v/odr/test-254,2026-08-30T18:50:08.825444+00:00,2026-08-30T18:50:08.827057+00:00,0.0016,error,0,,0,0,0,0.0,400 Client Error: Bad Request for url: http://localhost:8001/v1/chat/completions
mt/set_10/frenetic_v/test-715,2026-08-30T18:50:08.827100+00:00,2026-08-30T18:50:08.828737+00:00,0.0016,error,0,,0,0,0,0.0,400 Client Error: Bad Request for url: http://localhost:8001/v1/chat/completions
mt/set_13/frenetic/test-175,2026-08-30T18:50:08.828779+00:00,2026-08-30T18:50:08.830400+00:00,0.0016,error,0,,0,0,0,0.0,400 Client Error: Bad Request for url: http://localhost:8001/v1/chat/completions
mt_set6/frenetic/test-536,2026-08-30T18:50:08.830450+00:00,2026-08-30T18:50:08.832061+00:00,0.0016,error,0,,0,0,0,0.0,400 Client Error: Bad Request for url: http://localhost:8001/v1/chat/completions
mt/set_16/frenetic_v/test-776,2026-08-30T18:50:08.832113+00:00,2026-08-30T18:50:08.833723+00:00,0.0016,error,0,,0,0,0,0.0,400 Client Error: Bad Request for url: http://localhost:8001/v1/chat/completions
mt/set_18/frenetic_v/test-7,2026-08-30T18:50:08.833771+00:00,2026-08-30T18:50:08.835400+00:00,0.0016,error,0,,0,0,0,0.0,400 Client Error: Bad Request for url: http://localhost:8001/v1/chat/completions
mt/set_16/frenetic/test-810,2026-08-30T18:50:08.835450+00:00,2026-08-30T18:50:08.837175+00:00,0.0017,error,0,,0,0,0,0.0,400 Client Error: Bad Request for url: http://localhost:8001/v1/chat/completions
mt/set_17/frenetic_v/test-202,2026-08-30T18:50:08.837219+00:00,2026-08-30T18:50:08.838844+00:00,0.0016,error,0,,0,0,0,0.0,400 Client Error: Bad Request for url: http://localhost:8001/v1/chat/completions
mt/set_8/ambiegen/odr/test-347,2026-08-30T18:50:08.838890+00:00,2026-08-30T18:50:08.840504+00:00,0.0016,error,0,,0,0,0,0.0,400 Client Error: Bad Request for url: http://localhost:8001/v1/chat/completions
mt_set5/frenetic/test-745,2026-08-30T18:50:08.840539+00:00,2026-08-30T18:50:08.842156+00:00,0.0016,error,0,,0,0,0,0.0,400 Client Error: Bad Request for url: http://localhost:8001/v1/chat/completions
mt/set_2/ambiegen/odr/test-34,2026-08-30T18:50:08.842199+00:00,2026-08-30T18:50:08.843840+00:00,0.0016,error,0,,0,0,0,0.0,400 Client Error: Bad Request for url: http://localhost:8001/v1/chat/completions
mt/set_10/ambiegen/test-339,2026-08-30T18:50:08.843886+00:00,2026-08-30T18:50:08.845544+00:00,0.0016,error,0,,0,0,0,0.0,400 Client Error: Bad Request for url: http://localhost:8001/v1/chat/completions
mt/set_8/frenetic/odr/test-841,2026-08-30T18:50:08.845585+00:00,2026-08-30T18:50:08.847201+00:00,0.0016,error,0,,0,0,0,0.0,400 Client Error: Bad Request for url: http://localhost:8001/v1/chat/completions
mt/set_2/ambiegen/odr/test-335,2026-08-30T18:50:08.847258+00:00,2026-08-30T18:50:08.848885+00:00,0.0016,error,0,,0,0,0,0.0,400 Client Error: Bad Request for url: http://localhost:8001/v1/chat/completions
mt/set_12/frenetic/test-670,2026-08-30T18:50:08.848931+00:00,2026-08-30T18:50:08.850546+00:00,0.0016,error,0,,0,0,0,0.0,400 Client Error: Bad Request for url: http://localhost:8001/v1/chat/completions
mt/set_11/frenetic/test-390,2026-08-30T18:50:08.850598+00:00,2026-08-30T18:50:08.852207+00:00,0.0016,error,0,,0,0,0,0.0,400 Client Error: Bad Request for url: http://localhost:8001/v1/chat/completions
mt/set_8/frenetic_v/odr/test-417,2026-08-30T18:50:08.852251+00:00,2026-08-30T18:50:08.853884+00:00,0.0016,error,0,,0,0,0,0.0,400 Client Error: Bad Request for url: http://localhost:8001/v1/chat/completions
mt/set_6/frenetic_v/test-646,2026-08-30T18:50:08.853929+00:00,2026-08-30T18:50:08.855574+00:00,0.0016,error,0,,0,0,0,0.0,400 Client Error: Bad Request for url: http://localhost:8001/v1/chat/completions
mt/set_13/frenetic_v/test-783,2026-08-30T18:50:08.855617+00:00,2026-08-30T18:50:08.857218+00:00,0.0015,error,0,,0,0,0,0.0,400 Client Error: Bad Request for url: http://localhost:8001/v1/chat/completions
mt/set_7/frenetic/odr/test-124,2026-08-30T18:50:08.857262+00:00,2026-08-30T18:50:08.858878+00:00,0.0016,error,0,,0,0,0,0.0,400 Client Error: Bad Request for url: http://localhost:8001/v1/chat/completions
mt/set_14/frenetic_v/test-846,2026-08-30T18:50:08.858934+00:00,2026-08-30T18:50:08.860548+00:00,0.0016,error,0,,0,0,0,0.0,400 Client Error: Bad Request for url: http://localhost:8001/v1/chat/completions
mt/set_9/frenetic_v/test-426,2026-08-30T18:50:08.860597+00:00,2026-08-30T18:50:08.862205+00:00,0.0016,error,0,,0,0,0,0.0,400 Client Error: Bad Request for url: http://localhost:8001/v1/chat/completions
mt/set_11/frenetic/test-129,2026-08-30T18:50:08.862254+00:00,2026-08-30T18:50:08.863889+00:00,0.0016,error,0,,0,0,0,0.0,400 Client Error: Bad Request for url: http://localhost:8001/v1/chat/completions
mt/set_14/ambiegen/test-218,2026-08-30T18:50:08.863931+00:00,2026-08-30T18:50:08.865547+00:00,0.0016,error,0,,0,0,0,0.0,400 Client Error: Bad Request for url: http://localhost:8001/v1/chat/completions
mt_set5/frenetic_v/test-255,2026-08-30T18:50:08.865595+00:00,2026-08-30T18:50:08.867247+00:00,0.0016,error,0,,0,0,0,0.0,400 Client Error: Bad Request for url: http://localhost:8001/v1/chat/completions
mt/set_18/ambiegen/test-262,2026-08-30T18:50:08.867293+00:00,2026-08-30T18:50:08.868921+00:00,0.0016,error,0,,0,0,0,0.0,400 Client Error: Bad Request for url: http://localhost:8001/v1/chat/completions
mt/set_17/frenetic/test-352,2026-08-30T18:50:08.868972+00:00,2026-08-30T18:50:08.870577+00:00,0.0016,error,0,,0,0,0,0.0,400 Client Error: Bad Request for url: http://localhost:8001/v1/chat/completions
mt/set_12/frenetic/test-889,2026-08-30T18:50:08.870628+00:00,2026-08-30T18:50:08.872266+00:00,0.0016,error,0,,0,0,0,0.0,400 Client Error: Bad Request for url: http://localhost:8001/v1/chat/completions
mt/set_8/frenetic/odr/test-650,2026-08-30T18:50:08.872310+00:00,2026-08-30T18:50:08.873915+00:00,0.0016,error,0,,0,0,0,0.0,400 Client Error: Bad Request for url: http://localhost:8001/v1/chat/completions
mt/set_11/frenetic_v/test-350,2026-08-30T18:50:08.873962+00:00,2026-08-30T18:50:08.875591+00:00,0.0016,error,0,,0,0,0,0.0,400 Client Error: Bad Request for url: http://localhost:8001/v1/chat/completions
mt/set_10/ambiegen/test-884,2026-08-30T18:50:08.875644+00:00,2026-08-30T18:50:08.877258+00:00,0.0016,error,0,,0,0,0,0.0,400 Client Error: Bad Request for url: http://localhost:8001/v1/chat/completions
mt/set_14/ambiegen/test-775,2026-08-30T18:50:08.877302+00:00,2026-08-30T18:50:08.878914+00:00,0.0016,error,0,,0,0,0,0.0,400 Client Error: Bad Request for url: http://localhost:8001/v1/chat/completions
mt/set_6/frenetic_v/test-900,2026-08-30T18:50:08.878957+00:00,2026-08-30T18:50:08.880560+00:00,0.0016,error,0,,0,0,0,0.0,400 Client Error: Bad Request for url: http://localhost:8001/v1/chat/completions
mt/set_7/frenetic/odr/test-372,2026-08-30T18:50:08.880612+00:00,2026-08-30T18:50:08.882229+00:00,0.0016,error,0,,0,0,0,0.0,400 Client Error: Bad Request for url: http://localhost:8001/v1/chat/completions
mt/set_14/ambiegen/test-808,2026-08-30T18:50:08.882267+00:00,2026-08-30T18:50:08.883877+00:00,0.0016,error,0,,0,0,0,0.0,400 Client Error: Bad Request for url: http://localhost:8001/v1/chat/completions
mt/set_9/frenetic_v/test-11,2026-08-30T18:50:08.883916+00:00,2026-08-30T18:50:08.885523+00:00,0.0016,error,0,,0,0,0,0.0,400 Client Error: Bad Request for url: http://localhost:8001/v1/chat/completions
mt/set_7/frenetic/odr/test-208,2026-08-30T18:50:08.885573+00:00,2026-08-30T18:50:08.887187+00:00,0.0016,error,0,,0,0,0,0.0,400 Client Error: Bad Request for url: http://localhost:8001/v1/chat/completions
mt/set_14/ambiegen/test-312,2026-08-30T18:50:08.887231+00:00,2026-08-30T18:50:08.888842+00:00,0.0016,error,0,,0,0,0,0.0,400 Client Error: Bad Request for url: http://localhost:8001/v1/chat/completions
mt/set_13/ambiegen/test-536,2026-08-30T18:50:08.888890+00:00,2026-08-30T18:50:08.890495+00:00,0.0016,error,0,,0,0,0,0.0,400 Client Error: Bad Request for url: http://localhost:8001/v1/chat/completions
mt/set_18/frenetic/test-683,2026-08-30T18:50:08.890544+00:00,2026-08-30T18:50:08.892158+00:00,0.0016,error,0,,0,0,0,0.0,400 Client Error: Bad Request for url: http://localhost:8001/v1/chat/completions
mt/set_16/ambiegen/test-4,2026-08-30T18:50:08.892222+00:00,2026-08-30T18:50:08.893836+00:00,0.0016,error,0,,0,0,0,0.0,400 Client Error: Bad Request for url: http://localhost:8001/v1/chat/completions
mt/set_13/frenetic/test-75,2026-08-30T18:50:08.893874+00:00,2026-08-30T18:50:08.895531+00:00,0.0016,error,0,,0,0,0,0.0,400 Client Error: Bad Request for url: http://localhost:8001/v1/chat/completions
mt/set_9/frenetic/test-504,2026-08-30T18:50:08.895588+00:00,2026-08-30T18:50:08.897211+00:00,0.0016,error,0,,0,0,0,0.0,400 Client Error: Bad Request for url: http://localhost:8001/v1/chat/completions
mt/set_12/frenetic/test-756,2026-08-30T18:50:08.897256+00:00,2026-08-30T18:50:08.898880+00:00,0.0016,error,0,,0,0,0,0.0,400 Client Error: Bad Request for url: http://localhost:8001/v1/chat/completions
mt_set5/frenetic_v/test-206,2026-08-30T18:50:08.898928+00:00,2026-08-30T18:50:08.900668+00:00,0.0017,error,0,,0,0,0,0.0,400 Client Error: Bad Request for url: http://localhost:8001/v1/chat/completions
mt/set_8/ambiegen/odr/test-358,2026-08-30T18:50:08.900713+00:00,2026-08-30T18:50:08.902448+00:00,0.0017,error,0,,0,0,0,0.0,400 Client Error: Bad Request for url: http://localhost:8001/v1/chat/completions
mt/set_8/frenetic_v/odr/test-178,2026-08-30T18:50:08.902497+00:00,2026-08-30T18:50:08.904260+00:00,0.0017,error,0,,0,0,0,0.0,400 Client Error: Bad Request for url: http://localhost:8001/v1/chat/completions
mt/set_8/frenetic_v/odr/test-239,2026-08-30T18:50:08.904311+00:00,2026-08-30T18:50:08.906055+00:00,0.0017,error,0,,0,0,0,0.0,400 Client Error: Bad Request for url: http://localhost:8001/v1/chat/completions
mt/set_8/frenetic/odr/test-252,2026-08-30T18:50:08.906101+00:00,2026-08-30T18:50:08.907822+00:00,0.0017,error,0,,0,0,0,0.0,400 Client Error: Bad Request for url: http://localhost:8001/v1/chat/completions
mt/set_14/ambiegen/test-865,2026-08-30T18:50:08.907876+00:00,2026-08-30T18:50:08.909604+00:00,0.0017,error,0,,0,0,0,0.0,400 Client Error: Bad Request for url: http://localhost:8001/v1/chat/completions
mt/set_12/frenetic_v/test-932,2026-08-30T18:50:08.909647+00:00,2026-08-30T18:50:08.911334+00:00,0.0016,error,0,,0,0,0,0.0,400 Client Error: Bad Request for url: http://localhost:8001/v1/chat/completions
mt_set5/ambiegen/test-658,2026-08-30T18:50:08.911408+00:00,2026-08-30T18:50:08.913146+00:00,0.0017,error,0,,0,0,0,0.0,400 Client Error: Bad Request for url: http://localhost:8001/v1/chat/completions
mt_set5/frenetic/test-146,2026-08-30T18:50:08.913190+00:00,2026-08-30T18:50:08.914886+00:00,0.0016,error,0,,0,0,0,0.0,400 Client Error: Bad Request for url: http://localhost:8001/v1/chat/completions
mt/set_17/ambiegen/test-350,2026-08-30T18:50:08.914933+00:00,2026-08-30T18:50:08.916669+00:00,0.0017,error,0,,0,0,0,0.0,400 Client Error: Bad Request for url: http://localhost:8001/v1/chat/completions
mt/set_7/frenetic_v/odr/test-734,2026-08-30T18:50:08.916724+00:00,2026-08-30T18:50:08.918412+00:00,0.0016,error,0,,0,0,0,0.0,400 Client Error: Bad Request for url: http://localhost:8001/v1/chat/completions
mt/set_16/ambiegen/test-625,2026-08-30T18:50:08.918458+00:00,2026-08-30T18:50:08.920134+00:00,0.0016,error,0,,0,0,0,0.0,400 Client Error: Bad Request for url: http://localhost:8001/v1/chat/completions
mt/set_16/frenetic/test-776,2026-08-30T18:50:08.920181+00:00,2026-08-30T18:50:08.921877+00:00,0.0016,error,0,,0,0,0,0.0,400 Client Error: Bad Request for url: http://localhost:8001/v1/chat/completions
mt/set_10/ambiegen/test-275,2026-08-30T18:50:08.921922+00:00,2026-08-30T18:50:08.923577+00:00,0.0016,error,0,,0,0,0,0.0,400 Client Error: Bad Request for url: http://localhost:8001/v1/chat/completions
mt/set_13/frenetic_v/test-139,2026-08-30T18:50:08.923623+00:00,2026-08-30T18:50:08.925276+00:00,0.0016,error,0,,0,0,0,0.0,400 Client Error: Bad Request for url: http://localhost:8001/v1/chat/completions
mt/set_11/ambiegen/test-918,2026-08-30T18:50:08.925321+00:00,2026-08-30T18:50:08.926983+00:00,0.0016,error,0,,0,0,0,0.0,400 Client Error: Bad Request for url: http://localhost:8001/v1/chat/completions
mt/set_6/frenetic_v/test-815,2026-08-30T18:50:08.927025+00:00,2026-08-30T18:50:08.928678+00:00,0.0016,error,0,,0,0,0,0.0,400 Client Error: Bad Request for url: http://localhost:8001/v1/chat/completions
mt/set_8/frenetic_v/odr/test-483,2026-08-30T18:50:08.928723+00:00,2026-08-30T18:50:08.930366+00:00,0.0016,error,0,,0,0,0,0.0,400 Client Error: Bad Request for url: http://localhost:8001/v1/chat/completions
mt/set_2/ambiegen/odr/test-835,2026-08-30T18:50:08.930412+00:00,2026-08-30T18:50:08.932071+00:00,0.0016,error,0,,0,0,0,0.0,400 Client Error: Bad Request for url: http://localhost:8001/v1/chat/completions
mt_set5/frenetic_v/test-407,2026-08-30T18:50:08.932121+00:00,2026-08-30T18:50:08.933746+00:00,0.0016,error,0,,0,0,0,0.0,400 Client Error: Bad Request for url: http://localhost:8001/v1/chat/completions
mt/set_18/ambiegen/test-155,2026-08-30T18:50:08.933776+00:00,2026-08-30T18:50:08.935431+00:00,0.0016,error,0,,0,0,0,0.0,400 Client Error: Bad Request for url: http://localhost:8001/v1/chat/completions
mt/set_13/ambiegen/test-288,2026-08-30T18:50:08.935488+00:00,2026-08-30T18:50:08.937116+00:00,0.0016,error,0,,0,0,0,0.0,400 Client Error: Bad Request for url: http://localhost:8001/v1/chat/completions
mt/set_6/frenetic_v/test-722,2026-08-30T18:50:08.937160+00:00,2026-08-30T18:50:08.938784+00:00,0.0016,error,0,,0,0,0,0.0,400 Client Error: Bad Request for url: http://localhost:8001/v1/chat/completions
mt/set_17/ambiegen/test-551,2026-08-30T18:50:08.938820+00:00,2026-08-30T18:50:08.940461+00:00,0.0016,error,0,,0,0,0,0.0,400 Client Error: Bad Request for url: http://localhost:8001/v1/chat/completions
mt/set_14/frenetic_v/test-153,2026-08-30T18:50:08.940518+00:00,2026-08-30T18:50:08.942144+00:00,0.0016,error,0,,0,0,0,0.0,400 Client Error: Bad Request for url: http://localhost:8001/v1/chat/completions
mt/set_7/ambiegen/odr/test-189,2026-08-30T18:50:08.942192+00:00,2026-08-30T18:50:08.943840+00:00,0.0016,error,0,,0,0,0,0.0,400 Client Error: Bad Request for url: http://localhost:8001/v1/chat/completions
mt_set5/ambiegen/test-731,2026-08-30T18:50:08.943870+00:00,2026-08-30T18:50:08.945486+00:00,0.0016,error,0,,0,0,0,0.0,400 Client Error: Bad Request for url: http://localhost:8001/v1/chat/completions
mt/set_14/ambiegen/test-746,2026-08-30T18:50:08.945531+00:00,2026-08-30T18:50:08.947156+00:00,0.0016,error,0,,0,0,0,0.0,400 Client Error: Bad Request for url: http://localhost:8001/v1/chat/completions
mt/set_7/frenetic/odr/test-467,2026-08-30T18:50:08.947206+00:00,2026-08-30T18:50:08.948826+00:00,0.0016,error,0,,0,0,0,0.0,400 Client Error: Bad Request for url: http://localhost:8001/v1/chat/completions
mt/set_8/frenetic_v/odr/test-744,2026-08-30T18:50:08.948873+00:00,2026-08-30T18:50:08.950488+00:00,0.0016,error,0,,0,0,0,0.0,400 Client Error: Bad Request for url: http://localhost:8001/v1/chat/completions
mt/set_10/ambiegen/test-812,2026-08-30T18:50:08.950532+00:00,2026-08-30T18:50:08.952169+00:00,0.0016,error,0,,0,0,0,0.0,400 Client Error: Bad Request for url: http://localhost:8001/v1/chat/completions
mt/set_17/frenetic/test-861,2026-08-30T18:50:08.952215+00:00,2026-08-30T18:50:08.953853+00:00,0.0016,error,0,,0,0,0,0.0,400 Client Error: Bad Request for url: http://localhost:8001/v1/chat/completions
mt/set_18/ambiegen/test-777,2026-08-30T18:50:08.953902+00:00,2026-08-30T18:50:08.955541+00:00,0.0016,error,0,,0,0,0,0.0,400 Client Error: Bad Request for url: http://localhost:8001/v1/chat/completions
mt/set_8/frenetic_v/odr/test-880,2026-08-30T18:50:08.955587+00:00,2026-08-30T18:50:08.957204+00:00,0.0016,error,0,,0,0,0,0.0,400 Client Error: Bad Request for url: http://localhost:8001/v1/chat/completions
mt/set_18/ambiegen/test-560,2026-08-30T18:50:08.957247+00:00,2026-08-30T18:50:08.958867+00:00,0.0016,error,0,,0,0,0,0.0,400 Client Error: Bad Request for url: http://localhost:8001/v1/chat/completions
mt/set_13/frenetic_v/test-46,2026-08-30T18:50:08.958910+00:00,2026-08-30T18:50:08.960519+00:00,0.0016,error,0,,0,0,0,0.0,400 Client Error: Bad Request for url: http://localhost:8001/v1/chat/completions
mt_set5/frenetic/test-748,2026-08-30T18:50:08.960539+00:00,2026-08-30T18:50:08.962160+00:00,0.0016,error,0,,0,0,0,0.0,400 Client Error: Bad Request for url: http://localhost:8001/v1/chat/completions
mt/set_14/ambiegen/test-541,2026-08-30T18:50:08.962212+00:00,2026-08-30T18:50:08.963844+00:00,0.0016,error,0,,0,0,0,0.0,400 Client Error: Bad Request for url: http://localhost:8001/v1/chat/completions
mt/set_9/frenetic_v/test-729,2026-08-30T18:50:08.963888+00:00,2026-08-30T18:50:08.965501+00:00,0.0016,error,0,,0,0,0,0.0,400 Client Error: Bad Request for url: http://localhost:8001/v1/chat/completions
mt/set_9/frenetic_v/test-442,2026-08-30T18:50:08.965543+00:00,2026-08-30T18:50:08.967166+00:00,0.0016,error,0,,0,0,0,0.0,400 Client Error: Bad Request for url: http://localhost:8001/v1/chat/completions
mt/set_10/frenetic_v/test-627,2026-08-30T18:50:08.967211+00:00,2026-08-30T18:50:08.968822+00:00,0.0016,error,0,,0,0,0,0.0,400 Client Error: Bad Request for url: http://localhost:8001/v1/chat/completions
mt/set_11/frenetic_v/test-112,2026-08-30T18:50:08.968872+00:00,2026-08-30T18:50:08.970485+00:00,0.0016,error,0,,0,0,0,0.0,400 Client Error: Bad Request for url: http://localhost:8001/v1/chat/completions
mt/set_17/ambiegen/test-839,2026-08-30T18:50:08.970534+00:00,2026-08-30T18:50:08.972152+00:00,0.0016,error,0,,0,0,0,0.0,400 Client Error: Bad Request for url: http://localhost:8001/v1/chat/completions
mt/set_9/frenetic/test-398,2026-08-30T18:50:08.972207+00:00,2026-08-30T18:50:08.973805+00:00,0.0015,error,0,,0,0,0,0.0,400 Client Error: Bad Request for url: http://localhost:8001/v1/chat/completions
mt/set_10/frenetic/test-140,2026-08-30T18:50:08.973849+00:00,2026-08-30T18:50:08.975485+00:00,0.0016,error,0,,0,0,0,0.0,400 Client Error: Bad Request for url: http://localhost:8001/v1/chat/completions
mt/set_13/ambiegen/test-372,2026-08-30T18:50:08.975541+00:00,2026-08-30T18:50:08.977156+00:00,0.0016,error,0,,0,0,0,0.0,400 Client Error: Bad Request for url: http://localhost:8001/v1/chat/completions
mt/set_12/frenetic/test-803,2026-08-30T18:50:08.977222+00:00,2026-08-30T18:50:08.978868+00:00,0.0016,error,0,,0,0,0,0.0,400 Client Error: Bad Request for url: http://localhost:8001/v1/chat/completions
mt/set_8/frenetic/odr/test-494,2026-08-30T18:50:08.978911+00:00,2026-08-30T18:50:08.980519+00:00,0.0016,error,0,,0,0,0,0.0,400 Client Error: Bad Request for url: http://localhost:8001/v1/chat/completions
mt/set_17/frenetic/test-6,2026-08-30T18:50:08.980567+00:00,2026-08-30T18:50:08.982161+00:00,0.0015,error,0,,0,0,0,0.0,400 Client Error: Bad Request for url: http://localhost:8001/v1/chat/completions
mt/set_13/frenetic_v/test-172,2026-08-30T18:50:08.982207+00:00,2026-08-30T18:50:08.983856+00:00,0.0016,error,0,,0,0,0,0.0,400 Client Error: Bad Request for url: http://localhost:8001/v1/chat/completions
mt/set_17/ambiegen/test-509,2026-08-30T18:50:08.983896+00:00,2026-08-30T18:50:08.985496+00:00,0.0015,error,0,,0,0,0,0.0,400 Client Error: Bad Request for url: http://localhost:8001/v1/chat/completions
mt/set_9/ambiegen/test-738,2026-08-30T18:50:08.985544+00:00,2026-08-30T18:50:08.987159+00:00,0.0016,error,0,,0,0,0,0.0,400 Client Error: Bad Request for url: http://localhost:8001/v1/chat/completions
mt/set_7/frenetic/odr/test-135,2026-08-30T18:50:08.987201+00:00,2026-08-30T18:50:08.988817+00:00,0.0016,error,0,,0,0,0,0.0,400 Client Error: Bad Request for url: http://localhost:8001/v1/chat/completions
mt/set_12/frenetic_v/test-148,2026-08-30T18:50:08.988860+00:00,2026-08-30T18:50:08.990460+00:00,0.0015,error,0,,0,0,0,0.0,400 Client Error: Bad Request for url: http://localhost:8001/v1/chat/completions
mt/set_6/frenetic_v/test-621,2026-08-30T18:50:08.990481+00:00,2026-08-30T18:50:08.992109+00:00,0.0016,error,0,,0,0,0,0.0,400 Client Error: Bad Request for url: http://localhost:8001/v1/chat/completions
mt/set_7/ambiegen/odr/test-186,2026-08-30T18:50:08.992130+00:00,2026-08-30T18:50:08.993757+00:00,0.0016,error,0,,0,0,0,0.0,400 Client Error: Bad Request for url: http://localhost:8001/v1/chat/completions
mt/set_12/ambiegen/test-525,2026-08-30T18:50:08.993801+00:00,2026-08-30T18:50:08.995448+00:00,0.0016,error,0,,0,0,0,0.0,400 Client Error: Bad Request for url: http://localhost:8001/v1/chat/completions
mt/set_14/frenetic_v/test-896,2026-08-30T18:50:08.995497+00:00,2026-08-30T18:50:08.997114+00:00,0.0016,error,0,,0,0,0,0.0,400 Client Error: Bad Request for url: http://localhost:8001/v1/chat/completions
mt/set_11/ambiegen/test-239,2026-08-30T18:50:08.997157+00:00,2026-08-30T18:50:08.998810+00:00,0.0016,error,0,,0,0,0,0.0,400 Client Error: Bad Request for url: http://localhost:8001/v1/chat/completions
mt/set_6/frenetic_v/test-152,2026-08-30T18:50:08.998859+00:00,2026-08-30T18:50:09.000464+00:00,0.0016,error,0,,0,0,0,0.0,400 Client Error: Bad Request for url: http://localhost:8001/v1/chat/completions
mt/set_16/frenetic_v/test-318,2026-08-30T18:50:09.000522+00:00,2026-08-30T18:50:09.002199+00:00,0.0016,error,0,,0,0,0,0.0,400 Client Error: Bad Request for url: http://localhost:8001/v1/chat/completions
mt/set_13/frenetic/test-679,2026-08-30T18:50:09.002251+00:00,2026-08-30T18:50:09.003885+00:00,0.0016,error,0,,0,0,0,0.0,400 Client Error: Bad Request for url: http://localhost:8001/v1/chat/completions
mt/set_12/frenetic_v/test-677,2026-08-30T18:50:09.003928+00:00,2026-08-30T18:50:09.005588+00:00,0.0016,error,0,,0,0,0,0.0,400 Client Error: Bad Request for url: http://localhost:8001/v1/chat/completions
mt/set_12/frenetic_v/test-1,2026-08-30T18:50:09.005629+00:00,2026-08-30T18:50:09.007278+00:00,0.0016,error,0,,0,0,0,0.0,400 Client Error: Bad Request for url: http://localhost:8001/v1/chat/completions
mt/set_14/frenetic/test-562,2026-08-30T18:50:09.007324+00:00,2026-08-30T18:50:09.008954+00:00,0.0016,error,0,,0,0,0,0.0,400 Client Error: Bad Request for url: http://localhost:8001/v1/chat/completions
mt/set_9/frenetic_v/test-473,2026-08-30T18:50:09.008994+00:00,2026-08-30T18:50:09.010621+00:00,0.0016,error,0,,0,0,0,0.0,400 Client Error: Bad Request for url: http://localhost:8001/v1/chat/completions
mt/set_14/ambiegen/test-294,2026-08-30T18:50:09.010667+00:00,2026-08-30T18:50:09.012319+00:00,0.0016,error,0,,0,0,0,0.0,400 Client Error: Bad Request for url: http://localhost:8001/v1/chat/completions
mt_set5/frenetic/test-403,2026-08-30T18:50:09.012362+00:00,2026-08-30T18:50:09.013994+00:00,0.0016,error,0,,0,0,0,0.0,400 Client Error: Bad Request for url: http://localhost:8001/v1/chat/completions
mt/set_18/frenetic/test-353,2026-08-30T18:50:09.014033+00:00,2026-08-30T18:50:09.015660+00:00,0.0016,error,0,,0,0,0,0.0,400 Client Error: Bad Request for url: http://localhost:8001/v1/chat/completions
mt_set5/frenetic_v/test-862,2026-08-30T18:50:09.015691+00:00,2026-08-30T18:50:09.017310+00:00,0.0016,error,0,,0,0,0,0.0,400 Client Error: Bad Request for url: http://localhost:8001/v1/chat/completions
mt/set_16/frenetic/test-821,2026-08-30T18:50:09.017347+00:00,2026-08-30T18:50:09.018981+00:00,0.0016,error,0,,0,0,0,0.0,400 Client Error: Bad Request for url: http://localhost:8001/v1/chat/completions
mt/set_8/ambiegen/odr/test-531,2026-08-30T18:50:09.019028+00:00,2026-08-30T18:50:09.020651+00:00,0.0016,error,0,,0,0,0,0.0,400 Client Error: Bad Request for url: http://localhost:8001/v1/chat/completions
mt/set_8/frenetic_v/odr/test-751,2026-08-30T18:50:09.020687+00:00,2026-08-30T18:50:09.022302+00:00,0.0016,error,0,,0,0,0,0.0,400 Client Error: Bad Request for url: http://localhost:8001/v1/chat/completions
mt_set6/frenetic/test-529,2026-08-30T18:50:09.022332+00:00,2026-08-30T18:50:09.023974+00:00,0.0016,error,0,,0,0,0,0.0,400 Client Error: Bad Request for url: http://localhost:8001/v1/chat/completions
mt/set_14/ambiegen/test-653,2026-08-30T18:50:09.024022+00:00,2026-08-30T18:50:09.025650+00:00,0.0016,error,0,,0,0,0,0.0,400 Client Error: Bad Request for url: http://localhost:8001/v1/chat/completions
mt/set_11/frenetic_v/test-244,2026-08-30T18:50:09.025700+00:00,2026-08-30T18:50:09.027338+00:00,0.0016,error,0,,0,0,0,0.0,400 Client Error: Bad Request for url: http://localhost:8001/v1/chat/completions
mt/set_16/frenetic_v/test-527,2026-08-30T18:50:09.027388+00:00,2026-08-30T18:50:09.029030+00:00,0.0016,error,0,,0,0,0,0.0,400 Client Error: Bad Request for url: http://localhost:8001/v1/chat/completions
mt/set_18/frenetic/test-594,2026-08-30T18:50:09.029074+00:00,2026-08-30T18:50:09.030731+00:00,0.0016,error,0,,0,0,0,0.0,400 Client Error: Bad Request for url: http://localhost:8001/v1/chat/completions
mt/set_11/ambiegen/test-890,2026-08-30T18:50:09.030774+00:00,2026-08-30T18:50:09.032404+00:00,0.0016,error,0,,0,0,0,0.0,400 Client Error: Bad Request for url: http://localhost:8001/v1/chat/completions
mt/set_8/frenetic/odr/test-229,2026-08-30T18:50:09.032442+00:00,2026-08-30T18:50:09.034046+00:00,0.0016,error,0,,0,0,0,0.0,400 Client Error: Bad Request for url: http://localhost:8001/v1/chat/completions
mt/set_10/frenetic/test-761,2026-08-30T18:50:09.034090+00:00,2026-08-30T18:50:09.035711+00:00,0.0016,error,0,,0,0,0,0.0,400 Client Error: Bad Request for url: http://localhost:8001/v1/chat/completions
mt/set_10/frenetic_v/test-404,2026-08-30T18:50:09.035768+00:00,2026-08-30T18:50:09.037418+00:00,0.0016,error,0,,0,0,0,0.0,400 Client Error: Bad Request for url: http://localhost:8001/v1/chat/completions
mt/set_13/frenetic_v/test-277,2026-08-30T18:50:09.037461+00:00,2026-08-30T18:50:09.039072+00:00,0.0016,error,0,,0,0,0,0.0,400 Client Error: Bad Request for url: http://localhost:8001/v1/chat/completions
mt/set_16/frenetic/test-685,2026-08-30T18:50:09.039129+00:00,2026-08-30T18:50:09.040738+00:00,0.0016,error,0,,0,0,0,0.0,400 Client Error: Bad Request for url: http://localhost:8001/v1/chat/completions
mt/set_16/frenetic_v/test-375,2026-08-30T18:50:09.040796+00:00,2026-08-30T18:50:09.042399+00:00,0.0016,error,0,,0,0,0,0.0,400 Client Error: Bad Request for url: http://localhost:8001/v1/chat/completions
mt/set_13/ambiegen/test-621,2026-08-30T18:50:09.042442+00:00,2026-08-30T18:50:09.044117+00:00,0.0016,error,0,,0,0,0,0.0,400 Client Error: Bad Request for url: http://localhost:8001/v1/chat/completions
mt_set6/frenetic/test-865,2026-08-30T18:50:09.044159+00:00,2026-08-30T18:50:09.045773+00:00,0.0016,error,0,,0,0,0,0.0,400 Client Error: Bad Request for url: http://localhost:8001/v1/chat/completions
mt/set_10/ambiegen/test-406,2026-08-30T18:50:09.045819+00:00,2026-08-30T18:50:09.047444+00:00,0.0016,error,0,,0,0,0,0.0,400 Client Error: Bad Request for url: http://localhost:8001/v1/chat/completions
mt/set_16/frenetic_v/test-721,2026-08-30T18:50:09.047497+00:00,2026-08-30T18:50:09.049107+00:00,0.0016,error,0,,0,0,0,0.0,400 Client Error: Bad Request for url: http://localhost:8001/v1/chat/completions
mt_set6/frenetic/test-824,2026-08-30T18:50:09.049152+00:00,2026-08-30T18:50:09.050758+00:00,0.0016,error,0,,0,0,0,0.0,400 Client Error: Bad Request for url: http://localhost:8001/v1/chat/completions
mt/set_13/frenetic_v/test-772,2026-08-30T18:50:09.050793+00:00,2026-08-30T18:50:09.052392+00:00,0.0015,error,0,,0,0,0,0.0,400 Client Error: Bad Request for url: http://localhost:8001/v1/chat/completions
mt/set_12/ambiegen/test-140,2026-08-30T18:50:09.052440+00:00,2026-08-30T18:50:09.054049+00:00,0.0016,error,0,,0,0,0,0.0,400 Client Error: Bad Request for url: http://localhost:8001/v1/chat/completions
mt/set_13/frenetic_v/test-90,2026-08-30T18:50:09.054092+00:00,2026-08-30T18:50:09.056974+00:00,0.0028,error,0,,0,0,0,0.0,400 Client Error: Bad Request for url: http://localhost:8001/v1/chat/completions
mt/set_11/frenetic_v/test-618,2026-08-30T18:50:09.057020+00:00,2026-08-30T18:50:09.058634+00:00,0.0016,error,0,,0,0,0,0.0,400 Client Error: Bad Request for url: http://localhost:8001/v1/chat/completions
mt/set_11/frenetic/test-499,2026-08-30T18:50:09.058677+00:00,2026-08-30T18:50:09.060296+00:00,0.0016,error,0,,0,0,0,0.0,400 Client Error: Bad Request for url: http://localhost:8001/v1/chat/completions
mt/set_13/frenetic_v/test-287,2026-08-30T18:50:09.060337+00:00,2026-08-30T18:50:09.061940+00:00,0.0016,error,0,,0,0,0,0.0,400 Client Error: Bad Request for url: http://localhost:8001/v1/chat/completions
mt_set5/frenetic/test-324,2026-08-30T18:50:09.062003+00:00,2026-08-30T18:50:09.063625+00:00,0.0016,error,0,,0,0,0,0.0,400 Client Error: Bad Request for url: http://localhost:8001/v1/chat/completions
mt/set_13/frenetic/test-184,2026-08-30T18:50:09.063663+00:00,2026-08-30T18:50:09.065272+00:00,0.0016,error,0,,0,0,0,0.0,400 Client Error: Bad Request for url: http://localhost:8001/v1/chat/completions
mt/set_12/frenetic/test-9,2026-08-30T18:50:09.065316+00:00,2026-08-30T18:50:09.066921+00:00,0.0016,error,0,,0,0,0,0.0,400 Client Error: Bad Request for url: http://localhost:8001/v1/chat/completions
mt_set5/frenetic_v/test-117,2026-08-30T18:50:09.066957+00:00,2026-08-30T18:50:09.068571+00:00,0.0016,error,0,,0,0,0,0.0,400 Client Error: Bad Request for url: http://localhost:8001/v1/chat/completions
mt/set_6/frenetic_v/test-938,2026-08-30T18:50:09.068614+00:00,2026-08-30T18:50:09.070228+00:00,0.0016,error,0,,0,0,0,0.0,400 Client Error: Bad Request for url: http://localhost:8001/v1/chat/completions
mt/set_10/frenetic/test-551,2026-08-30T18:50:09.070274+00:00,2026-08-30T18:50:09.071882+00:00,0.0016,error,0,,0,0,0,0.0,400 Client Error: Bad Request for url: http://localhost:8001/v1/chat/completions
mt/set_7/ambiegen/odr/test-705,2026-08-30T18:50:09.071929+00:00,2026-08-30T18:50:09.073535+00:00,0.0016,error,0,,0,0,0,0.0,400 Client Error: Bad Request for url: http://localhost:8001/v1/chat/completions
mt/set_9/frenetic/test-3,2026-08-30T18:50:09.073569+00:00,2026-08-30T18:50:09.075176+00:00,0.0016,error,0,,0,0,0,0.0,400 Client Error: Bad Request for url: http://localhost:8001/v1/chat/completions
mt/set_9/frenetic_v/test-880,2026-08-30T18:50:09.075222+00:00,2026-08-30T18:50:09.076842+00:00,0.0016,error,0,,0,0,0,0.0,400 Client Error: Bad Request for url: http://localhost:8001/v1/chat/completions
mt/set_16/ambiegen/test-777,2026-08-30T18:50:09.076886+00:00,2026-08-30T18:50:09.078481+00:00,0.0015,error,0,,0,0,0,0.0,400 Client Error: Bad Request for url: http://localhost:8001/v1/chat/completions
mt/set_16/frenetic_v/test-358,2026-08-30T18:50:09.078521+00:00,2026-08-30T18:50:09.080133+00:00,0.0016,error,0,,0,0,0,0.0,400 Client Error: Bad Request for url: http://localhost:8001/v1/chat/completions
mt/set_13/ambiegen/test-707,2026-08-30T18:50:09.080175+00:00,2026-08-30T18:50:09.081786+00:00,0.0016,error,0,,0,0,0,0.0,400 Client Error: Bad Request for url: http://localhost:8001/v1/chat/completions
mt/set_9/ambiegen/test-61,2026-08-30T18:50:09.081836+00:00,2026-08-30T18:50:09.083451+00:00,0.0016,error,0,,0,0,0,0.0,400 Client Error: Bad Request for url: http://localhost:8001/v1/chat/completions
mt/set_16/frenetic/test-930,2026-08-30T18:50:09.083472+00:00,2026-08-30T18:50:09.085081+00:00,0.0016,error,0,,0,0,0,0.0,400 Client Error: Bad Request for url: http://localhost:8001/v1/chat/completions
mt/set_10/ambiegen/test-197,2026-08-30T18:50:09.085129+00:00,2026-08-30T18:50:09.086749+00:00,0.0016,error,0,,0,0,0,0.0,400 Client Error: Bad Request for url: http://localhost:8001/v1/chat/completions
mt/set_17/frenetic_v/test-676,2026-08-30T18:50:09.086790+00:00,2026-08-30T18:50:09.088397+00:00,0.0016,error,0,,0,0,0,0.0,400 Client Error: Bad Request for url: http://localhost:8001/v1/chat/completions
mt/set_18/frenetic/test-760,2026-08-30T18:50:09.088440+00:00,2026-08-30T18:50:09.090043+00:00,0.0016,error,0,,0,0,0,0.0,400 Client Error: Bad Request for url: http://localhost:8001/v1/chat/completions
mt/set_7/frenetic_v/odr/test-251,2026-08-30T18:50:09.090074+00:00,2026-08-30T18:50:09.091685+00:00,0.0016,error,0,,0,0,0,0.0,400 Client Error: Bad Request for url: http://localhost:8001/v1/chat/completions
mt/set_7/frenetic_v/odr/test-114,2026-08-30T18:50:09.091731+00:00,2026-08-30T18:50:09.093326+00:00,0.0015,error,0,,0,0,0,0.0,400 Client Error: Bad Request for url: http://localhost:8001/v1/chat/completions
mt/set_12/frenetic/test-208,2026-08-30T18:50:09.093372+00:00,2026-08-30T18:50:09.094992+00:00,0.0016,error,0,,0,0,0,0.0,400 Client Error: Bad Request for url: http://localhost:8001/v1/chat/completions
mt/set_8/ambiegen/odr/test-950,2026-08-30T18:50:09.095040+00:00,2026-08-30T18:50:09.096655+00:00,0.0016,error,0,,0,0,0,0.0,400 Client Error: Bad Request for url: http://localhost:8001/v1/chat/completions
mt/set_8/frenetic_v/odr/test-919,2026-08-30T18:50:09.096691+00:00,2026-08-30T18:50:09.098323+00:00,0.0016,error,0,,0,0,0,0.0,400 Client Error: Bad Request for url: http://localhost:8001/v1/chat/completions
mt/set_14/frenetic/test-861,2026-08-30T18:50:09.098370+00:00,2026-08-30T18:50:09.100023+00:00,0.0016,error,0,,0,0,0,0.0,400 Client Error: Bad Request for url: http://localhost:8001/v1/chat/completions
mt/set_17/ambiegen/test-55,2026-08-30T18:50:09.100084+00:00,2026-08-30T18:50:09.101682+00:00,0.0015,error,0,,0,0,0,0.0,400 Client Error: Bad Request for url: http://localhost:8001/v1/chat/completions
mt/set_16/frenetic/test-326,2026-08-30T18:50:09.101727+00:00,2026-08-30T18:50:09.103348+00:00,0.0016,error,0,,0,0,0,0.0,400 Client Error: Bad Request for url: http://localhost:8001/v1/chat/completions
mt/set_2/ambiegen/odr/test-4,2026-08-30T18:50:09.103388+00:00,2026-08-30T18:50:09.105015+00:00,0.0016,error,0,,0,0,0,0.0,400 Client Error: Bad Request for url: http://localhost:8001/v1/chat/completions
mt/set_11/frenetic/test-152,2026-08-30T18:50:09.105056+00:00,2026-08-30T18:50:09.106658+00:00,0.0015,error,0,,0,0,0,0.0,400 Client Error: Bad Request for url: http://localhost:8001/v1/chat/completions
mt/set_8/frenetic_v/odr/test-716,2026-08-30T18:50:09.107987+00:00,2026-08-30T18:50:09.113627+00:00,0.0055,error,0,,0,0,0,0.0,400 Client Error: Bad Request for url: http://localhost:8001/v1/chat/completions
mt/set_11/ambiegen/test-930,2026-08-30T18:50:09.113661+00:00,2026-08-30T18:50:09.115402+00:00,0.0017,error,0,,0,0,0,0.0,400 Client Error: Bad Request for url: http://localhost:8001/v1/chat/completions
mt/set_18/frenetic/test-41,2026-08-30T18:50:09.115435+00:00,2026-08-30T18:50:09.117200+00:00,0.0017,error,0,,0,0,0,0.0,400 Client Error: Bad Request for url: http://localhost:8001/v1/chat/completions
mt/set_10/ambiegen/test-343,2026-08-30T18:50:09.117228+00:00,2026-08-30T18:50:09.118926+00:00,0.0016,error,0,,0,0,0,0.0,400 Client Error: Bad Request for url: http://localhost:8001/v1/chat/completions
mt/set_17/frenetic/test-846,2026-08-30T18:50:09.118955+00:00,2026-08-30T18:50:09.120625+00:00,0.0016,error,0,,0,0,0,0.0,400 Client Error: Bad Request for url: http://localhost:8001/v1/chat/completions
mt/set_16/ambiegen/test-598,2026-08-30T18:50:09.120654+00:00,2026-08-30T18:50:09.122315+00:00,0.0016,error,0,,0,0,0,0.0,400 Client Error: Bad Request for url: http://localhost:8001/v1/chat/completions
mt/set_18/frenetic/test-656,2026-08-30T18:50:09.122343+00:00,2026-08-30T18:50:09.124044+00:00,0.0016,error,0,,0,0,0,0.0,400 Client Error: Bad Request for url: http://localhost:8001/v1/chat/completions
mt/set_8/ambiegen/odr/test-457,2026-08-30T18:50:09.124076+00:00,2026-08-30T18:50:09.126078+00:00,0.0019,error,0,,0,0,0,0.0,400 Client Error: Bad Request for url: http://localhost:8001/v1/chat/completions
mt/set_16/frenetic/test-837,2026-08-30T18:50:09.126134+00:00,2026-08-30T18:50:09.128205+00:00,0.002,error,0,,0,0,0,0.0,400 Client Error: Bad Request for url: http://localhost:8001/v1/chat/completions
mt_set5/ambiegen/test-169,2026-08-30T18:50:09.128235+00:00,2026-08-30T18:50:09.130005+00:00,0.0017,error,0,,0,0,0,0.0,400 Client Error: Bad Request for url: http://localhost:8001/v1/chat/completions
mt/set_14/ambiegen/test-644,2026-08-30T18:50:09.130038+00:00,2026-08-30T18:50:09.131793+00:00,0.0017,error,0,,0,0,0,0.0,400 Client Error: Bad Request for url: http://localhost:8001/v1/chat/completions
mt/set_9/frenetic_v/test-324,2026-08-30T18:50:09.131825+00:00,2026-08-30T18:50:09.133556+00:00,0.0017,error,0,,0,0,0,0.0,400 Client Error: Bad Request for url: http://localhost:8001/v1/chat/completions
mt/set_17/frenetic/test-377,2026-08-30T18:50:09.133587+00:00,2026-08-30T18:50:09.135281+00:00,0.0016,error,0,,0,0,0,0.0,400 Client Error: Bad Request for url: http://localhost:8001/v1/chat/completions
mt/set_14/frenetic_v/test-374,2026-08-30T18:50:09.135309+00:00,2026-08-30T18:50:09.137036+00:00,0.0017,error,0,,0,0,0,0.0,400 Client Error: Bad Request for url: http://localhost:8001/v1/chat/completions
mt/set_13/ambiegen/test-401,2026-08-30T18:50:09.137065+00:00,2026-08-30T18:50:09.138709+00:00,0.0016,error,0,,0,0,0,0.0,400 Client Error: Bad Request for url: http://localhost:8001/v1/chat/completions
mt/set_12/frenetic/test-932,2026-08-30T18:50:09.138736+00:00,2026-08-30T18:50:09.140388+00:00,0.0016,error,0,,0,0,0,0.0,400 Client Error: Bad Request for url: http://localhost:8001/v1/chat/completions
mt/set_14/frenetic_v/test-391,2026-08-30T18:50:09.140414+00:00,2026-08-30T18:50:09.142049+00:00,0.0016,error,0,,0,0,0,0.0,400 Client Error: Bad Request for url: http://localhost:8001/v1/chat/completions
mt/set_14/frenetic_v/test-638,2026-08-30T18:50:09.142078+00:00,2026-08-30T18:50:09.143765+00:00,0.0016,error,0,,0,0,0,0.0,400 Client Error: Bad Request for url: http://localhost:8001/v1/chat/completions
mt/set_13/frenetic/test-107,2026-08-30T18:50:09.143797+00:00,2026-08-30T18:50:09.145545+00:00,0.0017,error,0,,0,0,0,0.0,400 Client Error: Bad Request for url: http://localhost:8001/v1/chat/completions
mt_set6/frenetic/test-133,2026-08-30T18:50:09.145570+00:00,2026-08-30T18:50:09.147243+00:00,0.0016,error,0,,0,0,0,0.0,400 Client Error: Bad Request for url: http://localhost:8001/v1/chat/completions
mt/set_14/frenetic_v/test-613,2026-08-30T18:50:09.147271+00:00,2026-08-30T18:50:09.148932+00:00,0.0016,error,0,,0,0,0,0.0,400 Client Error: Bad Request for url: http://localhost:8001/v1/chat/completions
mt/set_10/ambiegen/test-49,2026-08-30T18:50:09.148962+00:00,2026-08-30T18:50:09.150606+00:00,0.0016,error,0,,0,0,0,0.0,400 Client Error: Bad Request for url: http://localhost:8001/v1/chat/completions
mt/set_10/ambiegen/test-262,2026-08-30T18:50:09.150634+00:00,2026-08-30T18:50:09.152281+00:00,0.0016,error,0,,0,0,0,0.0,400 Client Error: Bad Request for url: http://localhost:8001/v1/chat/completions
