rank,scenario_id,score,true_outcome
1,mt/set_10/ambiegen/test-688,0.65,PASS
2,mt/set_11/ambiegen/test-22,0.65,PASS
3,mt/set_11/ambiegen/test-537,0.65,FAIL
4,mt/set_11/ambiegen/test-775,0.65,FAIL
5,mt/set_12/ambiegen/test-316,0.65,FAIL
6,mt/set_12/ambiegen/test-718,0.65,PASS
7,mt/set_13/ambiegen/test-713,0.65,FAIL
8,mt/set_13/ambiegen/test-787,0.65,FAIL
9,mt/set_13/ambiegen/test-847,0.65,FAIL
10,mt/set_14/ambiegen/test-389,0.65,FAIL
11,mt/set_14/ambiegen/test-572,0.65,FAIL
12,mt/set_14/ambiegen/test-700,0.65,PASS
13,mt/set_16/ambiegen/test-25,0.65,FAIL
14,mt/set_16/ambiegen/test-274,0.65,FAIL
15,mt/set_16/ambiegen/test-324,0.65,FAIL
16,mt/set_16/ambiegen/test-414,0.65,FAIL
17,mt/set_16/ambiegen/test-534,0.65,FAIL
18,mt/set_17/ambiegen/test-389,0.65,FAIL
19,mt/set_17/ambiegen/test-390,0.65,FAIL
20,mt/set_17/ambiegen/test-581,0.65,FAIL
21,mt/set_18/ambiegen/test-631,0.65,PASS
22,mt/set_18/ambiegen/test-725,0.65,PASS
23,mt/set_18/ambiegen/test-758,0.65,FAIL
24,mt/set_18/ambiegen/test-906,0.65,FAIL
25,mt/set_2/ambiegen/odr/test-222,0.65,FAIL
26,mt/set_2/ambiegen/odr/test-292,0.65,PASS
27,mt/set_2/ambiegen/odr/test-375,0.65,FAIL
28,mt/set_2/ambiegen/odr/test-378,0.65,FAIL
29,mt/set_2/ambiegen/odr/test-448,0.65,FAIL
30,mt/set_2/ambiegen/odr/test-780,0.65,PASS
31,mt/set_7/ambiegen/odr/test-111,0.65,FAIL
32,mt/set_7/ambiegen/odr/test-852,0.65,FAIL
33,mt/set_7/ambiegen/odr/test-853,0.65,FAIL
34,mt/set_8/ambiegen/odr/test-280,0.65,PASS
35,mt/set_8/ambiegen/odr/test-443,0.65,PASS
36,mt/set_8/ambiegen/odr/test-544,0.65,FAIL
37,mt/set_8/ambiegen/odr/test-643,0.65,PASS
38,mt/set_8/ambiegen/odr/test-651,0.65,FAIL
39,mt/set_9/ambiegen/test-336,0.65,PASS
40,mt/set_9/ambiegen/test-436,0.65,FAIL
41,mt/set_9/ambiegen/test-643,0.65,FAIL
42,mt_set5/ambiegen/test-140,0.65,FAIL
43,mt_set5/ambiegen/test-563,0.65,FAIL
44,mt_set5/ambiegen/test-579,0.65,PASS
45,mt_set5/ambiegen/test-666,0.65,PASS
46,mt/set_10/ambiegen/test-230,0.45,FAIL
47,mt/set_10/ambiegen/test-446,0.45,FAIL
48,mt/set_10/ambiegen/test-472,0.45,FAIL
49,mt/set_10/ambiegen/test-691,0.45,PASS
50,mt/set_11/ambiegen/test-427,0.45,PASS
51,mt/set_11/ambiegen/test-939,0.45,FAIL
52,mt/set_12/ambiegen/test-789,0.45,PASS
53,mt/set_12/ambiegen/test-890,0.45,FAIL
54,mt/set_13/ambiegen/test-156,0.45,PASS
55,mt/set_13/ambiegen/test-716,0.45,FAIL
56,mt/set_14/ambiegen/test-630,0.45,FAIL
57,mt/set_14/ambiegen/test-903,0.45,FAIL
58,mt/set_16/ambiegen/test-132,0.45,PASS
59,mt/set_16/ambiegen/test-512,0.45,FAIL
60,mt/set_16/ambiegen/test-747,0.45,PASS
61,mt/set_17/ambiegen/test-392,0.45,FAIL
62,mt/set_18/ambiegen/test-476,0.45,FAIL
63,mt/set_18/ambiegen/test-765,0.45,PASS
64,mt/set_18/ambiegen/test-908,0.45,FAIL
65,mt/set_7/ambiegen/odr/test-309,0.45,FAIL
66,mt/set_7/ambiegen/odr/test-372,0.45,PASS
67,mt/set_8/ambiegen/odr/test-668,0.45,PASS
68,mt/set_9/ambiegen/test-365,0.45,FAIL
69,mt/set_9/ambiegen/test-477,0.45,FAIL
70,mt/set_9/ambiegen/test-478,0.45,FAIL
71,mt/set_9/ambiegen/test-554,0.45,FAIL
72,mt/set_9/ambiegen/test-555,0.45,PASS
73,mt/set_9/ambiegen/test-99,0.45,FAIL
74,mt_set5/ambiegen/test-122,0.45,PASS
75,mt_set5/ambiegen/test-851,0.45,FAIL
76,mt/set_10/ambiegen/test-20,0.35,FAIL
77,mt/set_10/ambiegen/test-447,0.35,FAIL
78,mt/set_10/ambiegen/test-449,0.35,FAIL
79,mt/set_10/ambiegen/test-471,0.35,FAIL
80,mt/set_10/ambiegen/test-552,0.35,PASS
81,mt/set_10/ambiegen/test-594,0.35,FAIL
82,mt/set_10/ambiegen/test-686,0.35,FAIL
83,mt/set_11/ambiegen/test-165,0.35,FAIL
84,mt/set_11/ambiegen/test-186,0.35,PASS
85,mt/set_11/ambiegen/test-21,0.35,PASS
86,mt/set_11/ambiegen/test-311,0.35,FAIL
87,mt/set_11/ambiegen/test-354,0.35,PASS
88,mt/set_11/ambiegen/test-356,0.35,PASS
89,mt/set_11/ambiegen/test-628,0.35,FAIL
90,mt/set_11/ambiegen/test-649,0.35,PASS
91,mt/set_11/ambiegen/test-681,0.35,PASS
92,mt/set_11/ambiegen/test-711,0.35,FAIL
93,mt/set_11/ambiegen/test-872,0.35,FAIL
94,mt/set_12/ambiegen/test-136,0.35,FAIL
95,mt/set_12/ambiegen/test-237,0.35,FAIL
96,mt/set_12/ambiegen/test-259,0.35,PASS
97,mt/set_12/ambiegen/test-265,0.35,PASS
98,mt/set_12/ambiegen/test-346,0.35,FAIL
99,mt/set_12/ambiegen/test-478,0.35,FAIL
100,mt/set_12/ambiegen/test-625,0.35,FAIL
101,mt/set_12/ambiegen/test-713,0.35,FAIL
102,mt/set_12/ambiegen/test-864,0.35,FAIL
103,mt/set_13/ambiegen/test-280,0.35,PASS
104,mt/set_13/ambiegen/test-464,0.35,FAIL
105,mt/set_13/ambiegen/test-804,0.35,FAIL
106,mt/set_14/ambiegen/test-38,0.35,PASS
107,mt/set_14/ambiegen/test-484,0.35,FAIL
108,mt/set_14/ambiegen/test-535,0.35,PASS
109,mt/set_14/ambiegen/test-56,0.35,PASS
110,mt/set_14/ambiegen/test-629,0.35,FAIL
111,mt/set_14/ambiegen/test-703,0.35,PASS
112,mt/set_14/ambiegen/test-762,0.35,FAIL
113,mt/set_14/ambiegen/test-763,0.35,FAIL
114,mt/set_14/ambiegen/test-770,0.35,FAIL
115,mt/set_14/ambiegen/test-772,0.35,PASS
116,mt/set_14/ambiegen/test-778,0.35,FAIL
117,mt/set_14/ambiegen/test-863,0.35,FAIL
118,mt/set_14/ambiegen/test-905,0.35,FAIL
119,mt/set_16/ambiegen/test-53,0.35,FAIL
120,mt/set_16/ambiegen/test-530,0.35,PASS
121,mt/set_16/ambiegen/test-543,0.35,FAIL
122,mt/set_16/ambiegen/test-730,0.35,PASS
123,mt/set_16/ambiegen/test-796,0.35,FAIL
124,mt/set_16/ambiegen/test-80,0.35,FAIL
125,mt/set_16/ambiegen/test-946,0.35,FAIL
126,mt/set_17/ambiegen/test-28,0.35,FAIL
127,mt/set_17/ambiegen/test-579,0.35,FAIL
128,mt/set_17/ambiegen/test-583,0.35,FAIL
129,mt/set_17/ambiegen/test-619,0.35,FAIL
130,mt/set_17/ambiegen/test-683,0.35,FAIL
131,mt/set_17/ambiegen/test-899,0.35,FAIL
132,mt/set_17/ambiegen/test-902,0.35,FAIL
133,mt/set_18/ambiegen/test-118,0.35,FAIL
134,mt/set_18/ambiegen/test-222,0.35,FAIL
135,mt/set_18/ambiegen/test-492,0.35,PASS
136,mt/set_18/ambiegen/test-592,0.35,FAIL
137,mt/set_18/ambiegen/test-662,0.35,FAIL
138,mt/set_18/ambiegen/test-683,0.35,FAIL
139,mt/set_18/ambiegen/test-789,0.35,FAIL
140,mt/set_18/ambiegen/test-856,0.35,PASS
141,mt/set_2/ambiegen/odr/test-186,0.35,PASS
142,mt/set_2/ambiegen/odr/test-872,0.35,FAIL
143,mt/set_7/ambiegen/odr/test-311,0.35,FAIL
144,mt/set_7/ambiegen/odr/test-370,0.35,FAIL
145,mt/set_7/ambiegen/odr/test-489,0.35,PASS
146,mt/set_7/ambiegen/odr/test-517,0.35,PASS
147,mt/set_7/ambiegen/odr/test-529,0.35,PASS
148,mt/set_7/ambiegen/odr/test-531,0.35,PASS
149,mt/set_7/ambiegen/odr/test-893,0.35,FAIL
150,mt/set_7/ambiegen/odr/test-91,0.35,PASS
151,mt/set_8/ambiegen/odr/test-110,0.35,FAIL
152,mt/set_8/ambiegen/odr/test-115,0.35,FAIL
153,mt/set_8/ambiegen/odr/test-170,0.35,FAIL
154,mt/set_8/ambiegen/odr/test-270,0.35,FAIL
155,mt/set_8/ambiegen/odr/test-564,0.35,PASS
156,mt/set_8/ambiegen/odr/test-595,0.35,FAIL
157,mt/set_8/ambiegen/odr/test-736,0.35,PASS
158,mt/set_9/ambiegen/test-195,0.35,FAIL
159,mt/set_9/ambiegen/test-218,0.35,FAIL
160,mt/set_9/ambiegen/test-470,0.35,FAIL
161,mt/set_9/ambiegen/test-581,0.35,FAIL
162,mt/set_9/ambiegen/test-796,0.35,FAIL
163,mt/set_9/ambiegen/test-823,0.35,FAIL
164,mt_set5/ambiegen/test-123,0.35,FAIL
165,mt_set5/ambiegen/test-124,0.35,FAIL
166,mt_set5/ambiegen/test-203,0.35,PASS
167,mt_set5/ambiegen/test-502,0.35,FAIL
168,mt_set5/ambiegen/test-522,0.35,PASS
169,mt_set5/ambiegen/test-577,0.35,PASS
170,mt_set5/ambiegen/test-581,0.35,FAIL
171,mt_set5/ambiegen/test-673,0.35,FAIL
172,mt_set5/ambiegen/test-769,0.35,PASS
173,mt_set5/ambiegen/test-845,0.35,PASS
174,mt/set_10/frenetic/test-337,0.25,FAIL
175,mt/set_10/frenetic/test-417,0.25,FAIL
176,mt/set_11/ambiegen/test-116,0.25,FAIL
177,mt/set_11/ambiegen/test-588,0.25,FAIL
178,mt/set_11/ambiegen/test-592,0.25,FAIL
179,mt/set_11/ambiegen/test-804,0.25,FAIL
180,mt/set_11/frenetic/test-580,0.25,PASS
181,mt/set_11/frenetic/test-74,0.25,PASS
182,mt/set_12/ambiegen/test-231,0.25,FAIL
183,mt/set_12/ambiegen/test-266,0.25,FAIL
184,mt/set_12/ambiegen/test-357,0.25,PASS
185,mt/set_12/frenetic/test-163,0.25,FAIL
186,mt/set_12/frenetic/test-41,0.25,PASS
187,mt/set_12/frenetic/test-856,0.25,FAIL
188,mt/set_13/ambiegen/test-149,0.25,PASS
189,mt/set_13/ambiegen/test-28,0.25,FAIL
190,mt/set_13/frenetic/test-111,0.25,PASS
191,mt/set_13/frenetic/test-783,0.25,PASS
192,mt/set_14/ambiegen/test-195,0.25,FAIL
193,mt/set_14/ambiegen/test-332,0.25,FAIL
194,mt/set_14/ambiegen/test-769,0.25,FAIL
195,mt/set_14/ambiegen/test-928,0.25,PASS
196,mt/set_14/ambiegen/test-931,0.25,PASS
197,mt/set_14/frenetic/test-157,0.25,PASS
198,mt/set_14/frenetic/test-577,0.25,FAIL
199,mt/set_16/ambiegen/test-204,0.25,FAIL
200,mt/set_16/ambiegen/test-50,0.25,PASS
201,mt/set_16/frenetic/test-491,0.25,PASS
202,mt/set_16/frenetic/test-637,0.25,FAIL
203,mt/set_16/frenetic/test-708,0.25,FAIL
204,mt/set_16/frenetic/test-747,0.25,FAIL
205,mt/set_17/ambiegen/test-626,0.25,PASS
206,mt/set_17/ambiegen/test-798,0.25,FAIL
207,mt/set_17/ambiegen/test-943,0.25,PASS
208,mt/set_17/frenetic/test-507,0.25,PASS
209,mt/set_18/ambiegen/test-205,0.25,FAIL
210,mt/set_18/ambiegen/test-51,0.25,PASS
211,mt/set_18/ambiegen/test-618,0.25,FAIL
212,mt/set_18/ambiegen/test-71,0.25,FAIL
213,mt/set_18/ambiegen/test-918,0.25,FAIL
214,mt/set_18/ambiegen/test-937,0.25,PASS
215,mt/set_18/ambiegen/test-94,0.25,FAIL
216,mt/set_18/frenetic/test-279,0.25,PASS
217,mt/set_2/ambiegen/odr/test-291,0.25,PASS
218,mt/set_2/ambiegen/odr/test-81,0.25,PASS
219,mt/set_2/ambiegen/odr/test-824,0.25,PASS
220,mt/set_2/ambiegen/odr/test-901,0.25,PASS
221,mt/set_2/ambiegen/odr/test-91,0.25,FAIL
222,mt/set_7/ambiegen/odr/test-125,0.25,PASS
223,mt/set_7/ambiegen/odr/test-14,0.25,PASS
224,mt/set_7/ambiegen/odr/test-8,0.25,FAIL
225,mt/set_7/ambiegen/odr/test-879,0.25,FAIL
226,mt/set_7/frenetic/odr/test-210,0.25,FAIL
227,mt/set_7/frenetic/odr/test-721,0.25,FAIL
228,mt/set_8/ambiegen/odr/test-253,0.25,PASS
229,mt/set_8/ambiegen/odr/test-745,0.25,FAIL
230,mt/set_8/frenetic/odr/test-147,0.25,PASS
231,mt/set_9/ambiegen/test-308,0.25,FAIL
232,mt/set_9/ambiegen/test-372,0.25,PASS
233,mt/set_9/ambiegen/test-391,0.25,FAIL
234,mt/set_9/ambiegen/test-637,0.25,PASS
235,mt/set_9/ambiegen/test-767,0.25,FAIL
236,mt/set_9/ambiegen/test-82,0.25,FAIL
237,mt/set_9/frenetic/test-227,0.25,FAIL
238,mt_set5/ambiegen/test-114,0.25,FAIL
239,mt_set5/ambiegen/test-823,0.25,PASS
240,mt_set5/frenetic/test-166,0.25,PASS
241,mt_set5/frenetic/test-453,0.25,FAIL
242,mt_set5/frenetic/test-840,0.25,PASS
243,mt_set6/frenetic/test-392,0.25,PASS
244,mt_set6/frenetic/test-626,0.25,FAIL
245,mt_set6/frenetic/test-634,0.25,FAIL
246,mt_set6/frenetic/test-637,0.25,FAIL
247,mt_set6/frenetic/test-786,0.25,FAIL
248,mt/set_10/ambiegen/test-0,0.15,PASS
249,mt/set_10/ambiegen/test-102,0.15,PASS
250,mt/set_10/ambiegen/test-104,0.15,PASS
251,mt/set_10/ambiegen/test-118,0.15,PASS
252,mt/set_10/ambiegen/test-135,0.15,FAIL
253,mt/set_10/ambiegen/test-170,0.15,PASS
254,mt/set_10/ambiegen/test-19,0.15,FAIL
255,mt/set_10/ambiegen/test-191,0.15,FAIL
256,mt/set_10/ambiegen/test-196,0.15,PASS
257,mt/set_10/ambiegen/test-201,0.15,PASS
258,mt/set_10/ambiegen/test-207,0.15,FAIL
259,mt/set_10/ambiegen/test-214,0.15,FAIL
260,mt/set_10/ambiegen/test-269,0.15,FAIL
261,mt/set_10/ambiegen/test-271,0.15,FAIL
262,mt/set_10/ambiegen/test-273,0.15,PASS
263,mt/set_10/ambiegen/test-28,0.15,PASS
264,mt/set_10/ambiegen/test-311,0.15,FAIL
265,mt/set_10/ambiegen/test-319,0.15,PASS
266,mt/set_10/ambiegen/test-336,0.15,PASS
267,mt/set_10/ambiegen/test-34,0.15,PASS
268,mt/set_10/ambiegen/test-351,0.15,FAIL
269,mt/set_10/ambiegen/test-355,0.15,PASS
270,mt/set_10/ambiegen/test-357,0.15,FAIL
271,mt/set_10/ambiegen/test-358,0.15,PASS
272,mt/set_10/ambiegen/test-363,0.15,FAIL
273,mt/set_10/ambiegen/test-37,0.15,FAIL
274,mt/set_10/ambiegen/test-382,0.15,PASS
275,mt/set_10/ambiegen/test-384,0.15,PASS
276,mt/set_10/ambiegen/test-385,0.15,FAIL
277,mt/set_10/ambiegen/test-407,0.15,PASS
278,mt/set_10/ambiegen/test-409,0.15,PASS
279,mt/set_10/ambiegen/test-411,0.15,PASS
280,mt/set_10/ambiegen/test-413,0.15,FAIL
281,mt/set_10/ambiegen/test-42,0.15,FAIL
282,mt/set_10/ambiegen/test-43,0.15,FAIL
283,mt/set_10/ambiegen/test-435,0.15,PASS
284,mt/set_10/ambiegen/test-44,0.15,FAIL
285,mt/set_10/ambiegen/test-458,0.15,PASS
286,mt/set_10/ambiegen/test-490,0.15,PASS
287,mt/set_10/ambiegen/test-491,0.15,FAIL
288,mt/set_10/ambiegen/test-494,0.15,PASS
289,mt/set_10/ambiegen/test-515,0.15,PASS
290,mt/set_10/ambiegen/test-519,0.15,PASS
291,mt/set_10/ambiegen/test-529,0.15,FAIL
292,mt/set_10/ambiegen/test-553,0.15,PASS
293,mt/set_10/ambiegen/test-576,0.15,FAIL
294,mt/set_10/ambiegen/test-580,0.15,PASS
295,mt/set_10/ambiegen/test-585,0.15,FAIL
296,mt/set_10/ambiegen/test-597,0.15,PASS
297,mt/set_10/ambiegen/test-622,0.15,PASS
298,mt/set_10/ambiegen/test-629,0.15,FAIL
299,mt/set_10/ambiegen/test-641,0.15,PASS
300,mt/set_10/ambiegen/test-650,0.15,FAIL
301,mt/set_10/ambiegen/test-654,0.15,FAIL
302,mt/set_10/ambiegen/test-682,0.15,PASS
303,mt/set_10/ambiegen/test-683,0.15,PASS
304,mt/set_10/ambiegen/test-705,0.15,PASS
305,mt/set_10/ambiegen/test-707,0.15,PASS
306,mt/set_10/ambiegen/test-720,0.15,PASS
307,mt/set_10/ambiegen/test-730,0.15,FAIL
308,mt/set_10/ambiegen/test-739,0.15,FAIL
309,mt/set_10/ambiegen/test-749,0.15,FAIL
310,mt/set_10/ambiegen/test-769,0.15,PASS
311,mt/set_10/ambiegen/test-772,0.15,PASS
312,mt/set_10/ambiegen/test-775,0.15,FAIL
313,mt/set_10/ambiegen/test-779,0.15,FAIL
314,mt/set_10/ambiegen/test-781,0.15,FAIL
315,mt/set_10/ambiegen/test-8,0.15,PASS
316,mt/set_10/ambiegen/test-824,0.15,PASS
317,mt/set_10/ambiegen/test-834,0.15,FAIL
318,mt/set_10/ambiegen/test-842,0.15,FAIL
319,mt/set_10/ambiegen/test-853,0.15,PASS
320,mt/set_10/ambiegen/test-911,0.15,PASS
321,mt/set_10/ambiegen/test-929,0.15,FAIL
322,mt/set_10/ambiegen/test-932,0.15,PASS
323,mt/set_10/ambiegen/test-934,0.15,PASS
324,mt/set_10/ambiegen/test-941,0.15,PASS
325,mt/set_10/ambiegen/test-959,0.15,PASS
326,mt/set_10/ambiegen/test-960,0.15,FAIL
327,mt/set_10/ambiegen/test-961,0.15,PASS
328,mt/set_10/ambiegen/test-969,0.15,FAIL
329,mt/set_10/ambiegen/test-97,0.15,FAIL
330,mt/set_10/ambiegen/test-99,0.15,FAIL
331,mt/set_10/frenetic/test-103,0.15,PASS
332,mt/set_10/frenetic/test-104,0.15,FAIL
333,mt/set_10/frenetic/test-109,0.15,FAIL
334,mt/set_10/frenetic/test-112,0.15,FAIL
335,mt/set_10/frenetic/test-119,0.15,FAIL
336,mt/set_10/frenetic/test-127,0.15,PASS
337,mt/set_10/frenetic/test-13,0.15,PASS
338,mt/set_10/frenetic/test-132,0.15,PASS
339,mt/set_10/frenetic/test-136,0.15,FAIL
340,mt/set_10/frenetic/test-160,0.15,PASS
341,mt/set_10/frenetic/test-162,0.15,PASS
342,mt/set_10/frenetic/test-179,0.15,FAIL
343,mt/set_10/frenetic/test-182,0.15,FAIL
344,mt/set_10/frenetic/test-19,0.15,FAIL
345,mt/set_10/frenetic/test-214,0.15,FAIL
346,mt/set_10/frenetic/test-221,0.15,PASS
347,mt/set_10/frenetic/test-226,0.15,FAIL
348,mt/set_10/frenetic/test-228,0.15,FAIL
349,mt/set_10/frenetic/test-233,0.15,FAIL
350,mt/set_10/frenetic/test-246,0.15,PASS
351,mt/set_10/frenetic/test-281,0.15,PASS
352,mt/set_10/frenetic/test-30,0.15,FAIL
353,mt/set_10/frenetic/test-315,0.15,FAIL
354,mt/set_10/frenetic/test-326,0.15,FAIL
355,mt/set_10/frenetic/test-341,0.15,FAIL
356,mt/set_10/frenetic/test-343,0.15,PASS
357,mt/set_10/frenetic/test-347,0.15,PASS
358,mt/set_10/frenetic/test-363,0.15,FAIL
359,mt/set_10/frenetic/test-366,0.15,PASS
360,mt/set_10/frenetic/test-387,0.15,FAIL
361,mt/set_10/frenetic/test-391,0.15,PASS
362,mt/set_10/frenetic/test-407,0.15,PASS
363,mt/set_10/frenetic/test-415,0.15,PASS
364,mt/set_10/frenetic/test-426,0.15,FAIL
365,mt/set_10/frenetic/test-427,0.15,FAIL
366,mt/set_10/frenetic/test-43,0.15,PASS
367,mt/set_10/frenetic/test-440,0.15,PASS
368,mt/set_10/frenetic/test-445,0.15,PASS
369,mt/set_10/frenetic/test-460,0.15,PASS
370,mt/set_10/frenetic/test-463,0.15,FAIL
371,mt/set_10/frenetic/test-466,0.15,PASS
372,mt/set_10/frenetic/test-469,0.15,PASS
373,mt/set_10/frenetic/test-485,0.15,PASS
374,mt/set_10/frenetic/test-487,0.15,FAIL
375,mt/set_10/frenetic/test-490,0.15,PASS
376,mt/set_10/frenetic/test-497,0.15,PASS
377,mt/set_10/frenetic/test-507,0.15,PASS
378,mt/set_10/frenetic/test-509,0.15,PASS
379,mt/set_10/frenetic/test-52,0.15,PASS
380,mt/set_10/frenetic/test-522,0.15,FAIL
381,mt/set_10/frenetic/test-527,0.15,FAIL
382,mt/set_10/frenetic/test-528,0.15,PASS
383,mt/set_10/frenetic/test-546,0.15,PASS
384,mt/set_10/frenetic/test-55,0.15,PASS
385,mt/set_10/frenetic/test-556,0.15,PASS
386,mt/set_10/frenetic/test-557,0.15,PASS
387,mt/set_10/frenetic/test-559,0.15,PASS
388,mt/set_10/frenetic/test-564,0.15,FAIL
389,mt/set_10/frenetic/test-566,0.15,PASS
390,mt/set_10/frenetic/test-569,0.15,PASS
391,mt/set_10/frenetic/test-581,0.15,PASS
392,mt/set_10/frenetic/test-582,0.15,PASS
393,mt/set_10/frenetic/test-59,0.15,PASS
394,mt/set_10/frenetic/test-592,0.15,FAIL
395,mt/set_10/frenetic/test-603,0.15,FAIL
396,mt/set_10/frenetic/test-605,0.15,PASS
397,mt/set_10/frenetic/test-610,0.15,PASS
398,mt/set_10/frenetic/test-627,0.15,PASS
399,mt/set_10/frenetic/test-632,0.15,FAIL
400,mt/set_10/frenetic/test-640,0.15,PASS
401,mt/set_10/frenetic/test-643,0.15,PASS
402,mt/set_10/frenetic/test-65,0.15,FAIL
403,mt/set_10/frenetic/test-656,0.15,PASS
404,mt/set_10/frenetic/test-664,0.15,FAIL
405,mt/set_10/frenetic/test-667,0.15,FAIL
406,mt/set_10/frenetic/test-67,0.15,PASS
407,mt/set_10/frenetic/test-679,0.15,PASS
408,mt/set_10/frenetic/test-681,0.15,FAIL
409,mt/set_10/frenetic/test-683,0.15,PASS
410,mt/set_10/frenetic/test-700,0.15,FAIL
411,mt/set_10/frenetic/test-704,0.15,FAIL
412,mt/set_10/frenetic/test-708,0.15,PASS
413,mt/set_10/frenetic/test-715,0.15,PASS
414,mt/set_10/frenetic/test-741,0.15,FAIL
415,mt/set_10/frenetic/test-748,0.15,PASS
416,mt/set_10/frenetic/test-754,0.15,PASS
417,mt/set_10/frenetic/test-764,0.15,FAIL
418,mt/set_10/frenetic/test-768,0.15,PASS
419,mt/set_10/frenetic/test-783,0.15,FAIL
420,mt/set_10/frenetic/test-79,0.15,PASS
421,mt/set_10/frenetic/test-792,0.15,PASS
422,mt/set_10/frenetic/test-805,0.15,FAIL
423,mt/set_10/frenetic/test-810,0.15,PASS
424,mt/set_10/frenetic/test-816,0.15,PASS
425,mt/set_10/frenetic/test-825,0.15,PASS
426,mt/set_10/frenetic/test-849,0.15,FAIL
427,mt/set_10/frenetic/test-851,0.15,PASS
428,mt/set_10/frenetic/test-852,0.15,PASS
429,mt/set_10/frenetic/test-854,0.15,PASS
430,mt/set_10/frenetic/test-859,0.15,FAIL
431,mt/set_10/frenetic/test-875,0.15,PASS
432,mt/set_10/frenetic/test-886,0.15,PASS
433,mt/set_10/frenetic/test-887,0.15,PASS
434,mt/set_10/frenetic/test-893,0.15,PASS
435,mt/set_10/frenetic/test-901,0.15,FAIL
436,mt/set_10/frenetic/test-91,0.15,FAIL
437,mt/set_10/frenetic/test-913,0.15,PASS
438,mt/set_10/frenetic_v/test-106,0.15,PASS
439,mt/set_10/frenetic_v/test-139,0.15,PASS
440,mt/set_10/frenetic_v/test-144,0.15,PASS
441,mt/set_10/frenetic_v/test-164,0.15,PASS
442,mt/set_10/frenetic_v/test-167,0.15,PASS
443,mt/set_10/frenetic_v/test-174,0.15,PASS
444,mt/set_10/frenetic_v/test-187,0.15,FAIL
445,mt/set_10/frenetic_v/test-191,0.15,PASS
446,mt/set_10/frenetic_v/test-2,0.15,PASS
447,mt/set_10/frenetic_v/test-21,0.15,FAIL
448,mt/set_10/frenetic_v/test-217,0.15,PASS
449,mt/set_10/frenetic_v/test-223,0.15,PASS
450,mt/set_10/frenetic_v/test-226,0.15,FAIL
451,mt/set_10/frenetic_v/test-23,0.15,FAIL
452,mt/set_10/frenetic_v/test-234,0.15,PASS
453,mt/set_10/frenetic_v/test-237,0.15,FAIL
454,mt/set_10/frenetic_v/test-242,0.15,PASS
455,mt/set_10/frenetic_v/test-245,0.15,FAIL
456,mt/set_10/frenetic_v/test-25,0.15,FAIL
457,mt/set_10/frenetic_v/test-250,0.15,PASS
458,mt/set_10/frenetic_v/test-259,0.15,PASS
459,mt/set_10/frenetic_v/test-271,0.15,FAIL
460,mt/set_10/frenetic_v/test-282,0.15,PASS
461,mt/set_10/frenetic_v/test-287,0.15,PASS
462,mt/set_10/frenetic_v/test-290,0.15,PASS
463,mt/set_10/frenetic_v/test-296,0.15,FAIL
464,mt/set_10/frenetic_v/test-313,0.15,FAIL
465,mt/set_10/frenetic_v/test-315,0.15,PASS
466,mt/set_10/frenetic_v/test-317,0.15,PASS
467,mt/set_10/frenetic_v/test-318,0.15,FAIL
468,mt/set_10/frenetic_v/test-320,0.15,PASS
469,mt/set_10/frenetic_v/test-334,0.15,PASS
470,mt/set_10/frenetic_v/test-34,0.15,PASS
471,mt/set_10/frenetic_v/test-353,0.15,PASS
472,mt/set_10/frenetic_v/test-374,0.15,FAIL
473,mt/set_10/frenetic_v/test-379,0.15,PASS
474,mt/set_10/frenetic_v/test-389,0.15,PASS
475,mt/set_10/frenetic_v/test-401,0.15,PASS
476,mt/set_10/frenetic_v/test-41,0.15,FAIL
477,mt/set_10/frenetic_v/test-420,0.15,PASS
478,mt/set_10/frenetic_v/test-429,0.15,PASS
479,mt/set_10/frenetic_v/test-457,0.15,PASS
480,mt/set_10/frenetic_v/test-459,0.15,PASS
481,mt/set_10/frenetic_v/test-469,0.15,PASS
482,mt/set_10/frenetic_v/test-477,0.15,PASS
483,mt/set_10/frenetic_v/test-489,0.15,PASS
484,mt/set_10/frenetic_v/test-493,0.15,FAIL
485,mt/set_10/frenetic_v/test-495,0.15,PASS
486,mt/set_10/frenetic_v/test-496,0.15,PASS
487,mt/set_10/frenetic_v/test-498,0.15,PASS
488,mt/set_10/frenetic_v/test-50,0.15,PASS
489,mt/set_10/frenetic_v/test-510,0.15,FAIL
490,mt/set_10/frenetic_v/test-515,0.15,PASS
491,mt/set_10/frenetic_v/test-524,0.15,FAIL
492,mt/set_10/frenetic_v/test-530,0.15,FAIL
493,mt/set_10/frenetic_v/test-543,0.15,PASS
494,mt/set_10/frenetic_v/test-545,0.15,FAIL
495,mt/set_10/frenetic_v/test-557,0.15,PASS
496,mt/set_10/frenetic_v/test-569,0.15,PASS
497,mt/set_10/frenetic_v/test-580,0.15,FAIL
498,mt/set_10/frenetic_v/test-581,0.15,PASS
499,mt/set_10/frenetic_v/test-610,0.15,FAIL
500,mt/set_10/frenetic_v/test-619,0.15,FAIL
501,mt/set_10/frenetic_v/test-622,0.15,PASS
502,mt/set_10/frenetic_v/test-624,0.15,PASS
503,mt/set_10/frenetic_v/test-637,0.15,PASS
504,mt/set_10/frenetic_v/test-642,0.15,PASS
505,mt/set_10/frenetic_v/test-648,0.15,FAIL
506,mt/set_10/frenetic_v/test-655,0.15,PASS
507,mt/set_10/frenetic_v/test-656,0.15,PASS
508,mt/set_10/frenetic_v/test-660,0.15,PASS
509,mt/set_10/frenetic_v/test-684,0.15,PASS
510,mt/set_10/frenetic_v/test-704,0.15,PASS
511,mt/set_10/frenetic_v/test-708,0.15,PASS
512,mt/set_10/frenetic_v/test-717,0.15,FAIL
513,mt/set_10/frenetic_v/test-723,0.15,PASS
514,mt/set_10/frenetic_v/test-731,0.15,PASS
515,mt/set_10/frenetic_v/test-732,0.15,FAIL
516,mt/set_10/frenetic_v/test-737,0.15,FAIL
517,mt/set_10/frenetic_v/test-738,0.15,PASS
518,mt/set_10/frenetic_v/test-739,0.15,PASS
519,mt/set_10/frenetic_v/test-741,0.15,FAIL
520,mt/set_10/frenetic_v/test-759,0.15,PASS
521,mt/set_10/frenetic_v/test-763,0.15,PASS
522,mt/set_10/frenetic_v/test-767,0.15,PASS
523,mt/set_10/frenetic_v/test-770,0.15,PASS
524,mt/set_10/frenetic_v/test-773,0.15,FAIL
525,mt/set_10/frenetic_v/test-778,0.15,FAIL
526,mt/set_10/frenetic_v/test-779,0.15,PASS
527,mt/set_10/frenetic_v/test-794,0.15,PASS
528,mt/set_10/frenetic_v/test-835,0.15,FAIL
529,mt/set_10/frenetic_v/test-846,0.15,FAIL
530,mt/set_10/frenetic_v/test-864,0.15,PASS
531,mt/set_10/frenetic_v/test-875,0.15,FAIL
532,mt/set_10/frenetic_v/test-914,0.15,PASS
533,mt/set_10/frenetic_v/test-922,0.15,PASS
534,mt/set_10/frenetic_v/test-924,0.15,PASS
535,mt/set_10/frenetic_v/test-931,0.15,PASS
536,mt/set_10/frenetic_v/test-933,0.15,FAIL
537,mt/set_10/frenetic_v/test-934,0.15,PASS
538,mt/set_10/frenetic_v/test-942,0.15,FAIL
539,mt/set_10/frenetic_v/test-95,0.15,PASS
540,mt/set_11/ambiegen/test-1,0.15,PASS
541,mt/set_11/ambiegen/test-128,0.15,FAIL
542,mt/set_11/ambiegen/test-15,0.15,PASS
543,mt/set_11/ambiegen/test-198,0.15,PASS
544,mt/set_11/ambiegen/test-222,0.15,FAIL
545,mt/set_11/ambiegen/test-235,0.15,PASS
546,mt/set_11/ambiegen/test-243,0.15,FAIL
547,mt/set_11/ambiegen/test-255,0.15,FAIL
548,mt/set_11/ambiegen/test-256,0.15,FAIL
549,mt/set_11/ambiegen/test-258,0.15,PASS
550,mt/set_11/ambiegen/test-278,0.15,PASS
551,mt/set_11/ambiegen/test-28,0.15,FAIL
552,mt/set_11/ambiegen/test-281,0.15,PASS
553,mt/set_11/ambiegen/test-283,0.15,PASS
554,mt/set_11/ambiegen/test-293,0.15,FAIL
555,mt/set_11/ambiegen/test-295,0.15,FAIL
556,mt/set_11/ambiegen/test-310,0.15,PASS
557,mt/set_11/ambiegen/test-317,0.15,PASS
558,mt/set_11/ambiegen/test-319,0.15,PASS
559,mt/set_11/ambiegen/test-346,0.15,PASS
560,mt/set_11/ambiegen/test-350,0.15,FAIL
561,mt/set_11/ambiegen/test-351,0.15,FAIL
562,mt/set_11/ambiegen/test-370,0.15,PASS
563,mt/set_11/ambiegen/test-374,0.15,PASS
564,mt/set_11/ambiegen/test-385,0.15,FAIL
565,mt/set_11/ambiegen/test-386,0.15,FAIL
566,mt/set_11/ambiegen/test-391,0.15,FAIL
567,mt/set_11/ambiegen/test-404,0.15,FAIL
568,mt/set_11/ambiegen/test-407,0.15,PASS
569,mt/set_11/ambiegen/test-411,0.15,FAIL
570,mt/set_11/ambiegen/test-416,0.15,FAIL
571,mt/set_11/ambiegen/test-431,0.15,PASS
572,mt/set_11/ambiegen/test-443,0.15,PASS
573,mt/set_11/ambiegen/test-447,0.15,FAIL
574,mt/set_11/ambiegen/test-461,0.15,PASS
575,mt/set_11/ambiegen/test-471,0.15,FAIL
576,mt/set_11/ambiegen/test-474,0.15,FAIL
577,mt/set_11/ambiegen/test-477,0.15,FAIL
578,mt/set_11/ambiegen/test-497,0.15,PASS
579,mt/set_11/ambiegen/test-502,0.15,FAIL
580,mt/set_11/ambiegen/test-507,0.15,FAIL
581,mt/set_11/ambiegen/test-508,0.15,FAIL
582,mt/set_11/ambiegen/test-510,0.15,PASS
583,mt/set_11/ambiegen/test-514,0.15,PASS
584,mt/set_11/ambiegen/test-519,0.15,PASS
585,mt/set_11/ambiegen/test-529,0.15,FAIL
586,mt/set_11/ambiegen/test-582,0.15,FAIL
587,mt/set_11/ambiegen/test-594,0.15,PASS
588,mt/set_11/ambiegen/test-599,0.15,FAIL
589,mt/set_11/ambiegen/test-600,0.15,FAIL
590,mt/set_11/ambiegen/test-612,0.15,FAIL
591,mt/set_11/ambiegen/test-623,0.15,FAIL
592,mt/set_11/ambiegen/test-625,0.15,FAIL
593,mt/set_11/ambiegen/test-651,0.15,PASS
594,mt/set_11/ambiegen/test-659,0.15,FAIL
595,mt/set_11/ambiegen/test-663,0.15,PASS
596,mt/set_11/ambiegen/test-695,0.15,PASS
597,mt/set_11/ambiegen/test-699,0.15,FAIL
598,mt/set_11/ambiegen/test-734,0.15,FAIL
599,mt/set_11/ambiegen/test-755,0.15,FAIL
600,mt/set_11/ambiegen/test-759,0.15,FAIL
601,mt/set_11/ambiegen/test-76,0.15,PASS
602,mt/set_11/ambiegen/test-78,0.15,FAIL
603,mt/set_11/ambiegen/test-790,0.15,FAIL
604,mt/set_11/ambiegen/test-806,0.15,FAIL
605,mt/set_11/ambiegen/test-822,0.15,FAIL
606,mt/set_11/ambiegen/test-824,0.15,PASS
607,mt/set_11/ambiegen/test-839,0.15,PASS
608,mt/set_11/ambiegen/test-88,0.15,PASS
609,mt/set_11/ambiegen/test-901,0.15,PASS
610,mt/set_11/ambiegen/test-910,0.15,FAIL
611,mt/set_11/ambiegen/test-914,0.15,PASS
612,mt/set_11/ambiegen/test-952,0.15,FAIL
613,mt/set_11/ambiegen/test-954,0.15,PASS
614,mt/set_11/ambiegen/test-961,0.15,FAIL
615,mt/set_11/ambiegen/test-97,0.15,PASS
616,mt/set_11/frenetic/test-10,0.15,PASS
617,mt/set_11/frenetic/test-102,0.15,PASS
618,mt/set_11/frenetic/test-105,0.15,FAIL
619,mt/set_11/frenetic/test-110,0.15,PASS
620,mt/set_11/frenetic/test-12,0.15,PASS
621,mt/set_11/frenetic/test-122,0.15,PASS
622,mt/set_11/frenetic/test-130,0.15,FAIL
623,mt/set_11/frenetic/test-134,0.15,PASS
624,mt/set_11/frenetic/test-135,0.15,FAIL
625,mt/set_11/frenetic/test-15,0.15,PASS
626,mt/set_11/frenetic/test-159,0.15,PASS
627,mt/set_11/frenetic/test-161,0.15,PASS
628,mt/set_11/frenetic/test-171,0.15,FAIL
629,mt/set_11/frenetic/test-2,0.15,PASS
630,mt/set_11/frenetic/test-203,0.15,PASS
631,mt/set_11/frenetic/test-209,0.15,PASS
632,mt/set_11/frenetic/test-217,0.15,PASS
633,mt/set_11/frenetic/test-221,0.15,PASS
634,mt/set_11/frenetic/test-225,0.15,PASS
635,mt/set_11/frenetic/test-226,0.15,FAIL
636,mt/set_11/frenetic/test-242,0.15,PASS
637,mt/set_11/frenetic/test-246,0.15,PASS
638,mt/set_11/frenetic/test-253,0.15,PASS
639,mt/set_11/frenetic/test-26,0.15,PASS
640,mt/set_11/frenetic/test-269,0.15,PASS
641,mt/set_11/frenetic/test-272,0.15,PASS
642,mt/set_11/frenetic/test-274,0.15,PASS
643,mt/set_11/frenetic/test-276,0.15,FAIL
644,mt/set_11/frenetic/test-280,0.15,PASS
645,mt/set_11/frenetic/test-281,0.15,PASS
646,mt/set_11/frenetic/test-3,0.15,PASS
647,mt/set_11/frenetic/test-310,0.15,PASS
648,mt/set_11/frenetic/test-321,0.15,PASS
649,mt/set_11/frenetic/test-332,0.15,FAIL
650,mt/set_11/frenetic/test-354,0.15,PASS
651,mt/set_11/frenetic/test-355,0.15,PASS
652,mt/set_11/frenetic/test-368,0.15,PASS
653,mt/set_11/frenetic/test-370,0.15,PASS
654,mt/set_11/frenetic/test-374,0.15,PASS
655,mt/set_11/frenetic/test-377,0.15,PASS
656,mt/set_11/frenetic/test-387,0.15,FAIL
657,mt/set_11/frenetic/test-396,0.15,PASS
658,mt/set_11/frenetic/test-406,0.15,FAIL
659,mt/set_11/frenetic/test-411,0.15,PASS
660,mt/set_11/frenetic/test-415,0.15,PASS
661,mt/set_11/frenetic/test-416,0.15,FAIL
662,mt/set_11/frenetic/test-417,0.15,FAIL
663,mt/set_11/frenetic/test-420,0.15,PASS
664,mt/set_11/frenetic/test-426,0.15,FAIL
665,mt/set_11/frenetic/test-442,0.15,PASS
666,mt/set_11/frenetic/test-449,0.15,FAIL
667,mt/set_11/frenetic/test-455,0.15,PASS
668,mt/set_11/frenetic/test-459,0.15,PASS
669,mt/set_11/frenetic/test-461,0.15,FAIL
670,mt/set_11/frenetic/test-468,0.15,PASS
671,mt/set_11/frenetic/test-483,0.15,PASS
672,mt/set_11/frenetic/test-508,0.15,PASS
673,mt/set_11/frenetic/test-528,0.15,FAIL
674,mt/set_11/frenetic/test-537,0.15,PASS
675,mt/set_11/frenetic/test-539,0.15,PASS
676,mt/set_11/frenetic/test-540,0.15,PASS
677,mt/set_11/frenetic/test-541,0.15,FAIL
678,mt/set_11/frenetic/test-558,0.15,PASS
679,mt/set_11/frenetic/test-565,0.15,PASS
680,mt/set_11/frenetic/test-570,0.15,FAIL
681,mt/set_11/frenetic/test-58,0.15,PASS
682,mt/set_11/frenetic/test-589,0.15,PASS
683,mt/set_11/frenetic/test-59,0.15,FAIL
684,mt/set_11/frenetic/test-595,0.15,PASS
685,mt/set_11/frenetic/test-599,0.15,FAIL
686,mt/set_11/frenetic/test-60,0.15,PASS
687,mt/set_11/frenetic/test-607,0.15,FAIL
688,mt/set_11/frenetic/test-630,0.15,FAIL
689,mt/set_11/frenetic/test-650,0.15,PASS
690,mt/set_11/frenetic/test-651,0.15,PASS
691,mt/set_11/frenetic/test-663,0.15,PASS
692,mt/set_11/frenetic/test-668,0.15,PASS
693,mt/set_11/frenetic/test-672,0.15,FAIL
694,mt/set_11/frenetic/test-680,0.15,PASS
695,mt/set_11/frenetic/test-682,0.15,FAIL
696,mt/set_11/frenetic/test-683,0.15,FAIL
697,mt/set_11/frenetic/test-70,0.15,PASS
698,mt/set_11/frenetic/test-706,0.15,FAIL
699,mt/set_11/frenetic/test-707,0.15,PASS
700,mt/set_11/frenetic/test-709,0.15,PASS
701,mt/set_11/frenetic/test-745,0.15,PASS
702,mt/set_11/frenetic/test-754,0.15,FAIL
703,mt/set_11/frenetic/test-757,0.15,FAIL
704,mt/set_11/frenetic/test-758,0.15,FAIL
705,mt/set_11/frenetic/test-771,0.15,FAIL
706,mt/set_11/frenetic/test-805,0.15,PASS
707,mt/set_11/frenetic/test-809,0.15,PASS
708,mt/set_11/frenetic/test-823,0.15,FAIL
709,mt/set_11/frenetic/test-829,0.15,PASS
710,mt/set_11/frenetic/test-84,0.15,PASS
711,mt/set_11/frenetic/test-844,0.15,PASS
712,mt/set_11/frenetic/test-850,0.15,PASS
713,mt/set_11/frenetic/test-860,0.15,PASS
714,mt/set_11/frenetic/test-862,0.15,FAIL
715,mt/set_11/frenetic/test-874,0.15,PASS
716,mt/set_11/frenetic/test-875,0.15,FAIL
717,mt/set_11/frenetic/test-878,0.15,PASS
718,mt/set_11/frenetic/test-88,0.15,PASS
719,mt/set_11/frenetic/test-884,0.15,PASS
720,mt/set_11/frenetic/test-888,0.15,PASS
721,mt/set_11/frenetic/test-89,0.15,PASS
722,mt/set_11/frenetic/test-905,0.15,PASS
723,mt/set_11/frenetic/test-909,0.15,PASS
724,mt/set_11/frenetic/test-918,0.15,PASS
725,mt/set_11/frenetic/test-953,0.15,PASS
726,mt/set_11/frenetic_v/test-104,0.15,PASS
727,mt/set_11/frenetic_v/test-109,0.15,PASS
728,mt/set_11/frenetic_v/test-111,0.15,FAIL
729,mt/set_11/frenetic_v/test-117,0.15,PASS
730,mt/set_11/frenetic_v/test-119,0.15,PASS
731,mt/set_11/frenetic_v/test-133,0.15,PASS
732,mt/set_11/frenetic_v/test-156,0.15,PASS
733,mt/set_11/frenetic_v/test-158,0.15,FAIL
734,mt/set_11/frenetic_v/test-159,0.15,PASS
735,mt/set_11/frenetic_v/test-164,0.15,FAIL
736,mt/set_11/frenetic_v/test-167,0.15,FAIL
737,mt/set_11/frenetic_v/test-199,0.15,PASS
738,mt/set_11/frenetic_v/test-207,0.15,PASS
739,mt/set_11/frenetic_v/test-220,0.15,PASS
740,mt/set_11/frenetic_v/test-237,0.15,FAIL
741,mt/set_11/frenetic_v/test-268,0.15,PASS
742,mt/set_11/frenetic_v/test-271,0.15,FAIL
743,mt/set_11/frenetic_v/test-277,0.15,FAIL
744,mt/set_11/frenetic_v/test-285,0.15,PASS
745,mt/set_11/frenetic_v/test-303,0.15,FAIL
746,mt/set_11/frenetic_v/test-311,0.15,PASS
747,mt/set_11/frenetic_v/test-316,0.15,FAIL
748,mt/set_11/frenetic_v/test-32,0.15,FAIL
749,mt/set_11/frenetic_v/test-334,0.15,PASS
750,mt/set_11/frenetic_v/test-351,0.15,PASS
751,mt/set_11/frenetic_v/test-374,0.15,PASS
752,mt/set_11/frenetic_v/test-375,0.15,PASS
753,mt/set_11/frenetic_v/test-376,0.15,PASS
754,mt/set_11/frenetic_v/test-39,0.15,FAIL
755,mt/set_11/frenetic_v/test-400,0.15,FAIL
756,mt/set_11/frenetic_v/test-403,0.15,PASS
757,mt/set_11/frenetic_v/test-407,0.15,PASS
758,mt/set_11/frenetic_v/test-41,0.15,PASS
759,mt/set_11/frenetic_v/test-410,0.15,PASS
760,mt/set_11/frenetic_v/test-413,0.15,PASS
761,mt/set_11/frenetic_v/test-421,0.15,PASS
762,mt/set_11/frenetic_v/test-424,0.15,FAIL
763,mt/set_11/frenetic_v/test-432,0.15,PASS
764,mt/set_11/frenetic_v/test-435,0.15,PASS
765,mt/set_11/frenetic_v/test-439,0.15,PASS
766,mt/set_11/frenetic_v/test-449,0.15,FAIL
767,mt/set_11/frenetic_v/test-458,0.15,FAIL
768,mt/set_11/frenetic_v/test-46,0.15,PASS
769,mt/set_11/frenetic_v/test-464,0.15,PASS
770,mt/set_11/frenetic_v/test-467,0.15,FAIL
771,mt/set_11/frenetic_v/test-470,0.15,FAIL
772,mt/set_11/frenetic_v/test-485,0.15,PASS
773,mt/set_11/frenetic_v/test-506,0.15,PASS
774,mt/set_11/frenetic_v/test-507,0.15,FAIL
775,mt/set_11/frenetic_v/test-515,0.15,PASS
776,mt/set_11/frenetic_v/test-516,0.15,PASS
777,mt/set_11/frenetic_v/test-520,0.15,PASS
778,mt/set_11/frenetic_v/test-523,0.15,FAIL
779,mt/set_11/frenetic_v/test-550,0.15,PASS
780,mt/set_11/frenetic_v/test-556,0.15,PASS
781,mt/set_11/frenetic_v/test-557,0.15,PASS
782,mt/set_11/frenetic_v/test-56,0.15,PASS
783,mt/set_11/frenetic_v/test-560,0.15,PASS
784,mt/set_11/frenetic_v/test-565,0.15,FAIL
785,mt/set_11/frenetic_v/test-57,0.15,FAIL
786,mt/set_11/frenetic_v/test-575,0.15,PASS
787,mt/set_11/frenetic_v/test-582,0.15,PASS
788,mt/set_11/frenetic_v/test-591,0.15,PASS
789,mt/set_11/frenetic_v/test-6,0.15,FAIL
790,mt/set_11/frenetic_v/test-60,0.15,FAIL
791,mt/set_11/frenetic_v/test-607,0.15,PASS
792,mt/set_11/frenetic_v/test-616,0.15,PASS
793,mt/set_11/frenetic_v/test-624,0.15,PASS
794,mt/set_11/frenetic_v/test-627,0.15,PASS
795,mt/set_11/frenetic_v/test-628,0.15,PASS
796,mt/set_11/frenetic_v/test-643,0.15,PASS
797,mt/set_11/frenetic_v/test-668,0.15,PASS
798,mt/set_11/frenetic_v/test-670,0.15,FAIL
799,mt/set_11/frenetic_v/test-675,0.15,FAIL
800,mt/set_11/frenetic_v/test-688,0.15,FAIL
801,mt/set_11/frenetic_v/test-696,0.15,FAIL
802,mt/set_11/frenetic_v/test-703,0.15,PASS
803,mt/set_11/frenetic_v/test-726,0.15,PASS
804,mt/set_11/frenetic_v/test-730,0.15,PASS
805,mt/set_11/frenetic_v/test-738,0.15,PASS
806,mt/set_11/frenetic_v/test-743,0.15,PASS
807,mt/set_11/frenetic_v/test-749,0.15,PASS
808,mt/set_11/frenetic_v/test-75,0.15,FAIL
809,mt/set_11/frenetic_v/test-760,0.15,FAIL
810,mt/set_11/frenetic_v/test-790,0.15,FAIL
811,mt/set_11/frenetic_v/test-794,0.15,PASS
812,mt/set_11/frenetic_v/test-812,0.15,PASS
813,mt/set_11/frenetic_v/test-819,0.15,PASS
814,mt/set_11/frenetic_v/test-820,0.15,PASS
815,mt/set_11/frenetic_v/test-822,0.15,FAIL
816,mt/set_11/frenetic_v/test-84,0.15,PASS
817,mt/set_11/frenetic_v/test-862,0.15,PASS
818,mt/set_11/frenetic_v/test-866,0.15,PASS
819,mt/set_11/frenetic_v/test-873,0.15,FAIL
820,mt/set_11/frenetic_v/test-885,0.15,FAIL
821,mt/set_11/frenetic_v/test-905,0.15,FAIL
822,mt/set_11/frenetic_v/test-938,0.15,FAIL
823,mt/set_11/frenetic_v/test-94,0.15,FAIL
824,mt/set_11/frenetic_v/test-95,0.15,FAIL
825,mt/set_11/frenetic_v/test-97,0.15,PASS
826,mt/set_12/ambiegen/test-111,0.15,FAIL
827,mt/set_12/ambiegen/test-135,0.15,PASS
828,mt/set_12/ambiegen/test-151,0.15,PASS
829,mt/set_12/ambiegen/test-159,0.15,FAIL
830,mt/set_12/ambiegen/test-16,0.15,PASS
831,mt/set_12/ambiegen/test-178,0.15,PASS
832,mt/set_12/ambiegen/test-182,0.15,FAIL
833,mt/set_12/ambiegen/test-184,0.15,PASS
834,mt/set_12/ambiegen/test-200,0.15,FAIL
835,mt/set_12/ambiegen/test-201,0.15,FAIL
836,mt/set_12/ambiegen/test-202,0.15,PASS
837,mt/set_12/ambiegen/test-227,0.15,FAIL
838,mt/set_12/ambiegen/test-235,0.15,FAIL
839,mt/set_12/ambiegen/test-240,0.15,PASS
840,mt/set_12/ambiegen/test-243,0.15,PASS
841,mt/set_12/ambiegen/test-25,0.15,FAIL
842,mt/set_12/ambiegen/test-258,0.15,FAIL
843,mt/set_12/ambiegen/test-260,0.15,PASS
844,mt/set_12/ambiegen/test-264,0.15,PASS
845,mt/set_12/ambiegen/test-277,0.15,FAIL
846,mt/set_12/ambiegen/test-3,0.15,FAIL
847,mt/set_12/ambiegen/test-332,0.15,PASS
848,mt/set_12/ambiegen/test-351,0.15,FAIL
849,mt/set_12/ambiegen/test-362,0.15,FAIL
850,mt/set_12/ambiegen/test-370,0.15,PASS
851,mt/set_12/ambiegen/test-372,0.15,PASS
852,mt/set_12/ambiegen/test-382,0.15,PASS
853,mt/set_12/ambiegen/test-397,0.15,FAIL
854,mt/set_12/ambiegen/test-399,0.15,FAIL
855,mt/set_12/ambiegen/test-400,0.15,FAIL
856,mt/set_12/ambiegen/test-409,0.15,FAIL
857,mt/set_12/ambiegen/test-42,0.15,PASS
858,mt/set_12/ambiegen/test-434,0.15,FAIL
859,mt/set_12/ambiegen/test-439,0.15,PASS
860,mt/set_12/ambiegen/test-444,0.15,PASS
861,mt/set_12/ambiegen/test-447,0.15,PASS
862,mt/set_12/ambiegen/test-448,0.15,PASS
863,mt/set_12/ambiegen/test-466,0.15,FAIL
864,mt/set_12/ambiegen/test-471,0.15,PASS
865,mt/set_12/ambiegen/test-491,0.15,FAIL
866,mt/set_12/ambiegen/test-509,0.15,FAIL
867,mt/set_12/ambiegen/test-51,0.15,PASS
868,mt/set_12/ambiegen/test-520,0.15,PASS
869,mt/set_12/ambiegen/test-522,0.15,FAIL
870,mt/set_12/ambiegen/test-529,0.15,FAIL
871,mt/set_12/ambiegen/test-541,0.15,FAIL
872,mt/set_12/ambiegen/test-544,0.15,PASS
873,mt/set_12/ambiegen/test-553,0.15,PASS
874,mt/set_12/ambiegen/test-557,0.15,PASS
875,mt/set_12/ambiegen/test-589,0.15,PASS
876,mt/set_12/ambiegen/test-592,0.15,PASS
877,mt/set_12/ambiegen/test-594,0.15,FAIL
878,mt/set_12/ambiegen/test-595,0.15,PASS
879,mt/set_12/ambiegen/test-598,0.15,PASS
880,mt/set_12/ambiegen/test-630,0.15,FAIL
881,mt/set_12/ambiegen/test-636,0.15,PASS
882,mt/set_12/ambiegen/test-638,0.15,PASS
883,mt/set_12/ambiegen/test-639,0.15,FAIL
884,mt/set_12/ambiegen/test-65,0.15,FAIL
885,mt/set_12/ambiegen/test-653,0.15,FAIL
886,mt/set_12/ambiegen/test-671,0.15,PASS
887,mt/set_12/ambiegen/test-677,0.15,PASS
888,mt/set_12/ambiegen/test-678,0.15,PASS
889,mt/set_12/ambiegen/test-684,0.15,PASS
890,mt/set_12/ambiegen/test-689,0.15,PASS
891,mt/set_12/ambiegen/test-720,0.15,FAIL
892,mt/set_12/ambiegen/test-724,0.15,FAIL
893,mt/set_12/ambiegen/test-734,0.15,FAIL
894,mt/set_12/ambiegen/test-741,0.15,FAIL
895,mt/set_12/ambiegen/test-76,0.15,PASS
896,mt/set_12/ambiegen/test-765,0.15,PASS
897,mt/set_12/ambiegen/test-770,0.15,PASS
898,mt/set_12/ambiegen/test-799,0.15,FAIL
899,mt/set_12/ambiegen/test-801,0.15,PASS
900,mt/set_12/ambiegen/test-817,0.15,FAIL
901,mt/set_12/ambiegen/test-821,0.15,FAIL
902,mt/set_12/ambiegen/test-828,0.15,FAIL
903,mt/set_12/ambiegen/test-832,0.15,PASS
904,mt/set_12/ambiegen/test-833,0.15,FAIL
905,mt/set_12/ambiegen/test-857,0.15,FAIL
906,mt/set_12/ambiegen/test-870,0.15,FAIL
907,mt/set_12/ambiegen/test-899,0.15,PASS
908,mt/set_12/ambiegen/test-906,0.15,PASS
909,mt/set_12/ambiegen/test-907,0.15,PASS
910,mt/set_12/ambiegen/test-926,0.15,FAIL
911,mt/set_12/ambiegen/test-937,0.15,FAIL
912,mt/set_12/ambiegen/test-946,0.15,PASS
913,mt/set_12/ambiegen/test-95,0.15,PASS
914,mt/set_12/ambiegen/test-953,0.15,PASS
915,mt/set_12/ambiegen/test-98,0.15,PASS
916,mt/set_12/frenetic/test-104,0.15,FAIL
917,mt/set_12/frenetic/test-112,0.15,FAIL
918,mt/set_12/frenetic/test-115,0.15,PASS
919,mt/set_12/frenetic/test-123,0.15,FAIL
920,mt/set_12/frenetic/test-124,0.15,PASS
921,mt/set_12/frenetic/test-128,0.15,PASS
922,mt/set_12/frenetic/test-134,0.15,PASS
923,mt/set_12/frenetic/test-160,0.15,PASS
924,mt/set_12/frenetic/test-161,0.15,FAIL
925,mt/set_12/frenetic/test-176,0.15,FAIL
926,mt/set_12/frenetic/test-190,0.15,PASS
927,mt/set_12/frenetic/test-194,0.15,PASS
928,mt/set_12/frenetic/test-198,0.15,PASS
929,mt/set_12/frenetic/test-201,0.15,PASS
930,mt/set_12/frenetic/test-202,0.15,FAIL
931,mt/set_12/frenetic/test-233,0.15,PASS
932,mt/set_12/frenetic/test-234,0.15,PASS
933,mt/set_12/frenetic/test-242,0.15,PASS
934,mt/set_12/frenetic/test-246,0.15,PASS
935,mt/set_12/frenetic/test-259,0.15,PASS
936,mt/set_12/frenetic/test-267,0.15,PASS
937,mt/set_12/frenetic/test-270,0.15,FAIL
938,mt/set_12/frenetic/test-281,0.15,FAIL
939,mt/set_12/frenetic/test-283,0.15,PASS
940,mt/set_12/frenetic/test-30,0.15,PASS
941,mt/set_12/frenetic/test-303,0.15,PASS
942,mt/set_12/frenetic/test-304,0.15,FAIL
943,mt/set_12/frenetic/test-306,0.15,PASS
944,mt/set_12/frenetic/test-327,0.15,FAIL
945,mt/set_12/frenetic/test-334,0.15,PASS
946,mt/set_12/frenetic/test-335,0.15,PASS
947,mt/set_12/frenetic/test-353,0.15,FAIL
948,mt/set_12/frenetic/test-355,0.15,PASS
949,mt/set_12/frenetic/test-363,0.15,PASS
950,mt/set_12/frenetic/test-367,0.15,FAIL
951,mt/set_12/frenetic/test-373,0.15,PASS
952,mt/set_12/frenetic/test-404,0.15,PASS
953,mt/set_12/frenetic/test-42,0.15,PASS
954,mt/set_12/frenetic/test-430,0.15,FAIL
955,mt/set_12/frenetic/test-44,0.15,FAIL
956,mt/set_12/frenetic/test-442,0.15,FAIL
957,mt/set_12/frenetic/test-452,0.15,PASS
958,mt/set_12/frenetic/test-467,0.15,PASS
959,mt/set_12/frenetic/test-50,0.15,PASS
960,mt/set_12/frenetic/test-512,0.15,PASS
961,mt/set_12/frenetic/test-516,0.15,FAIL
962,mt/set_12/frenetic/test-523,0.15,PASS
963,mt/set_12/frenetic/test-529,0.15,PASS
964,mt/set_12/frenetic/test-540,0.15,PASS
965,mt/set_12/frenetic/test-564,0.15,FAIL
966,mt/set_12/frenetic/test-565,0.15,PASS
967,mt/set_12/frenetic/test-573,0.15,PASS
968,mt/set_12/frenetic/test-575,0.15,PASS
969,mt/set_12/frenetic/test-584,0.15,FAIL
970,mt/set_12/frenetic/test-60,0.15,PASS
971,mt/set_12/frenetic/test-621,0.15,PASS
972,mt/set_12/frenetic/test-639,0.15,FAIL
973,mt/set_12/frenetic/test-649,0.15,PASS
974,mt/set_12/frenetic/test-656,0.15,PASS
975,mt/set_12/frenetic/test-658,0.15,PASS
976,mt/set_12/frenetic/test-663,0.15,FAIL
977,mt/set_12/frenetic/test-666,0.15,PASS
978,mt/set_12/frenetic/test-685,0.15,FAIL
979,mt/set_12/frenetic/test-713,0.15,FAIL
980,mt/set_12/frenetic/test-722,0.15,PASS
981,mt/set_12/frenetic/test-723,0.15,PASS
982,mt/set_12/frenetic/test-744,0.15,PASS
983,mt/set_12/frenetic/test-769,0.15,PASS
984,mt/set_12/frenetic/test-772,0.15,FAIL
985,mt/set_12/frenetic/test-775,0.15,FAIL
986,mt/set_12/frenetic/test-781,0.15,PASS
987,mt/set_12/frenetic/test-782,0.15,PASS
988,mt/set_12/frenetic/test-792,0.15,FAIL
989,mt/set_12/frenetic/test-798,0.15,FAIL
990,mt/set_12/frenetic/test-812,0.15,FAIL
991,mt/set_12/frenetic/test-813,0.15,PASS
992,mt/set_12/frenetic/test-823,0.15,FAIL
993,mt/set_12/frenetic/test-838,0.15,PASS
994,mt/set_12/frenetic/test-839,0.15,PASS
995,mt/set_12/frenetic/test-861,0.15,FAIL
996,mt/set_12/frenetic/test-865,0.15,PASS
997,mt/set_12/frenetic/test-878,0.15,PASS
998,mt/set_12/frenetic/test-887,0.15,PASS
999,mt/set_12/frenetic/test-896,0.15,PASS
1000,mt/set_12/frenetic/test-901,0.15,PASS
1001,mt/set_12/frenetic/test-903,0.15,PASS
1002,mt/set_12/frenetic/test-908,0.15,PASS
1003,mt/set_12/frenetic/test-915,0.15,PASS
1004,mt/set_12/frenetic/test-919,0.15,FAIL
1005,mt/set_12/frenetic/test-922,0.15,PASS
1006,mt/set_12/frenetic/test-923,0.15,PASS
1007,mt/set_12/frenetic/test-939,0.15,FAIL
1008,mt/set_12/frenetic/test-943,0.15,PASS
1009,mt/set_12/frenetic/test-950,0.15,PASS
1010,mt/set_12/frenetic/test-956,0.15,FAIL
1011,mt/set_12/frenetic/test-960,0.15,PASS
1012,mt/set_12/frenetic_v/test-103,0.15,PASS
1013,mt/set_12/frenetic_v/test-118,0.15,FAIL
1014,mt/set_12/frenetic_v/test-120,0.15,FAIL
1015,mt/set_12/frenetic_v/test-122,0.15,PASS
1016,mt/set_12/frenetic_v/test-136,0.15,PASS
1017,mt/set_12/frenetic_v/test-142,0.15,PASS
1018,mt/set_12/frenetic_v/test-157,0.15,FAIL
1019,mt/set_12/frenetic_v/test-158,0.15,PASS
1020,mt/set_12/frenetic_v/test-160,0.15,PASS
1021,mt/set_12/frenetic_v/test-163,0.15,PASS
1022,mt/set_12/frenetic_v/test-166,0.15,PASS
1023,mt/set_12/frenetic_v/test-17,0.15,PASS
1024,mt/set_12/frenetic_v/test-170,0.15,PASS
1025,mt/set_12/frenetic_v/test-171,0.15,FAIL
1026,mt/set_12/frenetic_v/test-179,0.15,FAIL
1027,mt/set_12/frenetic_v/test-182,0.15,PASS
1028,mt/set_12/frenetic_v/test-184,0.15,PASS
1029,mt/set_12/frenetic_v/test-199,0.15,FAIL
1030,mt/set_12/frenetic_v/test-203,0.15,PASS
1031,mt/set_12/frenetic_v/test-213,0.15,PASS
1032,mt/set_12/frenetic_v/test-239,0.15,PASS
1033,mt/set_12/frenetic_v/test-243,0.15,PASS
1034,mt/set_12/frenetic_v/test-249,0.15,PASS
1035,mt/set_12/frenetic_v/test-261,0.15,PASS
1036,mt/set_12/frenetic_v/test-268,0.15,FAIL
1037,mt/set_12/frenetic_v/test-272,0.15,PASS
1038,mt/set_12/frenetic_v/test-284,0.15,FAIL
1039,mt/set_12/frenetic_v/test-288,0.15,FAIL
1040,mt/set_12/frenetic_v/test-298,0.15,FAIL
1041,mt/set_12/frenetic_v/test-30,0.15,FAIL
1042,mt/set_12/frenetic_v/test-302,0.15,PASS
1043,mt/set_12/frenetic_v/test-313,0.15,PASS
1044,mt/set_12/frenetic_v/test-339,0.15,FAIL
1045,mt/set_12/frenetic_v/test-370,0.15,PASS
1046,mt/set_12/frenetic_v/test-373,0.15,PASS
1047,mt/set_12/frenetic_v/test-39,0.15,PASS
1048,mt/set_12/frenetic_v/test-390,0.15,PASS
1049,mt/set_12/frenetic_v/test-392,0.15,FAIL
1050,mt/set_12/frenetic_v/test-407,0.15,PASS
1051,mt/set_12/frenetic_v/test-440,0.15,PASS
1052,mt/set_12/frenetic_v/test-448,0.15,FAIL
1053,mt/set_12/frenetic_v/test-450,0.15,FAIL
1054,mt/set_12/frenetic_v/test-451,0.15,FAIL
1055,mt/set_12/frenetic_v/test-466,0.15,PASS
1056,mt/set_12/frenetic_v/test-474,0.15,PASS
1057,mt/set_12/frenetic_v/test-482,0.15,PASS
1058,mt/set_12/frenetic_v/test-491,0.15,FAIL
1059,mt/set_12/frenetic_v/test-500,0.15,PASS
1060,mt/set_12/frenetic_v/test-501,0.15,PASS
1061,mt/set_12/frenetic_v/test-503,0.15,PASS
1062,mt/set_12/frenetic_v/test-511,0.15,FAIL
1063,mt/set_12/frenetic_v/test-530,0.15,PASS
1064,mt/set_12/frenetic_v/test-531,0.15,FAIL
1065,mt/set_12/frenetic_v/test-535,0.15,FAIL
1066,mt/set_12/frenetic_v/test-550,0.15,PASS
1067,mt/set_12/frenetic_v/test-552,0.15,FAIL
1068,mt/set_12/frenetic_v/test-56,0.15,PASS
1069,mt/set_12/frenetic_v/test-565,0.15,FAIL
1070,mt/set_12/frenetic_v/test-572,0.15,PASS
1071,mt/set_12/frenetic_v/test-573,0.15,PASS
1072,mt/set_12/frenetic_v/test-576,0.15,PASS
1073,mt/set_12/frenetic_v/test-579,0.15,PASS
1074,mt/set_12/frenetic_v/test-61,0.15,PASS
1075,mt/set_12/frenetic_v/test-610,0.15,FAIL
1076,mt/set_12/frenetic_v/test-623,0.15,PASS
1077,mt/set_12/frenetic_v/test-633,0.15,PASS
1078,mt/set_12/frenetic_v/test-636,0.15,PASS
1079,mt/set_12/frenetic_v/test-642,0.15,PASS
1080,mt/set_12/frenetic_v/test-658,0.15,PASS
1081,mt/set_12/frenetic_v/test-659,0.15,FAIL
1082,mt/set_12/frenetic_v/test-666,0.15,PASS
1083,mt/set_12/frenetic_v/test-669,0.15,PASS
1084,mt/set_12/frenetic_v/test-695,0.15,PASS
1085,mt/set_12/frenetic_v/test-7,0.15,PASS
1086,mt/set_12/frenetic_v/test-702,0.15,PASS
1087,mt/set_12/frenetic_v/test-712,0.15,FAIL
1088,mt/set_12/frenetic_v/test-715,0.15,PASS
1089,mt/set_12/frenetic_v/test-719,0.15,FAIL
1090,mt/set_12/frenetic_v/test-724,0.15,FAIL
1091,mt/set_12/frenetic_v/test-725,0.15,PASS
1092,mt/set_12/frenetic_v/test-747,0.15,FAIL
1093,mt/set_12/frenetic_v/test-757,0.15,FAIL
1094,mt/set_12/frenetic_v/test-762,0.15,PASS
1095,mt/set_12/frenetic_v/test-769,0.15,FAIL
1096,mt/set_12/frenetic_v/test-78,0.15,PASS
1097,mt/set_12/frenetic_v/test-798,0.15,PASS
1098,mt/set_12/frenetic_v/test-804,0.15,PASS
1099,mt/set_12/frenetic_v/test-805,0.15,PASS
1100,mt/set_12/frenetic_v/test-814,0.15,PASS
1101,mt/set_12/frenetic_v/test-828,0.15,PASS
1102,mt/set_12/frenetic_v/test-841,0.15,PASS
1103,mt/set_12/frenetic_v/test-854,0.15,FAIL
1104,mt/set_12/frenetic_v/test-860,0.15,PASS
1105,mt/set_12/frenetic_v/test-862,0.15,FAIL
1106,mt/set_12/frenetic_v/test-882,0.15,FAIL
1107,mt/set_12/frenetic_v/test-91,0.15,PASS
1108,mt/set_12/frenetic_v/test-911,0.15,PASS
1109,mt/set_12/frenetic_v/test-926,0.15,PASS
1110,mt/set_12/frenetic_v/test-931,0.15,PASS
1111,mt/set_12/frenetic_v/test-934,0.15,PASS
1112,mt/set_12/frenetic_v/test-938,0.15,FAIL
1113,mt/set_12/frenetic_v/test-97,0.15,PASS
1114,mt/set_12/frenetic_v/test-98,0.15,PASS
1115,mt/set_13/ambiegen/test-120,0.15,PASS
1116,mt/set_13/ambiegen/test-143,0.15,PASS
1117,mt/set_13/ambiegen/test-145,0.15,FAIL
1118,mt/set_13/ambiegen/test-147,0.15,PASS
1119,mt/set_13/ambiegen/test-151,0.15,PASS
1120,mt/set_13/ambiegen/test-162,0.15,PASS
1121,mt/set_13/ambiegen/test-18,0.15,PASS
1122,mt/set_13/ambiegen/test-181,0.15,PASS
1123,mt/set_13/ambiegen/test-196,0.15,FAIL
1124,mt/set_13/ambiegen/test-202,0.15,FAIL
1125,mt/set_13/ambiegen/test-207,0.15,FAIL
1126,mt/set_13/ambiegen/test-219,0.15,PASS
1127,mt/set_13/ambiegen/test-225,0.15,PASS
1128,mt/set_13/ambiegen/test-237,0.15,PASS
1129,mt/set_13/ambiegen/test-24,0.15,FAIL
1130,mt/set_13/ambiegen/test-241,0.15,FAIL
1131,mt/set_13/ambiegen/test-253,0.15,PASS
1132,mt/set_13/ambiegen/test-262,0.15,PASS
1133,mt/set_13/ambiegen/test-267,0.15,PASS
1134,mt/set_13/ambiegen/test-271,0.15,FAIL
1135,mt/set_13/ambiegen/test-287,0.15,PASS
1136,mt/set_13/ambiegen/test-289,0.15,PASS
1137,mt/set_13/ambiegen/test-294,0.15,PASS
1138,mt/set_13/ambiegen/test-302,0.15,PASS
1139,mt/set_13/ambiegen/test-304,0.15,FAIL
1140,mt/set_13/ambiegen/test-334,0.15,PASS
1141,mt/set_13/ambiegen/test-360,0.15,PASS
1142,mt/set_13/ambiegen/test-371,0.15,FAIL
1143,mt/set_13/ambiegen/test-373,0.15,FAIL
1144,mt/set_13/ambiegen/test-377,0.15,FAIL
1145,mt/set_13/ambiegen/test-384,0.15,PASS
1146,mt/set_13/ambiegen/test-390,0.15,PASS
1147,mt/set_13/ambiegen/test-391,0.15,PASS
1148,mt/set_13/ambiegen/test-395,0.15,FAIL
1149,mt/set_13/ambiegen/test-400,0.15,FAIL
1150,mt/set_13/ambiegen/test-407,0.15,FAIL
1151,mt/set_13/ambiegen/test-413,0.15,PASS
1152,mt/set_13/ambiegen/test-423,0.15,PASS
1153,mt/set_13/ambiegen/test-428,0.15,PASS
1154,mt/set_13/ambiegen/test-435,0.15,FAIL
1155,mt/set_13/ambiegen/test-44,0.15,PASS
1156,mt/set_13/ambiegen/test-47,0.15,PASS
1157,mt/set_13/ambiegen/test-478,0.15,FAIL
1158,mt/set_13/ambiegen/test-481,0.15,PASS
1159,mt/set_13/ambiegen/test-484,0.15,FAIL
1160,mt/set_13/ambiegen/test-486,0.15,PASS
1161,mt/set_13/ambiegen/test-492,0.15,PASS
1162,mt/set_13/ambiegen/test-496,0.15,FAIL
1163,mt/set_13/ambiegen/test-5,0.15,FAIL
1164,mt/set_13/ambiegen/test-505,0.15,FAIL
1165,mt/set_13/ambiegen/test-525,0.15,PASS
1166,mt/set_13/ambiegen/test-531,0.15,FAIL
1167,mt/set_13/ambiegen/test-54,0.15,FAIL
1168,mt/set_13/ambiegen/test-545,0.15,PASS
1169,mt/set_13/ambiegen/test-554,0.15,PASS
1170,mt/set_13/ambiegen/test-56,0.15,FAIL
1171,mt/set_13/ambiegen/test-563,0.15,PASS
1172,mt/set_13/ambiegen/test-567,0.15,FAIL
1173,mt/set_13/ambiegen/test-59,0.15,PASS
1174,mt/set_13/ambiegen/test-599,0.15,PASS
1175,mt/set_13/ambiegen/test-604,0.15,PASS
1176,mt/set_13/ambiegen/test-613,0.15,FAIL
1177,mt/set_13/ambiegen/test-617,0.15,PASS
1178,mt/set_13/ambiegen/test-650,0.15,PASS
1179,mt/set_13/ambiegen/test-655,0.15,PASS
1180,mt/set_13/ambiegen/test-674,0.15,FAIL
1181,mt/set_13/ambiegen/test-68,0.15,PASS
1182,mt/set_13/ambiegen/test-688,0.15,PASS
1183,mt/set_13/ambiegen/test-691,0.15,PASS
1184,mt/set_13/ambiegen/test-697,0.15,FAIL
1185,mt/set_13/ambiegen/test-7,0.15,PASS
1186,mt/set_13/ambiegen/test-705,0.15,FAIL
1187,mt/set_13/ambiegen/test-711,0.15,PASS
1188,mt/set_13/ambiegen/test-731,0.15,PASS
1189,mt/set_13/ambiegen/test-74,0.15,FAIL
1190,mt/set_13/ambiegen/test-745,0.15,PASS
1191,mt/set_13/ambiegen/test-746,0.15,FAIL
1192,mt/set_13/ambiegen/test-771,0.15,FAIL
1193,mt/set_13/ambiegen/test-797,0.15,FAIL
1194,mt/set_13/ambiegen/test-8,0.15,PASS
1195,mt/set_13/ambiegen/test-81,0.15,PASS
1196,mt/set_13/ambiegen/test-811,0.15,FAIL
1197,mt/set_13/ambiegen/test-82,0.15,FAIL
1198,mt/set_13/ambiegen/test-821,0.15,FAIL
1199,mt/set_13/ambiegen/test-825,0.15,FAIL
1200,mt/set_13/ambiegen/test-826,0.15,PASS
1201,mt/set_13/ambiegen/test-86,0.15,PASS
1202,mt/set_13/ambiegen/test-869,0.15,FAIL
1203,mt/set_13/ambiegen/test-89,0.15,FAIL
1204,mt/set_13/ambiegen/test-908,0.15,PASS
1205,mt/set_13/ambiegen/test-913,0.15,FAIL
1206,mt/set_13/ambiegen/test-921,0.15,PASS
1207,mt/set_13/ambiegen/test-954,0.15,FAIL
1208,mt/set_13/frenetic/test-104,0.15,PASS
1209,mt/set_13/frenetic/test-131,0.15,PASS
1210,mt/set_13/frenetic/test-132,0.15,PASS
1211,mt/set_13/frenetic/test-143,0.15,FAIL
1212,mt/set_13/frenetic/test-150,0.15,FAIL
1213,mt/set_13/frenetic/test-158,0.15,PASS
1214,mt/set_13/frenetic/test-167,0.15,FAIL
1215,mt/set_13/frenetic/test-180,0.15,PASS
1216,mt/set_13/frenetic/test-186,0.15,PASS
1217,mt/set_13/frenetic/test-19,0.15,PASS
1218,mt/set_13/frenetic/test-190,0.15,PASS
1219,mt/set_13/frenetic/test-191,0.15,PASS
1220,mt/set_13/frenetic/test-195,0.15,PASS
1221,mt/set_13/frenetic/test-21,0.15,PASS
1222,mt/set_13/frenetic/test-222,0.15,PASS
1223,mt/set_13/frenetic/test-224,0.15,FAIL
1224,mt/set_13/frenetic/test-247,0.15,PASS
1225,mt/set_13/frenetic/test-251,0.15,PASS
1226,mt/set_13/frenetic/test-252,0.15,PASS
1227,mt/set_13/frenetic/test-260,0.15,FAIL
1228,mt/set_13/frenetic/test-265,0.15,PASS
1229,mt/set_13/frenetic/test-267,0.15,PASS
1230,mt/set_13/frenetic/test-270,0.15,PASS
1231,mt/set_13/frenetic/test-273,0.15,PASS
1232,mt/set_13/frenetic/test-275,0.15,PASS
1233,mt/set_13/frenetic/test-280,0.15,PASS
1234,mt/set_13/frenetic/test-283,0.15,FAIL
1235,mt/set_13/frenetic/test-290,0.15,FAIL
1236,mt/set_13/frenetic/test-295,0.15,PASS
1237,mt/set_13/frenetic/test-296,0.15,PASS
1238,mt/set_13/frenetic/test-309,0.15,PASS
1239,mt/set_13/frenetic/test-315,0.15,PASS
1240,mt/set_13/frenetic/test-323,0.15,PASS
1241,mt/set_13/frenetic/test-325,0.15,FAIL
1242,mt/set_13/frenetic/test-344,0.15,PASS
1243,mt/set_13/frenetic/test-359,0.15,PASS
1244,mt/set_13/frenetic/test-361,0.15,PASS
1245,mt/set_13/frenetic/test-381,0.15,FAIL
1246,mt/set_13/frenetic/test-382,0.15,PASS
1247,mt/set_13/frenetic/test-39,0.15,PASS
1248,mt/set_13/frenetic/test-397,0.15,PASS
1249,mt/set_13/frenetic/test-398,0.15,PASS
1250,mt/set_13/frenetic/test-414,0.15,FAIL
1251,mt/set_13/frenetic/test-429,0.15,PASS
1252,mt/set_13/frenetic/test-444,0.15,FAIL
1253,mt/set_13/frenetic/test-448,0.15,PASS
1254,mt/set_13/frenetic/test-455,0.15,PASS
1255,mt/set_13/frenetic/test-464,0.15,PASS
1256,mt/set_13/frenetic/test-470,0.15,PASS
1257,mt/set_13/frenetic/test-481,0.15,PASS
1258,mt/set_13/frenetic/test-487,0.15,PASS
1259,mt/set_13/frenetic/test-490,0.15,PASS
1260,mt/set_13/frenetic/test-492,0.15,FAIL
1261,mt/set_13/frenetic/test-50,0.15,PASS
1262,mt/set_13/frenetic/test-507,0.15,PASS
1263,mt/set_13/frenetic/test-527,0.15,FAIL
1264,mt/set_13/frenetic/test-540,0.15,PASS
1265,mt/set_13/frenetic/test-543,0.15,PASS
1266,mt/set_13/frenetic/test-579,0.15,PASS
1267,mt/set_13/frenetic/test-583,0.15,PASS
1268,mt/set_13/frenetic/test-589,0.15,PASS
1269,mt/set_13/frenetic/test-610,0.15,PASS
1270,mt/set_13/frenetic/test-613,0.15,FAIL
1271,mt/set_13/frenetic/test-633,0.15,PASS
1272,mt/set_13/frenetic/test-657,0.15,FAIL
1273,mt/set_13/frenetic/test-658,0.15,PASS
1274,mt/set_13/frenetic/test-661,0.15,FAIL
1275,mt/set_13/frenetic/test-665,0.15,FAIL
1276,mt/set_13/frenetic/test-677,0.15,FAIL
1277,mt/set_13/frenetic/test-685,0.15,PASS
1278,mt/set_13/frenetic/test-687,0.15,FAIL
1279,mt/set_13/frenetic/test-688,0.15,FAIL
1280,mt/set_13/frenetic/test-691,0.15,FAIL
1281,mt/set_13/frenetic/test-7,0.15,FAIL
1282,mt/set_13/frenetic/test-706,0.15,PASS
1283,mt/set_13/frenetic/test-707,0.15,PASS
1284,mt/set_13/frenetic/test-712,0.15,FAIL
1285,mt/set_13/frenetic/test-72,0.15,PASS
1286,mt/set_13/frenetic/test-722,0.15,FAIL
1287,mt/set_13/frenetic/test-727,0.15,PASS
1288,mt/set_13/frenetic/test-751,0.15,PASS
1289,mt/set_13/frenetic/test-752,0.15,PASS
1290,mt/set_13/frenetic/test-756,0.15,PASS
1291,mt/set_13/frenetic/test-771,0.15,PASS
1292,mt/set_13/frenetic/test-784,0.15,PASS
1293,mt/set_13/frenetic/test-802,0.15,PASS
1294,mt/set_13/frenetic/test-828,0.15,PASS
1295,mt/set_13/frenetic/test-829,0.15,PASS
1296,mt/set_13/frenetic/test-859,0.15,PASS
1297,mt/set_13/frenetic/test-873,0.15,FAIL
1298,mt/set_13/frenetic/test-91,0.15,FAIL
1299,mt/set_13/frenetic/test-916,0.15,FAIL
1300,mt/set_13/frenetic/test-919,0.15,PASS
1301,mt/set_13/frenetic/test-926,0.15,FAIL
1302,mt/set_13/frenetic/test-933,0.15,PASS
1303,mt/set_13/frenetic/test-936,0.15,PASS
1304,mt/set_13/frenetic/test-95,0.15,PASS
1305,mt/set_13/frenetic/test-97,0.15,FAIL
1306,mt/set_13/frenetic_v/test-1,0.15,PASS
1307,mt/set_13/frenetic_v/test-10,0.15,PASS
1308,mt/set_13/frenetic_v/test-120,0.15,PASS
1309,mt/set_13/frenetic_v/test-131,0.15,PASS
1310,mt/set_13/frenetic_v/test-141,0.15,PASS
1311,mt/set_13/frenetic_v/test-150,0.15,PASS
1312,mt/set_13/frenetic_v/test-155,0.15,PASS
1313,mt/set_13/frenetic_v/test-162,0.15,PASS
1314,mt/set_13/frenetic_v/test-164,0.15,PASS
1315,mt/set_13/frenetic_v/test-165,0.15,PASS
1316,mt/set_13/frenetic_v/test-167,0.15,PASS
1317,mt/set_13/frenetic_v/test-183,0.15,PASS
1318,mt/set_13/frenetic_v/test-193,0.15,PASS
1319,mt/set_13/frenetic_v/test-194,0.15,PASS
1320,mt/set_13/frenetic_v/test-198,0.15,FAIL
1321,mt/set_13/frenetic_v/test-22,0.15,FAIL
1322,mt/set_13/frenetic_v/test-221,0.15,PASS
1323,mt/set_13/frenetic_v/test-227,0.15,FAIL
1324,mt/set_13/frenetic_v/test-230,0.15,PASS
1325,mt/set_13/frenetic_v/test-232,0.15,PASS
1326,mt/set_13/frenetic_v/test-233,0.15,PASS
1327,mt/set_13/frenetic_v/test-238,0.15,PASS
1328,mt/set_13/frenetic_v/test-245,0.15,PASS
1329,mt/set_13/frenetic_v/test-254,0.15,PASS
1330,mt/set_13/frenetic_v/test-271,0.15,PASS
1331,mt/set_13/frenetic_v/test-273,0.15,FAIL
1332,mt/set_13/frenetic_v/test-281,0.15,FAIL
1333,mt/set_13/frenetic_v/test-289,0.15,FAIL
1334,mt/set_13/frenetic_v/test-294,0.15,FAIL
1335,mt/set_13/frenetic_v/test-329,0.15,FAIL
1336,mt/set_13/frenetic_v/test-334,0.15,PASS
1337,mt/set_13/frenetic_v/test-342,0.15,PASS
1338,mt/set_13/frenetic_v/test-344,0.15,FAIL
1339,mt/set_13/frenetic_v/test-349,0.15,PASS
1340,mt/set_13/frenetic_v/test-357,0.15,PASS
1341,mt/set_13/frenetic_v/test-365,0.15,PASS
1342,mt/set_13/frenetic_v/test-382,0.15,FAIL
1343,mt/set_13/frenetic_v/test-393,0.15,FAIL
1344,mt/set_13/frenetic_v/test-396,0.15,PASS
1345,mt/set_13/frenetic_v/test-398,0.15,PASS
1346,mt/set_13/frenetic_v/test-4,0.15,PASS
1347,mt/set_13/frenetic_v/test-403,0.15,FAIL
1348,mt/set_13/frenetic_v/test-410,0.15,PASS
1349,mt/set_13/frenetic_v/test-422,0.15,PASS
1350,mt/set_13/frenetic_v/test-426,0.15,PASS
1351,mt/set_13/frenetic_v/test-428,0.15,PASS
1352,mt/set_13/frenetic_v/test-432,0.15,PASS
1353,mt/set_13/frenetic_v/test-435,0.15,PASS
1354,mt/set_13/frenetic_v/test-442,0.15,FAIL
1355,mt/set_13/frenetic_v/test-447,0.15,PASS
1356,mt/set_13/frenetic_v/test-452,0.15,FAIL
1357,mt/set_13/frenetic_v/test-478,0.15,FAIL
1358,mt/set_13/frenetic_v/test-482,0.15,PASS
1359,mt/set_13/frenetic_v/test-492,0.15,FAIL
1360,mt/set_13/frenetic_v/test-497,0.15,FAIL
1361,mt/set_13/frenetic_v/test-5,0.15,PASS
1362,mt/set_13/frenetic_v/test-525,0.15,PASS
1363,mt/set_13/frenetic_v/test-528,0.15,FAIL
1364,mt/set_13/frenetic_v/test-542,0.15,FAIL
1365,mt/set_13/frenetic_v/test-555,0.15,PASS
1366,mt/set_13/frenetic_v/test-557,0.15,FAIL
1367,mt/set_13/frenetic_v/test-571,0.15,PASS
1368,mt/set_13/frenetic_v/test-584,0.15,PASS
1369,mt/set_13/frenetic_v/test-59,0.15,PASS
1370,mt/set_13/frenetic_v/test-593,0.15,PASS
1371,mt/set_13/frenetic_v/test-597,0.15,PASS
1372,mt/set_13/frenetic_v/test-598,0.15,FAIL
1373,mt/set_13/frenetic_v/test-6,0.15,FAIL
1374,mt/set_13/frenetic_v/test-606,0.15,PASS
1375,mt/set_13/frenetic_v/test-627,0.15,PASS
1376,mt/set_13/frenetic_v/test-628,0.15,PASS
1377,mt/set_13/frenetic_v/test-632,0.15,FAIL
1378,mt/set_13/frenetic_v/test-634,0.15,FAIL
1379,mt/set_13/frenetic_v/test-639,0.15,PASS
1380,mt/set_13/frenetic_v/test-644,0.15,PASS
1381,mt/set_13/frenetic_v/test-645,0.15,FAIL
1382,mt/set_13/frenetic_v/test-662,0.15,FAIL
1383,mt/set_13/frenetic_v/test-666,0.15,FAIL
1384,mt/set_13/frenetic_v/test-673,0.15,PASS
1385,mt/set_13/frenetic_v/test-68,0.15,FAIL
1386,mt/set_13/frenetic_v/test-684,0.15,PASS
1387,mt/set_13/frenetic_v/test-686,0.15,FAIL
1388,mt/set_13/frenetic_v/test-696,0.15,PASS
1389,mt/set_13/frenetic_v/test-702,0.15,PASS
1390,mt/set_13/frenetic_v/test-71,0.15,PASS
1391,mt/set_13/frenetic_v/test-726,0.15,PASS
1392,mt/set_13/frenetic_v/test-735,0.15,FAIL
1393,mt/set_13/frenetic_v/test-736,0.15,FAIL
1394,mt/set_13/frenetic_v/test-744,0.15,PASS
1395,mt/set_13/frenetic_v/test-747,0.15,PASS
1396,mt/set_13/frenetic_v/test-748,0.15,FAIL
1397,mt/set_13/frenetic_v/test-759,0.15,PASS
1398,mt/set_13/frenetic_v/test-763,0.15,PASS
1399,mt/set_13/frenetic_v/test-777,0.15,PASS
1400,mt/set_13/frenetic_v/test-784,0.15,FAIL
1401,mt/set_13/frenetic_v/test-790,0.15,PASS
1402,mt/set_13/frenetic_v/test-803,0.15,PASS
1403,mt/set_13/frenetic_v/test-811,0.15,PASS
1404,mt/set_13/frenetic_v/test-829,0.15,PASS
1405,mt/set_13/frenetic_v/test-835,0.15,FAIL
1406,mt/set_13/frenetic_v/test-840,0.15,PASS
1407,mt/set_13/frenetic_v/test-851,0.15,FAIL
1408,mt/set_13/frenetic_v/test-879,0.15,FAIL
1409,mt/set_13/frenetic_v/test-89,0.15,PASS
1410,mt/set_13/frenetic_v/test-9,0.15,PASS
1411,mt/set_13/frenetic_v/test-911,0.15,FAIL
1412,mt/set_13/frenetic_v/test-914,0.15,FAIL
1413,mt/set_13/frenetic_v/test-915,0.15,PASS
1414,mt/set_13/frenetic_v/test-92,0.15,PASS
1415,mt/set_14/ambiegen/test-105,0.15,FAIL
1416,mt/set_14/ambiegen/test-114,0.15,FAIL
1417,mt/set_14/ambiegen/test-117,0.15,PASS
1418,mt/set_14/ambiegen/test-118,0.15,PASS
1419,mt/set_14/ambiegen/test-12,0.15,FAIL
1420,mt/set_14/ambiegen/test-139,0.15,PASS
1421,mt/set_14/ambiegen/test-15,0.15,FAIL
1422,mt/set_14/ambiegen/test-151,0.15,PASS
1423,mt/set_14/ambiegen/test-162,0.15,PASS
1424,mt/set_14/ambiegen/test-164,0.15,PASS
1425,mt/set_14/ambiegen/test-174,0.15,PASS
1426,mt/set_14/ambiegen/test-175,0.15,PASS
1427,mt/set_14/ambiegen/test-180,0.15,FAIL
1428,mt/set_14/ambiegen/test-182,0.15,PASS
1429,mt/set_14/ambiegen/test-189,0.15,FAIL
1430,mt/set_14/ambiegen/test-202,0.15,PASS
1431,mt/set_14/ambiegen/test-21,0.15,FAIL
1432,mt/set_14/ambiegen/test-215,0.15,FAIL
1433,mt/set_14/ambiegen/test-250,0.15,PASS
1434,mt/set_14/ambiegen/test-264,0.15,FAIL
1435,mt/set_14/ambiegen/test-272,0.15,PASS
1436,mt/set_14/ambiegen/test-291,0.15,FAIL
1437,mt/set_14/ambiegen/test-292,0.15,FAIL
1438,mt/set_14/ambiegen/test-298,0.15,PASS
1439,mt/set_14/ambiegen/test-300,0.15,PASS
1440,mt/set_14/ambiegen/test-305,0.15,FAIL
1441,mt/set_14/ambiegen/test-310,0.15,PASS
1442,mt/set_14/ambiegen/test-317,0.15,FAIL
1443,mt/set_14/ambiegen/test-321,0.15,PASS
1444,mt/set_14/ambiegen/test-328,0.15,PASS
1445,mt/set_14/ambiegen/test-339,0.15,PASS
1446,mt/set_14/ambiegen/test-342,0.15,PASS
1447,mt/set_14/ambiegen/test-351,0.15,FAIL
1448,mt/set_14/ambiegen/test-355,0.15,FAIL
1449,mt/set_14/ambiegen/test-36,0.15,PASS
1450,mt/set_14/ambiegen/test-373,0.15,PASS
1451,mt/set_14/ambiegen/test-377,0.15,FAIL
1452,mt/set_14/ambiegen/test-398,0.15,PASS
1453,mt/set_14/ambiegen/test-40,0.15,PASS
1454,mt/set_14/ambiegen/test-425,0.15,FAIL
1455,mt/set_14/ambiegen/test-434,0.15,FAIL
1456,mt/set_14/ambiegen/test-441,0.15,FAIL
1457,mt/set_14/ambiegen/test-453,0.15,PASS
1458,mt/set_14/ambiegen/test-468,0.15,PASS
1459,mt/set_14/ambiegen/test-472,0.15,FAIL
1460,mt/set_14/ambiegen/test-479,0.15,FAIL
1461,mt/set_14/ambiegen/test-485,0.15,PASS
1462,mt/set_14/ambiegen/test-486,0.15,PASS
1463,mt/set_14/ambiegen/test-492,0.15,FAIL
1464,mt/set_14/ambiegen/test-494,0.15,FAIL
1465,mt/set_14/ambiegen/test-499,0.15,PASS
1466,mt/set_14/ambiegen/test-508,0.15,FAIL
1467,mt/set_14/ambiegen/test-51,0.15,PASS
1468,mt/set_14/ambiegen/test-515,0.15,PASS
1469,mt/set_14/ambiegen/test-531,0.15,PASS
1470,mt/set_14/ambiegen/test-532,0.15,PASS
1471,mt/set_14/ambiegen/test-54,0.15,FAIL
1472,mt/set_14/ambiegen/test-551,0.15,PASS
1473,mt/set_14/ambiegen/test-566,0.15,FAIL
1474,mt/set_14/ambiegen/test-592,0.15,FAIL
1475,mt/set_14/ambiegen/test-598,0.15,FAIL
1476,mt/set_14/ambiegen/test-635,0.15,PASS
1477,mt/set_14/ambiegen/test-638,0.15,PASS
1478,mt/set_14/ambiegen/test-652,0.15,FAIL
1479,mt/set_14/ambiegen/test-654,0.15,FAIL
1480,mt/set_14/ambiegen/test-663,0.15,FAIL
1481,mt/set_14/ambiegen/test-672,0.15,FAIL
1482,mt/set_14/ambiegen/test-685,0.15,PASS
1483,mt/set_14/ambiegen/test-704,0.15,PASS
1484,mt/set_14/ambiegen/test-727,0.15,PASS
1485,mt/set_14/ambiegen/test-729,0.15,PASS
1486,mt/set_14/ambiegen/test-732,0.15,PASS
1487,mt/set_14/ambiegen/test-733,0.15,PASS
1488,mt/set_14/ambiegen/test-742,0.15,PASS
1489,mt/set_14/ambiegen/test-751,0.15,FAIL
1490,mt/set_14/ambiegen/test-753,0.15,FAIL
1491,mt/set_14/ambiegen/test-774,0.15,PASS
1492,mt/set_14/ambiegen/test-782,0.15,PASS
1493,mt/set_14/ambiegen/test-789,0.15,PASS
1494,mt/set_14/ambiegen/test-79,0.15,PASS
1495,mt/set_14/ambiegen/test-794,0.15,FAIL
1496,mt/set_14/ambiegen/test-795,0.15,PASS
1497,mt/set_14/ambiegen/test-799,0.15,FAIL
1498,mt/set_14/ambiegen/test-803,0.15,PASS
1499,mt/set_14/ambiegen/test-807,0.15,PASS
1500,mt/set_14/ambiegen/test-817,0.15,PASS
1501,mt/set_14/ambiegen/test-829,0.15,FAIL
1502,mt/set_14/ambiegen/test-830,0.15,PASS
1503,mt/set_14/ambiegen/test-861,0.15,PASS
1504,mt/set_14/ambiegen/test-868,0.15,PASS
1505,mt/set_14/ambiegen/test-881,0.15,FAIL
1506,mt/set_14/ambiegen/test-887,0.15,PASS
1507,mt/set_14/ambiegen/test-89,0.15,FAIL
1508,mt/set_14/ambiegen/test-896,0.15,FAIL
1509,mt/set_14/ambiegen/test-9,0.15,FAIL
1510,mt/set_14/ambiegen/test-908,0.15,PASS
1511,mt/set_14/ambiegen/test-911,0.15,PASS
1512,mt/set_14/ambiegen/test-930,0.15,PASS
1513,mt/set_14/ambiegen/test-944,0.15,FAIL
1514,mt/set_14/ambiegen/test-951,0.15,FAIL
1515,mt/set_14/ambiegen/test-952,0.15,PASS
1516,mt/set_14/frenetic/test-108,0.15,FAIL
1517,mt/set_14/frenetic/test-114,0.15,PASS
1518,mt/set_14/frenetic/test-13,0.15,PASS
1519,mt/set_14/frenetic/test-130,0.15,PASS
1520,mt/set_14/frenetic/test-131,0.15,PASS
1521,mt/set_14/frenetic/test-137,0.15,PASS
1522,mt/set_14/frenetic/test-139,0.15,FAIL
1523,mt/set_14/frenetic/test-153,0.15,PASS
1524,mt/set_14/frenetic/test-159,0.15,PASS
1525,mt/set_14/frenetic/test-160,0.15,PASS
1526,mt/set_14/frenetic/test-183,0.15,PASS
1527,mt/set_14/frenetic/test-184,0.15,FAIL
1528,mt/set_14/frenetic/test-188,0.15,FAIL
1529,mt/set_14/frenetic/test-193,0.15,FAIL
1530,mt/set_14/frenetic/test-217,0.15,FAIL
1531,mt/set_14/frenetic/test-221,0.15,PASS
1532,mt/set_14/frenetic/test-222,0.15,PASS
1533,mt/set_14/frenetic/test-236,0.15,PASS
1534,mt/set_14/frenetic/test-24,0.15,FAIL
1535,mt/set_14/frenetic/test-269,0.15,PASS
1536,mt/set_14/frenetic/test-275,0.15,PASS
1537,mt/set_14/frenetic/test-278,0.15,FAIL
1538,mt/set_14/frenetic/test-284,0.15,PASS
1539,mt/set_14/frenetic/test-307,0.15,FAIL
1540,mt/set_14/frenetic/test-308,0.15,FAIL
1541,mt/set_14/frenetic/test-309,0.15,PASS
1542,mt/set_14/frenetic/test-33,0.15,FAIL
1543,mt/set_14/frenetic/test-370,0.15,PASS
1544,mt/set_14/frenetic/test-382,0.15,PASS
1545,mt/set_14/frenetic/test-385,0.15,PASS
1546,mt/set_14/frenetic/test-393,0.15,PASS
1547,mt/set_14/frenetic/test-396,0.15,PASS
1548,mt/set_14/frenetic/test-417,0.15,FAIL
1549,mt/set_14/frenetic/test-426,0.15,PASS
1550,mt/set_14/frenetic/test-436,0.15,PASS
1551,mt/set_14/frenetic/test-446,0.15,PASS
1552,mt/set_14/frenetic/test-454,0.15,FAIL
1553,mt/set_14/frenetic/test-465,0.15,PASS
1554,mt/set_14/frenetic/test-467,0.15,PASS
1555,mt/set_14/frenetic/test-469,0.15,FAIL
1556,mt/set_14/frenetic/test-476,0.15,FAIL
1557,mt/set_14/frenetic/test-479,0.15,PASS
1558,mt/set_14/frenetic/test-490,0.15,PASS
1559,mt/set_14/frenetic/test-500,0.15,PASS
1560,mt/set_14/frenetic/test-507,0.15,PASS
1561,mt/set_14/frenetic/test-516,0.15,PASS
1562,mt/set_14/frenetic/test-53,0.15,PASS
1563,mt/set_14/frenetic/test-543,0.15,FAIL
1564,mt/set_14/frenetic/test-549,0.15,FAIL
1565,mt/set_14/frenetic/test-552,0.15,PASS
1566,mt/set_14/frenetic/test-57,0.15,FAIL
1567,mt/set_14/frenetic/test-576,0.15,PASS
1568,mt/set_14/frenetic/test-598,0.15,PASS
1569,mt/set_14/frenetic/test-604,0.15,PASS
1570,mt/set_14/frenetic/test-606,0.15,PASS
1571,mt/set_14/frenetic/test-611,0.15,FAIL
1572,mt/set_14/frenetic/test-613,0.15,PASS
1573,mt/set_14/frenetic/test-615,0.15,FAIL
1574,mt/set_14/frenetic/test-623,0.15,PASS
1575,mt/set_14/frenetic/test-633,0.15,FAIL
1576,mt/set_14/frenetic/test-65,0.15,FAIL
1577,mt/set_14/frenetic/test-686,0.15,FAIL
1578,mt/set_14/frenetic/test-697,0.15,PASS
1579,mt/set_14/frenetic/test-716,0.15,FAIL
1580,mt/set_14/frenetic/test-718,0.15,PASS
1581,mt/set_14/frenetic/test-725,0.15,PASS
1582,mt/set_14/frenetic/test-748,0.15,PASS
1583,mt/set_14/frenetic/test-751,0.15,PASS
1584,mt/set_14/frenetic/test-753,0.15,FAIL
1585,mt/set_14/frenetic/test-757,0.15,PASS
1586,mt/set_14/frenetic/test-770,0.15,PASS
1587,mt/set_14/frenetic/test-775,0.15,FAIL
1588,mt/set_14/frenetic/test-797,0.15,PASS
1589,mt/set_14/frenetic/test-8,0.15,PASS
1590,mt/set_14/frenetic/test-801,0.15,PASS
1591,mt/set_14/frenetic/test-81,0.15,FAIL
1592,mt/set_14/frenetic/test-812,0.15,PASS
1593,mt/set_14/frenetic/test-816,0.15,PASS
1594,mt/set_14/frenetic/test-835,0.15,PASS
1595,mt/set_14/frenetic/test-836,0.15,PASS
1596,mt/set_14/frenetic/test-843,0.15,FAIL
1597,mt/set_14/frenetic/test-847,0.15,PASS
1598,mt/set_14/frenetic/test-905,0.15,PASS
1599,mt/set_14/frenetic/test-907,0.15,PASS
1600,mt/set_14/frenetic/test-934,0.15,FAIL
1601,mt/set_14/frenetic/test-938,0.15,PASS
1602,mt/set_14/frenetic/test-940,0.15,PASS
1603,mt/set_14/frenetic_v/test-108,0.15,PASS
1604,mt/set_14/frenetic_v/test-115,0.15,FAIL
1605,mt/set_14/frenetic_v/test-122,0.15,FAIL
1606,mt/set_14/frenetic_v/test-13,0.15,FAIL
1607,mt/set_14/frenetic_v/test-142,0.15,PASS
1608,mt/set_14/frenetic_v/test-147,0.15,PASS
1609,mt/set_14/frenetic_v/test-162,0.15,FAIL
1610,mt/set_14/frenetic_v/test-166,0.15,PASS
1611,mt/set_14/frenetic_v/test-173,0.15,PASS
1612,mt/set_14/frenetic_v/test-174,0.15,PASS
1613,mt/set_14/frenetic_v/test-179,0.15,FAIL
1614,mt/set_14/frenetic_v/test-182,0.15,PASS
1615,mt/set_14/frenetic_v/test-185,0.15,PASS
1616,mt/set_14/frenetic_v/test-188,0.15,PASS
1617,mt/set_14/frenetic_v/test-195,0.15,PASS
1618,mt/set_14/frenetic_v/test-198,0.15,FAIL
1619,mt/set_14/frenetic_v/test-200,0.15,FAIL
1620,mt/set_14/frenetic_v/test-211,0.15,PASS
1621,mt/set_14/frenetic_v/test-215,0.15,PASS
1622,mt/set_14/frenetic_v/test-222,0.15,PASS
1623,mt/set_14/frenetic_v/test-232,0.15,FAIL
1624,mt/set_14/frenetic_v/test-235,0.15,PASS
1625,mt/set_14/frenetic_v/test-236,0.15,PASS
1626,mt/set_14/frenetic_v/test-24,0.15,FAIL
1627,mt/set_14/frenetic_v/test-248,0.15,FAIL
1628,mt/set_14/frenetic_v/test-272,0.15,FAIL
1629,mt/set_14/frenetic_v/test-297,0.15,PASS
1630,mt/set_14/frenetic_v/test-322,0.15,PASS
1631,mt/set_14/frenetic_v/test-330,0.15,PASS
1632,mt/set_14/frenetic_v/test-339,0.15,PASS
1633,mt/set_14/frenetic_v/test-345,0.15,PASS
1634,mt/set_14/frenetic_v/test-347,0.15,FAIL
1635,mt/set_14/frenetic_v/test-353,0.15,PASS
1636,mt/set_14/frenetic_v/test-354,0.15,PASS
1637,mt/set_14/frenetic_v/test-37,0.15,PASS
1638,mt/set_14/frenetic_v/test-377,0.15,PASS
1639,mt/set_14/frenetic_v/test-379,0.15,PASS
1640,mt/set_14/frenetic_v/test-395,0.15,PASS
1641,mt/set_14/frenetic_v/test-415,0.15,PASS
1642,mt/set_14/frenetic_v/test-433,0.15,PASS
1643,mt/set_14/frenetic_v/test-443,0.15,FAIL
1644,mt/set_14/frenetic_v/test-445,0.15,PASS
1645,mt/set_14/frenetic_v/test-446,0.15,PASS
1646,mt/set_14/frenetic_v/test-488,0.15,PASS
1647,mt/set_14/frenetic_v/test-50,0.15,FAIL
1648,mt/set_14/frenetic_v/test-509,0.15,FAIL
1649,mt/set_14/frenetic_v/test-529,0.15,PASS
1650,mt/set_14/frenetic_v/test-530,0.15,PASS
1651,mt/set_14/frenetic_v/test-556,0.15,PASS
1652,mt/set_14/frenetic_v/test-558,0.15,PASS
1653,mt/set_14/frenetic_v/test-570,0.15,PASS
1654,mt/set_14/frenetic_v/test-589,0.15,PASS
1655,mt/set_14/frenetic_v/test-590,0.15,PASS
1656,mt/set_14/frenetic_v/test-594,0.15,FAIL
1657,mt/set_14/frenetic_v/test-600,0.15,FAIL
1658,mt/set_14/frenetic_v/test-61,0.15,PASS
1659,mt/set_14/frenetic_v/test-611,0.15,PASS
1660,mt/set_14/frenetic_v/test-622,0.15,PASS
1661,mt/set_14/frenetic_v/test-626,0.15,PASS
1662,mt/set_14/frenetic_v/test-630,0.15,FAIL
1663,mt/set_14/frenetic_v/test-64,0.15,PASS
1664,mt/set_14/frenetic_v/test-640,0.15,PASS
1665,mt/set_14/frenetic_v/test-648,0.15,PASS
1666,mt/set_14/frenetic_v/test-654,0.15,PASS
1667,mt/set_14/frenetic_v/test-658,0.15,FAIL
1668,mt/set_14/frenetic_v/test-662,0.15,PASS
1669,mt/set_14/frenetic_v/test-670,0.15,PASS
1670,mt/set_14/frenetic_v/test-672,0.15,PASS
1671,mt/set_14/frenetic_v/test-676,0.15,FAIL
1672,mt/set_14/frenetic_v/test-682,0.15,FAIL
1673,mt/set_14/frenetic_v/test-683,0.15,PASS
1674,mt/set_14/frenetic_v/test-684,0.15,PASS
1675,mt/set_14/frenetic_v/test-686,0.15,PASS
1676,mt/set_14/frenetic_v/test-692,0.15,FAIL
1677,mt/set_14/frenetic_v/test-702,0.15,PASS
1678,mt/set_14/frenetic_v/test-706,0.15,PASS
1679,mt/set_14/frenetic_v/test-72,0.15,FAIL
1680,mt/set_14/frenetic_v/test-721,0.15,PASS
1681,mt/set_14/frenetic_v/test-725,0.15,PASS
1682,mt/set_14/frenetic_v/test-728,0.15,PASS
1683,mt/set_14/frenetic_v/test-735,0.15,PASS
1684,mt/set_14/frenetic_v/test-739,0.15,PASS
1685,mt/set_14/frenetic_v/test-743,0.15,FAIL
1686,mt/set_14/frenetic_v/test-748,0.15,PASS
1687,mt/set_14/frenetic_v/test-75,0.15,PASS
1688,mt/set_14/frenetic_v/test-759,0.15,PASS
1689,mt/set_14/frenetic_v/test-762,0.15,PASS
1690,mt/set_14/frenetic_v/test-763,0.15,PASS
1691,mt/set_14/frenetic_v/test-769,0.15,PASS
1692,mt/set_14/frenetic_v/test-770,0.15,PASS
1693,mt/set_14/frenetic_v/test-772,0.15,FAIL
1694,mt/set_14/frenetic_v/test-795,0.15,PASS
1695,mt/set_14/frenetic_v/test-8,0.15,PASS
1696,mt/set_14/frenetic_v/test-803,0.15,PASS
1697,mt/set_14/frenetic_v/test-807,0.15,PASS
1698,mt/set_14/frenetic_v/test-813,0.15,PASS
1699,mt/set_14/frenetic_v/test-818,0.15,PASS
1700,mt/set_14/frenetic_v/test-820,0.15,FAIL
1701,mt/set_14/frenetic_v/test-830,0.15,FAIL
1702,mt/set_14/frenetic_v/test-848,0.15,PASS
1703,mt/set_14/frenetic_v/test-85,0.15,FAIL
1704,mt/set_14/frenetic_v/test-854,0.15,PASS
1705,mt/set_14/frenetic_v/test-855,0.15,PASS
1706,mt/set_14/frenetic_v/test-858,0.15,PASS
1707,mt/set_14/frenetic_v/test-86,0.15,PASS
1708,mt/set_14/frenetic_v/test-863,0.15,PASS
1709,mt/set_14/frenetic_v/test-872,0.15,PASS
1710,mt/set_14/frenetic_v/test-878,0.15,FAIL
1711,mt/set_14/frenetic_v/test-881,0.15,FAIL
1712,mt/set_14/frenetic_v/test-887,0.15,PASS
1713,mt/set_14/frenetic_v/test-891,0.15,FAIL
1714,mt/set_14/frenetic_v/test-920,0.15,PASS
1715,mt/set_14/frenetic_v/test-921,0.15,PASS
1716,mt/set_14/frenetic_v/test-95,0.15,PASS
1717,mt/set_16/ambiegen/test-100,0.15,FAIL
1718,mt/set_16/ambiegen/test-101,0.15,FAIL
1719,mt/set_16/ambiegen/test-104,0.15,FAIL
1720,mt/set_16/ambiegen/test-114,0.15,FAIL
1721,mt/set_16/ambiegen/test-123,0.15,PASS
1722,mt/set_16/ambiegen/test-128,0.15,PASS
1723,mt/set_16/ambiegen/test-137,0.15,FAIL
1724,mt/set_16/ambiegen/test-157,0.15,FAIL
1725,mt/set_16/ambiegen/test-174,0.15,PASS
1726,mt/set_16/ambiegen/test-188,0.15,FAIL
1727,mt/set_16/ambiegen/test-205,0.15,PASS
1728,mt/set_16/ambiegen/test-215,0.15,PASS
1729,mt/set_16/ambiegen/test-217,0.15,FAIL
1730,mt/set_16/ambiegen/test-241,0.15,FAIL
1731,mt/set_16/ambiegen/test-268,0.15,FAIL
1732,mt/set_16/ambiegen/test-292,0.15,FAIL
1733,mt/set_16/ambiegen/test-302,0.15,PASS
1734,mt/set_16/ambiegen/test-303,0.15,PASS
1735,mt/set_16/ambiegen/test-315,0.15,PASS
1736,mt/set_16/ambiegen/test-32,0.15,FAIL
1737,mt/set_16/ambiegen/test-326,0.15,PASS
1738,mt/set_16/ambiegen/test-327,0.15,FAIL
1739,mt/set_16/ambiegen/test-328,0.15,PASS
1740,mt/set_16/ambiegen/test-336,0.15,PASS
1741,mt/set_16/ambiegen/test-345,0.15,FAIL
1742,mt/set_16/ambiegen/test-351,0.15,FAIL
1743,mt/set_16/ambiegen/test-374,0.15,PASS
1744,mt/set_16/ambiegen/test-388,0.15,FAIL
1745,mt/set_16/ambiegen/test-394,0.15,PASS
1746,mt/set_16/ambiegen/test-406,0.15,PASS
1747,mt/set_16/ambiegen/test-408,0.15,PASS
1748,mt/set_16/ambiegen/test-432,0.15,FAIL
1749,mt/set_16/ambiegen/test-434,0.15,PASS
1750,mt/set_16/ambiegen/test-447,0.15,FAIL
1751,mt/set_16/ambiegen/test-451,0.15,FAIL
1752,mt/set_16/ambiegen/test-454,0.15,PASS
1753,mt/set_16/ambiegen/test-460,0.15,PASS
1754,mt/set_16/ambiegen/test-495,0.15,PASS
1755,mt/set_16/ambiegen/test-521,0.15,FAIL
1756,mt/set_16/ambiegen/test-526,0.15,FAIL
1757,mt/set_16/ambiegen/test-548,0.15,PASS
1758,mt/set_16/ambiegen/test-551,0.15,FAIL
1759,mt/set_16/ambiegen/test-562,0.15,PASS
1760,mt/set_16/ambiegen/test-57,0.15,FAIL
1761,mt/set_16/ambiegen/test-579,0.15,PASS
1762,mt/set_16/ambiegen/test-592,0.15,PASS
1763,mt/set_16/ambiegen/test-605,0.15,PASS
1764,mt/set_16/ambiegen/test-606,0.15,PASS
1765,mt/set_16/ambiegen/test-634,0.15,PASS
1766,mt/set_16/ambiegen/test-639,0.15,FAIL
1767,mt/set_16/ambiegen/test-640,0.15,FAIL
1768,mt/set_16/ambiegen/test-65,0.15,FAIL
1769,mt/set_16/ambiegen/test-664,0.15,PASS
1770,mt/set_16/ambiegen/test-672,0.15,FAIL
1771,mt/set_16/ambiegen/test-682,0.15,FAIL
1772,mt/set_16/ambiegen/test-693,0.15,PASS
1773,mt/set_16/ambiegen/test-72,0.15,PASS
1774,mt/set_16/ambiegen/test-721,0.15,FAIL
1775,mt/set_16/ambiegen/test-722,0.15,FAIL
1776,mt/set_16/ambiegen/test-735,0.15,FAIL
1777,mt/set_16/ambiegen/test-743,0.15,FAIL
1778,mt/set_16/ambiegen/test-75,0.15,PASS
1779,mt/set_16/ambiegen/test-760,0.15,PASS
1780,mt/set_16/ambiegen/test-787,0.15,FAIL
1781,mt/set_16/ambiegen/test-801,0.15,PASS
1782,mt/set_16/ambiegen/test-812,0.15,FAIL
1783,mt/set_16/ambiegen/test-82,0.15,PASS
1784,mt/set_16/ambiegen/test-840,0.15,PASS
1785,mt/set_16/ambiegen/test-842,0.15,FAIL
1786,mt/set_16/ambiegen/test-857,0.15,FAIL
1787,mt/set_16/ambiegen/test-873,0.15,PASS
1788,mt/set_16/ambiegen/test-899,0.15,FAIL
1789,mt/set_16/ambiegen/test-918,0.15,PASS
1790,mt/set_16/ambiegen/test-925,0.15,PASS
1791,mt/set_16/ambiegen/test-926,0.15,PASS
1792,mt/set_16/ambiegen/test-928,0.15,FAIL
1793,mt/set_16/ambiegen/test-937,0.15,PASS
1794,mt/set_16/ambiegen/test-938,0.15,PASS
1795,mt/set_16/ambiegen/test-954,0.15,PASS
1796,mt/set_16/frenetic/test-100,0.15,PASS
1797,mt/set_16/frenetic/test-102,0.15,FAIL
1798,mt/set_16/frenetic/test-106,0.15,PASS
1799,mt/set_16/frenetic/test-110,0.15,PASS
1800,mt/set_16/frenetic/test-113,0.15,PASS
1801,mt/set_16/frenetic/test-115,0.15,PASS
1802,mt/set_16/frenetic/test-116,0.15,PASS
1803,mt/set_16/frenetic/test-118,0.15,PASS
1804,mt/set_16/frenetic/test-137,0.15,FAIL
1805,mt/set_16/frenetic/test-169,0.15,PASS
1806,mt/set_16/frenetic/test-189,0.15,PASS
1807,mt/set_16/frenetic/test-19,0.15,FAIL
1808,mt/set_16/frenetic/test-195,0.15,PASS
1809,mt/set_16/frenetic/test-202,0.15,PASS
1810,mt/set_16/frenetic/test-222,0.15,PASS
1811,mt/set_16/frenetic/test-25,0.15,FAIL
1812,mt/set_16/frenetic/test-258,0.15,PASS
1813,mt/set_16/frenetic/test-262,0.15,FAIL
1814,mt/set_16/frenetic/test-265,0.15,PASS
1815,mt/set_16/frenetic/test-270,0.15,PASS
1816,mt/set_16/frenetic/test-289,0.15,FAIL
1817,mt/set_16/frenetic/test-29,0.15,FAIL
1818,mt/set_16/frenetic/test-313,0.15,PASS
1819,mt/set_16/frenetic/test-314,0.15,PASS
1820,mt/set_16/frenetic/test-321,0.15,PASS
1821,mt/set_16/frenetic/test-324,0.15,PASS
1822,mt/set_16/frenetic/test-339,0.15,PASS
1823,mt/set_16/frenetic/test-345,0.15,PASS
1824,mt/set_16/frenetic/test-364,0.15,PASS
1825,mt/set_16/frenetic/test-367,0.15,PASS
1826,mt/set_16/frenetic/test-370,0.15,PASS
1827,mt/set_16/frenetic/test-371,0.15,FAIL
1828,mt/set_16/frenetic/test-375,0.15,PASS
1829,mt/set_16/frenetic/test-388,0.15,FAIL
1830,mt/set_16/frenetic/test-389,0.15,FAIL
1831,mt/set_16/frenetic/test-397,0.15,FAIL
1832,mt/set_16/frenetic/test-407,0.15,PASS
1833,mt/set_16/frenetic/test-410,0.15,FAIL
1834,mt/set_16/frenetic/test-414,0.15,PASS
1835,mt/set_16/frenetic/test-421,0.15,FAIL
1836,mt/set_16/frenetic/test-450,0.15,FAIL
1837,mt/set_16/frenetic/test-451,0.15,FAIL
1838,mt/set_16/frenetic/test-481,0.15,PASS
1839,mt/set_16/frenetic/test-486,0.15,FAIL
1840,mt/set_16/frenetic/test-492,0.15,PASS
1841,mt/set_16/frenetic/test-493,0.15,PASS
1842,mt/set_16/frenetic/test-510,0.15,PASS
1843,mt/set_16/frenetic/test-511,0.15,PASS
1844,mt/set_16/frenetic/test-52,0.15,PASS
1845,mt/set_16/frenetic/test-528,0.15,PASS
1846,mt/set_16/frenetic/test-541,0.15,PASS
1847,mt/set_16/frenetic/test-55,0.15,FAIL
1848,mt/set_16/frenetic/test-551,0.15,FAIL
1849,mt/set_16/frenetic/test-555,0.15,PASS
1850,mt/set_16/frenetic/test-556,0.15,PASS
1851,mt/set_16/frenetic/test-559,0.15,PASS
1852,mt/set_16/frenetic/test-562,0.15,FAIL
1853,mt/set_16/frenetic/test-566,0.15,FAIL
1854,mt/set_16/frenetic/test-577,0.15,PASS
1855,mt/set_16/frenetic/test-579,0.15,PASS
1856,mt/set_16/frenetic/test-58,0.15,PASS
1857,mt/set_16/frenetic/test-585,0.15,PASS
1858,mt/set_16/frenetic/test-591,0.15,FAIL
1859,mt/set_16/frenetic/test-599,0.15,PASS
1860,mt/set_16/frenetic/test-627,0.15,FAIL
1861,mt/set_16/frenetic/test-643,0.15,PASS
1862,mt/set_16/frenetic/test-645,0.15,PASS
1863,mt/set_16/frenetic/test-646,0.15,PASS
1864,mt/set_16/frenetic/test-650,0.15,FAIL
1865,mt/set_16/frenetic/test-651,0.15,FAIL
1866,mt/set_16/frenetic/test-662,0.15,PASS
1867,mt/set_16/frenetic/test-68,0.15,FAIL
1868,mt/set_16/frenetic/test-682,0.15,FAIL
1869,mt/set_16/frenetic/test-689,0.15,PASS
1870,mt/set_16/frenetic/test-692,0.15,PASS
1871,mt/set_16/frenetic/test-7,0.15,FAIL
1872,mt/set_16/frenetic/test-700,0.15,FAIL
1873,mt/set_16/frenetic/test-71,0.15,FAIL
1874,mt/set_16/frenetic/test-741,0.15,PASS
1875,mt/set_16/frenetic/test-754,0.15,PASS
1876,mt/set_16/frenetic/test-760,0.15,PASS
1877,mt/set_16/frenetic/test-764,0.15,PASS
1878,mt/set_16/frenetic/test-772,0.15,PASS
1879,mt/set_16/frenetic/test-784,0.15,PASS
1880,mt/set_16/frenetic/test-785,0.15,FAIL
1881,mt/set_16/frenetic/test-787,0.15,PASS
1882,mt/set_16/frenetic/test-793,0.15,FAIL
1883,mt/set_16/frenetic/test-797,0.15,FAIL
1884,mt/set_16/frenetic/test-830,0.15,PASS
1885,mt/set_16/frenetic/test-852,0.15,FAIL
1886,mt/set_16/frenetic/test-856,0.15,PASS
1887,mt/set_16/frenetic/test-861,0.15,FAIL
1888,mt/set_16/frenetic/test-862,0.15,PASS
1889,mt/set_16/frenetic/test-865,0.15,PASS
1890,mt/set_16/frenetic/test-866,0.15,PASS
1891,mt/set_16/frenetic/test-871,0.15,FAIL
1892,mt/set_16/frenetic/test-896,0.15,PASS
1893,mt/set_16/frenetic/test-910,0.15,PASS
1894,mt/set_16/frenetic/test-944,0.15,PASS
1895,mt/set_16/frenetic/test-945,0.15,PASS
1896,mt/set_16/frenetic/test-947,0.15,FAIL
1897,mt/set_16/frenetic/test-952,0.15,FAIL
1898,mt/set_16/frenetic/test-962,0.15,PASS
1899,mt/set_16/frenetic/test-967,0.15,FAIL
1900,mt/set_16/frenetic_v/test-115,0.15,PASS
1901,mt/set_16/frenetic_v/test-118,0.15,PASS
1902,mt/set_16/frenetic_v/test-12,0.15,PASS
1903,mt/set_16/frenetic_v/test-121,0.15,PASS
1904,mt/set_16/frenetic_v/test-122,0.15,PASS
1905,mt/set_16/frenetic_v/test-132,0.15,PASS
1906,mt/set_16/frenetic_v/test-139,0.15,FAIL
1907,mt/set_16/frenetic_v/test-160,0.15,PASS
1908,mt/set_16/frenetic_v/test-162,0.15,FAIL
1909,mt/set_16/frenetic_v/test-167,0.15,FAIL
1910,mt/set_16/frenetic_v/test-181,0.15,PASS
1911,mt/set_16/frenetic_v/test-194,0.15,FAIL
1912,mt/set_16/frenetic_v/test-196,0.15,FAIL
1913,mt/set_16/frenetic_v/test-2,0.15,FAIL
1914,mt/set_16/frenetic_v/test-205,0.15,FAIL
1915,mt/set_16/frenetic_v/test-207,0.15,FAIL
1916,mt/set_16/frenetic_v/test-210,0.15,PASS
1917,mt/set_16/frenetic_v/test-214,0.15,FAIL
1918,mt/set_16/frenetic_v/test-219,0.15,FAIL
1919,mt/set_16/frenetic_v/test-226,0.15,PASS
1920,mt/set_16/frenetic_v/test-232,0.15,PASS
1921,mt/set_16/frenetic_v/test-244,0.15,FAIL
1922,mt/set_16/frenetic_v/test-251,0.15,FAIL
1923,mt/set_16/frenetic_v/test-258,0.15,FAIL
1924,mt/set_16/frenetic_v/test-263,0.15,PASS
1925,mt/set_16/frenetic_v/test-264,0.15,FAIL
1926,mt/set_16/frenetic_v/test-273,0.15,PASS
1927,mt/set_16/frenetic_v/test-277,0.15,PASS
1928,mt/set_16/frenetic_v/test-293,0.15,FAIL
1929,mt/set_16/frenetic_v/test-298,0.15,PASS
1930,mt/set_16/frenetic_v/test-30,0.15,FAIL
1931,mt/set_16/frenetic_v/test-314,0.15,FAIL
1932,mt/set_16/frenetic_v/test-320,0.15,FAIL
1933,mt/set_16/frenetic_v/test-321,0.15,PASS
1934,mt/set_16/frenetic_v/test-332,0.15,PASS
1935,mt/set_16/frenetic_v/test-356,0.15,PASS
1936,mt/set_16/frenetic_v/test-379,0.15,PASS
1937,mt/set_16/frenetic_v/test-386,0.15,PASS
1938,mt/set_16/frenetic_v/test-407,0.15,FAIL
1939,mt/set_16/frenetic_v/test-409,0.15,PASS
1940,mt/set_16/frenetic_v/test-416,0.15,PASS
1941,mt/set_16/frenetic_v/test-421,0.15,PASS
1942,mt/set_16/frenetic_v/test-426,0.15,PASS
1943,mt/set_16/frenetic_v/test-432,0.15,PASS
1944,mt/set_16/frenetic_v/test-435,0.15,FAIL
1945,mt/set_16/frenetic_v/test-440,0.15,PASS
1946,mt/set_16/frenetic_v/test-446,0.15,PASS
1947,mt/set_16/frenetic_v/test-453,0.15,PASS
1948,mt/set_16/frenetic_v/test-456,0.15,PASS
1949,mt/set_16/frenetic_v/test-465,0.15,PASS
1950,mt/set_16/frenetic_v/test-469,0.15,PASS
1951,mt/set_16/frenetic_v/test-479,0.15,PASS
1952,mt/set_16/frenetic_v/test-48,0.15,PASS
1953,mt/set_16/frenetic_v/test-494,0.15,PASS
1954,mt/set_16/frenetic_v/test-509,0.15,FAIL
1955,mt/set_16/frenetic_v/test-514,0.15,FAIL
1956,mt/set_16/frenetic_v/test-515,0.15,PASS
1957,mt/set_16/frenetic_v/test-517,0.15,FAIL
1958,mt/set_16/frenetic_v/test-532,0.15,PASS
1959,mt/set_16/frenetic_v/test-543,0.15,PASS
1960,mt/set_16/frenetic_v/test-55,0.15,PASS
1961,mt/set_16/frenetic_v/test-551,0.15,PASS
1962,mt/set_16/frenetic_v/test-556,0.15,PASS
1963,mt/set_16/frenetic_v/test-559,0.15,PASS
1964,mt/set_16/frenetic_v/test-583,0.15,FAIL
1965,mt/set_16/frenetic_v/test-593,0.15,PASS
1966,mt/set_16/frenetic_v/test-596,0.15,FAIL
1967,mt/set_16/frenetic_v/test-598,0.15,PASS
1968,mt/set_16/frenetic_v/test-606,0.15,FAIL
1969,mt/set_16/frenetic_v/test-612,0.15,FAIL
1970,mt/set_16/frenetic_v/test-628,0.15,PASS
1971,mt/set_16/frenetic_v/test-638,0.15,PASS
1972,mt/set_16/frenetic_v/test-668,0.15,FAIL
1973,mt/set_16/frenetic_v/test-669,0.15,PASS
1974,mt/set_16/frenetic_v/test-679,0.15,FAIL
1975,mt/set_16/frenetic_v/test-681,0.15,PASS
1976,mt/set_16/frenetic_v/test-711,0.15,PASS
1977,mt/set_16/frenetic_v/test-723,0.15,FAIL
1978,mt/set_16/frenetic_v/test-732,0.15,PASS
1979,mt/set_16/frenetic_v/test-740,0.15,PASS
1980,mt/set_16/frenetic_v/test-747,0.15,PASS
1981,mt/set_16/frenetic_v/test-768,0.15,FAIL
1982,mt/set_16/frenetic_v/test-770,0.15,PASS
1983,mt/set_16/frenetic_v/test-783,0.15,PASS
1984,mt/set_16/frenetic_v/test-788,0.15,PASS
1985,mt/set_16/frenetic_v/test-80,0.15,PASS
1986,mt/set_16/frenetic_v/test-800,0.15,PASS
1987,mt/set_16/frenetic_v/test-804,0.15,PASS
1988,mt/set_16/frenetic_v/test-810,0.15,PASS
1989,mt/set_16/frenetic_v/test-83,0.15,FAIL
1990,mt/set_16/frenetic_v/test-841,0.15,PASS
1991,mt/set_16/frenetic_v/test-848,0.15,PASS
1992,mt/set_16/frenetic_v/test-856,0.15,PASS
1993,mt/set_16/frenetic_v/test-881,0.15,FAIL
1994,mt/set_16/frenetic_v/test-882,0.15,PASS
1995,mt/set_16/frenetic_v/test-883,0.15,FAIL
1996,mt/set_16/frenetic_v/test-884,0.15,PASS
1997,mt/set_16/frenetic_v/test-890,0.15,PASS
1998,mt/set_16/frenetic_v/test-891,0.15,PASS
1999,mt/set_16/frenetic_v/test-896,0.15,PASS
2000,mt/set_16/frenetic_v/test-90,0.15,FAIL
2001,mt/set_16/frenetic_v/test-906,0.15,FAIL
2002,mt/set_16/frenetic_v/test-910,0.15,PASS
2003,mt/set_16/frenetic_v/test-914,0.15,PASS
2004,mt/set_16/frenetic_v/test-92,0.15,FAIL
2005,mt/set_16/frenetic_v/test-929,0.15,PASS
2006,mt/set_16/frenetic_v/test-933,0.15,PASS
2007,mt/set_16/frenetic_v/test-946,0.15,PASS
2008,mt/set_16/frenetic_v/test-947,0.15,PASS
2009,mt/set_16/frenetic_v/test-99,0.15,PASS
2010,mt/set_17/ambiegen/test-104,0.15,PASS
2011,mt/set_17/ambiegen/test-105,0.15,PASS
2012,mt/set_17/ambiegen/test-153,0.15,PASS
2013,mt/set_17/ambiegen/test-162,0.15,FAIL
2014,mt/set_17/ambiegen/test-168,0.15,FAIL
2015,mt/set_17/ambiegen/test-171,0.15,PASS
2016,mt/set_17/ambiegen/test-188,0.15,PASS
2017,mt/set_17/ambiegen/test-190,0.15,FAIL
2018,mt/set_17/ambiegen/test-198,0.15,FAIL
2019,mt/set_17/ambiegen/test-215,0.15,PASS
2020,mt/set_17/ambiegen/test-242,0.15,PASS
2021,mt/set_17/ambiegen/test-246,0.15,PASS
2022,mt/set_17/ambiegen/test-248,0.15,PASS
2023,mt/set_17/ambiegen/test-251,0.15,FAIL
2024,mt/set_17/ambiegen/test-255,0.15,PASS
2025,mt/set_17/ambiegen/test-256,0.15,PASS
2026,mt/set_17/ambiegen/test-264,0.15,FAIL
2027,mt/set_17/ambiegen/test-266,0.15,PASS
2028,mt/set_17/ambiegen/test-27,0.15,PASS
2029,mt/set_17/ambiegen/test-287,0.15,PASS
2030,mt/set_17/ambiegen/test-288,0.15,PASS
2031,mt/set_17/ambiegen/test-292,0.15,FAIL
2032,mt/set_17/ambiegen/test-32,0.15,PASS
2033,mt/set_17/ambiegen/test-324,0.15,PASS
2034,mt/set_17/ambiegen/test-327,0.15,FAIL
2035,mt/set_17/ambiegen/test-336,0.15,PASS
2036,mt/set_17/ambiegen/test-351,0.15,PASS
2037,mt/set_17/ambiegen/test-355,0.15,FAIL
2038,mt/set_17/ambiegen/test-366,0.15,PASS
2039,mt/set_17/ambiegen/test-401,0.15,FAIL
2040,mt/set_17/ambiegen/test-43,0.15,PASS
2041,mt/set_17/ambiegen/test-432,0.15,PASS
2042,mt/set_17/ambiegen/test-434,0.15,PASS
2043,mt/set_17/ambiegen/test-453,0.15,PASS
2044,mt/set_17/ambiegen/test-46,0.15,FAIL
2045,mt/set_17/ambiegen/test-481,0.15,PASS
2046,mt/set_17/ambiegen/test-511,0.15,PASS
2047,mt/set_17/ambiegen/test-513,0.15,PASS
2048,mt/set_17/ambiegen/test-525,0.15,PASS
2049,mt/set_17/ambiegen/test-528,0.15,FAIL
2050,mt/set_17/ambiegen/test-541,0.15,FAIL
2051,mt/set_17/ambiegen/test-567,0.15,FAIL
2052,mt/set_17/ambiegen/test-573,0.15,PASS
2053,mt/set_17/ambiegen/test-582,0.15,PASS
2054,mt/set_17/ambiegen/test-596,0.15,FAIL
2055,mt/set_17/ambiegen/test-599,0.15,FAIL
2056,mt/set_17/ambiegen/test-6,0.15,PASS
2057,mt/set_17/ambiegen/test-600,0.15,FAIL
2058,mt/set_17/ambiegen/test-610,0.15,FAIL
2059,mt/set_17/ambiegen/test-615,0.15,FAIL
2060,mt/set_17/ambiegen/test-623,0.15,PASS
2061,mt/set_17/ambiegen/test-655,0.15,FAIL
2062,mt/set_17/ambiegen/test-669,0.15,FAIL
2063,mt/set_17/ambiegen/test-690,0.15,FAIL
2064,mt/set_17/ambiegen/test-696,0.15,PASS
2065,mt/set_17/ambiegen/test-699,0.15,PASS
2066,mt/set_17/ambiegen/test-705,0.15,FAIL
2067,mt/set_17/ambiegen/test-706,0.15,PASS
2068,mt/set_17/ambiegen/test-711,0.15,PASS
2069,mt/set_17/ambiegen/test-715,0.15,PASS
2070,mt/set_17/ambiegen/test-716,0.15,FAIL
2071,mt/set_17/ambiegen/test-731,0.15,FAIL
2072,mt/set_17/ambiegen/test-757,0.15,PASS
2073,mt/set_17/ambiegen/test-772,0.15,PASS
2074,mt/set_17/ambiegen/test-780,0.15,PASS
2075,mt/set_17/ambiegen/test-799,0.15,PASS
2076,mt/set_17/ambiegen/test-814,0.15,PASS
2077,mt/set_17/ambiegen/test-817,0.15,FAIL
2078,mt/set_17/ambiegen/test-846,0.15,PASS
2079,mt/set_17/ambiegen/test-847,0.15,FAIL
2080,mt/set_17/ambiegen/test-852,0.15,PASS
2081,mt/set_17/ambiegen/test-866,0.15,FAIL
2082,mt/set_17/ambiegen/test-889,0.15,PASS
2083,mt/set_17/ambiegen/test-896,0.15,FAIL
2084,mt/set_17/ambiegen/test-905,0.15,PASS
2085,mt/set_17/ambiegen/test-925,0.15,PASS
2086,mt/set_17/ambiegen/test-93,0.15,FAIL
2087,mt/set_17/ambiegen/test-950,0.15,PASS
2088,mt/set_17/frenetic/test-102,0.15,PASS
2089,mt/set_17/frenetic/test-121,0.15,PASS
2090,mt/set_17/frenetic/test-124,0.15,FAIL
2091,mt/set_17/frenetic/test-135,0.15,PASS
2092,mt/set_17/frenetic/test-151,0.15,FAIL
2093,mt/set_17/frenetic/test-152,0.15,FAIL
2094,mt/set_17/frenetic/test-153,0.15,PASS
2095,mt/set_17/frenetic/test-168,0.15,FAIL
2096,mt/set_17/frenetic/test-170,0.15,FAIL
2097,mt/set_17/frenetic/test-175,0.15,PASS
2098,mt/set_17/frenetic/test-19,0.15,PASS
2099,mt/set_17/frenetic/test-197,0.15,PASS
2100,mt/set_17/frenetic/test-202,0.15,FAIL
2101,mt/set_17/frenetic/test-217,0.15,PASS
2102,mt/set_17/frenetic/test-225,0.15,FAIL
2103,mt/set_17/frenetic/test-233,0.15,PASS
2104,mt/set_17/frenetic/test-245,0.15,FAIL
2105,mt/set_17/frenetic/test-249,0.15,PASS
2106,mt/set_17/frenetic/test-25,0.15,PASS
2107,mt/set_17/frenetic/test-259,0.15,PASS
2108,mt/set_17/frenetic/test-269,0.15,PASS
2109,mt/set_17/frenetic/test-273,0.15,PASS
2110,mt/set_17/frenetic/test-284,0.15,PASS
2111,mt/set_17/frenetic/test-285,0.15,PASS
2112,mt/set_17/frenetic/test-290,0.15,PASS
2113,mt/set_17/frenetic/test-294,0.15,PASS
2114,mt/set_17/frenetic/test-296,0.15,PASS
2115,mt/set_17/frenetic/test-3,0.15,FAIL
2116,mt/set_17/frenetic/test-306,0.15,FAIL
2117,mt/set_17/frenetic/test-347,0.15,PASS
2118,mt/set_17/frenetic/test-356,0.15,PASS
2119,mt/set_17/frenetic/test-357,0.15,PASS
2120,mt/set_17/frenetic/test-371,0.15,PASS
2121,mt/set_17/frenetic/test-375,0.15,FAIL
2122,mt/set_17/frenetic/test-376,0.15,PASS
2123,mt/set_17/frenetic/test-384,0.15,FAIL
2124,mt/set_17/frenetic/test-389,0.15,PASS
2125,mt/set_17/frenetic/test-408,0.15,PASS
2126,mt/set_17/frenetic/test-428,0.15,PASS
2127,mt/set_17/frenetic/test-458,0.15,PASS
2128,mt/set_17/frenetic/test-459,0.15,FAIL
2129,mt/set_17/frenetic/test-461,0.15,PASS
2130,mt/set_17/frenetic/test-477,0.15,FAIL
2131,mt/set_17/frenetic/test-480,0.15,PASS
2132,mt/set_17/frenetic/test-498,0.15,FAIL
2133,mt/set_17/frenetic/test-501,0.15,PASS
2134,mt/set_17/frenetic/test-502,0.15,PASS
2135,mt/set_17/frenetic/test-505,0.15,FAIL
2136,mt/set_17/frenetic/test-51,0.15,FAIL
2137,mt/set_17/frenetic/test-518,0.15,PASS
2138,mt/set_17/frenetic/test-52,0.15,FAIL
2139,mt/set_17/frenetic/test-529,0.15,PASS
2140,mt/set_17/frenetic/test-532,0.15,FAIL
2141,mt/set_17/frenetic/test-534,0.15,PASS
2142,mt/set_17/frenetic/test-55,0.15,PASS
2143,mt/set_17/frenetic/test-560,0.15,PASS
2144,mt/set_17/frenetic/test-57,0.15,PASS
2145,mt/set_17/frenetic/test-570,0.15,FAIL
2146,mt/set_17/frenetic/test-571,0.15,PASS
2147,mt/set_17/frenetic/test-579,0.15,PASS
2148,mt/set_17/frenetic/test-588,0.15,PASS
2149,mt/set_17/frenetic/test-594,0.15,PASS
2150,mt/set_17/frenetic/test-610,0.15,FAIL
2151,mt/set_17/frenetic/test-631,0.15,PASS
2152,mt/set_17/frenetic/test-633,0.15,FAIL
2153,mt/set_17/frenetic/test-644,0.15,PASS
2154,mt/set_17/frenetic/test-646,0.15,PASS
2155,mt/set_17/frenetic/test-65,0.15,PASS
2156,mt/set_17/frenetic/test-657,0.15,PASS
2157,mt/set_17/frenetic/test-678,0.15,PASS
2158,mt/set_17/frenetic/test-683,0.15,PASS
2159,mt/set_17/frenetic/test-697,0.15,PASS
2160,mt/set_17/frenetic/test-707,0.15,FAIL
2161,mt/set_17/frenetic/test-714,0.15,PASS
2162,mt/set_17/frenetic/test-719,0.15,PASS
2163,mt/set_17/frenetic/test-733,0.15,PASS
2164,mt/set_17/frenetic/test-738,0.15,PASS
2165,mt/set_17/frenetic/test-740,0.15,PASS
2166,mt/set_17/frenetic/test-749,0.15,PASS
2167,mt/set_17/frenetic/test-753,0.15,FAIL
2168,mt/set_17/frenetic/test-754,0.15,PASS
2169,mt/set_17/frenetic/test-757,0.15,PASS
2170,mt/set_17/frenetic/test-758,0.15,PASS
2171,mt/set_17/frenetic/test-772,0.15,FAIL
2172,mt/set_17/frenetic/test-782,0.15,PASS
2173,mt/set_17/frenetic/test-783,0.15,FAIL
2174,mt/set_17/frenetic/test-788,0.15,FAIL
2175,mt/set_17/frenetic/test-790,0.15,PASS
2176,mt/set_17/frenetic/test-791,0.15,PASS
2177,mt/set_17/frenetic/test-794,0.15,PASS
2178,mt/set_17/frenetic/test-805,0.15,FAIL
2179,mt/set_17/frenetic/test-824,0.15,PASS
2180,mt/set_17/frenetic/test-830,0.15,FAIL
2181,mt/set_17/frenetic/test-831,0.15,FAIL
2182,mt/set_17/frenetic/test-835,0.15,PASS
2183,mt/set_17/frenetic/test-840,0.15,PASS
2184,mt/set_17/frenetic/test-855,0.15,PASS
2185,mt/set_17/frenetic/test-860,0.15,PASS
2186,mt/set_17/frenetic/test-865,0.15,FAIL
2187,mt/set_17/frenetic/test-881,0.15,PASS
2188,mt/set_17/frenetic/test-892,0.15,FAIL
2189,mt/set_17/frenetic/test-898,0.15,PASS
2190,mt/set_17/frenetic/test-9,0.15,PASS
2191,mt/set_17/frenetic/test-912,0.15,FAIL
2192,mt/set_17/frenetic/test-920,0.15,FAIL
2193,mt/set_17/frenetic/test-927,0.15,PASS
2194,mt/set_17/frenetic/test-930,0.15,FAIL
2195,mt/set_17/frenetic/test-934,0.15,PASS
2196,mt/set_17/frenetic_v/test-106,0.15,PASS
2197,mt/set_17/frenetic_v/test-107,0.15,FAIL
2198,mt/set_17/frenetic_v/test-111,0.15,PASS
2199,mt/set_17/frenetic_v/test-123,0.15,PASS
2200,mt/set_17/frenetic_v/test-130,0.15,FAIL
2201,mt/set_17/frenetic_v/test-150,0.15,FAIL
2202,mt/set_17/frenetic_v/test-17,0.15,PASS
2203,mt/set_17/frenetic_v/test-178,0.15,FAIL
2204,mt/set_17/frenetic_v/test-180,0.15,FAIL
2205,mt/set_17/frenetic_v/test-181,0.15,FAIL
2206,mt/set_17/frenetic_v/test-184,0.15,PASS
2207,mt/set_17/frenetic_v/test-205,0.15,PASS
2208,mt/set_17/frenetic_v/test-210,0.15,PASS
2209,mt/set_17/frenetic_v/test-213,0.15,PASS
2210,mt/set_17/frenetic_v/test-218,0.15,PASS
2211,mt/set_17/frenetic_v/test-231,0.15,PASS
2212,mt/set_17/frenetic_v/test-25,0.15,FAIL
2213,mt/set_17/frenetic_v/test-265,0.15,PASS
2214,mt/set_17/frenetic_v/test-278,0.15,FAIL
2215,mt/set_17/frenetic_v/test-287,0.15,PASS
2216,mt/set_17/frenetic_v/test-288,0.15,PASS
2217,mt/set_17/frenetic_v/test-29,0.15,FAIL
2218,mt/set_17/frenetic_v/test-312,0.15,FAIL
2219,mt/set_17/frenetic_v/test-314,0.15,PASS
2220,mt/set_17/frenetic_v/test-32,0.15,PASS
2221,mt/set_17/frenetic_v/test-332,0.15,PASS
2222,mt/set_17/frenetic_v/test-345,0.15,PASS
2223,mt/set_17/frenetic_v/test-348,0.15,FAIL
2224,mt/set_17/frenetic_v/test-353,0.15,PASS
2225,mt/set_17/frenetic_v/test-355,0.15,PASS
2226,mt/set_17/frenetic_v/test-357,0.15,PASS
2227,mt/set_17/frenetic_v/test-359,0.15,PASS
2228,mt/set_17/frenetic_v/test-365,0.15,FAIL
2229,mt/set_17/frenetic_v/test-375,0.15,PASS
2230,mt/set_17/frenetic_v/test-385,0.15,PASS
2231,mt/set_17/frenetic_v/test-386,0.15,PASS
2232,mt/set_17/frenetic_v/test-429,0.15,PASS
2233,mt/set_17/frenetic_v/test-435,0.15,PASS
2234,mt/set_17/frenetic_v/test-438,0.15,PASS
2235,mt/set_17/frenetic_v/test-444,0.15,PASS
2236,mt/set_17/frenetic_v/test-45,0.15,PASS
2237,mt/set_17/frenetic_v/test-454,0.15,PASS
2238,mt/set_17/frenetic_v/test-462,0.15,FAIL
2239,mt/set_17/frenetic_v/test-473,0.15,FAIL
2240,mt/set_17/frenetic_v/test-485,0.15,FAIL
2241,mt/set_17/frenetic_v/test-490,0.15,FAIL
2242,mt/set_17/frenetic_v/test-492,0.15,PASS
2243,mt/set_17/frenetic_v/test-497,0.15,PASS
2244,mt/set_17/frenetic_v/test-500,0.15,FAIL
2245,mt/set_17/frenetic_v/test-503,0.15,PASS
2246,mt/set_17/frenetic_v/test-506,0.15,PASS
2247,mt/set_17/frenetic_v/test-522,0.15,PASS
2248,mt/set_17/frenetic_v/test-529,0.15,PASS
2249,mt/set_17/frenetic_v/test-543,0.15,FAIL
2250,mt/set_17/frenetic_v/test-550,0.15,PASS
2251,mt/set_17/frenetic_v/test-553,0.15,PASS
2252,mt/set_17/frenetic_v/test-571,0.15,FAIL
2253,mt/set_17/frenetic_v/test-593,0.15,FAIL
2254,mt/set_17/frenetic_v/test-614,0.15,PASS
2255,mt/set_17/frenetic_v/test-625,0.15,FAIL
2256,mt/set_17/frenetic_v/test-627,0.15,PASS
2257,mt/set_17/frenetic_v/test-633,0.15,PASS
2258,mt/set_17/frenetic_v/test-645,0.15,PASS
2259,mt/set_17/frenetic_v/test-665,0.15,FAIL
2260,mt/set_17/frenetic_v/test-669,0.15,PASS
2261,mt/set_17/frenetic_v/test-68,0.15,FAIL
2262,mt/set_17/frenetic_v/test-687,0.15,PASS
2263,mt/set_17/frenetic_v/test-692,0.15,PASS
2264,mt/set_17/frenetic_v/test-706,0.15,PASS
2265,mt/set_17/frenetic_v/test-714,0.15,PASS
2266,mt/set_17/frenetic_v/test-719,0.15,PASS
2267,mt/set_17/frenetic_v/test-720,0.15,PASS
2268,mt/set_17/frenetic_v/test-727,0.15,PASS
2269,mt/set_17/frenetic_v/test-87,0.15,FAIL
2270,mt/set_17/frenetic_v/test-93,0.15,FAIL
2271,mt/set_18/ambiegen/test-108,0.15,PASS
2272,mt/set_18/ambiegen/test-129,0.15,FAIL
2273,mt/set_18/ambiegen/test-137,0.15,PASS
2274,mt/set_18/ambiegen/test-145,0.15,PASS
2275,mt/set_18/ambiegen/test-185,0.15,PASS
2276,mt/set_18/ambiegen/test-198,0.15,FAIL
2277,mt/set_18/ambiegen/test-200,0.15,FAIL
2278,mt/set_18/ambiegen/test-210,0.15,PASS
2279,mt/set_18/ambiegen/test-214,0.15,FAIL
2280,mt/set_18/ambiegen/test-231,0.15,FAIL
2281,mt/set_18/ambiegen/test-234,0.15,PASS
2282,mt/set_18/ambiegen/test-24,0.15,FAIL
2283,mt/set_18/ambiegen/test-241,0.15,PASS
2284,mt/set_18/ambiegen/test-247,0.15,FAIL
2285,mt/set_18/ambiegen/test-259,0.15,PASS
2286,mt/set_18/ambiegen/test-271,0.15,FAIL
2287,mt/set_18/ambiegen/test-274,0.15,PASS
2288,mt/set_18/ambiegen/test-275,0.15,PASS
2289,mt/set_18/ambiegen/test-302,0.15,PASS
2290,mt/set_18/ambiegen/test-344,0.15,PASS
2291,mt/set_18/ambiegen/test-345,0.15,PASS
2292,mt/set_18/ambiegen/test-351,0.15,PASS
2293,mt/set_18/ambiegen/test-353,0.15,PASS
2294,mt/set_18/ambiegen/test-363,0.15,PASS
2295,mt/set_18/ambiegen/test-365,0.15,FAIL
2296,mt/set_18/ambiegen/test-367,0.15,FAIL
2297,mt/set_18/ambiegen/test-368,0.15,FAIL
2298,mt/set_18/ambiegen/test-382,0.15,FAIL
2299,mt/set_18/ambiegen/test-384,0.15,FAIL
2300,mt/set_18/ambiegen/test-386,0.15,PASS
2301,mt/set_18/ambiegen/test-390,0.15,FAIL
2302,mt/set_18/ambiegen/test-391,0.15,PASS
2303,mt/set_18/ambiegen/test-393,0.15,PASS
2304,mt/set_18/ambiegen/test-416,0.15,PASS
2305,mt/set_18/ambiegen/test-420,0.15,PASS
2306,mt/set_18/ambiegen/test-432,0.15,FAIL
2307,mt/set_18/ambiegen/test-439,0.15,FAIL
2308,mt/set_18/ambiegen/test-458,0.15,FAIL
2309,mt/set_18/ambiegen/test-460,0.15,PASS
2310,mt/set_18/ambiegen/test-489,0.15,PASS
2311,mt/set_18/ambiegen/test-49,0.15,FAIL
2312,mt/set_18/ambiegen/test-490,0.15,FAIL
2313,mt/set_18/ambiegen/test-502,0.15,PASS
2314,mt/set_18/ambiegen/test-503,0.15,PASS
2315,mt/set_18/ambiegen/test-506,0.15,PASS
2316,mt/set_18/ambiegen/test-512,0.15,PASS
2317,mt/set_18/ambiegen/test-516,0.15,PASS
2318,mt/set_18/ambiegen/test-530,0.15,FAIL
2319,mt/set_18/ambiegen/test-531,0.15,PASS
2320,mt/set_18/ambiegen/test-535,0.15,FAIL
2321,mt/set_18/ambiegen/test-537,0.15,PASS
2322,mt/set_18/ambiegen/test-538,0.15,FAIL
2323,mt/set_18/ambiegen/test-543,0.15,FAIL
2324,mt/set_18/ambiegen/test-550,0.15,PASS
2325,mt/set_18/ambiegen/test-553,0.15,FAIL
2326,mt/set_18/ambiegen/test-577,0.15,PASS
2327,mt/set_18/ambiegen/test-578,0.15,FAIL
2328,mt/set_18/ambiegen/test-58,0.15,FAIL
2329,mt/set_18/ambiegen/test-580,0.15,PASS
2330,mt/set_18/ambiegen/test-607,0.15,FAIL
2331,mt/set_18/ambiegen/test-610,0.15,FAIL
2332,mt/set_18/ambiegen/test-617,0.15,FAIL
2333,mt/set_18/ambiegen/test-619,0.15,FAIL
2334,mt/set_18/ambiegen/test-620,0.15,FAIL
2335,mt/set_18/ambiegen/test-622,0.15,FAIL
2336,mt/set_18/ambiegen/test-627,0.15,FAIL
2337,mt/set_18/ambiegen/test-63,0.15,PASS
2338,mt/set_18/ambiegen/test-638,0.15,PASS
2339,mt/set_18/ambiegen/test-643,0.15,FAIL
2340,mt/set_18/ambiegen/test-65,0.15,PASS
2341,mt/set_18/ambiegen/test-656,0.15,FAIL
2342,mt/set_18/ambiegen/test-66,0.15,PASS
2343,mt/set_18/ambiegen/test-67,0.15,PASS
2344,mt/set_18/ambiegen/test-675,0.15,FAIL
2345,mt/set_18/ambiegen/test-705,0.15,FAIL
2346,mt/set_18/ambiegen/test-713,0.15,PASS
2347,mt/set_18/ambiegen/test-716,0.15,FAIL
2348,mt/set_18/ambiegen/test-734,0.15,FAIL
2349,mt/set_18/ambiegen/test-744,0.15,PASS
2350,mt/set_18/ambiegen/test-750,0.15,PASS
2351,mt/set_18/ambiegen/test-751,0.15,FAIL
2352,mt/set_18/ambiegen/test-780,0.15,PASS
2353,mt/set_18/ambiegen/test-798,0.15,PASS
2354,mt/set_18/ambiegen/test-805,0.15,PASS
2355,mt/set_18/ambiegen/test-822,0.15,FAIL
2356,mt/set_18/ambiegen/test-845,0.15,FAIL
2357,mt/set_18/ambiegen/test-850,0.15,FAIL
2358,mt/set_18/ambiegen/test-857,0.15,PASS
2359,mt/set_18/ambiegen/test-876,0.15,PASS
2360,mt/set_18/ambiegen/test-878,0.15,FAIL
2361,mt/set_18/ambiegen/test-881,0.15,PASS
2362,mt/set_18/ambiegen/test-888,0.15,PASS
2363,mt/set_18/ambiegen/test-901,0.15,PASS
2364,mt/set_18/ambiegen/test-902,0.15,FAIL
2365,mt/set_18/ambiegen/test-904,0.15,PASS
2366,mt/set_18/ambiegen/test-911,0.15,PASS
2367,mt/set_18/ambiegen/test-924,0.15,FAIL
2368,mt/set_18/ambiegen/test-925,0.15,PASS
2369,mt/set_18/ambiegen/test-926,0.15,PASS
2370,mt/set_18/ambiegen/test-95,0.15,FAIL
2371,mt/set_18/ambiegen/test-950,0.15,FAIL
2372,mt/set_18/frenetic/test-123,0.15,FAIL
2373,mt/set_18/frenetic/test-13,0.15,PASS
2374,mt/set_18/frenetic/test-132,0.15,PASS
2375,mt/set_18/frenetic/test-144,0.15,PASS
2376,mt/set_18/frenetic/test-148,0.15,FAIL
2377,mt/set_18/frenetic/test-15,0.15,PASS
2378,mt/set_18/frenetic/test-163,0.15,PASS
2379,mt/set_18/frenetic/test-165,0.15,PASS
2380,mt/set_18/frenetic/test-175,0.15,PASS
2381,mt/set_18/frenetic/test-184,0.15,PASS
2382,mt/set_18/frenetic/test-213,0.15,PASS
2383,mt/set_18/frenetic/test-216,0.15,FAIL
2384,mt/set_18/frenetic/test-219,0.15,FAIL
2385,mt/set_18/frenetic/test-231,0.15,FAIL
2386,mt/set_18/frenetic/test-236,0.15,FAIL
2387,mt/set_18/frenetic/test-257,0.15,FAIL
2388,mt/set_18/frenetic/test-281,0.15,PASS
2389,mt/set_18/frenetic/test-282,0.15,PASS
2390,mt/set_18/frenetic/test-293,0.15,FAIL
2391,mt/set_18/frenetic/test-299,0.15,PASS
2392,mt/set_18/frenetic/test-321,0.15,PASS
2393,mt/set_18/frenetic/test-335,0.15,PASS
2394,mt/set_18/frenetic/test-338,0.15,PASS
2395,mt/set_18/frenetic/test-345,0.15,FAIL
2396,mt/set_18/frenetic/test-348,0.15,PASS
2397,mt/set_18/frenetic/test-350,0.15,PASS
2398,mt/set_18/frenetic/test-351,0.15,FAIL
2399,mt/set_18/frenetic/test-352,0.15,FAIL
2400,mt/set_18/frenetic/test-368,0.15,PASS
2401,mt/set_18/frenetic/test-374,0.15,PASS
2402,mt/set_18/frenetic/test-394,0.15,PASS
2403,mt/set_18/frenetic/test-396,0.15,FAIL
2404,mt/set_18/frenetic/test-399,0.15,PASS
2405,mt/set_18/frenetic/test-408,0.15,FAIL
2406,mt/set_18/frenetic/test-412,0.15,PASS
2407,mt/set_18/frenetic/test-416,0.15,PASS
2408,mt/set_18/frenetic/test-418,0.15,PASS
2409,mt/set_18/frenetic/test-422,0.15,PASS
2410,mt/set_18/frenetic/test-428,0.15,PASS
2411,mt/set_18/frenetic/test-438,0.15,FAIL
2412,mt/set_18/frenetic/test-441,0.15,PASS
2413,mt/set_18/frenetic/test-442,0.15,PASS
2414,mt/set_18/frenetic/test-446,0.15,FAIL
2415,mt/set_18/frenetic/test-452,0.15,PASS
2416,mt/set_18/frenetic/test-457,0.15,FAIL
2417,mt/set_18/frenetic/test-462,0.15,PASS
2418,mt/set_18/frenetic/test-483,0.15,PASS
2419,mt/set_18/frenetic/test-490,0.15,PASS
2420,mt/set_18/frenetic/test-492,0.15,PASS
2421,mt/set_18/frenetic/test-5,0.15,FAIL
2422,mt/set_18/frenetic/test-514,0.15,PASS
2423,mt/set_18/frenetic/test-517,0.15,FAIL
2424,mt/set_18/frenetic/test-518,0.15,PASS
2425,mt/set_18/frenetic/test-520,0.15,PASS
2426,mt/set_18/frenetic/test-527,0.15,FAIL
2427,mt/set_18/frenetic/test-529,0.15,PASS
2428,mt/set_18/frenetic/test-536,0.15,PASS
2429,mt/set_18/frenetic/test-553,0.15,FAIL
2430,mt/set_18/frenetic/test-560,0.15,PASS
2431,mt/set_18/frenetic/test-571,0.15,PASS
2432,mt/set_18/frenetic/test-573,0.15,PASS
2433,mt/set_18/frenetic/test-575,0.15,PASS
2434,mt/set_18/frenetic/test-604,0.15,PASS
2435,mt/set_18/frenetic/test-613,0.15,FAIL
2436,mt/set_18/frenetic/test-614,0.15,FAIL
2437,mt/set_18/frenetic/test-627,0.15,FAIL
2438,mt/set_18/frenetic/test-630,0.15,PASS
2439,mt/set_18/frenetic/test-637,0.15,PASS
2440,mt/set_18/frenetic/test-643,0.15,PASS
2441,mt/set_18/frenetic/test-647,0.15,PASS
2442,mt/set_18/frenetic/test-654,0.15,PASS
2443,mt/set_18/frenetic/test-661,0.15,PASS
2444,mt/set_18/frenetic/test-682,0.15,PASS
2445,mt/set_18/frenetic/test-693,0.15,FAIL
2446,mt/set_18/frenetic/test-703,0.15,PASS
2447,mt/set_18/frenetic/test-719,0.15,FAIL
2448,mt/set_18/frenetic/test-73,0.15,PASS
2449,mt/set_18/frenetic/test-74,0.15,PASS
2450,mt/set_18/frenetic/test-743,0.15,PASS
2451,mt/set_18/frenetic/test-752,0.15,PASS
2452,mt/set_18/frenetic/test-754,0.15,FAIL
2453,mt/set_18/frenetic/test-756,0.15,PASS
2454,mt/set_18/frenetic/test-771,0.15,PASS
2455,mt/set_18/frenetic/test-772,0.15,PASS
2456,mt/set_18/frenetic/test-777,0.15,PASS
2457,mt/set_18/frenetic/test-785,0.15,FAIL
2458,mt/set_18/frenetic/test-786,0.15,FAIL
2459,mt/set_18/frenetic/test-789,0.15,FAIL
2460,mt/set_18/frenetic/test-794,0.15,FAIL
2461,mt/set_18/frenetic/test-804,0.15,FAIL
2462,mt/set_18/frenetic/test-805,0.15,FAIL
2463,mt/set_18/frenetic/test-823,0.15,FAIL
2464,mt/set_18/frenetic/test-831,0.15,PASS
2465,mt/set_18/frenetic/test-834,0.15,PASS
2466,mt/set_18/frenetic/test-843,0.15,PASS
2467,mt/set_18/frenetic/test-845,0.15,FAIL
2468,mt/set_18/frenetic/test-853,0.15,FAIL
2469,mt/set_18/frenetic/test-875,0.15,FAIL
2470,mt/set_18/frenetic/test-881,0.15,PASS
2471,mt/set_18/frenetic/test-886,0.15,FAIL
2472,mt/set_18/frenetic/test-891,0.15,FAIL
2473,mt/set_18/frenetic/test-90,0.15,FAIL
2474,mt/set_18/frenetic/test-901,0.15,FAIL
2475,mt/set_18/frenetic/test-906,0.15,FAIL
2476,mt/set_18/frenetic/test-908,0.15,FAIL
2477,mt/set_18/frenetic/test-917,0.15,PASS
2478,mt/set_18/frenetic/test-926,0.15,FAIL
2479,mt/set_18/frenetic/test-934,0.15,FAIL
2480,mt/set_18/frenetic/test-956,0.15,FAIL
2481,mt/set_18/frenetic/test-961,0.15,PASS
2482,mt/set_18/frenetic_v/test-10,0.15,PASS
2483,mt/set_18/frenetic_v/test-111,0.15,PASS
2484,mt/set_18/frenetic_v/test-12,0.15,PASS
2485,mt/set_18/frenetic_v/test-14,0.15,PASS
2486,mt/set_18/frenetic_v/test-156,0.15,FAIL
2487,mt/set_18/frenetic_v/test-175,0.15,PASS
2488,mt/set_18/frenetic_v/test-18,0.15,FAIL
2489,mt/set_18/frenetic_v/test-192,0.15,FAIL
2490,mt/set_18/frenetic_v/test-212,0.15,PASS
2491,mt/set_18/frenetic_v/test-225,0.15,PASS
2492,mt/set_18/frenetic_v/test-23,0.15,PASS
2493,mt/set_18/frenetic_v/test-233,0.15,PASS
2494,mt/set_18/frenetic_v/test-240,0.15,PASS
2495,mt/set_18/frenetic_v/test-241,0.15,PASS
2496,mt/set_18/frenetic_v/test-33,0.15,FAIL
2497,mt/set_18/frenetic_v/test-35,0.15,FAIL
2498,mt/set_18/frenetic_v/test-4,0.15,FAIL
2499,mt/set_18/frenetic_v/test-54,0.15,PASS
2500,mt/set_18/frenetic_v/test-6,0.15,PASS
2501,mt/set_18/frenetic_v/test-63,0.15,PASS
2502,mt/set_18/frenetic_v/test-73,0.15,PASS
2503,mt/set_18/frenetic_v/test-76,0.15,PASS
2504,mt/set_18/frenetic_v/test-83,0.15,PASS
2505,mt/set_18/frenetic_v/test-89,0.15,PASS
2506,mt/set_18/frenetic_v/test-92,0.15,PASS
2507,mt/set_2/ambiegen/odr/test-110,0.15,PASS
2508,mt/set_2/ambiegen/odr/test-130,0.15,FAIL
2509,mt/set_2/ambiegen/odr/test-139,0.15,FAIL
2510,mt/set_2/ambiegen/odr/test-141,0.15,PASS
2511,mt/set_2/ambiegen/odr/test-150,0.15,PASS
2512,mt/set_2/ambiegen/odr/test-16,0.15,FAIL
2513,mt/set_2/ambiegen/odr/test-165,0.15,FAIL
2514,mt/set_2/ambiegen/odr/test-170,0.15,FAIL
2515,mt/set_2/ambiegen/odr/test-181,0.15,FAIL
2516,mt/set_2/ambiegen/odr/test-189,0.15,PASS
2517,mt/set_2/ambiegen/odr/test-193,0.15,FAIL
2518,mt/set_2/ambiegen/odr/test-197,0.15,FAIL
2519,mt/set_2/ambiegen/odr/test-204,0.15,PASS
2520,mt/set_2/ambiegen/odr/test-226,0.15,PASS
2521,mt/set_2/ambiegen/odr/test-253,0.15,PASS
2522,mt/set_2/ambiegen/odr/test-257,0.15,PASS
2523,mt/set_2/ambiegen/odr/test-269,0.15,PASS
2524,mt/set_2/ambiegen/odr/test-270,0.15,PASS
2525,mt/set_2/ambiegen/odr/test-287,0.15,FAIL
2526,mt/set_2/ambiegen/odr/test-288,0.15,FAIL
2527,mt/set_2/ambiegen/odr/test-299,0.15,PASS
2528,mt/set_2/ambiegen/odr/test-334,0.15,PASS
2529,mt/set_2/ambiegen/odr/test-354,0.15,PASS
2530,mt/set_2/ambiegen/odr/test-355,0.15,PASS
2531,mt/set_2/ambiegen/odr/test-368,0.15,PASS
2532,mt/set_2/ambiegen/odr/test-38,0.15,FAIL
2533,mt/set_2/ambiegen/odr/test-385,0.15,FAIL
2534,mt/set_2/ambiegen/odr/test-403,0.15,FAIL
2535,mt/set_2/ambiegen/odr/test-419,0.15,PASS
2536,mt/set_2/ambiegen/odr/test-439,0.15,PASS
2537,mt/set_2/ambiegen/odr/test-441,0.15,PASS
2538,mt/set_2/ambiegen/odr/test-461,0.15,PASS
2539,mt/set_2/ambiegen/odr/test-496,0.15,FAIL
2540,mt/set_2/ambiegen/odr/test-51,0.15,PASS
2541,mt/set_2/ambiegen/odr/test-521,0.15,PASS
2542,mt/set_2/ambiegen/odr/test-522,0.15,FAIL
2543,mt/set_2/ambiegen/odr/test-544,0.15,FAIL
2544,mt/set_2/ambiegen/odr/test-564,0.15,PASS
2545,mt/set_2/ambiegen/odr/test-582,0.15,FAIL
2546,mt/set_2/ambiegen/odr/test-608,0.15,PASS
2547,mt/set_2/ambiegen/odr/test-614,0.15,PASS
2548,mt/set_2/ambiegen/odr/test-677,0.15,PASS
2549,mt/set_2/ambiegen/odr/test-678,0.15,FAIL
2550,mt/set_2/ambiegen/odr/test-679,0.15,FAIL
2551,mt/set_2/ambiegen/odr/test-69,0.15,PASS
2552,mt/set_2/ambiegen/odr/test-691,0.15,PASS
2553,mt/set_2/ambiegen/odr/test-704,0.15,FAIL
2554,mt/set_2/ambiegen/odr/test-706,0.15,FAIL
2555,mt/set_2/ambiegen/odr/test-708,0.15,FAIL
2556,mt/set_2/ambiegen/odr/test-714,0.15,PASS
2557,mt/set_2/ambiegen/odr/test-721,0.15,FAIL
2558,mt/set_2/ambiegen/odr/test-730,0.15,FAIL
2559,mt/set_2/ambiegen/odr/test-735,0.15,FAIL
2560,mt/set_2/ambiegen/odr/test-763,0.15,PASS
2561,mt/set_2/ambiegen/odr/test-800,0.15,PASS
2562,mt/set_2/ambiegen/odr/test-801,0.15,PASS
2563,mt/set_2/ambiegen/odr/test-803,0.15,FAIL
2564,mt/set_2/ambiegen/odr/test-805,0.15,PASS
2565,mt/set_2/ambiegen/odr/test-809,0.15,PASS
2566,mt/set_2/ambiegen/odr/test-812,0.15,PASS
2567,mt/set_2/ambiegen/odr/test-841,0.15,PASS
2568,mt/set_2/ambiegen/odr/test-854,0.15,PASS
2569,mt/set_2/ambiegen/odr/test-860,0.15,PASS
2570,mt/set_2/ambiegen/odr/test-864,0.15,PASS
2571,mt/set_2/ambiegen/odr/test-866,0.15,FAIL
2572,mt/set_2/ambiegen/odr/test-867,0.15,PASS
2573,mt/set_2/ambiegen/odr/test-868,0.15,PASS
2574,mt/set_2/ambiegen/odr/test-875,0.15,PASS
2575,mt/set_2/ambiegen/odr/test-883,0.15,FAIL
2576,mt/set_2/ambiegen/odr/test-898,0.15,FAIL
2577,mt/set_2/ambiegen/odr/test-904,0.15,PASS
2578,mt/set_2/ambiegen/odr/test-905,0.15,FAIL
2579,mt/set_2/ambiegen/odr/test-910,0.15,PASS
2580,mt/set_2/ambiegen/odr/test-922,0.15,PASS
2581,mt/set_2/ambiegen/odr/test-933,0.15,PASS
2582,mt/set_2/ambiegen/odr/test-948,0.15,PASS
2583,mt/set_2/ambiegen/odr/test-955,0.15,PASS
2584,mt/set_2/ambiegen/odr/test-961,0.15,FAIL
2585,mt/set_2/ambiegen/odr/test-963,0.15,FAIL
2586,mt/set_6/frenetic_v/test-1,0.15,PASS
2587,mt/set_6/frenetic_v/test-103,0.15,PASS
2588,mt/set_6/frenetic_v/test-110,0.15,FAIL
2589,mt/set_6/frenetic_v/test-117,0.15,PASS
2590,mt/set_6/frenetic_v/test-12,0.15,PASS
2591,mt/set_6/frenetic_v/test-122,0.15,PASS
2592,mt/set_6/frenetic_v/test-126,0.15,PASS
2593,mt/set_6/frenetic_v/test-133,0.15,PASS
2594,mt/set_6/frenetic_v/test-135,0.15,PASS
2595,mt/set_6/frenetic_v/test-141,0.15,PASS
2596,mt/set_6/frenetic_v/test-142,0.15,FAIL
2597,mt/set_6/frenetic_v/test-145,0.15,PASS
2598,mt/set_6/frenetic_v/test-154,0.15,FAIL
2599,mt/set_6/frenetic_v/test-171,0.15,PASS
2600,mt/set_6/frenetic_v/test-172,0.15,FAIL
2601,mt/set_6/frenetic_v/test-188,0.15,PASS
2602,mt/set_6/frenetic_v/test-195,0.15,PASS
2603,mt/set_6/frenetic_v/test-201,0.15,PASS
2604,mt/set_6/frenetic_v/test-205,0.15,FAIL
2605,mt/set_6/frenetic_v/test-208,0.15,PASS
2606,mt/set_6/frenetic_v/test-210,0.15,PASS
2607,mt/set_6/frenetic_v/test-221,0.15,PASS
2608,mt/set_6/frenetic_v/test-225,0.15,PASS
2609,mt/set_6/frenetic_v/test-233,0.15,PASS
2610,mt/set_6/frenetic_v/test-234,0.15,FAIL
2611,mt/set_6/frenetic_v/test-235,0.15,PASS
2612,mt/set_6/frenetic_v/test-247,0.15,PASS
2613,mt/set_6/frenetic_v/test-278,0.15,PASS
2614,mt/set_6/frenetic_v/test-281,0.15,FAIL
2615,mt/set_6/frenetic_v/test-285,0.15,FAIL
2616,mt/set_6/frenetic_v/test-290,0.15,PASS
2617,mt/set_6/frenetic_v/test-30,0.15,FAIL
2618,mt/set_6/frenetic_v/test-302,0.15,FAIL
2619,mt/set_6/frenetic_v/test-316,0.15,FAIL
2620,mt/set_6/frenetic_v/test-322,0.15,PASS
2621,mt/set_6/frenetic_v/test-35,0.15,PASS
2622,mt/set_6/frenetic_v/test-351,0.15,PASS
2623,mt/set_6/frenetic_v/test-355,0.15,FAIL
2624,mt/set_6/frenetic_v/test-361,0.15,PASS
2625,mt/set_6/frenetic_v/test-373,0.15,PASS
2626,mt/set_6/frenetic_v/test-375,0.15,PASS
2627,mt/set_6/frenetic_v/test-379,0.15,PASS
2628,mt/set_6/frenetic_v/test-383,0.15,PASS
2629,mt/set_6/frenetic_v/test-416,0.15,FAIL
2630,mt/set_6/frenetic_v/test-429,0.15,FAIL
2631,mt/set_6/frenetic_v/test-435,0.15,PASS
2632,mt/set_6/frenetic_v/test-436,0.15,FAIL
2633,mt/set_6/frenetic_v/test-442,0.15,PASS
2634,mt/set_6/frenetic_v/test-443,0.15,PASS
2635,mt/set_6/frenetic_v/test-445,0.15,PASS
2636,mt/set_6/frenetic_v/test-446,0.15,PASS
2637,mt/set_6/frenetic_v/test-461,0.15,PASS
2638,mt/set_6/frenetic_v/test-464,0.15,PASS
2639,mt/set_6/frenetic_v/test-466,0.15,PASS
2640,mt/set_6/frenetic_v/test-478,0.15,PASS
2641,mt/set_6/frenetic_v/test-479,0.15,PASS
2642,mt/set_6/frenetic_v/test-490,0.15,PASS
2643,mt/set_6/frenetic_v/test-499,0.15,FAIL
2644,mt/set_6/frenetic_v/test-512,0.15,PASS
2645,mt/set_6/frenetic_v/test-513,0.15,FAIL
2646,mt/set_6/frenetic_v/test-522,0.15,PASS
2647,mt/set_6/frenetic_v/test-533,0.15,PASS
2648,mt/set_6/frenetic_v/test-571,0.15,FAIL
2649,mt/set_6/frenetic_v/test-575,0.15,FAIL
2650,mt/set_6/frenetic_v/test-593,0.15,PASS
2651,mt/set_6/frenetic_v/test-601,0.15,FAIL
2652,mt/set_6/frenetic_v/test-603,0.15,FAIL
2653,mt/set_6/frenetic_v/test-606,0.15,PASS
2654,mt/set_6/frenetic_v/test-611,0.15,PASS
2655,mt/set_6/frenetic_v/test-62,0.15,PASS
2656,mt/set_6/frenetic_v/test-623,0.15,PASS
2657,mt/set_6/frenetic_v/test-629,0.15,PASS
2658,mt/set_6/frenetic_v/test-632,0.15,PASS
2659,mt/set_6/frenetic_v/test-641,0.15,FAIL
2660,mt/set_6/frenetic_v/test-657,0.15,PASS
2661,mt/set_6/frenetic_v/test-67,0.15,PASS
2662,mt/set_6/frenetic_v/test-676,0.15,PASS
2663,mt/set_6/frenetic_v/test-678,0.15,PASS
2664,mt/set_6/frenetic_v/test-679,0.15,PASS
2665,mt/set_6/frenetic_v/test-692,0.15,FAIL
2666,mt/set_6/frenetic_v/test-697,0.15,PASS
2667,mt/set_6/frenetic_v/test-702,0.15,PASS
2668,mt/set_6/frenetic_v/test-711,0.15,PASS
2669,mt/set_6/frenetic_v/test-713,0.15,FAIL
2670,mt/set_6/frenetic_v/test-714,0.15,PASS
2671,mt/set_6/frenetic_v/test-718,0.15,PASS
2672,mt/set_6/frenetic_v/test-720,0.15,FAIL
2673,mt/set_6/frenetic_v/test-730,0.15,FAIL
2674,mt/set_6/frenetic_v/test-74,0.15,PASS
2675,mt/set_6/frenetic_v/test-743,0.15,PASS
2676,mt/set_6/frenetic_v/test-752,0.15,FAIL
2677,mt/set_6/frenetic_v/test-762,0.15,PASS
2678,mt/set_6/frenetic_v/test-764,0.15,FAIL
2679,mt/set_6/frenetic_v/test-769,0.15,PASS
2680,mt/set_6/frenetic_v/test-777,0.15,PASS
2681,mt/set_6/frenetic_v/test-786,0.15,PASS
2682,mt/set_6/frenetic_v/test-795,0.15,PASS
2683,mt/set_6/frenetic_v/test-798,0.15,PASS
2684,mt/set_6/frenetic_v/test-801,0.15,PASS
2685,mt/set_6/frenetic_v/test-807,0.15,PASS
2686,mt/set_6/frenetic_v/test-817,0.15,FAIL
2687,mt/set_6/frenetic_v/test-829,0.15,PASS
2688,mt/set_6/frenetic_v/test-84,0.15,PASS
2689,mt/set_6/frenetic_v/test-843,0.15,FAIL
2690,mt/set_6/frenetic_v/test-857,0.15,PASS
2691,mt/set_6/frenetic_v/test-866,0.15,PASS
2692,mt/set_6/frenetic_v/test-867,0.15,PASS
2693,mt/set_6/frenetic_v/test-878,0.15,PASS
2694,mt/set_6/frenetic_v/test-882,0.15,PASS
2695,mt/set_6/frenetic_v/test-886,0.15,PASS
2696,mt/set_6/frenetic_v/test-894,0.15,PASS
2697,mt/set_6/frenetic_v/test-909,0.15,PASS
2698,mt/set_6/frenetic_v/test-922,0.15,PASS
2699,mt/set_6/frenetic_v/test-926,0.15,FAIL
2700,mt/set_6/frenetic_v/test-929,0.15,PASS
2701,mt/set_6/frenetic_v/test-930,0.15,FAIL
2702,mt/set_6/frenetic_v/test-96,0.15,PASS
2703,mt/set_6/frenetic_v/test-98,0.15,PASS
2704,mt/set_7/ambiegen/odr/test-103,0.15,PASS
2705,mt/set_7/ambiegen/odr/test-130,0.15,FAIL
2706,mt/set_7/ambiegen/odr/test-142,0.15,PASS
2707,mt/set_7/ambiegen/odr/test-162,0.15,PASS
2708,mt/set_7/ambiegen/odr/test-164,0.15,FAIL
2709,mt/set_7/ambiegen/odr/test-169,0.15,PASS
2710,mt/set_7/ambiegen/odr/test-183,0.15,FAIL
2711,mt/set_7/ambiegen/odr/test-187,0.15,PASS
2712,mt/set_7/ambiegen/odr/test-197,0.15,FAIL
2713,mt/set_7/ambiegen/odr/test-199,0.15,FAIL
2714,mt/set_7/ambiegen/odr/test-200,0.15,FAIL
2715,mt/set_7/ambiegen/odr/test-206,0.15,PASS
2716,mt/set_7/ambiegen/odr/test-209,0.15,PASS
2717,mt/set_7/ambiegen/odr/test-21,0.15,PASS
2718,mt/set_7/ambiegen/odr/test-22,0.15,FAIL
2719,mt/set_7/ambiegen/odr/test-229,0.15,FAIL
2720,mt/set_7/ambiegen/odr/test-246,0.15,PASS
2721,mt/set_7/ambiegen/odr/test-250,0.15,FAIL
2722,mt/set_7/ambiegen/odr/test-255,0.15,PASS
2723,mt/set_7/ambiegen/odr/test-257,0.15,PASS
2724,mt/set_7/ambiegen/odr/test-263,0.15,FAIL
2725,mt/set_7/ambiegen/odr/test-277,0.15,FAIL
2726,mt/set_7/ambiegen/odr/test-279,0.15,PASS
2727,mt/set_7/ambiegen/odr/test-298,0.15,FAIL
2728,mt/set_7/ambiegen/odr/test-3,0.15,FAIL
2729,mt/set_7/ambiegen/odr/test-328,0.15,PASS
2730,mt/set_7/ambiegen/odr/test-334,0.15,PASS
2731,mt/set_7/ambiegen/odr/test-348,0.15,PASS
2732,mt/set_7/ambiegen/odr/test-36,0.15,PASS
2733,mt/set_7/ambiegen/odr/test-366,0.15,FAIL
2734,mt/set_7/ambiegen/odr/test-384,0.15,PASS
2735,mt/set_7/ambiegen/odr/test-386,0.15,PASS
2736,mt/set_7/ambiegen/odr/test-387,0.15,FAIL
2737,mt/set_7/ambiegen/odr/test-390,0.15,PASS
2738,mt/set_7/ambiegen/odr/test-397,0.15,FAIL
2739,mt/set_7/ambiegen/odr/test-406,0.15,FAIL
2740,mt/set_7/ambiegen/odr/test-408,0.15,FAIL
2741,mt/set_7/ambiegen/odr/test-409,0.15,PASS
2742,mt/set_7/ambiegen/odr/test-417,0.15,FAIL
2743,mt/set_7/ambiegen/odr/test-431,0.15,FAIL
2744,mt/set_7/ambiegen/odr/test-434,0.15,FAIL
2745,mt/set_7/ambiegen/odr/test-439,0.15,PASS
2746,mt/set_7/ambiegen/odr/test-450,0.15,PASS
2747,mt/set_7/ambiegen/odr/test-475,0.15,PASS
2748,mt/set_7/ambiegen/odr/test-476,0.15,PASS
2749,mt/set_7/ambiegen/odr/test-478,0.15,PASS
2750,mt/set_7/ambiegen/odr/test-508,0.15,FAIL
2751,mt/set_7/ambiegen/odr/test-511,0.15,FAIL
2752,mt/set_7/ambiegen/odr/test-546,0.15,FAIL
2753,mt/set_7/ambiegen/odr/test-551,0.15,PASS
2754,mt/set_7/ambiegen/odr/test-618,0.15,PASS
2755,mt/set_7/ambiegen/odr/test-623,0.15,PASS
2756,mt/set_7/ambiegen/odr/test-632,0.15,PASS
2757,mt/set_7/ambiegen/odr/test-634,0.15,PASS
2758,mt/set_7/ambiegen/odr/test-637,0.15,PASS
2759,mt/set_7/ambiegen/odr/test-643,0.15,FAIL
2760,mt/set_7/ambiegen/odr/test-654,0.15,FAIL
2761,mt/set_7/ambiegen/odr/test-690,0.15,FAIL
2762,mt/set_7/ambiegen/odr/test-708,0.15,PASS
2763,mt/set_7/ambiegen/odr/test-730,0.15,PASS
2764,mt/set_7/ambiegen/odr/test-738,0.15,FAIL
2765,mt/set_7/ambiegen/odr/test-744,0.15,PASS
2766,mt/set_7/ambiegen/odr/test-75,0.15,PASS
2767,mt/set_7/ambiegen/odr/test-763,0.15,PASS
2768,mt/set_7/ambiegen/odr/test-769,0.15,FAIL
2769,mt/set_7/ambiegen/odr/test-77,0.15,PASS
2770,mt/set_7/ambiegen/odr/test-787,0.15,PASS
2771,mt/set_7/ambiegen/odr/test-796,0.15,PASS
2772,mt/set_7/ambiegen/odr/test-80,0.15,PASS
2773,mt/set_7/ambiegen/odr/test-817,0.15,PASS
2774,mt/set_7/ambiegen/odr/test-820,0.15,PASS
2775,mt/set_7/ambiegen/odr/test-821,0.15,PASS
2776,mt/set_7/ambiegen/odr/test-825,0.15,FAIL
2777,mt/set_7/ambiegen/odr/test-84,0.15,PASS
2778,mt/set_7/ambiegen/odr/test-854,0.15,FAIL
2779,mt/set_7/ambiegen/odr/test-875,0.15,FAIL
2780,mt/set_7/ambiegen/odr/test-883,0.15,FAIL
2781,mt/set_7/ambiegen/odr/test-917,0.15,FAIL
2782,mt/set_7/ambiegen/odr/test-925,0.15,FAIL
2783,mt/set_7/frenetic/odr/test-1,0.15,PASS
2784,mt/set_7/frenetic/odr/test-104,0.15,PASS
2785,mt/set_7/frenetic/odr/test-107,0.15,PASS
2786,mt/set_7/frenetic/odr/test-132,0.15,FAIL
2787,mt/set_7/frenetic/odr/test-141,0.15,PASS
2788,mt/set_7/frenetic/odr/test-142,0.15,PASS
2789,mt/set_7/frenetic/odr/test-147,0.15,PASS
2790,mt/set_7/frenetic/odr/test-152,0.15,FAIL
2791,mt/set_7/frenetic/odr/test-176,0.15,PASS
2792,mt/set_7/frenetic/odr/test-188,0.15,PASS
2793,mt/set_7/frenetic/odr/test-193,0.15,PASS
2794,mt/set_7/frenetic/odr/test-227,0.15,PASS
2795,mt/set_7/frenetic/odr/test-232,0.15,FAIL
2796,mt/set_7/frenetic/odr/test-253,0.15,PASS
2797,mt/set_7/frenetic/odr/test-265,0.15,PASS
2798,mt/set_7/frenetic/odr/test-293,0.15,PASS
2799,mt/set_7/frenetic/odr/test-305,0.15,PASS
2800,mt/set_7/frenetic/odr/test-316,0.15,PASS
2801,mt/set_7/frenetic/odr/test-321,0.15,PASS
2802,mt/set_7/frenetic/odr/test-331,0.15,PASS
2803,mt/set_7/frenetic/odr/test-335,0.15,PASS
2804,mt/set_7/frenetic/odr/test-339,0.15,FAIL
2805,mt/set_7/frenetic/odr/test-345,0.15,PASS
2806,mt/set_7/frenetic/odr/test-351,0.15,PASS
2807,mt/set_7/frenetic/odr/test-352,0.15,PASS
2808,mt/set_7/frenetic/odr/test-353,0.15,FAIL
2809,mt/set_7/frenetic/odr/test-362,0.15,PASS
2810,mt/set_7/frenetic/odr/test-378,0.15,PASS
2811,mt/set_7/frenetic/odr/test-38,0.15,PASS
2812,mt/set_7/frenetic/odr/test-380,0.15,PASS
2813,mt/set_7/frenetic/odr/test-385,0.15,PASS
2814,mt/set_7/frenetic/odr/test-399,0.15,PASS
2815,mt/set_7/frenetic/odr/test-403,0.15,PASS
2816,mt/set_7/frenetic/odr/test-408,0.15,PASS
2817,mt/set_7/frenetic/odr/test-409,0.15,FAIL
2818,mt/set_7/frenetic/odr/test-414,0.15,FAIL
2819,mt/set_7/frenetic/odr/test-428,0.15,PASS
2820,mt/set_7/frenetic/odr/test-453,0.15,PASS
2821,mt/set_7/frenetic/odr/test-455,0.15,PASS
2822,mt/set_7/frenetic/odr/test-456,0.15,PASS
2823,mt/set_7/frenetic/odr/test-458,0.15,FAIL
2824,mt/set_7/frenetic/odr/test-462,0.15,PASS
2825,mt/set_7/frenetic/odr/test-468,0.15,FAIL
2826,mt/set_7/frenetic/odr/test-471,0.15,FAIL
2827,mt/set_7/frenetic/odr/test-472,0.15,PASS
2828,mt/set_7/frenetic/odr/test-477,0.15,PASS
2829,mt/set_7/frenetic/odr/test-482,0.15,PASS
2830,mt/set_7/frenetic/odr/test-487,0.15,PASS
2831,mt/set_7/frenetic/odr/test-496,0.15,PASS
2832,mt/set_7/frenetic/odr/test-503,0.15,FAIL
2833,mt/set_7/frenetic/odr/test-507,0.15,PASS
2834,mt/set_7/frenetic/odr/test-51,0.15,PASS
2835,mt/set_7/frenetic/odr/test-532,0.15,FAIL
2836,mt/set_7/frenetic/odr/test-54,0.15,PASS
2837,mt/set_7/frenetic/odr/test-545,0.15,FAIL
2838,mt/set_7/frenetic/odr/test-553,0.15,FAIL
2839,mt/set_7/frenetic/odr/test-556,0.15,PASS
2840,mt/set_7/frenetic/odr/test-564,0.15,PASS
2841,mt/set_7/frenetic/odr/test-568,0.15,PASS
2842,mt/set_7/frenetic/odr/test-575,0.15,PASS
2843,mt/set_7/frenetic/odr/test-579,0.15,FAIL
2844,mt/set_7/frenetic/odr/test-597,0.15,FAIL
2845,mt/set_7/frenetic/odr/test-60,0.15,PASS
2846,mt/set_7/frenetic/odr/test-602,0.15,PASS
2847,mt/set_7/frenetic/odr/test-609,0.15,FAIL
2848,mt/set_7/frenetic/odr/test-612,0.15,PASS
2849,mt/set_7/frenetic/odr/test-62,0.15,PASS
2850,mt/set_7/frenetic/odr/test-622,0.15,PASS
2851,mt/set_7/frenetic/odr/test-652,0.15,PASS
2852,mt/set_7/frenetic/odr/test-665,0.15,PASS
2853,mt/set_7/frenetic/odr/test-672,0.15,PASS
2854,mt/set_7/frenetic/odr/test-677,0.15,FAIL
2855,mt/set_7/frenetic/odr/test-682,0.15,FAIL
2856,mt/set_7/frenetic/odr/test-7,0.15,PASS
2857,mt/set_7/frenetic/odr/test-701,0.15,FAIL
2858,mt/set_7/frenetic/odr/test-705,0.15,PASS
2859,mt/set_7/frenetic/odr/test-71,0.15,PASS
2860,mt/set_7/frenetic/odr/test-711,0.15,PASS
2861,mt/set_7/frenetic/odr/test-720,0.15,FAIL
2862,mt/set_7/frenetic/odr/test-744,0.15,PASS
2863,mt/set_7/frenetic/odr/test-745,0.15,PASS
2864,mt/set_7/frenetic/odr/test-747,0.15,PASS
2865,mt/set_7/frenetic/odr/test-749,0.15,PASS
2866,mt/set_7/frenetic/odr/test-755,0.15,PASS
2867,mt/set_7/frenetic/odr/test-76,0.15,FAIL
2868,mt/set_7/frenetic/odr/test-760,0.15,PASS
2869,mt/set_7/frenetic/odr/test-788,0.15,PASS
2870,mt/set_7/frenetic/odr/test-789,0.15,PASS
2871,mt/set_7/frenetic/odr/test-795,0.15,PASS
2872,mt/set_7/frenetic/odr/test-80,0.15,PASS
2873,mt/set_7/frenetic/odr/test-812,0.15,PASS
2874,mt/set_7/frenetic/odr/test-820,0.15,FAIL
2875,mt/set_7/frenetic/odr/test-821,0.15,PASS
2876,mt/set_7/frenetic/odr/test-855,0.15,PASS
2877,mt/set_7/frenetic/odr/test-866,0.15,PASS
2878,mt/set_7/frenetic/odr/test-871,0.15,PASS
2879,mt/set_7/frenetic/odr/test-873,0.15,PASS
2880,mt/set_7/frenetic/odr/test-88,0.15,PASS
2881,mt/set_7/frenetic/odr/test-893,0.15,PASS
2882,mt/set_7/frenetic/odr/test-895,0.15,PASS
2883,mt/set_7/frenetic/odr/test-914,0.15,PASS
2884,mt/set_7/frenetic/odr/test-922,0.15,PASS
2885,mt/set_7/frenetic/odr/test-925,0.15,FAIL
2886,mt/set_7/frenetic/odr/test-927,0.15,FAIL
2887,mt/set_7/frenetic/odr/test-945,0.15,FAIL
2888,mt/set_7/frenetic/odr/test-946,0.15,PASS
2889,mt/set_7/frenetic/odr/test-96,0.15,FAIL
2890,mt/set_7/frenetic_v/odr/test-101,0.15,PASS
2891,mt/set_7/frenetic_v/odr/test-110,0.15,PASS
2892,mt/set_7/frenetic_v/odr/test-126,0.15,PASS
2893,mt/set_7/frenetic_v/odr/test-129,0.15,PASS
2894,mt/set_7/frenetic_v/odr/test-13,0.15,PASS
2895,mt/set_7/frenetic_v/odr/test-132,0.15,PASS
2896,mt/set_7/frenetic_v/odr/test-136,0.15,FAIL
2897,mt/set_7/frenetic_v/odr/test-139,0.15,FAIL
2898,mt/set_7/frenetic_v/odr/test-140,0.15,PASS
2899,mt/set_7/frenetic_v/odr/test-146,0.15,PASS
2900,mt/set_7/frenetic_v/odr/test-167,0.15,PASS
2901,mt/set_7/frenetic_v/odr/test-17,0.15,FAIL
2902,mt/set_7/frenetic_v/odr/test-174,0.15,PASS
2903,mt/set_7/frenetic_v/odr/test-179,0.15,FAIL
2904,mt/set_7/frenetic_v/odr/test-187,0.15,FAIL
2905,mt/set_7/frenetic_v/odr/test-190,0.15,PASS
2906,mt/set_7/frenetic_v/odr/test-195,0.15,PASS
2907,mt/set_7/frenetic_v/odr/test-196,0.15,PASS
2908,mt/set_7/frenetic_v/odr/test-199,0.15,PASS
2909,mt/set_7/frenetic_v/odr/test-201,0.15,PASS
2910,mt/set_7/frenetic_v/odr/test-225,0.15,FAIL
2911,mt/set_7/frenetic_v/odr/test-228,0.15,FAIL
2912,mt/set_7/frenetic_v/odr/test-238,0.15,FAIL
2913,mt/set_7/frenetic_v/odr/test-24,0.15,PASS
2914,mt/set_7/frenetic_v/odr/test-240,0.15,PASS
2915,mt/set_7/frenetic_v/odr/test-258,0.15,PASS
2916,mt/set_7/frenetic_v/odr/test-270,0.15,PASS
2917,mt/set_7/frenetic_v/odr/test-281,0.15,PASS
2918,mt/set_7/frenetic_v/odr/test-285,0.15,PASS
2919,mt/set_7/frenetic_v/odr/test-315,0.15,FAIL
2920,mt/set_7/frenetic_v/odr/test-320,0.15,PASS
2921,mt/set_7/frenetic_v/odr/test-323,0.15,PASS
2922,mt/set_7/frenetic_v/odr/test-338,0.15,PASS
2923,mt/set_7/frenetic_v/odr/test-34,0.15,PASS
2924,mt/set_7/frenetic_v/odr/test-353,0.15,FAIL
2925,mt/set_7/frenetic_v/odr/test-368,0.15,PASS
2926,mt/set_7/frenetic_v/odr/test-374,0.15,PASS
2927,mt/set_7/frenetic_v/odr/test-382,0.15,PASS
2928,mt/set_7/frenetic_v/odr/test-400,0.15,PASS
2929,mt/set_7/frenetic_v/odr/test-404,0.15,PASS
2930,mt/set_7/frenetic_v/odr/test-434,0.15,FAIL
2931,mt/set_7/frenetic_v/odr/test-435,0.15,PASS
2932,mt/set_7/frenetic_v/odr/test-44,0.15,PASS
2933,mt/set_7/frenetic_v/odr/test-443,0.15,PASS
2934,mt/set_7/frenetic_v/odr/test-447,0.15,PASS
2935,mt/set_7/frenetic_v/odr/test-450,0.15,FAIL
2936,mt/set_7/frenetic_v/odr/test-452,0.15,PASS
2937,mt/set_7/frenetic_v/odr/test-455,0.15,PASS
2938,mt/set_7/frenetic_v/odr/test-465,0.15,FAIL
2939,mt/set_7/frenetic_v/odr/test-471,0.15,FAIL
2940,mt/set_7/frenetic_v/odr/test-472,0.15,PASS
2941,mt/set_7/frenetic_v/odr/test-477,0.15,FAIL
2942,mt/set_7/frenetic_v/odr/test-49,0.15,FAIL
2943,mt/set_7/frenetic_v/odr/test-510,0.15,FAIL
2944,mt/set_7/frenetic_v/odr/test-516,0.15,PASS
2945,mt/set_7/frenetic_v/odr/test-535,0.15,PASS
2946,mt/set_7/frenetic_v/odr/test-536,0.15,FAIL
2947,mt/set_7/frenetic_v/odr/test-560,0.15,PASS
2948,mt/set_7/frenetic_v/odr/test-561,0.15,PASS
2949,mt/set_7/frenetic_v/odr/test-57,0.15,PASS
2950,mt/set_7/frenetic_v/odr/test-574,0.15,PASS
2951,mt/set_7/frenetic_v/odr/test-575,0.15,PASS
2952,mt/set_7/frenetic_v/odr/test-576,0.15,FAIL
2953,mt/set_7/frenetic_v/odr/test-58,0.15,PASS
2954,mt/set_7/frenetic_v/odr/test-581,0.15,PASS
2955,mt/set_7/frenetic_v/odr/test-596,0.15,FAIL
2956,mt/set_7/frenetic_v/odr/test-597,0.15,FAIL
2957,mt/set_7/frenetic_v/odr/test-601,0.15,PASS
2958,mt/set_7/frenetic_v/odr/test-611,0.15,PASS
2959,mt/set_7/frenetic_v/odr/test-624,0.15,PASS
2960,mt/set_7/frenetic_v/odr/test-634,0.15,PASS
2961,mt/set_7/frenetic_v/odr/test-64,0.15,FAIL
2962,mt/set_7/frenetic_v/odr/test-642,0.15,PASS
2963,mt/set_7/frenetic_v/odr/test-658,0.15,PASS
2964,mt/set_7/frenetic_v/odr/test-675,0.15,FAIL
2965,mt/set_7/frenetic_v/odr/test-684,0.15,PASS
2966,mt/set_7/frenetic_v/odr/test-69,0.15,PASS
2967,mt/set_7/frenetic_v/odr/test-699,0.15,PASS
2968,mt/set_7/frenetic_v/odr/test-717,0.15,PASS
2969,mt/set_7/frenetic_v/odr/test-722,0.15,FAIL
2970,mt/set_7/frenetic_v/odr/test-726,0.15,FAIL
2971,mt/set_7/frenetic_v/odr/test-73,0.15,FAIL
2972,mt/set_7/frenetic_v/odr/test-741,0.15,PASS
2973,mt/set_7/frenetic_v/odr/test-755,0.15,PASS
2974,mt/set_7/frenetic_v/odr/test-76,0.15,FAIL
2975,mt/set_7/frenetic_v/odr/test-765,0.15,FAIL
2976,mt/set_7/frenetic_v/odr/test-790,0.15,FAIL
2977,mt/set_7/frenetic_v/odr/test-807,0.15,PASS
2978,mt/set_7/frenetic_v/odr/test-812,0.15,PASS
2979,mt/set_7/frenetic_v/odr/test-813,0.15,PASS
2980,mt/set_7/frenetic_v/odr/test-821,0.15,PASS
2981,mt/set_7/frenetic_v/odr/test-825,0.15,PASS
2982,mt/set_7/frenetic_v/odr/test-834,0.15,PASS
2983,mt/set_7/frenetic_v/odr/test-837,0.15,FAIL
2984,mt/set_7/frenetic_v/odr/test-842,0.15,PASS
2985,mt/set_7/frenetic_v/odr/test-857,0.15,PASS
2986,mt/set_7/frenetic_v/odr/test-868,0.15,FAIL
2987,mt/set_7/frenetic_v/odr/test-871,0.15,PASS
2988,mt/set_7/frenetic_v/odr/test-876,0.15,FAIL
2989,mt/set_7/frenetic_v/odr/test-886,0.15,PASS
2990,mt/set_7/frenetic_v/odr/test-89,0.15,FAIL
2991,mt/set_7/frenetic_v/odr/test-910,0.15,PASS
2992,mt/set_7/frenetic_v/odr/test-912,0.15,FAIL
2993,mt/set_7/frenetic_v/odr/test-918,0.15,FAIL
2994,mt/set_7/frenetic_v/odr/test-934,0.15,PASS
2995,mt/set_7/frenetic_v/odr/test-938,0.15,PASS
2996,mt/set_7/frenetic_v/odr/test-95,0.15,FAIL
2997,mt/set_7/frenetic_v/odr/test-96,0.15,PASS
2998,mt/set_7/frenetic_v/odr/test-98,0.15,PASS
2999,mt/set_8/ambiegen/odr/test-146,0.15,FAIL
3000,mt/set_8/ambiegen/odr/test-157,0.15,PASS
3001,mt/set_8/ambiegen/odr/test-161,0.15,FAIL
3002,mt/set_8/ambiegen/odr/test-175,0.15,FAIL
3003,mt/set_8/ambiegen/odr/test-187,0.15,FAIL
3004,mt/set_8/ambiegen/odr/test-196,0.15,FAIL
3005,mt/set_8/ambiegen/odr/test-199,0.15,FAIL
3006,mt/set_8/ambiegen/odr/test-20,0.15,PASS
3007,mt/set_8/ambiegen/odr/test-218,0.15,PASS
3008,mt/set_8/ambiegen/odr/test-228,0.15,PASS
3009,mt/set_8/ambiegen/odr/test-233,0.15,PASS
3010,mt/set_8/ambiegen/odr/test-241,0.15,PASS
3011,mt/set_8/ambiegen/odr/test-242,0.15,PASS
3012,mt/set_8/ambiegen/odr/test-243,0.15,PASS
3013,mt/set_8/ambiegen/odr/test-246,0.15,PASS
3014,mt/set_8/ambiegen/odr/test-255,0.15,PASS
3015,mt/set_8/ambiegen/odr/test-267,0.15,PASS
3016,mt/set_8/ambiegen/odr/test-271,0.15,PASS
3017,mt/set_8/ambiegen/odr/test-28,0.15,FAIL
3018,mt/set_8/ambiegen/odr/test-288,0.15,PASS
3019,mt/set_8/ambiegen/odr/test-295,0.15,PASS
3020,mt/set_8/ambiegen/odr/test-297,0.15,PASS
3021,mt/set_8/ambiegen/odr/test-312,0.15,FAIL
3022,mt/set_8/ambiegen/odr/test-319,0.15,PASS
3023,mt/set_8/ambiegen/odr/test-328,0.15,FAIL
3024,mt/set_8/ambiegen/odr/test-336,0.15,PASS
3025,mt/set_8/ambiegen/odr/test-345,0.15,FAIL
3026,mt/set_8/ambiegen/odr/test-362,0.15,FAIL
3027,mt/set_8/ambiegen/odr/test-380,0.15,FAIL
3028,mt/set_8/ambiegen/odr/test-388,0.15,FAIL
3029,mt/set_8/ambiegen/odr/test-401,0.15,FAIL
3030,mt/set_8/ambiegen/odr/test-403,0.15,PASS
3031,mt/set_8/ambiegen/odr/test-413,0.15,PASS
3032,mt/set_8/ambiegen/odr/test-416,0.15,FAIL
3033,mt/set_8/ambiegen/odr/test-423,0.15,PASS
3034,mt/set_8/ambiegen/odr/test-425,0.15,FAIL
3035,mt/set_8/ambiegen/odr/test-43,0.15,FAIL
3036,mt/set_8/ambiegen/odr/test-445,0.15,PASS
3037,mt/set_8/ambiegen/odr/test-460,0.15,FAIL
3038,mt/set_8/ambiegen/odr/test-464,0.15,FAIL
3039,mt/set_8/ambiegen/odr/test-466,0.15,PASS
3040,mt/set_8/ambiegen/odr/test-472,0.15,PASS
3041,mt/set_8/ambiegen/odr/test-478,0.15,PASS
3042,mt/set_8/ambiegen/odr/test-484,0.15,PASS
3043,mt/set_8/ambiegen/odr/test-487,0.15,FAIL
3044,mt/set_8/ambiegen/odr/test-492,0.15,PASS
3045,mt/set_8/ambiegen/odr/test-525,0.15,PASS
3046,mt/set_8/ambiegen/odr/test-532,0.15,PASS
3047,mt/set_8/ambiegen/odr/test-570,0.15,PASS
3048,mt/set_8/ambiegen/odr/test-572,0.15,PASS
3049,mt/set_8/ambiegen/odr/test-581,0.15,FAIL
3050,mt/set_8/ambiegen/odr/test-589,0.15,PASS
3051,mt/set_8/ambiegen/odr/test-604,0.15,PASS
3052,mt/set_8/ambiegen/odr/test-615,0.15,FAIL
3053,mt/set_8/ambiegen/odr/test-62,0.15,PASS
3054,mt/set_8/ambiegen/odr/test-622,0.15,FAIL
3055,mt/set_8/ambiegen/odr/test-626,0.15,PASS
3056,mt/set_8/ambiegen/odr/test-630,0.15,FAIL
3057,mt/set_8/ambiegen/odr/test-665,0.15,PASS
3058,mt/set_8/ambiegen/odr/test-67,0.15,PASS
3059,mt/set_8/ambiegen/odr/test-674,0.15,PASS
3060,mt/set_8/ambiegen/odr/test-69,0.15,PASS
3061,mt/set_8/ambiegen/odr/test-729,0.15,PASS
3062,mt/set_8/ambiegen/odr/test-73,0.15,PASS
3063,mt/set_8/ambiegen/odr/test-737,0.15,PASS
3064,mt/set_8/ambiegen/odr/test-756,0.15,FAIL
3065,mt/set_8/ambiegen/odr/test-763,0.15,FAIL
3066,mt/set_8/ambiegen/odr/test-77,0.15,FAIL
3067,mt/set_8/ambiegen/odr/test-8,0.15,FAIL
3068,mt/set_8/ambiegen/odr/test-803,0.15,FAIL
3069,mt/set_8/ambiegen/odr/test-81,0.15,FAIL
3070,mt/set_8/ambiegen/odr/test-812,0.15,PASS
3071,mt/set_8/ambiegen/odr/test-83,0.15,FAIL
3072,mt/set_8/ambiegen/odr/test-836,0.15,PASS
3073,mt/set_8/ambiegen/odr/test-843,0.15,FAIL
3074,mt/set_8/ambiegen/odr/test-844,0.15,FAIL
3075,mt/set_8/ambiegen/odr/test-849,0.15,PASS
3076,mt/set_8/ambiegen/odr/test-855,0.15,PASS
3077,mt/set_8/ambiegen/odr/test-856,0.15,FAIL
3078,mt/set_8/ambiegen/odr/test-887,0.15,PASS
3079,mt/set_8/ambiegen/odr/test-895,0.15,PASS
3080,mt/set_8/ambiegen/odr/test-906,0.15,FAIL
3081,mt/set_8/ambiegen/odr/test-907,0.15,PASS
3082,mt/set_8/ambiegen/odr/test-910,0.15,FAIL
3083,mt/set_8/ambiegen/odr/test-918,0.15,PASS
3084,mt/set_8/ambiegen/odr/test-92,0.15,PASS
3085,mt/set_8/ambiegen/odr/test-929,0.15,PASS
3086,mt/set_8/ambiegen/odr/test-93,0.15,FAIL
3087,mt/set_8/ambiegen/odr/test-932,0.15,PASS
3088,mt/set_8/ambiegen/odr/test-935,0.15,FAIL
3089,mt/set_8/ambiegen/odr/test-940,0.15,PASS
3090,mt/set_8/ambiegen/odr/test-957,0.15,FAIL
3091,mt/set_8/ambiegen/odr/test-98,0.15,PASS
3092,mt/set_8/frenetic/odr/test-109,0.15,PASS
3093,mt/set_8/frenetic/odr/test-115,0.15,PASS
3094,mt/set_8/frenetic/odr/test-116,0.15,PASS
3095,mt/set_8/frenetic/odr/test-120,0.15,PASS
3096,mt/set_8/frenetic/odr/test-121,0.15,FAIL
3097,mt/set_8/frenetic/odr/test-134,0.15,PASS
3098,mt/set_8/frenetic/odr/test-137,0.15,PASS
3099,mt/set_8/frenetic/odr/test-146,0.15,FAIL
3100,mt/set_8/frenetic/odr/test-154,0.15,PASS
3101,mt/set_8/frenetic/odr/test-165,0.15,FAIL
3102,mt/set_8/frenetic/odr/test-171,0.15,PASS
3103,mt/set_8/frenetic/odr/test-172,0.15,FAIL
3104,mt/set_8/frenetic/odr/test-186,0.15,PASS
3105,mt/set_8/frenetic/odr/test-192,0.15,FAIL
3106,mt/set_8/frenetic/odr/test-203,0.15,PASS
3107,mt/set_8/frenetic/odr/test-210,0.15,PASS
3108,mt/set_8/frenetic/odr/test-214,0.15,FAIL
3109,mt/set_8/frenetic/odr/test-22,0.15,PASS
3110,mt/set_8/frenetic/odr/test-230,0.15,PASS
3111,mt/set_8/frenetic/odr/test-232,0.15,FAIL
3112,mt/set_8/frenetic/odr/test-240,0.15,PASS
3113,mt/set_8/frenetic/odr/test-241,0.15,PASS
3114,mt/set_8/frenetic/odr/test-249,0.15,PASS
3115,mt/set_8/frenetic/odr/test-260,0.15,PASS
3116,mt/set_8/frenetic/odr/test-268,0.15,PASS
3117,mt/set_8/frenetic/odr/test-272,0.15,FAIL
3118,mt/set_8/frenetic/odr/test-274,0.15,PASS
3119,mt/set_8/frenetic/odr/test-279,0.15,FAIL
3120,mt/set_8/frenetic/odr/test-282,0.15,PASS
3121,mt/set_8/frenetic/odr/test-286,0.15,PASS
3122,mt/set_8/frenetic/odr/test-29,0.15,PASS
3123,mt/set_8/frenetic/odr/test-298,0.15,PASS
3124,mt/set_8/frenetic/odr/test-30,0.15,PASS
3125,mt/set_8/frenetic/odr/test-304,0.15,PASS
3126,mt/set_8/frenetic/odr/test-315,0.15,PASS
3127,mt/set_8/frenetic/odr/test-316,0.15,PASS
3128,mt/set_8/frenetic/odr/test-318,0.15,FAIL
3129,mt/set_8/frenetic/odr/test-320,0.15,FAIL
3130,mt/set_8/frenetic/odr/test-327,0.15,FAIL
3131,mt/set_8/frenetic/odr/test-331,0.15,PASS
3132,mt/set_8/frenetic/odr/test-343,0.15,FAIL
3133,mt/set_8/frenetic/odr/test-345,0.15,PASS
3134,mt/set_8/frenetic/odr/test-367,0.15,PASS
3135,mt/set_8/frenetic/odr/test-368,0.15,PASS
3136,mt/set_8/frenetic/odr/test-378,0.15,FAIL
3137,mt/set_8/frenetic/odr/test-380,0.15,FAIL
3138,mt/set_8/frenetic/odr/test-40,0.15,PASS
3139,mt/set_8/frenetic/odr/test-404,0.15,FAIL
3140,mt/set_8/frenetic/odr/test-43,0.15,PASS
3141,mt/set_8/frenetic/odr/test-437,0.15,PASS
3142,mt/set_8/frenetic/odr/test-439,0.15,FAIL
3143,mt/set_8/frenetic/odr/test-440,0.15,FAIL
3144,mt/set_8/frenetic/odr/test-446,0.15,FAIL
3145,mt/set_8/frenetic/odr/test-45,0.15,PASS
3146,mt/set_8/frenetic/odr/test-471,0.15,PASS
3147,mt/set_8/frenetic/odr/test-474,0.15,PASS
3148,mt/set_8/frenetic/odr/test-491,0.15,PASS
3149,mt/set_8/frenetic/odr/test-503,0.15,PASS
3150,mt/set_8/frenetic/odr/test-508,0.15,PASS
3151,mt/set_8/frenetic/odr/test-52,0.15,PASS
3152,mt/set_8/frenetic/odr/test-533,0.15,FAIL
3153,mt/set_8/frenetic/odr/test-539,0.15,PASS
3154,mt/set_8/frenetic/odr/test-557,0.15,PASS
3155,mt/set_8/frenetic/odr/test-558,0.15,PASS
3156,mt/set_8/frenetic/odr/test-559,0.15,PASS
3157,mt/set_8/frenetic/odr/test-566,0.15,PASS
3158,mt/set_8/frenetic/odr/test-577,0.15,PASS
3159,mt/set_8/frenetic/odr/test-584,0.15,PASS
3160,mt/set_8/frenetic/odr/test-585,0.15,PASS
3161,mt/set_8/frenetic/odr/test-593,0.15,PASS
3162,mt/set_8/frenetic/odr/test-61,0.15,PASS
3163,mt/set_8/frenetic/odr/test-612,0.15,PASS
3164,mt/set_8/frenetic/odr/test-613,0.15,PASS
3165,mt/set_8/frenetic/odr/test-62,0.15,PASS
3166,mt/set_8/frenetic/odr/test-623,0.15,PASS
3167,mt/set_8/frenetic/odr/test-625,0.15,PASS
3168,mt/set_8/frenetic/odr/test-626,0.15,PASS
3169,mt/set_8/frenetic/odr/test-630,0.15,PASS
3170,mt/set_8/frenetic/odr/test-637,0.15,FAIL
3171,mt/set_8/frenetic/odr/test-640,0.15,PASS
3172,mt/set_8/frenetic/odr/test-642,0.15,PASS
3173,mt/set_8/frenetic/odr/test-649,0.15,FAIL
3174,mt/set_8/frenetic/odr/test-65,0.15,PASS
3175,mt/set_8/frenetic/odr/test-691,0.15,PASS
3176,mt/set_8/frenetic/odr/test-692,0.15,FAIL
3177,mt/set_8/frenetic/odr/test-694,0.15,FAIL
3178,mt/set_8/frenetic/odr/test-702,0.15,PASS
3179,mt/set_8/frenetic/odr/test-712,0.15,PASS
3180,mt/set_8/frenetic/odr/test-72,0.15,PASS
3181,mt/set_8/frenetic/odr/test-736,0.15,PASS
3182,mt/set_8/frenetic/odr/test-789,0.15,PASS
3183,mt/set_8/frenetic/odr/test-794,0.15,PASS
3184,mt/set_8/frenetic/odr/test-814,0.15,FAIL
3185,mt/set_8/frenetic/odr/test-816,0.15,FAIL
3186,mt/set_8/frenetic/odr/test-833,0.15,PASS
3187,mt/set_8/frenetic/odr/test-847,0.15,FAIL
3188,mt/set_8/frenetic/odr/test-859,0.15,FAIL
3189,mt/set_8/frenetic/odr/test-87,0.15,PASS
3190,mt/set_8/frenetic/odr/test-96,0.15,PASS
3191,mt/set_8/frenetic_v/odr/test-128,0.15,PASS
3192,mt/set_8/frenetic_v/odr/test-133,0.15,FAIL
3193,mt/set_8/frenetic_v/odr/test-139,0.15,PASS
3194,mt/set_8/frenetic_v/odr/test-144,0.15,PASS
3195,mt/set_8/frenetic_v/odr/test-155,0.15,PASS
3196,mt/set_8/frenetic_v/odr/test-156,0.15,PASS
3197,mt/set_8/frenetic_v/odr/test-160,0.15,PASS
3198,mt/set_8/frenetic_v/odr/test-177,0.15,PASS
3199,mt/set_8/frenetic_v/odr/test-179,0.15,PASS
3200,mt/set_8/frenetic_v/odr/test-181,0.15,PASS
3201,mt/set_8/frenetic_v/odr/test-182,0.15,PASS
3202,mt/set_8/frenetic_v/odr/test-183,0.15,FAIL
3203,mt/set_8/frenetic_v/odr/test-188,0.15,FAIL
3204,mt/set_8/frenetic_v/odr/test-196,0.15,PASS
3205,mt/set_8/frenetic_v/odr/test-200,0.15,FAIL
3206,mt/set_8/frenetic_v/odr/test-202,0.15,FAIL
3207,mt/set_8/frenetic_v/odr/test-207,0.15,PASS
3208,mt/set_8/frenetic_v/odr/test-252,0.15,PASS
3209,mt/set_8/frenetic_v/odr/test-253,0.15,PASS
3210,mt/set_8/frenetic_v/odr/test-26,0.15,PASS
3211,mt/set_8/frenetic_v/odr/test-260,0.15,PASS
3212,mt/set_8/frenetic_v/odr/test-261,0.15,PASS
3213,mt/set_8/frenetic_v/odr/test-284,0.15,FAIL
3214,mt/set_8/frenetic_v/odr/test-306,0.15,PASS
3215,mt/set_8/frenetic_v/odr/test-316,0.15,FAIL
3216,mt/set_8/frenetic_v/odr/test-326,0.15,PASS
3217,mt/set_8/frenetic_v/odr/test-328,0.15,PASS
3218,mt/set_8/frenetic_v/odr/test-345,0.15,PASS
3219,mt/set_8/frenetic_v/odr/test-358,0.15,PASS
3220,mt/set_8/frenetic_v/odr/test-367,0.15,PASS
3221,mt/set_8/frenetic_v/odr/test-383,0.15,FAIL
3222,mt/set_8/frenetic_v/odr/test-39,0.15,FAIL
3223,mt/set_8/frenetic_v/odr/test-397,0.15,PASS
3224,mt/set_8/frenetic_v/odr/test-409,0.15,PASS
3225,mt/set_8/frenetic_v/odr/test-41,0.15,PASS
3226,mt/set_8/frenetic_v/odr/test-415,0.15,PASS
3227,mt/set_8/frenetic_v/odr/test-420,0.15,FAIL
3228,mt/set_8/frenetic_v/odr/test-421,0.15,PASS
3229,mt/set_8/frenetic_v/odr/test-442,0.15,PASS
3230,mt/set_8/frenetic_v/odr/test-448,0.15,PASS
3231,mt/set_8/frenetic_v/odr/test-452,0.15,PASS
3232,mt/set_8/frenetic_v/odr/test-455,0.15,PASS
3233,mt/set_8/frenetic_v/odr/test-46,0.15,PASS
3234,mt/set_8/frenetic_v/odr/test-479,0.15,PASS
3235,mt/set_8/frenetic_v/odr/test-49,0.15,FAIL
3236,mt/set_8/frenetic_v/odr/test-491,0.15,PASS
3237,mt/set_8/frenetic_v/odr/test-498,0.15,FAIL
3238,mt/set_8/frenetic_v/odr/test-508,0.15,PASS
3239,mt/set_8/frenetic_v/odr/test-510,0.15,PASS
3240,mt/set_8/frenetic_v/odr/test-529,0.15,PASS
3241,mt/set_8/frenetic_v/odr/test-554,0.15,FAIL
3242,mt/set_8/frenetic_v/odr/test-56,0.15,FAIL
3243,mt/set_8/frenetic_v/odr/test-561,0.15,PASS
3244,mt/set_8/frenetic_v/odr/test-569,0.15,FAIL
3245,mt/set_8/frenetic_v/odr/test-577,0.15,PASS
3246,mt/set_8/frenetic_v/odr/test-587,0.15,PASS
3247,mt/set_8/frenetic_v/odr/test-588,0.15,FAIL
3248,mt/set_8/frenetic_v/odr/test-594,0.15,PASS
3249,mt/set_8/frenetic_v/odr/test-597,0.15,PASS
3250,mt/set_8/frenetic_v/odr/test-6,0.15,PASS
3251,mt/set_8/frenetic_v/odr/test-600,0.15,PASS
3252,mt/set_8/frenetic_v/odr/test-608,0.15,FAIL
3253,mt/set_8/frenetic_v/odr/test-609,0.15,FAIL
3254,mt/set_8/frenetic_v/odr/test-613,0.15,FAIL
3255,mt/set_8/frenetic_v/odr/test-614,0.15,PASS
3256,mt/set_8/frenetic_v/odr/test-617,0.15,FAIL
3257,mt/set_8/frenetic_v/odr/test-628,0.15,PASS
3258,mt/set_8/frenetic_v/odr/test-645,0.15,PASS
3259,mt/set_8/frenetic_v/odr/test-671,0.15,PASS
3260,mt/set_8/frenetic_v/odr/test-675,0.15,PASS
3261,mt/set_8/frenetic_v/odr/test-685,0.15,PASS
3262,mt/set_8/frenetic_v/odr/test-686,0.15,PASS
3263,mt/set_8/frenetic_v/odr/test-691,0.15,PASS
3264,mt/set_8/frenetic_v/odr/test-710,0.15,FAIL
3265,mt/set_8/frenetic_v/odr/test-725,0.15,PASS
3266,mt/set_8/frenetic_v/odr/test-727,0.15,PASS
3267,mt/set_8/frenetic_v/odr/test-73,0.15,PASS
3268,mt/set_8/frenetic_v/odr/test-730,0.15,PASS
3269,mt/set_8/frenetic_v/odr/test-734,0.15,PASS
3270,mt/set_8/frenetic_v/odr/test-738,0.15,PASS
3271,mt/set_8/frenetic_v/odr/test-740,0.15,PASS
3272,mt/set_8/frenetic_v/odr/test-745,0.15,PASS
3273,mt/set_8/frenetic_v/odr/test-746,0.15,PASS
3274,mt/set_8/frenetic_v/odr/test-773,0.15,PASS
3275,mt/set_8/frenetic_v/odr/test-797,0.15,PASS
3276,mt/set_8/frenetic_v/odr/test-800,0.15,PASS
3277,mt/set_8/frenetic_v/odr/test-804,0.15,PASS
3278,mt/set_8/frenetic_v/odr/test-805,0.15,PASS
3279,mt/set_8/frenetic_v/odr/test-808,0.15,FAIL
3280,mt/set_8/frenetic_v/odr/test-814,0.15,PASS
3281,mt/set_8/frenetic_v/odr/test-816,0.15,FAIL
3282,mt/set_8/frenetic_v/odr/test-817,0.15,PASS
3283,mt/set_8/frenetic_v/odr/test-823,0.15,PASS
3284,mt/set_8/frenetic_v/odr/test-826,0.15,PASS
3285,mt/set_8/frenetic_v/odr/test-829,0.15,PASS
3286,mt/set_8/frenetic_v/odr/test-831,0.15,FAIL
3287,mt/set_8/frenetic_v/odr/test-835,0.15,PASS
3288,mt/set_8/frenetic_v/odr/test-84,0.15,PASS
3289,mt/set_8/frenetic_v/odr/test-844,0.15,PASS
3290,mt/set_8/frenetic_v/odr/test-869,0.15,PASS
3291,mt/set_8/frenetic_v/odr/test-87,0.15,FAIL
3292,mt/set_8/frenetic_v/odr/test-884,0.15,FAIL
3293,mt/set_8/frenetic_v/odr/test-897,0.15,PASS
3294,mt/set_8/frenetic_v/odr/test-9,0.15,PASS
3295,mt/set_8/frenetic_v/odr/test-903,0.15,FAIL
3296,mt/set_8/frenetic_v/odr/test-909,0.15,PASS
3297,mt/set_8/frenetic_v/odr/test-918,0.15,PASS
3298,mt/set_8/frenetic_v/odr/test-925,0.15,FAIL
3299,mt/set_9/ambiegen/test-122,0.15,PASS
3300,mt/set_9/ambiegen/test-13,0.15,PASS
3301,mt/set_9/ambiegen/test-131,0.15,PASS
3302,mt/set_9/ambiegen/test-144,0.15,PASS
3303,mt/set_9/ambiegen/test-153,0.15,PASS
3304,mt/set_9/ambiegen/test-155,0.15,PASS
3305,mt/set_9/ambiegen/test-162,0.15,PASS
3306,mt/set_9/ambiegen/test-177,0.15,PASS
3307,mt/set_9/ambiegen/test-192,0.15,FAIL
3308,mt/set_9/ambiegen/test-221,0.15,FAIL
3309,mt/set_9/ambiegen/test-228,0.15,PASS
3310,mt/set_9/ambiegen/test-240,0.15,FAIL
3311,mt/set_9/ambiegen/test-258,0.15,PASS
3312,mt/set_9/ambiegen/test-262,0.15,PASS
3313,mt/set_9/ambiegen/test-264,0.15,FAIL
3314,mt/set_9/ambiegen/test-268,0.15,PASS
3315,mt/set_9/ambiegen/test-299,0.15,FAIL
3316,mt/set_9/ambiegen/test-311,0.15,PASS
3317,mt/set_9/ambiegen/test-317,0.15,PASS
3318,mt/set_9/ambiegen/test-334,0.15,FAIL
3319,mt/set_9/ambiegen/test-339,0.15,FAIL
3320,mt/set_9/ambiegen/test-345,0.15,PASS
3321,mt/set_9/ambiegen/test-346,0.15,PASS
3322,mt/set_9/ambiegen/test-354,0.15,PASS
3323,mt/set_9/ambiegen/test-368,0.15,PASS
3324,mt/set_9/ambiegen/test-381,0.15,FAIL
3325,mt/set_9/ambiegen/test-397,0.15,FAIL
3326,mt/set_9/ambiegen/test-40,0.15,PASS
3327,mt/set_9/ambiegen/test-402,0.15,PASS
3328,mt/set_9/ambiegen/test-403,0.15,FAIL
3329,mt/set_9/ambiegen/test-433,0.15,PASS
3330,mt/set_9/ambiegen/test-449,0.15,FAIL
3331,mt/set_9/ambiegen/test-452,0.15,FAIL
3332,mt/set_9/ambiegen/test-455,0.15,PASS
3333,mt/set_9/ambiegen/test-457,0.15,PASS
3334,mt/set_9/ambiegen/test-485,0.15,PASS
3335,mt/set_9/ambiegen/test-494,0.15,PASS
3336,mt/set_9/ambiegen/test-498,0.15,FAIL
3337,mt/set_9/ambiegen/test-500,0.15,FAIL
3338,mt/set_9/ambiegen/test-506,0.15,PASS
3339,mt/set_9/ambiegen/test-507,0.15,PASS
3340,mt/set_9/ambiegen/test-510,0.15,PASS
3341,mt/set_9/ambiegen/test-512,0.15,PASS
3342,mt/set_9/ambiegen/test-524,0.15,PASS
3343,mt/set_9/ambiegen/test-526,0.15,FAIL
3344,mt/set_9/ambiegen/test-560,0.15,FAIL
3345,mt/set_9/ambiegen/test-597,0.15,PASS
3346,mt/set_9/ambiegen/test-6,0.15,FAIL
3347,mt/set_9/ambiegen/test-605,0.15,PASS
3348,mt/set_9/ambiegen/test-609,0.15,FAIL
3349,mt/set_9/ambiegen/test-615,0.15,PASS
3350,mt/set_9/ambiegen/test-633,0.15,FAIL
3351,mt/set_9/ambiegen/test-65,0.15,FAIL
3352,mt/set_9/ambiegen/test-650,0.15,FAIL
3353,mt/set_9/ambiegen/test-653,0.15,FAIL
3354,mt/set_9/ambiegen/test-667,0.15,FAIL
3355,mt/set_9/ambiegen/test-678,0.15,FAIL
3356,mt/set_9/ambiegen/test-681,0.15,PASS
3357,mt/set_9/ambiegen/test-684,0.15,FAIL
3358,mt/set_9/ambiegen/test-690,0.15,PASS
3359,mt/set_9/ambiegen/test-704,0.15,PASS
3360,mt/set_9/ambiegen/test-709,0.15,FAIL
3361,mt/set_9/ambiegen/test-714,0.15,PASS
3362,mt/set_9/ambiegen/test-725,0.15,FAIL
3363,mt/set_9/ambiegen/test-749,0.15,PASS
3364,mt/set_9/ambiegen/test-753,0.15,PASS
3365,mt/set_9/ambiegen/test-78,0.15,FAIL
3366,mt/set_9/ambiegen/test-794,0.15,PASS
3367,mt/set_9/ambiegen/test-8,0.15,FAIL
3368,mt/set_9/ambiegen/test-805,0.15,PASS
3369,mt/set_9/ambiegen/test-843,0.15,PASS
3370,mt/set_9/ambiegen/test-859,0.15,PASS
3371,mt/set_9/ambiegen/test-869,0.15,FAIL
3372,mt/set_9/ambiegen/test-875,0.15,FAIL
3373,mt/set_9/ambiegen/test-886,0.15,FAIL
3374,mt/set_9/ambiegen/test-890,0.15,PASS
3375,mt/set_9/ambiegen/test-898,0.15,PASS
3376,mt/set_9/ambiegen/test-918,0.15,PASS
3377,mt/set_9/ambiegen/test-925,0.15,PASS
3378,mt/set_9/ambiegen/test-926,0.15,PASS
3379,mt/set_9/frenetic/test-0,0.15,PASS
3380,mt/set_9/frenetic/test-112,0.15,PASS
3381,mt/set_9/frenetic/test-166,0.15,PASS
3382,mt/set_9/frenetic/test-194,0.15,PASS
3383,mt/set_9/frenetic/test-197,0.15,PASS
3384,mt/set_9/frenetic/test-200,0.15,PASS
3385,mt/set_9/frenetic/test-201,0.15,PASS
3386,mt/set_9/frenetic/test-203,0.15,PASS
3387,mt/set_9/frenetic/test-214,0.15,FAIL
3388,mt/set_9/frenetic/test-217,0.15,FAIL
3389,mt/set_9/frenetic/test-225,0.15,PASS
3390,mt/set_9/frenetic/test-226,0.15,PASS
3391,mt/set_9/frenetic/test-235,0.15,FAIL
3392,mt/set_9/frenetic/test-239,0.15,FAIL
3393,mt/set_9/frenetic/test-240,0.15,PASS
3394,mt/set_9/frenetic/test-248,0.15,PASS
3395,mt/set_9/frenetic/test-256,0.15,PASS
3396,mt/set_9/frenetic/test-260,0.15,PASS
3397,mt/set_9/frenetic/test-265,0.15,PASS
3398,mt/set_9/frenetic/test-267,0.15,PASS
3399,mt/set_9/frenetic/test-269,0.15,PASS
3400,mt/set_9/frenetic/test-27,0.15,PASS
3401,mt/set_9/frenetic/test-287,0.15,PASS
3402,mt/set_9/frenetic/test-293,0.15,FAIL
3403,mt/set_9/frenetic/test-295,0.15,FAIL
3404,mt/set_9/frenetic/test-301,0.15,FAIL
3405,mt/set_9/frenetic/test-320,0.15,PASS
3406,mt/set_9/frenetic/test-321,0.15,FAIL
3407,mt/set_9/frenetic/test-333,0.15,PASS
3408,mt/set_9/frenetic/test-335,0.15,FAIL
3409,mt/set_9/frenetic/test-341,0.15,PASS
3410,mt/set_9/frenetic/test-342,0.15,PASS
3411,mt/set_9/frenetic/test-348,0.15,FAIL
3412,mt/set_9/frenetic/test-357,0.15,PASS
3413,mt/set_9/frenetic/test-358,0.15,PASS
3414,mt/set_9/frenetic/test-368,0.15,FAIL
3415,mt/set_9/frenetic/test-370,0.15,FAIL
3416,mt/set_9/frenetic/test-379,0.15,PASS
3417,mt/set_9/frenetic/test-403,0.15,PASS
3418,mt/set_9/frenetic/test-407,0.15,PASS
3419,mt/set_9/frenetic/test-41,0.15,PASS
3420,mt/set_9/frenetic/test-413,0.15,PASS
3421,mt/set_9/frenetic/test-428,0.15,PASS
3422,mt/set_9/frenetic/test-431,0.15,FAIL
3423,mt/set_9/frenetic/test-445,0.15,PASS
3424,mt/set_9/frenetic/test-448,0.15,PASS
3425,mt/set_9/frenetic/test-464,0.15,FAIL
3426,mt/set_9/frenetic/test-469,0.15,PASS
3427,mt/set_9/frenetic/test-47,0.15,PASS
3428,mt/set_9/frenetic/test-481,0.15,FAIL
3429,mt/set_9/frenetic/test-510,0.15,FAIL
3430,mt/set_9/frenetic/test-52,0.15,PASS
3431,mt/set_9/frenetic/test-521,0.15,FAIL
3432,mt/set_9/frenetic/test-522,0.15,FAIL
3433,mt/set_9/frenetic/test-523,0.15,PASS
3434,mt/set_9/frenetic/test-55,0.15,PASS
3435,mt/set_9/frenetic/test-550,0.15,PASS
3436,mt/set_9/frenetic/test-56,0.15,PASS
3437,mt/set_9/frenetic/test-561,0.15,PASS
3438,mt/set_9/frenetic/test-563,0.15,FAIL
3439,mt/set_9/frenetic/test-57,0.15,FAIL
3440,mt/set_9/frenetic/test-575,0.15,FAIL
3441,mt/set_9/frenetic/test-582,0.15,PASS
3442,mt/set_9/frenetic/test-586,0.15,FAIL
3443,mt/set_9/frenetic/test-591,0.15,FAIL
3444,mt/set_9/frenetic/test-60,0.15,FAIL
3445,mt/set_9/frenetic/test-61,0.15,PASS
3446,mt/set_9/frenetic/test-619,0.15,PASS
3447,mt/set_9/frenetic/test-646,0.15,FAIL
3448,mt/set_9/frenetic/test-675,0.15,FAIL
3449,mt/set_9/frenetic/test-676,0.15,FAIL
3450,mt/set_9/frenetic/test-677,0.15,FAIL
3451,mt/set_9/frenetic/test-678,0.15,FAIL
3452,mt/set_9/frenetic/test-686,0.15,PASS
3453,mt/set_9/frenetic/test-689,0.15,FAIL
3454,mt/set_9/frenetic/test-700,0.15,FAIL
3455,mt/set_9/frenetic/test-704,0.15,PASS
3456,mt/set_9/frenetic/test-706,0.15,PASS
3457,mt/set_9/frenetic/test-719,0.15,FAIL
3458,mt/set_9/frenetic/test-720,0.15,PASS
3459,mt/set_9/frenetic/test-728,0.15,FAIL
3460,mt/set_9/frenetic/test-730,0.15,PASS
3461,mt/set_9/frenetic/test-751,0.15,FAIL
3462,mt/set_9/frenetic/test-782,0.15,FAIL
3463,mt/set_9/frenetic/test-783,0.15,FAIL
3464,mt/set_9/frenetic/test-812,0.15,FAIL
3465,mt/set_9/frenetic/test-817,0.15,PASS
3466,mt/set_9/frenetic/test-818,0.15,FAIL
3467,mt/set_9/frenetic/test-825,0.15,FAIL
3468,mt/set_9/frenetic/test-841,0.15,PASS
3469,mt/set_9/frenetic/test-843,0.15,FAIL
3470,mt/set_9/frenetic/test-844,0.15,PASS
3471,mt/set_9/frenetic/test-866,0.15,FAIL
3472,mt/set_9/frenetic/test-98,0.15,FAIL
3473,mt/set_9/frenetic_v/test-102,0.15,FAIL
3474,mt/set_9/frenetic_v/test-104,0.15,FAIL
3475,mt/set_9/frenetic_v/test-108,0.15,FAIL
3476,mt/set_9/frenetic_v/test-121,0.15,PASS
3477,mt/set_9/frenetic_v/test-13,0.15,PASS
3478,mt/set_9/frenetic_v/test-134,0.15,PASS
3479,mt/set_9/frenetic_v/test-140,0.15,PASS
3480,mt/set_9/frenetic_v/test-148,0.15,FAIL
3481,mt/set_9/frenetic_v/test-150,0.15,PASS
3482,mt/set_9/frenetic_v/test-151,0.15,PASS
3483,mt/set_9/frenetic_v/test-152,0.15,PASS
3484,mt/set_9/frenetic_v/test-161,0.15,PASS
3485,mt/set_9/frenetic_v/test-162,0.15,PASS
3486,mt/set_9/frenetic_v/test-176,0.15,PASS
3487,mt/set_9/frenetic_v/test-18,0.15,FAIL
3488,mt/set_9/frenetic_v/test-180,0.15,PASS
3489,mt/set_9/frenetic_v/test-19,0.15,PASS
3490,mt/set_9/frenetic_v/test-204,0.15,FAIL
3491,mt/set_9/frenetic_v/test-205,0.15,PASS
3492,mt/set_9/frenetic_v/test-214,0.15,PASS
3493,mt/set_9/frenetic_v/test-216,0.15,FAIL
3494,mt/set_9/frenetic_v/test-243,0.15,FAIL
3495,mt/set_9/frenetic_v/test-250,0.15,PASS
3496,mt/set_9/frenetic_v/test-259,0.15,FAIL
3497,mt/set_9/frenetic_v/test-265,0.15,FAIL
3498,mt/set_9/frenetic_v/test-292,0.15,PASS
3499,mt/set_9/frenetic_v/test-31,0.15,PASS
3500,mt/set_9/frenetic_v/test-310,0.15,FAIL
3501,mt/set_9/frenetic_v/test-316,0.15,FAIL
3502,mt/set_9/frenetic_v/test-322,0.15,FAIL
3503,mt/set_9/frenetic_v/test-325,0.15,PASS
3504,mt/set_9/frenetic_v/test-329,0.15,PASS
3505,mt/set_9/frenetic_v/test-337,0.15,PASS
3506,mt/set_9/frenetic_v/test-339,0.15,PASS
3507,mt/set_9/frenetic_v/test-340,0.15,PASS
3508,mt/set_9/frenetic_v/test-343,0.15,FAIL
3509,mt/set_9/frenetic_v/test-361,0.15,FAIL
3510,mt/set_9/frenetic_v/test-37,0.15,PASS
3511,mt/set_9/frenetic_v/test-375,0.15,PASS
3512,mt/set_9/frenetic_v/test-380,0.15,FAIL
3513,mt/set_9/frenetic_v/test-383,0.15,PASS
3514,mt/set_9/frenetic_v/test-384,0.15,PASS
3515,mt/set_9/frenetic_v/test-390,0.15,FAIL
3516,mt/set_9/frenetic_v/test-397,0.15,PASS
3517,mt/set_9/frenetic_v/test-418,0.15,PASS
3518,mt/set_9/frenetic_v/test-419,0.15,PASS
3519,mt/set_9/frenetic_v/test-425,0.15,PASS
3520,mt/set_9/frenetic_v/test-45,0.15,PASS
3521,mt/set_9/frenetic_v/test-460,0.15,PASS
3522,mt/set_9/frenetic_v/test-476,0.15,FAIL
3523,mt/set_9/frenetic_v/test-484,0.15,FAIL
3524,mt/set_9/frenetic_v/test-486,0.15,FAIL
3525,mt/set_9/frenetic_v/test-495,0.15,PASS
3526,mt/set_9/frenetic_v/test-497,0.15,PASS
3527,mt/set_9/frenetic_v/test-5,0.15,PASS
3528,mt/set_9/frenetic_v/test-514,0.15,PASS
3529,mt/set_9/frenetic_v/test-517,0.15,PASS
3530,mt/set_9/frenetic_v/test-521,0.15,FAIL
3531,mt/set_9/frenetic_v/test-525,0.15,PASS
3532,mt/set_9/frenetic_v/test-536,0.15,PASS
3533,mt/set_9/frenetic_v/test-542,0.15,FAIL
3534,mt/set_9/frenetic_v/test-561,0.15,FAIL
3535,mt/set_9/frenetic_v/test-566,0.15,PASS
3536,mt/set_9/frenetic_v/test-568,0.15,PASS
3537,mt/set_9/frenetic_v/test-578,0.15,PASS
3538,mt/set_9/frenetic_v/test-58,0.15,FAIL
3539,mt/set_9/frenetic_v/test-581,0.15,PASS
3540,mt/set_9/frenetic_v/test-600,0.15,PASS
3541,mt/set_9/frenetic_v/test-609,0.15,PASS
3542,mt/set_9/frenetic_v/test-631,0.15,FAIL
3543,mt/set_9/frenetic_v/test-633,0.15,FAIL
3544,mt/set_9/frenetic_v/test-641,0.15,FAIL
3545,mt/set_9/frenetic_v/test-647,0.15,FAIL
3546,mt/set_9/frenetic_v/test-648,0.15,PASS
3547,mt/set_9/frenetic_v/test-653,0.15,PASS
3548,mt/set_9/frenetic_v/test-663,0.15,PASS
3549,mt/set_9/frenetic_v/test-669,0.15,FAIL
3550,mt/set_9/frenetic_v/test-670,0.15,FAIL
3551,mt/set_9/frenetic_v/test-674,0.15,FAIL
3552,mt/set_9/frenetic_v/test-683,0.15,PASS
3553,mt/set_9/frenetic_v/test-688,0.15,FAIL
3554,mt/set_9/frenetic_v/test-69,0.15,FAIL
3555,mt/set_9/frenetic_v/test-690,0.15,PASS
3556,mt/set_9/frenetic_v/test-707,0.15,FAIL
3557,mt/set_9/frenetic_v/test-72,0.15,PASS
3558,mt/set_9/frenetic_v/test-725,0.15,PASS
3559,mt/set_9/frenetic_v/test-728,0.15,PASS
3560,mt/set_9/frenetic_v/test-739,0.15,FAIL
3561,mt/set_9/frenetic_v/test-746,0.15,PASS
3562,mt/set_9/frenetic_v/test-765,0.15,PASS
3563,mt/set_9/frenetic_v/test-768,0.15,PASS
3564,mt/set_9/frenetic_v/test-777,0.15,PASS
3565,mt/set_9/frenetic_v/test-782,0.15,PASS
3566,mt/set_9/frenetic_v/test-788,0.15,PASS
3567,mt/set_9/frenetic_v/test-79,0.15,PASS
3568,mt/set_9/frenetic_v/test-799,0.15,FAIL
3569,mt/set_9/frenetic_v/test-81,0.15,PASS
3570,mt/set_9/frenetic_v/test-824,0.15,PASS
3571,mt/set_9/frenetic_v/test-833,0.15,PASS
3572,mt/set_9/frenetic_v/test-845,0.15,PASS
3573,mt/set_9/frenetic_v/test-848,0.15,FAIL
3574,mt/set_9/frenetic_v/test-856,0.15,PASS
3575,mt/set_9/frenetic_v/test-867,0.15,PASS
3576,mt/set_9/frenetic_v/test-87,0.15,FAIL
3577,mt/set_9/frenetic_v/test-874,0.15,FAIL
3578,mt/set_9/frenetic_v/test-878,0.15,PASS
3579,mt/set_9/frenetic_v/test-890,0.15,PASS
3580,mt/set_9/frenetic_v/test-891,0.15,PASS
3581,mt/set_9/frenetic_v/test-894,0.15,PASS
3582,mt/set_9/frenetic_v/test-9,0.15,PASS
3583,mt/set_9/frenetic_v/test-907,0.15,PASS
3584,mt/set_9/frenetic_v/test-908,0.15,PASS
3585,mt/set_9/frenetic_v/test-909,0.15,PASS
3586,mt/set_9/frenetic_v/test-910,0.15,FAIL
3587,mt/set_9/frenetic_v/test-916,0.15,FAIL
3588,mt/set_9/frenetic_v/test-923,0.15,PASS
3589,mt/set_9/frenetic_v/test-929,0.15,FAIL
3590,mt/set_9/frenetic_v/test-940,0.15,FAIL
3591,mt/set_9/frenetic_v/test-945,0.15,FAIL
3592,mt/set_9/frenetic_v/test-98,0.15,PASS
3593,mt_set5/ambiegen/test-105,0.15,FAIL
3594,mt_set5/ambiegen/test-11,0.15,FAIL
3595,mt_set5/ambiegen/test-117,0.15,PASS
3596,mt_set5/ambiegen/test-12,0.15,PASS
3597,mt_set5/ambiegen/test-145,0.15,PASS
3598,mt_set5/ambiegen/test-146,0.15,FAIL
3599,mt_set5/ambiegen/test-164,0.15,FAIL
3600,mt_set5/ambiegen/test-191,0.15,PASS
3601,mt_set5/ambiegen/test-2,0.15,FAIL
3602,mt_set5/ambiegen/test-206,0.15,FAIL
3603,mt_set5/ambiegen/test-222,0.15,FAIL
3604,mt_set5/ambiegen/test-227,0.15,FAIL
3605,mt_set5/ambiegen/test-229,0.15,PASS
3606,mt_set5/ambiegen/test-23,0.15,FAIL
3607,mt_set5/ambiegen/test-235,0.15,PASS
3608,mt_set5/ambiegen/test-237,0.15,FAIL
3609,mt_set5/ambiegen/test-24,0.15,PASS
3610,mt_set5/ambiegen/test-241,0.15,PASS
3611,mt_set5/ambiegen/test-269,0.15,FAIL
3612,mt_set5/ambiegen/test-27,0.15,PASS
3613,mt_set5/ambiegen/test-320,0.15,PASS
3614,mt_set5/ambiegen/test-330,0.15,FAIL
3615,mt_set5/ambiegen/test-336,0.15,PASS
3616,mt_set5/ambiegen/test-337,0.15,FAIL
3617,mt_set5/ambiegen/test-347,0.15,PASS
3618,mt_set5/ambiegen/test-349,0.15,PASS
3619,mt_set5/ambiegen/test-350,0.15,PASS
3620,mt_set5/ambiegen/test-355,0.15,PASS
3621,mt_set5/ambiegen/test-359,0.15,FAIL
3622,mt_set5/ambiegen/test-360,0.15,PASS
3623,mt_set5/ambiegen/test-368,0.15,PASS
3624,mt_set5/ambiegen/test-37,0.15,PASS
3625,mt_set5/ambiegen/test-375,0.15,FAIL
3626,mt_set5/ambiegen/test-382,0.15,FAIL
3627,mt_set5/ambiegen/test-391,0.15,PASS
3628,mt_set5/ambiegen/test-401,0.15,PASS
3629,mt_set5/ambiegen/test-403,0.15,FAIL
3630,mt_set5/ambiegen/test-417,0.15,PASS
3631,mt_set5/ambiegen/test-429,0.15,PASS
3632,mt_set5/ambiegen/test-45,0.15,PASS
3633,mt_set5/ambiegen/test-454,0.15,FAIL
3634,mt_set5/ambiegen/test-457,0.15,FAIL
3635,mt_set5/ambiegen/test-460,0.15,PASS
3636,mt_set5/ambiegen/test-491,0.15,PASS
3637,mt_set5/ambiegen/test-500,0.15,FAIL
3638,mt_set5/ambiegen/test-503,0.15,FAIL
3639,mt_set5/ambiegen/test-504,0.15,FAIL
3640,mt_set5/ambiegen/test-508,0.15,PASS
3641,mt_set5/ambiegen/test-510,0.15,PASS
3642,mt_set5/ambiegen/test-511,0.15,PASS
3643,mt_set5/ambiegen/test-517,0.15,PASS
3644,mt_set5/ambiegen/test-528,0.15,PASS
3645,mt_set5/ambiegen/test-537,0.15,FAIL
3646,mt_set5/ambiegen/test-546,0.15,PASS
3647,mt_set5/ambiegen/test-547,0.15,PASS
3648,mt_set5/ambiegen/test-550,0.15,PASS
3649,mt_set5/ambiegen/test-570,0.15,PASS
3650,mt_set5/ambiegen/test-575,0.15,PASS
3651,mt_set5/ambiegen/test-587,0.15,FAIL
3652,mt_set5/ambiegen/test-594,0.15,FAIL
3653,mt_set5/ambiegen/test-598,0.15,PASS
3654,mt_set5/ambiegen/test-608,0.15,FAIL
3655,mt_set5/ambiegen/test-614,0.15,PASS
3656,mt_set5/ambiegen/test-621,0.15,FAIL
3657,mt_set5/ambiegen/test-625,0.15,FAIL
3658,mt_set5/ambiegen/test-653,0.15,FAIL
3659,mt_set5/ambiegen/test-659,0.15,PASS
3660,mt_set5/ambiegen/test-66,0.15,FAIL
3661,mt_set5/ambiegen/test-679,0.15,PASS
3662,mt_set5/ambiegen/test-686,0.15,FAIL
3663,mt_set5/ambiegen/test-687,0.15,PASS
3664,mt_set5/ambiegen/test-700,0.15,FAIL
3665,mt_set5/ambiegen/test-707,0.15,PASS
3666,mt_set5/ambiegen/test-711,0.15,PASS
3667,mt_set5/ambiegen/test-738,0.15,PASS
3668,mt_set5/ambiegen/test-759,0.15,PASS
3669,mt_set5/ambiegen/test-76,0.15,FAIL
3670,mt_set5/ambiegen/test-772,0.15,PASS
3671,mt_set5/ambiegen/test-788,0.15,FAIL
3672,mt_set5/ambiegen/test-794,0.15,FAIL
3673,mt_set5/ambiegen/test-800,0.15,FAIL
3674,mt_set5/ambiegen/test-814,0.15,FAIL
3675,mt_set5/ambiegen/test-827,0.15,FAIL
3676,mt_set5/ambiegen/test-831,0.15,PASS
3677,mt_set5/ambiegen/test-840,0.15,PASS
3678,mt_set5/ambiegen/test-844,0.15,PASS
3679,mt_set5/ambiegen/test-857,0.15,FAIL
3680,mt_set5/ambiegen/test-872,0.15,PASS
3681,mt_set5/ambiegen/test-895,0.15,FAIL
3682,mt_set5/ambiegen/test-900,0.15,PASS
3683,mt_set5/ambiegen/test-905,0.15,FAIL
3684,mt_set5/ambiegen/test-912,0.15,PASS
3685,mt_set5/ambiegen/test-915,0.15,PASS
3686,mt_set5/ambiegen/test-930,0.15,PASS
3687,mt_set5/ambiegen/test-931,0.15,FAIL
3688,mt_set5/ambiegen/test-941,0.15,FAIL
3689,mt_set5/ambiegen/test-942,0.15,FAIL
3690,mt_set5/ambiegen/test-949,0.15,PASS
3691,mt_set5/ambiegen/test-963,0.15,FAIL
3692,mt_set5/ambiegen/test-99,0.15,PASS
3693,mt_set5/frenetic/test-115,0.15,FAIL
3694,mt_set5/frenetic/test-120,0.15,PASS
3695,mt_set5/frenetic/test-137,0.15,PASS
3696,mt_set5/frenetic/test-139,0.15,FAIL
3697,mt_set5/frenetic/test-152,0.15,FAIL
3698,mt_set5/frenetic/test-161,0.15,PASS
3699,mt_set5/frenetic/test-181,0.15,FAIL
3700,mt_set5/frenetic/test-193,0.15,FAIL
3701,mt_set5/frenetic/test-194,0.15,FAIL
3702,mt_set5/frenetic/test-209,0.15,PASS
3703,mt_set5/frenetic/test-214,0.15,PASS
3704,mt_set5/frenetic/test-229,0.15,PASS
3705,mt_set5/frenetic/test-235,0.15,PASS
3706,mt_set5/frenetic/test-246,0.15,FAIL
3707,mt_set5/frenetic/test-247,0.15,PASS
3708,mt_set5/frenetic/test-25,0.15,PASS
3709,mt_set5/frenetic/test-250,0.15,FAIL
3710,mt_set5/frenetic/test-255,0.15,PASS
3711,mt_set5/frenetic/test-272,0.15,PASS
3712,mt_set5/frenetic/test-275,0.15,FAIL
3713,mt_set5/frenetic/test-281,0.15,PASS
3714,mt_set5/frenetic/test-289,0.15,FAIL
3715,mt_set5/frenetic/test-296,0.15,PASS
3716,mt_set5/frenetic/test-310,0.15,PASS
3717,mt_set5/frenetic/test-313,0.15,FAIL
3718,mt_set5/frenetic/test-317,0.15,PASS
3719,mt_set5/frenetic/test-325,0.15,PASS
3720,mt_set5/frenetic/test-341,0.15,FAIL
3721,mt_set5/frenetic/test-349,0.15,PASS
3722,mt_set5/frenetic/test-357,0.15,PASS
3723,mt_set5/frenetic/test-358,0.15,PASS
3724,mt_set5/frenetic/test-362,0.15,PASS
3725,mt_set5/frenetic/test-363,0.15,PASS
3726,mt_set5/frenetic/test-38,0.15,FAIL
3727,mt_set5/frenetic/test-380,0.15,FAIL
3728,mt_set5/frenetic/test-399,0.15,PASS
3729,mt_set5/frenetic/test-406,0.15,PASS
3730,mt_set5/frenetic/test-41,0.15,FAIL
3731,mt_set5/frenetic/test-411,0.15,PASS
3732,mt_set5/frenetic/test-417,0.15,PASS
3733,mt_set5/frenetic/test-430,0.15,FAIL
3734,mt_set5/frenetic/test-431,0.15,PASS
3735,mt_set5/frenetic/test-445,0.15,FAIL
3736,mt_set5/frenetic/test-447,0.15,FAIL
3737,mt_set5/frenetic/test-448,0.15,PASS
3738,mt_set5/frenetic/test-464,0.15,PASS
3739,mt_set5/frenetic/test-494,0.15,FAIL
3740,mt_set5/frenetic/test-506,0.15,PASS
3741,mt_set5/frenetic/test-514,0.15,PASS
3742,mt_set5/frenetic/test-522,0.15,PASS
3743,mt_set5/frenetic/test-533,0.15,PASS
3744,mt_set5/frenetic/test-55,0.15,PASS
3745,mt_set5/frenetic/test-551,0.15,PASS
3746,mt_set5/frenetic/test-559,0.15,PASS
3747,mt_set5/frenetic/test-564,0.15,PASS
3748,mt_set5/frenetic/test-58,0.15,FAIL
3749,mt_set5/frenetic/test-580,0.15,PASS
3750,mt_set5/frenetic/test-583,0.15,PASS
3751,mt_set5/frenetic/test-591,0.15,PASS
3752,mt_set5/frenetic/test-636,0.15,FAIL
3753,mt_set5/frenetic/test-648,0.15,FAIL
3754,mt_set5/frenetic/test-649,0.15,PASS
3755,mt_set5/frenetic/test-67,0.15,FAIL
3756,mt_set5/frenetic/test-677,0.15,PASS
3757,mt_set5/frenetic/test-682,0.15,FAIL
3758,mt_set5/frenetic/test-694,0.15,PASS
3759,mt_set5/frenetic/test-696,0.15,FAIL
3760,mt_set5/frenetic/test-702,0.15,FAIL
3761,mt_set5/frenetic/test-71,0.15,PASS
3762,mt_set5/frenetic/test-72,0.15,PASS
3763,mt_set5/frenetic/test-726,0.15,PASS
3764,mt_set5/frenetic/test-727,0.15,PASS
3765,mt_set5/frenetic/test-73,0.15,FAIL
3766,mt_set5/frenetic/test-733,0.15,FAIL
3767,mt_set5/frenetic/test-734,0.15,FAIL
3768,mt_set5/frenetic/test-739,0.15,PASS
3769,mt_set5/frenetic/test-747,0.15,PASS
3770,mt_set5/frenetic/test-755,0.15,FAIL
3771,mt_set5/frenetic/test-762,0.15,FAIL
3772,mt_set5/frenetic/test-77,0.15,PASS
3773,mt_set5/frenetic/test-780,0.15,FAIL
3774,mt_set5/frenetic/test-783,0.15,FAIL
3775,mt_set5/frenetic/test-785,0.15,PASS
3776,mt_set5/frenetic/test-786,0.15,FAIL
3777,mt_set5/frenetic/test-789,0.15,FAIL
3778,mt_set5/frenetic/test-791,0.15,FAIL
3779,mt_set5/frenetic/test-794,0.15,PASS
3780,mt_set5/frenetic/test-80,0.15,FAIL
3781,mt_set5/frenetic/test-801,0.15,FAIL
3782,mt_set5/frenetic/test-802,0.15,FAIL
3783,mt_set5/frenetic/test-808,0.15,PASS
3784,mt_set5/frenetic/test-852,0.15,FAIL
3785,mt_set5/frenetic/test-9,0.15,FAIL
3786,mt_set5/frenetic/test-98,0.15,PASS
3787,mt_set5/frenetic_v/test-0,0.15,PASS
3788,mt_set5/frenetic_v/test-111,0.15,PASS
3789,mt_set5/frenetic_v/test-114,0.15,PASS
3790,mt_set5/frenetic_v/test-121,0.15,FAIL
3791,mt_set5/frenetic_v/test-124,0.15,PASS
3792,mt_set5/frenetic_v/test-126,0.15,PASS
3793,mt_set5/frenetic_v/test-132,0.15,PASS
3794,mt_set5/frenetic_v/test-139,0.15,FAIL
3795,mt_set5/frenetic_v/test-142,0.15,PASS
3796,mt_set5/frenetic_v/test-166,0.15,PASS
3797,mt_set5/frenetic_v/test-172,0.15,PASS
3798,mt_set5/frenetic_v/test-186,0.15,PASS
3799,mt_set5/frenetic_v/test-189,0.15,PASS
3800,mt_set5/frenetic_v/test-197,0.15,PASS
3801,mt_set5/frenetic_v/test-199,0.15,PASS
3802,mt_set5/frenetic_v/test-200,0.15,PASS
3803,mt_set5/frenetic_v/test-201,0.15,PASS
3804,mt_set5/frenetic_v/test-22,0.15,FAIL
3805,mt_set5/frenetic_v/test-231,0.15,PASS
3806,mt_set5/frenetic_v/test-251,0.15,FAIL
3807,mt_set5/frenetic_v/test-254,0.15,PASS
3808,mt_set5/frenetic_v/test-256,0.15,FAIL
3809,mt_set5/frenetic_v/test-264,0.15,PASS
3810,mt_set5/frenetic_v/test-267,0.15,PASS
3811,mt_set5/frenetic_v/test-269,0.15,PASS
3812,mt_set5/frenetic_v/test-274,0.15,PASS
3813,mt_set5/frenetic_v/test-279,0.15,PASS
3814,mt_set5/frenetic_v/test-304,0.15,PASS
3815,mt_set5/frenetic_v/test-320,0.15,PASS
3816,mt_set5/frenetic_v/test-324,0.15,PASS
3817,mt_set5/frenetic_v/test-325,0.15,FAIL
3818,mt_set5/frenetic_v/test-330,0.15,FAIL
3819,mt_set5/frenetic_v/test-346,0.15,PASS
3820,mt_set5/frenetic_v/test-355,0.15,FAIL
3821,mt_set5/frenetic_v/test-358,0.15,PASS
3822,mt_set5/frenetic_v/test-378,0.15,FAIL
3823,mt_set5/frenetic_v/test-387,0.15,PASS
3824,mt_set5/frenetic_v/test-397,0.15,PASS
3825,mt_set5/frenetic_v/test-398,0.15,PASS
3826,mt_set5/frenetic_v/test-408,0.15,FAIL
3827,mt_set5/frenetic_v/test-418,0.15,PASS
3828,mt_set5/frenetic_v/test-439,0.15,PASS
3829,mt_set5/frenetic_v/test-451,0.15,FAIL
3830,mt_set5/frenetic_v/test-459,0.15,PASS
3831,mt_set5/frenetic_v/test-469,0.15,PASS
3832,mt_set5/frenetic_v/test-484,0.15,PASS
3833,mt_set5/frenetic_v/test-486,0.15,PASS
3834,mt_set5/frenetic_v/test-49,0.15,PASS
3835,mt_set5/frenetic_v/test-490,0.15,PASS
3836,mt_set5/frenetic_v/test-501,0.15,PASS
3837,mt_set5/frenetic_v/test-507,0.15,PASS
3838,mt_set5/frenetic_v/test-514,0.15,PASS
3839,mt_set5/frenetic_v/test-525,0.15,PASS
3840,mt_set5/frenetic_v/test-526,0.15,PASS
3841,mt_set5/frenetic_v/test-542,0.15,PASS
3842,mt_set5/frenetic_v/test-545,0.15,FAIL
3843,mt_set5/frenetic_v/test-558,0.15,PASS
3844,mt_set5/frenetic_v/test-562,0.15,PASS
3845,mt_set5/frenetic_v/test-569,0.15,PASS
3846,mt_set5/frenetic_v/test-584,0.15,PASS
3847,mt_set5/frenetic_v/test-586,0.15,FAIL
3848,mt_set5/frenetic_v/test-591,0.15,PASS
3849,mt_set5/frenetic_v/test-6,0.15,PASS
3850,mt_set5/frenetic_v/test-611,0.15,PASS
3851,mt_set5/frenetic_v/test-613,0.15,FAIL
3852,mt_set5/frenetic_v/test-621,0.15,PASS
3853,mt_set5/frenetic_v/test-655,0.15,PASS
3854,mt_set5/frenetic_v/test-678,0.15,PASS
3855,mt_set5/frenetic_v/test-681,0.15,FAIL
3856,mt_set5/frenetic_v/test-71,0.15,FAIL
3857,mt_set5/frenetic_v/test-720,0.15,PASS
3858,mt_set5/frenetic_v/test-725,0.15,PASS
3859,mt_set5/frenetic_v/test-728,0.15,PASS
3860,mt_set5/frenetic_v/test-753,0.15,FAIL
3861,mt_set5/frenetic_v/test-756,0.15,FAIL
3862,mt_set5/frenetic_v/test-757,0.15,PASS
3863,mt_set5/frenetic_v/test-774,0.15,PASS
3864,mt_set5/frenetic_v/test-783,0.15,PASS
3865,mt_set5/frenetic_v/test-784,0.15,FAIL
3866,mt_set5/frenetic_v/test-797,0.15,PASS
3867,mt_set5/frenetic_v/test-800,0.15,FAIL
3868,mt_set5/frenetic_v/test-804,0.15,FAIL
3869,mt_set5/frenetic_v/test-805,0.15,PASS
3870,mt_set5/frenetic_v/test-820,0.15,FAIL
3871,mt_set5/frenetic_v/test-821,0.15,PASS
3872,mt_set5/frenetic_v/test-828,0.15,FAIL
3873,mt_set5/frenetic_v/test-834,0.15,PASS
3874,mt_set5/frenetic_v/test-84,0.15,FAIL
3875,mt_set5/frenetic_v/test-841,0.15,FAIL
3876,mt_set5/frenetic_v/test-857,0.15,FAIL
3877,mt_set5/frenetic_v/test-866,0.15,PASS
3878,mt_set5/frenetic_v/test-867,0.15,PASS
3879,mt_set5/frenetic_v/test-870,0.15,PASS
3880,mt_set5/frenetic_v/test-88,0.15,FAIL
3881,mt_set5/frenetic_v/test-881,0.15,FAIL
3882,mt_set5/frenetic_v/test-892,0.15,FAIL
3883,mt_set5/frenetic_v/test-909,0.15,PASS
3884,mt_set5/frenetic_v/test-918,0.15,FAIL
3885,mt_set5/frenetic_v/test-945,0.15,PASS
3886,mt_set5/frenetic_v/test-98,0.15,PASS
3887,mt_set6/frenetic/test-10,0.15,FAIL
3888,mt_set6/frenetic/test-103,0.15,FAIL
3889,mt_set6/frenetic/test-115,0.15,PASS
3890,mt_set6/frenetic/test-130,0.15,FAIL
3891,mt_set6/frenetic/test-134,0.15,PASS
3892,mt_set6/frenetic/test-143,0.15,FAIL
3893,mt_set6/frenetic/test-144,0.15,PASS
3894,mt_set6/frenetic/test-16,0.15,PASS
3895,mt_set6/frenetic/test-161,0.15,PASS
3896,mt_set6/frenetic/test-169,0.15,FAIL
3897,mt_set6/frenetic/test-17,0.15,PASS
3898,mt_set6/frenetic/test-2,0.15,PASS
3899,mt_set6/frenetic/test-202,0.15,PASS
3900,mt_set6/frenetic/test-204,0.15,FAIL
3901,mt_set6/frenetic/test-21,0.15,PASS
3902,mt_set6/frenetic/test-212,0.15,PASS
3903,mt_set6/frenetic/test-218,0.15,FAIL
3904,mt_set6/frenetic/test-245,0.15,FAIL
3905,mt_set6/frenetic/test-253,0.15,PASS
3906,mt_set6/frenetic/test-255,0.15,PASS
3907,mt_set6/frenetic/test-271,0.15,PASS
3908,mt_set6/frenetic/test-284,0.15,FAIL
3909,mt_set6/frenetic/test-297,0.15,PASS
3910,mt_set6/frenetic/test-308,0.15,PASS
3911,mt_set6/frenetic/test-319,0.15,PASS
3912,mt_set6/frenetic/test-330,0.15,FAIL
3913,mt_set6/frenetic/test-335,0.15,FAIL
3914,mt_set6/frenetic/test-341,0.15,PASS
3915,mt_set6/frenetic/test-347,0.15,PASS
3916,mt_set6/frenetic/test-352,0.15,PASS
3917,mt_set6/frenetic/test-373,0.15,FAIL
3918,mt_set6/frenetic/test-383,0.15,FAIL
3919,mt_set6/frenetic/test-397,0.15,FAIL
3920,mt_set6/frenetic/test-401,0.15,PASS
3921,mt_set6/frenetic/test-413,0.15,PASS
3922,mt_set6/frenetic/test-416,0.15,PASS
3923,mt_set6/frenetic/test-427,0.15,PASS
3924,mt_set6/frenetic/test-442,0.15,FAIL
3925,mt_set6/frenetic/test-455,0.15,FAIL
3926,mt_set6/frenetic/test-461,0.15,FAIL
3927,mt_set6/frenetic/test-462,0.15,PASS
3928,mt_set6/frenetic/test-464,0.15,PASS
3929,mt_set6/frenetic/test-466,0.15,PASS
3930,mt_set6/frenetic/test-47,0.15,PASS
3931,mt_set6/frenetic/test-471,0.15,PASS
3932,mt_set6/frenetic/test-475,0.15,PASS
3933,mt_set6/frenetic/test-477,0.15,PASS
3934,mt_set6/frenetic/test-485,0.15,PASS
3935,mt_set6/frenetic/test-499,0.15,FAIL
3936,mt_set6/frenetic/test-503,0.15,FAIL
3937,mt_set6/frenetic/test-51,0.15,PASS
3938,mt_set6/frenetic/test-516,0.15,FAIL
3939,mt_set6/frenetic/test-520,0.15,FAIL
3940,mt_set6/frenetic/test-521,0.15,FAIL
3941,mt_set6/frenetic/test-54,0.15,PASS
3942,mt_set6/frenetic/test-541,0.15,PASS
3943,mt_set6/frenetic/test-547,0.15,PASS
3944,mt_set6/frenetic/test-553,0.15,PASS
3945,mt_set6/frenetic/test-568,0.15,PASS
3946,mt_set6/frenetic/test-580,0.15,PASS
3947,mt_set6/frenetic/test-590,0.15,FAIL
3948,mt_set6/frenetic/test-593,0.15,PASS
3949,mt_set6/frenetic/test-596,0.15,FAIL
3950,mt_set6/frenetic/test-599,0.15,PASS
3951,mt_set6/frenetic/test-606,0.15,FAIL
3952,mt_set6/frenetic/test-616,0.15,FAIL
3953,mt_set6/frenetic/test-617,0.15,FAIL
3954,mt_set6/frenetic/test-625,0.15,FAIL
3955,mt_set6/frenetic/test-627,0.15,FAIL
3956,mt_set6/frenetic/test-628,0.15,PASS
3957,mt_set6/frenetic/test-635,0.15,PASS
3958,mt_set6/frenetic/test-644,0.15,PASS
3959,mt_set6/frenetic/test-651,0.15,PASS
3960,mt_set6/frenetic/test-671,0.15,PASS
3961,mt_set6/frenetic/test-675,0.15,PASS
3962,mt_set6/frenetic/test-686,0.15,PASS
3963,mt_set6/frenetic/test-698,0.15,FAIL
3964,mt_set6/frenetic/test-699,0.15,PASS
3965,mt_set6/frenetic/test-700,0.15,PASS
3966,mt_set6/frenetic/test-704,0.15,PASS
3967,mt_set6/frenetic/test-710,0.15,FAIL
3968,mt_set6/frenetic/test-712,0.15,PASS
3969,mt_set6/frenetic/test-721,0.15,FAIL
3970,mt_set6/frenetic/test-728,0.15,FAIL
3971,mt_set6/frenetic/test-731,0.15,PASS
3972,mt_set6/frenetic/test-733,0.15,PASS
3973,mt_set6/frenetic/test-737,0.15,FAIL
3974,mt_set6/frenetic/test-740,0.15,PASS
3975,mt_set6/frenetic/test-745,0.15,PASS
3976,mt_set6/frenetic/test-751,0.15,PASS
3977,mt_set6/frenetic/test-763,0.15,PASS
3978,mt_set6/frenetic/test-777,0.15,FAIL
3979,mt_set6/frenetic/test-780,0.15,PASS
3980,mt_set6/frenetic/test-781,0.15,FAIL
3981,mt_set6/frenetic/test-803,0.15,PASS
3982,mt_set6/frenetic/test-830,0.15,FAIL
3983,mt_set6/frenetic/test-834,0.15,FAIL
3984,mt_set6/frenetic/test-835,0.15,PASS
3985,mt_set6/frenetic/test-848,0.15,PASS
3986,mt_set6/frenetic/test-855,0.15,FAIL
3987,mt_set6/frenetic/test-862,0.15,PASS
3988,mt_set6/frenetic/test-868,0.15,FAIL
3989,mt_set6/frenetic/test-874,0.15,PASS
3990,mt_set6/frenetic/test-888,0.15,PASS
3991,mt_set6/frenetic/test-89,0.15,PASS
3992,mt_set6/frenetic/test-890,0.15,FAIL
3993,mt_set6/frenetic/test-895,0.15,PASS
3994,mt_set6/frenetic/test-897,0.15,FAIL
3995,mt_set6/frenetic/test-903,0.15,PASS
3996,mt_set6/frenetic/test-909,0.15,PASS
3997,mt_set6/frenetic/test-910,0.15,PASS
3998,mt_set6/frenetic/test-912,0.15,FAIL
3999,mt/set_6/frenetic_v/test-129,0.1,PASS
4000,mt/set_8/ambiegen/odr/test-797,0.05,PASS
